partNumber,nps,pressureClass,material,thicknessLabel,thicknessIn,pricePerLb,actualWeightLbs,adjustedWeightLbs,wholesalePrice,listPrice
PB304-CX150T11GAS1/2,"1/2""",150,304,11 Gauge,0.1196,5.55,0.21,0.29,36,40
PBSA36-CX150T11GAS1/2,"1/2""",150,SA-36,11 Gauge,0.1196,1.87,0.2,0.28,35,39
PBSA516-70-CX150T11GAS1/2,"1/2""",150,SA-516-70,11 Gauge,0.1196,2.18,0.2,0.28,35,39
PB304L-CX150T11GAS1/2,"1/2""",150,304L,11 Gauge,0.1196,6.01,0.21,0.29,37,41
PB316L-CX150T11GAS1/2,"1/2""",150,316L,11 Gauge,0.1196,7.48,0.21,0.29,37,41
PBAL6061-CX150T11GAS1/2,"1/2""",150,AL-6061,11 Gauge,0.1196,5.1,0.1,0.15,35,39
PB304-CX150T1/8S1/2,"1/2""",150,304,"1/8""",0.125,5.55,0.22,0.31,37,41
PBSA36-CX150T1/8S1/2,"1/2""",150,SA-36,"1/8""",0.125,1.87,0.21,0.29,35,39
PBSA516-70-CX150T1/8S1/2,"1/2""",150,SA-516-70,"1/8""",0.125,2.18,0.21,0.29,35,39
PB304L-CX150T1/8S1/2,"1/2""",150,304L,"1/8""",0.125,6.01,0.22,0.31,37,41
PB316L-CX150T1/8S1/2,"1/2""",150,316L,"1/8""",0.125,7.48,0.22,0.31,37,41
PBAL6061-CX150T1/8S1/2,"1/2""",150,AL-6061,"1/8""",0.125,5.1,0.1,0.15,35,39
PB304-CX150T3/16S1/2,"1/2""",150,304,"3/16""",0.1875,5.55,0.33,0.46,37,41
PBSA36-CX150T3/16S1/2,"1/2""",150,SA-36,"3/16""",0.1875,1.87,0.31,0.43,36,40
PBSA516-70-CX150T3/16S1/2,"1/2""",150,SA-516-70,"3/16""",0.1875,2.18,0.31,0.43,36,40
PB304L-CX150T3/16S1/2,"1/2""",150,304L,"3/16""",0.1875,6.01,0.33,0.46,38,42
PB316L-CX150T3/16S1/2,"1/2""",150,316L,"3/16""",0.1875,7.48,0.33,0.46,38,42
PBAL6061-CX150T3/16S1/2,"1/2""",150,AL-6061,"3/16""",0.1875,5.1,0.11,0.15,36,40
PB304-CX150T1/4S1/2,"1/2""",150,304,"1/4""",0.25,5.55,0.44,0.62,38,42
PBSA36-CX150T1/4S1/2,"1/2""",150,SA-36,"1/4""",0.25,1.87,0.42,0.59,36,40
PBSA516-70-CX150T1/4S1/2,"1/2""",150,SA-516-70,"1/4""",0.25,2.18,0.42,0.59,36,40
PB304L-CX150T1/4S1/2,"1/2""",150,304L,"1/4""",0.25,6.01,0.44,0.62,39,43
PB316L-CX150T1/4S1/2,"1/2""",150,316L,"1/4""",0.25,7.48,0.44,0.62,39,43
PBAL6061-CX150T1/4S1/2,"1/2""",150,AL-6061,"1/4""",0.25,5.1,0.15,0.21,36,40
PB304-CX150T5/16S1/2,"1/2""",150,304,"5/16""",0.3125,5.55,0.55,0.77,39,43
PBSA36-CX150T5/16S1/2,"1/2""",150,SA-36,"5/16""",0.3125,1.87,0.52,0.73,36,40
PBSA516-70-CX150T5/16S1/2,"1/2""",150,SA-516-70,"5/16""",0.3125,2.18,0.52,0.73,36,40
PB304L-CX150T5/16S1/2,"1/2""",150,304L,"5/16""",0.3125,6.01,0.55,0.77,39,43
PB316L-CX150T5/16S1/2,"1/2""",150,316L,"5/16""",0.3125,7.48,0.55,0.77,41,46
PBAL6061-CX150T5/16S1/2,"1/2""",150,AL-6061,"5/16""",0.3125,5.1,0.18,0.25,36,40
PB304-CX150T3/8S1/2,"1/2""",150,304,"3/8""",0.375,5.55,0.66,0.92,40,44
PBSA36-CX150T3/8S1/2,"1/2""",150,SA-36,"3/8""",0.375,1.87,0.63,0.88,36,40
PBSA516-70-CX150T3/8S1/2,"1/2""",150,SA-516-70,"3/8""",0.375,2.18,0.63,0.88,37,41
PB304L-CX150T3/8S1/2,"1/2""",150,304L,"3/8""",0.375,6.01,0.66,0.92,40,44
PB316L-CX150T3/8S1/2,"1/2""",150,316L,"3/8""",0.375,7.48,0.67,0.94,42,47
PBAL6061-CX150T3/8S1/2,"1/2""",150,AL-6061,"3/8""",0.375,5.1,0.22,0.31,36,40
PB304-CX150T1/2S1/2,"1/2""",150,304,"1/2""",0.5,5.55,0.88,1.23,42,47
PBSA36-CX150T1/2S1/2,"1/2""",150,SA-36,"1/2""",0.5,1.87,0.84,1.18,37,41
PBSA516-70-CX150T1/2S1/2,"1/2""",150,SA-516-70,"1/2""",0.5,2.18,0.84,1.18,37,41
PB304L-CX150T1/2S1/2,"1/2""",150,304L,"1/2""",0.5,6.01,0.88,1.23,42,47
PB316L-CX150T1/2S1/2,"1/2""",150,316L,"1/2""",0.5,7.48,0.89,1.25,44,49
PBAL6061-CX150T1/2S1/2,"1/2""",150,AL-6061,"1/2""",0.5,5.1,0.3,0.42,37,41
PB304-CX150T5/8S1/2,"1/2""",150,304,"5/8""",0.625,5.55,1.1,1.54,43,48
PBSA36-CX150T5/8S1/2,"1/2""",150,SA-36,"5/8""",0.625,1.87,1.05,1.47,38,42
PBSA516-70-CX150T5/8S1/2,"1/2""",150,SA-516-70,"5/8""",0.625,2.18,1.05,1.47,38,42
PB304L-CX150T5/8S1/2,"1/2""",150,304L,"5/8""",0.625,6.01,1.1,1.54,44,49
PB316L-CX150T5/8S1/2,"1/2""",150,316L,"5/8""",0.625,7.48,1.11,1.55,46,51
PBAL6061-CX150T5/8S1/2,"1/2""",150,AL-6061,"5/8""",0.625,5.1,0.37,0.52,37,41
PB304-CX150T3/4S1/2,"1/2""",150,304,"3/4""",0.75,5.55,1.32,1.85,45,50
PBSA36-CX150T3/4S1/2,"1/2""",150,SA-36,"3/4""",0.75,1.87,1.26,1.76,38,42
PBSA516-70-CX150T3/4S1/2,"1/2""",150,SA-516-70,"3/4""",0.75,2.18,1.26,1.76,39,43
PB304L-CX150T3/4S1/2,"1/2""",150,304L,"3/4""",0.75,6.01,1.32,1.85,46,51
PB316L-CX150T3/4S1/2,"1/2""",150,316L,"3/4""",0.75,7.48,1.33,1.86,49,54
PBAL6061-CX150T3/4S1/2,"1/2""",150,AL-6061,"3/4""",0.75,5.1,0.44,0.62,38,42
PB304-CX150T7/8S1/2,"1/2""",150,304,"7/8""",0.875,5.55,1.53,2.14,47,52
PBSA36-CX150T7/8S1/2,"1/2""",150,SA-36,"7/8""",0.875,1.87,1.47,2.06,39,43
PBSA516-70-CX150T7/8S1/2,"1/2""",150,SA-516-70,"7/8""",0.875,2.18,1.47,2.06,39,43
PB304L-CX150T7/8S1/2,"1/2""",150,304L,"7/8""",0.875,6.01,1.53,2.14,48,53
PB316L-CX150T7/8S1/2,"1/2""",150,316L,"7/8""",0.875,7.48,1.55,2.17,51,57
PBAL6061-CX150T7/8S1/2,"1/2""",150,AL-6061,"7/8""",0.875,5.1,0.52,0.73,39,43
PB304-CX150T1S1/2,"1/2""",150,304,"1""",1,5.55,1.75,2.45,48,53
PBSA36-CX150T1S1/2,"1/2""",150,SA-36,"1""",1,1.87,1.68,2.35,39,43
PBSA516-70-CX150T1S1/2,"1/2""",150,SA-516-70,"1""",1,2.18,1.68,2.35,40,44
PB304L-CX150T1S1/2,"1/2""",150,304L,"1""",1,6.01,1.75,2.45,50,56
PB316L-CX150T1S1/2,"1/2""",150,316L,"1""",1,7.48,1.77,2.48,53,59
PBAL6061-CX150T1S1/2,"1/2""",150,AL-6061,"1""",1,5.1,0.59,0.83,39,43
PB304-CX150T1-1/8S1/2,"1/2""",150,304,"1-1/8""",1.125,5.55,1.97,2.76,50,56
PBSA36-CX150T1-1/8S1/2,"1/2""",150,SA-36,"1-1/8""",1.125,1.87,1.89,2.65,40,44
PBSA516-70-CX150T1-1/8S1/2,"1/2""",150,SA-516-70,"1-1/8""",1.125,2.18,1.89,2.65,41,46
PB304L-CX150T1-1/8S1/2,"1/2""",150,304L,"1-1/8""",1.125,6.01,1.97,2.76,51,57
PB316L-CX150T1-1/8S1/2,"1/2""",150,316L,"1-1/8""",1.125,7.48,2,2.8,56,62
PBAL6061-CX150T1-1/8S1/2,"1/2""",150,AL-6061,"1-1/8""",1.125,5.1,0.67,0.94,40,44
PB304-CX150T1-1/4S1/2,"1/2""",150,304,"1-1/4""",1.25,5.55,2.19,3.07,52,58
PBSA36-CX150T1-1/4S1/2,"1/2""",150,SA-36,"1-1/4""",1.25,1.87,2.1,2.94,40,44
PBSA516-70-CX150T1-1/4S1/2,"1/2""",150,SA-516-70,"1-1/4""",1.25,2.18,2.1,2.94,41,46
PB304L-CX150T1-1/4S1/2,"1/2""",150,304L,"1-1/4""",1.25,6.01,2.19,3.07,53,59
PB316L-CX150T1-1/4S1/2,"1/2""",150,316L,"1-1/4""",1.25,7.48,2.22,3.11,58,64
PBAL6061-CX150T1-1/4S1/2,"1/2""",150,AL-6061,"1-1/4""",1.25,5.1,0.74,1.04,40,44
PB304-CX150T1-3/8S1/2,"1/2""",150,304,"1-3/8""",1.375,5.55,2.41,3.37,54,60
PBSA36-CX150T1-3/8S1/2,"1/2""",150,SA-36,"1-3/8""",1.375,1.87,2.31,3.23,41,46
PBSA516-70-CX150T1-3/8S1/2,"1/2""",150,SA-516-70,"1-3/8""",1.375,2.18,2.31,3.23,42,47
PB304L-CX150T1-3/8S1/2,"1/2""",150,304L,"1-3/8""",1.375,6.01,2.41,3.37,55,61
PB316L-CX150T1-3/8S1/2,"1/2""",150,316L,"1-3/8""",1.375,7.48,2.44,3.42,60,66
PBAL6061-CX150T1-3/8S1/2,"1/2""",150,AL-6061,"1-3/8""",1.375,5.1,0.81,1.13,41,46
PB304-CX150T1-1/2S1/2,"1/2""",150,304,"1-1/2""",1.5,5.55,2.63,3.68,55,61
PBSA36-CX150T1-1/2S1/2,"1/2""",150,SA-36,"1-1/2""",1.5,1.87,2.52,3.53,41,46
PBSA516-70-CX150T1-1/2S1/2,"1/2""",150,SA-516-70,"1-1/2""",1.5,2.18,2.52,3.53,43,48
PB304L-CX150T1-1/2S1/2,"1/2""",150,304L,"1-1/2""",1.5,6.01,2.63,3.68,57,63
PB316L-CX150T1-1/2S1/2,"1/2""",150,316L,"1-1/2""",1.5,7.48,2.66,3.72,63,70
PBAL6061-CX150T1-1/2S1/2,"1/2""",150,AL-6061,"1-1/2""",1.5,5.1,0.89,1.25,41,46
PB304-CX150T1-5/8S1/2,"1/2""",150,304,"1-5/8""",1.625,5.55,2.85,3.99,57,63
PBSA36-CX150T1-5/8S1/2,"1/2""",150,SA-36,"1-5/8""",1.625,1.87,2.73,3.82,42,47
PBSA516-70-CX150T1-5/8S1/2,"1/2""",150,SA-516-70,"1-5/8""",1.625,2.18,2.73,3.82,43,48
PB304L-CX150T1-5/8S1/2,"1/2""",150,304L,"1-5/8""",1.625,6.01,2.85,3.99,59,65
PB316L-CX150T1-5/8S1/2,"1/2""",150,316L,"1-5/8""",1.625,7.48,2.88,4.03,65,72
PBAL6061-CX150T1-5/8S1/2,"1/2""",150,AL-6061,"1-5/8""",1.625,5.1,0.96,1.34,42,47
PB304-CX150T1-3/4S1/2,"1/2""",150,304,"1-3/4""",1.75,5.55,3.07,4.3,59,65
PBSA36-CX150T1-3/4S1/2,"1/2""",150,SA-36,"1-3/4""",1.75,1.87,2.94,4.12,43,48
PBSA516-70-CX150T1-3/4S1/2,"1/2""",150,SA-516-70,"1-3/4""",1.75,2.18,2.94,4.12,44,49
PB304L-CX150T1-3/4S1/2,"1/2""",150,304L,"1-3/4""",1.75,6.01,3.07,4.3,61,68
PB316L-CX150T1-3/4S1/2,"1/2""",150,316L,"1-3/4""",1.75,7.48,3.1,4.34,67,74
PBAL6061-CX150T1-3/4S1/2,"1/2""",150,AL-6061,"1-3/4""",1.75,5.1,1.04,1.46,42,47
PB304-CX150T1-7/8S1/2,"1/2""",150,304,"1-7/8""",1.875,5.55,3.29,4.61,60,66
PBSA36-CX150T1-7/8S1/2,"1/2""",150,SA-36,"1-7/8""",1.875,1.87,3.15,4.41,43,48
PBSA516-70-CX150T1-7/8S1/2,"1/2""",150,SA-516-70,"1-7/8""",1.875,2.18,3.15,4.41,44,49
PB304L-CX150T1-7/8S1/2,"1/2""",150,304L,"1-7/8""",1.875,6.01,3.29,4.61,63,70
PB316L-CX150T1-7/8S1/2,"1/2""",150,316L,"1-7/8""",1.875,7.48,3.33,4.66,70,77
PBAL6061-CX150T1-7/8S1/2,"1/2""",150,AL-6061,"1-7/8""",1.875,5.1,1.11,1.55,43,48
PB304-CX150T2S1/2,"1/2""",150,304,"2""",2,5.55,3.51,4.91,62,69
PBSA36-CX150T2S1/2,"1/2""",150,SA-36,"2""",2,1.87,3.36,4.7,44,49
PBSA516-70-CX150T2S1/2,"1/2""",150,SA-516-70,"2""",2,2.18,3.36,4.7,45,50
PB304L-CX150T2S1/2,"1/2""",150,304L,"2""",2,6.01,3.51,4.91,64,71
PB316L-CX150T2S1/2,"1/2""",150,316L,"2""",2,7.48,3.55,4.97,72,80
PBAL6061-CX150T2S1/2,"1/2""",150,AL-6061,"2""",2,5.1,1.18,1.65,43,48
PB304-CX150T2-1/4S1/2,"1/2""",150,304,"2-1/4""",2.25,5.55,3.95,5.53,66,73
PBSA36-CX150T2-1/4S1/2,"1/2""",150,SA-36,"2-1/4""",2.25,1.87,3.78,5.29,45,50
PBSA516-70-CX150T2-1/4S1/2,"1/2""",150,SA-516-70,"2-1/4""",2.25,2.18,3.78,5.29,46,51
PB304L-CX150T2-1/4S1/2,"1/2""",150,304L,"2-1/4""",2.25,6.01,3.95,5.53,68,75
PB316L-CX150T2-1/4S1/2,"1/2""",150,316L,"2-1/4""",2.25,7.48,3.99,5.59,77,85
PBAL6061-CX150T2-1/4S1/2,"1/2""",150,AL-6061,"2-1/4""",2.25,5.1,1.33,1.86,44,49
PB304-CX150T2-1/2S1/2,"1/2""",150,304,"2-1/2""",2.5,5.55,4.38,6.13,69,76
PBSA36-CX150T2-1/2S1/2,"1/2""",150,SA-36,"2-1/2""",2.5,1.87,4.2,5.88,46,51
PBSA516-70-CX150T2-1/2S1/2,"1/2""",150,SA-516-70,"2-1/2""",2.5,2.18,4.2,5.88,48,53
PB304L-CX150T2-1/2S1/2,"1/2""",150,304L,"2-1/2""",2.5,6.01,4.38,6.13,72,80
PB316L-CX150T2-1/2S1/2,"1/2""",150,316L,"2-1/2""",2.5,7.48,4.43,6.2,81,90
PBAL6061-CX150T2-1/2S1/2,"1/2""",150,AL-6061,"2-1/2""",2.5,5.1,1.48,2.07,45,50
PB304-CX150T3S1/2,"1/2""",150,304,"3""",3,5.55,5.26,7.36,76,84
PBSA36-CX150T3S1/2,"1/2""",150,SA-36,"3""",3,1.87,5.04,7.06,48,53
PBSA516-70-CX150T3S1/2,"1/2""",150,SA-516-70,"3""",3,2.18,5.04,7.06,50,56
PB304L-CX150T3S1/2,"1/2""",150,304L,"3""",3,6.01,5.26,7.36,79,87
PB316L-CX150T3S1/2,"1/2""",150,316L,"3""",3,7.48,5.32,7.45,91,101
PBAL6061-CX150T3S1/2,"1/2""",150,AL-6061,"3""",3,5.1,1.77,2.48,47,52
PB304-CX150T11GAS3/4,"3/4""",150,304,11 Gauge,0.1196,5.55,0.25,0.35,37,41
PBSA36-CX150T11GAS3/4,"3/4""",150,SA-36,11 Gauge,0.1196,1.87,0.24,0.34,35,39
PBSA516-70-CX150T11GAS3/4,"3/4""",150,SA-516-70,11 Gauge,0.1196,2.18,0.24,0.34,36,40
PB304L-CX150T11GAS3/4,"3/4""",150,304L,11 Gauge,0.1196,6.01,0.25,0.35,37,41
PB316L-CX150T11GAS3/4,"3/4""",150,316L,11 Gauge,0.1196,7.48,0.25,0.35,37,41
PBAL6061-CX150T11GAS3/4,"3/4""",150,AL-6061,11 Gauge,0.1196,5.1,0.1,0.15,35,39
PB304-CX150T1/8S3/4,"3/4""",150,304,"1/8""",0.125,5.55,0.26,0.36,37,41
PBSA36-CX150T1/8S3/4,"3/4""",150,SA-36,"1/8""",0.125,1.87,0.25,0.35,36,40
PBSA516-70-CX150T1/8S3/4,"3/4""",150,SA-516-70,"1/8""",0.125,2.18,0.25,0.35,36,40
PB304L-CX150T1/8S3/4,"3/4""",150,304L,"1/8""",0.125,6.01,0.26,0.36,37,41
PB316L-CX150T1/8S3/4,"3/4""",150,316L,"1/8""",0.125,7.48,0.26,0.36,38,42
PBAL6061-CX150T1/8S3/4,"3/4""",150,AL-6061,"1/8""",0.125,5.1,0.1,0.15,36,40
PB304-CX150T3/16S3/4,"3/4""",150,304,"3/16""",0.1875,5.55,0.39,0.55,38,42
PBSA36-CX150T3/16S3/4,"3/4""",150,SA-36,"3/16""",0.1875,1.87,0.37,0.52,36,40
PBSA516-70-CX150T3/16S3/4,"3/4""",150,SA-516-70,"3/16""",0.1875,2.18,0.37,0.52,36,40
PB304L-CX150T3/16S3/4,"3/4""",150,304L,"3/16""",0.1875,6.01,0.39,0.55,38,42
PB316L-CX150T3/16S3/4,"3/4""",150,316L,"3/16""",0.1875,7.48,0.4,0.56,39,43
PBAL6061-CX150T3/16S3/4,"3/4""",150,AL-6061,"3/16""",0.1875,5.1,0.13,0.18,36,40
PB304-CX150T1/4S3/4,"3/4""",150,304,"1/4""",0.25,5.55,0.52,0.73,39,43
PBSA36-CX150T1/4S3/4,"3/4""",150,SA-36,"1/4""",0.25,1.87,0.5,0.7,36,40
PBSA516-70-CX150T1/4S3/4,"3/4""",150,SA-516-70,"1/4""",0.25,2.18,0.5,0.7,36,40
PB304L-CX150T1/4S3/4,"3/4""",150,304L,"1/4""",0.25,6.01,0.52,0.73,39,43
PB316L-CX150T1/4S3/4,"3/4""",150,316L,"1/4""",0.25,7.48,0.53,0.74,40,44
PBAL6061-CX150T1/4S3/4,"3/4""",150,AL-6061,"1/4""",0.25,5.1,0.18,0.25,36,40
PB304-CX150T5/16S3/4,"3/4""",150,304,"5/16""",0.3125,5.55,0.65,0.91,40,44
PBSA36-CX150T5/16S3/4,"3/4""",150,SA-36,"5/16""",0.3125,1.87,0.62,0.87,36,40
PBSA516-70-CX150T5/16S3/4,"3/4""",150,SA-516-70,"5/16""",0.3125,2.18,0.62,0.87,37,41
PB304L-CX150T5/16S3/4,"3/4""",150,304L,"5/16""",0.3125,6.01,0.65,0.91,40,44
PB316L-CX150T5/16S3/4,"3/4""",150,316L,"5/16""",0.3125,7.48,0.66,0.92,42,47
PBAL6061-CX150T5/16S3/4,"3/4""",150,AL-6061,"5/16""",0.3125,5.1,0.22,0.31,36,40
PB304-CX150T3/8S3/4,"3/4""",150,304,"3/8""",0.375,5.55,0.78,1.09,41,46
PBSA36-CX150T3/8S3/4,"3/4""",150,SA-36,"3/8""",0.375,1.87,0.75,1.05,37,41
PBSA516-70-CX150T3/8S3/4,"3/4""",150,SA-516-70,"3/8""",0.375,2.18,0.75,1.05,37,41
PB304L-CX150T3/8S3/4,"3/4""",150,304L,"3/8""",0.375,6.01,0.78,1.09,41,46
PB316L-CX150T3/8S3/4,"3/4""",150,316L,"3/8""",0.375,7.48,0.79,1.11,43,48
PBAL6061-CX150T3/8S3/4,"3/4""",150,AL-6061,"3/8""",0.375,5.1,0.26,0.36,37,41
PB304-CX150T1/2S3/4,"3/4""",150,304,"1/2""",0.5,5.55,1.04,1.46,43,48
PBSA36-CX150T1/2S3/4,"3/4""",150,SA-36,"1/2""",0.5,1.87,1,1.4,37,41
PBSA516-70-CX150T1/2S3/4,"3/4""",150,SA-516-70,"1/2""",0.5,2.18,1,1.4,38,42
PB304L-CX150T1/2S3/4,"3/4""",150,304L,"1/2""",0.5,6.01,1.04,1.46,44,49
PB316L-CX150T1/2S3/4,"3/4""",150,316L,"1/2""",0.5,7.48,1.06,1.48,46,51
PBAL6061-CX150T1/2S3/4,"3/4""",150,AL-6061,"1/2""",0.5,5.1,0.35,0.49,37,41
PB304-CX150T5/8S3/4,"3/4""",150,304,"5/8""",0.625,5.55,1.3,1.82,45,50
PBSA36-CX150T5/8S3/4,"3/4""",150,SA-36,"5/8""",0.625,1.87,1.25,1.75,38,42
PBSA516-70-CX150T5/8S3/4,"3/4""",150,SA-516-70,"5/8""",0.625,2.18,1.25,1.75,39,43
PB304L-CX150T5/8S3/4,"3/4""",150,304L,"5/8""",0.625,6.01,1.3,1.82,46,51
PB316L-CX150T5/8S3/4,"3/4""",150,316L,"5/8""",0.625,7.48,1.32,1.85,49,54
PBAL6061-CX150T5/8S3/4,"3/4""",150,AL-6061,"5/8""",0.625,5.1,0.44,0.62,38,42
PB304-CX150T3/4S3/4,"3/4""",150,304,"3/4""",0.75,5.55,1.57,2.2,47,52
PBSA36-CX150T3/4S3/4,"3/4""",150,SA-36,"3/4""",0.75,1.87,1.5,2.1,39,43
PBSA516-70-CX150T3/4S3/4,"3/4""",150,SA-516-70,"3/4""",0.75,2.18,1.5,2.1,39,43
PB304L-CX150T3/4S3/4,"3/4""",150,304L,"3/4""",0.75,6.01,1.57,2.2,48,53
PB316L-CX150T3/4S3/4,"3/4""",150,316L,"3/4""",0.75,7.48,1.58,2.21,51,57
PBAL6061-CX150T3/4S3/4,"3/4""",150,AL-6061,"3/4""",0.75,5.1,0.53,0.74,39,43
PB304-CX150T7/8S3/4,"3/4""",150,304,"7/8""",0.875,5.55,1.83,2.56,49,54
PBSA36-CX150T7/8S3/4,"3/4""",150,SA-36,"7/8""",0.875,1.87,1.75,2.45,39,43
PBSA516-70-CX150T7/8S3/4,"3/4""",150,SA-516-70,"7/8""",0.875,2.18,1.75,2.45,40,44
PB304L-CX150T7/8S3/4,"3/4""",150,304L,"7/8""",0.875,6.01,1.83,2.56,50,56
PB316L-CX150T7/8S3/4,"3/4""",150,316L,"7/8""",0.875,7.48,1.85,2.59,54,60
PBAL6061-CX150T7/8S3/4,"3/4""",150,AL-6061,"7/8""",0.875,5.1,0.62,0.87,39,43
PB304-CX150T1S3/4,"3/4""",150,304,"1""",1,5.55,2.09,2.93,51,57
PBSA36-CX150T1S3/4,"3/4""",150,SA-36,"1""",1,1.87,2,2.8,40,44
PBSA516-70-CX150T1S3/4,"3/4""",150,SA-516-70,"1""",1,2.18,2,2.8,41,46
PB304L-CX150T1S3/4,"3/4""",150,304L,"1""",1,6.01,2.09,2.93,52,58
PB316L-CX150T1S3/4,"3/4""",150,316L,"1""",1,7.48,2.11,2.95,57,63
PBAL6061-CX150T1S3/4,"3/4""",150,AL-6061,"1""",1,5.1,0.7,0.98,40,44
PB304-CX150T1-1/8S3/4,"3/4""",150,304,"1-1/8""",1.125,5.55,2.35,3.29,53,59
PBSA36-CX150T1-1/8S3/4,"3/4""",150,SA-36,"1-1/8""",1.125,1.87,2.25,3.15,41,46
PBSA516-70-CX150T1-1/8S3/4,"3/4""",150,SA-516-70,"1-1/8""",1.125,2.18,2.25,3.15,42,47
PB304L-CX150T1-1/8S3/4,"3/4""",150,304L,"1-1/8""",1.125,6.01,2.35,3.29,55,61
PB316L-CX150T1-1/8S3/4,"3/4""",150,316L,"1-1/8""",1.125,7.48,2.38,3.33,60,66
PBAL6061-CX150T1-1/8S3/4,"3/4""",150,AL-6061,"1-1/8""",1.125,5.1,0.79,1.11,41,46
PB304-CX150T1-1/4S3/4,"3/4""",150,304,"1-1/4""",1.25,5.55,2.61,3.65,55,61
PBSA36-CX150T1-1/4S3/4,"3/4""",150,SA-36,"1-1/4""",1.25,1.87,2.5,3.5,41,46
PBSA516-70-CX150T1-1/4S3/4,"3/4""",150,SA-516-70,"1-1/4""",1.25,2.18,2.5,3.5,42,47
PB304L-CX150T1-1/4S3/4,"3/4""",150,304L,"1-1/4""",1.25,6.01,2.61,3.65,57,63
PB316L-CX150T1-1/4S3/4,"3/4""",150,316L,"1-1/4""",1.25,7.48,2.64,3.7,63,70
PBAL6061-CX150T1-1/4S3/4,"3/4""",150,AL-6061,"1-1/4""",1.25,5.1,0.88,1.23,41,46
PB304-CX150T1-3/8S3/4,"3/4""",150,304,"1-3/8""",1.375,5.55,2.87,4.02,57,63
PBSA36-CX150T1-3/8S3/4,"3/4""",150,SA-36,"1-3/8""",1.375,1.87,2.75,3.85,42,47
PBSA516-70-CX150T1-3/8S3/4,"3/4""",150,SA-516-70,"1-3/8""",1.375,2.18,2.75,3.85,43,48
PB304L-CX150T1-3/8S3/4,"3/4""",150,304L,"1-3/8""",1.375,6.01,2.87,4.02,59,65
PB316L-CX150T1-3/8S3/4,"3/4""",150,316L,"1-3/8""",1.375,7.48,2.9,4.06,65,72
PBAL6061-CX150T1-3/8S3/4,"3/4""",150,AL-6061,"1-3/8""",1.375,5.1,0.97,1.36,42,47
PB304-CX150T1-1/2S3/4,"3/4""",150,304,"1-1/2""",1.5,5.55,3.13,4.38,59,65
PBSA36-CX150T1-1/2S3/4,"3/4""",150,SA-36,"1-1/2""",1.5,1.87,3,4.2,43,48
PBSA516-70-CX150T1-1/2S3/4,"3/4""",150,SA-516-70,"1-1/2""",1.5,2.18,3,4.2,44,49
PB304L-CX150T1-1/2S3/4,"3/4""",150,304L,"1-1/2""",1.5,6.01,3.13,4.38,61,68
PB316L-CX150T1-1/2S3/4,"3/4""",150,316L,"1-1/2""",1.5,7.48,3.17,4.44,68,75
PBAL6061-CX150T1-1/2S3/4,"3/4""",150,AL-6061,"1-1/2""",1.5,5.1,1.06,1.48,42,47
PB304-CX150T1-5/8S3/4,"3/4""",150,304,"1-5/8""",1.625,5.55,3.39,4.75,61,68
PBSA36-CX150T1-5/8S3/4,"3/4""",150,SA-36,"1-5/8""",1.625,1.87,3.25,4.55,43,48
PBSA516-70-CX150T1-5/8S3/4,"3/4""",150,SA-516-70,"1-5/8""",1.625,2.18,3.25,4.55,45,50
PB304L-CX150T1-5/8S3/4,"3/4""",150,304L,"1-5/8""",1.625,6.01,3.39,4.75,63,70
PB316L-CX150T1-5/8S3/4,"3/4""",150,316L,"1-5/8""",1.625,7.48,3.43,4.8,71,79
PBAL6061-CX150T1-5/8S3/4,"3/4""",150,AL-6061,"1-5/8""",1.625,5.1,1.14,1.6,43,48
PB304-CX150T1-3/4S3/4,"3/4""",150,304,"1-3/4""",1.75,5.55,3.65,5.11,63,70
PBSA36-CX150T1-3/4S3/4,"3/4""",150,SA-36,"1-3/4""",1.75,1.87,3.5,4.9,44,49
PBSA516-70-CX150T1-3/4S3/4,"3/4""",150,SA-516-70,"1-3/4""",1.75,2.18,3.5,4.9,46,51
PB304L-CX150T1-3/4S3/4,"3/4""",150,304L,"1-3/4""",1.75,6.01,3.65,5.11,66,73
PB316L-CX150T1-3/4S3/4,"3/4""",150,316L,"1-3/4""",1.75,7.48,3.7,5.18,74,82
PBAL6061-CX150T1-3/4S3/4,"3/4""",150,AL-6061,"1-3/4""",1.75,5.1,1.23,1.72,44,49
PB304-CX150T1-7/8S3/4,"3/4""",150,304,"1-7/8""",1.875,5.55,3.91,5.47,65,72
PBSA36-CX150T1-7/8S3/4,"3/4""",150,SA-36,"1-7/8""",1.875,1.87,3.75,5.25,45,50
PBSA516-70-CX150T1-7/8S3/4,"3/4""",150,SA-516-70,"1-7/8""",1.875,2.18,3.75,5.25,46,51
PB304L-CX150T1-7/8S3/4,"3/4""",150,304L,"1-7/8""",1.875,6.01,3.91,5.47,68,75
PB316L-CX150T1-7/8S3/4,"3/4""",150,316L,"1-7/8""",1.875,7.48,3.96,5.54,76,84
PBAL6061-CX150T1-7/8S3/4,"3/4""",150,AL-6061,"1-7/8""",1.875,5.1,1.32,1.85,44,49
PB304-CX150T2S3/4,"3/4""",150,304,"2""",2,5.55,4.18,5.85,67,74
PBSA36-CX150T2S3/4,"3/4""",150,SA-36,"2""",2,1.87,4,5.6,45,50
PBSA516-70-CX150T2S3/4,"3/4""",150,SA-516-70,"2""",2,2.18,4,5.6,47,52
PB304L-CX150T2S3/4,"3/4""",150,304L,"2""",2,6.01,4.18,5.85,70,77
PB316L-CX150T2S3/4,"3/4""",150,316L,"2""",2,7.48,4.22,5.91,79,87
PBAL6061-CX150T2S3/4,"3/4""",150,AL-6061,"2""",2,5.1,1.41,1.97,45,50
PB304-CX150T2-1/4S3/4,"3/4""",150,304,"2-1/4""",2.25,5.55,4.7,6.58,71,79
PBSA36-CX150T2-1/4S3/4,"3/4""",150,SA-36,"2-1/4""",2.25,1.87,4.5,6.3,47,52
PBSA516-70-CX150T2-1/4S3/4,"3/4""",150,SA-516-70,"2-1/4""",2.25,2.18,4.5,6.3,49,54
PB304L-CX150T2-1/4S3/4,"3/4""",150,304L,"2-1/4""",2.25,6.01,4.7,6.58,74,82
PB316L-CX150T2-1/4S3/4,"3/4""",150,316L,"2-1/4""",2.25,7.48,4.75,6.65,85,94
PBAL6061-CX150T2-1/4S3/4,"3/4""",150,AL-6061,"2-1/4""",2.25,5.1,1.58,2.21,46,51
PB304-CX150T2-1/2S3/4,"3/4""",150,304,"2-1/2""",2.5,5.55,5.22,7.31,75,83
PBSA36-CX150T2-1/2S3/4,"3/4""",150,SA-36,"2-1/2""",2.5,1.87,5,7,48,53
PBSA516-70-CX150T2-1/2S3/4,"3/4""",150,SA-516-70,"2-1/2""",2.5,2.18,5,7,50,56
PB304L-CX150T2-1/2S3/4,"3/4""",150,304L,"2-1/2""",2.5,6.01,5.22,7.31,79,87
PB316L-CX150T2-1/2S3/4,"3/4""",150,316L,"2-1/2""",2.5,7.48,5.28,7.39,90,100
PBAL6061-CX150T2-1/2S3/4,"3/4""",150,AL-6061,"2-1/2""",2.5,5.1,1.76,2.46,47,52
PB304-CX150T3S3/4,"3/4""",150,304,"3""",3,5.55,6.26,8.76,83,92
PBSA36-CX150T3S3/4,"3/4""",150,SA-36,"3""",3,1.87,6,8.4,51,57
PBSA516-70-CX150T3S3/4,"3/4""",150,SA-516-70,"3""",3,2.18,6,8.4,53,59
PB304L-CX150T3S3/4,"3/4""",150,304L,"3""",3,6.01,6.26,8.76,87,96
PB316L-CX150T3S3/4,"3/4""",150,316L,"3""",3,7.48,6.33,8.86,101,112
PBAL6061-CX150T3S3/4,"3/4""",150,AL-6061,"3""",3,5.1,2.11,2.95,50,56
PB304-CX150T11GAS1,"1""",150,304,11 Gauge,0.1196,5.55,0.3,0.42,37,41
PBSA36-CX150T11GAS1,"1""",150,SA-36,11 Gauge,0.1196,1.87,0.28,0.39,36,40
PBSA516-70-CX150T11GAS1,"1""",150,SA-516-70,11 Gauge,0.1196,2.18,0.28,0.39,36,40
PB304L-CX150T11GAS1,"1""",150,304L,11 Gauge,0.1196,6.01,0.3,0.42,37,41
PB316L-CX150T11GAS1,"1""",150,316L,11 Gauge,0.1196,7.48,0.3,0.42,38,42
PBAL6061-CX150T11GAS1,"1""",150,AL-6061,11 Gauge,0.1196,5.1,0.1,0.15,36,40
PB304-CX150T1/8S1,"1""",150,304,"1/8""",0.125,5.55,0.31,0.43,37,41
PBSA36-CX150T1/8S1,"1""",150,SA-36,"1/8""",0.125,1.87,0.3,0.42,36,40
PBSA516-70-CX150T1/8S1,"1""",150,SA-516-70,"1/8""",0.125,2.18,0.3,0.42,36,40
PB304L-CX150T1/8S1,"1""",150,304L,"1/8""",0.125,6.01,0.31,0.43,37,41
PB316L-CX150T1/8S1,"1""",150,316L,"1/8""",0.125,7.48,0.31,0.43,38,42
PBAL6061-CX150T1/8S1,"1""",150,AL-6061,"1/8""",0.125,5.1,0.1,0.15,36,40
PB304-CX150T3/16S1,"1""",150,304,"3/16""",0.1875,5.55,0.47,0.66,39,43
PBSA36-CX150T3/16S1,"1""",150,SA-36,"3/16""",0.1875,1.87,0.45,0.63,36,40
PBSA516-70-CX150T3/16S1,"1""",150,SA-516-70,"3/16""",0.1875,2.18,0.45,0.63,36,40
PB304L-CX150T3/16S1,"1""",150,304L,"3/16""",0.1875,6.01,0.47,0.66,39,43
PB316L-CX150T3/16S1,"1""",150,316L,"3/16""",0.1875,7.48,0.47,0.66,40,44
PBAL6061-CX150T3/16S1,"1""",150,AL-6061,"3/16""",0.1875,5.1,0.16,0.22,36,40
PB304-CX150T1/4S1,"1""",150,304,"1/4""",0.25,5.55,0.62,0.87,40,44
PBSA36-CX150T1/4S1,"1""",150,SA-36,"1/4""",0.25,1.87,0.59,0.83,36,40
PBSA516-70-CX150T1/4S1,"1""",150,SA-516-70,"1/4""",0.25,2.18,0.59,0.83,37,41
PB304L-CX150T1/4S1,"1""",150,304L,"1/4""",0.25,6.01,0.62,0.87,40,44
PB316L-CX150T1/4S1,"1""",150,316L,"1/4""",0.25,7.48,0.63,0.88,41,46
PBAL6061-CX150T1/4S1,"1""",150,AL-6061,"1/4""",0.25,5.1,0.21,0.29,36,40
PB304-CX150T5/16S1,"1""",150,304,"5/16""",0.3125,5.55,0.78,1.09,41,46
PBSA36-CX150T5/16S1,"1""",150,SA-36,"5/16""",0.3125,1.87,0.74,1.04,37,41
PBSA516-70-CX150T5/16S1,"1""",150,SA-516-70,"5/16""",0.3125,2.18,0.74,1.04,37,41
PB304L-CX150T5/16S1,"1""",150,304L,"5/16""",0.3125,6.01,0.78,1.09,41,46
PB316L-CX150T5/16S1,"1""",150,316L,"5/16""",0.3125,7.48,0.79,1.11,43,48
PBAL6061-CX150T5/16S1,"1""",150,AL-6061,"5/16""",0.3125,5.1,0.26,0.36,37,41
PB304-CX150T3/8S1,"1""",150,304,"3/8""",0.375,5.55,0.93,1.3,42,47
PBSA36-CX150T3/8S1,"1""",150,SA-36,"3/8""",0.375,1.87,0.89,1.25,37,41
PBSA516-70-CX150T3/8S1,"1""",150,SA-516-70,"3/8""",0.375,2.18,0.89,1.25,38,42
PB304L-CX150T3/8S1,"1""",150,304L,"3/8""",0.375,6.01,0.93,1.3,43,48
PB316L-CX150T3/8S1,"1""",150,316L,"3/8""",0.375,7.48,0.94,1.32,45,50
PBAL6061-CX150T3/8S1,"1""",150,AL-6061,"3/8""",0.375,5.1,0.31,0.43,37,41
PB304-CX150T1/2S1,"1""",150,304,"1/2""",0.5,5.55,1.24,1.74,45,50
PBSA36-CX150T1/2S1,"1""",150,SA-36,"1/2""",0.5,1.87,1.19,1.67,38,42
PBSA516-70-CX150T1/2S1,"1""",150,SA-516-70,"1/2""",0.5,2.18,1.19,1.67,38,42
PB304L-CX150T1/2S1,"1""",150,304L,"1/2""",0.5,6.01,1.24,1.74,45,50
PB316L-CX150T1/2S1,"1""",150,316L,"1/2""",0.5,7.48,1.26,1.76,48,53
PBAL6061-CX150T1/2S1,"1""",150,AL-6061,"1/2""",0.5,5.1,0.42,0.59,38,42
PB304-CX150T5/8S1,"1""",150,304,"5/8""",0.625,5.55,1.55,2.17,47,52
PBSA36-CX150T5/8S1,"1""",150,SA-36,"5/8""",0.625,1.87,1.49,2.09,39,43
PBSA516-70-CX150T5/8S1,"1""",150,SA-516-70,"5/8""",0.625,2.18,1.49,2.09,39,43
PB304L-CX150T5/8S1,"1""",150,304L,"5/8""",0.625,6.01,1.55,2.17,48,53
PB316L-CX150T5/8S1,"1""",150,316L,"5/8""",0.625,7.48,1.57,2.2,51,57
PBAL6061-CX150T5/8S1,"1""",150,AL-6061,"5/8""",0.625,5.1,0.52,0.73,39,43
PB304-CX150T3/4S1,"1""",150,304,"3/4""",0.75,5.55,1.86,2.6,49,54
PBSA36-CX150T3/4S1,"1""",150,SA-36,"3/4""",0.75,1.87,1.78,2.49,40,44
PBSA516-70-CX150T3/4S1,"1""",150,SA-516-70,"3/4""",0.75,2.18,1.78,2.49,40,44
PB304L-CX150T3/4S1,"1""",150,304L,"3/4""",0.75,6.01,1.86,2.6,50,56
PB316L-CX150T3/4S1,"1""",150,316L,"3/4""",0.75,7.48,1.89,2.65,55,61
PBAL6061-CX150T3/4S1,"1""",150,AL-6061,"3/4""",0.75,5.1,0.63,0.88,39,43
PB304-CX150T7/8S1,"1""",150,304,"7/8""",0.875,5.55,2.17,3.04,52,58
PBSA36-CX150T7/8S1,"1""",150,SA-36,"7/8""",0.875,1.87,2.08,2.91,40,44
PBSA516-70-CX150T7/8S1,"1""",150,SA-516-70,"7/8""",0.875,2.18,2.08,2.91,41,46
PB304L-CX150T7/8S1,"1""",150,304L,"7/8""",0.875,6.01,2.17,3.04,53,59
PB316L-CX150T7/8S1,"1""",150,316L,"7/8""",0.875,7.48,2.2,3.08,58,64
PBAL6061-CX150T7/8S1,"1""",150,AL-6061,"7/8""",0.875,5.1,0.73,1.02,40,44
PB304-CX150T1S1,"1""",150,304,"1""",1,5.55,2.49,3.49,54,60
PBSA36-CX150T1S1,"1""",150,SA-36,"1""",1,1.87,2.38,3.33,41,46
PBSA516-70-CX150T1S1,"1""",150,SA-516-70,"1""",1,2.18,2.38,3.33,42,47
PB304L-CX150T1S1,"1""",150,304L,"1""",1,6.01,2.49,3.49,56,62
PB316L-CX150T1S1,"1""",150,316L,"1""",1,7.48,2.51,3.51,61,68
PBAL6061-CX150T1S1,"1""",150,AL-6061,"1""",1,5.1,0.84,1.18,41,46
PB304-CX150T1-1/8S1,"1""",150,304,"1-1/8""",1.125,5.55,2.8,3.92,57,63
PBSA36-CX150T1-1/8S1,"1""",150,SA-36,"1-1/8""",1.125,1.87,2.68,3.75,42,47
PBSA516-70-CX150T1-1/8S1,"1""",150,SA-516-70,"1-1/8""",1.125,2.18,2.68,3.75,43,48
PB304L-CX150T1-1/8S1,"1""",150,304L,"1-1/8""",1.125,6.01,2.8,3.92,58,64
PB316L-CX150T1-1/8S1,"1""",150,316L,"1-1/8""",1.125,7.48,2.83,3.96,64,71
PBAL6061-CX150T1-1/8S1,"1""",150,AL-6061,"1-1/8""",1.125,5.1,0.94,1.32,42,47
PB304-CX150T1-1/4S1,"1""",150,304,"1-1/4""",1.25,5.55,3.11,4.35,59,65
PBSA36-CX150T1-1/4S1,"1""",150,SA-36,"1-1/4""",1.25,1.87,2.97,4.16,43,48
PBSA516-70-CX150T1-1/4S1,"1""",150,SA-516-70,"1-1/4""",1.25,2.18,2.97,4.16,44,49
PB304L-CX150T1-1/4S1,"1""",150,304L,"1-1/4""",1.25,6.01,3.11,4.35,61,68
PB316L-CX150T1-1/4S1,"1""",150,316L,"1-1/4""",1.25,7.48,3.14,4.4,68,75
PBAL6061-CX150T1-1/4S1,"1""",150,AL-6061,"1-1/4""",1.25,5.1,1.05,1.47,42,47
PB304-CX150T1-3/8S1,"1""",150,304,"1-3/8""",1.375,5.55,3.42,4.79,61,68
PBSA36-CX150T1-3/8S1,"1""",150,SA-36,"1-3/8""",1.375,1.87,3.27,4.58,43,48
PBSA516-70-CX150T1-3/8S1,"1""",150,SA-516-70,"1-3/8""",1.375,2.18,3.27,4.58,45,50
PB304L-CX150T1-3/8S1,"1""",150,304L,"1-3/8""",1.375,6.01,3.42,4.79,64,71
PB316L-CX150T1-3/8S1,"1""",150,316L,"1-3/8""",1.375,7.48,3.46,4.84,71,79
PBAL6061-CX150T1-3/8S1,"1""",150,AL-6061,"1-3/8""",1.375,5.1,1.15,1.61,43,48
PB304-CX150T1-1/2S1,"1""",150,304,"1-1/2""",1.5,5.55,3.73,5.22,64,71
PBSA36-CX150T1-1/2S1,"1""",150,SA-36,"1-1/2""",1.5,1.87,3.57,5,44,49
PBSA516-70-CX150T1-1/2S1,"1""",150,SA-516-70,"1-1/2""",1.5,2.18,3.57,5,46,51
PB304L-CX150T1-1/2S1,"1""",150,304L,"1-1/2""",1.5,6.01,3.73,5.22,66,73
PB316L-CX150T1-1/2S1,"1""",150,316L,"1-1/2""",1.5,7.48,3.77,5.28,74,82
PBAL6061-CX150T1-1/2S1,"1""",150,AL-6061,"1-1/2""",1.5,5.1,1.26,1.76,44,49
PB304-CX150T1-5/8S1,"1""",150,304,"1-5/8""",1.625,5.55,4.04,5.66,66,73
PBSA36-CX150T1-5/8S1,"1""",150,SA-36,"1-5/8""",1.625,1.87,3.87,5.42,45,50
PBSA516-70-CX150T1-5/8S1,"1""",150,SA-516-70,"1-5/8""",1.625,2.18,3.87,5.42,47,52
PB304L-CX150T1-5/8S1,"1""",150,304L,"1-5/8""",1.625,6.01,4.04,5.66,69,76
PB316L-CX150T1-5/8S1,"1""",150,316L,"1-5/8""",1.625,7.48,4.08,5.71,78,86
PBAL6061-CX150T1-5/8S1,"1""",150,AL-6061,"1-5/8""",1.625,5.1,1.36,1.9,45,50
PB304-CX150T1-3/4S1,"1""",150,304,"1-3/4""",1.75,5.55,4.35,6.09,69,76
PBSA36-CX150T1-3/4S1,"1""",150,SA-36,"1-3/4""",1.75,1.87,4.16,5.82,46,51
PBSA516-70-CX150T1-3/4S1,"1""",150,SA-516-70,"1-3/4""",1.75,2.18,4.16,5.82,48,53
PB304L-CX150T1-3/4S1,"1""",150,304L,"1-3/4""",1.75,6.01,4.35,6.09,71,79
PB316L-CX150T1-3/4S1,"1""",150,316L,"1-3/4""",1.75,7.48,4.4,6.16,81,90
PBAL6061-CX150T1-3/4S1,"1""",150,AL-6061,"1-3/4""",1.75,5.1,1.47,2.06,45,50
PB304-CX150T1-7/8S1,"1""",150,304,"1-7/8""",1.875,5.55,4.66,6.52,71,79
PBSA36-CX150T1-7/8S1,"1""",150,SA-36,"1-7/8""",1.875,1.87,4.46,6.24,47,52
PBSA516-70-CX150T1-7/8S1,"1""",150,SA-516-70,"1-7/8""",1.875,2.18,4.46,6.24,48,53
PB304L-CX150T1-7/8S1,"1""",150,304L,"1-7/8""",1.875,6.01,4.66,6.52,74,82
PB316L-CX150T1-7/8S1,"1""",150,316L,"1-7/8""",1.875,7.48,4.71,6.59,84,93
PBAL6061-CX150T1-7/8S1,"1""",150,AL-6061,"1-7/8""",1.875,5.1,1.57,2.2,46,51
PB304-CX150T2S1,"1""",150,304,"2""",2,5.55,4.97,6.96,73,81
PBSA36-CX150T2S1,"1""",150,SA-36,"2""",2,1.87,4.76,6.66,47,52
PBSA516-70-CX150T2S1,"1""",150,SA-516-70,"2""",2,2.18,4.76,6.66,49,54
PB304L-CX150T2S1,"1""",150,304L,"2""",2,6.01,4.97,6.96,77,85
PB316L-CX150T2S1,"1""",150,316L,"2""",2,7.48,5.03,7.04,88,97
PBAL6061-CX150T2S1,"1""",150,AL-6061,"2""",2,5.1,1.68,2.35,47,52
PB304-CX150T2-1/4S1,"1""",150,304,"2-1/4""",2.25,5.55,5.59,7.83,78,86
PBSA36-CX150T2-1/4S1,"1""",150,SA-36,"2-1/4""",2.25,1.87,5.35,7.49,49,54
PBSA516-70-CX150T2-1/4S1,"1""",150,SA-516-70,"2-1/4""",2.25,2.18,5.35,7.49,51,57
PB304L-CX150T2-1/4S1,"1""",150,304L,"2-1/4""",2.25,6.01,5.59,7.83,82,91
PB316L-CX150T2-1/4S1,"1""",150,316L,"2-1/4""",2.25,7.48,5.66,7.92,94,104
PBAL6061-CX150T2-1/4S1,"1""",150,AL-6061,"2-1/4""",2.25,5.1,1.89,2.65,48,53
PB304-CX150T2-1/2S1,"1""",150,304,"2-1/2""",2.5,5.55,6.21,8.69,83,92
PBSA36-CX150T2-1/2S1,"1""",150,SA-36,"2-1/2""",2.5,1.87,5.95,8.33,50,56
PBSA516-70-CX150T2-1/2S1,"1""",150,SA-516-70,"2-1/2""",2.5,2.18,5.95,8.33,53,59
PB304L-CX150T2-1/2S1,"1""",150,304L,"2-1/2""",2.5,6.01,6.21,8.69,87,96
PB316L-CX150T2-1/2S1,"1""",150,316L,"2-1/2""",2.5,7.48,6.28,8.79,101,112
PBAL6061-CX150T2-1/2S1,"1""",150,AL-6061,"2-1/2""",2.5,5.1,2.1,2.94,50,56
PB304-CX150T3S1,"1""",150,304,"3""",3,5.55,7.46,10.44,93,103
PBSA36-CX150T3S1,"1""",150,SA-36,"3""",3,1.87,7.14,10,54,60
PBSA516-70-CX150T3S1,"1""",150,SA-516-70,"3""",3,2.18,7.14,10,57,63
PB304L-CX150T3S1,"1""",150,304L,"3""",3,6.01,7.46,10.44,98,108
PB316L-CX150T3S1,"1""",150,316L,"3""",3,7.48,7.54,10.56,114,126
PBAL6061-CX150T3S1,"1""",150,AL-6061,"3""",3,5.1,2.51,3.51,53,59
PB304-CX150T11GAS1-1/4,"1-1/4""",150,304,11 Gauge,0.1196,5.55,0.36,0.5,38,42
PBSA36-CX150T11GAS1-1/4,"1-1/4""",150,SA-36,11 Gauge,0.1196,1.87,0.34,0.48,36,40
PBSA516-70-CX150T11GAS1-1/4,"1-1/4""",150,SA-516-70,11 Gauge,0.1196,2.18,0.34,0.48,36,40
PB304L-CX150T11GAS1-1/4,"1-1/4""",150,304L,11 Gauge,0.1196,6.01,0.36,0.5,38,42
PB316L-CX150T11GAS1-1/4,"1-1/4""",150,316L,11 Gauge,0.1196,7.48,0.36,0.5,39,43
PBAL6061-CX150T11GAS1-1/4,"1-1/4""",150,AL-6061,11 Gauge,0.1196,5.1,0.12,0.17,36,40
PB304-CX150T1/8S1-1/4,"1-1/4""",150,304,"1/8""",0.125,5.55,0.37,0.52,38,42
PBSA36-CX150T1/8S1-1/4,"1-1/4""",150,SA-36,"1/8""",0.125,1.87,0.36,0.5,36,40
PBSA516-70-CX150T1/8S1-1/4,"1-1/4""",150,SA-516-70,"1/8""",0.125,2.18,0.36,0.5,36,40
PB304L-CX150T1/8S1-1/4,"1-1/4""",150,304L,"1/8""",0.125,6.01,0.37,0.52,38,42
PB316L-CX150T1/8S1-1/4,"1-1/4""",150,316L,"1/8""",0.125,7.48,0.38,0.53,39,43
PBAL6061-CX150T1/8S1-1/4,"1-1/4""",150,AL-6061,"1/8""",0.125,5.1,0.13,0.18,36,40
PB304-CX150T3/16S1-1/4,"1-1/4""",150,304,"3/16""",0.1875,5.55,0.56,0.78,39,43
PBSA36-CX150T3/16S1-1/4,"1-1/4""",150,SA-36,"3/16""",0.1875,1.87,0.53,0.74,36,40
PBSA516-70-CX150T3/16S1-1/4,"1-1/4""",150,SA-516-70,"3/16""",0.1875,2.18,0.53,0.74,36,40
PB304L-CX150T3/16S1-1/4,"1-1/4""",150,304L,"3/16""",0.1875,6.01,0.56,0.78,40,44
PB316L-CX150T3/16S1-1/4,"1-1/4""",150,316L,"3/16""",0.1875,7.48,0.56,0.78,41,46
PBAL6061-CX150T3/16S1-1/4,"1-1/4""",150,AL-6061,"3/16""",0.1875,5.1,0.19,0.27,36,40
PB304-CX150T1/4S1-1/4,"1-1/4""",150,304,"1/4""",0.25,5.55,0.74,1.04,41,46
PBSA36-CX150T1/4S1-1/4,"1-1/4""",150,SA-36,"1/4""",0.25,1.87,0.71,0.99,37,41
PBSA516-70-CX150T1/4S1-1/4,"1-1/4""",150,SA-516-70,"1/4""",0.25,2.18,0.71,0.99,37,41
PB304L-CX150T1/4S1-1/4,"1-1/4""",150,304L,"1/4""",0.25,6.01,0.74,1.04,41,46
PB316L-CX150T1/4S1-1/4,"1-1/4""",150,316L,"1/4""",0.25,7.48,0.75,1.05,43,48
PBAL6061-CX150T1/4S1-1/4,"1-1/4""",150,AL-6061,"1/4""",0.25,5.1,0.25,0.35,37,41
PB304-CX150T5/16S1-1/4,"1-1/4""",150,304,"5/16""",0.3125,5.55,0.93,1.3,42,47
PBSA36-CX150T5/16S1-1/4,"1-1/4""",150,SA-36,"5/16""",0.3125,1.87,0.89,1.25,37,41
PBSA516-70-CX150T5/16S1-1/4,"1-1/4""",150,SA-516-70,"5/16""",0.3125,2.18,0.89,1.25,38,42
PB304L-CX150T5/16S1-1/4,"1-1/4""",150,304L,"5/16""",0.3125,6.01,0.93,1.3,43,48
PB316L-CX150T5/16S1-1/4,"1-1/4""",150,316L,"5/16""",0.3125,7.48,0.94,1.32,45,50
PBAL6061-CX150T5/16S1-1/4,"1-1/4""",150,AL-6061,"5/16""",0.3125,5.1,0.31,0.43,37,41
PB304-CX150T3/8S1-1/4,"1-1/4""",150,304,"3/8""",0.375,5.55,1.12,1.57,44,49
PBSA36-CX150T3/8S1-1/4,"1-1/4""",150,SA-36,"3/8""",0.375,1.87,1.07,1.5,38,42
PBSA516-70-CX150T3/8S1-1/4,"1-1/4""",150,SA-516-70,"3/8""",0.375,2.18,1.07,1.5,38,42
PB304L-CX150T3/8S1-1/4,"1-1/4""",150,304L,"3/8""",0.375,6.01,1.12,1.57,44,49
PB316L-CX150T3/8S1-1/4,"1-1/4""",150,316L,"3/8""",0.375,7.48,1.13,1.58,47,52
PBAL6061-CX150T3/8S1-1/4,"1-1/4""",150,AL-6061,"3/8""",0.375,5.1,0.38,0.53,38,42
PB304-CX150T1/2S1-1/4,"1-1/4""",150,304,"1/2""",0.5,5.55,1.49,2.09,46,51
PBSA36-CX150T1/2S1-1/4,"1-1/4""",150,SA-36,"1/2""",0.5,1.87,1.43,2,39,43
PBSA516-70-CX150T1/2S1-1/4,"1-1/4""",150,SA-516-70,"1/2""",0.5,2.18,1.43,2,39,43
PB304L-CX150T1/2S1-1/4,"1-1/4""",150,304L,"1/2""",0.5,6.01,1.49,2.09,47,52
PB316L-CX150T1/2S1-1/4,"1-1/4""",150,316L,"1/2""",0.5,7.48,1.51,2.11,51,57
PBAL6061-CX150T1/2S1-1/4,"1-1/4""",150,AL-6061,"1/2""",0.5,5.1,0.5,0.7,38,42
PB304-CX150T5/8S1-1/4,"1-1/4""",150,304,"5/8""",0.625,5.55,1.86,2.6,49,54
PBSA36-CX150T5/8S1-1/4,"1-1/4""",150,SA-36,"5/8""",0.625,1.87,1.78,2.49,40,44
PBSA516-70-CX150T5/8S1-1/4,"1-1/4""",150,SA-516-70,"5/8""",0.625,2.18,1.78,2.49,40,44
PB304L-CX150T5/8S1-1/4,"1-1/4""",150,304L,"5/8""",0.625,6.01,1.86,2.6,50,56
PB316L-CX150T5/8S1-1/4,"1-1/4""",150,316L,"5/8""",0.625,7.48,1.88,2.63,55,61
PBAL6061-CX150T5/8S1-1/4,"1-1/4""",150,AL-6061,"5/8""",0.625,5.1,0.63,0.88,39,43
PB304-CX150T3/4S1-1/4,"1-1/4""",150,304,"3/4""",0.75,5.55,2.23,3.12,52,58
PBSA36-CX150T3/4S1-1/4,"1-1/4""",150,SA-36,"3/4""",0.75,1.87,2.14,3,40,44
PBSA516-70-CX150T3/4S1-1/4,"1-1/4""",150,SA-516-70,"3/4""",0.75,2.18,2.14,3,41,46
PB304L-CX150T3/4S1-1/4,"1-1/4""",150,304L,"3/4""",0.75,6.01,2.23,3.12,54,60
PB316L-CX150T3/4S1-1/4,"1-1/4""",150,316L,"3/4""",0.75,7.48,2.26,3.16,58,64
PBAL6061-CX150T3/4S1-1/4,"1-1/4""",150,AL-6061,"3/4""",0.75,5.1,0.75,1.05,40,44
PB304-CX150T7/8S1-1/4,"1-1/4""",150,304,"7/8""",0.875,5.55,2.61,3.65,55,61
PBSA36-CX150T7/8S1-1/4,"1-1/4""",150,SA-36,"7/8""",0.875,1.87,2.5,3.5,41,46
PBSA516-70-CX150T7/8S1-1/4,"1-1/4""",150,SA-516-70,"7/8""",0.875,2.18,2.5,3.5,42,47
PB304L-CX150T7/8S1-1/4,"1-1/4""",150,304L,"7/8""",0.875,6.01,2.61,3.65,57,63
PB316L-CX150T7/8S1-1/4,"1-1/4""",150,316L,"7/8""",0.875,7.48,2.64,3.7,63,70
PBAL6061-CX150T7/8S1-1/4,"1-1/4""",150,AL-6061,"7/8""",0.875,5.1,0.88,1.23,41,46
PB304-CX150T1S1-1/4,"1-1/4""",150,304,"1""",1,5.55,2.98,4.17,58,64
PBSA36-CX150T1S1-1/4,"1-1/4""",150,SA-36,"1""",1,1.87,2.85,3.99,42,47
PBSA516-70-CX150T1S1-1/4,"1-1/4""",150,SA-516-70,"1""",1,2.18,2.85,3.99,44,49
PB304L-CX150T1S1-1/4,"1-1/4""",150,304L,"1""",1,6.01,2.98,4.17,60,66
PB316L-CX150T1S1-1/4,"1-1/4""",150,316L,"1""",1,7.48,3.01,4.21,66,73
PBAL6061-CX150T1S1-1/4,"1-1/4""",150,AL-6061,"1""",1,5.1,1,1.4,42,47
PB304-CX150T1-1/8S1-1/4,"1-1/4""",150,304,"1-1/8""",1.125,5.55,3.35,4.69,61,68
PBSA36-CX150T1-1/8S1-1/4,"1-1/4""",150,SA-36,"1-1/8""",1.125,1.87,3.21,4.49,43,48
PBSA516-70-CX150T1-1/8S1-1/4,"1-1/4""",150,SA-516-70,"1-1/8""",1.125,2.18,3.21,4.49,45,50
PB304L-CX150T1-1/8S1-1/4,"1-1/4""",150,304L,"1-1/8""",1.125,6.01,3.35,4.69,63,70
PB316L-CX150T1-1/8S1-1/4,"1-1/4""",150,316L,"1-1/8""",1.125,7.48,3.39,4.75,70,77
PBAL6061-CX150T1-1/8S1-1/4,"1-1/4""",150,AL-6061,"1-1/8""",1.125,5.1,1.13,1.58,43,48
PB304-CX150T1-1/4S1-1/4,"1-1/4""",150,304,"1-1/4""",1.25,5.55,3.72,5.21,64,71
PBSA36-CX150T1-1/4S1-1/4,"1-1/4""",150,SA-36,"1-1/4""",1.25,1.87,3.56,4.98,44,49
PBSA516-70-CX150T1-1/4S1-1/4,"1-1/4""",150,SA-516-70,"1-1/4""",1.25,2.18,3.56,4.98,46,51
PB304L-CX150T1-1/4S1-1/4,"1-1/4""",150,304L,"1-1/4""",1.25,6.01,3.72,5.21,66,73
PB316L-CX150T1-1/4S1-1/4,"1-1/4""",150,316L,"1-1/4""",1.25,7.48,3.77,5.28,74,82
PBAL6061-CX150T1-1/4S1-1/4,"1-1/4""",150,AL-6061,"1-1/4""",1.25,5.1,1.26,1.76,44,49
PB304-CX150T1-3/8S1-1/4,"1-1/4""",150,304,"1-3/8""",1.375,5.55,4.1,5.74,67,74
PBSA36-CX150T1-3/8S1-1/4,"1-1/4""",150,SA-36,"1-3/8""",1.375,1.87,3.92,5.49,45,50
PBSA516-70-CX150T1-3/8S1-1/4,"1-1/4""",150,SA-516-70,"1-3/8""",1.375,2.18,3.92,5.49,47,52
PB304L-CX150T1-3/8S1-1/4,"1-1/4""",150,304L,"1-3/8""",1.375,6.01,4.1,5.74,69,76
PB316L-CX150T1-3/8S1-1/4,"1-1/4""",150,316L,"1-3/8""",1.375,7.48,4.14,5.8,78,86
PBAL6061-CX150T1-3/8S1-1/4,"1-1/4""",150,AL-6061,"1-3/8""",1.375,5.1,1.38,1.93,45,50
PB304-CX150T1-1/2S1-1/4,"1-1/4""",150,304,"1-1/2""",1.5,5.55,4.47,6.26,70,77
PBSA36-CX150T1-1/2S1-1/4,"1-1/4""",150,SA-36,"1-1/2""",1.5,1.87,4.28,5.99,46,51
PBSA516-70-CX150T1-1/2S1-1/4,"1-1/4""",150,SA-516-70,"1-1/2""",1.5,2.18,4.28,5.99,48,53
PB304L-CX150T1-1/2S1-1/4,"1-1/4""",150,304L,"1-1/2""",1.5,6.01,4.47,6.26,72,80
PB316L-CX150T1-1/2S1-1/4,"1-1/4""",150,316L,"1-1/2""",1.5,7.48,4.52,6.33,82,91
PBAL6061-CX150T1-1/2S1-1/4,"1-1/4""",150,AL-6061,"1-1/2""",1.5,5.1,1.51,2.11,46,51
PB304-CX150T1-5/8S1-1/4,"1-1/4""",150,304,"1-5/8""",1.625,5.55,4.84,6.78,72,80
PBSA36-CX150T1-5/8S1-1/4,"1-1/4""",150,SA-36,"1-5/8""",1.625,1.87,4.63,6.48,47,52
PBSA516-70-CX150T1-5/8S1-1/4,"1-1/4""",150,SA-516-70,"1-5/8""",1.625,2.18,4.63,6.48,49,54
PB304L-CX150T1-5/8S1-1/4,"1-1/4""",150,304L,"1-5/8""",1.625,6.01,4.84,6.78,76,84
PB316L-CX150T1-5/8S1-1/4,"1-1/4""",150,316L,"1-5/8""",1.625,7.48,4.9,6.86,86,95
PBAL6061-CX150T1-5/8S1-1/4,"1-1/4""",150,AL-6061,"1-5/8""",1.625,5.1,1.63,2.28,46,51
PB304-CX150T1-3/4S1-1/4,"1-1/4""",150,304,"1-3/4""",1.75,5.55,5.21,7.29,75,83
PBSA36-CX150T1-3/4S1-1/4,"1-1/4""",150,SA-36,"1-3/4""",1.75,1.87,4.99,6.99,48,53
PBSA516-70-CX150T1-3/4S1-1/4,"1-1/4""",150,SA-516-70,"1-3/4""",1.75,2.18,4.99,6.99,50,56
PB304L-CX150T1-3/4S1-1/4,"1-1/4""",150,304L,"1-3/4""",1.75,6.01,5.21,7.29,79,87
PB316L-CX150T1-3/4S1-1/4,"1-1/4""",150,316L,"1-3/4""",1.75,7.48,5.27,7.38,90,100
PBAL6061-CX150T1-3/4S1-1/4,"1-1/4""",150,AL-6061,"1-3/4""",1.75,5.1,1.76,2.46,47,52
PB304-CX150T1-7/8S1-1/4,"1-1/4""",150,304,"1-7/8""",1.875,5.55,5.59,7.83,78,86
PBSA36-CX150T1-7/8S1-1/4,"1-1/4""",150,SA-36,"1-7/8""",1.875,1.87,5.35,7.49,49,54
PBSA516-70-CX150T1-7/8S1-1/4,"1-1/4""",150,SA-516-70,"1-7/8""",1.875,2.18,5.35,7.49,51,57
PB304L-CX150T1-7/8S1-1/4,"1-1/4""",150,304L,"1-7/8""",1.875,6.01,5.59,7.83,82,91
PB316L-CX150T1-7/8S1-1/4,"1-1/4""",150,316L,"1-7/8""",1.875,7.48,5.65,7.91,94,104
PBAL6061-CX150T1-7/8S1-1/4,"1-1/4""",150,AL-6061,"1-7/8""",1.875,5.1,1.88,2.63,48,53
PB304-CX150T2S1-1/4,"1-1/4""",150,304,"2""",2,5.55,5.96,8.34,81,90
PBSA36-CX150T2S1-1/4,"1-1/4""",150,SA-36,"2""",2,1.87,5.7,7.98,50,56
PBSA516-70-CX150T2S1-1/4,"1-1/4""",150,SA-516-70,"2""",2,2.18,5.7,7.98,52,58
PB304L-CX150T2S1-1/4,"1-1/4""",150,304L,"2""",2,6.01,5.96,8.34,85,94
PB316L-CX150T2S1-1/4,"1-1/4""",150,316L,"2""",2,7.48,6.03,8.44,98,108
PBAL6061-CX150T2S1-1/4,"1-1/4""",150,AL-6061,"2""",2,5.1,2.01,2.81,49,54
PB304-CX150T2-1/4S1-1/4,"1-1/4""",150,304,"2-1/4""",2.25,5.55,6.7,9.38,87,96
PBSA36-CX150T2-1/4S1-1/4,"1-1/4""",150,SA-36,"2-1/4""",2.25,1.87,6.42,8.99,52,58
PBSA516-70-CX150T2-1/4S1-1/4,"1-1/4""",150,SA-516-70,"2-1/4""",2.25,2.18,6.42,8.99,54,60
PB304L-CX150T2-1/4S1-1/4,"1-1/4""",150,304L,"2-1/4""",2.25,6.01,6.7,9.38,91,101
PB316L-CX150T2-1/4S1-1/4,"1-1/4""",150,316L,"2-1/4""",2.25,7.48,6.78,9.49,106,117
PBAL6061-CX150T2-1/4S1-1/4,"1-1/4""",150,AL-6061,"2-1/4""",2.25,5.1,2.26,3.16,51,57
PB304-CX150T2-1/2S1-1/4,"1-1/4""",150,304,"2-1/2""",2.5,5.55,7.45,10.43,93,103
PBSA36-CX150T2-1/2S1-1/4,"1-1/4""",150,SA-36,"2-1/2""",2.5,1.87,7.13,9.98,54,60
PBSA516-70-CX150T2-1/2S1-1/4,"1-1/4""",150,SA-516-70,"2-1/2""",2.5,2.18,7.13,9.98,57,63
PB304L-CX150T2-1/2S1-1/4,"1-1/4""",150,304L,"2-1/2""",2.5,6.01,7.45,10.43,98,108
PB316L-CX150T2-1/2S1-1/4,"1-1/4""",150,316L,"2-1/2""",2.5,7.48,7.53,10.54,114,126
PBAL6061-CX150T2-1/2S1-1/4,"1-1/4""",150,AL-6061,"2-1/2""",2.5,5.1,2.51,3.51,53,59
PB304-CX150T3S1-1/4,"1-1/4""",150,304,"3""",3,5.55,8.94,12.52,104,115
PBSA36-CX150T3S1-1/4,"1-1/4""",150,SA-36,"3""",3,1.87,8.55,11.97,57,63
PBSA516-70-CX150T3S1-1/4,"1-1/4""",150,SA-516-70,"3""",3,2.18,8.55,11.97,61,68
PB304L-CX150T3S1-1/4,"1-1/4""",150,304L,"3""",3,6.01,8.94,12.52,110,122
PB316L-CX150T3S1-1/4,"1-1/4""",150,316L,"3""",3,7.48,9.04,12.66,130,143
PBAL6061-CX150T3S1-1/4,"1-1/4""",150,AL-6061,"3""",3,5.1,3.01,4.21,56,62
PB304-CX150T11GAS1-1/2,"1-1/2""",150,304,11 Gauge,0.1196,5.55,0.43,0.6,38,42
PBSA36-CX150T11GAS1-1/2,"1-1/2""",150,SA-36,11 Gauge,0.1196,1.87,0.41,0.57,36,40
PBSA516-70-CX150T11GAS1-1/2,"1-1/2""",150,SA-516-70,11 Gauge,0.1196,2.18,0.41,0.57,36,40
PB304L-CX150T11GAS1-1/2,"1-1/2""",150,304L,11 Gauge,0.1196,6.01,0.43,0.6,38,42
PB316L-CX150T11GAS1-1/2,"1-1/2""",150,316L,11 Gauge,0.1196,7.48,0.43,0.6,39,43
PBAL6061-CX150T11GAS1-1/2,"1-1/2""",150,AL-6061,11 Gauge,0.1196,5.1,0.14,0.2,36,40
PB304-CX150T1/8S1-1/2,"1-1/2""",150,304,"1/8""",0.125,5.55,0.45,0.63,38,42
PBSA36-CX150T1/8S1-1/2,"1-1/2""",150,SA-36,"1/8""",0.125,1.87,0.43,0.6,36,40
PBSA516-70-CX150T1/8S1-1/2,"1-1/2""",150,SA-516-70,"1/8""",0.125,2.18,0.43,0.6,36,40
PB304L-CX150T1/8S1-1/2,"1-1/2""",150,304L,"1/8""",0.125,6.01,0.45,0.63,39,43
PB316L-CX150T1/8S1-1/2,"1-1/2""",150,316L,"1/8""",0.125,7.48,0.45,0.63,40,44
PBAL6061-CX150T1/8S1-1/2,"1-1/2""",150,AL-6061,"1/8""",0.125,5.1,0.15,0.21,36,40
PB304-CX150T3/16S1-1/2,"1-1/2""",150,304,"3/16""",0.1875,5.55,0.67,0.94,40,44
PBSA36-CX150T3/16S1-1/2,"1-1/2""",150,SA-36,"3/16""",0.1875,1.87,0.64,0.9,37,41
PBSA516-70-CX150T3/16S1-1/2,"1-1/2""",150,SA-516-70,"3/16""",0.1875,2.18,0.64,0.9,37,41
PB304L-CX150T3/16S1-1/2,"1-1/2""",150,304L,"3/16""",0.1875,6.01,0.67,0.94,40,44
PB316L-CX150T3/16S1-1/2,"1-1/2""",150,316L,"3/16""",0.1875,7.48,0.68,0.95,42,47
PBAL6061-CX150T3/16S1-1/2,"1-1/2""",150,AL-6061,"3/16""",0.1875,5.1,0.23,0.32,36,40
PB304-CX150T1/4S1-1/2,"1-1/2""",150,304,"1/4""",0.25,5.55,0.89,1.25,42,47
PBSA36-CX150T1/4S1-1/2,"1-1/2""",150,SA-36,"1/4""",0.25,1.87,0.86,1.2,37,41
PBSA516-70-CX150T1/4S1-1/2,"1-1/2""",150,SA-516-70,"1/4""",0.25,2.18,0.86,1.2,37,41
PB304L-CX150T1/4S1-1/2,"1-1/2""",150,304L,"1/4""",0.25,6.01,0.89,1.25,42,47
PB316L-CX150T1/4S1-1/2,"1-1/2""",150,316L,"1/4""",0.25,7.48,0.9,1.26,44,49
PBAL6061-CX150T1/4S1-1/2,"1-1/2""",150,AL-6061,"1/4""",0.25,5.1,0.3,0.42,37,41
PB304-CX150T5/16S1-1/2,"1-1/2""",150,304,"5/16""",0.3125,5.55,1.12,1.57,44,49
PBSA36-CX150T5/16S1-1/2,"1-1/2""",150,SA-36,"5/16""",0.3125,1.87,1.07,1.5,38,42
PBSA516-70-CX150T5/16S1-1/2,"1-1/2""",150,SA-516-70,"5/16""",0.3125,2.18,1.07,1.5,38,42
PB304L-CX150T5/16S1-1/2,"1-1/2""",150,304L,"5/16""",0.3125,6.01,1.12,1.57,44,49
PB316L-CX150T5/16S1-1/2,"1-1/2""",150,316L,"5/16""",0.3125,7.48,1.13,1.58,47,52
PBAL6061-CX150T5/16S1-1/2,"1-1/2""",150,AL-6061,"5/16""",0.3125,5.1,0.38,0.53,38,42
PB304-CX150T3/8S1-1/2,"1-1/2""",150,304,"3/8""",0.375,5.55,1.34,1.88,45,50
PBSA36-CX150T3/8S1-1/2,"1-1/2""",150,SA-36,"3/8""",0.375,1.87,1.28,1.79,38,42
PBSA516-70-CX150T3/8S1-1/2,"1-1/2""",150,SA-516-70,"3/8""",0.375,2.18,1.28,1.79,39,43
PB304L-CX150T3/8S1-1/2,"1-1/2""",150,304L,"3/8""",0.375,6.01,1.34,1.88,46,51
PB316L-CX150T3/8S1-1/2,"1-1/2""",150,316L,"3/8""",0.375,7.48,1.36,1.9,49,54
PBAL6061-CX150T3/8S1-1/2,"1-1/2""",150,AL-6061,"3/8""",0.375,5.1,0.45,0.63,38,42
PB304-CX150T1/2S1-1/2,"1-1/2""",150,304,"1/2""",0.5,5.55,1.79,2.51,49,54
PBSA36-CX150T1/2S1-1/2,"1-1/2""",150,SA-36,"1/2""",0.5,1.87,1.71,2.39,39,43
PBSA516-70-CX150T1/2S1-1/2,"1-1/2""",150,SA-516-70,"1/2""",0.5,2.18,1.71,2.39,40,44
PB304L-CX150T1/2S1-1/2,"1-1/2""",150,304L,"1/2""",0.5,6.01,1.79,2.51,50,56
PB316L-CX150T1/2S1-1/2,"1-1/2""",150,316L,"1/2""",0.5,7.48,1.81,2.53,54,60
PBAL6061-CX150T1/2S1-1/2,"1-1/2""",150,AL-6061,"1/2""",0.5,5.1,0.6,0.84,39,43
PB304-CX150T5/8S1-1/2,"1-1/2""",150,304,"5/8""",0.625,5.55,2.24,3.14,52,58
PBSA36-CX150T5/8S1-1/2,"1-1/2""",150,SA-36,"5/8""",0.625,1.87,2.14,3,40,44
PBSA516-70-CX150T5/8S1-1/2,"1-1/2""",150,SA-516-70,"5/8""",0.625,2.18,2.14,3,41,46
PB304L-CX150T5/8S1-1/2,"1-1/2""",150,304L,"5/8""",0.625,6.01,2.24,3.14,54,60
PB316L-CX150T5/8S1-1/2,"1-1/2""",150,316L,"5/8""",0.625,7.48,2.26,3.16,58,64
PBAL6061-CX150T5/8S1-1/2,"1-1/2""",150,AL-6061,"5/8""",0.625,5.1,0.75,1.05,40,44
PB304-CX150T3/4S1-1/2,"1-1/2""",150,304,"3/4""",0.75,5.55,2.68,3.75,56,62
PBSA36-CX150T3/4S1-1/2,"1-1/2""",150,SA-36,"3/4""",0.75,1.87,2.57,3.6,42,47
PBSA516-70-CX150T3/4S1-1/2,"1-1/2""",150,SA-516-70,"3/4""",0.75,2.18,2.57,3.6,43,48
PB304L-CX150T3/4S1-1/2,"1-1/2""",150,304L,"3/4""",0.75,6.01,2.68,3.75,57,63
PB316L-CX150T3/4S1-1/2,"1-1/2""",150,316L,"3/4""",0.75,7.48,2.71,3.79,63,70
PBAL6061-CX150T3/4S1-1/2,"1-1/2""",150,AL-6061,"3/4""",0.75,5.1,0.9,1.26,41,46
PB304-CX150T7/8S1-1/2,"1-1/2""",150,304,"7/8""",0.875,5.55,3.13,4.38,59,65
PBSA36-CX150T7/8S1-1/2,"1-1/2""",150,SA-36,"7/8""",0.875,1.87,3,4.2,43,48
PBSA516-70-CX150T7/8S1-1/2,"1-1/2""",150,SA-516-70,"7/8""",0.875,2.18,3,4.2,44,49
PB304L-CX150T7/8S1-1/2,"1-1/2""",150,304L,"7/8""",0.875,6.01,3.13,4.38,61,68
PB316L-CX150T7/8S1-1/2,"1-1/2""",150,316L,"7/8""",0.875,7.48,3.17,4.44,68,75
PBAL6061-CX150T7/8S1-1/2,"1-1/2""",150,AL-6061,"7/8""",0.875,5.1,1.06,1.48,42,47
PB304-CX150T1S1-1/2,"1-1/2""",150,304,"1""",1,5.55,3.58,5.01,63,70
PBSA36-CX150T1S1-1/2,"1-1/2""",150,SA-36,"1""",1,1.87,3.42,4.79,44,49
PBSA516-70-CX150T1S1-1/2,"1-1/2""",150,SA-516-70,"1""",1,2.18,3.42,4.79,45,50
PB304L-CX150T1S1-1/2,"1-1/2""",150,304L,"1""",1,6.01,3.58,5.01,65,72
PB316L-CX150T1S1-1/2,"1-1/2""",150,316L,"1""",1,7.48,3.62,5.07,73,81
PBAL6061-CX150T1S1-1/2,"1-1/2""",150,AL-6061,"1""",1,5.1,1.21,1.69,43,48
PB304-CX150T1-1/8S1-1/2,"1-1/2""",150,304,"1-1/8""",1.125,5.55,4.02,5.63,66,73
PBSA36-CX150T1-1/8S1-1/2,"1-1/2""",150,SA-36,"1-1/8""",1.125,1.87,3.85,5.39,45,50
PBSA516-70-CX150T1-1/8S1-1/2,"1-1/2""",150,SA-516-70,"1-1/8""",1.125,2.18,3.85,5.39,47,52
PB304L-CX150T1-1/8S1-1/2,"1-1/2""",150,304L,"1-1/8""",1.125,6.01,4.02,5.63,69,76
PB316L-CX150T1-1/8S1-1/2,"1-1/2""",150,316L,"1-1/8""",1.125,7.48,4.07,5.7,77,85
PBAL6061-CX150T1-1/8S1-1/2,"1-1/2""",150,AL-6061,"1-1/8""",1.125,5.1,1.36,1.9,45,50
PB304-CX150T1-1/4S1-1/2,"1-1/2""",150,304,"1-1/4""",1.25,5.55,4.47,6.26,70,77
PBSA36-CX150T1-1/4S1-1/2,"1-1/2""",150,SA-36,"1-1/4""",1.25,1.87,4.28,5.99,46,51
PBSA516-70-CX150T1-1/4S1-1/2,"1-1/2""",150,SA-516-70,"1-1/4""",1.25,2.18,4.28,5.99,48,53
PB304L-CX150T1-1/4S1-1/2,"1-1/2""",150,304L,"1-1/4""",1.25,6.01,4.47,6.26,72,80
PB316L-CX150T1-1/4S1-1/2,"1-1/2""",150,316L,"1-1/4""",1.25,7.48,4.52,6.33,82,91
PBAL6061-CX150T1-1/4S1-1/2,"1-1/2""",150,AL-6061,"1-1/4""",1.25,5.1,1.51,2.11,46,51
PB304-CX150T1-3/8S1-1/2,"1-1/2""",150,304,"1-3/8""",1.375,5.55,4.92,6.89,73,81
PBSA36-CX150T1-3/8S1-1/2,"1-1/2""",150,SA-36,"1-3/8""",1.375,1.87,4.71,6.59,47,52
PBSA516-70-CX150T1-3/8S1-1/2,"1-1/2""",150,SA-516-70,"1-3/8""",1.375,2.18,4.71,6.59,49,54
PB304L-CX150T1-3/8S1-1/2,"1-1/2""",150,304L,"1-3/8""",1.375,6.01,4.92,6.89,76,84
PB316L-CX150T1-3/8S1-1/2,"1-1/2""",150,316L,"1-3/8""",1.375,7.48,4.97,6.96,87,96
PBAL6061-CX150T1-3/8S1-1/2,"1-1/2""",150,AL-6061,"1-3/8""",1.375,5.1,1.66,2.32,47,52
PB304-CX150T1-1/2S1-1/2,"1-1/2""",150,304,"1-1/2""",1.5,5.55,5.37,7.52,77,85
PBSA36-CX150T1-1/2S1-1/2,"1-1/2""",150,SA-36,"1-1/2""",1.5,1.87,5.14,7.2,48,53
PBSA516-70-CX150T1-1/2S1-1/2,"1-1/2""",150,SA-516-70,"1-1/2""",1.5,2.18,5.14,7.2,51,57
PB304L-CX150T1-1/2S1-1/2,"1-1/2""",150,304L,"1-1/2""",1.5,6.01,5.37,7.52,80,88
PB316L-CX150T1-1/2S1-1/2,"1-1/2""",150,316L,"1-1/2""",1.5,7.48,5.43,7.6,92,102
PBAL6061-CX150T1-1/2S1-1/2,"1-1/2""",150,AL-6061,"1-1/2""",1.5,5.1,1.81,2.53,48,53
PB304-CX150T1-5/8S1-1/2,"1-1/2""",150,304,"1-5/8""",1.625,5.55,5.81,8.13,80,88
PBSA36-CX150T1-5/8S1-1/2,"1-1/2""",150,SA-36,"1-5/8""",1.625,1.87,5.56,7.78,49,54
PBSA516-70-CX150T1-5/8S1-1/2,"1-1/2""",150,SA-516-70,"1-5/8""",1.625,2.18,5.56,7.78,52,58
PB304L-CX150T1-5/8S1-1/2,"1-1/2""",150,304L,"1-5/8""",1.625,6.01,5.81,8.13,84,93
PB316L-CX150T1-5/8S1-1/2,"1-1/2""",150,316L,"1-5/8""",1.625,7.48,5.88,8.23,96,106
PBAL6061-CX150T1-5/8S1-1/2,"1-1/2""",150,AL-6061,"1-5/8""",1.625,5.1,1.96,2.74,49,54
PB304-CX150T1-3/4S1-1/2,"1-1/2""",150,304,"1-3/4""",1.75,5.55,6.26,8.76,83,92
PBSA36-CX150T1-3/4S1-1/2,"1-1/2""",150,SA-36,"1-3/4""",1.75,1.87,5.99,8.39,51,57
PBSA516-70-CX150T1-3/4S1-1/2,"1-1/2""",150,SA-516-70,"1-3/4""",1.75,2.18,5.99,8.39,53,59
PB304L-CX150T1-3/4S1-1/2,"1-1/2""",150,304L,"1-3/4""",1.75,6.01,6.26,8.76,87,96
PB316L-CX150T1-3/4S1-1/2,"1-1/2""",150,316L,"1-3/4""",1.75,7.48,6.33,8.86,101,112
PBAL6061-CX150T1-3/4S1-1/2,"1-1/2""",150,AL-6061,"1-3/4""",1.75,5.1,2.11,2.95,50,56
PB304-CX150T1-7/8S1-1/2,"1-1/2""",150,304,"1-7/8""",1.875,5.55,6.71,9.39,87,96
PBSA36-CX150T1-7/8S1-1/2,"1-1/2""",150,SA-36,"1-7/8""",1.875,1.87,6.42,8.99,52,58
PBSA516-70-CX150T1-7/8S1-1/2,"1-1/2""",150,SA-516-70,"1-7/8""",1.875,2.18,6.42,8.99,54,60
PB304L-CX150T1-7/8S1-1/2,"1-1/2""",150,304L,"1-7/8""",1.875,6.01,6.71,9.39,91,101
PB316L-CX150T1-7/8S1-1/2,"1-1/2""",150,316L,"1-7/8""",1.875,7.48,6.78,9.49,106,117
PBAL6061-CX150T1-7/8S1-1/2,"1-1/2""",150,AL-6061,"1-7/8""",1.875,5.1,2.26,3.16,51,57
PB304-CX150T2S1-1/2,"1-1/2""",150,304,"2""",2,5.55,7.15,10.01,90,100
PBSA36-CX150T2S1-1/2,"1-1/2""",150,SA-36,"2""",2,1.87,6.85,9.59,53,59
PBSA516-70-CX150T2S1-1/2,"1-1/2""",150,SA-516-70,"2""",2,2.18,6.85,9.59,56,62
PB304L-CX150T2S1-1/2,"1-1/2""",150,304L,"2""",2,6.01,7.15,10.01,95,105
PB316L-CX150T2S1-1/2,"1-1/2""",150,316L,"2""",2,7.48,7.24,10.14,111,123
PBAL6061-CX150T2S1-1/2,"1-1/2""",150,AL-6061,"2""",2,5.1,2.41,3.37,52,58
PB304-CX150T2-1/4S1-1/2,"1-1/2""",150,304,"2-1/4""",2.25,5.55,8.05,11.27,97,107
PBSA36-CX150T2-1/4S1-1/2,"1-1/2""",150,SA-36,"2-1/4""",2.25,1.87,7.7,10.78,55,61
PBSA516-70-CX150T2-1/4S1-1/2,"1-1/2""",150,SA-516-70,"2-1/4""",2.25,2.18,7.7,10.78,58,64
PB304L-CX150T2-1/4S1-1/2,"1-1/2""",150,304L,"2-1/4""",2.25,6.01,8.05,11.27,103,114
PB316L-CX150T2-1/4S1-1/2,"1-1/2""",150,316L,"2-1/4""",2.25,7.48,8.14,11.4,120,132
PBAL6061-CX150T2-1/4S1-1/2,"1-1/2""",150,AL-6061,"2-1/4""",2.25,5.1,2.71,3.79,54,60
PB304-CX150T2-1/2S1-1/2,"1-1/2""",150,304,"2-1/2""",2.5,5.55,8.94,12.52,104,115
PBSA36-CX150T2-1/2S1-1/2,"1-1/2""",150,SA-36,"2-1/2""",2.5,1.87,8.56,11.98,57,63
PBSA516-70-CX150T2-1/2S1-1/2,"1-1/2""",150,SA-516-70,"2-1/2""",2.5,2.18,8.56,11.98,61,68
PB304L-CX150T2-1/2S1-1/2,"1-1/2""",150,304L,"2-1/2""",2.5,6.01,8.94,12.52,110,122
PB316L-CX150T2-1/2S1-1/2,"1-1/2""",150,316L,"2-1/2""",2.5,7.48,9.04,12.66,130,143
PBAL6061-CX150T2-1/2S1-1/2,"1-1/2""",150,AL-6061,"2-1/2""",2.5,5.1,3.02,4.23,56,62
PB304-CX150T3S1-1/2,"1-1/2""",150,304,"3""",3,5.55,10.73,15.02,118,130
PBSA36-CX150T3S1-1/2,"1-1/2""",150,SA-36,"3""",3,1.87,10.27,14.38,62,69
PBSA516-70-CX150T3S1-1/2,"1-1/2""",150,SA-516-70,"3""",3,2.18,10.27,14.38,66,73
PB304L-CX150T3S1-1/2,"1-1/2""",150,304L,"3""",3,6.01,10.73,15.02,125,138
PB316L-CX150T3S1-1/2,"1-1/2""",150,316L,"3""",3,7.48,10.85,15.19,148,163
PBAL6061-CX150T3S1-1/2,"1-1/2""",150,AL-6061,"3""",3,5.1,3.62,5.07,61,68
PB304-CX150T11GAS2,"2""",150,304,11 Gauge,0.1196,5.55,0.6,0.84,40,44
PBSA36-CX150T11GAS2,"2""",150,SA-36,11 Gauge,0.1196,1.87,0.57,0.8,36,40
PBSA516-70-CX150T11GAS2,"2""",150,SA-516-70,11 Gauge,0.1196,2.18,0.57,0.8,37,41
PB304L-CX150T11GAS2,"2""",150,304L,11 Gauge,0.1196,6.01,0.6,0.84,40,44
PB316L-CX150T11GAS2,"2""",150,316L,11 Gauge,0.1196,7.48,0.6,0.84,41,46
PBAL6061-CX150T11GAS2,"2""",150,AL-6061,11 Gauge,0.1196,5.1,0.2,0.28,36,40
PB304-CX150T1/8S2,"2""",150,304,"1/8""",0.125,5.55,0.62,0.87,40,44
PBSA36-CX150T1/8S2,"2""",150,SA-36,"1/8""",0.125,1.87,0.6,0.84,36,40
PBSA516-70-CX150T1/8S2,"2""",150,SA-516-70,"1/8""",0.125,2.18,0.6,0.84,37,41
PB304L-CX150T1/8S2,"2""",150,304L,"1/8""",0.125,6.01,0.62,0.87,40,44
PB316L-CX150T1/8S2,"2""",150,316L,"1/8""",0.125,7.48,0.63,0.88,41,46
PBAL6061-CX150T1/8S2,"2""",150,AL-6061,"1/8""",0.125,5.1,0.21,0.29,36,40
PB304-CX150T3/16S2,"2""",150,304,"3/16""",0.1875,5.55,0.93,1.3,42,47
PBSA36-CX150T3/16S2,"2""",150,SA-36,"3/16""",0.1875,1.87,0.89,1.25,37,41
PBSA516-70-CX150T3/16S2,"2""",150,SA-516-70,"3/16""",0.1875,2.18,0.89,1.25,38,42
PB304L-CX150T3/16S2,"2""",150,304L,"3/16""",0.1875,6.01,0.93,1.3,43,48
PB316L-CX150T3/16S2,"2""",150,316L,"3/16""",0.1875,7.48,0.94,1.32,45,50
PBAL6061-CX150T3/16S2,"2""",150,AL-6061,"3/16""",0.1875,5.1,0.32,0.45,37,41
PB304-CX150T1/4S2,"2""",150,304,"1/4""",0.25,5.55,1.25,1.75,45,50
PBSA36-CX150T1/4S2,"2""",150,SA-36,"1/4""",0.25,1.87,1.19,1.67,38,42
PBSA516-70-CX150T1/4S2,"2""",150,SA-516-70,"1/4""",0.25,2.18,1.19,1.67,38,42
PB304L-CX150T1/4S2,"2""",150,304L,"1/4""",0.25,6.01,1.25,1.75,45,50
PB316L-CX150T1/4S2,"2""",150,316L,"1/4""",0.25,7.48,1.26,1.76,48,53
PBAL6061-CX150T1/4S2,"2""",150,AL-6061,"1/4""",0.25,5.1,0.42,0.59,38,42
PB304-CX150T5/16S2,"2""",150,304,"5/16""",0.3125,5.55,1.56,2.18,47,52
PBSA36-CX150T5/16S2,"2""",150,SA-36,"5/16""",0.3125,1.87,1.49,2.09,39,43
PBSA516-70-CX150T5/16S2,"2""",150,SA-516-70,"5/16""",0.3125,2.18,1.49,2.09,39,43
PB304L-CX150T5/16S2,"2""",150,304L,"5/16""",0.3125,6.01,1.56,2.18,48,53
PB316L-CX150T5/16S2,"2""",150,316L,"5/16""",0.3125,7.48,1.57,2.2,51,57
PBAL6061-CX150T5/16S2,"2""",150,AL-6061,"5/16""",0.3125,5.1,0.53,0.74,39,43
PB304-CX150T3/8S2,"2""",150,304,"3/8""",0.375,5.55,1.87,2.62,49,54
PBSA36-CX150T3/8S2,"2""",150,SA-36,"3/8""",0.375,1.87,1.79,2.51,40,44
PBSA516-70-CX150T3/8S2,"2""",150,SA-516-70,"3/8""",0.375,2.18,1.79,2.51,40,44
PB304L-CX150T3/8S2,"2""",150,304L,"3/8""",0.375,6.01,1.87,2.62,51,57
PB316L-CX150T3/8S2,"2""",150,316L,"3/8""",0.375,7.48,1.89,2.65,55,61
PBAL6061-CX150T3/8S2,"2""",150,AL-6061,"3/8""",0.375,5.1,0.63,0.88,39,43
PB304-CX150T1/2S2,"2""",150,304,"1/2""",0.5,5.55,2.49,3.49,54,60
PBSA36-CX150T1/2S2,"2""",150,SA-36,"1/2""",0.5,1.87,2.38,3.33,41,46
PBSA516-70-CX150T1/2S2,"2""",150,SA-516-70,"1/2""",0.5,2.18,2.38,3.33,42,47
PB304L-CX150T1/2S2,"2""",150,304L,"1/2""",0.5,6.01,2.49,3.49,56,62
PB316L-CX150T1/2S2,"2""",150,316L,"1/2""",0.5,7.48,2.52,3.53,61,68
PBAL6061-CX150T1/2S2,"2""",150,AL-6061,"1/2""",0.5,5.1,0.84,1.18,41,46
PB304-CX150T5/8S2,"2""",150,304,"5/8""",0.625,5.55,3.11,4.35,59,65
PBSA36-CX150T5/8S2,"2""",150,SA-36,"5/8""",0.625,1.87,2.98,4.17,43,48
PBSA516-70-CX150T5/8S2,"2""",150,SA-516-70,"5/8""",0.625,2.18,2.98,4.17,44,49
PB304L-CX150T5/8S2,"2""",150,304L,"5/8""",0.625,6.01,3.11,4.35,61,68
PB316L-CX150T5/8S2,"2""",150,316L,"5/8""",0.625,7.48,3.15,4.41,68,75
PBAL6061-CX150T5/8S2,"2""",150,AL-6061,"5/8""",0.625,5.1,1.05,1.47,42,47
PB304-CX150T3/4S2,"2""",150,304,"3/4""",0.75,5.55,3.74,5.24,64,71
PBSA36-CX150T3/4S2,"2""",150,SA-36,"3/4""",0.75,1.87,3.58,5.01,44,49
PBSA516-70-CX150T3/4S2,"2""",150,SA-516-70,"3/4""",0.75,2.18,3.58,5.01,46,51
PB304L-CX150T3/4S2,"2""",150,304L,"3/4""",0.75,6.01,3.74,5.24,66,73
PB316L-CX150T3/4S2,"2""",150,316L,"3/4""",0.75,7.48,3.78,5.29,74,82
PBAL6061-CX150T3/4S2,"2""",150,AL-6061,"3/4""",0.75,5.1,1.26,1.76,44,49
PB304-CX150T7/8S2,"2""",150,304,"7/8""",0.875,5.55,4.36,6.1,69,76
PBSA36-CX150T7/8S2,"2""",150,SA-36,"7/8""",0.875,1.87,4.17,5.84,46,51
PBSA516-70-CX150T7/8S2,"2""",150,SA-516-70,"7/8""",0.875,2.18,4.17,5.84,48,53
PB304L-CX150T7/8S2,"2""",150,304L,"7/8""",0.875,6.01,4.36,6.1,72,80
PB316L-CX150T7/8S2,"2""",150,316L,"7/8""",0.875,7.48,4.41,6.17,81,90
PBAL6061-CX150T7/8S2,"2""",150,AL-6061,"7/8""",0.875,5.1,1.47,2.06,45,50
PB304-CX150T1S2,"2""",150,304,"1""",1,5.55,4.98,6.97,74,82
PBSA36-CX150T1S2,"2""",150,SA-36,"1""",1,1.87,4.77,6.68,47,52
PBSA516-70-CX150T1S2,"2""",150,SA-516-70,"1""",1,2.18,4.77,6.68,49,54
PB304L-CX150T1S2,"2""",150,304L,"1""",1,6.01,4.98,6.97,77,85
PB316L-CX150T1S2,"2""",150,316L,"1""",1,7.48,5.04,7.06,88,97
PBAL6061-CX150T1S2,"2""",150,AL-6061,"1""",1,5.1,1.68,2.35,47,52
PB304-CX150T1-1/8S2,"2""",150,304,"1-1/8""",1.125,5.55,5.61,7.85,78,86
PBSA36-CX150T1-1/8S2,"2""",150,SA-36,"1-1/8""",1.125,1.87,5.37,7.52,49,54
PBSA516-70-CX150T1-1/8S2,"2""",150,SA-516-70,"1-1/8""",1.125,2.18,5.37,7.52,51,57
PB304L-CX150T1-1/8S2,"2""",150,304L,"1-1/8""",1.125,6.01,5.61,7.85,82,91
PB316L-CX150T1-1/8S2,"2""",150,316L,"1-1/8""",1.125,7.48,5.67,7.94,94,104
PBAL6061-CX150T1-1/8S2,"2""",150,AL-6061,"1-1/8""",1.125,5.1,1.89,2.65,48,53
PB304-CX150T1-1/4S2,"2""",150,304,"1-1/4""",1.25,5.55,6.23,8.72,83,92
PBSA36-CX150T1-1/4S2,"2""",150,SA-36,"1-1/4""",1.25,1.87,5.96,8.34,50,56
PBSA516-70-CX150T1-1/4S2,"2""",150,SA-516-70,"1-1/4""",1.25,2.18,5.96,8.34,53,59
PB304L-CX150T1-1/4S2,"2""",150,304L,"1-1/4""",1.25,6.01,6.23,8.72,87,96
PB316L-CX150T1-1/4S2,"2""",150,316L,"1-1/4""",1.25,7.48,6.3,8.82,101,112
PBAL6061-CX150T1-1/4S2,"2""",150,AL-6061,"1-1/4""",1.25,5.1,2.1,2.94,50,56
PB304-CX150T1-3/8S2,"2""",150,304,"1-3/8""",1.375,5.55,6.85,9.59,88,97
PBSA36-CX150T1-3/8S2,"2""",150,SA-36,"1-3/8""",1.375,1.87,6.56,9.18,52,58
PBSA516-70-CX150T1-3/8S2,"2""",150,SA-516-70,"1-3/8""",1.375,2.18,6.56,9.18,55,61
PB304L-CX150T1-3/8S2,"2""",150,304L,"1-3/8""",1.375,6.01,6.85,9.59,92,102
PB316L-CX150T1-3/8S2,"2""",150,316L,"1-3/8""",1.375,7.48,6.93,9.7,107,118
PBAL6061-CX150T1-3/8S2,"2""",150,AL-6061,"1-3/8""",1.375,5.1,2.31,3.23,51,57
PB304-CX150T1-1/2S2,"2""",150,304,"1-1/2""",1.5,5.55,7.47,10.46,93,103
PBSA36-CX150T1-1/2S2,"2""",150,SA-36,"1-1/2""",1.5,1.87,7.15,10.01,54,60
PBSA516-70-CX150T1-1/2S2,"2""",150,SA-516-70,"1-1/2""",1.5,2.18,7.15,10.01,57,63
PB304L-CX150T1-1/2S2,"2""",150,304L,"1-1/2""",1.5,6.01,7.47,10.46,98,108
PB316L-CX150T1-1/2S2,"2""",150,316L,"1-1/2""",1.5,7.48,7.56,10.58,114,126
PBAL6061-CX150T1-1/2S2,"2""",150,AL-6061,"1-1/2""",1.5,5.1,2.52,3.53,53,59
PB304-CX150T1-5/8S2,"2""",150,304,"1-5/8""",1.625,5.55,8.1,11.34,98,108
PBSA36-CX150T1-5/8S2,"2""",150,SA-36,"1-5/8""",1.625,1.87,7.75,10.85,55,61
PBSA516-70-CX150T1-5/8S2,"2""",150,SA-516-70,"1-5/8""",1.625,2.18,7.75,10.85,59,65
PB304L-CX150T1-5/8S2,"2""",150,304L,"1-5/8""",1.625,6.01,8.1,11.34,103,114
PB316L-CX150T1-5/8S2,"2""",150,316L,"1-5/8""",1.625,7.48,8.19,11.47,121,134
PBAL6061-CX150T1-5/8S2,"2""",150,AL-6061,"1-5/8""",1.625,5.1,2.73,3.82,54,60
PB304-CX150T1-3/4S2,"2""",150,304,"1-3/4""",1.75,5.55,8.72,12.21,103,114
PBSA36-CX150T1-3/4S2,"2""",150,SA-36,"1-3/4""",1.75,1.87,8.35,11.69,57,63
PBSA516-70-CX150T1-3/4S2,"2""",150,SA-516-70,"1-3/4""",1.75,2.18,8.35,11.69,60,66
PB304L-CX150T1-3/4S2,"2""",150,304L,"1-3/4""",1.75,6.01,8.72,12.21,108,119
PB316L-CX150T1-3/4S2,"2""",150,316L,"1-3/4""",1.75,7.48,8.82,12.35,127,140
PBAL6061-CX150T1-3/4S2,"2""",150,AL-6061,"1-3/4""",1.75,5.1,2.94,4.12,56,62
PB304-CX150T1-7/8S2,"2""",150,304,"1-7/8""",1.875,5.55,9.34,13.08,107,118
PBSA36-CX150T1-7/8S2,"2""",150,SA-36,"1-7/8""",1.875,1.87,8.94,12.52,58,64
PBSA516-70-CX150T1-7/8S2,"2""",150,SA-516-70,"1-7/8""",1.875,2.18,8.94,12.52,62,69
PB304L-CX150T1-7/8S2,"2""",150,304L,"1-7/8""",1.875,6.01,9.34,13.08,113,125
PB316L-CX150T1-7/8S2,"2""",150,316L,"1-7/8""",1.875,7.48,9.45,13.23,134,148
PBAL6061-CX150T1-7/8S2,"2""",150,AL-6061,"1-7/8""",1.875,5.1,3.15,4.41,57,63
PB304-CX150T2S2,"2""",150,304,"2""",2,5.55,9.96,13.94,112,124
PBSA36-CX150T2S2,"2""",150,SA-36,"2""",2,1.87,9.54,13.36,60,66
PBSA516-70-CX150T2S2,"2""",150,SA-516-70,"2""",2,2.18,9.54,13.36,64,71
PB304L-CX150T2S2,"2""",150,304L,"2""",2,6.01,9.96,13.94,119,131
PB316L-CX150T2S2,"2""",150,316L,"2""",2,7.48,10.08,14.11,140,154
PBAL6061-CX150T2S2,"2""",150,AL-6061,"2""",2,5.1,3.36,4.7,59,65
PB304-CX150T2-1/4S2,"2""",150,304,"2-1/4""",2.25,5.55,11.21,15.69,122,135
PBSA36-CX150T2-1/4S2,"2""",150,SA-36,"2-1/4""",2.25,1.87,10.73,15.02,63,70
PBSA516-70-CX150T2-1/4S2,"2""",150,SA-516-70,"2-1/4""",2.25,2.18,10.73,15.02,68,75
PB304L-CX150T2-1/4S2,"2""",150,304L,"2-1/4""",2.25,6.01,11.21,15.69,129,142
PB316L-CX150T2-1/4S2,"2""",150,316L,"2-1/4""",2.25,7.48,11.34,15.88,154,170
PBAL6061-CX150T2-1/4S2,"2""",150,AL-6061,"2-1/4""",2.25,5.1,3.78,5.29,62,69
PB304-CX150T2-1/2S2,"2""",150,304,"2-1/2""",2.5,5.55,12.46,17.44,132,146
PBSA36-CX150T2-1/2S2,"2""",150,SA-36,"2-1/2""",2.5,1.87,11.92,16.69,66,73
PBSA516-70-CX150T2-1/2S2,"2""",150,SA-516-70,"2-1/2""",2.5,2.18,11.92,16.69,71,79
PB304L-CX150T2-1/2S2,"2""",150,304L,"2-1/2""",2.5,6.01,12.46,17.44,140,154
PB316L-CX150T2-1/2S2,"2""",150,316L,"2-1/2""",2.5,7.48,12.6,17.64,167,184
PBAL6061-CX150T2-1/2S2,"2""",150,AL-6061,"2-1/2""",2.5,5.1,4.2,5.88,65,72
PB304-CX150T3S2,"2""",150,304,"3""",3,5.55,14.95,20.93,151,167
PBSA36-CX150T3S2,"2""",150,SA-36,"3""",3,1.87,14.31,20.03,72,80
PBSA516-70-CX150T3S2,"2""",150,SA-516-70,"3""",3,2.18,14.31,20.03,79,87
PB304L-CX150T3S2,"2""",150,304L,"3""",3,6.01,14.95,20.93,161,178
PB316L-CX150T3S2,"2""",150,316L,"3""",3,7.48,15.12,21.17,193,213
PBAL6061-CX150T3S2,"2""",150,AL-6061,"3""",3,5.1,5.04,7.06,71,79
PB304-CX150T11GAS2-1/2,"2-1/2""",150,304,11 Gauge,0.1196,5.55,0.82,1.15,41,46
PBSA36-CX150T11GAS2-1/2,"2-1/2""",150,SA-36,11 Gauge,0.1196,1.87,0.79,1.11,37,41
PBSA516-70-CX150T11GAS2-1/2,"2-1/2""",150,SA-516-70,11 Gauge,0.1196,2.18,0.79,1.11,37,41
PB304L-CX150T11GAS2-1/2,"2-1/2""",150,304L,11 Gauge,0.1196,6.01,0.82,1.15,42,47
PB316L-CX150T11GAS2-1/2,"2-1/2""",150,316L,11 Gauge,0.1196,7.48,0.83,1.16,44,49
PBAL6061-CX150T11GAS2-1/2,"2-1/2""",150,AL-6061,11 Gauge,0.1196,5.1,0.28,0.39,37,41
PB304-CX150T1/8S2-1/2,"2-1/2""",150,304,"1/8""",0.125,5.55,0.86,1.2,42,47
PBSA36-CX150T1/8S2-1/2,"2-1/2""",150,SA-36,"1/8""",0.125,1.87,0.82,1.15,37,41
PBSA516-70-CX150T1/8S2-1/2,"2-1/2""",150,SA-516-70,"1/8""",0.125,2.18,0.82,1.15,37,41
PB304L-CX150T1/8S2-1/2,"2-1/2""",150,304L,"1/8""",0.125,6.01,0.86,1.2,42,47
PB316L-CX150T1/8S2-1/2,"2-1/2""",150,316L,"1/8""",0.125,7.48,0.87,1.22,44,49
PBAL6061-CX150T1/8S2-1/2,"2-1/2""",150,AL-6061,"1/8""",0.125,5.1,0.29,0.41,37,41
PB304-CX150T3/16S2-1/2,"2-1/2""",150,304,"3/16""",0.1875,5.55,1.29,1.81,45,50
PBSA36-CX150T3/16S2-1/2,"2-1/2""",150,SA-36,"3/16""",0.1875,1.87,1.23,1.72,38,42
PBSA516-70-CX150T3/16S2-1/2,"2-1/2""",150,SA-516-70,"3/16""",0.1875,2.18,1.23,1.72,39,43
PB304L-CX150T3/16S2-1/2,"2-1/2""",150,304L,"3/16""",0.1875,6.01,1.29,1.81,46,51
PB316L-CX150T3/16S2-1/2,"2-1/2""",150,316L,"3/16""",0.1875,7.48,1.3,1.82,48,53
PBAL6061-CX150T3/16S2-1/2,"2-1/2""",150,AL-6061,"3/16""",0.1875,5.1,0.43,0.6,38,42
PB304-CX150T1/4S2-1/2,"2-1/2""",150,304,"1/4""",0.25,5.55,1.72,2.41,48,53
PBSA36-CX150T1/4S2-1/2,"2-1/2""",150,SA-36,"1/4""",0.25,1.87,1.65,2.31,39,43
PBSA516-70-CX150T1/4S2-1/2,"2-1/2""",150,SA-516-70,"1/4""",0.25,2.18,1.65,2.31,40,44
PB304L-CX150T1/4S2-1/2,"2-1/2""",150,304L,"1/4""",0.25,6.01,1.72,2.41,49,54
PB316L-CX150T1/4S2-1/2,"2-1/2""",150,316L,"1/4""",0.25,7.48,1.74,2.44,53,59
PBAL6061-CX150T1/4S2-1/2,"2-1/2""",150,AL-6061,"1/4""",0.25,5.1,0.58,0.81,39,43
PB304-CX150T5/16S2-1/2,"2-1/2""",150,304,"5/16""",0.3125,5.55,2.15,3.01,52,58
PBSA36-CX150T5/16S2-1/2,"2-1/2""",150,SA-36,"5/16""",0.3125,1.87,2.06,2.88,40,44
PBSA516-70-CX150T5/16S2-1/2,"2-1/2""",150,SA-516-70,"5/16""",0.3125,2.18,2.06,2.88,41,46
PB304L-CX150T5/16S2-1/2,"2-1/2""",150,304L,"5/16""",0.3125,6.01,2.15,3.01,53,59
PB316L-CX150T5/16S2-1/2,"2-1/2""",150,316L,"5/16""",0.3125,7.48,2.17,3.04,58,64
PBAL6061-CX150T5/16S2-1/2,"2-1/2""",150,AL-6061,"5/16""",0.3125,5.1,0.72,1.01,40,44
PB304-CX150T3/8S2-1/2,"2-1/2""",150,304,"3/8""",0.375,5.55,2.58,3.61,55,61
PBSA36-CX150T3/8S2-1/2,"2-1/2""",150,SA-36,"3/8""",0.375,1.87,2.47,3.46,41,46
PBSA516-70-CX150T3/8S2-1/2,"2-1/2""",150,SA-516-70,"3/8""",0.375,2.18,2.47,3.46,42,47
PB304L-CX150T3/8S2-1/2,"2-1/2""",150,304L,"3/8""",0.375,6.01,2.58,3.61,57,63
PB316L-CX150T3/8S2-1/2,"2-1/2""",150,316L,"3/8""",0.375,7.48,2.61,3.65,62,69
PBAL6061-CX150T3/8S2-1/2,"2-1/2""",150,AL-6061,"3/8""",0.375,5.1,0.87,1.22,41,46
PB304-CX150T1/2S2-1/2,"2-1/2""",150,304,"1/2""",0.5,5.55,3.44,4.82,62,69
PBSA36-CX150T1/2S2-1/2,"2-1/2""",150,SA-36,"1/2""",0.5,1.87,3.29,4.61,43,48
PBSA516-70-CX150T1/2S2-1/2,"2-1/2""",150,SA-516-70,"1/2""",0.5,2.18,3.29,4.61,45,50
PB304L-CX150T1/2S2-1/2,"2-1/2""",150,304L,"1/2""",0.5,6.01,3.44,4.82,64,71
PB316L-CX150T1/2S2-1/2,"2-1/2""",150,316L,"1/2""",0.5,7.48,3.48,4.87,71,79
PBAL6061-CX150T1/2S2-1/2,"2-1/2""",150,AL-6061,"1/2""",0.5,5.1,1.16,1.62,43,48
PB304-CX150T5/8S2-1/2,"2-1/2""",150,304,"5/8""",0.625,5.55,4.3,6.02,68,75
PBSA36-CX150T5/8S2-1/2,"2-1/2""",150,SA-36,"5/8""",0.625,1.87,4.11,5.75,46,51
PBSA516-70-CX150T5/8S2-1/2,"2-1/2""",150,SA-516-70,"5/8""",0.625,2.18,4.11,5.75,47,52
PB304L-CX150T5/8S2-1/2,"2-1/2""",150,304L,"5/8""",0.625,6.01,4.3,6.02,71,79
PB316L-CX150T5/8S2-1/2,"2-1/2""",150,316L,"5/8""",0.625,7.48,4.35,6.09,80,88
PBAL6061-CX150T5/8S2-1/2,"2-1/2""",150,AL-6061,"5/8""",0.625,5.1,1.45,2.03,45,50
PB304-CX150T3/4S2-1/2,"2-1/2""",150,304,"3/4""",0.75,5.55,5.16,7.22,75,83
PBSA36-CX150T3/4S2-1/2,"2-1/2""",150,SA-36,"3/4""",0.75,1.87,4.94,6.92,48,53
PBSA516-70-CX150T3/4S2-1/2,"2-1/2""",150,SA-516-70,"3/4""",0.75,2.18,4.94,6.92,50,56
PB304L-CX150T3/4S2-1/2,"2-1/2""",150,304L,"3/4""",0.75,6.01,5.16,7.22,78,86
PB316L-CX150T3/4S2-1/2,"2-1/2""",150,316L,"3/4""",0.75,7.48,5.22,7.31,90,100
PBAL6061-CX150T3/4S2-1/2,"2-1/2""",150,AL-6061,"3/4""",0.75,5.1,1.74,2.44,47,52
PB304-CX150T7/8S2-1/2,"2-1/2""",150,304,"7/8""",0.875,5.55,6.02,8.43,82,91
PBSA36-CX150T7/8S2-1/2,"2-1/2""",150,SA-36,"7/8""",0.875,1.87,5.76,8.06,50,56
PBSA516-70-CX150T7/8S2-1/2,"2-1/2""",150,SA-516-70,"7/8""",0.875,2.18,5.76,8.06,52,58
PB304L-CX150T7/8S2-1/2,"2-1/2""",150,304L,"7/8""",0.875,6.01,6.02,8.43,86,95
PB316L-CX150T7/8S2-1/2,"2-1/2""",150,316L,"7/8""",0.875,7.48,6.09,8.53,99,109
PBAL6061-CX150T7/8S2-1/2,"2-1/2""",150,AL-6061,"7/8""",0.875,5.1,2.03,2.84,49,54
PB304-CX150T1S2-1/2,"2-1/2""",150,304,"1""",1,5.55,6.88,9.63,88,97
PBSA36-CX150T1S2-1/2,"2-1/2""",150,SA-36,"1""",1,1.87,6.58,9.21,52,58
PBSA516-70-CX150T1S2-1/2,"2-1/2""",150,SA-516-70,"1""",1,2.18,6.58,9.21,55,61
PB304L-CX150T1S2-1/2,"2-1/2""",150,304L,"1""",1,6.01,6.88,9.63,93,103
PB316L-CX150T1S2-1/2,"2-1/2""",150,316L,"1""",1,7.48,6.96,9.74,108,119
PBAL6061-CX150T1S2-1/2,"2-1/2""",150,AL-6061,"1""",1,5.1,2.32,3.25,51,57
PB304-CX150T1-1/8S2-1/2,"2-1/2""",150,304,"1-1/8""",1.125,5.55,7.74,10.84,95,105
PBSA36-CX150T1-1/8S2-1/2,"2-1/2""",150,SA-36,"1-1/8""",1.125,1.87,7.41,10.37,54,60
PBSA516-70-CX150T1-1/8S2-1/2,"2-1/2""",150,SA-516-70,"1-1/8""",1.125,2.18,7.41,10.37,57,63
PB304L-CX150T1-1/8S2-1/2,"2-1/2""",150,304L,"1-1/8""",1.125,6.01,7.74,10.84,100,111
PB316L-CX150T1-1/8S2-1/2,"2-1/2""",150,316L,"1-1/8""",1.125,7.48,7.83,10.96,117,129
PBAL6061-CX150T1-1/8S2-1/2,"2-1/2""",150,AL-6061,"1-1/8""",1.125,5.1,2.61,3.65,53,59
PB304-CX150T1-1/4S2-1/2,"2-1/2""",150,304,"1-1/4""",1.25,5.55,8.6,12.04,102,113
PBSA36-CX150T1-1/4S2-1/2,"2-1/2""",150,SA-36,"1-1/4""",1.25,1.87,8.23,11.52,56,62
PBSA516-70-CX150T1-1/4S2-1/2,"2-1/2""",150,SA-516-70,"1-1/4""",1.25,2.18,8.23,11.52,60,66
PB304L-CX150T1-1/4S2-1/2,"2-1/2""",150,304L,"1-1/4""",1.25,6.01,8.6,12.04,107,118
PB316L-CX150T1-1/4S2-1/2,"2-1/2""",150,316L,"1-1/4""",1.25,7.48,8.69,12.17,126,139
PBAL6061-CX150T1-1/4S2-1/2,"2-1/2""",150,AL-6061,"1-1/4""",1.25,5.1,2.9,4.06,56,62
PB304-CX150T1-3/8S2-1/2,"2-1/2""",150,304,"1-3/8""",1.375,5.55,9.46,13.24,108,119
PBSA36-CX150T1-3/8S2-1/2,"2-1/2""",150,SA-36,"1-3/8""",1.375,1.87,9.05,12.67,59,65
PBSA516-70-CX150T1-3/8S2-1/2,"2-1/2""",150,SA-516-70,"1-3/8""",1.375,2.18,9.05,12.67,62,69
PB304L-CX150T1-3/8S2-1/2,"2-1/2""",150,304L,"1-3/8""",1.375,6.01,9.46,13.24,114,126
PB316L-CX150T1-3/8S2-1/2,"2-1/2""",150,316L,"1-3/8""",1.375,7.48,9.56,13.38,135,149
PBAL6061-CX150T1-3/8S2-1/2,"2-1/2""",150,AL-6061,"1-3/8""",1.375,5.1,3.19,4.47,58,64
PB304-CX150T1-1/2S2-1/2,"2-1/2""",150,304,"1-1/2""",1.5,5.55,10.32,14.45,115,127
PBSA36-CX150T1-1/2S2-1/2,"2-1/2""",150,SA-36,"1-1/2""",1.5,1.87,9.88,13.83,61,68
PBSA516-70-CX150T1-1/2S2-1/2,"2-1/2""",150,SA-516-70,"1-1/2""",1.5,2.18,9.88,13.83,65,72
PB304L-CX150T1-1/2S2-1/2,"2-1/2""",150,304L,"1-1/2""",1.5,6.01,10.32,14.45,122,135
PB316L-CX150T1-1/2S2-1/2,"2-1/2""",150,316L,"1-1/2""",1.5,7.48,10.43,14.6,144,159
PBAL6061-CX150T1-1/2S2-1/2,"2-1/2""",150,AL-6061,"1-1/2""",1.5,5.1,3.48,4.87,60,66
PB304-CX150T1-5/8S2-1/2,"2-1/2""",150,304,"1-5/8""",1.625,5.55,11.18,15.65,122,135
PBSA36-CX150T1-5/8S2-1/2,"2-1/2""",150,SA-36,"1-5/8""",1.625,1.87,10.7,14.98,63,70
PBSA516-70-CX150T1-5/8S2-1/2,"2-1/2""",150,SA-516-70,"1-5/8""",1.625,2.18,10.7,14.98,68,75
PB304L-CX150T1-5/8S2-1/2,"2-1/2""",150,304L,"1-5/8""",1.625,6.01,11.18,15.65,129,142
PB316L-CX150T1-5/8S2-1/2,"2-1/2""",150,316L,"1-5/8""",1.625,7.48,11.3,15.82,153,169
PBAL6061-CX150T1-5/8S2-1/2,"2-1/2""",150,AL-6061,"1-5/8""",1.625,5.1,3.77,5.28,62,69
PB304-CX150T1-3/4S2-1/2,"2-1/2""",150,304,"1-3/4""",1.75,5.55,12.04,16.86,128,141
PBSA36-CX150T1-3/4S2-1/2,"2-1/2""",150,SA-36,"1-3/4""",1.75,1.87,11.52,16.13,65,72
PBSA516-70-CX150T1-3/4S2-1/2,"2-1/2""",150,SA-516-70,"1-3/4""",1.75,2.18,11.52,16.13,70,77
PB304L-CX150T1-3/4S2-1/2,"2-1/2""",150,304L,"1-3/4""",1.75,6.01,12.04,16.86,136,150
PB316L-CX150T1-3/4S2-1/2,"2-1/2""",150,316L,"1-3/4""",1.75,7.48,12.17,17.04,162,179
PBAL6061-CX150T1-3/4S2-1/2,"2-1/2""",150,AL-6061,"1-3/4""",1.75,5.1,4.06,5.68,64,71
PB304-CX150T1-7/8S2-1/2,"2-1/2""",150,304,"1-7/8""",1.875,5.55,12.9,18.06,135,149
PBSA36-CX150T1-7/8S2-1/2,"2-1/2""",150,SA-36,"1-7/8""",1.875,1.87,12.34,17.28,67,74
PBSA516-70-CX150T1-7/8S2-1/2,"2-1/2""",150,SA-516-70,"1-7/8""",1.875,2.18,12.34,17.28,73,81
PB304L-CX150T1-7/8S2-1/2,"2-1/2""",150,304L,"1-7/8""",1.875,6.01,12.9,18.06,143,158
PB316L-CX150T1-7/8S2-1/2,"2-1/2""",150,316L,"1-7/8""",1.875,7.48,13.04,18.26,171,189
PBAL6061-CX150T1-7/8S2-1/2,"2-1/2""",150,AL-6061,"1-7/8""",1.875,5.1,4.35,6.09,66,73
PB304-CX150T2S2-1/2,"2-1/2""",150,304,"2""",2,5.55,13.76,19.26,142,157
PBSA36-CX150T2S2-1/2,"2-1/2""",150,SA-36,"2""",2,1.87,13.17,18.44,69,76
PBSA516-70-CX150T2S2-1/2,"2-1/2""",150,SA-516-70,"2""",2,2.18,13.17,18.44,75,83
PB304L-CX150T2S2-1/2,"2-1/2""",150,304L,"2""",2,6.01,13.76,19.26,151,167
PB316L-CX150T2S2-1/2,"2-1/2""",150,316L,"2""",2,7.48,13.91,19.47,180,199
PBAL6061-CX150T2S2-1/2,"2-1/2""",150,AL-6061,"2""",2,5.1,4.64,6.5,68,75
PB304-CX150T2-1/4S2-1/2,"2-1/2""",150,304,"2-1/4""",2.25,5.55,15.47,21.66,155,171
PBSA36-CX150T2-1/4S2-1/2,"2-1/2""",150,SA-36,"2-1/4""",2.25,1.87,14.81,20.73,74,82
PBSA516-70-CX150T2-1/4S2-1/2,"2-1/2""",150,SA-516-70,"2-1/4""",2.25,2.18,14.81,20.73,80,88
PB304L-CX150T2-1/4S2-1/2,"2-1/2""",150,304L,"2-1/4""",2.25,6.01,15.47,21.66,165,182
PB316L-CX150T2-1/4S2-1/2,"2-1/2""",150,316L,"2-1/4""",2.25,7.48,15.65,21.91,199,219
PBAL6061-CX150T2-1/4S2-1/2,"2-1/2""",150,AL-6061,"2-1/4""",2.25,5.1,5.22,7.31,72,80
PB304-CX150T2-1/2S2-1/2,"2-1/2""",150,304,"2-1/2""",2.5,5.55,17.19,24.07,168,185
PBSA36-CX150T2-1/2S2-1/2,"2-1/2""",150,SA-36,"2-1/2""",2.5,1.87,16.46,23.04,78,86
PBSA516-70-CX150T2-1/2S2-1/2,"2-1/2""",150,SA-516-70,"2-1/2""",2.5,2.18,16.46,23.04,85,94
PB304L-CX150T2-1/2S2-1/2,"2-1/2""",150,304L,"2-1/2""",2.5,6.01,17.19,24.07,180,199
PB316L-CX150T2-1/2S2-1/2,"2-1/2""",150,316L,"2-1/2""",2.5,7.48,17.39,24.35,217,239
PBAL6061-CX150T2-1/2S2-1/2,"2-1/2""",150,AL-6061,"2-1/2""",2.5,5.1,5.8,8.12,76,84
PB304-CX150T3S2-1/2,"2-1/2""",150,304,"3""",3,5.55,20.63,28.88,195,215
PBSA36-CX150T3S2-1/2,"2-1/2""",150,SA-36,"3""",3,1.87,19.75,27.65,87,96
PBSA516-70-CX150T3S2-1/2,"2-1/2""",150,SA-516-70,"3""",3,2.18,19.75,27.65,95,105
PB304L-CX150T3S2-1/2,"2-1/2""",150,304L,"3""",3,6.01,20.63,28.88,208,229
PB316L-CX150T3S2-1/2,"2-1/2""",150,316L,"3""",3,7.48,20.87,29.22,253,279
PBAL6061-CX150T3S2-1/2,"2-1/2""",150,AL-6061,"3""",3,5.1,6.96,9.74,85,94
PB304-CX150T11GAS3,"3""",150,304,11 Gauge,0.1196,5.55,0.99,1.39,43,48
PBSA36-CX150T11GAS3,"3""",150,SA-36,11 Gauge,0.1196,1.87,0.95,1.33,37,41
PBSA516-70-CX150T11GAS3,"3""",150,SA-516-70,11 Gauge,0.1196,2.18,0.95,1.33,38,42
PB304L-CX150T11GAS3,"3""",150,304L,11 Gauge,0.1196,6.01,0.99,1.39,43,48
PB316L-CX150T11GAS3,"3""",150,316L,11 Gauge,0.1196,7.48,1.01,1.41,45,50
PBAL6061-CX150T11GAS3,"3""",150,AL-6061,11 Gauge,0.1196,5.1,0.34,0.48,37,41
PB304-CX150T1/8S3,"3""",150,304,"1/8""",0.125,5.55,1.04,1.46,43,48
PBSA36-CX150T1/8S3,"3""",150,SA-36,"1/8""",0.125,1.87,0.99,1.39,37,41
PBSA516-70-CX150T1/8S3,"3""",150,SA-516-70,"1/8""",0.125,2.18,0.99,1.39,38,42
PB304L-CX150T1/8S3,"3""",150,304L,"1/8""",0.125,6.01,1.04,1.46,44,49
PB316L-CX150T1/8S3,"3""",150,316L,"1/8""",0.125,7.48,1.05,1.47,46,51
PBAL6061-CX150T1/8S3,"3""",150,AL-6061,"1/8""",0.125,5.1,0.35,0.49,37,41
PB304-CX150T3/16S3,"3""",150,304,"3/16""",0.1875,5.55,1.56,2.18,47,52
PBSA36-CX150T3/16S3,"3""",150,SA-36,"3/16""",0.1875,1.87,1.49,2.09,39,43
PBSA516-70-CX150T3/16S3,"3""",150,SA-516-70,"3/16""",0.1875,2.18,1.49,2.09,39,43
PB304L-CX150T3/16S3,"3""",150,304L,"3/16""",0.1875,6.01,1.56,2.18,48,53
PB316L-CX150T3/16S3,"3""",150,316L,"3/16""",0.1875,7.48,1.58,2.21,51,57
PBAL6061-CX150T3/16S3,"3""",150,AL-6061,"3/16""",0.1875,5.1,0.53,0.74,39,43
PB304-CX150T1/4S3,"3""",150,304,"1/4""",0.25,5.55,2.08,2.91,51,57
PBSA36-CX150T1/4S3,"3""",150,SA-36,"1/4""",0.25,1.87,1.99,2.79,40,44
PBSA516-70-CX150T1/4S3,"3""",150,SA-516-70,"1/4""",0.25,2.18,1.99,2.79,41,46
PB304L-CX150T1/4S3,"3""",150,304L,"1/4""",0.25,6.01,2.08,2.91,52,58
PB316L-CX150T1/4S3,"3""",150,316L,"1/4""",0.25,7.48,2.1,2.94,57,63
PBAL6061-CX150T1/4S3,"3""",150,AL-6061,"1/4""",0.25,5.1,0.7,0.98,40,44
PB304-CX150T5/16S3,"3""",150,304,"5/16""",0.3125,5.55,2.6,3.64,55,61
PBSA36-CX150T5/16S3,"3""",150,SA-36,"5/16""",0.3125,1.87,2.49,3.49,41,46
PBSA516-70-CX150T5/16S3,"3""",150,SA-516-70,"5/16""",0.3125,2.18,2.49,3.49,42,47
PB304L-CX150T5/16S3,"3""",150,304L,"5/16""",0.3125,6.01,2.6,3.64,57,63
PB316L-CX150T5/16S3,"3""",150,316L,"5/16""",0.3125,7.48,2.63,3.68,62,69
PBAL6061-CX150T5/16S3,"3""",150,AL-6061,"5/16""",0.3125,5.1,0.88,1.23,41,46
PB304-CX150T3/8S3,"3""",150,304,"3/8""",0.375,5.55,3.12,4.37,59,65
PBSA36-CX150T3/8S3,"3""",150,SA-36,"3/8""",0.375,1.87,2.98,4.17,43,48
PBSA516-70-CX150T3/8S3,"3""",150,SA-516-70,"3/8""",0.375,2.18,2.98,4.17,44,49
PB304L-CX150T3/8S3,"3""",150,304L,"3/8""",0.375,6.01,3.12,4.37,61,68
PB316L-CX150T3/8S3,"3""",150,316L,"3/8""",0.375,7.48,3.15,4.41,68,75
PBAL6061-CX150T3/8S3,"3""",150,AL-6061,"3/8""",0.375,5.1,1.05,1.47,42,47
PB304-CX150T1/2S3,"3""",150,304,"1/2""",0.5,5.55,4.15,5.81,67,74
PBSA36-CX150T1/2S3,"3""",150,SA-36,"1/2""",0.5,1.87,3.98,5.57,45,50
PBSA516-70-CX150T1/2S3,"3""",150,SA-516-70,"1/2""",0.5,2.18,3.98,5.57,47,52
PB304L-CX150T1/2S3,"3""",150,304L,"1/2""",0.5,6.01,4.15,5.81,70,77
PB316L-CX150T1/2S3,"3""",150,316L,"1/2""",0.5,7.48,4.2,5.88,79,87
PBAL6061-CX150T1/2S3,"3""",150,AL-6061,"1/2""",0.5,5.1,1.4,1.96,45,50
PB304-CX150T5/8S3,"3""",150,304,"5/8""",0.625,5.55,5.19,7.27,75,83
PBSA36-CX150T5/8S3,"3""",150,SA-36,"5/8""",0.625,1.87,4.97,6.96,48,53
PBSA516-70-CX150T5/8S3,"3""",150,SA-516-70,"5/8""",0.625,2.18,4.97,6.96,50,56
PB304L-CX150T5/8S3,"3""",150,304L,"5/8""",0.625,6.01,5.19,7.27,79,87
PB316L-CX150T5/8S3,"3""",150,316L,"5/8""",0.625,7.48,5.25,7.35,90,100
PBAL6061-CX150T5/8S3,"3""",150,AL-6061,"5/8""",0.625,5.1,1.75,2.45,47,52
PB304-CX150T3/4S3,"3""",150,304,"3/4""",0.75,5.55,6.23,8.72,83,92
PBSA36-CX150T3/4S3,"3""",150,SA-36,"3/4""",0.75,1.87,5.97,8.36,50,56
PBSA516-70-CX150T3/4S3,"3""",150,SA-516-70,"3/4""",0.75,2.18,5.97,8.36,53,59
PB304L-CX150T3/4S3,"3""",150,304L,"3/4""",0.75,6.01,6.23,8.72,87,96
PB316L-CX150T3/4S3,"3""",150,316L,"3/4""",0.75,7.48,6.3,8.82,101,112
PBAL6061-CX150T3/4S3,"3""",150,AL-6061,"3/4""",0.75,5.1,2.1,2.94,50,56
PB304-CX150T7/8S3,"3""",150,304,"7/8""",0.875,5.55,7.27,10.18,91,101
PBSA36-CX150T7/8S3,"3""",150,SA-36,"7/8""",0.875,1.87,6.96,9.74,53,59
PBSA516-70-CX150T7/8S3,"3""",150,SA-516-70,"7/8""",0.875,2.18,6.96,9.74,56,62
PB304L-CX150T7/8S3,"3""",150,304L,"7/8""",0.875,6.01,7.27,10.18,96,106
PB316L-CX150T7/8S3,"3""",150,316L,"7/8""",0.875,7.48,7.35,10.29,112,124
PBAL6061-CX150T7/8S3,"3""",150,AL-6061,"7/8""",0.875,5.1,2.45,3.43,52,58
PB304-CX150T1S3,"3""",150,304,"1""",1,5.55,8.31,11.63,99,109
PBSA36-CX150T1S3,"3""",150,SA-36,"1""",1,1.87,7.95,11.13,56,62
PBSA516-70-CX150T1S3,"3""",150,SA-516-70,"1""",1,2.18,7.95,11.13,59,65
PB304L-CX150T1S3,"3""",150,304L,"1""",1,6.01,8.31,11.63,105,116
PB316L-CX150T1S3,"3""",150,316L,"1""",1,7.48,8.4,11.76,123,136
PBAL6061-CX150T1S3,"3""",150,AL-6061,"1""",1,5.1,2.8,3.92,55,61
PB304-CX150T1-1/8S3,"3""",150,304,"1-1/8""",1.125,5.55,9.35,13.09,107,118
PBSA36-CX150T1-1/8S3,"3""",150,SA-36,"1-1/8""",1.125,1.87,8.95,12.53,58,64
PBSA516-70-CX150T1-1/8S3,"3""",150,SA-516-70,"1-1/8""",1.125,2.18,8.95,12.53,62,69
PB304L-CX150T1-1/8S3,"3""",150,304L,"1-1/8""",1.125,6.01,9.35,13.09,114,126
PB316L-CX150T1-1/8S3,"3""",150,316L,"1-1/8""",1.125,7.48,9.45,13.23,134,148
PBAL6061-CX150T1-1/8S3,"3""",150,AL-6061,"1-1/8""",1.125,5.1,3.15,4.41,57,63
PB304-CX150T1-1/4S3,"3""",150,304,"1-1/4""",1.25,5.55,10.39,14.55,116,128
PBSA36-CX150T1-1/4S3,"3""",150,SA-36,"1-1/4""",1.25,1.87,9.94,13.92,61,68
PBSA516-70-CX150T1-1/4S3,"3""",150,SA-516-70,"1-1/4""",1.25,2.18,9.94,13.92,65,72
PB304L-CX150T1-1/4S3,"3""",150,304L,"1-1/4""",1.25,6.01,10.39,14.55,122,135
PB316L-CX150T1-1/4S3,"3""",150,316L,"1-1/4""",1.25,7.48,10.51,14.71,145,160
PBAL6061-CX150T1-1/4S3,"3""",150,AL-6061,"1-1/4""",1.25,5.1,3.5,4.9,60,66
PB304-CX150T1-3/8S3,"3""",150,304,"1-3/8""",1.375,5.55,11.43,16,124,137
PBSA36-CX150T1-3/8S3,"3""",150,SA-36,"1-3/8""",1.375,1.87,10.94,15.32,63,70
PBSA516-70-CX150T1-3/8S3,"3""",150,SA-516-70,"1-3/8""",1.375,2.18,10.94,15.32,68,75
PB304L-CX150T1-3/8S3,"3""",150,304L,"1-3/8""",1.375,6.01,11.43,16,131,145
PB316L-CX150T1-3/8S3,"3""",150,316L,"1-3/8""",1.375,7.48,11.56,16.18,156,172
PBAL6061-CX150T1-3/8S3,"3""",150,AL-6061,"1-3/8""",1.375,5.1,3.85,5.39,62,69
PB304-CX150T1-1/2S3,"3""",150,304,"1-1/2""",1.5,5.55,12.46,17.44,132,146
PBSA36-CX150T1-1/2S3,"3""",150,SA-36,"1-1/2""",1.5,1.87,11.93,16.7,66,73
PBSA516-70-CX150T1-1/2S3,"3""",150,SA-516-70,"1-1/2""",1.5,2.18,11.93,16.7,71,79
PB304L-CX150T1-1/2S3,"3""",150,304L,"1-1/2""",1.5,6.01,12.46,17.44,140,154
PB316L-CX150T1-1/2S3,"3""",150,316L,"1-1/2""",1.5,7.48,12.61,17.65,167,184
PBAL6061-CX150T1-1/2S3,"3""",150,AL-6061,"1-1/2""",1.5,5.1,4.2,5.88,65,72
PB304-CX150T1-5/8S3,"3""",150,304,"1-5/8""",1.625,5.55,13.5,18.9,140,154
PBSA36-CX150T1-5/8S3,"3""",150,SA-36,"1-5/8""",1.625,1.87,12.93,18.1,69,76
PBSA516-70-CX150T1-5/8S3,"3""",150,SA-516-70,"1-5/8""",1.625,2.18,12.93,18.1,74,82
PB304L-CX150T1-5/8S3,"3""",150,304L,"1-5/8""",1.625,6.01,13.5,18.9,148,163
PB316L-CX150T1-5/8S3,"3""",150,316L,"1-5/8""",1.625,7.48,13.66,19.12,178,196
PBAL6061-CX150T1-5/8S3,"3""",150,AL-6061,"1-5/8""",1.625,5.1,4.55,6.37,67,74
PB304-CX150T1-3/4S3,"3""",150,304,"1-3/4""",1.75,5.55,14.54,20.36,148,163
PBSA36-CX150T1-3/4S3,"3""",150,SA-36,"1-3/4""",1.75,1.87,13.92,19.49,71,79
PBSA516-70-CX150T1-3/4S3,"3""",150,SA-516-70,"1-3/4""",1.75,2.18,13.92,19.49,77,85
PB304L-CX150T1-3/4S3,"3""",150,304L,"1-3/4""",1.75,6.01,14.54,20.36,157,173
PB316L-CX150T1-3/4S3,"3""",150,316L,"1-3/4""",1.75,7.48,14.71,20.59,189,208
PBAL6061-CX150T1-3/4S3,"3""",150,AL-6061,"1-3/4""",1.75,5.1,4.9,6.86,70,77
PB304-CX150T1-7/8S3,"3""",150,304,"1-7/8""",1.875,5.55,15.58,21.81,156,172
PBSA36-CX150T1-7/8S3,"3""",150,SA-36,"1-7/8""",1.875,1.87,14.91,20.87,74,82
PBSA516-70-CX150T1-7/8S3,"3""",150,SA-516-70,"1-7/8""",1.875,2.18,14.91,20.87,80,88
PB304L-CX150T1-7/8S3,"3""",150,304L,"1-7/8""",1.875,6.01,15.58,21.81,166,183
PB316L-CX150T1-7/8S3,"3""",150,316L,"1-7/8""",1.875,7.48,15.76,22.06,200,221
PBAL6061-CX150T1-7/8S3,"3""",150,AL-6061,"1-7/8""",1.875,5.1,5.25,7.35,72,80
PB304-CX150T2S3,"3""",150,304,"2""",2,5.55,16.62,23.27,164,181
PBSA36-CX150T2S3,"3""",150,SA-36,"2""",2,1.87,15.91,22.27,76,84
PBSA516-70-CX150T2S3,"3""",150,SA-516-70,"2""",2,2.18,15.91,22.27,83,92
PB304L-CX150T2S3,"3""",150,304L,"2""",2,6.01,16.62,23.27,175,193
PB316L-CX150T2S3,"3""",150,316L,"2""",2,7.48,16.81,23.53,211,233
PBAL6061-CX150T2S3,"3""",150,AL-6061,"2""",2,5.1,5.61,7.85,75,83
PB304-CX150T2-1/4S3,"3""",150,304,"2-1/4""",2.25,5.55,18.7,26.18,180,199
PBSA36-CX150T2-1/4S3,"3""",150,SA-36,"2-1/4""",2.25,1.87,17.9,25.06,82,91
PBSA516-70-CX150T2-1/4S3,"3""",150,SA-516-70,"2-1/4""",2.25,2.18,17.9,25.06,89,98
PB304L-CX150T2-1/4S3,"3""",150,304L,"2-1/4""",2.25,6.01,18.7,26.18,192,212
PB316L-CX150T2-1/4S3,"3""",150,316L,"2-1/4""",2.25,7.48,18.91,26.47,233,257
PBAL6061-CX150T2-1/4S3,"3""",150,AL-6061,"2-1/4""",2.25,5.1,6.31,8.83,80,88
PB304-CX150T2-1/2S3,"3""",150,304,"2-1/2""",2.5,5.55,20.77,29.08,196,216
PBSA36-CX150T2-1/2S3,"3""",150,SA-36,"2-1/2""",2.5,1.87,19.89,27.85,87,96
PBSA516-70-CX150T2-1/2S3,"3""",150,SA-516-70,"2-1/2""",2.5,2.18,19.89,27.85,96,106
PB304L-CX150T2-1/2S3,"3""",150,304L,"2-1/2""",2.5,6.01,20.77,29.08,210,232
PB316L-CX150T2-1/2S3,"3""",150,316L,"2-1/2""",2.5,7.48,21.01,29.41,255,281
PBAL6061-CX150T2-1/2S3,"3""",150,AL-6061,"2-1/2""",2.5,5.1,7.01,9.81,85,94
PB304-CX150T3S3,"3""",150,304,"3""",3,5.55,24.93,34.9,229,252
PBSA36-CX150T3S3,"3""",150,SA-36,"3""",3,1.87,23.86,33.4,97,107
PBSA516-70-CX150T3S3,"3""",150,SA-516-70,"3""",3,2.18,23.86,33.4,108,119
PB304L-CX150T3S3,"3""",150,304L,"3""",3,6.01,24.93,34.9,245,270
PB316L-CX150T3S3,"3""",150,316L,"3""",3,7.48,25.21,35.29,299,329
PBAL6061-CX150T3S3,"3""",150,AL-6061,"3""",3,5.1,8.41,11.77,95,105
PB304-CX150T11GAS4,"4""",150,304,11 Gauge,0.1196,5.55,1.6,2.24,47,52
PBSA36-CX150T11GAS4,"4""",150,SA-36,11 Gauge,0.1196,1.87,1.54,2.16,39,43
PBSA516-70-CX150T11GAS4,"4""",150,SA-516-70,11 Gauge,0.1196,2.18,1.54,2.16,40,44
PB304L-CX150T11GAS4,"4""",150,304L,11 Gauge,0.1196,6.01,1.6,2.24,48,53
PB316L-CX150T11GAS4,"4""",150,316L,11 Gauge,0.1196,7.48,1.62,2.27,52,58
PBAL6061-CX150T11GAS4,"4""",150,AL-6061,11 Gauge,0.1196,5.1,0.54,0.76,39,43
PB304-CX150T1/8S4,"4""",150,304,"1/8""",0.125,5.55,1.68,2.35,48,53
PBSA36-CX150T1/8S4,"4""",150,SA-36,"1/8""",0.125,1.87,1.61,2.25,39,43
PBSA516-70-CX150T1/8S4,"4""",150,SA-516-70,"1/8""",0.125,2.18,1.61,2.25,40,44
PB304L-CX150T1/8S4,"4""",150,304L,"1/8""",0.125,6.01,1.68,2.35,49,54
PB316L-CX150T1/8S4,"4""",150,316L,"1/8""",0.125,7.48,1.7,2.38,53,59
PBAL6061-CX150T1/8S4,"4""",150,AL-6061,"1/8""",0.125,5.1,0.57,0.8,39,43
PB304-CX150T3/16S4,"4""",150,304,"3/16""",0.1875,5.55,2.52,3.53,54,60
PBSA36-CX150T3/16S4,"4""",150,SA-36,"3/16""",0.1875,1.87,2.41,3.37,41,46
PBSA516-70-CX150T3/16S4,"4""",150,SA-516-70,"3/16""",0.1875,2.18,2.41,3.37,42,47
PB304L-CX150T3/16S4,"4""",150,304L,"3/16""",0.1875,6.01,2.52,3.53,56,62
PB316L-CX150T3/16S4,"4""",150,316L,"3/16""",0.1875,7.48,2.54,3.56,61,68
PBAL6061-CX150T3/16S4,"4""",150,AL-6061,"3/16""",0.1875,5.1,0.85,1.19,41,46
PB304-CX150T1/4S4,"4""",150,304,"1/4""",0.25,5.55,3.35,4.69,61,68
PBSA36-CX150T1/4S4,"4""",150,SA-36,"1/4""",0.25,1.87,3.21,4.49,43,48
PBSA516-70-CX150T1/4S4,"4""",150,SA-516-70,"1/4""",0.25,2.18,3.21,4.49,45,50
PB304L-CX150T1/4S4,"4""",150,304L,"1/4""",0.25,6.01,3.35,4.69,63,70
PB316L-CX150T1/4S4,"4""",150,316L,"1/4""",0.25,7.48,3.39,4.75,70,77
PBAL6061-CX150T1/4S4,"4""",150,AL-6061,"1/4""",0.25,5.1,1.13,1.58,43,48
PB304-CX150T5/16S4,"4""",150,304,"5/16""",0.3125,5.55,4.19,5.87,67,74
PBSA36-CX150T5/16S4,"4""",150,SA-36,"5/16""",0.3125,1.87,4.01,5.61,45,50
PBSA516-70-CX150T5/16S4,"4""",150,SA-516-70,"5/16""",0.3125,2.18,4.01,5.61,47,52
PB304L-CX150T5/16S4,"4""",150,304L,"5/16""",0.3125,6.01,4.19,5.87,70,77
PB316L-CX150T5/16S4,"4""",150,316L,"5/16""",0.3125,7.48,4.24,5.94,79,87
PBAL6061-CX150T5/16S4,"4""",150,AL-6061,"5/16""",0.3125,5.1,1.41,1.97,45,50
PB304-CX150T3/8S4,"4""",150,304,"3/8""",0.375,5.55,5.03,7.04,74,82
PBSA36-CX150T3/8S4,"4""",150,SA-36,"3/8""",0.375,1.87,4.82,6.75,47,52
PBSA516-70-CX150T3/8S4,"4""",150,SA-516-70,"3/8""",0.375,2.18,4.82,6.75,50,56
PB304L-CX150T3/8S4,"4""",150,304L,"3/8""",0.375,6.01,5.03,7.04,77,85
PB316L-CX150T3/8S4,"4""",150,316L,"3/8""",0.375,7.48,5.09,7.13,88,97
PBAL6061-CX150T3/8S4,"4""",150,AL-6061,"3/8""",0.375,5.1,1.7,2.38,47,52
PB304-CX150T1/2S4,"4""",150,304,"1/2""",0.5,5.55,6.71,9.39,87,96
PBSA36-CX150T1/2S4,"4""",150,SA-36,"1/2""",0.5,1.87,6.42,8.99,52,58
PBSA516-70-CX150T1/2S4,"4""",150,SA-516-70,"1/2""",0.5,2.18,6.42,8.99,54,60
PB304L-CX150T1/2S4,"4""",150,304L,"1/2""",0.5,6.01,6.71,9.39,91,101
PB316L-CX150T1/2S4,"4""",150,316L,"1/2""",0.5,7.48,6.78,9.49,106,117
PBAL6061-CX150T1/2S4,"4""",150,AL-6061,"1/2""",0.5,5.1,2.26,3.16,51,57
PB304-CX150T5/8S4,"4""",150,304,"5/8""",0.625,5.55,8.38,11.73,100,111
PBSA36-CX150T5/8S4,"4""",150,SA-36,"5/8""",0.625,1.87,8.03,11.24,56,62
PBSA516-70-CX150T5/8S4,"4""",150,SA-516-70,"5/8""",0.625,2.18,8.03,11.24,59,65
PB304L-CX150T5/8S4,"4""",150,304L,"5/8""",0.625,6.01,8.38,11.73,105,116
PB316L-CX150T5/8S4,"4""",150,316L,"5/8""",0.625,7.48,8.48,11.87,124,137
PBAL6061-CX150T5/8S4,"4""",150,AL-6061,"5/8""",0.625,5.1,2.83,3.96,55,61
PB304-CX150T3/4S4,"4""",150,304,"3/4""",0.75,5.55,10.06,14.08,113,125
PBSA36-CX150T3/4S4,"4""",150,SA-36,"3/4""",0.75,1.87,9.63,13.48,60,66
PBSA516-70-CX150T3/4S4,"4""",150,SA-516-70,"3/4""",0.75,2.18,9.63,13.48,64,71
PB304L-CX150T3/4S4,"4""",150,304L,"3/4""",0.75,6.01,10.06,14.08,119,131
PB316L-CX150T3/4S4,"4""",150,316L,"3/4""",0.75,7.48,10.18,14.25,141,156
PBAL6061-CX150T3/4S4,"4""",150,AL-6061,"3/4""",0.75,5.1,3.39,4.75,59,65
PB304-CX150T7/8S4,"4""",150,304,"7/8""",0.875,5.55,11.74,16.44,126,139
PBSA36-CX150T7/8S4,"4""",150,SA-36,"7/8""",0.875,1.87,11.24,15.74,64,71
PBSA516-70-CX150T7/8S4,"4""",150,SA-516-70,"7/8""",0.875,2.18,11.24,15.74,69,76
PB304L-CX150T7/8S4,"4""",150,304L,"7/8""",0.875,6.01,11.74,16.44,134,148
PB316L-CX150T7/8S4,"4""",150,316L,"7/8""",0.875,7.48,11.87,16.62,159,175
PBAL6061-CX150T7/8S4,"4""",150,AL-6061,"7/8""",0.875,5.1,3.96,5.54,63,70
PB304-CX150T1S4,"4""",150,304,"1""",1,5.55,13.41,18.77,139,153
PBSA36-CX150T1S4,"4""",150,SA-36,"1""",1,1.87,12.84,17.98,68,75
PBSA516-70-CX150T1S4,"4""",150,SA-516-70,"1""",1,2.18,12.84,17.98,74,82
PB304L-CX150T1S4,"4""",150,304L,"1""",1,6.01,13.41,18.77,148,163
PB316L-CX150T1S4,"4""",150,316L,"1""",1,7.48,13.57,19,177,195
PBAL6061-CX150T1S4,"4""",150,AL-6061,"1""",1,5.1,4.52,6.33,67,74
PB304-CX150T1-1/8S4,"4""",150,304,"1-1/8""",1.125,5.55,15.09,21.13,152,168
PBSA36-CX150T1-1/8S4,"4""",150,SA-36,"1-1/8""",1.125,1.87,14.45,20.23,73,81
PBSA516-70-CX150T1-1/8S4,"4""",150,SA-516-70,"1-1/8""",1.125,2.18,14.45,20.23,79,87
PB304L-CX150T1-1/8S4,"4""",150,304L,"1-1/8""",1.125,6.01,15.09,21.13,162,179
PB316L-CX150T1-1/8S4,"4""",150,316L,"1-1/8""",1.125,7.48,15.26,21.36,195,215
PBAL6061-CX150T1-1/8S4,"4""",150,AL-6061,"1-1/8""",1.125,5.1,5.09,7.13,71,79
PB304-CX150T1-1/4S4,"4""",150,304,"1-1/4""",1.25,5.55,16.77,23.48,165,182
PBSA36-CX150T1-1/4S4,"4""",150,SA-36,"1-1/4""",1.25,1.87,16.05,22.47,77,85
PBSA516-70-CX150T1-1/4S4,"4""",150,SA-516-70,"1-1/4""",1.25,2.18,16.05,22.47,84,93
PB304L-CX150T1-1/4S4,"4""",150,304L,"1-1/4""",1.25,6.01,16.77,23.48,176,194
PB316L-CX150T1-1/4S4,"4""",150,316L,"1-1/4""",1.25,7.48,16.96,23.74,212,234
PBAL6061-CX150T1-1/4S4,"4""",150,AL-6061,"1-1/4""",1.25,5.1,5.66,7.92,75,83
PB304-CX150T1-3/8S4,"4""",150,304,"1-3/8""",1.375,5.55,18.45,25.83,178,196
PBSA36-CX150T1-3/8S4,"4""",150,SA-36,"1-3/8""",1.375,1.87,17.66,24.72,81,90
PBSA516-70-CX150T1-3/8S4,"4""",150,SA-516-70,"1-3/8""",1.375,2.18,17.66,24.72,89,98
PB304L-CX150T1-3/8S4,"4""",150,304L,"1-3/8""",1.375,6.01,18.45,25.83,190,210
PB316L-CX150T1-3/8S4,"4""",150,316L,"1-3/8""",1.375,7.48,18.66,26.12,230,254
PBAL6061-CX150T1-3/8S4,"4""",150,AL-6061,"1-3/8""",1.375,5.1,6.22,8.71,79,87
PB304-CX150T1-1/2S4,"4""",150,304,"1-1/2""",1.5,5.55,20.12,28.17,191,211
PBSA36-CX150T1-1/2S4,"4""",150,SA-36,"1-1/2""",1.5,1.87,19.26,26.96,85,94
PBSA516-70-CX150T1-1/2S4,"4""",150,SA-516-70,"1-1/2""",1.5,2.18,19.26,26.96,94,104
PB304L-CX150T1-1/2S4,"4""",150,304L,"1-1/2""",1.5,6.01,20.12,28.17,204,225
PB316L-CX150T1-1/2S4,"4""",150,316L,"1-1/2""",1.5,7.48,20.35,28.49,248,273
PBAL6061-CX150T1-1/2S4,"4""",150,AL-6061,"1-1/2""",1.5,5.1,6.79,9.51,83,92
PB304-CX150T1-5/8S4,"4""",150,304,"1-5/8""",1.625,5.55,21.8,30.52,204,225
PBSA36-CX150T1-5/8S4,"4""",150,SA-36,"1-5/8""",1.625,1.87,20.87,29.22,89,98
PBSA516-70-CX150T1-5/8S4,"4""",150,SA-516-70,"1-5/8""",1.625,2.18,20.87,29.22,99,109
PB304L-CX150T1-5/8S4,"4""",150,304L,"1-5/8""",1.625,6.01,21.8,30.52,218,240
PB316L-CX150T1-5/8S4,"4""",150,316L,"1-5/8""",1.625,7.48,22.05,30.87,266,293
PBAL6061-CX150T1-5/8S4,"4""",150,AL-6061,"1-5/8""",1.625,5.1,7.35,10.29,87,96
PB304-CX150T1-3/4S4,"4""",150,304,"1-3/4""",1.75,5.55,23.48,32.87,217,239
PBSA36-CX150T1-3/4S4,"4""",150,SA-36,"1-3/4""",1.75,1.87,22.47,31.46,94,104
PBSA516-70-CX150T1-3/4S4,"4""",150,SA-516-70,"1-3/4""",1.75,2.18,22.47,31.46,103,114
PB304L-CX150T1-3/4S4,"4""",150,304L,"1-3/4""",1.75,6.01,23.48,32.87,232,256
PB316L-CX150T1-3/4S4,"4""",150,316L,"1-3/4""",1.75,7.48,23.74,33.24,283,312
PBAL6061-CX150T1-3/4S4,"4""",150,AL-6061,"1-3/4""",1.75,5.1,7.92,11.09,91,101
PB304-CX150T1-7/8S4,"4""",150,304,"1-7/8""",1.875,5.55,25.15,35.21,230,254
PBSA36-CX150T1-7/8S4,"4""",150,SA-36,"1-7/8""",1.875,1.87,24.08,33.71,98,108
PBSA516-70-CX150T1-7/8S4,"4""",150,SA-516-70,"1-7/8""",1.875,2.18,24.08,33.71,108,119
PB304L-CX150T1-7/8S4,"4""",150,304L,"1-7/8""",1.875,6.01,25.15,35.21,246,271
PB316L-CX150T1-7/8S4,"4""",150,316L,"1-7/8""",1.875,7.48,25.44,35.62,301,332
PBAL6061-CX150T1-7/8S4,"4""",150,AL-6061,"1-7/8""",1.875,5.1,8.48,11.87,95,105
PB304-CX150T2S4,"4""",150,304,"2""",2,5.55,26.83,37.56,243,268
PBSA36-CX150T2S4,"4""",150,SA-36,"2""",2,1.87,25.68,35.95,102,113
PBSA516-70-CX150T2S4,"4""",150,SA-516-70,"2""",2,2.18,25.68,35.95,113,125
PB304L-CX150T2S4,"4""",150,304L,"2""",2,6.01,26.83,37.56,261,288
PB316L-CX150T2S4,"4""",150,316L,"2""",2,7.48,27.13,37.98,319,351
PBAL6061-CX150T2S4,"4""",150,AL-6061,"2""",2,5.1,9.05,12.67,99,109
PB304-CX150T2-1/4S4,"4""",150,304,"2-1/4""",2.25,5.55,30.18,42.25,269,296
PBSA36-CX150T2-1/4S4,"4""",150,SA-36,"2-1/4""",2.25,1.87,28.89,40.45,110,122
PBSA516-70-CX150T2-1/4S4,"4""",150,SA-516-70,"2-1/4""",2.25,2.18,28.89,40.45,123,136
PB304L-CX150T2-1/4S4,"4""",150,304L,"2-1/4""",2.25,6.01,30.18,42.25,289,318
PB316L-CX150T2-1/4S4,"4""",150,316L,"2-1/4""",2.25,7.48,30.53,42.74,355,391
PBAL6061-CX150T2-1/4S4,"4""",150,AL-6061,"2-1/4""",2.25,5.1,10.18,14.25,108,119
PB304-CX150T2-1/2S4,"4""",150,304,"2-1/2""",2.5,5.55,33.54,46.96,295,325
PBSA36-CX150T2-1/2S4,"4""",150,SA-36,"2-1/2""",2.5,1.87,32.1,44.94,119,131
PBSA516-70-CX150T2-1/2S4,"4""",150,SA-516-70,"2-1/2""",2.5,2.18,32.1,44.94,133,147
PB304L-CX150T2-1/2S4,"4""",150,304L,"2-1/2""",2.5,6.01,33.54,46.96,317,349
PB316L-CX150T2-1/2S4,"4""",150,316L,"2-1/2""",2.5,7.48,33.92,47.49,390,430
PBAL6061-CX150T2-1/2S4,"4""",150,AL-6061,"2-1/2""",2.5,5.1,11.31,15.83,116,128
PB304-CX150T3S4,"4""",150,304,"3""",3,5.55,40.24,56.34,348,383
PBSA36-CX150T3S4,"4""",150,SA-36,"3""",3,1.87,38.52,53.93,136,150
PBSA516-70-CX150T3S4,"4""",150,SA-516-70,"3""",3,2.18,38.52,53.93,152,168
PB304L-CX150T3S4,"4""",150,304L,"3""",3,6.01,40.24,56.34,373,411
PB316L-CX150T3S4,"4""",150,316L,"3""",3,7.48,40.7,56.98,461,508
PBAL6061-CX150T3S4,"4""",150,AL-6061,"3""",3,5.1,13.57,19,132,146
PB304-CX150T11GAS6,"6""",150,304,11 Gauge,0.1196,5.55,2.58,3.61,55,61
PBSA36-CX150T11GAS6,"6""",150,SA-36,11 Gauge,0.1196,1.87,2.47,3.46,41,46
PBSA516-70-CX150T11GAS6,"6""",150,SA-516-70,11 Gauge,0.1196,2.18,2.47,3.46,42,47
PB304L-CX150T11GAS6,"6""",150,304L,11 Gauge,0.1196,6.01,2.58,3.61,57,63
PB316L-CX150T11GAS6,"6""",150,316L,11 Gauge,0.1196,7.48,2.61,3.65,62,69
PBAL6061-CX150T11GAS6,"6""",150,AL-6061,11 Gauge,0.1196,5.1,0.87,1.22,41,46
PB304-CX150T1/8S6,"6""",150,304,"1/8""",0.125,5.55,2.7,3.78,56,62
PBSA36-CX150T1/8S6,"6""",150,SA-36,"1/8""",0.125,1.87,2.58,3.61,42,47
PBSA516-70-CX150T1/8S6,"6""",150,SA-516-70,"1/8""",0.125,2.18,2.58,3.61,43,48
PB304L-CX150T1/8S6,"6""",150,304L,"1/8""",0.125,6.01,2.7,3.78,58,64
PB316L-CX150T1/8S6,"6""",150,316L,"1/8""",0.125,7.48,2.73,3.82,63,70
PBAL6061-CX150T1/8S6,"6""",150,AL-6061,"1/8""",0.125,5.1,0.91,1.27,41,46
PB304-CX150T3/16S6,"6""",150,304,"3/16""",0.1875,5.55,4.05,5.67,66,73
PBSA36-CX150T3/16S6,"6""",150,SA-36,"3/16""",0.1875,1.87,3.87,5.42,45,50
PBSA516-70-CX150T3/16S6,"6""",150,SA-516-70,"3/16""",0.1875,2.18,3.87,5.42,47,52
PB304L-CX150T3/16S6,"6""",150,304L,"3/16""",0.1875,6.01,4.05,5.67,69,76
PB316L-CX150T3/16S6,"6""",150,316L,"3/16""",0.1875,7.48,4.09,5.73,78,86
PBAL6061-CX150T3/16S6,"6""",150,AL-6061,"3/16""",0.1875,5.1,1.36,1.9,45,50
PB304-CX150T1/4S6,"6""",150,304,"1/4""",0.25,5.55,5.4,7.56,77,85
PBSA36-CX150T1/4S6,"6""",150,SA-36,"1/4""",0.25,1.87,5.16,7.22,48,53
PBSA516-70-CX150T1/4S6,"6""",150,SA-516-70,"1/4""",0.25,2.18,5.16,7.22,51,57
PB304L-CX150T1/4S6,"6""",150,304L,"1/4""",0.25,6.01,5.4,7.56,80,88
PB316L-CX150T1/4S6,"6""",150,316L,"1/4""",0.25,7.48,5.46,7.64,92,102
PBAL6061-CX150T1/4S6,"6""",150,AL-6061,"1/4""",0.25,5.1,1.82,2.55,48,53
PB304-CX150T5/16S6,"6""",150,304,"5/16""",0.3125,5.55,6.74,9.44,87,96
PBSA36-CX150T5/16S6,"6""",150,SA-36,"5/16""",0.3125,1.87,6.46,9.04,52,58
PBSA516-70-CX150T5/16S6,"6""",150,SA-516-70,"5/16""",0.3125,2.18,6.46,9.04,55,61
PB304L-CX150T5/16S6,"6""",150,304L,"5/16""",0.3125,6.01,6.74,9.44,92,102
PB316L-CX150T5/16S6,"6""",150,316L,"5/16""",0.3125,7.48,6.82,9.55,106,117
PBAL6061-CX150T5/16S6,"6""",150,AL-6061,"5/16""",0.3125,5.1,2.27,3.18,51,57
PB304-CX150T3/8S6,"6""",150,304,"3/8""",0.375,5.55,8.09,11.33,98,108
PBSA36-CX150T3/8S6,"6""",150,SA-36,"3/8""",0.375,1.87,7.75,10.85,55,61
PBSA516-70-CX150T3/8S6,"6""",150,SA-516-70,"3/8""",0.375,2.18,7.75,10.85,59,65
PB304L-CX150T3/8S6,"6""",150,304L,"3/8""",0.375,6.01,8.09,11.33,103,114
PB316L-CX150T3/8S6,"6""",150,316L,"3/8""",0.375,7.48,8.19,11.47,121,134
PBAL6061-CX150T3/8S6,"6""",150,AL-6061,"3/8""",0.375,5.1,2.73,3.82,54,60
PB304-CX150T1/2S6,"6""",150,304,"1/2""",0.5,5.55,10.79,15.11,119,131
PBSA36-CX150T1/2S6,"6""",150,SA-36,"1/2""",0.5,1.87,10.33,14.46,62,69
PBSA516-70-CX150T1/2S6,"6""",150,SA-516-70,"1/2""",0.5,2.18,10.33,14.46,66,73
PB304L-CX150T1/2S6,"6""",150,304L,"1/2""",0.5,6.01,10.79,15.11,126,139
PB316L-CX150T1/2S6,"6""",150,316L,"1/2""",0.5,7.48,10.91,15.27,149,164
PBAL6061-CX150T1/2S6,"6""",150,AL-6061,"1/2""",0.5,5.1,3.64,5.1,61,68
PB304-CX150T5/8S6,"6""",150,304,"5/8""",0.625,5.55,13.49,18.89,140,154
PBSA36-CX150T5/8S6,"6""",150,SA-36,"5/8""",0.625,1.87,12.91,18.07,69,76
PBSA516-70-CX150T5/8S6,"6""",150,SA-516-70,"5/8""",0.625,2.18,12.91,18.07,74,82
PB304L-CX150T5/8S6,"6""",150,304L,"5/8""",0.625,6.01,13.49,18.89,148,163
PB316L-CX150T5/8S6,"6""",150,316L,"5/8""",0.625,7.48,13.64,19.1,178,196
PBAL6061-CX150T5/8S6,"6""",150,AL-6061,"5/8""",0.625,5.1,4.55,6.37,67,74
PB304-CX150T3/4S6,"6""",150,304,"3/4""",0.75,5.55,16.19,22.67,161,178
PBSA36-CX150T3/4S6,"6""",150,SA-36,"3/4""",0.75,1.87,15.49,21.69,75,83
PBSA516-70-CX150T3/4S6,"6""",150,SA-516-70,"3/4""",0.75,2.18,15.49,21.69,82,91
PB304L-CX150T3/4S6,"6""",150,304L,"3/4""",0.75,6.01,16.19,22.67,171,189
PB316L-CX150T3/4S6,"6""",150,316L,"3/4""",0.75,7.48,16.37,22.92,206,227
PBAL6061-CX150T3/4S6,"6""",150,AL-6061,"3/4""",0.75,5.1,5.46,7.64,74,82
PB304-CX150T7/8S6,"6""",150,304,"7/8""",0.875,5.55,18.89,26.45,182,201
PBSA36-CX150T7/8S6,"6""",150,SA-36,"7/8""",0.875,1.87,18.08,25.31,82,91
PBSA516-70-CX150T7/8S6,"6""",150,SA-516-70,"7/8""",0.875,2.18,18.08,25.31,90,100
PB304L-CX150T7/8S6,"6""",150,304L,"7/8""",0.875,6.01,18.89,26.45,194,214
PB316L-CX150T7/8S6,"6""",150,316L,"7/8""",0.875,7.48,19.1,26.74,235,259
PBAL6061-CX150T7/8S6,"6""",150,AL-6061,"7/8""",0.875,5.1,6.37,8.92,80,88
PB304-CX150T1S6,"6""",150,304,"1""",1,5.55,21.58,30.21,203,224
PBSA36-CX150T1S6,"6""",150,SA-36,"1""",1,1.87,20.66,28.92,89,98
PBSA516-70-CX150T1S6,"6""",150,SA-516-70,"1""",1,2.18,20.66,28.92,98,108
PB304L-CX150T1S6,"6""",150,304L,"1""",1,6.01,21.58,30.21,216,238
PB316L-CX150T1S6,"6""",150,316L,"1""",1,7.48,21.83,30.56,263,290
PBAL6061-CX150T1S6,"6""",150,AL-6061,"1""",1,5.1,7.28,10.19,87,96
PB304-CX150T1-1/8S6,"6""",150,304,"1-1/8""",1.125,5.55,24.28,33.99,223,246
PBSA36-CX150T1-1/8S6,"6""",150,SA-36,"1-1/8""",1.125,1.87,23.24,32.54,96,106
PBSA516-70-CX150T1-1/8S6,"6""",150,SA-516-70,"1-1/8""",1.125,2.18,23.24,32.54,106,117
PB304L-CX150T1-1/8S6,"6""",150,304L,"1-1/8""",1.125,6.01,24.28,33.99,239,263
PB316L-CX150T1-1/8S6,"6""",150,316L,"1-1/8""",1.125,7.48,24.56,34.38,292,322
PBAL6061-CX150T1-1/8S6,"6""",150,AL-6061,"1-1/8""",1.125,5.1,8.19,11.47,93,103
PB304-CX150T1-1/4S6,"6""",150,304,"1-1/4""",1.25,5.55,26.98,37.77,244,269
PBSA36-CX150T1-1/4S6,"6""",150,SA-36,"1-1/4""",1.25,1.87,25.82,36.15,102,113
PBSA516-70-CX150T1-1/4S6,"6""",150,SA-516-70,"1-1/4""",1.25,2.18,25.82,36.15,114,126
PB304L-CX150T1-1/4S6,"6""",150,304L,"1-1/4""",1.25,6.01,26.98,37.77,262,289
PB316L-CX150T1-1/4S6,"6""",150,316L,"1-1/4""",1.25,7.48,27.29,38.21,321,354
PBAL6061-CX150T1-1/4S6,"6""",150,AL-6061,"1-1/4""",1.25,5.1,9.1,12.74,100,111
PB304-CX150T1-3/8S6,"6""",150,304,"1-3/8""",1.375,5.55,29.68,41.55,265,292
PBSA36-CX150T1-3/8S6,"6""",150,SA-36,"1-3/8""",1.375,1.87,28.41,39.77,109,120
PBSA516-70-CX150T1-3/8S6,"6""",150,SA-516-70,"1-3/8""",1.375,2.18,28.41,39.77,122,135
PB304L-CX150T1-3/8S6,"6""",150,304L,"1-3/8""",1.375,6.01,29.68,41.55,285,314
PB316L-CX150T1-3/8S6,"6""",150,316L,"1-3/8""",1.375,7.48,30.01,42.01,349,384
PBAL6061-CX150T1-3/8S6,"6""",150,AL-6061,"1-3/8""",1.375,5.1,10.01,14.01,106,117
PB304-CX150T1-1/2S6,"6""",150,304,"1-1/2""",1.5,5.55,32.37,45.32,286,315
PBSA36-CX150T1-1/2S6,"6""",150,SA-36,"1-1/2""",1.5,1.87,30.99,43.39,116,128
PBSA516-70-CX150T1-1/2S6,"6""",150,SA-516-70,"1-1/2""",1.5,2.18,30.99,43.39,129,142
PB304L-CX150T1-1/2S6,"6""",150,304L,"1-1/2""",1.5,6.01,32.37,45.32,307,338
PB316L-CX150T1-1/2S6,"6""",150,316L,"1-1/2""",1.5,7.48,32.74,45.84,378,416
PBAL6061-CX150T1-1/2S6,"6""",150,AL-6061,"1-1/2""",1.5,5.1,10.92,15.29,113,125
PB304-CX150T1-5/8S6,"6""",150,304,"1-5/8""",1.625,5.55,35.07,49.1,307,338
PBSA36-CX150T1-5/8S6,"6""",150,SA-36,"1-5/8""",1.625,1.87,33.57,47,123,136
PBSA516-70-CX150T1-5/8S6,"6""",150,SA-516-70,"1-5/8""",1.625,2.18,33.57,47,137,151
PB304L-CX150T1-5/8S6,"6""",150,304L,"1-5/8""",1.625,6.01,35.07,49.1,330,364
PB316L-CX150T1-5/8S6,"6""",150,316L,"1-5/8""",1.625,7.48,35.47,49.66,406,447
PBAL6061-CX150T1-5/8S6,"6""",150,AL-6061,"1-5/8""",1.625,5.1,11.83,16.56,119,131
PB304-CX150T1-3/4S6,"6""",150,304,"1-3/4""",1.75,5.55,37.77,52.88,328,361
PBSA36-CX150T1-3/4S6,"6""",150,SA-36,"1-3/4""",1.75,1.87,36.15,50.61,129,142
PBSA516-70-CX150T1-3/4S6,"6""",150,SA-516-70,"1-3/4""",1.75,2.18,36.15,50.61,145,160
PB304L-CX150T1-3/4S6,"6""",150,304L,"1-3/4""",1.75,6.01,37.77,52.88,353,389
PB316L-CX150T1-3/4S6,"6""",150,316L,"1-3/4""",1.75,7.48,38.2,53.48,435,479
PBAL6061-CX150T1-3/4S6,"6""",150,AL-6061,"1-3/4""",1.75,5.1,12.74,17.84,126,139
PB304-CX150T1-7/8S6,"6""",150,304,"1-7/8""",1.875,5.55,40.47,56.66,349,384
PBSA36-CX150T1-7/8S6,"6""",150,SA-36,"1-7/8""",1.875,1.87,38.74,54.24,136,150
PBSA516-70-CX150T1-7/8S6,"6""",150,SA-516-70,"1-7/8""",1.875,2.18,38.74,54.24,153,169
PB304L-CX150T1-7/8S6,"6""",150,304L,"1-7/8""",1.875,6.01,40.47,56.66,375,413
PB316L-CX150T1-7/8S6,"6""",150,316L,"1-7/8""",1.875,7.48,40.93,57.3,463,510
PBAL6061-CX150T1-7/8S6,"6""",150,AL-6061,"1-7/8""",1.875,5.1,13.65,19.11,132,146
PB304-CX150T2S6,"6""",150,304,"2""",2,5.55,43.17,60.44,370,408
PBSA36-CX150T2S6,"6""",150,SA-36,"2""",2,1.87,41.32,57.85,143,158
PBSA516-70-CX150T2S6,"6""",150,SA-516-70,"2""",2,2.18,41.32,57.85,161,178
PB304L-CX150T2S6,"6""",150,304L,"2""",2,6.01,43.17,60.44,398,438
PB316L-CX150T2S6,"6""",150,316L,"2""",2,7.48,43.66,61.12,492,542
PBAL6061-CX150T2S6,"6""",150,AL-6061,"2""",2,5.1,14.56,20.38,139,153
PB304-CX150T2-1/4S6,"6""",150,304,"2-1/4""",2.25,5.55,48.56,67.98,412,454
PBSA36-CX150T2-1/4S6,"6""",150,SA-36,"2-1/4""",2.25,1.87,46.48,65.07,157,173
PBSA516-70-CX150T2-1/4S6,"6""",150,SA-516-70,"2-1/4""",2.25,2.18,46.48,65.07,177,195
PB304L-CX150T2-1/4S6,"6""",150,304L,"2-1/4""",2.25,6.01,48.56,67.98,443,488
PB316L-CX150T2-1/4S6,"6""",150,316L,"2-1/4""",2.25,7.48,49.11,68.75,549,604
PBAL6061-CX150T2-1/4S6,"6""",150,AL-6061,"2-1/4""",2.25,5.1,16.38,22.93,152,168
PB304-CX150T2-1/2S6,"6""",150,304,"2-1/2""",2.5,5.55,53.96,75.54,454,500
PBSA36-CX150T2-1/2S6,"6""",150,SA-36,"2-1/2""",2.5,1.87,51.65,72.31,170,188
PBSA516-70-CX150T2-1/2S6,"6""",150,SA-516-70,"2-1/2""",2.5,2.18,51.65,72.31,192,212
PB304L-CX150T2-1/2S6,"6""",150,304L,"2-1/2""",2.5,6.01,53.96,75.54,489,538
PB316L-CX150T2-1/2S6,"6""",150,316L,"2-1/2""",2.5,7.48,54.57,76.4,606,667
PBAL6061-CX150T2-1/2S6,"6""",150,AL-6061,"2-1/2""",2.5,5.1,18.2,25.48,165,182
PB304-CX150T3S6,"6""",150,304,"3""",3,5.55,64.75,90.65,538,592
PBSA36-CX150T3S6,"6""",150,SA-36,"3""",3,1.87,61.98,86.77,197,217
PBSA516-70-CX150T3S6,"6""",150,SA-516-70,"3""",3,2.18,61.98,86.77,224,247
PB304L-CX150T3S6,"6""",150,304L,"3""",3,6.01,64.75,90.65,580,638
PB316L-CX150T3S6,"6""",150,316L,"3""",3,7.48,65.49,91.69,721,794
PBAL6061-CX150T3S6,"6""",150,AL-6061,"3""",3,5.1,21.84,30.58,191,211
PB304-CX150T11GAS8,"8""",150,304,11 Gauge,0.1196,5.55,4.04,5.66,66,73
PBSA36-CX150T11GAS8,"8""",150,SA-36,11 Gauge,0.1196,1.87,3.87,5.42,45,50
PBSA516-70-CX150T11GAS8,"8""",150,SA-516-70,11 Gauge,0.1196,2.18,3.87,5.42,47,52
PB304L-CX150T11GAS8,"8""",150,304L,11 Gauge,0.1196,6.01,4.04,5.66,69,76
PB316L-CX150T11GAS8,"8""",150,316L,11 Gauge,0.1196,7.48,4.09,5.73,78,86
PBAL6061-CX150T11GAS8,"8""",150,AL-6061,11 Gauge,0.1196,5.1,1.36,1.9,45,50
PB304-CX150T1/8S8,"8""",150,304,"1/8""",0.125,5.55,4.23,5.92,68,75
PBSA36-CX150T1/8S8,"8""",150,SA-36,"1/8""",0.125,1.87,4.05,5.67,45,50
PBSA516-70-CX150T1/8S8,"8""",150,SA-516-70,"1/8""",0.125,2.18,4.05,5.67,47,52
PB304L-CX150T1/8S8,"8""",150,304L,"1/8""",0.125,6.01,4.23,5.92,70,77
PB316L-CX150T1/8S8,"8""",150,316L,"1/8""",0.125,7.48,4.27,5.98,80,88
PBAL6061-CX150T1/8S8,"8""",150,AL-6061,"1/8""",0.125,5.1,1.43,2,45,50
PB304-CX150T3/16S8,"8""",150,304,"3/16""",0.1875,5.55,6.34,8.88,84,93
PBSA36-CX150T3/16S8,"8""",150,SA-36,"3/16""",0.1875,1.87,6.07,8.5,51,57
PBSA516-70-CX150T3/16S8,"8""",150,SA-516-70,"3/16""",0.1875,2.18,6.07,8.5,53,59
PB304L-CX150T3/16S8,"8""",150,304L,"3/16""",0.1875,6.01,6.34,8.88,88,97
PB316L-CX150T3/16S8,"8""",150,316L,"3/16""",0.1875,7.48,6.41,8.97,102,113
PBAL6061-CX150T3/16S8,"8""",150,AL-6061,"3/16""",0.1875,5.1,2.14,3,50,56
PB304-CX150T1/4S8,"8""",150,304,"1/4""",0.25,5.55,8.45,11.83,101,112
PBSA36-CX150T1/4S8,"8""",150,SA-36,"1/4""",0.25,1.87,8.09,11.33,56,62
PBSA516-70-CX150T1/4S8,"8""",150,SA-516-70,"1/4""",0.25,2.18,8.09,11.33,60,66
PB304L-CX150T1/4S8,"8""",150,304L,"1/4""",0.25,6.01,8.45,11.83,106,117
PB316L-CX150T1/4S8,"8""",150,316L,"1/4""",0.25,7.48,8.55,11.97,124,137
PBAL6061-CX150T1/4S8,"8""",150,AL-6061,"1/4""",0.25,5.1,2.85,3.99,55,61
PB304-CX150T5/16S8,"8""",150,304,"5/16""",0.3125,5.55,10.57,14.8,117,129
PBSA36-CX150T5/16S8,"8""",150,SA-36,"5/16""",0.3125,1.87,10.11,14.15,61,68
PBSA516-70-CX150T5/16S8,"8""",150,SA-516-70,"5/16""",0.3125,2.18,10.11,14.15,66,73
PB304L-CX150T5/16S8,"8""",150,304L,"5/16""",0.3125,6.01,10.57,14.8,124,137
PB316L-CX150T5/16S8,"8""",150,316L,"5/16""",0.3125,7.48,10.69,14.97,147,162
PBAL6061-CX150T5/16S8,"8""",150,AL-6061,"5/16""",0.3125,5.1,3.56,4.98,60,66
PB304-CX150T3/8S8,"8""",150,304,"3/8""",0.375,5.55,12.68,17.75,133,147
PBSA36-CX150T3/8S8,"8""",150,SA-36,"3/8""",0.375,1.87,12.14,17,67,74
PBSA516-70-CX150T3/8S8,"8""",150,SA-516-70,"3/8""",0.375,2.18,12.14,17,72,80
PB304L-CX150T3/8S8,"8""",150,304L,"3/8""",0.375,6.01,12.68,17.75,142,157
PB316L-CX150T3/8S8,"8""",150,316L,"3/8""",0.375,7.48,12.82,17.95,169,186
PBAL6061-CX150T3/8S8,"8""",150,AL-6061,"3/8""",0.375,5.1,4.28,5.99,65,72
PB304-CX150T1/2S8,"8""",150,304,"1/2""",0.5,5.55,16.91,23.67,166,183
PBSA36-CX150T1/2S8,"8""",150,SA-36,"1/2""",0.5,1.87,16.18,22.65,77,85
PBSA516-70-CX150T1/2S8,"8""",150,SA-516-70,"1/2""",0.5,2.18,16.18,22.65,84,93
PB304L-CX150T1/2S8,"8""",150,304L,"1/2""",0.5,6.01,16.91,23.67,177,195
PB316L-CX150T1/2S8,"8""",150,316L,"1/2""",0.5,7.48,17.1,23.94,214,236
PBAL6061-CX150T1/2S8,"8""",150,AL-6061,"1/2""",0.5,5.1,5.7,7.98,76,84
PB304-CX150T5/8S8,"8""",150,304,"5/8""",0.625,5.55,21.13,29.58,199,219
PBSA36-CX150T5/8S8,"8""",150,SA-36,"5/8""",0.625,1.87,20.23,28.32,88,97
PBSA516-70-CX150T5/8S8,"8""",150,SA-516-70,"5/8""",0.625,2.18,20.23,28.32,97,107
PB304L-CX150T5/8S8,"8""",150,304L,"5/8""",0.625,6.01,21.13,29.58,213,235
PB316L-CX150T5/8S8,"8""",150,316L,"5/8""",0.625,7.48,21.37,29.92,259,285
PBAL6061-CX150T5/8S8,"8""",150,AL-6061,"5/8""",0.625,5.1,7.13,9.98,86,95
PB304-CX150T3/4S8,"8""",150,304,"3/4""",0.75,5.55,25.36,35.5,232,256
PBSA36-CX150T3/4S8,"8""",150,SA-36,"3/4""",0.75,1.87,24.28,33.99,98,108
PBSA516-70-CX150T3/4S8,"8""",150,SA-516-70,"3/4""",0.75,2.18,24.28,33.99,109,120
PB304L-CX150T3/4S8,"8""",150,304L,"3/4""",0.75,6.01,25.36,35.5,248,273
PB316L-CX150T3/4S8,"8""",150,316L,"3/4""",0.75,7.48,25.65,35.91,303,334
PBAL6061-CX150T3/4S8,"8""",150,AL-6061,"3/4""",0.75,5.1,8.55,11.97,96,106
PB304-CX150T7/8S8,"8""",150,304,"7/8""",0.875,5.55,29.59,41.43,265,292
PBSA36-CX150T7/8S8,"8""",150,SA-36,"7/8""",0.875,1.87,28.32,39.65,109,120
PBSA516-70-CX150T7/8S8,"8""",150,SA-516-70,"7/8""",0.875,2.18,28.32,39.65,121,134
PB304L-CX150T7/8S8,"8""",150,304L,"7/8""",0.875,6.01,29.59,41.43,284,313
PB316L-CX150T7/8S8,"8""",150,316L,"7/8""",0.875,7.48,29.92,41.89,348,383
PBAL6061-CX150T7/8S8,"8""",150,AL-6061,"7/8""",0.875,5.1,9.98,13.97,106,117
PB304-CX150T1S8,"8""",150,304,"1""",1,5.55,33.81,47.33,298,328
PBSA36-CX150T1S8,"8""",150,SA-36,"1""",1,1.87,32.37,45.32,120,132
PBSA516-70-CX150T1S8,"8""",150,SA-516-70,"1""",1,2.18,32.37,45.32,134,148
PB304L-CX150T1S8,"8""",150,304L,"1""",1,6.01,33.81,47.33,319,351
PB316L-CX150T1S8,"8""",150,316L,"1""",1,7.48,34.2,47.88,393,433
PBAL6061-CX150T1S8,"8""",150,AL-6061,"1""",1,5.1,11.4,15.96,116,128
PB304-CX150T1-1/8S8,"8""",150,304,"1-1/8""",1.125,5.55,38.04,53.26,330,364
PBSA36-CX150T1-1/8S8,"8""",150,SA-36,"1-1/8""",1.125,1.87,36.41,50.97,130,143
PBSA516-70-CX150T1-1/8S8,"8""",150,SA-516-70,"1-1/8""",1.125,2.18,36.41,50.97,146,161
PB304L-CX150T1-1/8S8,"8""",150,304L,"1-1/8""",1.125,6.01,38.04,53.26,355,391
PB316L-CX150T1-1/8S8,"8""",150,316L,"1-1/8""",1.125,7.48,38.47,53.86,438,482
PBAL6061-CX150T1-1/8S8,"8""",150,AL-6061,"1-1/8""",1.125,5.1,12.83,17.96,126,139
PB304-CX150T1-1/4S8,"8""",150,304,"1-1/4""",1.25,5.55,42.27,59.18,363,400
PBSA36-CX150T1-1/4S8,"8""",150,SA-36,"1-1/4""",1.25,1.87,40.46,56.64,141,156
PBSA516-70-CX150T1-1/4S8,"8""",150,SA-516-70,"1-1/4""",1.25,2.18,40.46,56.64,158,174
PB304L-CX150T1-1/4S8,"8""",150,304L,"1-1/4""",1.25,6.01,42.27,59.18,391,431
PB316L-CX150T1-1/4S8,"8""",150,316L,"1-1/4""",1.25,7.48,42.75,59.85,483,532
PBAL6061-CX150T1-1/4S8,"8""",150,AL-6061,"1-1/4""",1.25,5.1,14.26,19.96,137,151
PB304-CX150T1-3/8S8,"8""",150,304,"1-3/8""",1.375,5.55,46.49,65.09,396,436
PBSA36-CX150T1-3/8S8,"8""",150,SA-36,"1-3/8""",1.375,1.87,44.51,62.31,151,167
PBSA516-70-CX150T1-3/8S8,"8""",150,SA-516-70,"1-3/8""",1.375,2.18,44.51,62.31,171,189
PB304L-CX150T1-3/8S8,"8""",150,304L,"1-3/8""",1.375,6.01,46.49,65.09,426,469
PB316L-CX150T1-3/8S8,"8""",150,316L,"1-3/8""",1.375,7.48,47.02,65.83,527,580
PBAL6061-CX150T1-3/8S8,"8""",150,AL-6061,"1-3/8""",1.375,5.1,15.68,21.95,147,162
PB304-CX150T1-1/2S8,"8""",150,304,"1-1/2""",1.5,5.55,50.72,71.01,429,472
PBSA36-CX150T1-1/2S8,"8""",150,SA-36,"1-1/2""",1.5,1.87,48.55,67.97,162,179
PBSA516-70-CX150T1-1/2S8,"8""",150,SA-516-70,"1-1/2""",1.5,2.18,48.55,67.97,183,202
PB304L-CX150T1-1/2S8,"8""",150,304L,"1-1/2""",1.5,6.01,50.72,71.01,462,509
PB316L-CX150T1-1/2S8,"8""",150,316L,"1-1/2""",1.5,7.48,51.3,71.82,572,630
PBAL6061-CX150T1-1/2S8,"8""",150,AL-6061,"1-1/2""",1.5,5.1,17.11,23.95,157,173
PB304-CX150T1-5/8S8,"8""",150,304,"1-5/8""",1.625,5.55,54.95,76.93,462,509
PBSA36-CX150T1-5/8S8,"8""",150,SA-36,"1-5/8""",1.625,1.87,52.6,73.64,173,191
PBSA516-70-CX150T1-5/8S8,"8""",150,SA-516-70,"1-5/8""",1.625,2.18,52.6,73.64,195,215
PB304L-CX150T1-5/8S8,"8""",150,304L,"1-5/8""",1.625,6.01,54.95,76.93,497,547
PB316L-CX150T1-5/8S8,"8""",150,316L,"1-5/8""",1.625,7.48,55.57,77.8,617,679
PBAL6061-CX150T1-5/8S8,"8""",150,AL-6061,"1-5/8""",1.625,5.1,18.53,25.94,167,184
PB304-CX150T1-3/4S8,"8""",150,304,"1-3/4""",1.75,5.55,59.17,82.84,495,545
PBSA36-CX150T1-3/4S8,"8""",150,SA-36,"1-3/4""",1.75,1.87,56.64,79.3,183,202
PBSA516-70-CX150T1-3/4S8,"8""",150,SA-516-70,"1-3/4""",1.75,2.18,56.64,79.3,208,229
PB304L-CX150T1-3/4S8,"8""",150,304L,"1-3/4""",1.75,6.01,59.17,82.84,533,587
PB316L-CX150T1-3/4S8,"8""",150,316L,"1-3/4""",1.75,7.48,59.85,83.79,662,729
PBAL6061-CX150T1-3/4S8,"8""",150,AL-6061,"1-3/4""",1.75,5.1,19.96,27.94,177,195
PB304-CX150T1-7/8S8,"8""",150,304,"1-7/8""",1.875,5.55,63.4,88.76,527,580
PBSA36-CX150T1-7/8S8,"8""",150,SA-36,"1-7/8""",1.875,1.87,60.69,84.97,194,214
PBSA516-70-CX150T1-7/8S8,"8""",150,SA-516-70,"1-7/8""",1.875,2.18,60.69,84.97,220,243
PB304L-CX150T1-7/8S8,"8""",150,304L,"1-7/8""",1.875,6.01,63.4,88.76,568,625
PB316L-CX150T1-7/8S8,"8""",150,316L,"1-7/8""",1.875,7.48,64.12,89.77,706,777
PBAL6061-CX150T1-7/8S8,"8""",150,AL-6061,"1-7/8""",1.875,5.1,21.38,29.93,187,206
PB304-CX150T2S8,"8""",150,304,"2""",2,5.55,67.63,94.68,560,616
PBSA36-CX150T2S8,"8""",150,SA-36,"2""",2,1.87,64.73,90.62,204,225
PBSA516-70-CX150T2S8,"8""",150,SA-516-70,"2""",2,2.18,64.73,90.62,232,256
PB304L-CX150T2S8,"8""",150,304L,"2""",2,6.01,67.63,94.68,604,665
PB316L-CX150T2S8,"8""",150,316L,"2""",2,7.48,68.4,95.76,751,827
PBAL6061-CX150T2S8,"8""",150,AL-6061,"2""",2,5.1,22.81,31.93,198,218
PB304-CX150T2-1/4S8,"8""",150,304,"2-1/4""",2.25,5.55,76.08,106.51,626,689
PBSA36-CX150T2-1/4S8,"8""",150,SA-36,"2-1/4""",2.25,1.87,72.83,101.96,226,249
PBSA516-70-CX150T2-1/4S8,"8""",150,SA-516-70,"2-1/4""",2.25,2.18,72.83,101.96,257,283
PB304L-CX150T2-1/4S8,"8""",150,304L,"2-1/4""",2.25,6.01,76.08,106.51,675,743
PB316L-CX150T2-1/4S8,"8""",150,316L,"2-1/4""",2.25,7.48,76.95,107.73,841,926
PBAL6061-CX150T2-1/4S8,"8""",150,AL-6061,"2-1/4""",2.25,5.1,25.66,35.92,218,240
PB304-CX150T2-1/2S8,"8""",150,304,"2-1/2""",2.5,5.55,84.53,118.34,692,762
PBSA36-CX150T2-1/2S8,"8""",150,SA-36,"2-1/2""",2.5,1.87,80.92,113.29,247,272
PBSA516-70-CX150T2-1/2S8,"8""",150,SA-516-70,"2-1/2""",2.5,2.18,80.92,113.29,282,311
PB304L-CX150T2-1/2S8,"8""",150,304L,"2-1/2""",2.5,6.01,84.53,118.34,746,821
PB316L-CX150T2-1/2S8,"8""",150,316L,"2-1/2""",2.5,7.48,85.5,119.7,930,1024
PBAL6061-CX150T2-1/2S8,"8""",150,AL-6061,"2-1/2""",2.5,5.1,28.51,39.91,238,262
PB304-CX150T3S8,"8""",150,304,"3""",3,5.55,101.44,142.02,823,906
PBSA36-CX150T3S8,"8""",150,SA-36,"3""",3,1.87,97.1,135.94,289,318
PBSA516-70-CX150T3S8,"8""",150,SA-516-70,"3""",3,2.18,97.1,135.94,331,365
PB304L-CX150T3S8,"8""",150,304L,"3""",3,6.01,101.44,142.02,888,977
PB316L-CX150T3S8,"8""",150,316L,"3""",3,7.48,102.59,143.63,1109,1220
PBAL6061-CX150T3S8,"8""",150,AL-6061,"3""",3,5.1,34.21,47.89,279,307
PB304-CX150T11GAS10,"10""",150,304,11 Gauge,0.1196,5.55,5.96,8.34,81,90
PBSA36-CX150T11GAS10,"10""",150,SA-36,11 Gauge,0.1196,1.87,5.7,7.98,50,56
PBSA516-70-CX150T11GAS10,"10""",150,SA-516-70,11 Gauge,0.1196,2.18,5.7,7.98,52,58
PB304L-CX150T11GAS10,"10""",150,304L,11 Gauge,0.1196,6.01,5.96,8.34,85,94
PB316L-CX150T11GAS10,"10""",150,316L,11 Gauge,0.1196,7.48,6.02,8.43,98,108
PBAL6061-CX150T11GAS10,"10""",150,AL-6061,11 Gauge,0.1196,5.1,2.01,2.81,49,54
PB304-CX150T1/8S10,"10""",150,304,"1/8""",0.125,5.55,6.23,8.72,83,92
PBSA36-CX150T1/8S10,"10""",150,SA-36,"1/8""",0.125,1.87,5.96,8.34,50,56
PBSA516-70-CX150T1/8S10,"10""",150,SA-516-70,"1/8""",0.125,2.18,5.96,8.34,53,59
PB304L-CX150T1/8S10,"10""",150,304L,"1/8""",0.125,6.01,6.23,8.72,87,96
PB316L-CX150T1/8S10,"10""",150,316L,"1/8""",0.125,7.48,6.3,8.82,101,112
PBAL6061-CX150T1/8S10,"10""",150,AL-6061,"1/8""",0.125,5.1,2.1,2.94,50,56
PB304-CX150T3/16S10,"10""",150,304,"3/16""",0.1875,5.55,9.34,13.08,107,118
PBSA36-CX150T3/16S10,"10""",150,SA-36,"3/16""",0.1875,1.87,8.94,12.52,58,64
PBSA516-70-CX150T3/16S10,"10""",150,SA-516-70,"3/16""",0.1875,2.18,8.94,12.52,62,69
PB304L-CX150T3/16S10,"10""",150,304L,"3/16""",0.1875,6.01,9.34,13.08,113,125
PB316L-CX150T3/16S10,"10""",150,316L,"3/16""",0.1875,7.48,9.45,13.23,134,148
PBAL6061-CX150T3/16S10,"10""",150,AL-6061,"3/16""",0.1875,5.1,3.15,4.41,57,63
PB304-CX150T1/4S10,"10""",150,304,"1/4""",0.25,5.55,12.45,17.43,132,146
PBSA36-CX150T1/4S10,"10""",150,SA-36,"1/4""",0.25,1.87,11.92,16.69,66,73
PBSA516-70-CX150T1/4S10,"10""",150,SA-516-70,"1/4""",0.25,2.18,11.92,16.69,71,79
PB304L-CX150T1/4S10,"10""",150,304L,"1/4""",0.25,6.01,12.45,17.43,140,154
PB316L-CX150T1/4S10,"10""",150,316L,"1/4""",0.25,7.48,12.59,17.63,167,184
PBAL6061-CX150T1/4S10,"10""",150,AL-6061,"1/4""",0.25,5.1,4.2,5.88,65,72
PB304-CX150T5/16S10,"10""",150,304,"5/16""",0.3125,5.55,15.57,21.8,156,172
PBSA36-CX150T5/16S10,"10""",150,SA-36,"5/16""",0.3125,1.87,14.9,20.86,74,82
PBSA516-70-CX150T5/16S10,"10""",150,SA-516-70,"5/16""",0.3125,2.18,14.9,20.86,80,88
PB304L-CX150T5/16S10,"10""",150,304L,"5/16""",0.3125,6.01,15.57,21.8,166,183
PB316L-CX150T5/16S10,"10""",150,316L,"5/16""",0.3125,7.48,15.74,22.04,200,221
PBAL6061-CX150T5/16S10,"10""",150,AL-6061,"5/16""",0.3125,5.1,5.25,7.35,72,80
PB304-CX150T3/8S10,"10""",150,304,"3/8""",0.375,5.55,18.68,26.15,180,199
PBSA36-CX150T3/8S10,"10""",150,SA-36,"3/8""",0.375,1.87,17.88,25.03,82,91
PBSA516-70-CX150T3/8S10,"10""",150,SA-516-70,"3/8""",0.375,2.18,17.88,25.03,89,98
PB304L-CX150T3/8S10,"10""",150,304L,"3/8""",0.375,6.01,18.68,26.15,192,212
PB316L-CX150T3/8S10,"10""",150,316L,"3/8""",0.375,7.48,18.89,26.45,233,257
PBAL6061-CX150T3/8S10,"10""",150,AL-6061,"3/8""",0.375,5.1,6.3,8.82,80,88
PB304-CX150T1/2S10,"10""",150,304,"1/2""",0.5,5.55,24.9,34.86,228,251
PBSA36-CX150T1/2S10,"10""",150,SA-36,"1/2""",0.5,1.87,23.84,33.38,97,107
PBSA516-70-CX150T1/2S10,"10""",150,SA-516-70,"1/2""",0.5,2.18,23.84,33.38,108,119
PB304L-CX150T1/2S10,"10""",150,304L,"1/2""",0.5,6.01,24.9,34.86,244,269
PB316L-CX150T1/2S10,"10""",150,316L,"1/2""",0.5,7.48,25.19,35.27,299,329
PBAL6061-CX150T1/2S10,"10""",150,AL-6061,"1/2""",0.5,5.1,8.4,11.76,95,105
PB304-CX150T5/8S10,"10""",150,304,"5/8""",0.625,5.55,31.13,43.58,277,305
PBSA36-CX150T5/8S10,"10""",150,SA-36,"5/8""",0.625,1.87,29.8,41.72,113,125
PBSA516-70-CX150T5/8S10,"10""",150,SA-516-70,"5/8""",0.625,2.18,29.8,41.72,126,139
PB304L-CX150T5/8S10,"10""",150,304L,"5/8""",0.625,6.01,31.13,43.58,297,327
PB316L-CX150T5/8S10,"10""",150,316L,"5/8""",0.625,7.48,31.48,44.07,364,401
PBAL6061-CX150T5/8S10,"10""",150,AL-6061,"5/8""",0.625,5.1,10.5,14.7,110,122
PB304-CX150T3/4S10,"10""",150,304,"3/4""",0.75,5.55,37.36,52.3,325,358
PBSA36-CX150T3/4S10,"10""",150,SA-36,"3/4""",0.75,1.87,35.76,50.06,128,141
PBSA516-70-CX150T3/4S10,"10""",150,SA-516-70,"3/4""",0.75,2.18,35.76,50.06,144,159
PB304L-CX150T3/4S10,"10""",150,304L,"3/4""",0.75,6.01,37.36,52.3,349,384
PB316L-CX150T3/4S10,"10""",150,316L,"3/4""",0.75,7.48,37.78,52.89,430,474
PBAL6061-CX150T3/4S10,"10""",150,AL-6061,"3/4""",0.75,5.1,12.6,17.64,125,138
PB304-CX150T7/8S10,"10""",150,304,"7/8""",0.875,5.55,43.58,61.01,373,411
PBSA36-CX150T7/8S10,"10""",150,SA-36,"7/8""",0.875,1.87,41.72,58.41,144,159
PBSA516-70-CX150T7/8S10,"10""",150,SA-516-70,"7/8""",0.875,2.18,41.72,58.41,162,179
PB304L-CX150T7/8S10,"10""",150,304L,"7/8""",0.875,6.01,43.58,61.01,402,443
PB316L-CX150T7/8S10,"10""",150,316L,"7/8""",0.875,7.48,44.08,61.71,496,546
PBAL6061-CX150T7/8S10,"10""",150,AL-6061,"7/8""",0.875,5.1,14.7,20.58,140,154
PB304-CX150T1S10,"10""",150,304,"1""",1,5.55,49.81,69.73,422,465
PBSA36-CX150T1S10,"10""",150,SA-36,"1""",1,1.87,47.68,66.75,160,176
PBSA516-70-CX150T1S10,"10""",150,SA-516-70,"1""",1,2.18,47.68,66.75,180,199
PB304L-CX150T1S10,"10""",150,304L,"1""",1,6.01,49.81,69.73,454,500
PB316L-CX150T1S10,"10""",150,316L,"1""",1,7.48,50.38,70.53,562,619
PBAL6061-CX150T1S10,"10""",150,AL-6061,"1""",1,5.1,16.8,23.52,155,171
PB304-CX150T1-1/8S10,"10""",150,304,"1-1/8""",1.125,5.55,56.04,78.46,470,517
PBSA36-CX150T1-1/8S10,"10""",150,SA-36,"1-1/8""",1.125,1.87,53.64,75.1,175,193
PBSA516-70-CX150T1-1/8S10,"10""",150,SA-516-70,"1-1/8""",1.125,2.18,53.64,75.1,199,219
PB304L-CX150T1-1/8S10,"10""",150,304L,"1-1/8""",1.125,6.01,56.04,78.46,506,557
PB316L-CX150T1-1/8S10,"10""",150,316L,"1-1/8""",1.125,7.48,56.67,79.34,628,691
PBAL6061-CX150T1-1/8S10,"10""",150,AL-6061,"1-1/8""",1.125,5.1,18.9,26.46,170,188
PB304-CX150T1-1/4S10,"10""",150,304,"1-1/4""",1.25,5.55,62.26,87.16,519,571
PBSA36-CX150T1-1/4S10,"10""",150,SA-36,"1-1/4""",1.25,1.87,59.6,83.44,191,211
PBSA516-70-CX150T1-1/4S10,"10""",150,SA-516-70,"1-1/4""",1.25,2.18,59.6,83.44,217,239
PB304L-CX150T1-1/4S10,"10""",150,304L,"1-1/4""",1.25,6.01,62.26,87.16,559,615
PB316L-CX150T1-1/4S10,"10""",150,316L,"1-1/4""",1.25,7.48,62.97,88.16,694,764
PBAL6061-CX150T1-1/4S10,"10""",150,AL-6061,"1-1/4""",1.25,5.1,21,29.4,185,204
PB304-CX150T1-3/8S10,"10""",150,304,"1-3/8""",1.375,5.55,68.49,95.89,567,624
PBSA36-CX150T1-3/8S10,"10""",150,SA-36,"1-3/8""",1.375,1.87,65.56,91.78,206,227
PBSA516-70-CX150T1-3/8S10,"10""",150,SA-516-70,"1-3/8""",1.375,2.18,65.56,91.78,235,259
PB304L-CX150T1-3/8S10,"10""",150,304L,"1-3/8""",1.375,6.01,68.49,95.89,611,673
PB316L-CX150T1-3/8S10,"10""",150,316L,"1-3/8""",1.375,7.48,69.27,96.98,760,837
PBAL6061-CX150T1-3/8S10,"10""",150,AL-6061,"1-3/8""",1.375,5.1,23.1,32.34,200,221
PB304-CX150T1-1/2S10,"10""",150,304,"1-1/2""",1.5,5.55,74.71,104.59,615,677
PBSA36-CX150T1-1/2S10,"10""",150,SA-36,"1-1/2""",1.5,1.87,71.52,100.13,222,245
PBSA516-70-CX150T1-1/2S10,"10""",150,SA-516-70,"1-1/2""",1.5,2.18,71.52,100.13,253,279
PB304L-CX150T1-1/2S10,"10""",150,304L,"1-1/2""",1.5,6.01,74.71,104.59,663,730
PB316L-CX150T1-1/2S10,"10""",150,316L,"1-1/2""",1.5,7.48,75.56,105.78,826,909
PBAL6061-CX150T1-1/2S10,"10""",150,AL-6061,"1-1/2""",1.5,5.1,25.2,35.28,215,237
PB304-CX150T1-5/8S10,"10""",150,304,"1-5/8""",1.625,5.55,80.94,113.32,664,731
PBSA36-CX150T1-5/8S10,"10""",150,SA-36,"1-5/8""",1.625,1.87,77.48,108.47,238,262
PBSA516-70-CX150T1-5/8S10,"10""",150,SA-516-70,"1-5/8""",1.625,2.18,77.48,108.47,271,299
PB304L-CX150T1-5/8S10,"10""",150,304L,"1-5/8""",1.625,6.01,80.94,113.32,716,788
PB316L-CX150T1-5/8S10,"10""",150,316L,"1-5/8""",1.625,7.48,81.86,114.6,892,982
PBAL6061-CX150T1-5/8S10,"10""",150,AL-6061,"1-5/8""",1.625,5.1,27.3,38.22,230,254
PB304-CX150T1-3/4S10,"10""",150,304,"1-3/4""",1.75,5.55,87.17,122.04,712,784
PBSA36-CX150T1-3/4S10,"10""",150,SA-36,"1-3/4""",1.75,1.87,83.44,116.82,253,279
PBSA516-70-CX150T1-3/4S10,"10""",150,SA-516-70,"1-3/4""",1.75,2.18,83.44,116.82,290,319
PB304L-CX150T1-3/4S10,"10""",150,304L,"1-3/4""",1.75,6.01,87.17,122.04,768,845
PB316L-CX150T1-3/4S10,"10""",150,316L,"1-3/4""",1.75,7.48,88.16,123.42,958,1054
PBAL6061-CX150T1-3/4S10,"10""",150,AL-6061,"1-3/4""",1.75,5.1,29.4,41.16,245,270
PB304-CX150T1-7/8S10,"10""",150,304,"1-7/8""",1.875,5.55,93.39,130.75,761,838
PBSA36-CX150T1-7/8S10,"10""",150,SA-36,"1-7/8""",1.875,1.87,89.4,125.16,269,296
PBSA516-70-CX150T1-7/8S10,"10""",150,SA-516-70,"1-7/8""",1.875,2.18,89.4,125.16,308,339
PB304L-CX150T1-7/8S10,"10""",150,304L,"1-7/8""",1.875,6.01,93.39,130.75,821,904
PB316L-CX150T1-7/8S10,"10""",150,316L,"1-7/8""",1.875,7.48,94.45,132.23,1024,1127
PBAL6061-CX150T1-7/8S10,"10""",150,AL-6061,"1-7/8""",1.875,5.1,31.5,44.1,260,286
PB304-CX150T2S10,"10""",150,304,"2""",2,5.55,99.62,139.47,809,890
PBSA36-CX150T2S10,"10""",150,SA-36,"2""",2,1.87,95.36,133.5,284,313
PBSA516-70-CX150T2S10,"10""",150,SA-516-70,"2""",2,2.18,95.36,133.5,326,359
PB304L-CX150T2S10,"10""",150,304L,"2""",2,6.01,99.62,139.47,873,961
PB316L-CX150T2S10,"10""",150,316L,"2""",2,7.48,100.75,141.05,1090,1199
PBAL6061-CX150T2S10,"10""",150,AL-6061,"2""",2,5.1,33.6,47.04,275,303
PB304-CX150T2-1/4S10,"10""",150,304,"2-1/4""",2.25,5.55,112.07,156.9,906,997
PBSA36-CX150T2-1/4S10,"10""",150,SA-36,"2-1/4""",2.25,1.87,107.28,150.19,316,348
PBSA516-70-CX150T2-1/4S10,"10""",150,SA-516-70,"2-1/4""",2.25,2.18,107.28,150.19,362,399
PB304L-CX150T2-1/4S10,"10""",150,304L,"2-1/4""",2.25,6.01,112.07,156.9,978,1076
PB316L-CX150T2-1/4S10,"10""",150,316L,"2-1/4""",2.25,7.48,113.34,158.68,1222,1345
PBAL6061-CX150T2-1/4S10,"10""",150,AL-6061,"2-1/4""",2.25,5.1,37.8,52.92,305,336
PB304-CX150T2-1/2S10,"10""",150,304,"2-1/2""",2.5,5.55,124.52,174.33,1002,1103
PBSA36-CX150T2-1/2S10,"10""",150,SA-36,"2-1/2""",2.5,1.87,119.2,166.88,347,382
PBSA516-70-CX150T2-1/2S10,"10""",150,SA-516-70,"2-1/2""",2.5,2.18,119.2,166.88,399,439
PB304L-CX150T2-1/2S10,"10""",150,304L,"2-1/2""",2.5,6.01,124.52,174.33,1083,1192
PB316L-CX150T2-1/2S10,"10""",150,316L,"2-1/2""",2.5,7.48,125.94,176.32,1354,1490
PBAL6061-CX150T2-1/2S10,"10""",150,AL-6061,"2-1/2""",2.5,5.1,42,58.8,335,369
PB304-CX150T3S10,"10""",150,304,"3""",3,5.55,149.43,209.2,1196,1316
PBSA36-CX150T3S10,"10""",150,SA-36,"3""",3,1.87,143.04,200.26,409,450
PBSA516-70-CX150T3S10,"10""",150,SA-516-70,"3""",3,2.18,143.04,200.26,471,519
PB304L-CX150T3S10,"10""",150,304L,"3""",3,6.01,149.43,209.2,1292,1422
PB316L-CX150T3S10,"10""",150,316L,"3""",3,7.48,151.13,211.58,1617,1779
PBAL6061-CX150T3S10,"10""",150,AL-6061,"3""",3,5.1,50.4,70.56,395,435
PB304-CX150T11GAS12,"12""",150,304,11 Gauge,0.1196,5.55,8.61,12.05,104,115
PBSA36-CX150T11GAS12,"12""",150,SA-36,11 Gauge,0.1196,1.87,8.24,11.54,59,65
PBSA516-70-CX150T11GAS12,"12""",150,SA-516-70,11 Gauge,0.1196,2.18,8.24,11.54,63,70
PB304L-CX150T11GAS12,"12""",150,304L,11 Gauge,0.1196,6.01,8.61,12.05,110,122
PB316L-CX150T11GAS12,"12""",150,316L,11 Gauge,0.1196,7.48,8.71,12.19,129,142
PBAL6061-CX150T11GAS12,"12""",150,AL-6061,11 Gauge,0.1196,5.1,2.91,4.07,58,64
PB304-CX150T1/8S12,"12""",150,304,"1/8""",0.125,5.55,9,12.6,107,118
PBSA36-CX150T1/8S12,"12""",150,SA-36,"1/8""",0.125,1.87,8.62,12.07,60,66
PBSA516-70-CX150T1/8S12,"12""",150,SA-516-70,"1/8""",0.125,2.18,8.62,12.07,64,71
PB304L-CX150T1/8S12,"12""",150,304L,"1/8""",0.125,6.01,9,12.6,113,125
PB316L-CX150T1/8S12,"12""",150,316L,"1/8""",0.125,7.48,9.1,12.74,133,147
PBAL6061-CX150T1/8S12,"12""",150,AL-6061,"1/8""",0.125,5.1,3.04,4.26,59,65
PB304-CX150T3/16S12,"12""",150,304,"3/16""",0.1875,5.55,13.5,18.9,142,157
PBSA36-CX150T3/16S12,"12""",150,SA-36,"3/16""",0.1875,1.87,12.93,18.1,71,79
PBSA516-70-CX150T3/16S12,"12""",150,SA-516-70,"3/16""",0.1875,2.18,12.93,18.1,77,85
PB304L-CX150T3/16S12,"12""",150,304L,"3/16""",0.1875,6.01,13.5,18.9,151,167
PB316L-CX150T3/16S12,"12""",150,316L,"3/16""",0.1875,7.48,13.66,19.12,180,199
PBAL6061-CX150T3/16S12,"12""",150,AL-6061,"3/16""",0.1875,5.1,4.55,6.37,70,77
PB304-CX150T1/4S12,"12""",150,304,"1/4""",0.25,5.55,18,25.2,177,195
PBSA36-CX150T1/4S12,"12""",150,SA-36,"1/4""",0.25,1.87,17.23,24.12,82,91
PBSA516-70-CX150T1/4S12,"12""",150,SA-516-70,"1/4""",0.25,2.18,17.23,24.12,90,100
PB304L-CX150T1/4S12,"12""",150,304L,"1/4""",0.25,6.01,18,25.2,189,208
PB316L-CX150T1/4S12,"12""",150,316L,"1/4""",0.25,7.48,18.21,25.49,228,251
PBAL6061-CX150T1/4S12,"12""",150,AL-6061,"1/4""",0.25,5.1,6.07,8.5,81,90
PB304-CX150T5/16S12,"12""",150,304,"5/16""",0.3125,5.55,22.5,31.5,212,234
PBSA36-CX150T5/16S12,"12""",150,SA-36,"5/16""",0.3125,1.87,21.54,30.16,94,104
PBSA516-70-CX150T5/16S12,"12""",150,SA-516-70,"5/16""",0.3125,2.18,21.54,30.16,103,114
PB304L-CX150T5/16S12,"12""",150,304L,"5/16""",0.3125,6.01,22.5,31.5,227,250
PB316L-CX150T5/16S12,"12""",150,316L,"5/16""",0.3125,7.48,22.76,31.86,276,304
PBAL6061-CX150T5/16S12,"12""",150,AL-6061,"5/16""",0.3125,5.1,7.59,10.63,92,102
PB304-CX150T3/8S12,"12""",150,304,"3/8""",0.375,5.55,27.01,37.81,247,272
PBSA36-CX150T3/8S12,"12""",150,SA-36,"3/8""",0.375,1.87,25.85,36.19,105,116
PBSA516-70-CX150T3/8S12,"12""",150,SA-516-70,"3/8""",0.375,2.18,25.85,36.19,116,128
PB304L-CX150T3/8S12,"12""",150,304L,"3/8""",0.375,6.01,27.01,37.81,265,292
PB316L-CX150T3/8S12,"12""",150,316L,"3/8""",0.375,7.48,27.31,38.23,323,356
PBAL6061-CX150T3/8S12,"12""",150,AL-6061,"3/8""",0.375,5.1,9.11,12.75,102,113
PB304-CX150T1/2S12,"12""",150,304,"1/2""",0.5,5.55,36.01,50.41,317,349
PBSA36-CX150T1/2S12,"12""",150,SA-36,"1/2""",0.5,1.87,34.47,48.26,128,141
PBSA516-70-CX150T1/2S12,"12""",150,SA-516-70,"1/2""",0.5,2.18,34.47,48.26,143,158
PB304L-CX150T1/2S12,"12""",150,304L,"1/2""",0.5,6.01,36.01,50.41,340,375
PB316L-CX150T1/2S12,"12""",150,316L,"1/2""",0.5,7.48,36.42,50.99,419,461
PBAL6061-CX150T1/2S12,"12""",150,AL-6061,"1/2""",0.5,5.1,12.14,17,124,137
PB304-CX150T5/8S12,"12""",150,304,"5/8""",0.625,5.55,45.01,63.01,387,426
PBSA36-CX150T5/8S12,"12""",150,SA-36,"5/8""",0.625,1.87,43.08,60.31,150,165
PBSA516-70-CX150T5/8S12,"12""",150,SA-516-70,"5/8""",0.625,2.18,43.08,60.31,169,186
PB304L-CX150T5/8S12,"12""",150,304L,"5/8""",0.625,6.01,45.01,63.01,416,458
PB316L-CX150T5/8S12,"12""",150,316L,"5/8""",0.625,7.48,45.52,63.73,514,566
PBAL6061-CX150T5/8S12,"12""",150,AL-6061,"5/8""",0.625,5.1,15.18,21.25,146,161
PB304-CX150T3/4S12,"12""",150,304,"3/4""",0.75,5.55,54.01,75.61,457,503
PBSA36-CX150T3/4S12,"12""",150,SA-36,"3/4""",0.75,1.87,51.7,72.38,173,191
PBSA516-70-CX150T3/4S12,"12""",150,SA-516-70,"3/4""",0.75,2.18,51.7,72.38,195,215
PB304L-CX150T3/4S12,"12""",150,304L,"3/4""",0.75,6.01,54.01,75.61,492,542
PB316L-CX150T3/4S12,"12""",150,316L,"3/4""",0.75,7.48,54.63,76.48,609,670
PBAL6061-CX150T3/4S12,"12""",150,AL-6061,"3/4""",0.75,5.1,18.22,25.51,167,184
PB304-CX150T7/8S12,"12""",150,304,"7/8""",0.875,5.55,63.01,88.21,527,580
PBSA36-CX150T7/8S12,"12""",150,SA-36,"7/8""",0.875,1.87,60.32,84.45,195,215
PBSA516-70-CX150T7/8S12,"12""",150,SA-516-70,"7/8""",0.875,2.18,60.32,84.45,221,244
PB304L-CX150T7/8S12,"12""",150,304L,"7/8""",0.875,6.01,63.01,88.21,568,625
PB316L-CX150T7/8S12,"12""",150,316L,"7/8""",0.875,7.48,63.73,89.22,705,776
PBAL6061-CX150T7/8S12,"12""",150,AL-6061,"7/8""",0.875,5.1,21.25,29.75,189,208
PB304-CX150T1S12,"12""",150,304,"1""",1,5.55,72.02,100.83,597,657
PBSA36-CX150T1S12,"12""",150,SA-36,"1""",1,1.87,68.94,96.52,218,240
PBSA516-70-CX150T1S12,"12""",150,SA-516-70,"1""",1,2.18,68.94,96.52,248,273
PB304L-CX150T1S12,"12""",150,304L,"1""",1,6.01,72.02,100.83,643,708
PB316L-CX150T1S12,"12""",150,316L,"1""",1,7.48,72.83,101.96,800,881
PBAL6061-CX150T1S12,"12""",150,AL-6061,"1""",1,5.1,24.29,34.01,211,233
PB304-CX150T1-1/8S12,"12""",150,304,"1-1/8""",1.125,5.55,81.02,113.43,667,734
PBSA36-CX150T1-1/8S12,"12""",150,SA-36,"1-1/8""",1.125,1.87,77.55,108.57,240,264
PBSA516-70-CX150T1-1/8S12,"12""",150,SA-516-70,"1-1/8""",1.125,2.18,77.55,108.57,274,302
PB304L-CX150T1-1/8S12,"12""",150,304L,"1-1/8""",1.125,6.01,81.02,113.43,719,791
PB316L-CX150T1-1/8S12,"12""",150,316L,"1-1/8""",1.125,7.48,81.94,114.72,895,985
PBAL6061-CX150T1-1/8S12,"12""",150,AL-6061,"1-1/8""",1.125,5.1,27.33,38.26,232,256
PB304-CX150T1-1/4S12,"12""",150,304,"1-1/4""",1.25,5.55,90.02,126.03,737,811
PBSA36-CX150T1-1/4S12,"12""",150,SA-36,"1-1/4""",1.25,1.87,86.17,120.64,263,290
PBSA516-70-CX150T1-1/4S12,"12""",150,SA-516-70,"1-1/4""",1.25,2.18,86.17,120.64,300,330
PB304L-CX150T1-1/4S12,"12""",150,304L,"1-1/4""",1.25,6.01,90.02,126.03,795,875
PB316L-CX150T1-1/4S12,"12""",150,316L,"1-1/4""",1.25,7.48,91.04,127.46,991,1091
PBAL6061-CX150T1-1/4S12,"12""",150,AL-6061,"1-1/4""",1.25,5.1,30.36,42.5,254,280
PB304-CX150T1-3/8S12,"12""",150,304,"1-3/8""",1.375,5.55,99.02,138.63,807,888
PBSA36-CX150T1-3/8S12,"12""",150,SA-36,"1-3/8""",1.375,1.87,94.79,132.71,286,315
PBSA516-70-CX150T1-3/8S12,"12""",150,SA-516-70,"1-3/8""",1.375,2.18,94.79,132.71,327,360
PB304L-CX150T1-3/8S12,"12""",150,304L,"1-3/8""",1.375,6.01,99.02,138.63,871,959
PB316L-CX150T1-3/8S12,"12""",150,316L,"1-3/8""",1.375,7.48,100.15,140.21,1086,1195
PBAL6061-CX150T1-3/8S12,"12""",150,AL-6061,"1-3/8""",1.375,5.1,33.4,46.76,276,304
PB304-CX150T1-1/2S12,"12""",150,304,"1-1/2""",1.5,5.55,108.02,151.23,877,965
PBSA36-CX150T1-1/2S12,"12""",150,SA-36,"1-1/2""",1.5,1.87,103.4,144.76,308,339
PBSA516-70-CX150T1-1/2S12,"12""",150,SA-516-70,"1-1/2""",1.5,2.18,103.4,144.76,353,389
PB304L-CX150T1-1/2S12,"12""",150,304L,"1-1/2""",1.5,6.01,108.02,151.23,946,1041
PB316L-CX150T1-1/2S12,"12""",150,316L,"1-1/2""",1.5,7.48,109.25,152.95,1181,1300
PBAL6061-CX150T1-1/2S12,"12""",150,AL-6061,"1-1/2""",1.5,5.1,36.43,51,297,327
PB304-CX150T1-5/8S12,"12""",150,304,"1-5/8""",1.625,5.55,117.03,163.84,947,1042
PBSA36-CX150T1-5/8S12,"12""",150,SA-36,"1-5/8""",1.625,1.87,112.02,156.83,331,365
PBSA516-70-CX150T1-5/8S12,"12""",150,SA-516-70,"1-5/8""",1.625,2.18,112.02,156.83,379,417
PB304L-CX150T1-5/8S12,"12""",150,304L,"1-5/8""",1.625,6.01,117.03,163.84,1022,1125
PB316L-CX150T1-5/8S12,"12""",150,316L,"1-5/8""",1.625,7.48,118.36,165.7,1277,1405
PBAL6061-CX150T1-5/8S12,"12""",150,AL-6061,"1-5/8""",1.625,5.1,39.47,55.26,319,351
PB304-CX150T1-3/4S12,"12""",150,304,"1-3/4""",1.75,5.55,126.03,176.44,1017,1119
PBSA36-CX150T1-3/4S12,"12""",150,SA-36,"1-3/4""",1.75,1.87,120.64,168.9,353,389
PBSA516-70-CX150T1-3/4S12,"12""",150,SA-516-70,"1-3/4""",1.75,2.18,120.64,168.9,406,447
PB304L-CX150T1-3/4S12,"12""",150,304L,"1-3/4""",1.75,6.01,126.03,176.44,1098,1208
PB316L-CX150T1-3/4S12,"12""",150,316L,"1-3/4""",1.75,7.48,127.46,178.44,1372,1510
PBAL6061-CX150T1-3/4S12,"12""",150,AL-6061,"1-3/4""",1.75,5.1,42.51,59.51,341,376
PB304-CX150T1-7/8S12,"12""",150,304,"1-7/8""",1.875,5.55,135.03,189.04,1087,1196
PBSA36-CX150T1-7/8S12,"12""",150,SA-36,"1-7/8""",1.875,1.87,129.25,180.95,376,414
PBSA516-70-CX150T1-7/8S12,"12""",150,SA-516-70,"1-7/8""",1.875,2.18,129.25,180.95,432,476
PB304L-CX150T1-7/8S12,"12""",150,304L,"1-7/8""",1.875,6.01,135.03,189.04,1173,1291
PB316L-CX150T1-7/8S12,"12""",150,316L,"1-7/8""",1.875,7.48,136.56,191.18,1467,1614
PBAL6061-CX150T1-7/8S12,"12""",150,AL-6061,"1-7/8""",1.875,5.1,45.54,63.76,363,400
PB304-CX150T2S12,"12""",150,304,"2""",2,5.55,144.03,201.64,1156,1272
PBSA36-CX150T2S12,"12""",150,SA-36,"2""",2,1.87,137.87,193.02,398,438
PBSA516-70-CX150T2S12,"12""",150,SA-516-70,"2""",2,2.18,137.87,193.02,458,504
PB304L-CX150T2S12,"12""",150,304L,"2""",2,6.01,144.03,201.64,1249,1374
PB316L-CX150T2S12,"12""",150,316L,"2""",2,7.48,145.67,203.94,1563,1720
PBAL6061-CX150T2S12,"12""",150,AL-6061,"2""",2,5.1,48.58,68.01,384,423
PB304-CX150T2-1/4S12,"12""",150,304,"2-1/4""",2.25,5.55,162.03,226.84,1296,1426
PBSA36-CX150T2-1/4S12,"12""",150,SA-36,"2-1/4""",2.25,1.87,155.1,217.14,443,488
PBSA516-70-CX150T2-1/4S12,"12""",150,SA-516-70,"2-1/4""",2.25,2.18,155.1,217.14,511,563
PB304L-CX150T2-1/4S12,"12""",150,304L,"2-1/4""",2.25,6.01,162.03,226.84,1401,1542
PB316L-CX150T2-1/4S12,"12""",150,316L,"2-1/4""",2.25,7.48,163.88,229.43,1753,1929
PBAL6061-CX150T2-1/4S12,"12""",150,AL-6061,"2-1/4""",2.25,5.1,54.65,76.51,428,471
PB304-CX150T2-1/2S12,"12""",150,304,"2-1/2""",2.5,5.55,180.04,252.06,1436,1580
PBSA36-CX150T2-1/2S12,"12""",150,SA-36,"2-1/2""",2.5,1.87,172.34,241.28,489,538
PBSA516-70-CX150T2-1/2S12,"12""",150,SA-516-70,"2-1/2""",2.5,2.18,172.34,241.28,563,620
PB304L-CX150T2-1/2S12,"12""",150,304L,"2-1/2""",2.5,6.01,180.04,252.06,1552,1708
PB316L-CX150T2-1/2S12,"12""",150,316L,"2-1/2""",2.5,7.48,182.09,254.93,1944,2139
PBAL6061-CX150T2-1/2S12,"12""",150,AL-6061,"2-1/2""",2.5,5.1,60.72,85.01,471,519
PB304-CX150T3S12,"12""",150,304,"3""",3,5.55,216.05,302.47,1716,1888
PBSA36-CX150T3S12,"12""",150,SA-36,"3""",3,1.87,206.81,289.53,579,637
PBSA516-70-CX150T3S12,"12""",150,SA-516-70,"3""",3,2.18,206.81,289.53,669,736
PB304L-CX150T3S12,"12""",150,304L,"3""",3,6.01,216.05,302.47,1855,2041
PB316L-CX150T3S12,"12""",150,316L,"3""",3,7.48,218.5,305.9,2325,2558
PBAL6061-CX150T3S12,"12""",150,AL-6061,"3""",3,5.1,72.87,102.02,558,614
PB304-CX150T11GAS14,"14""",150,304,11 Gauge,0.1196,5.55,10.43,14.6,122,135
PBSA36-CX150T11GAS14,"14""",150,SA-36,11 Gauge,0.1196,1.87,9.99,13.99,67,74
PBSA516-70-CX150T11GAS14,"14""",150,SA-516-70,11 Gauge,0.1196,2.18,9.99,13.99,71,79
PB304L-CX150T11GAS14,"14""",150,304L,11 Gauge,0.1196,6.01,10.43,14.6,128,141
PB316L-CX150T11GAS14,"14""",150,316L,11 Gauge,0.1196,7.48,10.55,14.77,151,167
PBAL6061-CX150T11GAS14,"14""",150,AL-6061,11 Gauge,0.1196,5.1,3.52,4.93,66,73
PB304-CX150T1/8S14,"14""",150,304,"1/8""",0.125,5.55,10.9,15.26,125,138
PBSA36-CX150T1/8S14,"14""",150,SA-36,"1/8""",0.125,1.87,10.44,14.62,68,75
PBSA516-70-CX150T1/8S14,"14""",150,SA-516-70,"1/8""",0.125,2.18,10.44,14.62,73,81
PB304L-CX150T1/8S14,"14""",150,304L,"1/8""",0.125,6.01,10.9,15.26,132,146
PB316L-CX150T1/8S14,"14""",150,316L,"1/8""",0.125,7.48,11.03,15.44,156,172
PBAL6061-CX150T1/8S14,"14""",150,AL-6061,"1/8""",0.125,5.1,3.68,5.15,67,74
PB304-CX150T3/16S14,"14""",150,304,"3/16""",0.1875,5.55,16.35,22.89,168,185
PBSA36-CX150T3/16S14,"14""",150,SA-36,"3/16""",0.1875,1.87,15.65,21.91,82,91
PBSA516-70-CX150T3/16S14,"14""",150,SA-516-70,"3/16""",0.1875,2.18,15.65,21.91,88,97
PB304L-CX150T3/16S14,"14""",150,304L,"3/16""",0.1875,6.01,16.35,22.89,178,196
PB316L-CX150T3/16S14,"14""",150,316L,"3/16""",0.1875,7.48,16.54,23.16,214,236
PBAL6061-CX150T3/16S14,"14""",150,AL-6061,"3/16""",0.1875,5.1,5.52,7.73,80,88
PB304-CX150T1/4S14,"14""",150,304,"1/4""",0.25,5.55,21.8,30.52,210,232
PBSA36-CX150T1/4S14,"14""",150,SA-36,"1/4""",0.25,1.87,20.87,29.22,95,105
PBSA516-70-CX150T1/4S14,"14""",150,SA-516-70,"1/4""",0.25,2.18,20.87,29.22,104,115
PB304L-CX150T1/4S14,"14""",150,304L,"1/4""",0.25,6.01,21.8,30.52,224,247
PB316L-CX150T1/4S14,"14""",150,316L,"1/4""",0.25,7.48,22.05,30.87,272,300
PBAL6061-CX150T1/4S14,"14""",150,AL-6061,"1/4""",0.25,5.1,7.35,10.29,93,103
PB304-CX150T5/16S14,"14""",150,304,"5/16""",0.3125,5.55,27.26,38.16,253,279
PBSA36-CX150T5/16S14,"14""",150,SA-36,"5/16""",0.3125,1.87,26.09,36.53,109,120
PBSA516-70-CX150T5/16S14,"14""",150,SA-516-70,"5/16""",0.3125,2.18,26.09,36.53,120,132
PB304L-CX150T5/16S14,"14""",150,304L,"5/16""",0.3125,6.01,27.26,38.16,270,297
PB316L-CX150T5/16S14,"14""",150,316L,"5/16""",0.3125,7.48,27.57,38.6,329,362
PBAL6061-CX150T5/16S14,"14""",150,AL-6061,"5/16""",0.3125,5.1,9.19,12.87,106,117
PB304-CX150T3/8S14,"14""",150,304,"3/8""",0.375,5.55,32.71,45.79,295,325
PBSA36-CX150T3/8S14,"14""",150,SA-36,"3/8""",0.375,1.87,31.31,43.83,123,136
PBSA516-70-CX150T3/8S14,"14""",150,SA-516-70,"3/8""",0.375,2.18,31.31,43.83,136,150
PB304L-CX150T3/8S14,"14""",150,304L,"3/8""",0.375,6.01,32.71,45.79,316,348
PB316L-CX150T3/8S14,"14""",150,316L,"3/8""",0.375,7.48,33.08,46.31,387,426
PBAL6061-CX150T3/8S14,"14""",150,AL-6061,"3/8""",0.375,5.1,11.03,15.44,119,131
PB304-CX150T1/2S14,"14""",150,304,"1/2""",0.5,5.55,43.61,61.05,380,419
PBSA36-CX150T1/2S14,"14""",150,SA-36,"1/2""",0.5,1.87,41.74,58.44,150,165
PBSA516-70-CX150T1/2S14,"14""",150,SA-516-70,"1/2""",0.5,2.18,41.74,58.44,168,185
PB304L-CX150T1/2S14,"14""",150,304L,"1/2""",0.5,6.01,43.61,61.05,408,449
PB316L-CX150T1/2S14,"14""",150,316L,"1/2""",0.5,7.48,44.1,61.74,503,554
PBAL6061-CX150T1/2S14,"14""",150,AL-6061,"1/2""",0.5,5.1,14.71,20.59,146,161
PB304-CX150T5/8S14,"14""",150,304,"5/8""",0.625,5.55,54.51,76.31,464,511
PBSA36-CX150T5/8S14,"14""",150,SA-36,"5/8""",0.625,1.87,52.18,73.05,177,195
PBSA516-70-CX150T5/8S14,"14""",150,SA-516-70,"5/8""",0.625,2.18,52.18,73.05,200,221
PB304L-CX150T5/8S14,"14""",150,304L,"5/8""",0.625,6.01,54.51,76.31,499,549
PB316L-CX150T5/8S14,"14""",150,316L,"5/8""",0.625,7.48,55.13,77.18,618,680
PBAL6061-CX150T5/8S14,"14""",150,AL-6061,"5/8""",0.625,5.1,18.39,25.75,172,190
PB304-CX150T3/4S14,"14""",150,304,"3/4""",0.75,5.55,65.41,91.57,549,604
PBSA36-CX150T3/4S14,"14""",150,SA-36,"3/4""",0.75,1.87,62.62,87.67,205,226
PBSA516-70-CX150T3/4S14,"14""",150,SA-516-70,"3/4""",0.75,2.18,62.62,87.67,232,256
PB304L-CX150T3/4S14,"14""",150,304L,"3/4""",0.75,6.01,65.41,91.57,591,651
PB316L-CX150T3/4S14,"14""",150,316L,"3/4""",0.75,7.48,66.16,92.62,734,808
PBAL6061-CX150T3/4S14,"14""",150,AL-6061,"3/4""",0.75,5.1,22.06,30.88,198,218
PB304-CX150T7/8S14,"14""",150,304,"7/8""",0.875,5.55,76.32,106.85,634,698
PBSA36-CX150T7/8S14,"14""",150,SA-36,"7/8""",0.875,1.87,73.05,102.27,232,256
PBSA516-70-CX150T7/8S14,"14""",150,SA-516-70,"7/8""",0.875,2.18,73.05,102.27,264,291
PB304L-CX150T7/8S14,"14""",150,304L,"7/8""",0.875,6.01,76.32,106.85,683,752
PB316L-CX150T7/8S14,"14""",150,316L,"7/8""",0.875,7.48,77.18,108.05,849,934
PBAL6061-CX150T7/8S14,"14""",150,AL-6061,"7/8""",0.875,5.1,25.74,36.04,225,248
PB304-CX150T1S14,"14""",150,304,"1""",1,5.55,87.22,122.11,718,790
PBSA36-CX150T1S14,"14""",150,SA-36,"1""",1,1.87,83.49,116.89,259,285
PBSA516-70-CX150T1S14,"14""",150,SA-516-70,"1""",1,2.18,83.49,116.89,296,326
PB304L-CX150T1S14,"14""",150,304L,"1""",1,6.01,87.22,122.11,775,853
PB316L-CX150T1S14,"14""",150,316L,"1""",1,7.48,88.21,123.49,964,1061
PBAL6061-CX150T1S14,"14""",150,AL-6061,"1""",1,5.1,29.42,41.19,251,277
PB304-CX150T1-1/8S14,"14""",150,304,"1-1/8""",1.125,5.55,98.12,137.37,803,884
PBSA36-CX150T1-1/8S14,"14""",150,SA-36,"1-1/8""",1.125,1.87,93.92,131.49,287,316
PBSA516-70-CX150T1-1/8S14,"14""",150,SA-516-70,"1-1/8""",1.125,2.18,93.92,131.49,327,360
PB304L-CX150T1-1/8S14,"14""",150,304L,"1-1/8""",1.125,6.01,98.12,137.37,866,953
PB316L-CX150T1-1/8S14,"14""",150,316L,"1-1/8""",1.125,7.48,99.24,138.94,1080,1188
PBAL6061-CX150T1-1/8S14,"14""",150,AL-6061,"1-1/8""",1.125,5.1,33.09,46.33,277,305
PB304-CX150T1-1/4S14,"14""",150,304,"1-1/4""",1.25,5.55,109.02,152.63,888,977
PBSA36-CX150T1-1/4S14,"14""",150,SA-36,"1-1/4""",1.25,1.87,104.36,146.1,314,346
PBSA516-70-CX150T1-1/4S14,"14""",150,SA-516-70,"1-1/4""",1.25,2.18,104.36,146.1,359,395
PB304L-CX150T1-1/4S14,"14""",150,304L,"1-1/4""",1.25,6.01,109.02,152.63,958,1054
PB316L-CX150T1-1/4S14,"14""",150,316L,"1-1/4""",1.25,7.48,110.26,154.36,1195,1315
PBAL6061-CX150T1-1/4S14,"14""",150,AL-6061,"1-1/4""",1.25,5.1,36.77,51.48,303,334
PB304-CX150T1-3/8S14,"14""",150,304,"1-3/8""",1.375,5.55,119.93,167.9,973,1071
PBSA36-CX150T1-3/8S14,"14""",150,SA-36,"1-3/8""",1.375,1.87,114.8,160.72,341,376
PBSA516-70-CX150T1-3/8S14,"14""",150,SA-516-70,"1-3/8""",1.375,2.18,114.8,160.72,391,431
PB304L-CX150T1-3/8S14,"14""",150,304L,"1-3/8""",1.375,6.01,119.93,167.9,1050,1155
PB316L-CX150T1-3/8S14,"14""",150,316L,"1-3/8""",1.375,7.48,121.29,169.81,1311,1443
PBAL6061-CX150T1-3/8S14,"14""",150,AL-6061,"1-3/8""",1.375,5.1,40.45,56.63,330,364
PB304-CX150T1-1/2S14,"14""",150,304,"1-1/2""",1.5,5.55,130.83,183.16,1057,1163
PBSA36-CX150T1-1/2S14,"14""",150,SA-36,"1-1/2""",1.5,1.87,125.23,175.32,369,406
PBSA516-70-CX150T1-1/2S14,"14""",150,SA-516-70,"1-1/2""",1.5,2.18,125.23,175.32,423,466
PB304L-CX150T1-1/2S14,"14""",150,304L,"1-1/2""",1.5,6.01,130.83,183.16,1142,1257
PB316L-CX150T1-1/2S14,"14""",150,316L,"1-1/2""",1.5,7.48,132.31,185.23,1426,1569
PBAL6061-CX150T1-1/2S14,"14""",150,AL-6061,"1-1/2""",1.5,5.1,44.13,61.78,356,392
PB304-CX150T1-5/8S14,"14""",150,304,"1-5/8""",1.625,5.55,141.73,198.42,1142,1257
PBSA36-CX150T1-5/8S14,"14""",150,SA-36,"1-5/8""",1.625,1.87,135.67,189.94,396,436
PBSA516-70-CX150T1-5/8S14,"14""",150,SA-516-70,"1-5/8""",1.625,2.18,135.67,189.94,455,501
PB304L-CX150T1-5/8S14,"14""",150,304L,"1-5/8""",1.625,6.01,141.73,198.42,1233,1357
PB316L-CX150T1-5/8S14,"14""",150,316L,"1-5/8""",1.625,7.48,143.34,200.68,1542,1697
PBAL6061-CX150T1-5/8S14,"14""",150,AL-6061,"1-5/8""",1.625,5.1,47.8,66.92,382,421
PB304-CX150T1-3/4S14,"14""",150,304,"1-3/4""",1.75,5.55,152.63,213.68,1227,1350
PBSA36-CX150T1-3/4S14,"14""",150,SA-36,"1-3/4""",1.75,1.87,146.1,204.54,423,466
PBSA516-70-CX150T1-3/4S14,"14""",150,SA-516-70,"1-3/4""",1.75,2.18,146.1,204.54,487,536
PB304L-CX150T1-3/4S14,"14""",150,304L,"1-3/4""",1.75,6.01,152.63,213.68,1325,1458
PB316L-CX150T1-3/4S14,"14""",150,316L,"1-3/4""",1.75,7.48,154.37,216.12,1657,1823
PBAL6061-CX150T1-3/4S14,"14""",150,AL-6061,"1-3/4""",1.75,5.1,51.48,72.07,408,449
PB304-CX150T1-7/8S14,"14""",150,304,"1-7/8""",1.875,5.55,163.53,228.94,1311,1443
PBSA36-CX150T1-7/8S14,"14""",150,SA-36,"1-7/8""",1.875,1.87,156.54,219.16,451,497
PBSA516-70-CX150T1-7/8S14,"14""",150,SA-516-70,"1-7/8""",1.875,2.18,156.54,219.16,518,570
PB304L-CX150T1-7/8S14,"14""",150,304L,"1-7/8""",1.875,6.01,163.53,228.94,1417,1559
PB316L-CX150T1-7/8S14,"14""",150,316L,"1-7/8""",1.875,7.48,165.39,231.55,1773,1951
PBAL6061-CX150T1-7/8S14,"14""",150,AL-6061,"1-7/8""",1.875,5.1,55.16,77.22,435,479
PB304-CX150T2S14,"14""",150,304,"2""",2,5.55,174.44,244.22,1396,1536
PBSA36-CX150T2S14,"14""",150,SA-36,"2""",2,1.87,166.97,233.76,478,526
PBSA516-70-CX150T2S14,"14""",150,SA-516-70,"2""",2,2.18,166.97,233.76,550,605
PB304L-CX150T2S14,"14""",150,304L,"2""",2,6.01,174.44,244.22,1508,1659
PB316L-CX150T2S14,"14""",150,316L,"2""",2,7.48,176.42,246.99,1888,2077
PBAL6061-CX150T2S14,"14""",150,AL-6061,"2""",2,5.1,58.83,82.36,461,508
PB304-CX150T2-1/4S14,"14""",150,304,"2-1/4""",2.25,5.55,196.24,274.74,1566,1723
PBSA36-CX150T2-1/4S14,"14""",150,SA-36,"2-1/4""",2.25,1.87,187.85,262.99,533,587
PBSA516-70-CX150T2-1/4S14,"14""",150,SA-516-70,"2-1/4""",2.25,2.18,187.85,262.99,614,676
PB304L-CX150T2-1/4S14,"14""",150,304L,"2-1/4""",2.25,6.01,196.24,274.74,1692,1862
PB316L-CX150T2-1/4S14,"14""",150,316L,"2-1/4""",2.25,7.48,198.47,277.86,2119,2331
PBAL6061-CX150T2-1/4S14,"14""",150,AL-6061,"2-1/4""",2.25,5.1,66.19,92.67,513,565
PB304-CX150T2-1/2S14,"14""",150,304,"2-1/2""",2.5,5.55,218.05,305.27,1735,1909
PBSA36-CX150T2-1/2S14,"14""",150,SA-36,"2-1/2""",2.5,1.87,208.72,292.21,587,646
PBSA516-70-CX150T2-1/2S14,"14""",150,SA-516-70,"2-1/2""",2.5,2.18,208.72,292.21,678,746
PB304L-CX150T2-1/2S14,"14""",150,304L,"2-1/2""",2.5,6.01,218.05,305.27,1875,2063
PB316L-CX150T2-1/2S14,"14""",150,316L,"2-1/2""",2.5,7.48,220.52,308.73,2350,2585
PBAL6061-CX150T2-1/2S14,"14""",150,AL-6061,"2-1/2""",2.5,5.1,73.54,102.96,566,623
PB304-CX150T3S14,"14""",150,304,"3""",3,5.55,261.65,366.31,2074,2282
PBSA36-CX150T3S14,"14""",150,SA-36,"3""",3,1.87,250.46,350.64,696,766
PBSA516-70-CX150T3S14,"14""",150,SA-516-70,"3""",3,2.18,250.46,350.64,805,886
PB304L-CX150T3S14,"14""",150,304L,"3""",3,6.01,261.65,366.31,2242,2467
PB316L-CX150T3S14,"14""",150,316L,"3""",3,7.48,264.63,370.48,2812,3094
PBAL6061-CX150T3S14,"14""",150,AL-6061,"3""",3,5.1,88.25,123.55,671,739
PB304-CX150T11GAS16,"16""",150,304,11 Gauge,0.1196,5.55,13.53,18.94,150,165
PBSA36-CX150T11GAS16,"16""",150,SA-36,11 Gauge,0.1196,1.87,12.96,18.14,79,87
PBSA516-70-CX150T11GAS16,"16""",150,SA-516-70,11 Gauge,0.1196,2.18,12.96,18.14,84,93
PB304L-CX150T11GAS16,"16""",150,304L,11 Gauge,0.1196,6.01,13.53,18.94,159,175
PB316L-CX150T11GAS16,"16""",150,316L,11 Gauge,0.1196,7.48,13.69,19.17,188,207
PBAL6061-CX150T11GAS16,"16""",150,AL-6061,11 Gauge,0.1196,5.1,4.56,6.38,77,85
PB304-CX150T1/8S16,"16""",150,304,"1/8""",0.125,5.55,14.15,19.81,155,171
PBSA36-CX150T1/8S16,"16""",150,SA-36,"1/8""",0.125,1.87,13.54,18.96,80,88
PBSA516-70-CX150T1/8S16,"16""",150,SA-516-70,"1/8""",0.125,2.18,13.54,18.96,86,95
PB304L-CX150T1/8S16,"16""",150,304L,"1/8""",0.125,6.01,14.15,19.81,164,181
PB316L-CX150T1/8S16,"16""",150,316L,"1/8""",0.125,7.48,14.31,20.03,195,215
PBAL6061-CX150T1/8S16,"16""",150,AL-6061,"1/8""",0.125,5.1,4.77,6.68,79,87
PB304-CX150T3/16S16,"16""",150,304,"3/16""",0.1875,5.55,21.22,29.71,210,232
PBSA36-CX150T3/16S16,"16""",150,SA-36,"3/16""",0.1875,1.87,20.31,28.43,98,108
PBSA516-70-CX150T3/16S16,"16""",150,SA-516-70,"3/16""",0.1875,2.18,20.31,28.43,107,118
PB304L-CX150T3/16S16,"16""",150,304L,"3/16""",0.1875,6.01,21.22,29.71,223,246
PB316L-CX150T3/16S16,"16""",150,316L,"3/16""",0.1875,7.48,21.46,30.04,270,297
PBAL6061-CX150T3/16S16,"16""",150,AL-6061,"3/16""",0.1875,5.1,7.16,10.02,96,106
PB304-CX150T1/4S16,"16""",150,304,"1/4""",0.25,5.55,28.29,39.61,265,292
PBSA36-CX150T1/4S16,"16""",150,SA-36,"1/4""",0.25,1.87,27.08,37.91,116,128
PBSA516-70-CX150T1/4S16,"16""",150,SA-516-70,"1/4""",0.25,2.18,27.08,37.91,128,141
PB304L-CX150T1/4S16,"16""",150,304L,"1/4""",0.25,6.01,28.29,39.61,283,312
PB316L-CX150T1/4S16,"16""",150,316L,"1/4""",0.25,7.48,28.61,40.05,344,379
PBAL6061-CX150T1/4S16,"16""",150,AL-6061,"1/4""",0.25,5.1,9.54,13.36,113,125
PB304-CX150T5/16S16,"16""",150,304,"5/16""",0.3125,5.55,35.36,49.5,320,352
PBSA36-CX150T5/16S16,"16""",150,SA-36,"5/16""",0.3125,1.87,33.85,47.39,134,148
PBSA516-70-CX150T5/16S16,"16""",150,SA-516-70,"5/16""",0.3125,2.18,33.85,47.39,148,163
PB304L-CX150T5/16S16,"16""",150,304L,"5/16""",0.3125,6.01,35.36,49.5,342,377
PB316L-CX150T5/16S16,"16""",150,316L,"5/16""",0.3125,7.48,35.76,50.06,419,461
PBAL6061-CX150T5/16S16,"16""",150,AL-6061,"5/16""",0.3125,5.1,11.93,16.7,130,143
PB304-CX150T3/8S16,"16""",150,304,"3/8""",0.375,5.55,42.44,59.42,375,413
PBSA36-CX150T3/8S16,"16""",150,SA-36,"3/8""",0.375,1.87,40.62,56.87,151,167
PBSA516-70-CX150T3/8S16,"16""",150,SA-516-70,"3/8""",0.375,2.18,40.62,56.87,169,186
PB304L-CX150T3/8S16,"16""",150,304L,"3/8""",0.375,6.01,42.44,59.42,402,443
PB316L-CX150T3/8S16,"16""",150,316L,"3/8""",0.375,7.48,42.92,60.09,494,544
PBAL6061-CX150T3/8S16,"16""",150,AL-6061,"3/8""",0.375,5.1,14.31,20.03,147,162
PB304-CX150T1/2S16,"16""",150,304,"1/2""",0.5,5.55,56.58,79.21,485,534
PBSA36-CX150T1/2S16,"16""",150,SA-36,"1/2""",0.5,1.87,54.16,75.82,187,206
PBSA516-70-CX150T1/2S16,"16""",150,SA-516-70,"1/2""",0.5,2.18,54.16,75.82,210,232
PB304L-CX150T1/2S16,"16""",150,304L,"1/2""",0.5,6.01,56.58,79.21,521,574
PB316L-CX150T1/2S16,"16""",150,316L,"1/2""",0.5,7.48,57.22,80.11,644,709
PBAL6061-CX150T1/2S16,"16""",150,AL-6061,"1/2""",0.5,5.1,19.08,26.71,181,200
PB304-CX150T5/8S16,"16""",150,304,"5/8""",0.625,5.55,70.73,99.02,594,654
PBSA36-CX150T5/8S16,"16""",150,SA-36,"5/8""",0.625,1.87,67.7,94.78,222,245
PBSA516-70-CX150T5/8S16,"16""",150,SA-516-70,"5/8""",0.625,2.18,67.7,94.78,252,278
PB304L-CX150T5/8S16,"16""",150,304L,"5/8""",0.625,6.01,70.73,99.02,640,704
PB316L-CX150T5/8S16,"16""",150,316L,"5/8""",0.625,7.48,71.53,100.14,794,874
PBAL6061-CX150T5/8S16,"16""",150,AL-6061,"5/8""",0.625,5.1,23.85,33.39,215,237
PB304-CX150T3/4S16,"16""",150,304,"3/4""",0.75,5.55,84.87,118.82,704,775
PBSA36-CX150T3/4S16,"16""",150,SA-36,"3/4""",0.75,1.87,81.24,113.74,258,284
PBSA516-70-CX150T3/4S16,"16""",150,SA-516-70,"3/4""",0.75,2.18,81.24,113.74,293,323
PB304L-CX150T3/4S16,"16""",150,304L,"3/4""",0.75,6.01,84.87,118.82,759,835
PB316L-CX150T3/4S16,"16""",150,316L,"3/4""",0.75,7.48,85.84,120.18,944,1039
PBAL6061-CX150T3/4S16,"16""",150,AL-6061,"3/4""",0.75,5.1,28.63,40.08,249,274
PB304-CX150T7/8S16,"16""",150,304,"7/8""",0.875,5.55,99.02,138.63,814,896
PBSA36-CX150T7/8S16,"16""",150,SA-36,"7/8""",0.875,1.87,94.78,132.69,293,323
PBSA516-70-CX150T7/8S16,"16""",150,SA-516-70,"7/8""",0.875,2.18,94.78,132.69,334,368
PB304L-CX150T7/8S16,"16""",150,304L,"7/8""",0.875,6.01,99.02,138.63,878,966
PB316L-CX150T7/8S16,"16""",150,316L,"7/8""",0.875,7.48,100.14,140.2,1094,1204
PBAL6061-CX150T7/8S16,"16""",150,AL-6061,"7/8""",0.875,5.1,33.4,46.76,283,312
PB304-CX150T1S16,"16""",150,304,"1""",1,5.55,113.16,158.42,924,1017
PBSA36-CX150T1S16,"16""",150,SA-36,"1""",1,1.87,108.32,151.65,328,361
PBSA516-70-CX150T1S16,"16""",150,SA-516-70,"1""",1,2.18,108.32,151.65,376,414
PB304L-CX150T1S16,"16""",150,304L,"1""",1,6.01,113.16,158.42,997,1097
PB316L-CX150T1S16,"16""",150,316L,"1""",1,7.48,114.45,160.23,1243,1368
PBAL6061-CX150T1S16,"16""",150,AL-6061,"1""",1,5.1,38.17,53.44,317,349
PB304-CX150T1-1/8S16,"16""",150,304,"1-1/8""",1.125,5.55,127.31,178.23,1034,1138
PBSA36-CX150T1-1/8S16,"16""",150,SA-36,"1-1/8""",1.125,1.87,121.86,170.6,364,401
PBSA516-70-CX150T1-1/8S16,"16""",150,SA-516-70,"1-1/8""",1.125,2.18,121.86,170.6,417,459
PB304L-CX150T1-1/8S16,"16""",150,304L,"1-1/8""",1.125,6.01,127.31,178.23,1116,1228
PB316L-CX150T1-1/8S16,"16""",150,316L,"1-1/8""",1.125,7.48,128.75,180.25,1393,1533
PBAL6061-CX150T1-1/8S16,"16""",150,AL-6061,"1-1/8""",1.125,5.1,42.94,60.12,352,388
PB304-CX150T1-1/4S16,"16""",150,304,"1-1/4""",1.25,5.55,141.45,198.03,1144,1259
PBSA36-CX150T1-1/4S16,"16""",150,SA-36,"1-1/4""",1.25,1.87,135.4,189.56,399,439
PBSA516-70-CX150T1-1/4S16,"16""",150,SA-516-70,"1-1/4""",1.25,2.18,135.4,189.56,458,504
PB304L-CX150T1-1/4S16,"16""",150,304L,"1-1/4""",1.25,6.01,141.45,198.03,1235,1359
PB316L-CX150T1-1/4S16,"16""",150,316L,"1-1/4""",1.25,7.48,143.06,200.28,1543,1698
PBAL6061-CX150T1-1/4S16,"16""",150,AL-6061,"1-1/4""",1.25,5.1,47.71,66.79,386,425
PB304-CX150T1-3/8S16,"16""",150,304,"1-3/8""",1.375,5.55,155.6,217.84,1254,1380
PBSA36-CX150T1-3/8S16,"16""",150,SA-36,"1-3/8""",1.375,1.87,148.94,208.52,435,479
PBSA516-70-CX150T1-3/8S16,"16""",150,SA-516-70,"1-3/8""",1.375,2.18,148.94,208.52,499,549
PB304L-CX150T1-3/8S16,"16""",150,304L,"1-3/8""",1.375,6.01,155.6,217.84,1354,1490
PB316L-CX150T1-3/8S16,"16""",150,316L,"1-3/8""",1.375,7.48,157.36,220.3,1693,1863
PBAL6061-CX150T1-3/8S16,"16""",150,AL-6061,"1-3/8""",1.375,5.1,52.48,73.47,420,463
PB304-CX150T1-1/2S16,"16""",150,304,"1-1/2""",1.5,5.55,169.74,237.64,1364,1501
PBSA36-CX150T1-1/2S16,"16""",150,SA-36,"1-1/2""",1.5,1.87,162.48,227.47,470,517
PBSA516-70-CX150T1-1/2S16,"16""",150,SA-516-70,"1-1/2""",1.5,2.18,162.48,227.47,541,596
PB304L-CX150T1-1/2S16,"16""",150,304L,"1-1/2""",1.5,6.01,169.74,237.64,1473,1621
PB316L-CX150T1-1/2S16,"16""",150,316L,"1-1/2""",1.5,7.48,171.67,240.34,1843,2028
PBAL6061-CX150T1-1/2S16,"16""",150,AL-6061,"1-1/2""",1.5,5.1,57.25,80.15,454,500
PB304-CX150T1-5/8S16,"16""",150,304,"1-5/8""",1.625,5.55,183.89,257.45,1474,1622
PBSA36-CX150T1-5/8S16,"16""",150,SA-36,"1-5/8""",1.625,1.87,176.02,246.43,506,557
PBSA516-70-CX150T1-5/8S16,"16""",150,SA-516-70,"1-5/8""",1.625,2.18,176.02,246.43,582,641
PB304L-CX150T1-5/8S16,"16""",150,304L,"1-5/8""",1.625,6.01,183.89,257.45,1592,1752
PB316L-CX150T1-5/8S16,"16""",150,316L,"1-5/8""",1.625,7.48,185.98,260.37,1992,2192
PBAL6061-CX150T1-5/8S16,"16""",150,AL-6061,"1-5/8""",1.625,5.1,62.02,86.83,488,537
PB304-CX150T1-3/4S16,"16""",150,304,"1-3/4""",1.75,5.55,198.03,277.24,1584,1743
PBSA36-CX150T1-3/4S16,"16""",150,SA-36,"1-3/4""",1.75,1.87,189.56,265.38,541,596
PBSA516-70-CX150T1-3/4S16,"16""",150,SA-516-70,"1-3/4""",1.75,2.18,189.56,265.38,623,686
PB304L-CX150T1-3/4S16,"16""",150,304L,"1-3/4""",1.75,6.01,198.03,277.24,1711,1883
PB316L-CX150T1-3/4S16,"16""",150,316L,"1-3/4""",1.75,7.48,200.28,280.39,2142,2357
PBAL6061-CX150T1-3/4S16,"16""",150,AL-6061,"1-3/4""",1.75,5.1,66.79,93.51,522,575
PB304-CX150T1-7/8S16,"16""",150,304,"1-7/8""",1.875,5.55,212.18,297.05,1694,1864
PBSA36-CX150T1-7/8S16,"16""",150,SA-36,"1-7/8""",1.875,1.87,203.1,284.34,577,635
PBSA516-70-CX150T1-7/8S16,"16""",150,SA-516-70,"1-7/8""",1.875,2.18,203.1,284.34,665,732
PB304L-CX150T1-7/8S16,"16""",150,304L,"1-7/8""",1.875,6.01,212.18,297.05,1830,2014
PB316L-CX150T1-7/8S16,"16""",150,316L,"1-7/8""",1.875,7.48,214.59,300.43,2292,2522
PBAL6061-CX150T1-7/8S16,"16""",150,AL-6061,"1-7/8""",1.875,5.1,71.56,100.18,556,612
PB304-CX150T2S16,"16""",150,304,"2""",2,5.55,226.32,316.85,1803,1984
PBSA36-CX150T2S16,"16""",150,SA-36,"2""",2,1.87,216.64,303.3,612,674
PBSA516-70-CX150T2S16,"16""",150,SA-516-70,"2""",2,2.18,216.64,303.3,706,777
PB304L-CX150T2S16,"16""",150,304L,"2""",2,6.01,226.32,316.85,1949,2144
PB316L-CX150T2S16,"16""",150,316L,"2""",2,7.48,228.89,320.45,2442,2687
PBAL6061-CX150T2S16,"16""",150,AL-6061,"2""",2,5.1,76.33,106.86,590,649
PB304-CX150T2-1/4S16,"16""",150,304,"2-1/4""",2.25,5.55,254.61,356.45,2023,2226
PBSA36-CX150T2-1/4S16,"16""",150,SA-36,"2-1/4""",2.25,1.87,243.72,341.21,683,752
PBSA516-70-CX150T2-1/4S16,"16""",150,SA-516-70,"2-1/4""",2.25,2.18,243.72,341.21,789,868
PB304L-CX150T2-1/4S16,"16""",150,304L,"2-1/4""",2.25,6.01,254.61,356.45,2187,2406
PB316L-CX150T2-1/4S16,"16""",150,316L,"2-1/4""",2.25,7.48,257.51,360.51,2742,3017
PBAL6061-CX150T2-1/4S16,"16""",150,AL-6061,"2-1/4""",2.25,5.1,85.88,120.23,658,724
PB304-CX150T2-1/2S16,"16""",150,304,"2-1/2""",2.5,5.55,282.9,396.06,2243,2468
PBSA36-CX150T2-1/2S16,"16""",150,SA-36,"2-1/2""",2.5,1.87,270.8,379.12,754,830
PBSA516-70-CX150T2-1/2S16,"16""",150,SA-516-70,"2-1/2""",2.5,2.18,270.8,379.12,871,959
PB304L-CX150T2-1/2S16,"16""",150,304L,"2-1/2""",2.5,6.01,282.9,396.06,2425,2668
PB316L-CX150T2-1/2S16,"16""",150,316L,"2-1/2""",2.5,7.48,286.12,400.57,3041,3346
PBAL6061-CX150T2-1/2S16,"16""",150,AL-6061,"2-1/2""",2.5,5.1,95.42,133.59,726,799
PB304-CX150T3S16,"16""",150,304,"3""",3,5.55,339.48,475.27,2683,2952
PBSA36-CX150T3S16,"16""",150,SA-36,"3""",3,1.87,324.96,454.94,896,986
PBSA516-70-CX150T3S16,"16""",150,SA-516-70,"3""",3,2.18,324.96,454.94,1037,1141
PB304L-CX150T3S16,"16""",150,304L,"3""",3,6.01,339.48,475.27,2901,3192
PB316L-CX150T3S16,"16""",150,316L,"3""",3,7.48,343.34,480.68,3640,4005
PBAL6061-CX150T3S16,"16""",150,AL-6061,"3""",3,5.1,114.5,160.3,862,949
PB304-CX150T11GAS18,"18""",150,304,11 Gauge,0.1196,5.55,15.44,21.62,169,186
PBSA36-CX150T11GAS18,"18""",150,SA-36,11 Gauge,0.1196,1.87,14.78,20.69,88,97
PBSA516-70-CX150T11GAS18,"18""",150,SA-516-70,11 Gauge,0.1196,2.18,14.78,20.69,94,104
PB304L-CX150T11GAS18,"18""",150,304L,11 Gauge,0.1196,6.01,15.44,21.62,179,197
PB316L-CX150T11GAS18,"18""",150,316L,11 Gauge,0.1196,7.48,15.61,21.85,213,235
PBAL6061-CX150T11GAS18,"18""",150,AL-6061,11 Gauge,0.1196,5.1,5.21,7.29,86,95
PB304-CX150T1/8S18,"18""",150,304,"1/8""",0.125,5.55,16.13,22.58,174,192
PBSA36-CX150T1/8S18,"18""",150,SA-36,"1/8""",0.125,1.87,15.44,21.62,90,100
PBSA516-70-CX150T1/8S18,"18""",150,SA-516-70,"1/8""",0.125,2.18,15.44,21.62,96,106
PB304L-CX150T1/8S18,"18""",150,304L,"1/8""",0.125,6.01,16.13,22.58,185,204
PB316L-CX150T1/8S18,"18""",150,316L,"1/8""",0.125,7.48,16.32,22.85,220,243
PBAL6061-CX150T1/8S18,"18""",150,AL-6061,"1/8""",0.125,5.1,5.44,7.62,88,97
PB304-CX150T3/16S18,"18""",150,304,"3/16""",0.1875,5.55,24.2,33.88,237,261
PBSA36-CX150T3/16S18,"18""",150,SA-36,"3/16""",0.1875,1.87,23.16,32.42,110,122
PBSA516-70-CX150T3/16S18,"18""",150,SA-516-70,"3/16""",0.1875,2.18,23.16,32.42,120,132
PB304L-CX150T3/16S18,"18""",150,304L,"3/16""",0.1875,6.01,24.2,33.88,253,279
PB316L-CX150T3/16S18,"18""",150,316L,"3/16""",0.1875,7.48,24.47,34.26,305,336
PBAL6061-CX150T3/16S18,"18""",150,AL-6061,"3/16""",0.1875,5.1,8.16,11.42,107,118
PB304-CX150T1/4S18,"18""",150,304,"1/4""",0.25,5.55,32.27,45.18,300,330
PBSA36-CX150T1/4S18,"18""",150,SA-36,"1/4""",0.25,1.87,30.89,43.25,130,143
PBSA516-70-CX150T1/4S18,"18""",150,SA-516-70,"1/4""",0.25,2.18,30.89,43.25,143,158
PB304L-CX150T1/4S18,"18""",150,304L,"1/4""",0.25,6.01,32.27,45.18,321,354
PB316L-CX150T1/4S18,"18""",150,316L,"1/4""",0.25,7.48,32.63,45.68,391,431
PBAL6061-CX150T1/4S18,"18""",150,AL-6061,"1/4""",0.25,5.1,10.88,15.23,127,140
PB304-CX150T5/16S18,"18""",150,304,"5/16""",0.3125,5.55,40.33,56.46,362,399
PBSA36-CX150T5/16S18,"18""",150,SA-36,"5/16""",0.3125,1.87,38.61,54.05,150,165
PBSA516-70-CX150T5/16S18,"18""",150,SA-516-70,"5/16""",0.3125,2.18,38.61,54.05,167,184
PB304L-CX150T5/16S18,"18""",150,304L,"5/16""",0.3125,6.01,40.33,56.46,388,427
PB316L-CX150T5/16S18,"18""",150,316L,"5/16""",0.3125,7.48,40.79,57.11,476,524
PBAL6061-CX150T5/16S18,"18""",150,AL-6061,"5/16""",0.3125,5.1,13.6,19.04,146,161
PB304-CX150T3/8S18,"18""",150,304,"3/8""",0.375,5.55,48.4,67.76,425,468
PBSA36-CX150T3/8S18,"18""",150,SA-36,"3/8""",0.375,1.87,46.33,64.86,170,188
PBSA516-70-CX150T3/8S18,"18""",150,SA-516-70,"3/8""",0.375,2.18,46.33,64.86,190,210
PB304L-CX150T3/8S18,"18""",150,304L,"3/8""",0.375,6.01,48.4,67.76,456,502
PB316L-CX150T3/8S18,"18""",150,316L,"3/8""",0.375,7.48,48.95,68.53,562,619
PBAL6061-CX150T3/8S18,"18""",150,AL-6061,"3/8""",0.375,5.1,16.32,22.85,166,183
PB304-CX150T1/2S18,"18""",150,304,"1/2""",0.5,5.55,64.53,90.34,550,605
PBSA36-CX150T1/2S18,"18""",150,SA-36,"1/2""",0.5,1.87,61.77,86.48,211,233
PBSA516-70-CX150T1/2S18,"18""",150,SA-516-70,"1/2""",0.5,2.18,61.77,86.48,238,262
PB304L-CX150T1/2S18,"18""",150,304L,"1/2""",0.5,6.01,64.53,90.34,592,652
PB316L-CX150T1/2S18,"18""",150,316L,"1/2""",0.5,7.48,65.27,91.38,733,807
PBAL6061-CX150T1/2S18,"18""",150,AL-6061,"1/2""",0.5,5.1,21.77,30.48,205,226
PB304-CX150T5/8S18,"18""",150,304,"5/8""",0.625,5.55,80.67,112.94,676,744
PBSA36-CX150T5/8S18,"18""",150,SA-36,"5/8""",0.625,1.87,77.22,108.11,251,277
PBSA516-70-CX150T5/8S18,"18""",150,SA-516-70,"5/8""",0.625,2.18,77.22,108.11,285,314
PB304L-CX150T5/8S18,"18""",150,304L,"5/8""",0.625,6.01,80.67,112.94,728,801
PB316L-CX150T5/8S18,"18""",150,316L,"5/8""",0.625,7.48,81.58,114.21,903,994
PBAL6061-CX150T5/8S18,"18""",150,AL-6061,"5/8""",0.625,5.1,27.21,38.09,243,268
PB304-CX150T3/4S18,"18""",150,304,"3/4""",0.75,5.55,96.8,135.52,801,882
PBSA36-CX150T3/4S18,"18""",150,SA-36,"3/4""",0.75,1.87,92.66,129.72,292,322
PBSA516-70-CX150T3/4S18,"18""",150,SA-516-70,"3/4""",0.75,2.18,92.66,129.72,332,366
PB304L-CX150T3/4S18,"18""",150,304L,"3/4""",0.75,6.01,96.8,135.52,864,951
PB316L-CX150T3/4S18,"18""",150,316L,"3/4""",0.75,7.48,97.9,137.06,1074,1182
PBAL6061-CX150T3/4S18,"18""",150,AL-6061,"3/4""",0.75,5.1,32.65,45.71,282,311
PB304-CX150T7/8S18,"18""",150,304,"7/8""",0.875,5.55,112.93,158.1,927,1020
PBSA36-CX150T7/8S18,"18""",150,SA-36,"7/8""",0.875,1.87,108.1,151.34,332,366
PBSA516-70-CX150T7/8S18,"18""",150,SA-516-70,"7/8""",0.875,2.18,108.1,151.34,379,417
PB304L-CX150T7/8S18,"18""",150,304L,"7/8""",0.875,6.01,112.93,158.1,999,1099
PB316L-CX150T7/8S18,"18""",150,316L,"7/8""",0.875,7.48,114.22,159.91,1245,1370
PBAL6061-CX150T7/8S18,"18""",150,AL-6061,"7/8""",0.875,5.1,38.09,53.33,321,354
PB304-CX150T1S18,"18""",150,304,"1""",1,5.55,129.07,180.7,1052,1158
PBSA36-CX150T1S18,"18""",150,SA-36,"1""",1,1.87,123.54,172.96,373,411
PBSA516-70-CX150T1S18,"18""",150,SA-516-70,"1""",1,2.18,123.54,172.96,426,469
PB304L-CX150T1S18,"18""",150,304L,"1""",1,6.01,129.07,180.7,1135,1249
PB316L-CX150T1S18,"18""",150,316L,"1""",1,7.48,130.53,182.74,1416,1558
PBAL6061-CX150T1S18,"18""",150,AL-6061,"1""",1,5.1,43.53,60.94,360,397
PB304-CX150T1-1/8S18,"18""",150,304,"1-1/8""",1.125,5.55,145.2,203.28,1177,1295
PBSA36-CX150T1-1/8S18,"18""",150,SA-36,"1-1/8""",1.125,1.87,138.99,194.59,413,455
PBSA516-70-CX150T1-1/8S18,"18""",150,SA-516-70,"1-1/8""",1.125,2.18,138.99,194.59,473,521
PB304L-CX150T1-1/8S18,"18""",150,304L,"1-1/8""",1.125,6.01,145.2,203.28,1271,1399
PB316L-CX150T1-1/8S18,"18""",150,316L,"1-1/8""",1.125,7.48,146.85,205.59,1587,1746
PBAL6061-CX150T1-1/8S18,"18""",150,AL-6061,"1-1/8""",1.125,5.1,48.97,68.56,399,439
PB304-CX150T1-1/4S18,"18""",150,304,"1-1/4""",1.25,5.55,161.33,225.86,1303,1434
PBSA36-CX150T1-1/4S18,"18""",150,SA-36,"1-1/4""",1.25,1.87,154.43,216.2,453,499
PBSA516-70-CX150T1-1/4S18,"18""",150,SA-516-70,"1-1/4""",1.25,2.18,154.43,216.2,520,572
PB304L-CX150T1-1/4S18,"18""",150,304L,"1-1/4""",1.25,6.01,161.33,225.86,1407,1548
PB316L-CX150T1-1/4S18,"18""",150,316L,"1-1/4""",1.25,7.48,163.17,228.44,1758,1934
PBAL6061-CX150T1-1/4S18,"18""",150,AL-6061,"1-1/4""",1.25,5.1,54.41,76.17,438,482
PB304-CX150T1-3/8S18,"18""",150,304,"1-3/8""",1.375,5.55,177.46,248.44,1428,1571
PBSA36-CX150T1-3/8S18,"18""",150,SA-36,"1-3/8""",1.375,1.87,169.87,237.82,494,544
PBSA516-70-CX150T1-3/8S18,"18""",150,SA-516-70,"1-3/8""",1.375,2.18,169.87,237.82,568,625
PB304L-CX150T1-3/8S18,"18""",150,304L,"1-3/8""",1.375,6.01,177.46,248.44,1542,1697
PB316L-CX150T1-3/8S18,"18""",150,316L,"1-3/8""",1.375,7.48,179.48,251.27,1929,2122
PBAL6061-CX150T1-3/8S18,"18""",150,AL-6061,"1-3/8""",1.375,5.1,59.86,83.8,476,524
PB304-CX150T1-1/2S18,"18""",150,304,"1-1/2""",1.5,5.55,193.6,271.04,1553,1709
PBSA36-CX150T1-1/2S18,"18""",150,SA-36,"1-1/2""",1.5,1.87,185.32,259.45,534,588
PBSA516-70-CX150T1-1/2S18,"18""",150,SA-516-70,"1-1/2""",1.5,2.18,185.32,259.45,615,677
PB304L-CX150T1-1/2S18,"18""",150,304L,"1-1/2""",1.5,6.01,193.6,271.04,1678,1846
PB316L-CX150T1-1/2S18,"18""",150,316L,"1-1/2""",1.5,7.48,195.8,274.12,2100,2310
PBAL6061-CX150T1-1/2S18,"18""",150,AL-6061,"1-1/2""",1.5,5.1,65.3,91.42,515,567
PB304-CX150T1-5/8S18,"18""",150,304,"1-5/8""",1.625,5.55,209.73,293.62,1679,1847
PBSA36-CX150T1-5/8S18,"18""",150,SA-36,"1-5/8""",1.625,1.87,200.76,281.06,575,633
PBSA516-70-CX150T1-5/8S18,"18""",150,SA-516-70,"1-5/8""",1.625,2.18,200.76,281.06,662,729
PB304L-CX150T1-5/8S18,"18""",150,304L,"1-5/8""",1.625,6.01,209.73,293.62,1814,1996
PB316L-CX150T1-5/8S18,"18""",150,316L,"1-5/8""",1.625,7.48,212.12,296.97,2270,2497
PBAL6061-CX150T1-5/8S18,"18""",150,AL-6061,"1-5/8""",1.625,5.1,70.74,99.04,554,610
PB304-CX150T1-3/4S18,"18""",150,304,"1-3/4""",1.75,5.55,225.86,316.2,1804,1985
PBSA36-CX150T1-3/4S18,"18""",150,SA-36,"1-3/4""",1.75,1.87,216.2,302.68,615,677
PBSA516-70-CX150T1-3/4S18,"18""",150,SA-516-70,"1-3/4""",1.75,2.18,216.2,302.68,709,780
PB304L-CX150T1-3/4S18,"18""",150,304L,"1-3/4""",1.75,6.01,225.86,316.2,1949,2144
PB316L-CX150T1-3/4S18,"18""",150,316L,"1-3/4""",1.75,7.48,228.43,319.8,2441,2686
PBAL6061-CX150T1-3/4S18,"18""",150,AL-6061,"1-3/4""",1.75,5.1,76.18,106.65,593,653
PB304-CX150T1-7/8S18,"18""",150,304,"1-7/8""",1.875,5.55,242,338.8,1929,2122
PBSA36-CX150T1-7/8S18,"18""",150,SA-36,"1-7/8""",1.875,1.87,231.65,324.31,656,722
PBSA516-70-CX150T1-7/8S18,"18""",150,SA-516-70,"1-7/8""",1.875,2.18,231.65,324.31,756,832
PB304L-CX150T1-7/8S18,"18""",150,304L,"1-7/8""",1.875,6.01,242,338.8,2085,2294
PB316L-CX150T1-7/8S18,"18""",150,316L,"1-7/8""",1.875,7.48,244.75,342.65,2612,2874
PBAL6061-CX150T1-7/8S18,"18""",150,AL-6061,"1-7/8""",1.875,5.1,81.62,114.27,632,696
PB304-CX150T2S18,"18""",150,304,"2""",2,5.55,258.13,361.38,2055,2261
PBSA36-CX150T2S18,"18""",150,SA-36,"2""",2,1.87,247.09,345.93,696,766
PBSA516-70-CX150T2S18,"18""",150,SA-516-70,"2""",2,2.18,247.09,345.93,803,884
PB304L-CX150T2S18,"18""",150,304L,"2""",2,6.01,258.13,361.38,2221,2444
PB316L-CX150T2S18,"18""",150,316L,"2""",2,7.48,261.07,365.5,2783,3062
PBAL6061-CX150T2S18,"18""",150,AL-6061,"2""",2,5.1,87.06,121.88,671,739
PB304-CX150T2-1/4S18,"18""",150,304,"2-1/4""",2.25,5.55,290.4,406.56,2306,2537
PBSA36-CX150T2-1/4S18,"18""",150,SA-36,"2-1/4""",2.25,1.87,277.98,389.17,777,855
PBSA516-70-CX150T2-1/4S18,"18""",150,SA-516-70,"2-1/4""",2.25,2.18,277.98,389.17,897,987
PB304L-CX150T2-1/4S18,"18""",150,304L,"2-1/4""",2.25,6.01,290.4,406.56,2493,2743
PB316L-CX150T2-1/4S18,"18""",150,316L,"2-1/4""",2.25,7.48,293.7,411.18,3125,3438
PBAL6061-CX150T2-1/4S18,"18""",150,AL-6061,"2-1/4""",2.25,5.1,97.94,137.12,748,823
PB304-CX150T2-1/2S18,"18""",150,304,"2-1/2""",2.5,5.55,322.66,451.72,2556,2812
PBSA36-CX150T2-1/2S18,"18""",150,SA-36,"2-1/2""",2.5,1.87,308.86,432.4,858,944
PBSA516-70-CX150T2-1/2S18,"18""",150,SA-516-70,"2-1/2""",2.5,2.18,308.86,432.4,992,1092
PB304L-CX150T2-1/2S18,"18""",150,304L,"2-1/2""",2.5,6.01,322.66,451.72,2764,3041
PB316L-CX150T2-1/2S18,"18""",150,316L,"2-1/2""",2.5,7.48,326.33,456.86,3466,3813
PBAL6061-CX150T2-1/2S18,"18""",150,AL-6061,"2-1/2""",2.5,5.1,108.83,152.36,826,909
PB304-CX150T3S18,"18""",150,304,"3""",3,5.55,387.2,542.08,3058,3364
PBSA36-CX150T3S18,"18""",150,SA-36,"3""",3,1.87,370.63,518.88,1019,1121
PBSA516-70-CX150T3S18,"18""",150,SA-516-70,"3""",3,2.18,370.63,518.88,1180,1298
PB304L-CX150T3S18,"18""",150,304L,"3""",3,6.01,387.2,542.08,3307,3638
PB316L-CX150T3S18,"18""",150,316L,"3""",3,7.48,391.6,548.24,4150,4565
PBAL6061-CX150T3S18,"18""",150,AL-6061,"3""",3,5.1,130.59,182.83,982,1081
PB304-CX150T11GAS20,"20""",150,304,11 Gauge,0.1196,5.55,18.78,26.29,198,218
PBSA36-CX150T11GAS20,"20""",150,SA-36,11 Gauge,0.1196,1.87,17.97,25.16,100,111
PBSA516-70-CX150T11GAS20,"20""",150,SA-516-70,11 Gauge,0.1196,2.18,17.97,25.16,107,118
PB304L-CX150T11GAS20,"20""",150,304L,11 Gauge,0.1196,6.01,18.78,26.29,210,232
PB316L-CX150T11GAS20,"20""",150,316L,11 Gauge,0.1196,7.48,18.99,26.59,251,277
PBAL6061-CX150T11GAS20,"20""",150,AL-6061,11 Gauge,0.1196,5.1,6.33,8.86,98,108
PB304-CX150T1/8S20,"20""",150,304,"1/8""",0.125,5.55,19.62,27.47,205,226
PBSA36-CX150T1/8S20,"20""",150,SA-36,"1/8""",0.125,1.87,18.78,26.29,102,113
PBSA516-70-CX150T1/8S20,"20""",150,SA-516-70,"1/8""",0.125,2.18,18.78,26.29,110,122
PB304L-CX150T1/8S20,"20""",150,304L,"1/8""",0.125,6.01,19.62,27.47,218,240
PB316L-CX150T1/8S20,"20""",150,316L,"1/8""",0.125,7.48,19.85,27.79,260,286
PBAL6061-CX150T1/8S20,"20""",150,AL-6061,"1/8""",0.125,5.1,6.62,9.27,100,111
PB304-CX150T3/16S20,"20""",150,304,"3/16""",0.1875,5.55,29.43,41.2,281,310
PBSA36-CX150T3/16S20,"20""",150,SA-36,"3/16""",0.1875,1.87,28.18,39.45,126,139
PBSA516-70-CX150T3/16S20,"20""",150,SA-516-70,"3/16""",0.1875,2.18,28.18,39.45,138,152
PB304L-CX150T3/16S20,"20""",150,304L,"3/16""",0.1875,6.01,29.43,41.2,300,330
PB316L-CX150T3/16S20,"20""",150,316L,"3/16""",0.1875,7.48,29.77,41.68,364,401
PBAL6061-CX150T3/16S20,"20""",150,AL-6061,"3/16""",0.1875,5.1,9.93,13.9,123,136
PB304-CX150T1/4S20,"20""",150,304,"1/4""",0.25,5.55,39.25,54.95,357,393
PBSA36-CX150T1/4S20,"20""",150,SA-36,"1/4""",0.25,1.87,37.57,52.6,151,167
PBSA516-70-CX150T1/4S20,"20""",150,SA-516-70,"1/4""",0.25,2.18,37.57,52.6,167,184
PB304L-CX150T1/4S20,"20""",150,304L,"1/4""",0.25,6.01,39.25,54.95,383,422
PB316L-CX150T1/4S20,"20""",150,316L,"1/4""",0.25,7.48,39.69,55.57,468,515
PBAL6061-CX150T1/4S20,"20""",150,AL-6061,"1/4""",0.25,5.1,13.24,18.54,147,162
PB304-CX150T5/16S20,"20""",150,304,"5/16""",0.3125,5.55,49.06,68.68,434,478
PBSA36-CX150T5/16S20,"20""",150,SA-36,"5/16""",0.3125,1.87,46.96,65.74,175,193
PBSA516-70-CX150T5/16S20,"20""",150,SA-516-70,"5/16""",0.3125,2.18,46.96,65.74,196,216
PB304L-CX150T5/16S20,"20""",150,304L,"5/16""",0.3125,6.01,49.06,68.68,465,512
PB316L-CX150T5/16S20,"20""",150,316L,"5/16""",0.3125,7.48,49.62,69.47,572,630
PBAL6061-CX150T5/16S20,"20""",150,AL-6061,"5/16""",0.3125,5.1,16.55,23.17,171,189
PB304-CX150T3/8S20,"20""",150,304,"3/8""",0.375,5.55,58.87,82.42,510,561
PBSA36-CX150T3/8S20,"20""",150,SA-36,"3/8""",0.375,1.87,56.35,78.89,200,221
PBSA516-70-CX150T3/8S20,"20""",150,SA-516-70,"3/8""",0.375,2.18,56.35,78.89,224,247
PB304L-CX150T3/8S20,"20""",150,304L,"3/8""",0.375,6.01,58.87,82.42,548,603
PB316L-CX150T3/8S20,"20""",150,316L,"3/8""",0.375,7.48,59.54,83.36,676,744
PBAL6061-CX150T3/8S20,"20""",150,AL-6061,"3/8""",0.375,5.1,19.86,27.8,194,214
PB304-CX150T1/2S20,"20""",150,304,"1/2""",0.5,5.55,78.49,109.89,662,729
PBSA36-CX150T1/2S20,"20""",150,SA-36,"1/2""",0.5,1.87,75.14,105.2,249,274
PBSA516-70-CX150T1/2S20,"20""",150,SA-516-70,"1/2""",0.5,2.18,75.14,105.2,282,311
PB304L-CX150T1/2S20,"20""",150,304L,"1/2""",0.5,6.01,78.49,109.89,713,785
PB316L-CX150T1/2S20,"20""",150,316L,"1/2""",0.5,7.48,79.39,111.15,884,973
PBAL6061-CX150T1/2S20,"20""",150,AL-6061,"1/2""",0.5,5.1,26.47,37.06,241,266
PB304-CX150T5/8S20,"20""",150,304,"5/8""",0.625,5.55,98.12,137.37,815,897
PBSA36-CX150T5/8S20,"20""",150,SA-36,"5/8""",0.625,1.87,93.92,131.49,298,328
PBSA516-70-CX150T5/8S20,"20""",150,SA-516-70,"5/8""",0.625,2.18,93.92,131.49,339,373
PB304L-CX150T5/8S20,"20""",150,304L,"5/8""",0.625,6.01,98.12,137.37,878,966
PB316L-CX150T5/8S20,"20""",150,316L,"5/8""",0.625,7.48,99.23,138.92,1092,1202
PBAL6061-CX150T5/8S20,"20""",150,AL-6061,"5/8""",0.625,5.1,33.09,46.33,289,318
PB304-CX150T3/4S20,"20""",150,304,"3/4""",0.75,5.55,117.74,164.84,967,1064
PBSA36-CX150T3/4S20,"20""",150,SA-36,"3/4""",0.75,1.87,112.7,157.78,348,383
PBSA516-70-CX150T3/4S20,"20""",150,SA-516-70,"3/4""",0.75,2.18,112.7,157.78,396,436
PB304L-CX150T3/4S20,"20""",150,304L,"3/4""",0.75,6.01,117.74,164.84,1043,1148
PB316L-CX150T3/4S20,"20""",150,316L,"3/4""",0.75,7.48,119.08,166.71,1299,1429
PBAL6061-CX150T3/4S20,"20""",150,AL-6061,"3/4""",0.75,5.1,39.71,55.59,336,370
PB304-CX150T7/8S20,"20""",150,304,"7/8""",0.875,5.55,137.36,192.3,1120,1232
PBSA36-CX150T7/8S20,"20""",150,SA-36,"7/8""",0.875,1.87,131.49,184.09,397,437
PBSA516-70-CX150T7/8S20,"20""",150,SA-516-70,"7/8""",0.875,2.18,131.49,184.09,454,500
PB304L-CX150T7/8S20,"20""",150,304L,"7/8""",0.875,6.01,137.36,192.3,1208,1329
PB316L-CX150T7/8S20,"20""",150,316L,"7/8""",0.875,7.48,138.92,194.49,1507,1658
PBAL6061-CX150T7/8S20,"20""",150,AL-6061,"7/8""",0.875,5.1,46.33,64.86,383,422
PB304-CX150T1S20,"20""",150,304,"1""",1,5.55,156.99,219.79,1272,1400
PBSA36-CX150T1S20,"20""",150,SA-36,"1""",1,1.87,150.27,210.38,446,491
PBSA516-70-CX150T1S20,"20""",150,SA-516-70,"1""",1,2.18,150.27,210.38,511,563
PB304L-CX150T1S20,"20""",150,304L,"1""",1,6.01,156.99,219.79,1373,1511
PB316L-CX150T1S20,"20""",150,316L,"1""",1,7.48,158.77,222.28,1715,1887
PBAL6061-CX150T1S20,"20""",150,AL-6061,"1""",1,5.1,52.95,74.13,431,475
PB304-CX150T1-1/8S20,"20""",150,304,"1-1/8""",1.125,5.55,176.61,247.25,1425,1568
PBSA36-CX150T1-1/8S20,"20""",150,SA-36,"1-1/8""",1.125,1.87,169.06,236.68,495,545
PBSA516-70-CX150T1-1/8S20,"20""",150,SA-516-70,"1-1/8""",1.125,2.18,169.06,236.68,568,625
PB304L-CX150T1-1/8S20,"20""",150,304L,"1-1/8""",1.125,6.01,176.61,247.25,1538,1692
PB316L-CX150T1-1/8S20,"20""",150,316L,"1-1/8""",1.125,7.48,178.62,250.07,1923,2116
PBAL6061-CX150T1-1/8S20,"20""",150,AL-6061,"1-1/8""",1.125,5.1,59.57,83.4,478,526
PB304-CX150T1-1/4S20,"20""",150,304,"1-1/4""",1.25,5.55,196.23,274.72,1577,1735
PBSA36-CX150T1-1/4S20,"20""",150,SA-36,"1-1/4""",1.25,1.87,187.84,262.98,544,599
PBSA516-70-CX150T1-1/4S20,"20""",150,SA-516-70,"1-1/4""",1.25,2.18,187.84,262.98,626,689
PB304L-CX150T1-1/4S20,"20""",150,304L,"1-1/4""",1.25,6.01,196.23,274.72,1704,1875
PB316L-CX150T1-1/4S20,"20""",150,316L,"1-1/4""",1.25,7.48,198.46,277.84,2131,2345
PBAL6061-CX150T1-1/4S20,"20""",150,AL-6061,"1-1/4""",1.25,5.1,66.19,92.67,525,578
PB304-CX150T1-3/8S20,"20""",150,304,"1-3/8""",1.375,5.55,215.86,302.2,1730,1904
PBSA36-CX150T1-3/8S20,"20""",150,SA-36,"1-3/8""",1.375,1.87,206.62,289.27,593,653
PBSA516-70-CX150T1-3/8S20,"20""",150,SA-516-70,"1-3/8""",1.375,2.18,206.62,289.27,683,752
PB304L-CX150T1-3/8S20,"20""",150,304L,"1-3/8""",1.375,6.01,215.86,302.2,1869,2056
PB316L-CX150T1-3/8S20,"20""",150,316L,"1-3/8""",1.375,7.48,218.31,305.63,2339,2573
PBAL6061-CX150T1-3/8S20,"20""",150,AL-6061,"1-3/8""",1.375,5.1,72.8,101.92,572,630
PB304-CX150T1-1/2S20,"20""",150,304,"1-1/2""",1.5,5.55,235.48,329.67,1882,2071
PBSA36-CX150T1-1/2S20,"20""",150,SA-36,"1-1/2""",1.5,1.87,225.41,315.57,643,708
PBSA516-70-CX150T1-1/2S20,"20""",150,SA-516-70,"1-1/2""",1.5,2.18,225.41,315.57,740,815
PB304L-CX150T1-1/2S20,"20""",150,304L,"1-1/2""",1.5,6.01,235.48,329.67,2034,2238
PB316L-CX150T1-1/2S20,"20""",150,316L,"1-1/2""",1.5,7.48,238.16,333.42,2546,2801
PBAL6061-CX150T1-1/2S20,"20""",150,AL-6061,"1-1/2""",1.5,5.1,79.42,111.19,620,682
PB304-CX150T1-5/8S20,"20""",150,304,"1-5/8""",1.625,5.55,255.1,357.14,2035,2239
PBSA36-CX150T1-5/8S20,"20""",150,SA-36,"1-5/8""",1.625,1.87,244.19,341.87,692,762
PBSA516-70-CX150T1-5/8S20,"20""",150,SA-516-70,"1-5/8""",1.625,2.18,244.19,341.87,798,878
PB304L-CX150T1-5/8S20,"20""",150,304L,"1-5/8""",1.625,6.01,255.1,357.14,2199,2419
PB316L-CX150T1-5/8S20,"20""",150,316L,"1-5/8""",1.625,7.48,258,361.2,2754,3030
PBAL6061-CX150T1-5/8S20,"20""",150,AL-6061,"1-5/8""",1.625,5.1,86.04,120.46,667,734
PB304-CX150T1-3/4S20,"20""",150,304,"1-3/4""",1.75,5.55,274.73,384.62,2187,2406
PBSA36-CX150T1-3/4S20,"20""",150,SA-36,"1-3/4""",1.75,1.87,262.97,368.16,741,816
PBSA516-70-CX150T1-3/4S20,"20""",150,SA-516-70,"1-3/4""",1.75,2.18,262.97,368.16,855,941
PB304L-CX150T1-3/4S20,"20""",150,304L,"1-3/4""",1.75,6.01,274.73,384.62,2364,2601
PB316L-CX150T1-3/4S20,"20""",150,316L,"1-3/4""",1.75,7.48,277.85,388.99,2962,3259
PBAL6061-CX150T1-3/4S20,"20""",150,AL-6061,"1-3/4""",1.75,5.1,92.66,129.72,714,786
PB304-CX150T1-7/8S20,"20""",150,304,"1-7/8""",1.875,5.55,294.35,412.09,2340,2574
PBSA36-CX150T1-7/8S20,"20""",150,SA-36,"1-7/8""",1.875,1.87,281.76,394.46,790,870
PBSA516-70-CX150T1-7/8S20,"20""",150,SA-516-70,"1-7/8""",1.875,2.18,281.76,394.46,912,1004
PB304L-CX150T1-7/8S20,"20""",150,304L,"1-7/8""",1.875,6.01,294.35,412.09,2529,2782
PB316L-CX150T1-7/8S20,"20""",150,316L,"1-7/8""",1.875,7.48,297.7,416.78,3170,3488
PBAL6061-CX150T1-7/8S20,"20""",150,AL-6061,"1-7/8""",1.875,5.1,99.28,138.99,761,838
PB304-CX150T2S20,"20""",150,304,"2""",2,5.55,313.97,439.56,2492,2742
PBSA36-CX150T2S20,"20""",150,SA-36,"2""",2,1.87,300.54,420.76,839,923
PBSA516-70-CX150T2S20,"20""",150,SA-516-70,"2""",2,2.18,300.54,420.76,970,1067
PB304L-CX150T2S20,"20""",150,304L,"2""",2,6.01,313.97,439.56,2694,2964
PB316L-CX150T2S20,"20""",150,316L,"2""",2,7.48,317.54,444.56,3378,3716
PBAL6061-CX150T2S20,"20""",150,AL-6061,"2""",2,5.1,105.9,148.26,809,890
PB304-CX150T2-1/4S20,"20""",150,304,"2-1/4""",2.25,5.55,353.22,494.51,2797,3077
PBSA36-CX150T2-1/4S20,"20""",150,SA-36,"2-1/4""",2.25,1.87,338.11,473.35,938,1032
PBSA516-70-CX150T2-1/4S20,"20""",150,SA-516-70,"2-1/4""",2.25,2.18,338.11,473.35,1084,1193
PB304L-CX150T2-1/4S20,"20""",150,304L,"2-1/4""",2.25,6.01,353.22,494.51,3024,3327
PB316L-CX150T2-1/4S20,"20""",150,316L,"2-1/4""",2.25,7.48,357.23,500.12,3793,4173
PBAL6061-CX150T2-1/4S20,"20""",150,AL-6061,"2-1/4""",2.25,5.1,119.13,166.78,903,994
PB304-CX150T2-1/2S20,"20""",150,304,"2-1/2""",2.5,5.55,392.47,549.46,3102,3413
PBSA36-CX150T2-1/2S20,"20""",150,SA-36,"2-1/2""",2.5,1.87,375.68,525.95,1036,1140
PBSA516-70-CX150T2-1/2S20,"20""",150,SA-516-70,"2-1/2""",2.5,2.18,375.68,525.95,1199,1319
PB304L-CX150T2-1/2S20,"20""",150,304L,"2-1/2""",2.5,6.01,392.47,549.46,3355,3691
PB316L-CX150T2-1/2S20,"20""",150,316L,"2-1/2""",2.5,7.48,396.93,555.7,4209,4630
PBAL6061-CX150T2-1/2S20,"20""",150,AL-6061,"2-1/2""",2.5,5.1,132.37,185.32,998,1098
PB304-CX150T3S20,"20""",150,304,"3""",3,5.55,470.96,659.34,3712,4084
PBSA36-CX150T3S20,"20""",150,SA-36,"3""",3,1.87,450.81,631.13,1233,1357
PBSA516-70-CX150T3S20,"20""",150,SA-516-70,"3""",3,2.18,450.81,631.13,1428,1571
PB304L-CX150T3S20,"20""",150,304L,"3""",3,6.01,470.96,659.34,4015,4417
PB316L-CX150T3S20,"20""",150,316L,"3""",3,7.48,476.31,666.83,5040,5544
PBAL6061-CX150T3S20,"20""",150,AL-6061,"3""",3,5.1,158.84,222.38,1187,1306
PB304-CX150T11GAS24,"24""",150,304,11 Gauge,0.1196,5.55,26.23,36.72,260,286
PBSA36-CX150T11GAS24,"24""",150,SA-36,11 Gauge,0.1196,1.87,25.11,35.15,122,135
PBSA516-70-CX150T11GAS24,"24""",150,SA-516-70,11 Gauge,0.1196,2.18,25.11,35.15,133,147
PB304L-CX150T11GAS24,"24""",150,304L,11 Gauge,0.1196,6.01,26.23,36.72,277,305
PB316L-CX150T11GAS24,"24""",150,316L,11 Gauge,0.1196,7.48,26.53,37.14,334,368
PBAL6061-CX150T11GAS24,"24""",150,AL-6061,11 Gauge,0.1196,5.1,8.85,12.39,120,132
PB304-CX150T1/8S24,"24""",150,304,"1/8""",0.125,5.55,27.42,38.39,270,297
PBSA36-CX150T1/8S24,"24""",150,SA-36,"1/8""",0.125,1.87,26.25,36.75,125,138
PBSA516-70-CX150T1/8S24,"24""",150,SA-516-70,"1/8""",0.125,2.18,26.25,36.75,137,151
PB304L-CX150T1/8S24,"24""",150,304L,"1/8""",0.125,6.01,27.42,38.39,287,316
PB316L-CX150T1/8S24,"24""",150,316L,"1/8""",0.125,7.48,27.73,38.82,347,382
PBAL6061-CX150T1/8S24,"24""",150,AL-6061,"1/8""",0.125,5.1,9.25,12.95,123,136
PB304-CX150T3/16S24,"24""",150,304,"3/16""",0.1875,5.55,41.13,57.58,376,414
PBSA36-CX150T3/16S24,"24""",150,SA-36,"3/16""",0.1875,1.87,39.37,55.12,160,176
PBSA516-70-CX150T3/16S24,"24""",150,SA-516-70,"3/16""",0.1875,2.18,39.37,55.12,177,195
PB304L-CX150T3/16S24,"24""",150,304L,"3/16""",0.1875,6.01,41.13,57.58,403,444
PB316L-CX150T3/16S24,"24""",150,316L,"3/16""",0.1875,7.48,41.6,58.24,492,542
PBAL6061-CX150T3/16S24,"24""",150,AL-6061,"3/16""",0.1875,5.1,13.87,19.42,156,172
PB304-CX150T1/4S24,"24""",150,304,"1/4""",0.25,5.55,54.84,76.78,483,532
PBSA36-CX150T1/4S24,"24""",150,SA-36,"1/4""",0.25,1.87,52.49,73.49,194,214
PBSA516-70-CX150T1/4S24,"24""",150,SA-516-70,"1/4""",0.25,2.18,52.49,73.49,217,239
PB304L-CX150T1/4S24,"24""",150,304L,"1/4""",0.25,6.01,54.84,76.78,518,570
PB316L-CX150T1/4S24,"24""",150,316L,"1/4""",0.25,7.48,55.46,77.64,637,701
PBAL6061-CX150T1/4S24,"24""",150,AL-6061,"1/4""",0.25,5.1,18.5,25.9,189,208
PB304-CX150T5/16S24,"24""",150,304,"5/16""",0.3125,5.55,68.55,95.97,589,648
PBSA36-CX150T5/16S24,"24""",150,SA-36,"5/16""",0.3125,1.87,65.62,91.87,228,251
PBSA516-70-CX150T5/16S24,"24""",150,SA-516-70,"5/16""",0.3125,2.18,65.62,91.87,257,283
PB304L-CX150T5/16S24,"24""",150,304L,"5/16""",0.3125,6.01,68.55,95.97,633,697
PB316L-CX150T5/16S24,"24""",150,316L,"5/16""",0.3125,7.48,69.33,97.06,783,862
PBAL6061-CX150T5/16S24,"24""",150,AL-6061,"5/16""",0.3125,5.1,23.12,32.37,222,245
PB304-CX150T3/8S24,"24""",150,304,"3/8""",0.375,5.55,82.26,115.16,696,766
PBSA36-CX150T3/8S24,"24""",150,SA-36,"3/8""",0.375,1.87,78.74,110.24,263,290
PBSA516-70-CX150T3/8S24,"24""",150,SA-516-70,"3/8""",0.375,2.18,78.74,110.24,297,327
PB304L-CX150T3/8S24,"24""",150,304L,"3/8""",0.375,6.01,82.26,115.16,749,824
PB316L-CX150T3/8S24,"24""",150,316L,"3/8""",0.375,7.48,83.19,116.47,928,1021
PBAL6061-CX150T3/8S24,"24""",150,AL-6061,"3/8""",0.375,5.1,27.74,38.84,255,281
PB304-CX150T1/2S24,"24""",150,304,"1/2""",0.5,5.55,109.68,153.55,909,1000
PBSA36-CX150T1/2S24,"24""",150,SA-36,"1/2""",0.5,1.87,104.99,146.99,332,366
PBSA516-70-CX150T1/2S24,"24""",150,SA-516-70,"1/2""",0.5,2.18,104.99,146.99,377,415
PB304L-CX150T1/2S24,"24""",150,304L,"1/2""",0.5,6.01,109.68,153.55,979,1077
PB316L-CX150T1/2S24,"24""",150,316L,"1/2""",0.5,7.48,110.92,155.29,1218,1340
PBAL6061-CX150T1/2S24,"24""",150,AL-6061,"1/2""",0.5,5.1,36.99,51.79,321,354
PB304-CX150T5/8S24,"24""",150,304,"5/8""",0.625,5.55,137.1,191.94,1122,1235
PBSA36-CX150T5/8S24,"24""",150,SA-36,"5/8""",0.625,1.87,131.23,183.72,400,441
PBSA516-70-CX150T5/8S24,"24""",150,SA-516-70,"5/8""",0.625,2.18,131.23,183.72,457,503
PB304L-CX150T5/8S24,"24""",150,304L,"5/8""",0.625,6.01,137.1,191.94,1210,1331
PB316L-CX150T5/8S24,"24""",150,316L,"5/8""",0.625,7.48,138.66,194.12,1509,1660
PBAL6061-CX150T5/8S24,"24""",150,AL-6061,"5/8""",0.625,5.1,46.24,64.74,387,426
PB304-CX150T3/4S24,"24""",150,304,"3/4""",0.75,5.55,164.52,230.33,1335,1469
PBSA36-CX150T3/4S24,"24""",150,SA-36,"3/4""",0.75,1.87,157.48,220.47,469,516
PBSA516-70-CX150T3/4S24,"24""",150,SA-516-70,"3/4""",0.75,2.18,157.48,220.47,537,591
PB304L-CX150T3/4S24,"24""",150,304L,"3/4""",0.75,6.01,164.52,230.33,1441,1586
PB316L-CX150T3/4S24,"24""",150,316L,"3/4""",0.75,7.48,166.39,232.95,1799,1979
PBAL6061-CX150T3/4S24,"24""",150,AL-6061,"3/4""",0.75,5.1,55.49,77.69,453,499
PB304-CX150T7/8S24,"24""",150,304,"7/8""",0.875,5.55,191.94,268.72,1548,1703
PBSA36-CX150T7/8S24,"24""",150,SA-36,"7/8""",0.875,1.87,183.73,257.22,538,592
PBSA516-70-CX150T7/8S24,"24""",150,SA-516-70,"7/8""",0.875,2.18,183.73,257.22,617,679
PB304L-CX150T7/8S24,"24""",150,304L,"7/8""",0.875,6.01,191.94,268.72,1672,1840
PB316L-CX150T7/8S24,"24""",150,316L,"7/8""",0.875,7.48,194.12,271.77,2089,2298
PBAL6061-CX150T7/8S24,"24""",150,AL-6061,"7/8""",0.875,5.1,64.74,90.64,519,571
PB304-CX150T1S24,"24""",150,304,"1""",1,5.55,219.36,307.1,1761,1938
PBSA36-CX150T1S24,"24""",150,SA-36,"1""",1,1.87,209.97,293.96,606,667
PBSA516-70-CX150T1S24,"24""",150,SA-516-70,"1""",1,2.18,209.97,293.96,697,767
PB304L-CX150T1S24,"24""",150,304L,"1""",1,6.01,219.36,307.1,1902,2093
PB316L-CX150T1S24,"24""",150,316L,"1""",1,7.48,221.85,310.59,2380,2618
PBAL6061-CX150T1S24,"24""",150,AL-6061,"1""",1,5.1,73.98,103.57,585,644
PB304-CX150T1-1/8S24,"24""",150,304,"1-1/8""",1.125,5.55,246.78,345.49,1974,2172
PBSA36-CX150T1-1/8S24,"24""",150,SA-36,"1-1/8""",1.125,1.87,236.22,330.71,675,743
PBSA516-70-CX150T1-1/8S24,"24""",150,SA-516-70,"1-1/8""",1.125,2.18,236.22,330.71,778,856
PB304L-CX150T1-1/8S24,"24""",150,304L,"1-1/8""",1.125,6.01,246.78,345.49,2133,2347
PB316L-CX150T1-1/8S24,"24""",150,316L,"1-1/8""",1.125,7.48,249.58,349.41,2670,2938
PBAL6061-CX150T1-1/8S24,"24""",150,AL-6061,"1-1/8""",1.125,5.1,83.23,116.52,651,717
PB304-CX150T1-1/4S24,"24""",150,304,"1-1/4""",1.25,5.55,274.19,383.87,2187,2406
PBSA36-CX150T1-1/4S24,"24""",150,SA-36,"1-1/4""",1.25,1.87,262.47,367.46,744,819
PBSA516-70-CX150T1-1/4S24,"24""",150,SA-516-70,"1-1/4""",1.25,2.18,262.47,367.46,858,944
PB304L-CX150T1-1/4S24,"24""",150,304L,"1-1/4""",1.25,6.01,274.19,383.87,2364,2601
PB316L-CX150T1-1/4S24,"24""",150,316L,"1-1/4""",1.25,7.48,277.31,388.23,2961,3258
PBAL6061-CX150T1-1/4S24,"24""",150,AL-6061,"1-1/4""",1.25,5.1,92.48,129.47,717,789
PB304-CX150T1-3/8S24,"24""",150,304,"1-3/8""",1.375,5.55,301.61,422.25,2400,2640
PBSA36-CX150T1-3/8S24,"24""",150,SA-36,"1-3/8""",1.375,1.87,288.71,404.19,812,894
PBSA516-70-CX150T1-3/8S24,"24""",150,SA-516-70,"1-3/8""",1.375,2.18,288.71,404.19,938,1032
PB304L-CX150T1-3/8S24,"24""",150,304L,"1-3/8""",1.375,6.01,301.61,422.25,2594,2854
PB316L-CX150T1-3/8S24,"24""",150,316L,"1-3/8""",1.375,7.48,305.04,427.06,3251,3577
PBAL6061-CX150T1-3/8S24,"24""",150,AL-6061,"1-3/8""",1.375,5.1,101.73,142.42,783,862
PB304-CX150T1-1/2S24,"24""",150,304,"1-1/2""",1.5,5.55,329.03,460.64,2613,2875
PBSA36-CX150T1-1/2S24,"24""",150,SA-36,"1-1/2""",1.5,1.87,314.96,440.94,881,970
PBSA516-70-CX150T1-1/2S24,"24""",150,SA-516-70,"1-1/2""",1.5,2.18,314.96,440.94,1018,1120
PB304L-CX150T1-1/2S24,"24""",150,304L,"1-1/2""",1.5,6.01,329.03,460.64,2825,3108
PB316L-CX150T1-1/2S24,"24""",150,316L,"1-1/2""",1.5,7.48,332.77,465.88,3541,3896
PBAL6061-CX150T1-1/2S24,"24""",150,AL-6061,"1-1/2""",1.5,5.1,110.98,155.37,849,934
PB304-CX150T1-5/8S24,"24""",150,304,"1-5/8""",1.625,5.55,356.45,499.03,2826,3109
PBSA36-CX150T1-5/8S24,"24""",150,SA-36,"1-5/8""",1.625,1.87,341.21,477.69,950,1045
PBSA516-70-CX150T1-5/8S24,"24""",150,SA-516-70,"1-5/8""",1.625,2.18,341.21,477.69,1098,1208
PB304L-CX150T1-5/8S24,"24""",150,304L,"1-5/8""",1.625,6.01,356.45,499.03,3056,3362
PB316L-CX150T1-5/8S24,"24""",150,316L,"1-5/8""",1.625,7.48,360.5,504.7,3832,4216
PBAL6061-CX150T1-5/8S24,"24""",150,AL-6061,"1-5/8""",1.625,5.1,120.22,168.31,915,1007
PB304-CX150T1-3/4S24,"24""",150,304,"1-3/4""",1.75,5.55,383.87,537.42,3039,3343
PBSA36-CX150T1-3/4S24,"24""",150,SA-36,"1-3/4""",1.75,1.87,367.45,514.43,1019,1121
PBSA516-70-CX150T1-3/4S24,"24""",150,SA-516-70,"1-3/4""",1.75,2.18,367.45,514.43,1178,1296
PB304L-CX150T1-3/4S24,"24""",150,304L,"1-3/4""",1.75,6.01,383.87,537.42,3287,3616
PB316L-CX150T1-3/4S24,"24""",150,316L,"1-3/4""",1.75,7.48,388.24,543.54,4122,4535
PBAL6061-CX150T1-3/4S24,"24""",150,AL-6061,"1-3/4""",1.75,5.1,129.47,181.26,981,1080
PB304-CX150T1-7/8S24,"24""",150,304,"1-7/8""",1.875,5.55,411.29,575.81,3252,3578
PBSA36-CX150T1-7/8S24,"24""",150,SA-36,"1-7/8""",1.875,1.87,393.7,551.18,1087,1196
PBSA516-70-CX150T1-7/8S24,"24""",150,SA-516-70,"1-7/8""",1.875,2.18,393.7,551.18,1258,1384
PB304L-CX150T1-7/8S24,"24""",150,304L,"1-7/8""",1.875,6.01,411.29,575.81,3517,3869
PB316L-CX150T1-7/8S24,"24""",150,316L,"1-7/8""",1.875,7.48,415.97,582.36,4413,4855
PBAL6061-CX150T1-7/8S24,"24""",150,AL-6061,"1-7/8""",1.875,5.1,138.72,194.21,1047,1152
PB304-CX150T2S24,"24""",150,304,"2""",2,5.55,438.71,614.19,3465,3812
PBSA36-CX150T2S24,"24""",150,SA-36,"2""",2,1.87,419.95,587.93,1156,1272
PBSA516-70-CX150T2S24,"24""",150,SA-516-70,"2""",2,2.18,419.95,587.93,1338,1472
PB304L-CX150T2S24,"24""",150,304L,"2""",2,6.01,438.71,614.19,3748,4123
PB316L-CX150T2S24,"24""",150,316L,"2""",2,7.48,443.7,621.18,4703,5174
PBAL6061-CX150T2S24,"24""",150,AL-6061,"2""",2,5.1,147.97,207.16,1113,1225
PB304-CX150T2-1/4S24,"24""",150,304,"2-1/4""",2.25,5.55,493.55,690.97,3892,4282
PBSA36-CX150T2-1/4S24,"24""",150,SA-36,"2-1/4""",2.25,1.87,472.44,661.42,1294,1424
PBSA516-70-CX150T2-1/4S24,"24""",150,SA-516-70,"2-1/4""",2.25,2.18,472.44,661.42,1499,1649
PB304L-CX150T2-1/4S24,"24""",150,304L,"2-1/4""",2.25,6.01,493.55,690.97,4209,4630
PB316L-CX150T2-1/4S24,"24""",150,316L,"2-1/4""",2.25,7.48,499.16,698.82,5284,5813
PBAL6061-CX150T2-1/4S24,"24""",150,AL-6061,"2-1/4""",2.25,5.1,166.46,233.04,1245,1370
PB304-CX150T2-1/2S24,"24""",150,304,"2-1/2""",2.5,5.55,548.39,767.75,4318,4750
PBSA36-CX150T2-1/2S24,"24""",150,SA-36,"2-1/2""",2.5,1.87,524.93,734.9,1431,1575
PBSA516-70-CX150T2-1/2S24,"24""",150,SA-516-70,"2-1/2""",2.5,2.18,524.93,734.9,1659,1825
PB304L-CX150T2-1/2S24,"24""",150,304L,"2-1/2""",2.5,6.01,548.39,767.75,4671,5139
PB316L-CX150T2-1/2S24,"24""",150,316L,"2-1/2""",2.5,7.48,554.62,776.47,5865,6452
PBAL6061-CX150T2-1/2S24,"24""",150,AL-6061,"2-1/2""",2.5,5.1,184.96,258.94,1377,1515
PB304-CX150T3S24,"24""",150,304,"3""",3,5.55,658.07,921.3,5170,5688
PBSA36-CX150T3S24,"24""",150,SA-36,"3""",3,1.87,629.92,881.89,1706,1877
PBSA516-70-CX150T3S24,"24""",150,SA-516-70,"3""",3,2.18,629.92,881.89,1979,2177
PB304L-CX150T3S24,"24""",150,304L,"3""",3,6.01,658.07,921.3,5594,6154
PB316L-CX150T3S24,"24""",150,316L,"3""",3,7.48,665.55,931.77,7026,7729
PBAL6061-CX150T3S24,"24""",150,AL-6061,"3""",3,5.1,221.95,310.73,1641,1806
PB304-CX300T11GAS1/2,"1/2""",300,304,11 Gauge,0.1196,5.55,0.23,0.32,37,41
PBSA36-CX300T11GAS1/2,"1/2""",300,SA-36,11 Gauge,0.1196,1.87,0.22,0.31,35,39
PBSA516-70-CX300T11GAS1/2,"1/2""",300,SA-516-70,11 Gauge,0.1196,2.18,0.22,0.31,36,40
PB304L-CX300T11GAS1/2,"1/2""",300,304L,11 Gauge,0.1196,6.01,0.23,0.32,37,41
PB316L-CX300T11GAS1/2,"1/2""",300,316L,11 Gauge,0.1196,7.48,0.24,0.34,37,41
PBAL6061-CX300T11GAS1/2,"1/2""",300,AL-6061,11 Gauge,0.1196,5.1,0.1,0.15,35,39
PB304-CX300T1/8S1/2,"1/2""",300,304,"1/8""",0.125,5.55,0.25,0.35,37,41
PBSA36-CX300T1/8S1/2,"1/2""",300,SA-36,"1/8""",0.125,1.87,0.23,0.32,35,39
PBSA516-70-CX300T1/8S1/2,"1/2""",300,SA-516-70,"1/8""",0.125,2.18,0.23,0.32,36,40
PB304L-CX300T1/8S1/2,"1/2""",300,304L,"1/8""",0.125,6.01,0.25,0.35,37,41
PB316L-CX300T1/8S1/2,"1/2""",300,316L,"1/8""",0.125,7.48,0.25,0.35,37,41
PBAL6061-CX300T1/8S1/2,"1/2""",300,AL-6061,"1/8""",0.125,5.1,0.1,0.15,35,39
PB304-CX300T3/16S1/2,"1/2""",300,304,"3/16""",0.1875,5.55,0.37,0.52,38,42
PBSA36-CX300T3/16S1/2,"1/2""",300,SA-36,"3/16""",0.1875,1.87,0.35,0.49,36,40
PBSA516-70-CX300T3/16S1/2,"1/2""",300,SA-516-70,"3/16""",0.1875,2.18,0.35,0.49,36,40
PB304L-CX300T3/16S1/2,"1/2""",300,304L,"3/16""",0.1875,6.01,0.37,0.52,38,42
PB316L-CX300T3/16S1/2,"1/2""",300,316L,"3/16""",0.1875,7.48,0.37,0.52,39,43
PBAL6061-CX300T3/16S1/2,"1/2""",300,AL-6061,"3/16""",0.1875,5.1,0.12,0.17,36,40
PB304-CX300T1/4S1/2,"1/2""",300,304,"1/4""",0.25,5.55,0.49,0.69,39,43
PBSA36-CX300T1/4S1/2,"1/2""",300,SA-36,"1/4""",0.25,1.87,0.47,0.66,36,40
PBSA516-70-CX300T1/4S1/2,"1/2""",300,SA-516-70,"1/4""",0.25,2.18,0.47,0.66,36,40
PB304L-CX300T1/4S1/2,"1/2""",300,304L,"1/4""",0.25,6.01,0.49,0.69,39,43
PB316L-CX300T1/4S1/2,"1/2""",300,316L,"1/4""",0.25,7.48,0.5,0.7,40,44
PBAL6061-CX300T1/4S1/2,"1/2""",300,AL-6061,"1/4""",0.25,5.1,0.17,0.24,36,40
PB304-CX300T5/16S1/2,"1/2""",300,304,"5/16""",0.3125,5.55,0.61,0.85,40,44
PBSA36-CX300T5/16S1/2,"1/2""",300,SA-36,"5/16""",0.3125,1.87,0.59,0.83,36,40
PBSA516-70-CX300T5/16S1/2,"1/2""",300,SA-516-70,"5/16""",0.3125,2.18,0.59,0.83,37,41
PB304L-CX300T5/16S1/2,"1/2""",300,304L,"5/16""",0.3125,6.01,0.61,0.85,40,44
PB316L-CX300T5/16S1/2,"1/2""",300,316L,"5/16""",0.3125,7.48,0.62,0.87,41,46
PBAL6061-CX300T5/16S1/2,"1/2""",300,AL-6061,"5/16""",0.3125,5.1,0.21,0.29,36,40
PB304-CX300T3/8S1/2,"1/2""",300,304,"3/8""",0.375,5.55,0.74,1.04,41,46
PBSA36-CX300T3/8S1/2,"1/2""",300,SA-36,"3/8""",0.375,1.87,0.7,0.98,37,41
PBSA516-70-CX300T3/8S1/2,"1/2""",300,SA-516-70,"3/8""",0.375,2.18,0.7,0.98,37,41
PB304L-CX300T3/8S1/2,"1/2""",300,304L,"3/8""",0.375,6.01,0.74,1.04,41,46
PB316L-CX300T3/8S1/2,"1/2""",300,316L,"3/8""",0.375,7.48,0.74,1.04,43,48
PBAL6061-CX300T3/8S1/2,"1/2""",300,AL-6061,"3/8""",0.375,5.1,0.25,0.35,37,41
PB304-CX300T1/2S1/2,"1/2""",300,304,"1/2""",0.5,5.55,0.98,1.37,42,47
PBSA36-CX300T1/2S1/2,"1/2""",300,SA-36,"1/2""",0.5,1.87,0.94,1.32,37,41
PBSA516-70-CX300T1/2S1/2,"1/2""",300,SA-516-70,"1/2""",0.5,2.18,0.94,1.32,38,42
PB304L-CX300T1/2S1/2,"1/2""",300,304L,"1/2""",0.5,6.01,0.98,1.37,43,48
PB316L-CX300T1/2S1/2,"1/2""",300,316L,"1/2""",0.5,7.48,0.99,1.39,45,50
PBAL6061-CX300T1/2S1/2,"1/2""",300,AL-6061,"1/2""",0.5,5.1,0.33,0.46,37,41
PB304-CX300T5/8S1/2,"1/2""",300,304,"5/8""",0.625,5.55,1.23,1.72,44,49
PBSA36-CX300T5/8S1/2,"1/2""",300,SA-36,"5/8""",0.625,1.87,1.17,1.64,38,42
PBSA516-70-CX300T5/8S1/2,"1/2""",300,SA-516-70,"5/8""",0.625,2.18,1.17,1.64,38,42
PB304L-CX300T5/8S1/2,"1/2""",300,304L,"5/8""",0.625,6.01,1.23,1.72,45,50
PB316L-CX300T5/8S1/2,"1/2""",300,316L,"5/8""",0.625,7.48,1.24,1.74,48,53
PBAL6061-CX300T5/8S1/2,"1/2""",300,AL-6061,"5/8""",0.625,5.1,0.41,0.57,38,42
PB304-CX300T3/4S1/2,"1/2""",300,304,"3/4""",0.75,5.55,1.47,2.06,46,51
PBSA36-CX300T3/4S1/2,"1/2""",300,SA-36,"3/4""",0.75,1.87,1.41,1.97,39,43
PBSA516-70-CX300T3/4S1/2,"1/2""",300,SA-516-70,"3/4""",0.75,2.18,1.41,1.97,39,43
PB304L-CX300T3/4S1/2,"1/2""",300,304L,"3/4""",0.75,6.01,1.47,2.06,47,52
PB316L-CX300T3/4S1/2,"1/2""",300,316L,"3/4""",0.75,7.48,1.49,2.09,50,56
PBAL6061-CX300T3/4S1/2,"1/2""",300,AL-6061,"3/4""",0.75,5.1,0.5,0.7,38,42
PB304-CX300T7/8S1/2,"1/2""",300,304,"7/8""",0.875,5.55,1.72,2.41,48,53
PBSA36-CX300T7/8S1/2,"1/2""",300,SA-36,"7/8""",0.875,1.87,1.64,2.3,39,43
PBSA516-70-CX300T7/8S1/2,"1/2""",300,SA-516-70,"7/8""",0.875,2.18,1.64,2.3,40,44
PB304L-CX300T7/8S1/2,"1/2""",300,304L,"7/8""",0.875,6.01,1.72,2.41,49,54
PB316L-CX300T7/8S1/2,"1/2""",300,316L,"7/8""",0.875,7.48,1.74,2.44,53,59
PBAL6061-CX300T7/8S1/2,"1/2""",300,AL-6061,"7/8""",0.875,5.1,0.58,0.81,39,43
PB304-CX300T1S1/2,"1/2""",300,304,"1""",1,5.55,1.96,2.74,50,56
PBSA36-CX300T1S1/2,"1/2""",300,SA-36,"1""",1,1.87,1.88,2.63,40,44
PBSA516-70-CX300T1S1/2,"1/2""",300,SA-516-70,"1""",1,2.18,1.88,2.63,41,46
PB304L-CX300T1S1/2,"1/2""",300,304L,"1""",1,6.01,1.96,2.74,51,57
PB316L-CX300T1S1/2,"1/2""",300,316L,"1""",1,7.48,1.99,2.79,56,62
PBAL6061-CX300T1S1/2,"1/2""",300,AL-6061,"1""",1,5.1,0.66,0.92,40,44
PB304-CX300T1-1/8S1/2,"1/2""",300,304,"1-1/8""",1.125,5.55,2.21,3.09,52,58
PBSA36-CX300T1-1/8S1/2,"1/2""",300,SA-36,"1-1/8""",1.125,1.87,2.11,2.95,40,44
PBSA516-70-CX300T1-1/8S1/2,"1/2""",300,SA-516-70,"1-1/8""",1.125,2.18,2.11,2.95,41,46
PB304L-CX300T1-1/8S1/2,"1/2""",300,304L,"1-1/8""",1.125,6.01,2.21,3.09,53,59
PB316L-CX300T1-1/8S1/2,"1/2""",300,316L,"1-1/8""",1.125,7.48,2.23,3.12,58,64
PBAL6061-CX300T1-1/8S1/2,"1/2""",300,AL-6061,"1-1/8""",1.125,5.1,0.74,1.04,40,44
PB304-CX300T1-1/4S1/2,"1/2""",300,304,"1-1/4""",1.25,5.55,2.45,3.43,54,60
PBSA36-CX300T1-1/4S1/2,"1/2""",300,SA-36,"1-1/4""",1.25,1.87,2.35,3.29,41,46
PBSA516-70-CX300T1-1/4S1/2,"1/2""",300,SA-516-70,"1-1/4""",1.25,2.18,2.35,3.29,42,47
PB304L-CX300T1-1/4S1/2,"1/2""",300,304L,"1-1/4""",1.25,6.01,2.45,3.43,55,61
PB316L-CX300T1-1/4S1/2,"1/2""",300,316L,"1-1/4""",1.25,7.48,2.48,3.47,61,68
PBAL6061-CX300T1-1/4S1/2,"1/2""",300,AL-6061,"1-1/4""",1.25,5.1,0.83,1.16,41,46
PB304-CX300T1-3/8S1/2,"1/2""",300,304,"1-3/8""",1.375,5.55,2.7,3.78,56,62
PBSA36-CX300T1-3/8S1/2,"1/2""",300,SA-36,"1-3/8""",1.375,1.87,2.58,3.61,42,47
PBSA516-70-CX300T1-3/8S1/2,"1/2""",300,SA-516-70,"1-3/8""",1.375,2.18,2.58,3.61,43,48
PB304L-CX300T1-3/8S1/2,"1/2""",300,304L,"1-3/8""",1.375,6.01,2.7,3.78,58,64
PB316L-CX300T1-3/8S1/2,"1/2""",300,316L,"1-3/8""",1.375,7.48,2.73,3.82,63,70
PBAL6061-CX300T1-3/8S1/2,"1/2""",300,AL-6061,"1-3/8""",1.375,5.1,0.91,1.27,41,46
PB304-CX300T1-1/2S1/2,"1/2""",300,304,"1-1/2""",1.5,5.55,2.94,4.12,58,64
PBSA36-CX300T1-1/2S1/2,"1/2""",300,SA-36,"1-1/2""",1.5,1.87,2.82,3.95,42,47
PBSA516-70-CX300T1-1/2S1/2,"1/2""",300,SA-516-70,"1-1/2""",1.5,2.18,2.82,3.95,43,48
PB304L-CX300T1-1/2S1/2,"1/2""",300,304L,"1-1/2""",1.5,6.01,2.94,4.12,60,66
PB316L-CX300T1-1/2S1/2,"1/2""",300,316L,"1-1/2""",1.5,7.48,2.98,4.17,66,73
PBAL6061-CX300T1-1/2S1/2,"1/2""",300,AL-6061,"1-1/2""",1.5,5.1,0.99,1.39,42,47
PB304-CX300T1-5/8S1/2,"1/2""",300,304,"1-5/8""",1.625,5.55,3.19,4.47,60,66
PBSA36-CX300T1-5/8S1/2,"1/2""",300,SA-36,"1-5/8""",1.625,1.87,3.05,4.27,43,48
PBSA516-70-CX300T1-5/8S1/2,"1/2""",300,SA-516-70,"1-5/8""",1.625,2.18,3.05,4.27,44,49
PB304L-CX300T1-5/8S1/2,"1/2""",300,304L,"1-5/8""",1.625,6.01,3.19,4.47,62,69
PB316L-CX300T1-5/8S1/2,"1/2""",300,316L,"1-5/8""",1.625,7.48,3.23,4.52,69,76
PBAL6061-CX300T1-5/8S1/2,"1/2""",300,AL-6061,"1-5/8""",1.625,5.1,1.08,1.51,43,48
PB304-CX300T1-3/4S1/2,"1/2""",300,304,"1-3/4""",1.75,5.55,3.44,4.82,62,69
PBSA36-CX300T1-3/4S1/2,"1/2""",300,SA-36,"1-3/4""",1.75,1.87,3.29,4.61,43,48
PBSA516-70-CX300T1-3/4S1/2,"1/2""",300,SA-516-70,"1-3/4""",1.75,2.18,3.29,4.61,45,50
PB304L-CX300T1-3/4S1/2,"1/2""",300,304L,"1-3/4""",1.75,6.01,3.44,4.82,64,71
PB316L-CX300T1-3/4S1/2,"1/2""",300,316L,"1-3/4""",1.75,7.48,3.47,4.86,71,79
PBAL6061-CX300T1-3/4S1/2,"1/2""",300,AL-6061,"1-3/4""",1.75,5.1,1.16,1.62,43,48
PB304-CX300T1-7/8S1/2,"1/2""",300,304,"1-7/8""",1.875,5.55,3.68,5.15,63,70
PBSA36-CX300T1-7/8S1/2,"1/2""",300,SA-36,"1-7/8""",1.875,1.87,3.52,4.93,44,49
PBSA516-70-CX300T1-7/8S1/2,"1/2""",300,SA-516-70,"1-7/8""",1.875,2.18,3.52,4.93,46,51
PB304L-CX300T1-7/8S1/2,"1/2""",300,304L,"1-7/8""",1.875,6.01,3.68,5.15,66,73
PB316L-CX300T1-7/8S1/2,"1/2""",300,316L,"1-7/8""",1.875,7.48,3.72,5.21,74,82
PBAL6061-CX300T1-7/8S1/2,"1/2""",300,AL-6061,"1-7/8""",1.875,5.1,1.24,1.74,44,49
PB304-CX300T2S1/2,"1/2""",300,304,"2""",2,5.55,3.93,5.5,65,72
PBSA36-CX300T2S1/2,"1/2""",300,SA-36,"2""",2,1.87,3.76,5.26,45,50
PBSA516-70-CX300T2S1/2,"1/2""",300,SA-516-70,"2""",2,2.18,3.76,5.26,46,51
PB304L-CX300T2S1/2,"1/2""",300,304L,"2""",2,6.01,3.93,5.5,68,75
PB316L-CX300T2S1/2,"1/2""",300,316L,"2""",2,7.48,3.97,5.56,76,84
PBAL6061-CX300T2S1/2,"1/2""",300,AL-6061,"2""",2,5.1,1.32,1.85,44,49
PB304-CX300T2-1/4S1/2,"1/2""",300,304,"2-1/4""",2.25,5.55,4.42,6.19,69,76
PBSA36-CX300T2-1/4S1/2,"1/2""",300,SA-36,"2-1/4""",2.25,1.87,4.23,5.92,46,51
PBSA516-70-CX300T2-1/4S1/2,"1/2""",300,SA-516-70,"2-1/4""",2.25,2.18,4.23,5.92,48,53
PB304L-CX300T2-1/4S1/2,"1/2""",300,304L,"2-1/4""",2.25,6.01,4.42,6.19,72,80
PB316L-CX300T2-1/4S1/2,"1/2""",300,316L,"2-1/4""",2.25,7.48,4.47,6.26,82,91
PBAL6061-CX300T2-1/4S1/2,"1/2""",300,AL-6061,"2-1/4""",2.25,5.1,1.49,2.09,46,51
PB304-CX300T2-1/2S1/2,"1/2""",300,304,"2-1/2""",2.5,5.55,4.91,6.87,73,81
PBSA36-CX300T2-1/2S1/2,"1/2""",300,SA-36,"2-1/2""",2.5,1.87,4.7,6.58,47,52
PBSA516-70-CX300T2-1/2S1/2,"1/2""",300,SA-516-70,"2-1/2""",2.5,2.18,4.7,6.58,49,54
PB304L-CX300T2-1/2S1/2,"1/2""",300,304L,"2-1/2""",2.5,6.01,4.91,6.87,76,84
PB316L-CX300T2-1/2S1/2,"1/2""",300,316L,"2-1/2""",2.5,7.48,4.96,6.94,87,96
PBAL6061-CX300T2-1/2S1/2,"1/2""",300,AL-6061,"2-1/2""",2.5,5.1,1.66,2.32,47,52
PB304-CX300T3S1/2,"1/2""",300,304,"3""",3,5.55,5.89,8.25,81,90
PBSA36-CX300T3S1/2,"1/2""",300,SA-36,"3""",3,1.87,5.64,7.9,50,56
PBSA516-70-CX300T3S1/2,"1/2""",300,SA-516-70,"3""",3,2.18,5.64,7.9,52,58
PB304L-CX300T3S1/2,"1/2""",300,304L,"3""",3,6.01,5.89,8.25,84,93
PB316L-CX300T3S1/2,"1/2""",300,316L,"3""",3,7.48,5.96,8.34,97,107
PBAL6061-CX300T3S1/2,"1/2""",300,AL-6061,"3""",3,5.1,1.99,2.79,49,54
PB304-CX300T11GAS3/4,"3/4""",300,304,11 Gauge,0.1196,5.55,0.3,0.42,37,41
PBSA36-CX300T11GAS3/4,"3/4""",300,SA-36,11 Gauge,0.1196,1.87,0.29,0.41,36,40
PBSA516-70-CX300T11GAS3/4,"3/4""",300,SA-516-70,11 Gauge,0.1196,2.18,0.29,0.41,36,40
PB304L-CX300T11GAS3/4,"3/4""",300,304L,11 Gauge,0.1196,6.01,0.3,0.42,37,41
PB316L-CX300T11GAS3/4,"3/4""",300,316L,11 Gauge,0.1196,7.48,0.3,0.42,38,42
PBAL6061-CX300T11GAS3/4,"3/4""",300,AL-6061,11 Gauge,0.1196,5.1,0.1,0.15,36,40
PB304-CX300T1/8S3/4,"3/4""",300,304,"1/8""",0.125,5.55,0.31,0.43,37,41
PBSA36-CX300T1/8S3/4,"3/4""",300,SA-36,"1/8""",0.125,1.87,0.3,0.42,36,40
PBSA516-70-CX300T1/8S3/4,"3/4""",300,SA-516-70,"1/8""",0.125,2.18,0.3,0.42,36,40
PB304L-CX300T1/8S3/4,"3/4""",300,304L,"1/8""",0.125,6.01,0.31,0.43,37,41
PB316L-CX300T1/8S3/4,"3/4""",300,316L,"1/8""",0.125,7.48,0.31,0.43,38,42
PBAL6061-CX300T1/8S3/4,"3/4""",300,AL-6061,"1/8""",0.125,5.1,0.11,0.15,36,40
PB304-CX300T3/16S3/4,"3/4""",300,304,"3/16""",0.1875,5.55,0.47,0.66,39,43
PBSA36-CX300T3/16S3/4,"3/4""",300,SA-36,"3/16""",0.1875,1.87,0.45,0.63,36,40
PBSA516-70-CX300T3/16S3/4,"3/4""",300,SA-516-70,"3/16""",0.1875,2.18,0.45,0.63,36,40
PB304L-CX300T3/16S3/4,"3/4""",300,304L,"3/16""",0.1875,6.01,0.47,0.66,39,43
PB316L-CX300T3/16S3/4,"3/4""",300,316L,"3/16""",0.1875,7.48,0.47,0.66,40,44
PBAL6061-CX300T3/16S3/4,"3/4""",300,AL-6061,"3/16""",0.1875,5.1,0.16,0.22,36,40
PB304-CX300T1/4S3/4,"3/4""",300,304,"1/4""",0.25,5.55,0.62,0.87,40,44
PBSA36-CX300T1/4S3/4,"3/4""",300,SA-36,"1/4""",0.25,1.87,0.6,0.84,36,40
PBSA516-70-CX300T1/4S3/4,"3/4""",300,SA-516-70,"1/4""",0.25,2.18,0.6,0.84,37,41
PB304L-CX300T1/4S3/4,"3/4""",300,304L,"1/4""",0.25,6.01,0.62,0.87,40,44
PB316L-CX300T1/4S3/4,"3/4""",300,316L,"1/4""",0.25,7.48,0.63,0.88,41,46
PBAL6061-CX300T1/4S3/4,"3/4""",300,AL-6061,"1/4""",0.25,5.1,0.21,0.29,36,40
PB304-CX300T5/16S3/4,"3/4""",300,304,"5/16""",0.3125,5.55,0.78,1.09,41,46
PBSA36-CX300T5/16S3/4,"3/4""",300,SA-36,"5/16""",0.3125,1.87,0.75,1.05,37,41
PBSA516-70-CX300T5/16S3/4,"3/4""",300,SA-516-70,"5/16""",0.3125,2.18,0.75,1.05,37,41
PB304L-CX300T5/16S3/4,"3/4""",300,304L,"5/16""",0.3125,6.01,0.78,1.09,41,46
PB316L-CX300T5/16S3/4,"3/4""",300,316L,"5/16""",0.3125,7.48,0.79,1.11,43,48
PBAL6061-CX300T5/16S3/4,"3/4""",300,AL-6061,"5/16""",0.3125,5.1,0.26,0.36,37,41
PB304-CX300T3/8S3/4,"3/4""",300,304,"3/8""",0.375,5.55,0.93,1.3,42,47
PBSA36-CX300T3/8S3/4,"3/4""",300,SA-36,"3/8""",0.375,1.87,0.89,1.25,37,41
PBSA516-70-CX300T3/8S3/4,"3/4""",300,SA-516-70,"3/8""",0.375,2.18,0.89,1.25,38,42
PB304L-CX300T3/8S3/4,"3/4""",300,304L,"3/8""",0.375,6.01,0.93,1.3,43,48
PB316L-CX300T3/8S3/4,"3/4""",300,316L,"3/8""",0.375,7.48,0.94,1.32,45,50
PBAL6061-CX300T3/8S3/4,"3/4""",300,AL-6061,"3/8""",0.375,5.1,0.32,0.45,37,41
PB304-CX300T1/2S3/4,"3/4""",300,304,"1/2""",0.5,5.55,1.25,1.75,45,50
PBSA36-CX300T1/2S3/4,"3/4""",300,SA-36,"1/2""",0.5,1.87,1.19,1.67,38,42
PBSA516-70-CX300T1/2S3/4,"3/4""",300,SA-516-70,"1/2""",0.5,2.18,1.19,1.67,38,42
PB304L-CX300T1/2S3/4,"3/4""",300,304L,"1/2""",0.5,6.01,1.25,1.75,45,50
PB316L-CX300T1/2S3/4,"3/4""",300,316L,"1/2""",0.5,7.48,1.26,1.76,48,53
PBAL6061-CX300T1/2S3/4,"3/4""",300,AL-6061,"1/2""",0.5,5.1,0.42,0.59,38,42
PB304-CX300T5/8S3/4,"3/4""",300,304,"5/8""",0.625,5.55,1.56,2.18,47,52
PBSA36-CX300T5/8S3/4,"3/4""",300,SA-36,"5/8""",0.625,1.87,1.49,2.09,39,43
PBSA516-70-CX300T5/8S3/4,"3/4""",300,SA-516-70,"5/8""",0.625,2.18,1.49,2.09,39,43
PB304L-CX300T5/8S3/4,"3/4""",300,304L,"5/8""",0.625,6.01,1.56,2.18,48,53
PB316L-CX300T5/8S3/4,"3/4""",300,316L,"5/8""",0.625,7.48,1.57,2.2,51,57
PBAL6061-CX300T5/8S3/4,"3/4""",300,AL-6061,"5/8""",0.625,5.1,0.53,0.74,39,43
PB304-CX300T3/4S3/4,"3/4""",300,304,"3/4""",0.75,5.55,1.87,2.62,49,54
PBSA36-CX300T3/4S3/4,"3/4""",300,SA-36,"3/4""",0.75,1.87,1.79,2.51,40,44
PBSA516-70-CX300T3/4S3/4,"3/4""",300,SA-516-70,"3/4""",0.75,2.18,1.79,2.51,40,44
PB304L-CX300T3/4S3/4,"3/4""",300,304L,"3/4""",0.75,6.01,1.87,2.62,51,57
PB316L-CX300T3/4S3/4,"3/4""",300,316L,"3/4""",0.75,7.48,1.89,2.65,55,61
PBAL6061-CX300T3/4S3/4,"3/4""",300,AL-6061,"3/4""",0.75,5.1,0.63,0.88,39,43
PB304-CX300T7/8S3/4,"3/4""",300,304,"7/8""",0.875,5.55,2.18,3.05,52,58
PBSA36-CX300T7/8S3/4,"3/4""",300,SA-36,"7/8""",0.875,1.87,2.09,2.93,40,44
PBSA516-70-CX300T7/8S3/4,"3/4""",300,SA-516-70,"7/8""",0.875,2.18,2.09,2.93,41,46
PB304L-CX300T7/8S3/4,"3/4""",300,304L,"7/8""",0.875,6.01,2.18,3.05,53,59
PB316L-CX300T7/8S3/4,"3/4""",300,316L,"7/8""",0.875,7.48,2.2,3.08,58,64
PBAL6061-CX300T7/8S3/4,"3/4""",300,AL-6061,"7/8""",0.875,5.1,0.74,1.04,40,44
PB304-CX300T1S3/4,"3/4""",300,304,"1""",1,5.55,2.49,3.49,54,60
PBSA36-CX300T1S3/4,"3/4""",300,SA-36,"1""",1,1.87,2.38,3.33,41,46
PBSA516-70-CX300T1S3/4,"3/4""",300,SA-516-70,"1""",1,2.18,2.38,3.33,42,47
PB304L-CX300T1S3/4,"3/4""",300,304L,"1""",1,6.01,2.49,3.49,56,62
PB316L-CX300T1S3/4,"3/4""",300,316L,"1""",1,7.48,2.52,3.53,61,68
PBAL6061-CX300T1S3/4,"3/4""",300,AL-6061,"1""",1,5.1,0.84,1.18,41,46
PB304-CX300T1-1/8S3/4,"3/4""",300,304,"1-1/8""",1.125,5.55,2.8,3.92,57,63
PBSA36-CX300T1-1/8S3/4,"3/4""",300,SA-36,"1-1/8""",1.125,1.87,2.68,3.75,42,47
PBSA516-70-CX300T1-1/8S3/4,"3/4""",300,SA-516-70,"1-1/8""",1.125,2.18,2.68,3.75,43,48
PB304L-CX300T1-1/8S3/4,"3/4""",300,304L,"1-1/8""",1.125,6.01,2.8,3.92,58,64
PB316L-CX300T1-1/8S3/4,"3/4""",300,316L,"1-1/8""",1.125,7.48,2.83,3.96,64,71
PBAL6061-CX300T1-1/8S3/4,"3/4""",300,AL-6061,"1-1/8""",1.125,5.1,0.95,1.33,42,47
PB304-CX300T1-1/4S3/4,"3/4""",300,304,"1-1/4""",1.25,5.55,3.11,4.35,59,65
PBSA36-CX300T1-1/4S3/4,"3/4""",300,SA-36,"1-1/4""",1.25,1.87,2.98,4.17,43,48
PBSA516-70-CX300T1-1/4S3/4,"3/4""",300,SA-516-70,"1-1/4""",1.25,2.18,2.98,4.17,44,49
PB304L-CX300T1-1/4S3/4,"3/4""",300,304L,"1-1/4""",1.25,6.01,3.11,4.35,61,68
PB316L-CX300T1-1/4S3/4,"3/4""",300,316L,"1-1/4""",1.25,7.48,3.15,4.41,68,75
PBAL6061-CX300T1-1/4S3/4,"3/4""",300,AL-6061,"1-1/4""",1.25,5.1,1.05,1.47,42,47
PB304-CX300T1-3/8S3/4,"3/4""",300,304,"1-3/8""",1.375,5.55,3.43,4.8,61,68
PBSA36-CX300T1-3/8S3/4,"3/4""",300,SA-36,"1-3/8""",1.375,1.87,3.28,4.59,43,48
PBSA516-70-CX300T1-3/8S3/4,"3/4""",300,SA-516-70,"1-3/8""",1.375,2.18,3.28,4.59,45,50
PB304L-CX300T1-3/8S3/4,"3/4""",300,304L,"1-3/8""",1.375,6.01,3.43,4.8,64,71
PB316L-CX300T1-3/8S3/4,"3/4""",300,316L,"1-3/8""",1.375,7.48,3.46,4.84,71,79
PBAL6061-CX300T1-3/8S3/4,"3/4""",300,AL-6061,"1-3/8""",1.375,5.1,1.16,1.62,43,48
PB304-CX300T1-1/2S3/4,"3/4""",300,304,"1-1/2""",1.5,5.55,3.74,5.24,64,71
PBSA36-CX300T1-1/2S3/4,"3/4""",300,SA-36,"1-1/2""",1.5,1.87,3.58,5.01,44,49
PBSA516-70-CX300T1-1/2S3/4,"3/4""",300,SA-516-70,"1-1/2""",1.5,2.18,3.58,5.01,46,51
PB304L-CX300T1-1/2S3/4,"3/4""",300,304L,"1-1/2""",1.5,6.01,3.74,5.24,66,73
PB316L-CX300T1-1/2S3/4,"3/4""",300,316L,"1-1/2""",1.5,7.48,3.78,5.29,74,82
PBAL6061-CX300T1-1/2S3/4,"3/4""",300,AL-6061,"1-1/2""",1.5,5.1,1.26,1.76,44,49
PB304-CX300T1-5/8S3/4,"3/4""",300,304,"1-5/8""",1.625,5.55,4.05,5.67,66,73
PBSA36-CX300T1-5/8S3/4,"3/4""",300,SA-36,"1-5/8""",1.625,1.87,3.88,5.43,45,50
PBSA516-70-CX300T1-5/8S3/4,"3/4""",300,SA-516-70,"1-5/8""",1.625,2.18,3.88,5.43,47,52
PB304L-CX300T1-5/8S3/4,"3/4""",300,304L,"1-5/8""",1.625,6.01,4.05,5.67,69,76
PB316L-CX300T1-5/8S3/4,"3/4""",300,316L,"1-5/8""",1.625,7.48,4.09,5.73,78,86
PBAL6061-CX300T1-5/8S3/4,"3/4""",300,AL-6061,"1-5/8""",1.625,5.1,1.37,1.92,45,50
PB304-CX300T1-3/4S3/4,"3/4""",300,304,"1-3/4""",1.75,5.55,4.36,6.1,69,76
PBSA36-CX300T1-3/4S3/4,"3/4""",300,SA-36,"1-3/4""",1.75,1.87,4.17,5.84,46,51
PBSA516-70-CX300T1-3/4S3/4,"3/4""",300,SA-516-70,"1-3/4""",1.75,2.18,4.17,5.84,48,53
PB304L-CX300T1-3/4S3/4,"3/4""",300,304L,"1-3/4""",1.75,6.01,4.36,6.1,72,80
PB316L-CX300T1-3/4S3/4,"3/4""",300,316L,"1-3/4""",1.75,7.48,4.41,6.17,81,90
PBAL6061-CX300T1-3/4S3/4,"3/4""",300,AL-6061,"1-3/4""",1.75,5.1,1.47,2.06,45,50
PB304-CX300T1-7/8S3/4,"3/4""",300,304,"1-7/8""",1.875,5.55,4.67,6.54,71,79
PBSA36-CX300T1-7/8S3/4,"3/4""",300,SA-36,"1-7/8""",1.875,1.87,4.47,6.26,47,52
PBSA516-70-CX300T1-7/8S3/4,"3/4""",300,SA-516-70,"1-7/8""",1.875,2.18,4.47,6.26,48,53
PB304L-CX300T1-7/8S3/4,"3/4""",300,304L,"1-7/8""",1.875,6.01,4.67,6.54,74,82
PB316L-CX300T1-7/8S3/4,"3/4""",300,316L,"1-7/8""",1.875,7.48,4.72,6.61,84,93
PBAL6061-CX300T1-7/8S3/4,"3/4""",300,AL-6061,"1-7/8""",1.875,5.1,1.58,2.21,46,51
PB304-CX300T2S3/4,"3/4""",300,304,"2""",2,5.55,4.98,6.97,74,82
PBSA36-CX300T2S3/4,"3/4""",300,SA-36,"2""",2,1.87,4.77,6.68,47,52
PBSA516-70-CX300T2S3/4,"3/4""",300,SA-516-70,"2""",2,2.18,4.77,6.68,49,54
PB304L-CX300T2S3/4,"3/4""",300,304L,"2""",2,6.01,4.98,6.97,77,85
PB316L-CX300T2S3/4,"3/4""",300,316L,"2""",2,7.48,5.04,7.06,88,97
PBAL6061-CX300T2S3/4,"3/4""",300,AL-6061,"2""",2,5.1,1.68,2.35,47,52
PB304-CX300T2-1/4S3/4,"3/4""",300,304,"2-1/4""",2.25,5.55,5.61,7.85,78,86
PBSA36-CX300T2-1/4S3/4,"3/4""",300,SA-36,"2-1/4""",2.25,1.87,5.37,7.52,49,54
PBSA516-70-CX300T2-1/4S3/4,"3/4""",300,SA-516-70,"2-1/4""",2.25,2.18,5.37,7.52,51,57
PB304L-CX300T2-1/4S3/4,"3/4""",300,304L,"2-1/4""",2.25,6.01,5.61,7.85,82,91
PB316L-CX300T2-1/4S3/4,"3/4""",300,316L,"2-1/4""",2.25,7.48,5.67,7.94,94,104
PBAL6061-CX300T2-1/4S3/4,"3/4""",300,AL-6061,"2-1/4""",2.25,5.1,1.89,2.65,48,53
PB304-CX300T2-1/2S3/4,"3/4""",300,304,"2-1/2""",2.5,5.55,6.23,8.72,83,92
PBSA36-CX300T2-1/2S3/4,"3/4""",300,SA-36,"2-1/2""",2.5,1.87,5.96,8.34,50,56
PBSA516-70-CX300T2-1/2S3/4,"3/4""",300,SA-516-70,"2-1/2""",2.5,2.18,5.96,8.34,53,59
PB304L-CX300T2-1/2S3/4,"3/4""",300,304L,"2-1/2""",2.5,6.01,6.23,8.72,87,96
PB316L-CX300T2-1/2S3/4,"3/4""",300,316L,"2-1/2""",2.5,7.48,6.3,8.82,101,112
PBAL6061-CX300T2-1/2S3/4,"3/4""",300,AL-6061,"2-1/2""",2.5,5.1,2.1,2.94,50,56
PB304-CX300T3S3/4,"3/4""",300,304,"3""",3,5.55,7.47,10.46,93,103
PBSA36-CX300T3S3/4,"3/4""",300,SA-36,"3""",3,1.87,7.15,10.01,54,60
PBSA516-70-CX300T3S3/4,"3/4""",300,SA-516-70,"3""",3,2.18,7.15,10.01,57,63
PB304L-CX300T3S3/4,"3/4""",300,304L,"3""",3,6.01,7.47,10.46,98,108
PB316L-CX300T3S3/4,"3/4""",300,316L,"3""",3,7.48,7.56,10.58,114,126
PBAL6061-CX300T3S3/4,"3/4""",300,AL-6061,"3""",3,5.1,2.52,3.53,53,59
PB304-CX300T11GAS1,"1""",300,304,11 Gauge,0.1196,5.55,0.34,0.48,38,42
PBSA36-CX300T11GAS1,"1""",300,SA-36,11 Gauge,0.1196,1.87,0.32,0.45,36,40
PBSA516-70-CX300T11GAS1,"1""",300,SA-516-70,11 Gauge,0.1196,2.18,0.32,0.45,36,40
PB304L-CX300T11GAS1,"1""",300,304L,11 Gauge,0.1196,6.01,0.34,0.48,38,42
PB316L-CX300T11GAS1,"1""",300,316L,11 Gauge,0.1196,7.48,0.34,0.48,38,42
PBAL6061-CX300T11GAS1,"1""",300,AL-6061,11 Gauge,0.1196,5.1,0.11,0.15,36,40
PB304-CX300T1/8S1,"1""",300,304,"1/8""",0.125,5.55,0.35,0.49,38,42
PBSA36-CX300T1/8S1,"1""",300,SA-36,"1/8""",0.125,1.87,0.34,0.48,36,40
PBSA516-70-CX300T1/8S1,"1""",300,SA-516-70,"1/8""",0.125,2.18,0.34,0.48,36,40
PB304L-CX300T1/8S1,"1""",300,304L,"1/8""",0.125,6.01,0.35,0.49,38,42
PB316L-CX300T1/8S1,"1""",300,316L,"1/8""",0.125,7.48,0.36,0.5,39,43
PBAL6061-CX300T1/8S1,"1""",300,AL-6061,"1/8""",0.125,5.1,0.12,0.17,36,40
PB304-CX300T3/16S1,"1""",300,304,"3/16""",0.1875,5.55,0.53,0.74,39,43
PBSA36-CX300T3/16S1,"1""",300,SA-36,"3/16""",0.1875,1.87,0.51,0.71,36,40
PBSA516-70-CX300T3/16S1,"1""",300,SA-516-70,"3/16""",0.1875,2.18,0.51,0.71,36,40
PB304L-CX300T3/16S1,"1""",300,304L,"3/16""",0.1875,6.01,0.53,0.74,39,43
PB316L-CX300T3/16S1,"1""",300,316L,"3/16""",0.1875,7.48,0.54,0.76,41,46
PBAL6061-CX300T3/16S1,"1""",300,AL-6061,"3/16""",0.1875,5.1,0.18,0.25,36,40
PB304-CX300T1/4S1,"1""",300,304,"1/4""",0.25,5.55,0.71,0.99,40,44
PBSA36-CX300T1/4S1,"1""",300,SA-36,"1/4""",0.25,1.87,0.68,0.95,37,41
PBSA516-70-CX300T1/4S1,"1""",300,SA-516-70,"1/4""",0.25,2.18,0.68,0.95,37,41
PB304L-CX300T1/4S1,"1""",300,304L,"1/4""",0.25,6.01,0.71,0.99,41,46
PB316L-CX300T1/4S1,"1""",300,316L,"1/4""",0.25,7.48,0.72,1.01,42,47
PBAL6061-CX300T1/4S1,"1""",300,AL-6061,"1/4""",0.25,5.1,0.24,0.34,37,41
PB304-CX300T5/16S1,"1""",300,304,"5/16""",0.3125,5.55,0.89,1.25,42,47
PBSA36-CX300T5/16S1,"1""",300,SA-36,"5/16""",0.3125,1.87,0.85,1.19,37,41
PBSA516-70-CX300T5/16S1,"1""",300,SA-516-70,"5/16""",0.3125,2.18,0.85,1.19,37,41
PB304L-CX300T5/16S1,"1""",300,304L,"5/16""",0.3125,6.01,0.89,1.25,42,47
PB316L-CX300T5/16S1,"1""",300,316L,"5/16""",0.3125,7.48,0.9,1.26,44,49
PBAL6061-CX300T5/16S1,"1""",300,AL-6061,"5/16""",0.3125,5.1,0.3,0.42,37,41
PB304-CX300T3/8S1,"1""",300,304,"3/8""",0.375,5.55,1.06,1.48,43,48
PBSA36-CX300T3/8S1,"1""",300,SA-36,"3/8""",0.375,1.87,1.02,1.43,38,42
PBSA516-70-CX300T3/8S1,"1""",300,SA-516-70,"3/8""",0.375,2.18,1.02,1.43,38,42
PB304L-CX300T3/8S1,"1""",300,304L,"3/8""",0.375,6.01,1.06,1.48,44,49
PB316L-CX300T3/8S1,"1""",300,316L,"3/8""",0.375,7.48,1.07,1.5,46,51
PBAL6061-CX300T3/8S1,"1""",300,AL-6061,"3/8""",0.375,5.1,0.36,0.5,37,41
PB304-CX300T1/2S1,"1""",300,304,"1/2""",0.5,5.55,1.42,1.99,46,51
PBSA36-CX300T1/2S1,"1""",300,SA-36,"1/2""",0.5,1.87,1.36,1.9,38,42
PBSA516-70-CX300T1/2S1,"1""",300,SA-516-70,"1/2""",0.5,2.18,1.36,1.9,39,43
PB304L-CX300T1/2S1,"1""",300,304L,"1/2""",0.5,6.01,1.42,1.99,47,52
PB316L-CX300T1/2S1,"1""",300,316L,"1/2""",0.5,7.48,1.43,2,50,56
PBAL6061-CX300T1/2S1,"1""",300,AL-6061,"1/2""",0.5,5.1,0.48,0.67,38,42
PB304-CX300T5/8S1,"1""",300,304,"5/8""",0.625,5.55,1.77,2.48,49,54
PBSA36-CX300T5/8S1,"1""",300,SA-36,"5/8""",0.625,1.87,1.7,2.38,39,43
PBSA516-70-CX300T5/8S1,"1""",300,SA-516-70,"5/8""",0.625,2.18,1.7,2.38,40,44
PB304L-CX300T5/8S1,"1""",300,304L,"5/8""",0.625,6.01,1.77,2.48,50,56
PB316L-CX300T5/8S1,"1""",300,316L,"5/8""",0.625,7.48,1.79,2.51,54,60
PBAL6061-CX300T5/8S1,"1""",300,AL-6061,"5/8""",0.625,5.1,0.6,0.84,39,43
PB304-CX300T3/4S1,"1""",300,304,"3/4""",0.75,5.55,2.13,2.98,51,57
PBSA36-CX300T3/4S1,"1""",300,SA-36,"3/4""",0.75,1.87,2.03,2.84,40,44
PBSA516-70-CX300T3/4S1,"1""",300,SA-516-70,"3/4""",0.75,2.18,2.03,2.84,41,46
PB304L-CX300T3/4S1,"1""",300,304L,"3/4""",0.75,6.01,2.13,2.98,53,59
PB316L-CX300T3/4S1,"1""",300,316L,"3/4""",0.75,7.48,2.15,3.01,57,63
PBAL6061-CX300T3/4S1,"1""",300,AL-6061,"3/4""",0.75,5.1,0.72,1.01,40,44
PB304-CX300T7/8S1,"1""",300,304,"7/8""",0.875,5.55,2.48,3.47,54,60
PBSA36-CX300T7/8S1,"1""",300,SA-36,"7/8""",0.875,1.87,2.37,3.32,41,46
PBSA516-70-CX300T7/8S1,"1""",300,SA-516-70,"7/8""",0.875,2.18,2.37,3.32,42,47
PB304L-CX300T7/8S1,"1""",300,304L,"7/8""",0.875,6.01,2.48,3.47,56,62
PB316L-CX300T7/8S1,"1""",300,316L,"7/8""",0.875,7.48,2.51,3.51,61,68
PBAL6061-CX300T7/8S1,"1""",300,AL-6061,"7/8""",0.875,5.1,0.84,1.18,41,46
PB304-CX300T1S1,"1""",300,304,"1""",1,5.55,2.83,3.96,57,63
PBSA36-CX300T1S1,"1""",300,SA-36,"1""",1,1.87,2.71,3.79,42,47
PBSA516-70-CX300T1S1,"1""",300,SA-516-70,"1""",1,2.18,2.71,3.79,43,48
PB304L-CX300T1S1,"1""",300,304L,"1""",1,6.01,2.83,3.96,59,65
PB316L-CX300T1S1,"1""",300,316L,"1""",1,7.48,2.87,4.02,65,72
PBAL6061-CX300T1S1,"1""",300,AL-6061,"1""",1,5.1,0.96,1.34,42,47
PB304-CX300T1-1/8S1,"1""",300,304,"1-1/8""",1.125,5.55,3.19,4.47,60,66
PBSA36-CX300T1-1/8S1,"1""",300,SA-36,"1-1/8""",1.125,1.87,3.05,4.27,43,48
PBSA516-70-CX300T1-1/8S1,"1""",300,SA-516-70,"1-1/8""",1.125,2.18,3.05,4.27,44,49
PB304L-CX300T1-1/8S1,"1""",300,304L,"1-1/8""",1.125,6.01,3.19,4.47,62,69
PB316L-CX300T1-1/8S1,"1""",300,316L,"1-1/8""",1.125,7.48,3.22,4.51,69,76
PBAL6061-CX300T1-1/8S1,"1""",300,AL-6061,"1-1/8""",1.125,5.1,1.08,1.51,43,48
PB304-CX300T1-1/4S1,"1""",300,304,"1-1/4""",1.25,5.55,3.54,4.96,62,69
PBSA36-CX300T1-1/4S1,"1""",300,SA-36,"1-1/4""",1.25,1.87,3.39,4.75,44,49
PBSA516-70-CX300T1-1/4S1,"1""",300,SA-516-70,"1-1/4""",1.25,2.18,3.39,4.75,45,50
PB304L-CX300T1-1/4S1,"1""",300,304L,"1-1/4""",1.25,6.01,3.54,4.96,65,72
PB316L-CX300T1-1/4S1,"1""",300,316L,"1-1/4""",1.25,7.48,3.58,5.01,72,80
PBAL6061-CX300T1-1/4S1,"1""",300,AL-6061,"1-1/4""",1.25,5.1,1.19,1.67,43,48
PB304-CX300T1-3/8S1,"1""",300,304,"1-3/8""",1.375,5.55,3.9,5.46,65,72
PBSA36-CX300T1-3/8S1,"1""",300,SA-36,"1-3/8""",1.375,1.87,3.73,5.22,45,50
PBSA516-70-CX300T1-3/8S1,"1""",300,SA-516-70,"1-3/8""",1.375,2.18,3.73,5.22,46,51
PB304L-CX300T1-3/8S1,"1""",300,304L,"1-3/8""",1.375,6.01,3.9,5.46,68,75
PB316L-CX300T1-3/8S1,"1""",300,316L,"1-3/8""",1.375,7.48,3.94,5.52,76,84
PBAL6061-CX300T1-3/8S1,"1""",300,AL-6061,"1-3/8""",1.375,5.1,1.31,1.83,44,49
PB304-CX300T1-1/2S1,"1""",300,304,"1-1/2""",1.5,5.55,4.25,5.95,68,75
PBSA36-CX300T1-1/2S1,"1""",300,SA-36,"1-1/2""",1.5,1.87,4.07,5.7,46,51
PBSA516-70-CX300T1-1/2S1,"1""",300,SA-516-70,"1-1/2""",1.5,2.18,4.07,5.7,47,52
PB304L-CX300T1-1/2S1,"1""",300,304L,"1-1/2""",1.5,6.01,4.25,5.95,71,79
PB316L-CX300T1-1/2S1,"1""",300,316L,"1-1/2""",1.5,7.48,4.3,6.02,80,88
PBAL6061-CX300T1-1/2S1,"1""",300,AL-6061,"1-1/2""",1.5,5.1,1.43,2,45,50
PB304-CX300T1-5/8S1,"1""",300,304,"1-5/8""",1.625,5.55,4.6,6.44,71,79
PBSA36-CX300T1-5/8S1,"1""",300,SA-36,"1-5/8""",1.625,1.87,4.41,6.17,46,51
PBSA516-70-CX300T1-5/8S1,"1""",300,SA-516-70,"1-5/8""",1.625,2.18,4.41,6.17,48,53
PB304L-CX300T1-5/8S1,"1""",300,304L,"1-5/8""",1.625,6.01,4.6,6.44,74,82
PB316L-CX300T1-5/8S1,"1""",300,316L,"1-5/8""",1.625,7.48,4.66,6.52,84,93
PBAL6061-CX300T1-5/8S1,"1""",300,AL-6061,"1-5/8""",1.625,5.1,1.55,2.17,46,51
PB304-CX300T1-3/4S1,"1""",300,304,"1-3/4""",1.75,5.55,4.96,6.94,73,81
PBSA36-CX300T1-3/4S1,"1""",300,SA-36,"1-3/4""",1.75,1.87,4.75,6.65,47,52
PBSA516-70-CX300T1-3/4S1,"1""",300,SA-516-70,"1-3/4""",1.75,2.18,4.75,6.65,49,54
PB304L-CX300T1-3/4S1,"1""",300,304L,"1-3/4""",1.75,6.01,4.96,6.94,77,85
PB316L-CX300T1-3/4S1,"1""",300,316L,"1-3/4""",1.75,7.48,5.02,7.03,87,96
PBAL6061-CX300T1-3/4S1,"1""",300,AL-6061,"1-3/4""",1.75,5.1,1.67,2.34,47,52
PB304-CX300T1-7/8S1,"1""",300,304,"1-7/8""",1.875,5.55,5.31,7.43,76,84
PBSA36-CX300T1-7/8S1,"1""",300,SA-36,"1-7/8""",1.875,1.87,5.09,7.13,48,53
PBSA516-70-CX300T1-7/8S1,"1""",300,SA-516-70,"1-7/8""",1.875,2.18,5.09,7.13,50,56
PB304L-CX300T1-7/8S1,"1""",300,304L,"1-7/8""",1.875,6.01,5.31,7.43,80,88
PB316L-CX300T1-7/8S1,"1""",300,316L,"1-7/8""",1.875,7.48,5.37,7.52,91,101
PBAL6061-CX300T1-7/8S1,"1""",300,AL-6061,"1-7/8""",1.875,5.1,1.79,2.51,48,53
PB304-CX300T2S1,"1""",300,304,"2""",2,5.55,5.67,7.94,79,87
PBSA36-CX300T2S1,"1""",300,SA-36,"2""",2,1.87,5.43,7.6,49,54
PBSA516-70-CX300T2S1,"1""",300,SA-516-70,"2""",2,2.18,5.43,7.6,51,57
PB304L-CX300T2S1,"1""",300,304L,"2""",2,6.01,5.67,7.94,83,92
PB316L-CX300T2S1,"1""",300,316L,"2""",2,7.48,5.73,8.02,95,105
PBAL6061-CX300T2S1,"1""",300,AL-6061,"2""",2,5.1,1.91,2.67,48,53
PB304-CX300T2-1/4S1,"1""",300,304,"2-1/4""",2.25,5.55,6.38,8.93,84,93
PBSA36-CX300T2-1/4S1,"1""",300,SA-36,"2-1/4""",2.25,1.87,6.1,8.54,51,57
PBSA516-70-CX300T2-1/4S1,"1""",300,SA-516-70,"2-1/4""",2.25,2.18,6.1,8.54,53,59
PB304L-CX300T2-1/4S1,"1""",300,304L,"2-1/4""",2.25,6.01,6.38,8.93,89,98
PB316L-CX300T2-1/4S1,"1""",300,316L,"2-1/4""",2.25,7.48,6.45,9.03,102,113
PBAL6061-CX300T2-1/4S1,"1""",300,AL-6061,"2-1/4""",2.25,5.1,2.15,3.01,50,56
PB304-CX300T2-1/2S1,"1""",300,304,"2-1/2""",2.5,5.55,7.08,9.91,90,100
PBSA36-CX300T2-1/2S1,"1""",300,SA-36,"2-1/2""",2.5,1.87,6.78,9.49,53,59
PBSA516-70-CX300T2-1/2S1,"1""",300,SA-516-70,"2-1/2""",2.5,2.18,6.78,9.49,56,62
PB304L-CX300T2-1/2S1,"1""",300,304L,"2-1/2""",2.5,6.01,7.08,9.91,94,104
PB316L-CX300T2-1/2S1,"1""",300,316L,"2-1/2""",2.5,7.48,7.17,10.04,110,122
PBAL6061-CX300T2-1/2S1,"1""",300,AL-6061,"2-1/2""",2.5,5.1,2.39,3.35,52,58
PB304-CX300T3S1,"1""",300,304,"3""",3,5.55,8.5,11.9,101,112
PBSA36-CX300T3S1,"1""",300,SA-36,"3""",3,1.87,8.14,11.4,56,62
PBSA516-70-CX300T3S1,"1""",300,SA-516-70,"3""",3,2.18,8.14,11.4,60,66
PB304L-CX300T3S1,"1""",300,304L,"3""",3,6.01,8.5,11.9,106,117
PB316L-CX300T3S1,"1""",300,316L,"3""",3,7.48,8.6,12.04,125,138
PBAL6061-CX300T3S1,"1""",300,AL-6061,"3""",3,5.1,2.87,4.02,55,61
PB304-CX300T11GAS1-1/4,"1-1/4""",300,304,11 Gauge,0.1196,5.55,0.41,0.57,38,42
PBSA36-CX300T11GAS1-1/4,"1-1/4""",300,SA-36,11 Gauge,0.1196,1.87,0.39,0.55,36,40
PBSA516-70-CX300T11GAS1-1/4,"1-1/4""",300,SA-516-70,11 Gauge,0.1196,2.18,0.39,0.55,36,40
PB304L-CX300T11GAS1-1/4,"1-1/4""",300,304L,11 Gauge,0.1196,6.01,0.41,0.57,38,42
PB316L-CX300T11GAS1-1/4,"1-1/4""",300,316L,11 Gauge,0.1196,7.48,0.41,0.57,39,43
PBAL6061-CX300T11GAS1-1/4,"1-1/4""",300,AL-6061,11 Gauge,0.1196,5.1,0.14,0.2,36,40
PB304-CX300T1/8S1-1/4,"1-1/4""",300,304,"1/8""",0.125,5.55,0.43,0.6,38,42
PBSA36-CX300T1/8S1-1/4,"1-1/4""",300,SA-36,"1/8""",0.125,1.87,0.41,0.57,36,40
PBSA516-70-CX300T1/8S1-1/4,"1-1/4""",300,SA-516-70,"1/8""",0.125,2.18,0.41,0.57,36,40
PB304L-CX300T1/8S1-1/4,"1-1/4""",300,304L,"1/8""",0.125,6.01,0.43,0.6,38,42
PB316L-CX300T1/8S1-1/4,"1-1/4""",300,316L,"1/8""",0.125,7.48,0.43,0.6,39,43
PBAL6061-CX300T1/8S1-1/4,"1-1/4""",300,AL-6061,"1/8""",0.125,5.1,0.14,0.2,36,40
PB304-CX300T3/16S1-1/4,"1-1/4""",300,304,"3/16""",0.1875,5.55,0.64,0.9,40,44
PBSA36-CX300T3/16S1-1/4,"1-1/4""",300,SA-36,"3/16""",0.1875,1.87,0.61,0.85,36,40
PBSA516-70-CX300T3/16S1-1/4,"1-1/4""",300,SA-516-70,"3/16""",0.1875,2.18,0.61,0.85,37,41
PB304L-CX300T3/16S1-1/4,"1-1/4""",300,304L,"3/16""",0.1875,6.01,0.64,0.9,40,44
PB316L-CX300T3/16S1-1/4,"1-1/4""",300,316L,"3/16""",0.1875,7.48,0.65,0.91,42,47
PBAL6061-CX300T3/16S1-1/4,"1-1/4""",300,AL-6061,"3/16""",0.1875,5.1,0.22,0.31,36,40
PB304-CX300T1/4S1-1/4,"1-1/4""",300,304,"1/4""",0.25,5.55,0.85,1.19,41,46
PBSA36-CX300T1/4S1-1/4,"1-1/4""",300,SA-36,"1/4""",0.25,1.87,0.81,1.13,37,41
PBSA516-70-CX300T1/4S1-1/4,"1-1/4""",300,SA-516-70,"1/4""",0.25,2.18,0.81,1.13,37,41
PB304L-CX300T1/4S1-1/4,"1-1/4""",300,304L,"1/4""",0.25,6.01,0.85,1.19,42,47
PB316L-CX300T1/4S1-1/4,"1-1/4""",300,316L,"1/4""",0.25,7.48,0.86,1.2,44,49
PBAL6061-CX300T1/4S1-1/4,"1-1/4""",300,AL-6061,"1/4""",0.25,5.1,0.29,0.41,37,41
PB304-CX300T5/16S1-1/4,"1-1/4""",300,304,"5/16""",0.3125,5.55,1.06,1.48,43,48
PBSA36-CX300T5/16S1-1/4,"1-1/4""",300,SA-36,"5/16""",0.3125,1.87,1.02,1.43,38,42
PBSA516-70-CX300T5/16S1-1/4,"1-1/4""",300,SA-516-70,"5/16""",0.3125,2.18,1.02,1.43,38,42
PB304L-CX300T5/16S1-1/4,"1-1/4""",300,304L,"5/16""",0.3125,6.01,1.06,1.48,44,49
PB316L-CX300T5/16S1-1/4,"1-1/4""",300,316L,"5/16""",0.3125,7.48,1.08,1.51,46,51
PBAL6061-CX300T5/16S1-1/4,"1-1/4""",300,AL-6061,"5/16""",0.3125,5.1,0.36,0.5,37,41
PB304-CX300T3/8S1-1/4,"1-1/4""",300,304,"3/8""",0.375,5.55,1.28,1.79,45,50
PBSA36-CX300T3/8S1-1/4,"1-1/4""",300,SA-36,"3/8""",0.375,1.87,1.22,1.71,38,42
PBSA516-70-CX300T3/8S1-1/4,"1-1/4""",300,SA-516-70,"3/8""",0.375,2.18,1.22,1.71,39,43
PB304L-CX300T3/8S1-1/4,"1-1/4""",300,304L,"3/8""",0.375,6.01,1.28,1.79,46,51
PB316L-CX300T3/8S1-1/4,"1-1/4""",300,316L,"3/8""",0.375,7.48,1.29,1.81,48,53
PBAL6061-CX300T3/8S1-1/4,"1-1/4""",300,AL-6061,"3/8""",0.375,5.1,0.43,0.6,38,42
PB304-CX300T1/2S1-1/4,"1-1/4""",300,304,"1/2""",0.5,5.55,1.7,2.38,48,53
PBSA36-CX300T1/2S1-1/4,"1-1/4""",300,SA-36,"1/2""",0.5,1.87,1.63,2.28,39,43
PBSA516-70-CX300T1/2S1-1/4,"1-1/4""",300,SA-516-70,"1/2""",0.5,2.18,1.63,2.28,40,44
PB304L-CX300T1/2S1-1/4,"1-1/4""",300,304L,"1/2""",0.5,6.01,1.7,2.38,49,54
PB316L-CX300T1/2S1-1/4,"1-1/4""",300,316L,"1/2""",0.5,7.48,1.72,2.41,53,59
PBAL6061-CX300T1/2S1-1/4,"1-1/4""",300,AL-6061,"1/2""",0.5,5.1,0.57,0.8,39,43
PB304-CX300T5/8S1-1/4,"1-1/4""",300,304,"5/8""",0.625,5.55,2.13,2.98,51,57
PBSA36-CX300T5/8S1-1/4,"1-1/4""",300,SA-36,"5/8""",0.625,1.87,2.04,2.86,40,44
PBSA516-70-CX300T5/8S1-1/4,"1-1/4""",300,SA-516-70,"5/8""",0.625,2.18,2.04,2.86,41,46
PB304L-CX300T5/8S1-1/4,"1-1/4""",300,304L,"5/8""",0.625,6.01,2.13,2.98,53,59
PB316L-CX300T5/8S1-1/4,"1-1/4""",300,316L,"5/8""",0.625,7.48,2.15,3.01,57,63
PBAL6061-CX300T5/8S1-1/4,"1-1/4""",300,AL-6061,"5/8""",0.625,5.1,0.72,1.01,40,44
PB304-CX300T3/4S1-1/4,"1-1/4""",300,304,"3/4""",0.75,5.55,2.55,3.57,55,61
PBSA36-CX300T3/4S1-1/4,"1-1/4""",300,SA-36,"3/4""",0.75,1.87,2.44,3.42,41,46
PBSA516-70-CX300T3/4S1-1/4,"1-1/4""",300,SA-516-70,"3/4""",0.75,2.18,2.44,3.42,42,47
PB304L-CX300T3/4S1-1/4,"1-1/4""",300,304L,"3/4""",0.75,6.01,2.55,3.57,56,62
PB316L-CX300T3/4S1-1/4,"1-1/4""",300,316L,"3/4""",0.75,7.48,2.58,3.61,62,69
PBAL6061-CX300T3/4S1-1/4,"1-1/4""",300,AL-6061,"3/4""",0.75,5.1,0.86,1.2,41,46
PB304-CX300T7/8S1-1/4,"1-1/4""",300,304,"7/8""",0.875,5.55,2.98,4.17,58,64
PBSA36-CX300T7/8S1-1/4,"1-1/4""",300,SA-36,"7/8""",0.875,1.87,2.85,3.99,42,47
PBSA516-70-CX300T7/8S1-1/4,"1-1/4""",300,SA-516-70,"7/8""",0.875,2.18,2.85,3.99,44,49
PB304L-CX300T7/8S1-1/4,"1-1/4""",300,304L,"7/8""",0.875,6.01,2.98,4.17,60,66
PB316L-CX300T7/8S1-1/4,"1-1/4""",300,316L,"7/8""",0.875,7.48,3.01,4.21,66,73
PBAL6061-CX300T7/8S1-1/4,"1-1/4""",300,AL-6061,"7/8""",0.875,5.1,1,1.4,42,47
PB304-CX300T1S1-1/4,"1-1/4""",300,304,"1""",1,5.55,3.4,4.76,61,68
PBSA36-CX300T1S1-1/4,"1-1/4""",300,SA-36,"1""",1,1.87,3.26,4.56,43,48
PBSA516-70-CX300T1S1-1/4,"1-1/4""",300,SA-516-70,"1""",1,2.18,3.26,4.56,45,50
PB304L-CX300T1S1-1/4,"1-1/4""",300,304L,"1""",1,6.01,3.4,4.76,63,70
PB316L-CX300T1S1-1/4,"1-1/4""",300,316L,"1""",1,7.48,3.44,4.82,71,79
PBAL6061-CX300T1S1-1/4,"1-1/4""",300,AL-6061,"1""",1,5.1,1.15,1.61,43,48
PB304-CX300T1-1/8S1-1/4,"1-1/4""",300,304,"1-1/8""",1.125,5.55,3.83,5.36,65,72
PBSA36-CX300T1-1/8S1-1/4,"1-1/4""",300,SA-36,"1-1/8""",1.125,1.87,3.67,5.14,44,49
PBSA516-70-CX300T1-1/8S1-1/4,"1-1/4""",300,SA-516-70,"1-1/8""",1.125,2.18,3.67,5.14,46,51
PB304L-CX300T1-1/8S1-1/4,"1-1/4""",300,304L,"1-1/8""",1.125,6.01,3.83,5.36,67,74
PB316L-CX300T1-1/8S1-1/4,"1-1/4""",300,316L,"1-1/8""",1.125,7.48,3.87,5.42,75,83
PBAL6061-CX300T1-1/8S1-1/4,"1-1/4""",300,AL-6061,"1-1/8""",1.125,5.1,1.29,1.81,44,49
PB304-CX300T1-1/4S1-1/4,"1-1/4""",300,304,"1-1/4""",1.25,5.55,4.25,5.95,68,75
PBSA36-CX300T1-1/4S1-1/4,"1-1/4""",300,SA-36,"1-1/4""",1.25,1.87,4.07,5.7,46,51
PBSA516-70-CX300T1-1/4S1-1/4,"1-1/4""",300,SA-516-70,"1-1/4""",1.25,2.18,4.07,5.7,47,52
PB304L-CX300T1-1/4S1-1/4,"1-1/4""",300,304L,"1-1/4""",1.25,6.01,4.25,5.95,71,79
PB316L-CX300T1-1/4S1-1/4,"1-1/4""",300,316L,"1-1/4""",1.25,7.48,4.3,6.02,80,88
PBAL6061-CX300T1-1/4S1-1/4,"1-1/4""",300,AL-6061,"1-1/4""",1.25,5.1,1.43,2,45,50
PB304-CX300T1-3/8S1-1/4,"1-1/4""",300,304,"1-3/8""",1.375,5.55,4.68,6.55,71,79
PBSA36-CX300T1-3/8S1-1/4,"1-1/4""",300,SA-36,"1-3/8""",1.375,1.87,4.48,6.27,47,52
PBSA516-70-CX300T1-3/8S1-1/4,"1-1/4""",300,SA-516-70,"1-3/8""",1.375,2.18,4.48,6.27,49,54
PB304L-CX300T1-3/8S1-1/4,"1-1/4""",300,304L,"1-3/8""",1.375,6.01,4.68,6.55,74,82
PB316L-CX300T1-3/8S1-1/4,"1-1/4""",300,316L,"1-3/8""",1.375,7.48,4.73,6.62,84,93
PBAL6061-CX300T1-3/8S1-1/4,"1-1/4""",300,AL-6061,"1-3/8""",1.375,5.1,1.58,2.21,46,51
PB304-CX300T1-1/2S1-1/4,"1-1/4""",300,304,"1-1/2""",1.5,5.55,5.11,7.15,75,83
PBSA36-CX300T1-1/2S1-1/4,"1-1/4""",300,SA-36,"1-1/2""",1.5,1.87,4.89,6.85,48,53
PBSA516-70-CX300T1-1/2S1-1/4,"1-1/4""",300,SA-516-70,"1-1/2""",1.5,2.18,4.89,6.85,50,56
PB304L-CX300T1-1/2S1-1/4,"1-1/4""",300,304L,"1-1/2""",1.5,6.01,5.11,7.15,78,86
PB316L-CX300T1-1/2S1-1/4,"1-1/4""",300,316L,"1-1/2""",1.5,7.48,5.16,7.22,89,98
PBAL6061-CX300T1-1/2S1-1/4,"1-1/4""",300,AL-6061,"1-1/2""",1.5,5.1,1.72,2.41,47,52
PB304-CX300T1-5/8S1-1/4,"1-1/4""",300,304,"1-5/8""",1.625,5.55,5.53,7.74,78,86
PBSA36-CX300T1-5/8S1-1/4,"1-1/4""",300,SA-36,"1-5/8""",1.625,1.87,5.29,7.41,49,54
PBSA516-70-CX300T1-5/8S1-1/4,"1-1/4""",300,SA-516-70,"1-5/8""",1.625,2.18,5.29,7.41,51,57
PB304L-CX300T1-5/8S1-1/4,"1-1/4""",300,304L,"1-5/8""",1.625,6.01,5.53,7.74,81,90
PB316L-CX300T1-5/8S1-1/4,"1-1/4""",300,316L,"1-5/8""",1.625,7.48,5.59,7.83,93,103
PBAL6061-CX300T1-5/8S1-1/4,"1-1/4""",300,AL-6061,"1-5/8""",1.625,5.1,1.87,2.62,48,53
PB304-CX300T1-3/4S1-1/4,"1-1/4""",300,304,"1-3/4""",1.75,5.55,5.96,8.34,81,90
PBSA36-CX300T1-3/4S1-1/4,"1-1/4""",300,SA-36,"1-3/4""",1.75,1.87,5.7,7.98,50,56
PBSA516-70-CX300T1-3/4S1-1/4,"1-1/4""",300,SA-516-70,"1-3/4""",1.75,2.18,5.7,7.98,52,58
PB304L-CX300T1-3/4S1-1/4,"1-1/4""",300,304L,"1-3/4""",1.75,6.01,5.96,8.34,85,94
PB316L-CX300T1-3/4S1-1/4,"1-1/4""",300,316L,"1-3/4""",1.75,7.48,6.02,8.43,98,108
PBAL6061-CX300T1-3/4S1-1/4,"1-1/4""",300,AL-6061,"1-3/4""",1.75,5.1,2.01,2.81,49,54
PB304-CX300T1-7/8S1-1/4,"1-1/4""",300,304,"1-7/8""",1.875,5.55,6.38,8.93,84,93
PBSA36-CX300T1-7/8S1-1/4,"1-1/4""",300,SA-36,"1-7/8""",1.875,1.87,6.11,8.55,51,57
PBSA516-70-CX300T1-7/8S1-1/4,"1-1/4""",300,SA-516-70,"1-7/8""",1.875,2.18,6.11,8.55,53,59
PB304L-CX300T1-7/8S1-1/4,"1-1/4""",300,304L,"1-7/8""",1.875,6.01,6.38,8.93,89,98
PB316L-CX300T1-7/8S1-1/4,"1-1/4""",300,316L,"1-7/8""",1.875,7.48,6.45,9.03,102,113
PBAL6061-CX300T1-7/8S1-1/4,"1-1/4""",300,AL-6061,"1-7/8""",1.875,5.1,2.15,3.01,50,56
PB304-CX300T2S1-1/4,"1-1/4""",300,304,"2""",2,5.55,6.81,9.53,88,97
PBSA36-CX300T2S1-1/4,"1-1/4""",300,SA-36,"2""",2,1.87,6.52,9.13,52,58
PBSA516-70-CX300T2S1-1/4,"1-1/4""",300,SA-516-70,"2""",2,2.18,6.52,9.13,55,61
PB304L-CX300T2S1-1/4,"1-1/4""",300,304L,"2""",2,6.01,6.81,9.53,92,102
PB316L-CX300T2S1-1/4,"1-1/4""",300,316L,"2""",2,7.48,6.88,9.63,107,118
PBAL6061-CX300T2S1-1/4,"1-1/4""",300,AL-6061,"2""",2,5.1,2.3,3.22,51,57
PB304-CX300T2-1/4S1-1/4,"1-1/4""",300,304,"2-1/4""",2.25,5.55,7.66,10.72,94,104
PBSA36-CX300T2-1/4S1-1/4,"1-1/4""",300,SA-36,"2-1/4""",2.25,1.87,7.33,10.26,54,60
PBSA516-70-CX300T2-1/4S1-1/4,"1-1/4""",300,SA-516-70,"2-1/4""",2.25,2.18,7.33,10.26,57,63
PB304L-CX300T2-1/4S1-1/4,"1-1/4""",300,304L,"2-1/4""",2.25,6.01,7.66,10.72,99,109
PB316L-CX300T2-1/4S1-1/4,"1-1/4""",300,316L,"2-1/4""",2.25,7.48,7.75,10.85,116,128
PBAL6061-CX300T2-1/4S1-1/4,"1-1/4""",300,AL-6061,"2-1/4""",2.25,5.1,2.58,3.61,53,59
PB304-CX300T2-1/2S1-1/4,"1-1/4""",300,304,"2-1/2""",2.5,5.55,8.51,11.91,101,112
PBSA36-CX300T2-1/2S1-1/4,"1-1/4""",300,SA-36,"2-1/2""",2.5,1.87,8.14,11.4,56,62
PBSA516-70-CX300T2-1/2S1-1/4,"1-1/4""",300,SA-516-70,"2-1/2""",2.5,2.18,8.14,11.4,60,66
PB304L-CX300T2-1/2S1-1/4,"1-1/4""",300,304L,"2-1/2""",2.5,6.01,8.51,11.91,106,117
PB316L-CX300T2-1/2S1-1/4,"1-1/4""",300,316L,"2-1/2""",2.5,7.48,8.61,12.05,125,138
PBAL6061-CX300T2-1/2S1-1/4,"1-1/4""",300,AL-6061,"2-1/2""",2.5,5.1,2.87,4.02,55,61
PB304-CX300T3S1-1/4,"1-1/4""",300,304,"3""",3,5.55,10.21,14.29,114,126
PBSA36-CX300T3S1-1/4,"1-1/4""",300,SA-36,"3""",3,1.87,9.77,13.68,60,66
PBSA516-70-CX300T3S1-1/4,"1-1/4""",300,SA-516-70,"3""",3,2.18,9.77,13.68,65,72
PB304L-CX300T3S1-1/4,"1-1/4""",300,304L,"3""",3,6.01,10.21,14.29,121,134
PB316L-CX300T3S1-1/4,"1-1/4""",300,316L,"3""",3,7.48,10.33,14.46,143,158
PBAL6061-CX300T3S1-1/4,"1-1/4""",300,AL-6061,"3""",3,5.1,3.44,4.82,59,65
PB304-CX300T11GAS1-1/2,"1-1/2""",300,304,11 Gauge,0.1196,5.55,0.51,0.71,39,43
PBSA36-CX300T11GAS1-1/2,"1-1/2""",300,SA-36,11 Gauge,0.1196,1.87,0.49,0.69,36,40
PBSA516-70-CX300T11GAS1-1/2,"1-1/2""",300,SA-516-70,11 Gauge,0.1196,2.18,0.49,0.69,36,40
PB304L-CX300T11GAS1-1/2,"1-1/2""",300,304L,11 Gauge,0.1196,6.01,0.51,0.71,39,43
PB316L-CX300T11GAS1-1/2,"1-1/2""",300,316L,11 Gauge,0.1196,7.48,0.52,0.73,40,44
PBAL6061-CX300T11GAS1-1/2,"1-1/2""",300,AL-6061,11 Gauge,0.1196,5.1,0.17,0.24,36,40
PB304-CX300T1/8S1-1/2,"1-1/2""",300,304,"1/8""",0.125,5.55,0.54,0.76,39,43
PBSA36-CX300T1/8S1-1/2,"1-1/2""",300,SA-36,"1/8""",0.125,1.87,0.51,0.71,36,40
PBSA516-70-CX300T1/8S1-1/2,"1-1/2""",300,SA-516-70,"1/8""",0.125,2.18,0.51,0.71,36,40
PB304L-CX300T1/8S1-1/2,"1-1/2""",300,304L,"1/8""",0.125,6.01,0.54,0.76,39,43
PB316L-CX300T1/8S1-1/2,"1-1/2""",300,316L,"1/8""",0.125,7.48,0.54,0.76,41,46
PBAL6061-CX300T1/8S1-1/2,"1-1/2""",300,AL-6061,"1/8""",0.125,5.1,0.18,0.25,36,40
PB304-CX300T3/16S1-1/2,"1-1/2""",300,304,"3/16""",0.1875,5.55,0.81,1.13,41,46
PBSA36-CX300T3/16S1-1/2,"1-1/2""",300,SA-36,"3/16""",0.1875,1.87,0.77,1.08,37,41
PBSA516-70-CX300T3/16S1-1/2,"1-1/2""",300,SA-516-70,"3/16""",0.1875,2.18,0.77,1.08,37,41
PB304L-CX300T3/16S1-1/2,"1-1/2""",300,304L,"3/16""",0.1875,6.01,0.81,1.13,42,47
PB316L-CX300T3/16S1-1/2,"1-1/2""",300,316L,"3/16""",0.1875,7.48,0.82,1.15,43,48
PBAL6061-CX300T3/16S1-1/2,"1-1/2""",300,AL-6061,"3/16""",0.1875,5.1,0.27,0.38,37,41
PB304-CX300T1/4S1-1/2,"1-1/2""",300,304,"1/4""",0.25,5.55,1.07,1.5,43,48
PBSA36-CX300T1/4S1-1/2,"1-1/2""",300,SA-36,"1/4""",0.25,1.87,1.03,1.44,38,42
PBSA516-70-CX300T1/4S1-1/2,"1-1/2""",300,SA-516-70,"1/4""",0.25,2.18,1.03,1.44,38,42
PB304L-CX300T1/4S1-1/2,"1-1/2""",300,304L,"1/4""",0.25,6.01,1.07,1.5,44,49
PB316L-CX300T1/4S1-1/2,"1-1/2""",300,316L,"1/4""",0.25,7.48,1.09,1.53,46,51
PBAL6061-CX300T1/4S1-1/2,"1-1/2""",300,AL-6061,"1/4""",0.25,5.1,0.36,0.5,37,41
PB304-CX300T5/16S1-1/2,"1-1/2""",300,304,"5/16""",0.3125,5.55,1.34,1.88,45,50
PBSA36-CX300T5/16S1-1/2,"1-1/2""",300,SA-36,"5/16""",0.3125,1.87,1.29,1.81,38,42
PBSA516-70-CX300T5/16S1-1/2,"1-1/2""",300,SA-516-70,"5/16""",0.3125,2.18,1.29,1.81,39,43
PB304L-CX300T5/16S1-1/2,"1-1/2""",300,304L,"5/16""",0.3125,6.01,1.34,1.88,46,51
PB316L-CX300T5/16S1-1/2,"1-1/2""",300,316L,"5/16""",0.3125,7.48,1.36,1.9,49,54
PBAL6061-CX300T5/16S1-1/2,"1-1/2""",300,AL-6061,"5/16""",0.3125,5.1,0.45,0.63,38,42
PB304-CX300T3/8S1-1/2,"1-1/2""",300,304,"3/8""",0.375,5.55,1.61,2.25,47,52
PBSA36-CX300T3/8S1-1/2,"1-1/2""",300,SA-36,"3/8""",0.375,1.87,1.54,2.16,39,43
PBSA516-70-CX300T3/8S1-1/2,"1-1/2""",300,SA-516-70,"3/8""",0.375,2.18,1.54,2.16,40,44
PB304L-CX300T3/8S1-1/2,"1-1/2""",300,304L,"3/8""",0.375,6.01,1.61,2.25,48,53
PB316L-CX300T3/8S1-1/2,"1-1/2""",300,316L,"3/8""",0.375,7.48,1.63,2.28,52,58
PBAL6061-CX300T3/8S1-1/2,"1-1/2""",300,AL-6061,"3/8""",0.375,5.1,0.54,0.76,39,43
PB304-CX300T1/2S1-1/2,"1-1/2""",300,304,"1/2""",0.5,5.55,2.15,3.01,52,58
PBSA36-CX300T1/2S1-1/2,"1-1/2""",300,SA-36,"1/2""",0.5,1.87,2.06,2.88,40,44
PBSA516-70-CX300T1/2S1-1/2,"1-1/2""",300,SA-516-70,"1/2""",0.5,2.18,2.06,2.88,41,46
PB304L-CX300T1/2S1-1/2,"1-1/2""",300,304L,"1/2""",0.5,6.01,2.15,3.01,53,59
PB316L-CX300T1/2S1-1/2,"1-1/2""",300,316L,"1/2""",0.5,7.48,2.17,3.04,58,64
PBAL6061-CX300T1/2S1-1/2,"1-1/2""",300,AL-6061,"1/2""",0.5,5.1,0.72,1.01,40,44
PB304-CX300T5/8S1-1/2,"1-1/2""",300,304,"5/8""",0.625,5.55,2.69,3.77,56,62
PBSA36-CX300T5/8S1-1/2,"1-1/2""",300,SA-36,"5/8""",0.625,1.87,2.57,3.6,42,47
PBSA516-70-CX300T5/8S1-1/2,"1-1/2""",300,SA-516-70,"5/8""",0.625,2.18,2.57,3.6,43,48
PB304L-CX300T5/8S1-1/2,"1-1/2""",300,304L,"5/8""",0.625,6.01,2.69,3.77,58,64
PB316L-CX300T5/8S1-1/2,"1-1/2""",300,316L,"5/8""",0.625,7.48,2.72,3.81,63,70
PBAL6061-CX300T5/8S1-1/2,"1-1/2""",300,AL-6061,"5/8""",0.625,5.1,0.91,1.27,41,46
PB304-CX300T3/4S1-1/2,"1-1/2""",300,304,"3/4""",0.75,5.55,3.22,4.51,60,66
PBSA36-CX300T3/4S1-1/2,"1-1/2""",300,SA-36,"3/4""",0.75,1.87,3.09,4.33,43,48
PBSA516-70-CX300T3/4S1-1/2,"1-1/2""",300,SA-516-70,"3/4""",0.75,2.18,3.09,4.33,44,49
PB304L-CX300T3/4S1-1/2,"1-1/2""",300,304L,"3/4""",0.75,6.01,3.22,4.51,62,69
PB316L-CX300T3/4S1-1/2,"1-1/2""",300,316L,"3/4""",0.75,7.48,3.26,4.56,69,76
PBAL6061-CX300T3/4S1-1/2,"1-1/2""",300,AL-6061,"3/4""",0.75,5.1,1.09,1.53,43,48
PB304-CX300T7/8S1-1/2,"1-1/2""",300,304,"7/8""",0.875,5.55,3.76,5.26,64,71
PBSA36-CX300T7/8S1-1/2,"1-1/2""",300,SA-36,"7/8""",0.875,1.87,3.6,5.04,44,49
PBSA516-70-CX300T7/8S1-1/2,"1-1/2""",300,SA-516-70,"7/8""",0.875,2.18,3.6,5.04,46,51
PB304L-CX300T7/8S1-1/2,"1-1/2""",300,304L,"7/8""",0.875,6.01,3.76,5.26,66,73
PB316L-CX300T7/8S1-1/2,"1-1/2""",300,316L,"7/8""",0.875,7.48,3.8,5.32,75,83
PBAL6061-CX300T7/8S1-1/2,"1-1/2""",300,AL-6061,"7/8""",0.875,5.1,1.27,1.78,44,49
PB304-CX300T1S1-1/2,"1-1/2""",300,304,"1""",1,5.55,4.3,6.02,68,75
PBSA36-CX300T1S1-1/2,"1-1/2""",300,SA-36,"1""",1,1.87,4.11,5.75,46,51
PBSA516-70-CX300T1S1-1/2,"1-1/2""",300,SA-516-70,"1""",1,2.18,4.11,5.75,47,52
PB304L-CX300T1S1-1/2,"1-1/2""",300,304L,"1""",1,6.01,4.3,6.02,71,79
PB316L-CX300T1S1-1/2,"1-1/2""",300,316L,"1""",1,7.48,4.35,6.09,80,88
PBAL6061-CX300T1S1-1/2,"1-1/2""",300,AL-6061,"1""",1,5.1,1.45,2.03,45,50
PB304-CX300T1-1/8S1-1/2,"1-1/2""",300,304,"1-1/8""",1.125,5.55,4.84,6.78,72,80
PBSA36-CX300T1-1/8S1-1/2,"1-1/2""",300,SA-36,"1-1/8""",1.125,1.87,4.63,6.48,47,52
PBSA516-70-CX300T1-1/8S1-1/2,"1-1/2""",300,SA-516-70,"1-1/8""",1.125,2.18,4.63,6.48,49,54
PB304L-CX300T1-1/8S1-1/2,"1-1/2""",300,304L,"1-1/8""",1.125,6.01,4.84,6.78,76,84
PB316L-CX300T1-1/8S1-1/2,"1-1/2""",300,316L,"1-1/8""",1.125,7.48,4.89,6.85,86,95
PBAL6061-CX300T1-1/8S1-1/2,"1-1/2""",300,AL-6061,"1-1/8""",1.125,5.1,1.63,2.28,46,51
PB304-CX300T1-1/4S1-1/2,"1-1/2""",300,304,"1-1/4""",1.25,5.55,5.37,7.52,77,85
PBSA36-CX300T1-1/4S1-1/2,"1-1/2""",300,SA-36,"1-1/4""",1.25,1.87,5.14,7.2,48,53
PBSA516-70-CX300T1-1/4S1-1/2,"1-1/2""",300,SA-516-70,"1-1/4""",1.25,2.18,5.14,7.2,51,57
PB304L-CX300T1-1/4S1-1/2,"1-1/2""",300,304L,"1-1/4""",1.25,6.01,5.37,7.52,80,88
PB316L-CX300T1-1/4S1-1/2,"1-1/2""",300,316L,"1-1/4""",1.25,7.48,5.43,7.6,92,102
PBAL6061-CX300T1-1/4S1-1/2,"1-1/2""",300,AL-6061,"1-1/4""",1.25,5.1,1.81,2.53,48,53
PB304-CX300T1-3/8S1-1/2,"1-1/2""",300,304,"1-3/8""",1.375,5.55,5.91,8.27,81,90
PBSA36-CX300T1-3/8S1-1/2,"1-1/2""",300,SA-36,"1-3/8""",1.375,1.87,5.66,7.92,50,56
PBSA516-70-CX300T1-3/8S1-1/2,"1-1/2""",300,SA-516-70,"1-3/8""",1.375,2.18,5.66,7.92,52,58
PB304L-CX300T1-3/8S1-1/2,"1-1/2""",300,304L,"1-3/8""",1.375,6.01,5.91,8.27,85,94
PB316L-CX300T1-3/8S1-1/2,"1-1/2""",300,316L,"1-3/8""",1.375,7.48,5.98,8.37,97,107
PBAL6061-CX300T1-3/8S1-1/2,"1-1/2""",300,AL-6061,"1-3/8""",1.375,5.1,1.99,2.79,49,54
PB304-CX300T1-1/2S1-1/2,"1-1/2""",300,304,"1-1/2""",1.5,5.55,6.45,9.03,85,94
PBSA36-CX300T1-1/2S1-1/2,"1-1/2""",300,SA-36,"1-1/2""",1.5,1.87,6.17,8.64,51,57
PBSA516-70-CX300T1-1/2S1-1/2,"1-1/2""",300,SA-516-70,"1-1/2""",1.5,2.18,6.17,8.64,54,60
PB304L-CX300T1-1/2S1-1/2,"1-1/2""",300,304L,"1-1/2""",1.5,6.01,6.45,9.03,89,98
PB316L-CX300T1-1/2S1-1/2,"1-1/2""",300,316L,"1-1/2""",1.5,7.48,6.52,9.13,103,114
PBAL6061-CX300T1-1/2S1-1/2,"1-1/2""",300,AL-6061,"1-1/2""",1.5,5.1,2.17,3.04,50,56
PB304-CX300T1-5/8S1-1/2,"1-1/2""",300,304,"1-5/8""",1.625,5.55,6.99,9.79,89,98
PBSA36-CX300T1-5/8S1-1/2,"1-1/2""",300,SA-36,"1-5/8""",1.625,1.87,6.69,9.37,52,58
PBSA516-70-CX300T1-5/8S1-1/2,"1-1/2""",300,SA-516-70,"1-5/8""",1.625,2.18,6.69,9.37,55,61
PB304L-CX300T1-5/8S1-1/2,"1-1/2""",300,304L,"1-5/8""",1.625,6.01,6.99,9.79,94,104
PB316L-CX300T1-5/8S1-1/2,"1-1/2""",300,316L,"1-5/8""",1.625,7.48,7.06,9.88,109,120
PBAL6061-CX300T1-5/8S1-1/2,"1-1/2""",300,AL-6061,"1-5/8""",1.625,5.1,2.36,3.3,52,58
PB304-CX300T1-3/4S1-1/2,"1-1/2""",300,304,"1-3/4""",1.75,5.55,7.52,10.53,93,103
PBSA36-CX300T1-3/4S1-1/2,"1-1/2""",300,SA-36,"1-3/4""",1.75,1.87,7.2,10.08,54,60
PBSA516-70-CX300T1-3/4S1-1/2,"1-1/2""",300,SA-516-70,"1-3/4""",1.75,2.18,7.2,10.08,57,63
PB304L-CX300T1-3/4S1-1/2,"1-1/2""",300,304L,"1-3/4""",1.75,6.01,7.52,10.53,98,108
PB316L-CX300T1-3/4S1-1/2,"1-1/2""",300,316L,"1-3/4""",1.75,7.48,7.61,10.65,115,127
PBAL6061-CX300T1-3/4S1-1/2,"1-1/2""",300,AL-6061,"1-3/4""",1.75,5.1,2.54,3.56,53,59
PB304-CX300T1-7/8S1-1/2,"1-1/2""",300,304,"1-7/8""",1.875,5.55,8.06,11.28,97,107
PBSA36-CX300T1-7/8S1-1/2,"1-1/2""",300,SA-36,"1-7/8""",1.875,1.87,7.71,10.79,55,61
PBSA516-70-CX300T1-7/8S1-1/2,"1-1/2""",300,SA-516-70,"1-7/8""",1.875,2.18,7.71,10.79,58,64
PB304L-CX300T1-7/8S1-1/2,"1-1/2""",300,304L,"1-7/8""",1.875,6.01,8.06,11.28,103,114
PB316L-CX300T1-7/8S1-1/2,"1-1/2""",300,316L,"1-7/8""",1.875,7.48,8.15,11.41,120,132
PBAL6061-CX300T1-7/8S1-1/2,"1-1/2""",300,AL-6061,"1-7/8""",1.875,5.1,2.72,3.81,54,60
PB304-CX300T2S1-1/2,"1-1/2""",300,304,"2""",2,5.55,8.6,12.04,102,113
PBSA36-CX300T2S1-1/2,"1-1/2""",300,SA-36,"2""",2,1.87,8.23,11.52,56,62
PBSA516-70-CX300T2S1-1/2,"1-1/2""",300,SA-516-70,"2""",2,2.18,8.23,11.52,60,66
PB304L-CX300T2S1-1/2,"1-1/2""",300,304L,"2""",2,6.01,8.6,12.04,107,118
PB316L-CX300T2S1-1/2,"1-1/2""",300,316L,"2""",2,7.48,8.69,12.17,126,139
PBAL6061-CX300T2S1-1/2,"1-1/2""",300,AL-6061,"2""",2,5.1,2.9,4.06,56,62
PB304-CX300T2-1/4S1-1/2,"1-1/2""",300,304,"2-1/4""",2.25,5.55,9.67,13.54,110,122
PBSA36-CX300T2-1/4S1-1/2,"1-1/2""",300,SA-36,"2-1/4""",2.25,1.87,9.26,12.96,59,65
PBSA516-70-CX300T2-1/4S1-1/2,"1-1/2""",300,SA-516-70,"2-1/4""",2.25,2.18,9.26,12.96,63,70
PB304L-CX300T2-1/4S1-1/2,"1-1/2""",300,304L,"2-1/4""",2.25,6.01,9.67,13.54,116,128
PB316L-CX300T2-1/4S1-1/2,"1-1/2""",300,316L,"2-1/4""",2.25,7.48,9.78,13.69,137,151
PBAL6061-CX300T2-1/4S1-1/2,"1-1/2""",300,AL-6061,"2-1/4""",2.25,5.1,3.26,4.56,58,64
PB304-CX300T2-1/2S1-1/2,"1-1/2""",300,304,"2-1/2""",2.5,5.55,10.75,15.05,118,130
PBSA36-CX300T2-1/2S1-1/2,"1-1/2""",300,SA-36,"2-1/2""",2.5,1.87,10.29,14.41,62,69
PBSA516-70-CX300T2-1/2S1-1/2,"1-1/2""",300,SA-516-70,"2-1/2""",2.5,2.18,10.29,14.41,66,73
PB304L-CX300T2-1/2S1-1/2,"1-1/2""",300,304L,"2-1/2""",2.5,6.01,10.75,15.05,125,138
PB316L-CX300T2-1/2S1-1/2,"1-1/2""",300,316L,"2-1/2""",2.5,7.48,10.87,15.22,149,164
PBAL6061-CX300T2-1/2S1-1/2,"1-1/2""",300,AL-6061,"2-1/2""",2.5,5.1,3.62,5.07,61,68
PB304-CX300T3S1-1/2,"1-1/2""",300,304,"3""",3,5.55,12.9,18.06,135,149
PBSA36-CX300T3S1-1/2,"1-1/2""",300,SA-36,"3""",3,1.87,12.34,17.28,67,74
PBSA516-70-CX300T3S1-1/2,"1-1/2""",300,SA-516-70,"3""",3,2.18,12.34,17.28,73,81
PB304L-CX300T3S1-1/2,"1-1/2""",300,304L,"3""",3,6.01,12.9,18.06,143,158
PB316L-CX300T3S1-1/2,"1-1/2""",300,316L,"3""",3,7.48,13.04,18.26,171,189
PBAL6061-CX300T3S1-1/2,"1-1/2""",300,AL-6061,"3""",3,5.1,4.35,6.09,66,73
PB304-CX300T11GAS2,"2""",300,304,11 Gauge,0.1196,5.55,0.67,0.94,40,44
PBSA36-CX300T11GAS2,"2""",300,SA-36,11 Gauge,0.1196,1.87,0.64,0.9,37,41
PBSA516-70-CX300T11GAS2,"2""",300,SA-516-70,11 Gauge,0.1196,2.18,0.64,0.9,37,41
PB304L-CX300T11GAS2,"2""",300,304L,11 Gauge,0.1196,6.01,0.67,0.94,40,44
PB316L-CX300T11GAS2,"2""",300,316L,11 Gauge,0.1196,7.48,0.68,0.95,42,47
PBAL6061-CX300T11GAS2,"2""",300,AL-6061,11 Gauge,0.1196,5.1,0.23,0.32,36,40
PB304-CX300T1/8S2,"2""",300,304,"1/8""",0.125,5.55,0.7,0.98,40,44
PBSA36-CX300T1/8S2,"2""",300,SA-36,"1/8""",0.125,1.87,0.67,0.94,37,41
PBSA516-70-CX300T1/8S2,"2""",300,SA-516-70,"1/8""",0.125,2.18,0.67,0.94,37,41
PB304L-CX300T1/8S2,"2""",300,304L,"1/8""",0.125,6.01,0.7,0.98,41,46
PB316L-CX300T1/8S2,"2""",300,316L,"1/8""",0.125,7.48,0.71,0.99,42,47
PBAL6061-CX300T1/8S2,"2""",300,AL-6061,"1/8""",0.125,5.1,0.24,0.34,37,41
PB304-CX300T3/16S2,"2""",300,304,"3/16""",0.1875,5.55,1.05,1.47,43,48
PBSA36-CX300T3/16S2,"2""",300,SA-36,"3/16""",0.1875,1.87,1,1.4,37,41
PBSA516-70-CX300T3/16S2,"2""",300,SA-516-70,"3/16""",0.1875,2.18,1,1.4,38,42
PB304L-CX300T3/16S2,"2""",300,304L,"3/16""",0.1875,6.01,1.05,1.47,44,49
PB316L-CX300T3/16S2,"2""",300,316L,"3/16""",0.1875,7.48,1.06,1.48,46,51
PBAL6061-CX300T3/16S2,"2""",300,AL-6061,"3/16""",0.1875,5.1,0.35,0.49,37,41
PB304-CX300T1/4S2,"2""",300,304,"1/4""",0.25,5.55,1.4,1.96,46,51
PBSA36-CX300T1/4S2,"2""",300,SA-36,"1/4""",0.25,1.87,1.34,1.88,38,42
PBSA516-70-CX300T1/4S2,"2""",300,SA-516-70,"1/4""",0.25,2.18,1.34,1.88,39,43
PB304L-CX300T1/4S2,"2""",300,304L,"1/4""",0.25,6.01,1.4,1.96,47,52
PB316L-CX300T1/4S2,"2""",300,316L,"1/4""",0.25,7.48,1.41,1.97,50,56
PBAL6061-CX300T1/4S2,"2""",300,AL-6061,"1/4""",0.25,5.1,0.47,0.66,38,42
PB304-CX300T5/16S2,"2""",300,304,"5/16""",0.3125,5.55,1.74,2.44,48,53
PBSA36-CX300T5/16S2,"2""",300,SA-36,"5/16""",0.3125,1.87,1.67,2.34,39,43
PBSA516-70-CX300T5/16S2,"2""",300,SA-516-70,"5/16""",0.3125,2.18,1.67,2.34,40,44
PB304L-CX300T5/16S2,"2""",300,304L,"5/16""",0.3125,6.01,1.74,2.44,50,56
PB316L-CX300T5/16S2,"2""",300,316L,"5/16""",0.3125,7.48,1.76,2.46,53,59
PBAL6061-CX300T5/16S2,"2""",300,AL-6061,"5/16""",0.3125,5.1,0.59,0.83,39,43
PB304-CX300T3/8S2,"2""",300,304,"3/8""",0.375,5.55,2.09,2.93,51,57
PBSA36-CX300T3/8S2,"2""",300,SA-36,"3/8""",0.375,1.87,2,2.8,40,44
PBSA516-70-CX300T3/8S2,"2""",300,SA-516-70,"3/8""",0.375,2.18,2,2.8,41,46
PB304L-CX300T3/8S2,"2""",300,304L,"3/8""",0.375,6.01,2.09,2.93,52,58
PB316L-CX300T3/8S2,"2""",300,316L,"3/8""",0.375,7.48,2.12,2.97,57,63
PBAL6061-CX300T3/8S2,"2""",300,AL-6061,"3/8""",0.375,5.1,0.71,0.99,40,44
PB304-CX300T1/2S2,"2""",300,304,"1/2""",0.5,5.55,2.79,3.91,57,63
PBSA36-CX300T1/2S2,"2""",300,SA-36,"1/2""",0.5,1.87,2.67,3.74,42,47
PBSA516-70-CX300T1/2S2,"2""",300,SA-516-70,"1/2""",0.5,2.18,2.67,3.74,43,48
PB304L-CX300T1/2S2,"2""",300,304L,"1/2""",0.5,6.01,2.79,3.91,58,64
PB316L-CX300T1/2S2,"2""",300,316L,"1/2""",0.5,7.48,2.82,3.95,64,71
PBAL6061-CX300T1/2S2,"2""",300,AL-6061,"1/2""",0.5,5.1,0.94,1.32,42,47
PB304-CX300T5/8S2,"2""",300,304,"5/8""",0.625,5.55,3.49,4.89,62,69
PBSA36-CX300T5/8S2,"2""",300,SA-36,"5/8""",0.625,1.87,3.34,4.68,44,49
PBSA516-70-CX300T5/8S2,"2""",300,SA-516-70,"5/8""",0.625,2.18,3.34,4.68,45,50
PB304L-CX300T5/8S2,"2""",300,304L,"5/8""",0.625,6.01,3.49,4.89,64,71
PB316L-CX300T5/8S2,"2""",300,316L,"5/8""",0.625,7.48,3.53,4.94,72,80
PBAL6061-CX300T5/8S2,"2""",300,AL-6061,"5/8""",0.625,5.1,1.18,1.65,43,48
PB304-CX300T3/4S2,"2""",300,304,"3/4""",0.75,5.55,4.19,5.87,67,74
PBSA36-CX300T3/4S2,"2""",300,SA-36,"3/4""",0.75,1.87,4.01,5.61,45,50
PBSA516-70-CX300T3/4S2,"2""",300,SA-516-70,"3/4""",0.75,2.18,4.01,5.61,47,52
PB304L-CX300T3/4S2,"2""",300,304L,"3/4""",0.75,6.01,4.19,5.87,70,77
PB316L-CX300T3/4S2,"2""",300,316L,"3/4""",0.75,7.48,4.23,5.92,79,87
PBAL6061-CX300T3/4S2,"2""",300,AL-6061,"3/4""",0.75,5.1,1.41,1.97,45,50
PB304-CX300T7/8S2,"2""",300,304,"7/8""",0.875,5.55,4.88,6.83,73,81
PBSA36-CX300T7/8S2,"2""",300,SA-36,"7/8""",0.875,1.87,4.67,6.54,47,52
PBSA516-70-CX300T7/8S2,"2""",300,SA-516-70,"7/8""",0.875,2.18,4.67,6.54,49,54
PB304L-CX300T7/8S2,"2""",300,304L,"7/8""",0.875,6.01,4.88,6.83,76,84
PB316L-CX300T7/8S2,"2""",300,316L,"7/8""",0.875,7.48,4.94,6.92,87,96
PBAL6061-CX300T7/8S2,"2""",300,AL-6061,"7/8""",0.875,5.1,1.65,2.31,47,52
PB304-CX300T1S2,"2""",300,304,"1""",1,5.55,5.58,7.81,78,86
PBSA36-CX300T1S2,"2""",300,SA-36,"1""",1,1.87,5.34,7.48,49,54
PBSA516-70-CX300T1S2,"2""",300,SA-516-70,"1""",1,2.18,5.34,7.48,51,57
PB304L-CX300T1S2,"2""",300,304L,"1""",1,6.01,5.58,7.81,82,91
PB316L-CX300T1S2,"2""",300,316L,"1""",1,7.48,5.64,7.9,94,104
PBAL6061-CX300T1S2,"2""",300,AL-6061,"1""",1,5.1,1.88,2.63,48,53
PB304-CX300T1-1/8S2,"2""",300,304,"1-1/8""",1.125,5.55,6.28,8.79,84,93
PBSA36-CX300T1-1/8S2,"2""",300,SA-36,"1-1/8""",1.125,1.87,6.01,8.41,51,57
PBSA516-70-CX300T1-1/8S2,"2""",300,SA-516-70,"1-1/8""",1.125,2.18,6.01,8.41,53,59
PB304L-CX300T1-1/8S2,"2""",300,304L,"1-1/8""",1.125,6.01,6.28,8.79,88,97
PB316L-CX300T1-1/8S2,"2""",300,316L,"1-1/8""",1.125,7.48,6.35,8.89,101,112
PBAL6061-CX300T1-1/8S2,"2""",300,AL-6061,"1-1/8""",1.125,5.1,2.12,2.97,50,56
PB304-CX300T1-1/4S2,"2""",300,304,"1-1/4""",1.25,5.55,6.98,9.77,89,98
PBSA36-CX300T1-1/4S2,"2""",300,SA-36,"1-1/4""",1.25,1.87,6.68,9.35,52,58
PBSA516-70-CX300T1-1/4S2,"2""",300,SA-516-70,"1-1/4""",1.25,2.18,6.68,9.35,55,61
PB304L-CX300T1-1/4S2,"2""",300,304L,"1-1/4""",1.25,6.01,6.98,9.77,94,104
PB316L-CX300T1-1/4S2,"2""",300,316L,"1-1/4""",1.25,7.48,7.05,9.87,109,120
PBAL6061-CX300T1-1/4S2,"2""",300,AL-6061,"1-1/4""",1.25,5.1,2.35,3.29,52,58
PB304-CX300T1-3/8S2,"2""",300,304,"1-3/8""",1.375,5.55,7.67,10.74,94,104
PBSA36-CX300T1-3/8S2,"2""",300,SA-36,"1-3/8""",1.375,1.87,7.34,10.28,54,60
PBSA516-70-CX300T1-3/8S2,"2""",300,SA-516-70,"1-3/8""",1.375,2.18,7.34,10.28,57,63
PB304L-CX300T1-3/8S2,"2""",300,304L,"1-3/8""",1.375,6.01,7.67,10.74,99,109
PB316L-CX300T1-3/8S2,"2""",300,316L,"1-3/8""",1.375,7.48,7.76,10.86,116,128
PBAL6061-CX300T1-3/8S2,"2""",300,AL-6061,"1-3/8""",1.375,5.1,2.59,3.63,53,59
PB304-CX300T1-1/2S2,"2""",300,304,"1-1/2""",1.5,5.55,8.37,11.72,100,111
PBSA36-CX300T1-1/2S2,"2""",300,SA-36,"1-1/2""",1.5,1.87,8.01,11.21,56,62
PBSA516-70-CX300T1-1/2S2,"2""",300,SA-516-70,"1-1/2""",1.5,2.18,8.01,11.21,59,65
PB304L-CX300T1-1/2S2,"2""",300,304L,"1-1/2""",1.5,6.01,8.37,11.72,105,116
PB316L-CX300T1-1/2S2,"2""",300,316L,"1-1/2""",1.5,7.48,8.47,11.86,124,137
PBAL6061-CX300T1-1/2S2,"2""",300,AL-6061,"1-1/2""",1.5,5.1,2.82,3.95,55,61
PB304-CX300T1-5/8S2,"2""",300,304,"1-5/8""",1.625,5.55,9.07,12.7,105,116
PBSA36-CX300T1-5/8S2,"2""",300,SA-36,"1-5/8""",1.625,1.87,8.68,12.15,58,64
PBSA516-70-CX300T1-5/8S2,"2""",300,SA-516-70,"1-5/8""",1.625,2.18,8.68,12.15,61,68
PB304L-CX300T1-5/8S2,"2""",300,304L,"1-5/8""",1.625,6.01,9.07,12.7,111,123
PB316L-CX300T1-5/8S2,"2""",300,316L,"1-5/8""",1.625,7.48,9.17,12.84,131,145
PBAL6061-CX300T1-5/8S2,"2""",300,AL-6061,"1-5/8""",1.625,5.1,3.06,4.28,57,63
PB304-CX300T1-3/4S2,"2""",300,304,"1-3/4""",1.75,5.55,9.77,13.68,111,123
PBSA36-CX300T1-3/4S2,"2""",300,SA-36,"1-3/4""",1.75,1.87,9.35,13.09,59,65
PBSA516-70-CX300T1-3/4S2,"2""",300,SA-516-70,"1-3/4""",1.75,2.18,9.35,13.09,63,70
PB304L-CX300T1-3/4S2,"2""",300,304L,"1-3/4""",1.75,6.01,9.77,13.68,117,129
PB316L-CX300T1-3/4S2,"2""",300,316L,"1-3/4""",1.75,7.48,9.88,13.83,138,152
PBAL6061-CX300T1-3/4S2,"2""",300,AL-6061,"1-3/4""",1.75,5.1,3.29,4.61,58,64
PB304-CX300T1-7/8S2,"2""",300,304,"1-7/8""",1.875,5.55,10.46,14.64,116,128
PBSA36-CX300T1-7/8S2,"2""",300,SA-36,"1-7/8""",1.875,1.87,10.02,14.03,61,68
PBSA516-70-CX300T1-7/8S2,"2""",300,SA-516-70,"1-7/8""",1.875,2.18,10.02,14.03,65,72
PB304L-CX300T1-7/8S2,"2""",300,304L,"1-7/8""",1.875,6.01,10.46,14.64,123,136
PB316L-CX300T1-7/8S2,"2""",300,316L,"1-7/8""",1.875,7.48,10.58,14.81,146,161
PBAL6061-CX300T1-7/8S2,"2""",300,AL-6061,"1-7/8""",1.875,5.1,3.53,4.94,60,66
PB304-CX300T2S2,"2""",300,304,"2""",2,5.55,11.16,15.62,122,135
PBSA36-CX300T2S2,"2""",300,SA-36,"2""",2,1.87,10.68,14.95,63,70
PBSA516-70-CX300T2S2,"2""",300,SA-516-70,"2""",2,2.18,10.68,14.95,67,74
PB304L-CX300T2S2,"2""",300,304L,"2""",2,6.01,11.16,15.62,129,142
PB316L-CX300T2S2,"2""",300,316L,"2""",2,7.48,11.29,15.81,153,169
PBAL6061-CX300T2S2,"2""",300,AL-6061,"2""",2,5.1,3.76,5.26,62,69
PB304-CX300T2-1/4S2,"2""",300,304,"2-1/4""",2.25,5.55,12.56,17.58,132,146
PBSA36-CX300T2-1/4S2,"2""",300,SA-36,"2-1/4""",2.25,1.87,12.02,16.83,66,73
PBSA516-70-CX300T2-1/4S2,"2""",300,SA-516-70,"2-1/4""",2.25,2.18,12.02,16.83,72,80
PB304L-CX300T2-1/4S2,"2""",300,304L,"2-1/4""",2.25,6.01,12.56,17.58,141,156
PB316L-CX300T2-1/4S2,"2""",300,316L,"2-1/4""",2.25,7.48,12.7,17.78,168,185
PBAL6061-CX300T2-1/4S2,"2""",300,AL-6061,"2-1/4""",2.25,5.1,4.23,5.92,65,72
PB304-CX300T2-1/2S2,"2""",300,304,"2-1/2""",2.5,5.55,13.95,19.53,143,158
PBSA36-CX300T2-1/2S2,"2""",300,SA-36,"2-1/2""",2.5,1.87,13.35,18.69,70,77
PBSA516-70-CX300T2-1/2S2,"2""",300,SA-516-70,"2-1/2""",2.5,2.18,13.35,18.69,76,84
PB304L-CX300T2-1/2S2,"2""",300,304L,"2-1/2""",2.5,6.01,13.95,19.53,152,168
PB316L-CX300T2-1/2S2,"2""",300,316L,"2-1/2""",2.5,7.48,14.11,19.75,183,202
PBAL6061-CX300T2-1/2S2,"2""",300,AL-6061,"2-1/2""",2.5,5.1,4.71,6.59,68,75
PB304-CX300T3S2,"2""",300,304,"3""",3,5.55,16.74,23.44,165,182
PBSA36-CX300T3S2,"2""",300,SA-36,"3""",3,1.87,16.03,22.44,77,85
PBSA516-70-CX300T3S2,"2""",300,SA-516-70,"3""",3,2.18,16.03,22.44,84,93
PB304L-CX300T3S2,"2""",300,304L,"3""",3,6.01,16.74,23.44,176,194
PB316L-CX300T3S2,"2""",300,316L,"3""",3,7.48,16.93,23.7,212,234
PBAL6061-CX300T3S2,"2""",300,AL-6061,"3""",3,5.1,5.65,7.91,75,83
PB304-CX300T11GAS2-1/2,"2-1/2""",300,304,11 Gauge,0.1196,5.55,0.91,1.27,42,47
PBSA36-CX300T11GAS2-1/2,"2-1/2""",300,SA-36,11 Gauge,0.1196,1.87,0.87,1.22,37,41
PBSA516-70-CX300T11GAS2-1/2,"2-1/2""",300,SA-516-70,11 Gauge,0.1196,2.18,0.87,1.22,38,42
PB304L-CX300T11GAS2-1/2,"2-1/2""",300,304L,11 Gauge,0.1196,6.01,0.91,1.27,42,47
PB316L-CX300T11GAS2-1/2,"2-1/2""",300,316L,11 Gauge,0.1196,7.48,0.92,1.29,44,49
PBAL6061-CX300T11GAS2-1/2,"2-1/2""",300,AL-6061,11 Gauge,0.1196,5.1,0.31,0.43,37,41
PB304-CX300T1/8S2-1/2,"2-1/2""",300,304,"1/8""",0.125,5.55,0.95,1.33,42,47
PBSA36-CX300T1/8S2-1/2,"2-1/2""",300,SA-36,"1/8""",0.125,1.87,0.91,1.27,37,41
PBSA516-70-CX300T1/8S2-1/2,"2-1/2""",300,SA-516-70,"1/8""",0.125,2.18,0.91,1.27,38,42
PB304L-CX300T1/8S2-1/2,"2-1/2""",300,304L,"1/8""",0.125,6.01,0.95,1.33,43,48
PB316L-CX300T1/8S2-1/2,"2-1/2""",300,316L,"1/8""",0.125,7.48,0.97,1.36,45,50
PBAL6061-CX300T1/8S2-1/2,"2-1/2""",300,AL-6061,"1/8""",0.125,5.1,0.32,0.45,37,41
PB304-CX300T3/16S2-1/2,"2-1/2""",300,304,"3/16""",0.1875,5.55,1.43,2,46,51
PBSA36-CX300T3/16S2-1/2,"2-1/2""",300,SA-36,"3/16""",0.1875,1.87,1.37,1.92,38,42
PBSA516-70-CX300T3/16S2-1/2,"2-1/2""",300,SA-516-70,"3/16""",0.1875,2.18,1.37,1.92,39,43
PB304L-CX300T3/16S2-1/2,"2-1/2""",300,304L,"3/16""",0.1875,6.01,1.43,2,47,52
PB316L-CX300T3/16S2-1/2,"2-1/2""",300,316L,"3/16""",0.1875,7.48,1.45,2.03,50,56
PBAL6061-CX300T3/16S2-1/2,"2-1/2""",300,AL-6061,"3/16""",0.1875,5.1,0.48,0.67,38,42
PB304-CX300T1/4S2-1/2,"2-1/2""",300,304,"1/4""",0.25,5.55,1.91,2.67,50,56
PBSA36-CX300T1/4S2-1/2,"2-1/2""",300,SA-36,"1/4""",0.25,1.87,1.83,2.56,40,44
PBSA516-70-CX300T1/4S2-1/2,"2-1/2""",300,SA-516-70,"1/4""",0.25,2.18,1.83,2.56,40,44
PB304L-CX300T1/4S2-1/2,"2-1/2""",300,304L,"1/4""",0.25,6.01,1.91,2.67,51,57
PB316L-CX300T1/4S2-1/2,"2-1/2""",300,316L,"1/4""",0.25,7.48,1.93,2.7,55,61
PBAL6061-CX300T1/4S2-1/2,"2-1/2""",300,AL-6061,"1/4""",0.25,5.1,0.64,0.9,39,43
PB304-CX300T5/16S2-1/2,"2-1/2""",300,304,"5/16""",0.3125,5.55,2.39,3.35,53,59
PBSA36-CX300T5/16S2-1/2,"2-1/2""",300,SA-36,"5/16""",0.3125,1.87,2.28,3.19,41,46
PBSA516-70-CX300T5/16S2-1/2,"2-1/2""",300,SA-516-70,"5/16""",0.3125,2.18,2.28,3.19,42,47
PB304L-CX300T5/16S2-1/2,"2-1/2""",300,304L,"5/16""",0.3125,6.01,2.39,3.35,55,61
PB316L-CX300T5/16S2-1/2,"2-1/2""",300,316L,"5/16""",0.3125,7.48,2.41,3.37,60,66
PBAL6061-CX300T5/16S2-1/2,"2-1/2""",300,AL-6061,"5/16""",0.3125,5.1,0.8,1.12,41,46
PB304-CX300T3/8S2-1/2,"2-1/2""",300,304,"3/8""",0.375,5.55,2.86,4,57,63
PBSA36-CX300T3/8S2-1/2,"2-1/2""",300,SA-36,"3/8""",0.375,1.87,2.74,3.84,42,47
PBSA516-70-CX300T3/8S2-1/2,"2-1/2""",300,SA-516-70,"3/8""",0.375,2.18,2.74,3.84,43,48
PB304L-CX300T3/8S2-1/2,"2-1/2""",300,304L,"3/8""",0.375,6.01,2.86,4,59,65
PB316L-CX300T3/8S2-1/2,"2-1/2""",300,316L,"3/8""",0.375,7.48,2.9,4.06,65,72
PBAL6061-CX300T3/8S2-1/2,"2-1/2""",300,AL-6061,"3/8""",0.375,5.1,0.97,1.36,42,47
PB304-CX300T1/2S2-1/2,"2-1/2""",300,304,"1/2""",0.5,5.55,3.82,5.35,65,72
PBSA36-CX300T1/2S2-1/2,"2-1/2""",300,SA-36,"1/2""",0.5,1.87,3.66,5.12,44,49
PBSA516-70-CX300T1/2S2-1/2,"2-1/2""",300,SA-516-70,"1/2""",0.5,2.18,3.66,5.12,46,51
PB304L-CX300T1/2S2-1/2,"2-1/2""",300,304L,"1/2""",0.5,6.01,3.82,5.35,67,74
PB316L-CX300T1/2S2-1/2,"2-1/2""",300,316L,"1/2""",0.5,7.48,3.86,5.4,75,83
PBAL6061-CX300T1/2S2-1/2,"2-1/2""",300,AL-6061,"1/2""",0.5,5.1,1.29,1.81,44,49
PB304-CX300T5/8S2-1/2,"2-1/2""",300,304,"5/8""",0.625,5.55,4.77,6.68,72,80
PBSA36-CX300T5/8S2-1/2,"2-1/2""",300,SA-36,"5/8""",0.625,1.87,4.57,6.4,47,52
PBSA516-70-CX300T5/8S2-1/2,"2-1/2""",300,SA-516-70,"5/8""",0.625,2.18,4.57,6.4,49,54
PB304L-CX300T5/8S2-1/2,"2-1/2""",300,304L,"5/8""",0.625,6.01,4.77,6.68,75,83
PB316L-CX300T5/8S2-1/2,"2-1/2""",300,316L,"5/8""",0.625,7.48,4.83,6.76,85,94
PBAL6061-CX300T5/8S2-1/2,"2-1/2""",300,AL-6061,"5/8""",0.625,5.1,1.61,2.25,46,51
PB304-CX300T3/4S2-1/2,"2-1/2""",300,304,"3/4""",0.75,5.55,5.73,8.02,79,87
PBSA36-CX300T3/4S2-1/2,"2-1/2""",300,SA-36,"3/4""",0.75,1.87,5.48,7.67,49,54
PBSA516-70-CX300T3/4S2-1/2,"2-1/2""",300,SA-516-70,"3/4""",0.75,2.18,5.48,7.67,52,58
PB304L-CX300T3/4S2-1/2,"2-1/2""",300,304L,"3/4""",0.75,6.01,5.73,8.02,83,92
PB316L-CX300T3/4S2-1/2,"2-1/2""",300,316L,"3/4""",0.75,7.48,5.79,8.11,96,106
PBAL6061-CX300T3/4S2-1/2,"2-1/2""",300,AL-6061,"3/4""",0.75,5.1,1.93,2.7,49,54
PB304-CX300T7/8S2-1/2,"2-1/2""",300,304,"7/8""",0.875,5.55,6.68,9.35,87,96
PBSA36-CX300T7/8S2-1/2,"2-1/2""",300,SA-36,"7/8""",0.875,1.87,6.4,8.96,52,58
PBSA516-70-CX300T7/8S2-1/2,"2-1/2""",300,SA-516-70,"7/8""",0.875,2.18,6.4,8.96,54,60
PB304L-CX300T7/8S2-1/2,"2-1/2""",300,304L,"7/8""",0.875,6.01,6.68,9.35,91,101
PB316L-CX300T7/8S2-1/2,"2-1/2""",300,316L,"7/8""",0.875,7.48,6.76,9.46,106,117
PBAL6061-CX300T7/8S2-1/2,"2-1/2""",300,AL-6061,"7/8""",0.875,5.1,2.25,3.15,51,57
PB304-CX300T1S2-1/2,"2-1/2""",300,304,"1""",1,5.55,7.64,10.7,94,104
PBSA36-CX300T1S2-1/2,"2-1/2""",300,SA-36,"1""",1,1.87,7.31,10.23,54,60
PBSA516-70-CX300T1S2-1/2,"2-1/2""",300,SA-516-70,"1""",1,2.18,7.31,10.23,57,63
PB304L-CX300T1S2-1/2,"2-1/2""",300,304L,"1""",1,6.01,7.64,10.7,99,109
PB316L-CX300T1S2-1/2,"2-1/2""",300,316L,"1""",1,7.48,7.72,10.81,116,128
PBAL6061-CX300T1S2-1/2,"2-1/2""",300,AL-6061,"1""",1,5.1,2.58,3.61,53,59
PB304-CX300T1-1/8S2-1/2,"2-1/2""",300,304,"1-1/8""",1.125,5.55,8.59,12.03,102,113
PBSA36-CX300T1-1/8S2-1/2,"2-1/2""",300,SA-36,"1-1/8""",1.125,1.87,8.22,11.51,56,62
PBSA516-70-CX300T1-1/8S2-1/2,"2-1/2""",300,SA-516-70,"1-1/8""",1.125,2.18,8.22,11.51,60,66
PB304L-CX300T1-1/8S2-1/2,"2-1/2""",300,304L,"1-1/8""",1.125,6.01,8.59,12.03,107,118
PB316L-CX300T1-1/8S2-1/2,"2-1/2""",300,316L,"1-1/8""",1.125,7.48,8.69,12.17,126,139
PBAL6061-CX300T1-1/8S2-1/2,"2-1/2""",300,AL-6061,"1-1/8""",1.125,5.1,2.9,4.06,56,62
PB304-CX300T1-1/4S2-1/2,"2-1/2""",300,304,"1-1/4""",1.25,5.55,9.55,13.37,109,120
PBSA36-CX300T1-1/4S2-1/2,"2-1/2""",300,SA-36,"1-1/4""",1.25,1.87,9.14,12.8,59,65
PBSA516-70-CX300T1-1/4S2-1/2,"2-1/2""",300,SA-516-70,"1-1/4""",1.25,2.18,9.14,12.8,63,70
PB304L-CX300T1-1/4S2-1/2,"2-1/2""",300,304L,"1-1/4""",1.25,6.01,9.55,13.37,115,127
PB316L-CX300T1-1/4S2-1/2,"2-1/2""",300,316L,"1-1/4""",1.25,7.48,9.66,13.52,136,150
PBAL6061-CX300T1-1/4S2-1/2,"2-1/2""",300,AL-6061,"1-1/4""",1.25,5.1,3.22,4.51,58,64
PB304-CX300T1-3/8S2-1/2,"2-1/2""",300,304,"1-3/8""",1.375,5.55,10.5,14.7,116,128
PBSA36-CX300T1-3/8S2-1/2,"2-1/2""",300,SA-36,"1-3/8""",1.375,1.87,10.05,14.07,61,68
PBSA516-70-CX300T1-3/8S2-1/2,"2-1/2""",300,SA-516-70,"1-3/8""",1.375,2.18,10.05,14.07,66,73
PB304L-CX300T1-3/8S2-1/2,"2-1/2""",300,304L,"1-3/8""",1.375,6.01,10.5,14.7,123,136
PB316L-CX300T1-3/8S2-1/2,"2-1/2""",300,316L,"1-3/8""",1.375,7.48,10.62,14.87,146,161
PBAL6061-CX300T1-3/8S2-1/2,"2-1/2""",300,AL-6061,"1-3/8""",1.375,5.1,3.54,4.96,60,66
PB304-CX300T1-1/2S2-1/2,"2-1/2""",300,304,"1-1/2""",1.5,5.55,11.46,16.04,124,137
PBSA36-CX300T1-1/2S2-1/2,"2-1/2""",300,SA-36,"1-1/2""",1.5,1.87,10.97,15.36,64,71
PBSA516-70-CX300T1-1/2S2-1/2,"2-1/2""",300,SA-516-70,"1-1/2""",1.5,2.18,10.97,15.36,68,75
PB304L-CX300T1-1/2S2-1/2,"2-1/2""",300,304L,"1-1/2""",1.5,6.01,11.46,16.04,131,145
PB316L-CX300T1-1/2S2-1/2,"2-1/2""",300,316L,"1-1/2""",1.5,7.48,11.59,16.23,156,172
PBAL6061-CX300T1-1/2S2-1/2,"2-1/2""",300,AL-6061,"1-1/2""",1.5,5.1,3.86,5.4,62,69
PB304-CX300T1-5/8S2-1/2,"2-1/2""",300,304,"1-5/8""",1.625,5.55,12.41,17.37,131,145
PBSA36-CX300T1-5/8S2-1/2,"2-1/2""",300,SA-36,"1-5/8""",1.625,1.87,11.88,16.63,66,73
PBSA516-70-CX300T1-5/8S2-1/2,"2-1/2""",300,SA-516-70,"1-5/8""",1.625,2.18,11.88,16.63,71,79
PB304L-CX300T1-5/8S2-1/2,"2-1/2""",300,304L,"1-5/8""",1.625,6.01,12.41,17.37,139,153
PB316L-CX300T1-5/8S2-1/2,"2-1/2""",300,316L,"1-5/8""",1.625,7.48,12.55,17.57,166,183
PBAL6061-CX300T1-5/8S2-1/2,"2-1/2""",300,AL-6061,"1-5/8""",1.625,5.1,4.19,5.87,65,72
PB304-CX300T1-3/4S2-1/2,"2-1/2""",300,304,"1-3/4""",1.75,5.55,13.37,18.72,139,153
PBSA36-CX300T1-3/4S2-1/2,"2-1/2""",300,SA-36,"1-3/4""",1.75,1.87,12.79,17.91,68,75
PBSA516-70-CX300T1-3/4S2-1/2,"2-1/2""",300,SA-516-70,"1-3/4""",1.75,2.18,12.79,17.91,74,82
PB304L-CX300T1-3/4S2-1/2,"2-1/2""",300,304L,"1-3/4""",1.75,6.01,13.37,18.72,147,162
PB316L-CX300T1-3/4S2-1/2,"2-1/2""",300,316L,"1-3/4""",1.75,7.48,13.52,18.93,176,194
PBAL6061-CX300T1-3/4S2-1/2,"2-1/2""",300,AL-6061,"1-3/4""",1.75,5.1,4.51,6.31,67,74
PB304-CX300T1-7/8S2-1/2,"2-1/2""",300,304,"1-7/8""",1.875,5.55,14.32,20.05,146,161
PBSA36-CX300T1-7/8S2-1/2,"2-1/2""",300,SA-36,"1-7/8""",1.875,1.87,13.71,19.19,71,79
PBSA516-70-CX300T1-7/8S2-1/2,"2-1/2""",300,SA-516-70,"1-7/8""",1.875,2.18,13.71,19.19,77,85
PB304L-CX300T1-7/8S2-1/2,"2-1/2""",300,304L,"1-7/8""",1.875,6.01,14.32,20.05,155,171
PB316L-CX300T1-7/8S2-1/2,"2-1/2""",300,316L,"1-7/8""",1.875,7.48,14.48,20.27,186,205
PBAL6061-CX300T1-7/8S2-1/2,"2-1/2""",300,AL-6061,"1-7/8""",1.875,5.1,4.83,6.76,69,76
PB304-CX300T2S2-1/2,"2-1/2""",300,304,"2""",2,5.55,15.27,21.38,154,170
PBSA36-CX300T2S2-1/2,"2-1/2""",300,SA-36,"2""",2,1.87,14.62,20.47,73,81
PBSA516-70-CX300T2S2-1/2,"2-1/2""",300,SA-516-70,"2""",2,2.18,14.62,20.47,79,87
PB304L-CX300T2S2-1/2,"2-1/2""",300,304L,"2""",2,6.01,15.27,21.38,163,180
PB316L-CX300T2S2-1/2,"2-1/2""",300,316L,"2""",2,7.48,15.45,21.63,197,217
PBAL6061-CX300T2S2-1/2,"2-1/2""",300,AL-6061,"2""",2,5.1,5.15,7.21,72,80
PB304-CX300T2-1/4S2-1/2,"2-1/2""",300,304,"2-1/4""",2.25,5.55,17.18,24.05,168,185
PBSA36-CX300T2-1/4S2-1/2,"2-1/2""",300,SA-36,"2-1/4""",2.25,1.87,16.45,23.03,78,86
PBSA516-70-CX300T2-1/4S2-1/2,"2-1/2""",300,SA-516-70,"2-1/4""",2.25,2.18,16.45,23.03,85,94
PB304L-CX300T2-1/4S2-1/2,"2-1/2""",300,304L,"2-1/4""",2.25,6.01,17.18,24.05,179,197
PB316L-CX300T2-1/4S2-1/2,"2-1/2""",300,316L,"2-1/4""",2.25,7.48,17.38,24.33,217,239
PBAL6061-CX300T2-1/4S2-1/2,"2-1/2""",300,AL-6061,"2-1/4""",2.25,5.1,5.8,8.12,76,84
PB304-CX300T2-1/2S2-1/2,"2-1/2""",300,304,"2-1/2""",2.5,5.55,19.09,26.73,183,202
PBSA36-CX300T2-1/2S2-1/2,"2-1/2""",300,SA-36,"2-1/2""",2.5,1.87,18.28,25.59,83,92
PBSA516-70-CX300T2-1/2S2-1/2,"2-1/2""",300,SA-516-70,"2-1/2""",2.5,2.18,18.28,25.59,91,101
PB304L-CX300T2-1/2S2-1/2,"2-1/2""",300,304L,"2-1/2""",2.5,6.01,19.09,26.73,195,215
PB316L-CX300T2-1/2S2-1/2,"2-1/2""",300,316L,"2-1/2""",2.5,7.48,19.31,27.03,237,261
PBAL6061-CX300T2-1/2S2-1/2,"2-1/2""",300,AL-6061,"2-1/2""",2.5,5.1,6.44,9.02,81,90
PB304-CX300T3S2-1/2,"2-1/2""",300,304,"3""",3,5.55,22.91,32.07,213,235
PBSA36-CX300T3S2-1/2,"2-1/2""",300,SA-36,"3""",3,1.87,21.93,30.7,92,102
PBSA516-70-CX300T3S2-1/2,"2-1/2""",300,SA-516-70,"3""",3,2.18,21.93,30.7,102,113
PB304L-CX300T3S2-1/2,"2-1/2""",300,304L,"3""",3,6.01,22.91,32.07,228,251
PB316L-CX300T3S2-1/2,"2-1/2""",300,316L,"3""",3,7.48,23.17,32.44,277,305
PBAL6061-CX300T3S2-1/2,"2-1/2""",300,AL-6061,"3""",3,5.1,7.73,10.82,90,100
PB304-CX300T11GAS3,"3""",300,304,11 Gauge,0.1196,5.55,1.19,1.67,44,49
PBSA36-CX300T11GAS3,"3""",300,SA-36,11 Gauge,0.1196,1.87,1.13,1.58,38,42
PBSA516-70-CX300T11GAS3,"3""",300,SA-516-70,11 Gauge,0.1196,2.18,1.13,1.58,38,42
PB304L-CX300T11GAS3,"3""",300,304L,11 Gauge,0.1196,6.01,1.19,1.67,45,50
PB316L-CX300T11GAS3,"3""",300,316L,11 Gauge,0.1196,7.48,1.2,1.68,47,52
PBAL6061-CX300T11GAS3,"3""",300,AL-6061,11 Gauge,0.1196,5.1,0.4,0.56,38,42
PB304-CX300T1/8S3,"3""",300,304,"1/8""",0.125,5.55,1.24,1.74,45,50
PBSA36-CX300T1/8S3,"3""",300,SA-36,"1/8""",0.125,1.87,1.19,1.67,38,42
PBSA516-70-CX300T1/8S3,"3""",300,SA-516-70,"1/8""",0.125,2.18,1.19,1.67,38,42
PB304L-CX300T1/8S3,"3""",300,304L,"1/8""",0.125,6.01,1.24,1.74,45,50
PB316L-CX300T1/8S3,"3""",300,316L,"1/8""",0.125,7.48,1.25,1.75,48,53
PBAL6061-CX300T1/8S3,"3""",300,AL-6061,"1/8""",0.125,5.1,0.42,0.59,38,42
PB304-CX300T3/16S3,"3""",300,304,"3/16""",0.1875,5.55,1.86,2.6,49,54
PBSA36-CX300T3/16S3,"3""",300,SA-36,"3/16""",0.1875,1.87,1.78,2.49,40,44
PBSA516-70-CX300T3/16S3,"3""",300,SA-516-70,"3/16""",0.1875,2.18,1.78,2.49,40,44
PB304L-CX300T3/16S3,"3""",300,304L,"3/16""",0.1875,6.01,1.86,2.6,50,56
PB316L-CX300T3/16S3,"3""",300,316L,"3/16""",0.1875,7.48,1.88,2.63,55,61
PBAL6061-CX300T3/16S3,"3""",300,AL-6061,"3/16""",0.1875,5.1,0.63,0.88,39,43
PB304-CX300T1/4S3,"3""",300,304,"1/4""",0.25,5.55,2.48,3.47,54,60
PBSA36-CX300T1/4S3,"3""",300,SA-36,"1/4""",0.25,1.87,2.37,3.32,41,46
PBSA516-70-CX300T1/4S3,"3""",300,SA-516-70,"1/4""",0.25,2.18,2.37,3.32,42,47
PB304L-CX300T1/4S3,"3""",300,304L,"1/4""",0.25,6.01,2.48,3.47,56,62
PB316L-CX300T1/4S3,"3""",300,316L,"1/4""",0.25,7.48,2.51,3.51,61,68
PBAL6061-CX300T1/4S3,"3""",300,AL-6061,"1/4""",0.25,5.1,0.84,1.18,41,46
PB304-CX300T5/16S3,"3""",300,304,"5/16""",0.3125,5.55,3.1,4.34,59,65
PBSA36-CX300T5/16S3,"3""",300,SA-36,"5/16""",0.3125,1.87,2.97,4.16,43,48
PBSA516-70-CX300T5/16S3,"3""",300,SA-516-70,"5/16""",0.3125,2.18,2.97,4.16,44,49
PB304L-CX300T5/16S3,"3""",300,304L,"5/16""",0.3125,6.01,3.1,4.34,61,68
PB316L-CX300T5/16S3,"3""",300,316L,"5/16""",0.3125,7.48,3.13,4.38,68,75
PBAL6061-CX300T5/16S3,"3""",300,AL-6061,"5/16""",0.3125,5.1,1.04,1.46,42,47
PB304-CX300T3/8S3,"3""",300,304,"3/8""",0.375,5.55,3.72,5.21,64,71
PBSA36-CX300T3/8S3,"3""",300,SA-36,"3/8""",0.375,1.87,3.56,4.98,44,49
PBSA516-70-CX300T3/8S3,"3""",300,SA-516-70,"3/8""",0.375,2.18,3.56,4.98,46,51
PB304L-CX300T3/8S3,"3""",300,304L,"3/8""",0.375,6.01,3.72,5.21,66,73
PB316L-CX300T3/8S3,"3""",300,316L,"3/8""",0.375,7.48,3.76,5.26,74,82
PBAL6061-CX300T3/8S3,"3""",300,AL-6061,"3/8""",0.375,5.1,1.25,1.75,44,49
PB304-CX300T1/2S3,"3""",300,304,"1/2""",0.5,5.55,4.96,6.94,73,81
PBSA36-CX300T1/2S3,"3""",300,SA-36,"1/2""",0.5,1.87,4.74,6.64,47,52
PBSA516-70-CX300T1/2S3,"3""",300,SA-516-70,"1/2""",0.5,2.18,4.74,6.64,49,54
PB304L-CX300T1/2S3,"3""",300,304L,"1/2""",0.5,6.01,4.96,6.94,77,85
PB316L-CX300T1/2S3,"3""",300,316L,"1/2""",0.5,7.48,5.01,7.01,87,96
PBAL6061-CX300T1/2S3,"3""",300,AL-6061,"1/2""",0.5,5.1,1.67,2.34,47,52
PB304-CX300T5/8S3,"3""",300,304,"5/8""",0.625,5.55,6.2,8.68,83,92
PBSA36-CX300T5/8S3,"3""",300,SA-36,"5/8""",0.625,1.87,5.93,8.3,50,56
PBSA516-70-CX300T5/8S3,"3""",300,SA-516-70,"5/8""",0.625,2.18,5.93,8.3,53,59
PB304L-CX300T5/8S3,"3""",300,304L,"5/8""",0.625,6.01,6.2,8.68,87,96
PB316L-CX300T5/8S3,"3""",300,316L,"5/8""",0.625,7.48,6.27,8.78,101,112
PBAL6061-CX300T5/8S3,"3""",300,AL-6061,"5/8""",0.625,5.1,2.09,2.93,50,56
PB304-CX300T3/4S3,"3""",300,304,"3/4""",0.75,5.55,7.44,10.42,93,103
PBSA36-CX300T3/4S3,"3""",300,SA-36,"3/4""",0.75,1.87,7.12,9.97,53,59
PBSA516-70-CX300T3/4S3,"3""",300,SA-516-70,"3/4""",0.75,2.18,7.12,9.97,57,63
PB304L-CX300T3/4S3,"3""",300,304L,"3/4""",0.75,6.01,7.44,10.42,97,107
PB316L-CX300T3/4S3,"3""",300,316L,"3/4""",0.75,7.48,7.52,10.53,114,126
PBAL6061-CX300T3/4S3,"3""",300,AL-6061,"3/4""",0.75,5.1,2.51,3.51,53,59
PB304-CX300T7/8S3,"3""",300,304,"7/8""",0.875,5.55,8.67,12.14,102,113
PBSA36-CX300T7/8S3,"3""",300,SA-36,"7/8""",0.875,1.87,8.3,11.62,57,63
PBSA516-70-CX300T7/8S3,"3""",300,SA-516-70,"7/8""",0.875,2.18,8.3,11.62,60,66
PB304L-CX300T7/8S3,"3""",300,304L,"7/8""",0.875,6.01,8.67,12.14,108,119
PB316L-CX300T7/8S3,"3""",300,316L,"7/8""",0.875,7.48,8.77,12.28,127,140
PBAL6061-CX300T7/8S3,"3""",300,AL-6061,"7/8""",0.875,5.1,2.93,4.1,56,62
PB304-CX300T1S3,"3""",300,304,"1""",1,5.55,9.91,13.87,112,124
PBSA36-CX300T1S3,"3""",300,SA-36,"1""",1,1.87,9.49,13.29,60,66
PBSA516-70-CX300T1S3,"3""",300,SA-516-70,"1""",1,2.18,9.49,13.29,64,71
PB304L-CX300T1S3,"3""",300,304L,"1""",1,6.01,9.91,13.87,118,130
PB316L-CX300T1S3,"3""",300,316L,"1""",1,7.48,10.03,14.04,140,154
PBAL6061-CX300T1S3,"3""",300,AL-6061,"1""",1,5.1,3.34,4.68,59,65
PB304-CX300T1-1/8S3,"3""",300,304,"1-1/8""",1.125,5.55,11.15,15.61,121,134
PBSA36-CX300T1-1/8S3,"3""",300,SA-36,"1-1/8""",1.125,1.87,10.68,14.95,63,70
PBSA516-70-CX300T1-1/8S3,"3""",300,SA-516-70,"1-1/8""",1.125,2.18,10.68,14.95,67,74
PB304L-CX300T1-1/8S3,"3""",300,304L,"1-1/8""",1.125,6.01,11.15,15.61,129,142
PB316L-CX300T1-1/8S3,"3""",300,316L,"1-1/8""",1.125,7.48,11.28,15.79,153,169
PBAL6061-CX300T1-1/8S3,"3""",300,AL-6061,"1-1/8""",1.125,5.1,3.76,5.26,62,69
PB304-CX300T1-1/4S3,"3""",300,304,"1-1/4""",1.25,5.55,12.39,17.35,131,145
PBSA36-CX300T1-1/4S3,"3""",300,SA-36,"1-1/4""",1.25,1.87,11.86,16.6,66,73
PBSA516-70-CX300T1-1/4S3,"3""",300,SA-516-70,"1-1/4""",1.25,2.18,11.86,16.6,71,79
PB304L-CX300T1-1/4S3,"3""",300,304L,"1-1/4""",1.25,6.01,12.39,17.35,139,153
PB316L-CX300T1-1/4S3,"3""",300,316L,"1-1/4""",1.25,7.48,12.53,17.54,166,183
PBAL6061-CX300T1-1/4S3,"3""",300,AL-6061,"1-1/4""",1.25,5.1,4.18,5.85,65,72
PB304-CX300T1-3/8S3,"3""",300,304,"1-3/8""",1.375,5.55,13.63,19.08,141,156
PBSA36-CX300T1-3/8S3,"3""",300,SA-36,"1-3/8""",1.375,1.87,13.05,18.27,69,76
PBSA516-70-CX300T1-3/8S3,"3""",300,SA-516-70,"1-3/8""",1.375,2.18,13.05,18.27,75,83
PB304L-CX300T1-3/8S3,"3""",300,304L,"1-3/8""",1.375,6.01,13.63,19.08,150,165
PB316L-CX300T1-3/8S3,"3""",300,316L,"1-3/8""",1.375,7.48,13.79,19.31,179,197
PBAL6061-CX300T1-3/8S3,"3""",300,AL-6061,"1-3/8""",1.375,5.1,4.6,6.44,68,75
PB304-CX300T1-1/2S3,"3""",300,304,"1-1/2""",1.5,5.55,14.87,20.82,150,165
PBSA36-CX300T1-1/2S3,"3""",300,SA-36,"1-1/2""",1.5,1.87,14.23,19.92,72,80
PBSA516-70-CX300T1-1/2S3,"3""",300,SA-516-70,"1-1/2""",1.5,2.18,14.23,19.92,78,86
PB304L-CX300T1-1/2S3,"3""",300,304L,"1-1/2""",1.5,6.01,14.87,20.82,160,176
PB316L-CX300T1-1/2S3,"3""",300,316L,"1-1/2""",1.5,7.48,15.04,21.06,192,212
PBAL6061-CX300T1-1/2S3,"3""",300,AL-6061,"1-1/2""",1.5,5.1,5.02,7.03,71,79
PB304-CX300T1-5/8S3,"3""",300,304,"1-5/8""",1.625,5.55,16.11,22.55,160,176
PBSA36-CX300T1-5/8S3,"3""",300,SA-36,"1-5/8""",1.625,1.87,15.42,21.59,75,83
PBSA516-70-CX300T1-5/8S3,"3""",300,SA-516-70,"1-5/8""",1.625,2.18,15.42,21.59,82,91
PB304L-CX300T1-5/8S3,"3""",300,304L,"1-5/8""",1.625,6.01,16.11,22.55,170,188
PB316L-CX300T1-5/8S3,"3""",300,316L,"1-5/8""",1.625,7.48,16.29,22.81,205,226
PBAL6061-CX300T1-5/8S3,"3""",300,AL-6061,"1-5/8""",1.625,5.1,5.43,7.6,74,82
PB304-CX300T1-3/4S3,"3""",300,304,"1-3/4""",1.75,5.55,17.35,24.29,170,188
PBSA36-CX300T1-3/4S3,"3""",300,SA-36,"1-3/4""",1.75,1.87,16.61,23.25,78,86
PBSA516-70-CX300T1-3/4S3,"3""",300,SA-516-70,"1-3/4""",1.75,2.18,16.61,23.25,86,95
PB304L-CX300T1-3/4S3,"3""",300,304L,"1-3/4""",1.75,6.01,17.35,24.29,181,200
PB316L-CX300T1-3/4S3,"3""",300,316L,"1-3/4""",1.75,7.48,17.55,24.57,219,241
PBAL6061-CX300T1-3/4S3,"3""",300,AL-6061,"1-3/4""",1.75,5.1,5.85,8.19,77,85
PB304-CX300T1-7/8S3,"3""",300,304,"1-7/8""",1.875,5.55,18.59,26.03,179,197
PBSA36-CX300T1-7/8S3,"3""",300,SA-36,"1-7/8""",1.875,1.87,17.79,24.91,81,90
PBSA516-70-CX300T1-7/8S3,"3""",300,SA-516-70,"1-7/8""",1.875,2.18,17.79,24.91,89,98
PB304L-CX300T1-7/8S3,"3""",300,304L,"1-7/8""",1.875,6.01,18.59,26.03,191,211
PB316L-CX300T1-7/8S3,"3""",300,316L,"1-7/8""",1.875,7.48,18.8,26.32,232,256
PBAL6061-CX300T1-7/8S3,"3""",300,AL-6061,"1-7/8""",1.875,5.1,6.27,8.78,80,88
PB304-CX300T2S3,"3""",300,304,"2""",2,5.55,19.83,27.76,189,208
PBSA36-CX300T2S3,"3""",300,SA-36,"2""",2,1.87,18.98,26.57,85,94
PBSA516-70-CX300T2S3,"3""",300,SA-516-70,"2""",2,2.18,18.98,26.57,93,103
PB304L-CX300T2S3,"3""",300,304L,"2""",2,6.01,19.83,27.76,202,223
PB316L-CX300T2S3,"3""",300,316L,"2""",2,7.48,20.05,28.07,245,270
PBAL6061-CX300T2S3,"3""",300,AL-6061,"2""",2,5.1,6.69,9.37,83,92
PB304-CX300T2-1/4S3,"3""",300,304,"2-1/4""",2.25,5.55,22.31,31.23,208,229
PBSA36-CX300T2-1/4S3,"3""",300,SA-36,"2-1/4""",2.25,1.87,21.35,29.89,91,101
PBSA516-70-CX300T2-1/4S3,"3""",300,SA-516-70,"2-1/4""",2.25,2.18,21.35,29.89,100,111
PB304L-CX300T2-1/4S3,"3""",300,304L,"2-1/4""",2.25,6.01,22.31,31.23,223,246
PB316L-CX300T2-1/4S3,"3""",300,316L,"2-1/4""",2.25,7.48,22.56,31.58,271,299
PBAL6061-CX300T2-1/4S3,"3""",300,AL-6061,"2-1/4""",2.25,5.1,7.52,10.53,89,98
PB304-CX300T2-1/2S3,"3""",300,304,"2-1/2""",2.5,5.55,24.78,34.69,227,250
PBSA36-CX300T2-1/2S3,"3""",300,SA-36,"2-1/2""",2.5,1.87,23.72,33.21,97,107
PBSA516-70-CX300T2-1/2S3,"3""",300,SA-516-70,"2-1/2""",2.5,2.18,23.72,33.21,107,118
PB304L-CX300T2-1/2S3,"3""",300,304L,"2-1/2""",2.5,6.01,24.78,34.69,243,268
PB316L-CX300T2-1/2S3,"3""",300,316L,"2-1/2""",2.5,7.48,25.07,35.1,297,327
PBAL6061-CX300T2-1/2S3,"3""",300,AL-6061,"2-1/2""",2.5,5.1,8.36,11.7,95,105
PB304-CX300T3S3,"3""",300,304,"3""",3,5.55,29.74,41.64,266,293
PBSA36-CX300T3S3,"3""",300,SA-36,"3""",3,1.87,28.47,39.86,109,120
PBSA516-70-CX300T3S3,"3""",300,SA-516-70,"3""",3,2.18,28.47,39.86,122,135
PB304L-CX300T3S3,"3""",300,304L,"3""",3,6.01,29.74,41.64,285,314
PB316L-CX300T3S3,"3""",300,316L,"3""",3,7.48,30.08,42.11,350,386
PBAL6061-CX300T3S3,"3""",300,AL-6061,"3""",3,5.1,10.03,14.04,106,117
PB304-CX300T11GAS4,"4""",300,304,11 Gauge,0.1196,5.55,1.73,2.42,48,53
PBSA36-CX300T11GAS4,"4""",300,SA-36,11 Gauge,0.1196,1.87,1.66,2.32,39,43
PBSA516-70-CX300T11GAS4,"4""",300,SA-516-70,11 Gauge,0.1196,2.18,1.66,2.32,40,44
PB304L-CX300T11GAS4,"4""",300,304L,11 Gauge,0.1196,6.01,1.73,2.42,49,54
PB316L-CX300T11GAS4,"4""",300,316L,11 Gauge,0.1196,7.48,1.75,2.45,53,59
PBAL6061-CX300T11GAS4,"4""",300,AL-6061,11 Gauge,0.1196,5.1,0.58,0.81,39,43
PB304-CX300T1/8S4,"4""",300,304,"1/8""",0.125,5.55,1.81,2.53,49,54
PBSA36-CX300T1/8S4,"4""",300,SA-36,"1/8""",0.125,1.87,1.73,2.42,39,43
PBSA516-70-CX300T1/8S4,"4""",300,SA-516-70,"1/8""",0.125,2.18,1.73,2.42,40,44
PB304L-CX300T1/8S4,"4""",300,304L,"1/8""",0.125,6.01,1.81,2.53,50,56
PB316L-CX300T1/8S4,"4""",300,316L,"1/8""",0.125,7.48,1.83,2.56,54,60
PBAL6061-CX300T1/8S4,"4""",300,AL-6061,"1/8""",0.125,5.1,0.61,0.85,39,43
PB304-CX300T3/16S4,"4""",300,304,"3/16""",0.1875,5.55,2.71,3.79,56,62
PBSA36-CX300T3/16S4,"4""",300,SA-36,"3/16""",0.1875,1.87,2.6,3.64,42,47
PBSA516-70-CX300T3/16S4,"4""",300,SA-516-70,"3/16""",0.1875,2.18,2.6,3.64,43,48
PB304L-CX300T3/16S4,"4""",300,304L,"3/16""",0.1875,6.01,2.71,3.79,58,64
PB316L-CX300T3/16S4,"4""",300,316L,"3/16""",0.1875,7.48,2.74,3.84,64,71
PBAL6061-CX300T3/16S4,"4""",300,AL-6061,"3/16""",0.1875,5.1,0.91,1.27,41,46
PB304-CX300T1/4S4,"4""",300,304,"1/4""",0.25,5.55,3.62,5.07,63,70
PBSA36-CX300T1/4S4,"4""",300,SA-36,"1/4""",0.25,1.87,3.46,4.84,44,49
PBSA516-70-CX300T1/4S4,"4""",300,SA-516-70,"1/4""",0.25,2.18,3.46,4.84,45,50
PB304L-CX300T1/4S4,"4""",300,304L,"1/4""",0.25,6.01,3.62,5.07,65,72
PB316L-CX300T1/4S4,"4""",300,316L,"1/4""",0.25,7.48,3.66,5.12,73,81
PBAL6061-CX300T1/4S4,"4""",300,AL-6061,"1/4""",0.25,5.1,1.22,1.71,44,49
PB304-CX300T5/16S4,"4""",300,304,"5/16""",0.3125,5.55,4.52,6.33,70,77
PBSA36-CX300T5/16S4,"4""",300,SA-36,"5/16""",0.3125,1.87,4.33,6.06,46,51
PBSA516-70-CX300T5/16S4,"4""",300,SA-516-70,"5/16""",0.3125,2.18,4.33,6.06,48,53
PB304L-CX300T5/16S4,"4""",300,304L,"5/16""",0.3125,6.01,4.52,6.33,73,81
PB316L-CX300T5/16S4,"4""",300,316L,"5/16""",0.3125,7.48,4.57,6.4,83,92
PBAL6061-CX300T5/16S4,"4""",300,AL-6061,"5/16""",0.3125,5.1,1.52,2.13,46,51
PB304-CX300T3/8S4,"4""",300,304,"3/8""",0.375,5.55,5.43,7.6,77,85
PBSA36-CX300T3/8S4,"4""",300,SA-36,"3/8""",0.375,1.87,5.19,7.27,48,53
PBSA516-70-CX300T3/8S4,"4""",300,SA-516-70,"3/8""",0.375,2.18,5.19,7.27,51,57
PB304L-CX300T3/8S4,"4""",300,304L,"3/8""",0.375,6.01,5.43,7.6,81,90
PB316L-CX300T3/8S4,"4""",300,316L,"3/8""",0.375,7.48,5.49,7.69,92,102
PBAL6061-CX300T3/8S4,"4""",300,AL-6061,"3/8""",0.375,5.1,1.83,2.56,48,53
PB304-CX300T1/2S4,"4""",300,304,"1/2""",0.5,5.55,7.23,10.12,91,101
PBSA36-CX300T1/2S4,"4""",300,SA-36,"1/2""",0.5,1.87,6.92,9.69,53,59
PBSA516-70-CX300T1/2S4,"4""",300,SA-516-70,"1/2""",0.5,2.18,6.92,9.69,56,62
PB304L-CX300T1/2S4,"4""",300,304L,"1/2""",0.5,6.01,7.23,10.12,96,106
PB316L-CX300T1/2S4,"4""",300,316L,"1/2""",0.5,7.48,7.32,10.25,112,124
PBAL6061-CX300T1/2S4,"4""",300,AL-6061,"1/2""",0.5,5.1,2.44,3.42,52,58
PB304-CX300T5/8S4,"4""",300,304,"5/8""",0.625,5.55,9.04,12.66,105,116
PBSA36-CX300T5/8S4,"4""",300,SA-36,"5/8""",0.625,1.87,8.66,12.12,58,64
PBSA516-70-CX300T5/8S4,"4""",300,SA-516-70,"5/8""",0.625,2.18,8.66,12.12,61,68
PB304L-CX300T5/8S4,"4""",300,304L,"5/8""",0.625,6.01,9.04,12.66,111,123
PB316L-CX300T5/8S4,"4""",300,316L,"5/8""",0.625,7.48,9.15,12.81,131,145
PBAL6061-CX300T5/8S4,"4""",300,AL-6061,"5/8""",0.625,5.1,3.05,4.27,57,63
PB304-CX300T3/4S4,"4""",300,304,"3/4""",0.75,5.55,10.85,15.19,119,131
PBSA36-CX300T3/4S4,"4""",300,SA-36,"3/4""",0.75,1.87,10.39,14.55,62,69
PBSA516-70-CX300T3/4S4,"4""",300,SA-516-70,"3/4""",0.75,2.18,10.39,14.55,67,74
PB304L-CX300T3/4S4,"4""",300,304L,"3/4""",0.75,6.01,10.85,15.19,126,139
PB316L-CX300T3/4S4,"4""",300,316L,"3/4""",0.75,7.48,10.97,15.36,150,165
PBAL6061-CX300T3/4S4,"4""",300,AL-6061,"3/4""",0.75,5.1,3.66,5.12,61,68
PB304-CX300T7/8S4,"4""",300,304,"7/8""",0.875,5.55,12.66,17.72,133,147
PBSA36-CX300T7/8S4,"4""",300,SA-36,"7/8""",0.875,1.87,12.12,16.97,67,74
PBSA516-70-CX300T7/8S4,"4""",300,SA-516-70,"7/8""",0.875,2.18,12.12,16.97,72,80
PB304L-CX300T7/8S4,"4""",300,304L,"7/8""",0.875,6.01,12.66,17.72,141,156
PB316L-CX300T7/8S4,"4""",300,316L,"7/8""",0.875,7.48,12.8,17.92,169,186
PBAL6061-CX300T7/8S4,"4""",300,AL-6061,"7/8""",0.875,5.1,4.27,5.98,65,72
PB304-CX300T1S4,"4""",300,304,"1""",1,5.55,14.47,20.26,147,162
PBSA36-CX300T1S4,"4""",300,SA-36,"1""",1,1.87,13.85,19.39,71,79
PBSA516-70-CX300T1S4,"4""",300,SA-516-70,"1""",1,2.18,13.85,19.39,77,85
PB304L-CX300T1S4,"4""",300,304L,"1""",1,6.01,14.47,20.26,157,173
PB316L-CX300T1S4,"4""",300,316L,"1""",1,7.48,14.63,20.48,188,207
PBAL6061-CX300T1S4,"4""",300,AL-6061,"1""",1,5.1,4.88,6.83,70,77
PB304-CX300T1-1/8S4,"4""",300,304,"1-1/8""",1.125,5.55,16.28,22.79,161,178
PBSA36-CX300T1-1/8S4,"4""",300,SA-36,"1-1/8""",1.125,1.87,15.58,21.81,76,84
PBSA516-70-CX300T1-1/8S4,"4""",300,SA-516-70,"1-1/8""",1.125,2.18,15.58,21.81,82,91
PB304L-CX300T1-1/8S4,"4""",300,304L,"1-1/8""",1.125,6.01,16.28,22.79,172,190
PB316L-CX300T1-1/8S4,"4""",300,316L,"1-1/8""",1.125,7.48,16.46,23.04,207,228
PBAL6061-CX300T1-1/8S4,"4""",300,AL-6061,"1-1/8""",1.125,5.1,5.49,7.69,74,82
PB304-CX300T1-1/4S4,"4""",300,304,"1-1/4""",1.25,5.55,18.09,25.33,175,193
PBSA36-CX300T1-1/4S4,"4""",300,SA-36,"1-1/4""",1.25,1.87,17.31,24.23,80,88
PBSA516-70-CX300T1-1/4S4,"4""",300,SA-516-70,"1-1/4""",1.25,2.18,17.31,24.23,88,97
PB304L-CX300T1-1/4S4,"4""",300,304L,"1-1/4""",1.25,6.01,18.09,25.33,187,206
PB316L-CX300T1-1/4S4,"4""",300,316L,"1-1/4""",1.25,7.48,18.29,25.61,226,249
PBAL6061-CX300T1-1/4S4,"4""",300,AL-6061,"1-1/4""",1.25,5.1,6.1,8.54,78,86
PB304-CX300T1-3/8S4,"4""",300,304,"1-3/8""",1.375,5.55,19.89,27.85,189,208
PBSA36-CX300T1-3/8S4,"4""",300,SA-36,"1-3/8""",1.375,1.87,19.04,26.66,85,94
PBSA516-70-CX300T1-3/8S4,"4""",300,SA-516-70,"1-3/8""",1.375,2.18,19.04,26.66,93,103
PB304L-CX300T1-3/8S4,"4""",300,304L,"1-3/8""",1.375,6.01,19.89,27.85,202,223
PB316L-CX300T1-3/8S4,"4""",300,316L,"1-3/8""",1.375,7.48,20.12,28.17,246,271
PBAL6061-CX300T1-3/8S4,"4""",300,AL-6061,"1-3/8""",1.375,5.1,6.71,9.39,83,92
PB304-CX300T1-1/2S4,"4""",300,304,"1-1/2""",1.5,5.55,21.7,30.38,203,224
PBSA36-CX300T1-1/2S4,"4""",300,SA-36,"1-1/2""",1.5,1.87,20.77,29.08,89,98
PBSA516-70-CX300T1-1/2S4,"4""",300,SA-516-70,"1-1/2""",1.5,2.18,20.77,29.08,98,108
PB304L-CX300T1-1/2S4,"4""",300,304L,"1-1/2""",1.5,6.01,21.7,30.38,217,239
PB316L-CX300T1-1/2S4,"4""",300,316L,"1-1/2""",1.5,7.48,21.95,30.73,265,292
PBAL6061-CX300T1-1/2S4,"4""",300,AL-6061,"1-1/2""",1.5,5.1,7.32,10.25,87,96
PB304-CX300T1-5/8S4,"4""",300,304,"1-5/8""",1.625,5.55,23.51,32.91,217,239
PBSA36-CX300T1-5/8S4,"4""",300,SA-36,"1-5/8""",1.625,1.87,22.51,31.51,94,104
PBSA516-70-CX300T1-5/8S4,"4""",300,SA-516-70,"1-5/8""",1.625,2.18,22.51,31.51,104,115
PB304L-CX300T1-5/8S4,"4""",300,304L,"1-5/8""",1.625,6.01,23.51,32.91,233,257
PB316L-CX300T1-5/8S4,"4""",300,316L,"1-5/8""",1.625,7.48,23.78,33.29,284,313
PBAL6061-CX300T1-5/8S4,"4""",300,AL-6061,"1-5/8""",1.625,5.1,7.93,11.1,91,101
PB304-CX300T1-3/4S4,"4""",300,304,"1-3/4""",1.75,5.55,25.32,35.45,232,256
PBSA36-CX300T1-3/4S4,"4""",300,SA-36,"1-3/4""",1.75,1.87,24.24,33.94,98,108
PBSA516-70-CX300T1-3/4S4,"4""",300,SA-516-70,"1-3/4""",1.75,2.18,24.24,33.94,109,120
PB304L-CX300T1-3/4S4,"4""",300,304L,"1-3/4""",1.75,6.01,25.32,35.45,248,273
PB316L-CX300T1-3/4S4,"4""",300,316L,"1-3/4""",1.75,7.48,25.61,35.85,303,334
PBAL6061-CX300T1-3/4S4,"4""",300,AL-6061,"1-3/4""",1.75,5.1,8.54,11.96,96,106
PB304-CX300T1-7/8S4,"4""",300,304,"1-7/8""",1.875,5.55,27.13,37.98,246,271
PBSA36-CX300T1-7/8S4,"4""",300,SA-36,"1-7/8""",1.875,1.87,25.97,36.36,103,114
PBSA516-70-CX300T1-7/8S4,"4""",300,SA-516-70,"1-7/8""",1.875,2.18,25.97,36.36,114,126
PB304L-CX300T1-7/8S4,"4""",300,304L,"1-7/8""",1.875,6.01,27.13,37.98,263,290
PB316L-CX300T1-7/8S4,"4""",300,316L,"1-7/8""",1.875,7.48,27.44,38.42,322,355
PBAL6061-CX300T1-7/8S4,"4""",300,AL-6061,"1-7/8""",1.875,5.1,9.15,12.81,100,111
PB304-CX300T2S4,"4""",300,304,"2""",2,5.55,28.94,40.52,260,286
PBSA36-CX300T2S4,"4""",300,SA-36,"2""",2,1.87,27.7,38.78,107,118
PBSA516-70-CX300T2S4,"4""",300,SA-516-70,"2""",2,2.18,27.7,38.78,119,131
PB304L-CX300T2S4,"4""",300,304L,"2""",2,6.01,28.94,40.52,278,306
PB316L-CX300T2S4,"4""",300,316L,"2""",2,7.48,29.27,40.98,341,376
PBAL6061-CX300T2S4,"4""",300,AL-6061,"2""",2,5.1,9.76,13.66,105,116
PB304-CX300T2-1/4S4,"4""",300,304,"2-1/4""",2.25,5.55,32.55,45.57,288,317
PBSA36-CX300T2-1/4S4,"4""",300,SA-36,"2-1/4""",2.25,1.87,31.16,43.62,116,128
PBSA516-70-CX300T2-1/4S4,"4""",300,SA-516-70,"2-1/4""",2.25,2.18,31.16,43.62,130,143
PB304L-CX300T2-1/4S4,"4""",300,304L,"2-1/4""",2.25,6.01,32.55,45.57,309,340
PB316L-CX300T2-1/4S4,"4""",300,316L,"2-1/4""",2.25,7.48,32.92,46.09,380,419
PBAL6061-CX300T2-1/4S4,"4""",300,AL-6061,"2-1/4""",2.25,5.1,10.98,15.37,113,125
PB304-CX300T2-1/2S4,"4""",300,304,"2-1/2""",2.5,5.55,36.17,50.64,316,348
PBSA36-CX300T2-1/2S4,"4""",300,SA-36,"2-1/2""",2.5,1.87,34.62,48.47,125,138
PBSA516-70-CX300T2-1/2S4,"4""",300,SA-516-70,"2-1/2""",2.5,2.18,34.62,48.47,141,156
PB304L-CX300T2-1/2S4,"4""",300,304L,"2-1/2""",2.5,6.01,36.17,50.64,339,373
PB316L-CX300T2-1/2S4,"4""",300,316L,"2-1/2""",2.5,7.48,36.58,51.21,418,460
PBAL6061-CX300T2-1/2S4,"4""",300,AL-6061,"2-1/2""",2.5,5.1,12.2,17.08,122,135
PB304-CX300T3S4,"4""",300,304,"3""",3,5.55,43.4,60.76,372,410
PBSA36-CX300T3S4,"4""",300,SA-36,"3""",3,1.87,41.55,58.17,144,159
PBSA516-70-CX300T3S4,"4""",300,SA-516-70,"3""",3,2.18,41.55,58.17,162,179
PB304L-CX300T3S4,"4""",300,304L,"3""",3,6.01,43.4,60.76,400,441
PB316L-CX300T3S4,"4""",300,316L,"3""",3,7.48,43.9,61.46,495,545
PBAL6061-CX300T3S4,"4""",300,AL-6061,"3""",3,5.1,14.64,20.5,139,153
PB304-CX300T11GAS6,"6""",300,304,11 Gauge,0.1196,5.55,3.27,4.58,60,66
PBSA36-CX300T11GAS6,"6""",300,SA-36,11 Gauge,0.1196,1.87,3.13,4.38,43,48
PBSA516-70-CX300T11GAS6,"6""",300,SA-516-70,11 Gauge,0.1196,2.18,3.13,4.38,44,49
PB304L-CX300T11GAS6,"6""",300,304L,11 Gauge,0.1196,6.01,3.27,4.58,62,69
PB316L-CX300T11GAS6,"6""",300,316L,11 Gauge,0.1196,7.48,3.31,4.63,69,76
PBAL6061-CX300T11GAS6,"6""",300,AL-6061,11 Gauge,0.1196,5.1,1.1,1.54,43,48
PB304-CX300T1/8S6,"6""",300,304,"1/8""",0.125,5.55,3.42,4.79,61,68
PBSA36-CX300T1/8S6,"6""",300,SA-36,"1/8""",0.125,1.87,3.27,4.58,43,48
PBSA516-70-CX300T1/8S6,"6""",300,SA-516-70,"1/8""",0.125,2.18,3.27,4.58,45,50
PB304L-CX300T1/8S6,"6""",300,304L,"1/8""",0.125,6.01,3.42,4.79,64,71
PB316L-CX300T1/8S6,"6""",300,316L,"1/8""",0.125,7.48,3.46,4.84,71,79
PBAL6061-CX300T1/8S6,"6""",300,AL-6061,"1/8""",0.125,5.1,1.15,1.61,43,48
PB304-CX300T3/16S6,"6""",300,304,"3/16""",0.1875,5.55,5.12,7.17,75,83
PBSA36-CX300T3/16S6,"6""",300,SA-36,"3/16""",0.1875,1.87,4.91,6.87,48,53
PBSA516-70-CX300T3/16S6,"6""",300,SA-516-70,"3/16""",0.1875,2.18,4.91,6.87,50,56
PB304L-CX300T3/16S6,"6""",300,304L,"3/16""",0.1875,6.01,5.12,7.17,78,86
PB316L-CX300T3/16S6,"6""",300,316L,"3/16""",0.1875,7.48,5.18,7.25,89,98
PBAL6061-CX300T3/16S6,"6""",300,AL-6061,"3/16""",0.1875,5.1,1.73,2.42,47,52
PB304-CX300T1/4S6,"6""",300,304,"1/4""",0.25,5.55,6.83,9.56,88,97
PBSA36-CX300T1/4S6,"6""",300,SA-36,"1/4""",0.25,1.87,6.54,9.16,52,58
PBSA516-70-CX300T1/4S6,"6""",300,SA-516-70,"1/4""",0.25,2.18,6.54,9.16,55,61
PB304L-CX300T1/4S6,"6""",300,304L,"1/4""",0.25,6.01,6.83,9.56,92,102
PB316L-CX300T1/4S6,"6""",300,316L,"1/4""",0.25,7.48,6.91,9.67,107,118
PBAL6061-CX300T1/4S6,"6""",300,AL-6061,"1/4""",0.25,5.1,2.3,3.22,51,57
PB304-CX300T5/16S6,"6""",300,304,"5/16""",0.3125,5.55,8.54,11.96,101,112
PBSA36-CX300T5/16S6,"6""",300,SA-36,"5/16""",0.3125,1.87,8.18,11.45,56,62
PBSA516-70-CX300T5/16S6,"6""",300,SA-516-70,"5/16""",0.3125,2.18,8.18,11.45,60,66
PB304L-CX300T5/16S6,"6""",300,304L,"5/16""",0.3125,6.01,8.54,11.96,107,118
PB316L-CX300T5/16S6,"6""",300,316L,"5/16""",0.3125,7.48,8.64,12.1,125,138
PBAL6061-CX300T5/16S6,"6""",300,AL-6061,"5/16""",0.3125,5.1,2.88,4.03,55,61
PB304-CX300T3/8S6,"6""",300,304,"3/8""",0.375,5.55,10.25,14.35,114,126
PBSA36-CX300T3/8S6,"6""",300,SA-36,"3/8""",0.375,1.87,9.81,13.73,61,68
PBSA516-70-CX300T3/8S6,"6""",300,SA-516-70,"3/8""",0.375,2.18,9.81,13.73,65,72
PB304L-CX300T3/8S6,"6""",300,304L,"3/8""",0.375,6.01,10.25,14.35,121,134
PB316L-CX300T3/8S6,"6""",300,316L,"3/8""",0.375,7.48,10.37,14.52,143,158
PBAL6061-CX300T3/8S6,"6""",300,AL-6061,"3/8""",0.375,5.1,3.46,4.84,60,66
PB304-CX300T1/2S6,"6""",300,304,"1/2""",0.5,5.55,13.66,19.12,141,156
PBSA36-CX300T1/2S6,"6""",300,SA-36,"1/2""",0.5,1.87,13.08,18.31,69,76
PBSA516-70-CX300T1/2S6,"6""",300,SA-516-70,"1/2""",0.5,2.18,13.08,18.31,75,83
PB304L-CX300T1/2S6,"6""",300,304L,"1/2""",0.5,6.01,13.66,19.12,150,165
PB316L-CX300T1/2S6,"6""",300,316L,"1/2""",0.5,7.48,13.82,19.35,180,199
PBAL6061-CX300T1/2S6,"6""",300,AL-6061,"1/2""",0.5,5.1,4.61,6.45,68,75
PB304-CX300T5/8S6,"6""",300,304,"5/8""",0.625,5.55,17.08,23.91,168,185
PBSA36-CX300T5/8S6,"6""",300,SA-36,"5/8""",0.625,1.87,16.35,22.89,78,86
PBSA516-70-CX300T5/8S6,"6""",300,SA-516-70,"5/8""",0.625,2.18,16.35,22.89,85,94
PB304L-CX300T5/8S6,"6""",300,304L,"5/8""",0.625,6.01,17.08,23.91,179,197
PB316L-CX300T5/8S6,"6""",300,316L,"5/8""",0.625,7.48,17.28,24.19,216,238
PBAL6061-CX300T5/8S6,"6""",300,AL-6061,"5/8""",0.625,5.1,5.76,8.06,76,84
PB304-CX300T3/4S6,"6""",300,304,"3/4""",0.75,5.55,20.5,28.7,194,214
PBSA36-CX300T3/4S6,"6""",300,SA-36,"3/4""",0.75,1.87,19.62,27.47,86,95
PBSA516-70-CX300T3/4S6,"6""",300,SA-516-70,"3/4""",0.75,2.18,19.62,27.47,95,105
PB304L-CX300T3/4S6,"6""",300,304L,"3/4""",0.75,6.01,20.5,28.7,207,228
PB316L-CX300T3/4S6,"6""",300,316L,"3/4""",0.75,7.48,20.73,29.02,252,278
PBAL6061-CX300T3/4S6,"6""",300,AL-6061,"3/4""",0.75,5.1,6.91,9.67,84,93
PB304-CX300T7/8S6,"6""",300,304,"7/8""",0.875,5.55,23.91,33.47,221,244
PBSA36-CX300T7/8S6,"6""",300,SA-36,"7/8""",0.875,1.87,22.89,32.05,95,105
PBSA516-70-CX300T7/8S6,"6""",300,SA-516-70,"7/8""",0.875,2.18,22.89,32.05,105,116
PB304L-CX300T7/8S6,"6""",300,304L,"7/8""",0.875,6.01,23.91,33.47,236,260
PB316L-CX300T7/8S6,"6""",300,316L,"7/8""",0.875,7.48,24.19,33.87,288,317
PBAL6061-CX300T7/8S6,"6""",300,AL-6061,"7/8""",0.875,5.1,8.07,11.3,92,102
PB304-CX300T1S6,"6""",300,304,"1""",1,5.55,27.33,38.26,247,272
PBSA36-CX300T1S6,"6""",300,SA-36,"1""",1,1.87,26.16,36.62,103,114
PBSA516-70-CX300T1S6,"6""",300,SA-516-70,"1""",1,2.18,26.16,36.62,115,127
PB304L-CX300T1S6,"6""",300,304L,"1""",1,6.01,27.33,38.26,265,292
PB316L-CX300T1S6,"6""",300,316L,"1""",1,7.48,27.64,38.7,324,357
PBAL6061-CX300T1S6,"6""",300,AL-6061,"1""",1,5.1,9.22,12.91,101,112
PB304-CX300T1-1/8S6,"6""",300,304,"1-1/8""",1.125,5.55,30.75,43.05,274,302
PBSA36-CX300T1-1/8S6,"6""",300,SA-36,"1-1/8""",1.125,1.87,29.43,41.2,112,124
PBSA516-70-CX300T1-1/8S6,"6""",300,SA-516-70,"1-1/8""",1.125,2.18,29.43,41.2,125,138
PB304L-CX300T1-1/8S6,"6""",300,304L,"1-1/8""",1.125,6.01,30.75,43.05,294,324
PB316L-CX300T1-1/8S6,"6""",300,316L,"1-1/8""",1.125,7.48,31.1,43.54,361,398
PBAL6061-CX300T1-1/8S6,"6""",300,AL-6061,"1-1/8""",1.125,5.1,10.37,14.52,109,120
PB304-CX300T1-1/4S6,"6""",300,304,"1-1/4""",1.25,5.55,34.16,47.82,300,330
PBSA36-CX300T1-1/4S6,"6""",300,SA-36,"1-1/4""",1.25,1.87,32.7,45.78,120,132
PBSA516-70-CX300T1-1/4S6,"6""",300,SA-516-70,"1-1/4""",1.25,2.18,32.7,45.78,135,149
PB304L-CX300T1-1/4S6,"6""",300,304L,"1-1/4""",1.25,6.01,34.16,47.82,322,355
PB316L-CX300T1-1/4S6,"6""",300,316L,"1-1/4""",1.25,7.48,34.55,48.37,397,437
PBAL6061-CX300T1-1/4S6,"6""",300,AL-6061,"1-1/4""",1.25,5.1,11.52,16.13,117,129
PB304-CX300T1-3/8S6,"6""",300,304,"1-3/8""",1.375,5.55,37.58,52.61,327,360
PBSA36-CX300T1-3/8S6,"6""",300,SA-36,"1-3/8""",1.375,1.87,35.97,50.36,129,142
PBSA516-70-CX300T1-3/8S6,"6""",300,SA-516-70,"1-3/8""",1.375,2.18,35.97,50.36,145,160
PB304L-CX300T1-3/8S6,"6""",300,304L,"1-3/8""",1.375,6.01,37.58,52.61,351,387
PB316L-CX300T1-3/8S6,"6""",300,316L,"1-3/8""",1.375,7.48,38.01,53.21,433,477
PBAL6061-CX300T1-3/8S6,"6""",300,AL-6061,"1-3/8""",1.375,5.1,12.67,17.74,125,138
PB304-CX300T1-1/2S6,"6""",300,304,"1-1/2""",1.5,5.55,40.99,57.39,353,389
PBSA36-CX300T1-1/2S6,"6""",300,SA-36,"1-1/2""",1.5,1.87,39.24,54.94,138,152
PBSA516-70-CX300T1-1/2S6,"6""",300,SA-516-70,"1-1/2""",1.5,2.18,39.24,54.94,155,171
PB304L-CX300T1-1/2S6,"6""",300,304L,"1-1/2""",1.5,6.01,40.99,57.39,380,419
PB316L-CX300T1-1/2S6,"6""",300,316L,"1-1/2""",1.5,7.48,41.46,58.04,469,516
PBAL6061-CX300T1-1/2S6,"6""",300,AL-6061,"1-1/2""",1.5,5.1,13.83,19.36,134,148
PB304-CX300T1-5/8S6,"6""",300,304,"1-5/8""",1.625,5.55,44.41,62.17,380,419
PBSA36-CX300T1-5/8S6,"6""",300,SA-36,"1-5/8""",1.625,1.87,42.51,59.51,146,161
PBSA516-70-CX300T1-5/8S6,"6""",300,SA-516-70,"1-5/8""",1.625,2.18,42.51,59.51,165,182
PB304L-CX300T1-5/8S6,"6""",300,304L,"1-5/8""",1.625,6.01,44.41,62.17,408,449
PB316L-CX300T1-5/8S6,"6""",300,316L,"1-5/8""",1.625,7.48,44.92,62.89,505,556
PBAL6061-CX300T1-5/8S6,"6""",300,AL-6061,"1-5/8""",1.625,5.1,14.98,20.97,142,157
PB304-CX300T1-3/4S6,"6""",300,304,"1-3/4""",1.75,5.55,47.83,66.96,406,447
PBSA36-CX300T1-3/4S6,"6""",300,SA-36,"1-3/4""",1.75,1.87,45.78,64.09,155,171
PBSA516-70-CX300T1-3/4S6,"6""",300,SA-516-70,"1-3/4""",1.75,2.18,45.78,64.09,175,193
PB304L-CX300T1-3/4S6,"6""",300,304L,"1-3/4""",1.75,6.01,47.83,66.96,437,481
PB316L-CX300T1-3/4S6,"6""",300,316L,"1-3/4""",1.75,7.48,48.37,67.72,541,596
PBAL6061-CX300T1-3/4S6,"6""",300,AL-6061,"1-3/4""",1.75,5.1,16.13,22.58,150,165
PB304-CX300T1-7/8S6,"6""",300,304,"1-7/8""",1.875,5.55,51.24,71.74,433,477
PBSA36-CX300T1-7/8S6,"6""",300,SA-36,"1-7/8""",1.875,1.87,49.05,68.67,163,180
PBSA516-70-CX300T1-7/8S6,"6""",300,SA-516-70,"1-7/8""",1.875,2.18,49.05,68.67,185,204
PB304L-CX300T1-7/8S6,"6""",300,304L,"1-7/8""",1.875,6.01,51.24,71.74,466,513
PB316L-CX300T1-7/8S6,"6""",300,316L,"1-7/8""",1.875,7.48,51.83,72.56,578,636
PBAL6061-CX300T1-7/8S6,"6""",300,AL-6061,"1-7/8""",1.875,5.1,17.28,24.19,158,174
PB304-CX300T2S6,"6""",300,304,"2""",2,5.55,54.66,76.52,460,507
PBSA36-CX300T2S6,"6""",300,SA-36,"2""",2,1.87,52.32,73.25,172,190
PBSA516-70-CX300T2S6,"6""",300,SA-516-70,"2""",2,2.18,52.32,73.25,195,215
PB304L-CX300T2S6,"6""",300,304L,"2""",2,6.01,54.66,76.52,495,545
PB316L-CX300T2S6,"6""",300,316L,"2""",2,7.48,55.28,77.39,614,676
PBAL6061-CX300T2S6,"6""",300,AL-6061,"2""",2,5.1,18.44,25.82,167,184
PB304-CX300T2-1/4S6,"6""",300,304,"2-1/4""",2.25,5.55,61.49,86.09,513,565
PBSA36-CX300T2-1/4S6,"6""",300,SA-36,"2-1/4""",2.25,1.87,58.86,82.4,189,208
PBSA516-70-CX300T2-1/4S6,"6""",300,SA-516-70,"2-1/4""",2.25,2.18,58.86,82.4,214,236
PB304L-CX300T2-1/4S6,"6""",300,304L,"2-1/4""",2.25,6.01,61.49,86.09,552,608
PB316L-CX300T2-1/4S6,"6""",300,316L,"2-1/4""",2.25,7.48,62.19,87.07,686,755
PBAL6061-CX300T2-1/4S6,"6""",300,AL-6061,"2-1/4""",2.25,5.1,20.74,29.04,183,202
PB304-CX300T2-1/2S6,"6""",300,304,"2-1/2""",2.5,5.55,68.32,95.65,566,623
PBSA36-CX300T2-1/2S6,"6""",300,SA-36,"2-1/2""",2.5,1.87,65.4,91.56,206,227
PBSA516-70-CX300T2-1/2S6,"6""",300,SA-516-70,"2-1/2""",2.5,2.18,65.4,91.56,234,258
PB304L-CX300T2-1/2S6,"6""",300,304L,"2-1/2""",2.5,6.01,68.32,95.65,610,671
PB316L-CX300T2-1/2S6,"6""",300,316L,"2-1/2""",2.5,7.48,69.1,96.74,758,834
PBAL6061-CX300T2-1/2S6,"6""",300,AL-6061,"2-1/2""",2.5,5.1,23.04,32.26,199,219
PB304-CX300T3S6,"6""",300,304,"3""",3,5.55,81.99,114.79,672,740
PBSA36-CX300T3S6,"6""",300,SA-36,"3""",3,1.87,78.48,109.87,240,264
PBSA516-70-CX300T3S6,"6""",300,SA-516-70,"3""",3,2.18,78.48,109.87,274,302
PB304L-CX300T3S6,"6""",300,304L,"3""",3,6.01,81.99,114.79,725,798
PB316L-CX300T3S6,"6""",300,316L,"3""",3,7.48,82.92,116.09,903,994
PBAL6061-CX300T3S6,"6""",300,AL-6061,"3""",3,5.1,27.65,38.71,232,256
PB304-CX300T11GAS8,"8""",300,304,11 Gauge,0.1196,5.55,4.91,6.87,73,81
PBSA36-CX300T11GAS8,"8""",300,SA-36,11 Gauge,0.1196,1.87,4.7,6.58,47,52
PBSA516-70-CX300T11GAS8,"8""",300,SA-516-70,11 Gauge,0.1196,2.18,4.7,6.58,49,54
PB304L-CX300T11GAS8,"8""",300,304L,11 Gauge,0.1196,6.01,4.91,6.87,76,84
PB316L-CX300T11GAS8,"8""",300,316L,11 Gauge,0.1196,7.48,4.97,6.96,87,96
PBAL6061-CX300T11GAS8,"8""",300,AL-6061,11 Gauge,0.1196,5.1,1.66,2.32,47,52
PB304-CX300T1/8S8,"8""",300,304,"1/8""",0.125,5.55,5.13,7.18,75,83
PBSA36-CX300T1/8S8,"8""",300,SA-36,"1/8""",0.125,1.87,4.91,6.87,48,53
PBSA516-70-CX300T1/8S8,"8""",300,SA-516-70,"1/8""",0.125,2.18,4.91,6.87,50,56
PB304L-CX300T1/8S8,"8""",300,304L,"1/8""",0.125,6.01,5.13,7.18,78,86
PB316L-CX300T1/8S8,"8""",300,316L,"1/8""",0.125,7.48,5.19,7.27,89,98
PBAL6061-CX300T1/8S8,"8""",300,AL-6061,"1/8""",0.125,5.1,1.73,2.42,47,52
PB304-CX300T3/16S8,"8""",300,304,"3/16""",0.1875,5.55,7.7,10.78,95,105
PBSA36-CX300T3/16S8,"8""",300,SA-36,"3/16""",0.1875,1.87,7.37,10.32,54,60
PBSA516-70-CX300T3/16S8,"8""",300,SA-516-70,"3/16""",0.1875,2.18,7.37,10.32,57,63
PB304L-CX300T3/16S8,"8""",300,304L,"3/16""",0.1875,6.01,7.7,10.78,100,111
PB316L-CX300T3/16S8,"8""",300,316L,"3/16""",0.1875,7.48,7.79,10.91,116,128
PBAL6061-CX300T3/16S8,"8""",300,AL-6061,"3/16""",0.1875,5.1,2.6,3.64,53,59
PB304-CX300T1/4S8,"8""",300,304,"1/4""",0.25,5.55,10.27,14.38,115,127
PBSA36-CX300T1/4S8,"8""",300,SA-36,"1/4""",0.25,1.87,9.83,13.76,61,68
PBSA516-70-CX300T1/4S8,"8""",300,SA-516-70,"1/4""",0.25,2.18,9.83,13.76,65,72
PB304L-CX300T1/4S8,"8""",300,304L,"1/4""",0.25,6.01,10.27,14.38,121,134
PB316L-CX300T1/4S8,"8""",300,316L,"1/4""",0.25,7.48,10.38,14.53,144,159
PBAL6061-CX300T1/4S8,"8""",300,AL-6061,"1/4""",0.25,5.1,3.46,4.84,60,66
PB304-CX300T5/16S8,"8""",300,304,"5/16""",0.3125,5.55,12.83,17.96,135,149
PBSA36-CX300T5/16S8,"8""",300,SA-36,"5/16""",0.3125,1.87,12.28,17.19,67,74
PBSA516-70-CX300T5/16S8,"8""",300,SA-516-70,"5/16""",0.3125,2.18,12.28,17.19,72,80
PB304L-CX300T5/16S8,"8""",300,304L,"5/16""",0.3125,6.01,12.83,17.96,143,158
PB316L-CX300T5/16S8,"8""",300,316L,"5/16""",0.3125,7.48,12.98,18.17,171,189
PBAL6061-CX300T5/16S8,"8""",300,AL-6061,"5/16""",0.3125,5.1,4.33,6.06,66,73
PB304-CX300T3/8S8,"8""",300,304,"3/8""",0.375,5.55,15.4,21.56,155,171
PBSA36-CX300T3/8S8,"8""",300,SA-36,"3/8""",0.375,1.87,14.74,20.64,73,81
PBSA516-70-CX300T3/8S8,"8""",300,SA-516-70,"3/8""",0.375,2.18,14.74,20.64,80,88
PB304L-CX300T3/8S8,"8""",300,304L,"3/8""",0.375,6.01,15.4,21.56,164,181
PB316L-CX300T3/8S8,"8""",300,316L,"3/8""",0.375,7.48,15.57,21.8,198,218
PBAL6061-CX300T3/8S8,"8""",300,AL-6061,"3/8""",0.375,5.1,5.19,7.27,72,80
PB304-CX300T1/2S8,"8""",300,304,"1/2""",0.5,5.55,20.53,28.74,194,214
PBSA36-CX300T1/2S8,"8""",300,SA-36,"1/2""",0.5,1.87,19.65,27.51,86,95
PBSA516-70-CX300T1/2S8,"8""",300,SA-516-70,"1/2""",0.5,2.18,19.65,27.51,95,105
PB304L-CX300T1/2S8,"8""",300,304L,"1/2""",0.5,6.01,20.53,28.74,208,229
PB316L-CX300T1/2S8,"8""",300,316L,"1/2""",0.5,7.48,20.77,29.08,252,278
PBAL6061-CX300T1/2S8,"8""",300,AL-6061,"1/2""",0.5,5.1,6.93,9.7,84,93
PB304-CX300T5/8S8,"8""",300,304,"5/8""",0.625,5.55,25.67,35.94,234,258
PBSA36-CX300T5/8S8,"8""",300,SA-36,"5/8""",0.625,1.87,24.57,34.4,99,109
PBSA516-70-CX300T5/8S8,"8""",300,SA-516-70,"5/8""",0.625,2.18,24.57,34.4,110,122
PB304L-CX300T5/8S8,"8""",300,304L,"5/8""",0.625,6.01,25.67,35.94,251,277
PB316L-CX300T5/8S8,"8""",300,316L,"5/8""",0.625,7.48,25.96,36.34,307,338
PBAL6061-CX300T5/8S8,"8""",300,AL-6061,"5/8""",0.625,5.1,8.66,12.12,97,107
PB304-CX300T3/4S8,"8""",300,304,"3/4""",0.75,5.55,30.8,43.12,274,302
PBSA36-CX300T3/4S8,"8""",300,SA-36,"3/4""",0.75,1.87,29.48,41.27,112,124
PBSA516-70-CX300T3/4S8,"8""",300,SA-516-70,"3/4""",0.75,2.18,29.48,41.27,125,138
PB304L-CX300T3/4S8,"8""",300,304L,"3/4""",0.75,6.01,30.8,43.12,294,324
PB316L-CX300T3/4S8,"8""",300,316L,"3/4""",0.75,7.48,31.15,43.61,361,398
PBAL6061-CX300T3/4S8,"8""",300,AL-6061,"3/4""",0.75,5.1,10.39,14.55,109,120
PB304-CX300T7/8S8,"8""",300,304,"7/8""",0.875,5.55,35.93,50.3,314,346
PBSA36-CX300T7/8S8,"8""",300,SA-36,"7/8""",0.875,1.87,34.39,48.15,125,138
PBSA516-70-CX300T7/8S8,"8""",300,SA-516-70,"7/8""",0.875,2.18,34.39,48.15,140,154
PB304L-CX300T7/8S8,"8""",300,304L,"7/8""",0.875,6.01,35.93,50.3,337,371
PB316L-CX300T7/8S8,"8""",300,316L,"7/8""",0.875,7.48,36.34,50.88,415,457
PBAL6061-CX300T7/8S8,"8""",300,AL-6061,"7/8""",0.875,5.1,12.12,16.97,121,134
PB304-CX300T1S8,"8""",300,304,"1""",1,5.55,41.06,57.48,354,390
PBSA36-CX300T1S8,"8""",300,SA-36,"1""",1,1.87,39.31,55.03,138,152
PBSA516-70-CX300T1S8,"8""",300,SA-516-70,"1""",1,2.18,39.31,55.03,155,171
PB304L-CX300T1S8,"8""",300,304L,"1""",1,6.01,41.06,57.48,380,419
PB316L-CX300T1S8,"8""",300,316L,"1""",1,7.48,41.53,58.14,470,517
PBAL6061-CX300T1S8,"8""",300,AL-6061,"1""",1,5.1,13.85,19.39,134,148
PB304-CX300T1-1/8S8,"8""",300,304,"1-1/8""",1.125,5.55,46.2,64.68,394,434
PBSA36-CX300T1-1/8S8,"8""",300,SA-36,"1-1/8""",1.125,1.87,44.22,61.91,151,167
PBSA516-70-CX300T1-1/8S8,"8""",300,SA-516-70,"1-1/8""",1.125,2.18,44.22,61.91,170,188
PB304L-CX300T1-1/8S8,"8""",300,304L,"1-1/8""",1.125,6.01,46.2,64.68,424,467
PB316L-CX300T1-1/8S8,"8""",300,316L,"1-1/8""",1.125,7.48,46.72,65.41,524,577
PBAL6061-CX300T1-1/8S8,"8""",300,AL-6061,"1-1/8""",1.125,5.1,15.58,21.81,146,161
PB304-CX300T1-1/4S8,"8""",300,304,"1-1/4""",1.25,5.55,51.33,71.86,434,478
PBSA36-CX300T1-1/4S8,"8""",300,SA-36,"1-1/4""",1.25,1.87,49.13,68.78,163,180
PBSA516-70-CX300T1-1/4S8,"8""",300,SA-516-70,"1-1/4""",1.25,2.18,49.13,68.78,185,204
PB304L-CX300T1-1/4S8,"8""",300,304L,"1-1/4""",1.25,6.01,51.33,71.86,467,514
PB316L-CX300T1-1/4S8,"8""",300,316L,"1-1/4""",1.25,7.48,51.91,72.67,578,636
PBAL6061-CX300T1-1/4S8,"8""",300,AL-6061,"1-1/4""",1.25,5.1,17.31,24.23,158,174
PB304-CX300T1-3/8S8,"8""",300,304,"1-3/8""",1.375,5.55,56.46,79.04,474,522
PBSA36-CX300T1-3/8S8,"8""",300,SA-36,"1-3/8""",1.375,1.87,54.05,75.67,176,194
PBSA516-70-CX300T1-3/8S8,"8""",300,SA-516-70,"1-3/8""",1.375,2.18,54.05,75.67,200,221
PB304L-CX300T1-3/8S8,"8""",300,304L,"1-3/8""",1.375,6.01,56.46,79.04,510,561
PB316L-CX300T1-3/8S8,"8""",300,316L,"1-3/8""",1.375,7.48,57.11,79.95,633,697
PBAL6061-CX300T1-3/8S8,"8""",300,AL-6061,"1-3/8""",1.375,5.1,19.04,26.66,171,189
PB304-CX300T1-1/2S8,"8""",300,304,"1-1/2""",1.5,5.55,61.6,86.24,513,565
PBSA36-CX300T1-1/2S8,"8""",300,SA-36,"1-1/2""",1.5,1.87,58.96,82.54,189,208
PBSA516-70-CX300T1-1/2S8,"8""",300,SA-516-70,"1-1/2""",1.5,2.18,58.96,82.54,215,237
PB304L-CX300T1-1/2S8,"8""",300,304L,"1-1/2""",1.5,6.01,61.6,86.24,553,609
PB316L-CX300T1-1/2S8,"8""",300,316L,"1-1/2""",1.5,7.48,62.3,87.22,687,756
PBAL6061-CX300T1-1/2S8,"8""",300,AL-6061,"1-1/2""",1.5,5.1,20.78,29.09,183,202
PB304-CX300T1-5/8S8,"8""",300,304,"1-5/8""",1.625,5.55,66.73,93.42,553,609
PBSA36-CX300T1-5/8S8,"8""",300,SA-36,"1-5/8""",1.625,1.87,63.88,89.43,202,223
PBSA516-70-CX300T1-5/8S8,"8""",300,SA-516-70,"1-5/8""",1.625,2.18,63.88,89.43,230,254
PB304L-CX300T1-5/8S8,"8""",300,304L,"1-5/8""",1.625,6.01,66.73,93.42,596,656
PB316L-CX300T1-5/8S8,"8""",300,316L,"1-5/8""",1.625,7.48,67.49,94.49,742,817
PBAL6061-CX300T1-5/8S8,"8""",300,AL-6061,"1-5/8""",1.625,5.1,22.51,31.51,196,216
PB304-CX300T1-3/4S8,"8""",300,304,"1-3/4""",1.75,5.55,71.86,100.6,593,653
PBSA36-CX300T1-3/4S8,"8""",300,SA-36,"1-3/4""",1.75,1.87,68.79,96.31,215,237
PBSA516-70-CX300T1-3/4S8,"8""",300,SA-516-70,"1-3/4""",1.75,2.18,68.79,96.31,245,270
PB304L-CX300T1-3/4S8,"8""",300,304L,"1-3/4""",1.75,6.01,71.86,100.6,639,703
PB316L-CX300T1-3/4S8,"8""",300,316L,"1-3/4""",1.75,7.48,72.68,101.75,796,876
PBAL6061-CX300T1-3/4S8,"8""",300,AL-6061,"1-3/4""",1.75,5.1,24.24,33.94,208,229
PB304-CX300T1-7/8S8,"8""",300,304,"1-7/8""",1.875,5.55,77,107.8,633,697
PBSA36-CX300T1-7/8S8,"8""",300,SA-36,"1-7/8""",1.875,1.87,73.7,103.18,228,251
PBSA516-70-CX300T1-7/8S8,"8""",300,SA-516-70,"1-7/8""",1.875,2.18,73.7,103.18,260,286
PB304L-CX300T1-7/8S8,"8""",300,304L,"1-7/8""",1.875,6.01,77,107.8,683,752
PB316L-CX300T1-7/8S8,"8""",300,316L,"1-7/8""",1.875,7.48,77.87,109.02,850,936
PBAL6061-CX300T1-7/8S8,"8""",300,AL-6061,"1-7/8""",1.875,5.1,25.97,36.36,220,243
PB304-CX300T2S8,"8""",300,304,"2""",2,5.55,82.13,114.98,673,741
PBSA36-CX300T2S8,"8""",300,SA-36,"2""",2,1.87,78.62,110.07,241,266
PBSA516-70-CX300T2S8,"8""",300,SA-516-70,"2""",2,2.18,78.62,110.07,275,303
PB304L-CX300T2S8,"8""",300,304L,"2""",2,6.01,82.13,114.98,726,799
PB316L-CX300T2S8,"8""",300,316L,"2""",2,7.48,83.06,116.28,905,996
PBAL6061-CX300T2S8,"8""",300,AL-6061,"2""",2,5.1,27.7,38.78,233,257
PB304-CX300T2-1/4S8,"8""",300,304,"2-1/4""",2.25,5.55,92.39,129.35,753,829
PBSA36-CX300T2-1/4S8,"8""",300,SA-36,"2-1/4""",2.25,1.87,88.44,123.82,266,293
PBSA516-70-CX300T2-1/4S8,"8""",300,SA-516-70,"2-1/4""",2.25,2.18,88.44,123.82,305,336
PB304L-CX300T2-1/4S8,"8""",300,304L,"2-1/4""",2.25,6.01,92.39,129.35,812,894
PB316L-CX300T2-1/4S8,"8""",300,316L,"2-1/4""",2.25,7.48,93.44,130.82,1013,1115
PBAL6061-CX300T2-1/4S8,"8""",300,AL-6061,"2-1/4""",2.25,5.1,31.16,43.62,257,283
PB304-CX300T2-1/2S8,"8""",300,304,"2-1/2""",2.5,5.55,102.66,143.72,832,916
PBSA36-CX300T2-1/2S8,"8""",300,SA-36,"2-1/2""",2.5,1.87,98.27,137.58,292,322
PBSA516-70-CX300T2-1/2S8,"8""",300,SA-516-70,"2-1/2""",2.5,2.18,98.27,137.58,335,369
PB304L-CX300T2-1/2S8,"8""",300,304L,"2-1/2""",2.5,6.01,102.66,143.72,899,989
PB316L-CX300T2-1/2S8,"8""",300,316L,"2-1/2""",2.5,7.48,103.83,145.36,1122,1235
PBAL6061-CX300T2-1/2S8,"8""",300,AL-6061,"2-1/2""",2.5,5.1,34.63,48.48,282,311
PB304-CX300T3S8,"8""",300,304,"3""",3,5.55,123.19,172.47,992,1092
PBSA36-CX300T3S8,"8""",300,SA-36,"3""",3,1.87,117.92,165.09,344,379
PBSA516-70-CX300T3S8,"8""",300,SA-516-70,"3""",3,2.18,117.92,165.09,395,435
PB304L-CX300T3S8,"8""",300,304L,"3""",3,6.01,123.19,172.47,1071,1179
PB316L-CX300T3S8,"8""",300,316L,"3""",3,7.48,124.59,174.43,1340,1475
PBAL6061-CX300T3S8,"8""",300,AL-6061,"3""",3,5.1,41.55,58.17,332,366
PB304-CX300T11GAS10,"10""",300,304,11 Gauge,0.1196,5.55,6.76,9.46,87,96
PBSA36-CX300T11GAS10,"10""",300,SA-36,11 Gauge,0.1196,1.87,6.48,9.07,52,58
PBSA516-70-CX300T11GAS10,"10""",300,SA-516-70,11 Gauge,0.1196,2.18,6.48,9.07,55,61
PB304L-CX300T11GAS10,"10""",300,304L,11 Gauge,0.1196,6.01,6.76,9.46,92,102
PB316L-CX300T11GAS10,"10""",300,316L,11 Gauge,0.1196,7.48,6.84,9.58,107,118
PBAL6061-CX300T11GAS10,"10""",300,AL-6061,11 Gauge,0.1196,5.1,2.28,3.19,51,57
PB304-CX300T1/8S10,"10""",300,304,"1/8""",0.125,5.55,7.07,9.9,90,100
PBSA36-CX300T1/8S10,"10""",300,SA-36,"1/8""",0.125,1.87,6.77,9.48,53,59
PBSA516-70-CX300T1/8S10,"10""",300,SA-516-70,"1/8""",0.125,2.18,6.77,9.48,56,62
PB304L-CX300T1/8S10,"10""",300,304L,"1/8""",0.125,6.01,7.07,9.9,94,104
PB316L-CX300T1/8S10,"10""",300,316L,"1/8""",0.125,7.48,7.15,10.01,110,122
PBAL6061-CX300T1/8S10,"10""",300,AL-6061,"1/8""",0.125,5.1,2.38,3.33,52,58
PB304-CX300T3/16S10,"10""",300,304,"3/16""",0.1875,5.55,10.61,14.85,117,129
PBSA36-CX300T3/16S10,"10""",300,SA-36,"3/16""",0.1875,1.87,10.15,14.21,61,68
PBSA516-70-CX300T3/16S10,"10""",300,SA-516-70,"3/16""",0.1875,2.18,10.15,14.21,66,73
PB304L-CX300T3/16S10,"10""",300,304L,"3/16""",0.1875,6.01,10.61,14.85,124,137
PB316L-CX300T3/16S10,"10""",300,316L,"3/16""",0.1875,7.48,10.73,15.02,147,162
PBAL6061-CX300T3/16S10,"10""",300,AL-6061,"3/16""",0.1875,5.1,3.58,5.01,60,66
PB304-CX300T1/4S10,"10""",300,304,"1/4""",0.25,5.55,14.14,19.8,145,160
PBSA36-CX300T1/4S10,"10""",300,SA-36,"1/4""",0.25,1.87,13.54,18.96,70,77
PBSA516-70-CX300T1/4S10,"10""",300,SA-516-70,"1/4""",0.25,2.18,13.54,18.96,76,84
PB304L-CX300T1/4S10,"10""",300,304L,"1/4""",0.25,6.01,14.14,19.8,154,170
PB316L-CX300T1/4S10,"10""",300,316L,"1/4""",0.25,7.48,14.3,20.02,185,204
PBAL6061-CX300T1/4S10,"10""",300,AL-6061,"1/4""",0.25,5.1,4.77,6.68,69,76
PB304-CX300T5/16S10,"10""",300,304,"5/16""",0.3125,5.55,17.68,24.75,172,190
PBSA36-CX300T5/16S10,"10""",300,SA-36,"5/16""",0.3125,1.87,16.92,23.69,79,87
PBSA516-70-CX300T5/16S10,"10""",300,SA-516-70,"5/16""",0.3125,2.18,16.92,23.69,86,95
PB304L-CX300T5/16S10,"10""",300,304L,"5/16""",0.3125,6.01,17.68,24.75,184,203
PB316L-CX300T5/16S10,"10""",300,316L,"5/16""",0.3125,7.48,17.88,25.03,222,245
PBAL6061-CX300T5/16S10,"10""",300,AL-6061,"5/16""",0.3125,5.1,5.96,8.34,77,85
PB304-CX300T3/8S10,"10""",300,304,"3/8""",0.375,5.55,21.21,29.69,200,221
PBSA36-CX300T3/8S10,"10""",300,SA-36,"3/8""",0.375,1.87,20.3,28.42,88,97
PBSA516-70-CX300T3/8S10,"10""",300,SA-516-70,"3/8""",0.375,2.18,20.3,28.42,97,107
PB304L-CX300T3/8S10,"10""",300,304L,"3/8""",0.375,6.01,21.21,29.69,213,235
PB316L-CX300T3/8S10,"10""",300,316L,"3/8""",0.375,7.48,21.45,30.03,259,285
PBAL6061-CX300T3/8S10,"10""",300,AL-6061,"3/8""",0.375,5.1,7.15,10.01,86,95
PB304-CX300T1/2S10,"10""",300,304,"1/2""",0.5,5.55,28.28,39.59,255,281
PBSA36-CX300T1/2S10,"10""",300,SA-36,"1/2""",0.5,1.87,27.07,37.9,106,117
PBSA516-70-CX300T1/2S10,"10""",300,SA-516-70,"1/2""",0.5,2.18,27.07,37.9,117,129
PB304L-CX300T1/2S10,"10""",300,304L,"1/2""",0.5,6.01,28.28,39.59,273,301
PB316L-CX300T1/2S10,"10""",300,316L,"1/2""",0.5,7.48,28.6,40.04,334,368
PBAL6061-CX300T1/2S10,"10""",300,AL-6061,"1/2""",0.5,5.1,9.54,13.36,103,114
PB304-CX300T5/8S10,"10""",300,304,"5/8""",0.625,5.55,35.35,49.49,310,341
PBSA36-CX300T5/8S10,"10""",300,SA-36,"5/8""",0.625,1.87,33.84,47.38,123,136
PBSA516-70-CX300T5/8S10,"10""",300,SA-516-70,"5/8""",0.625,2.18,33.84,47.38,138,152
PB304L-CX300T5/8S10,"10""",300,304L,"5/8""",0.625,6.01,35.35,49.49,332,366
PB316L-CX300T5/8S10,"10""",300,316L,"5/8""",0.625,7.48,35.75,50.05,409,450
PBAL6061-CX300T5/8S10,"10""",300,AL-6061,"5/8""",0.625,5.1,11.92,16.69,120,132
PB304-CX300T3/4S10,"10""",300,304,"3/4""",0.75,5.55,42.42,59.39,364,401
PBSA36-CX300T3/4S10,"10""",300,SA-36,"3/4""",0.75,1.87,40.61,56.85,141,156
PBSA516-70-CX300T3/4S10,"10""",300,SA-516-70,"3/4""",0.75,2.18,40.61,56.85,159,175
PB304L-CX300T3/4S10,"10""",300,304L,"3/4""",0.75,6.01,42.42,59.39,392,432
PB316L-CX300T3/4S10,"10""",300,316L,"3/4""",0.75,7.48,42.9,60.06,484,533
PBAL6061-CX300T3/4S10,"10""",300,AL-6061,"3/4""",0.75,5.1,14.31,20.03,137,151
PB304-CX300T7/8S10,"10""",300,304,"7/8""",0.875,5.55,49.49,69.29,419,461
PBSA36-CX300T7/8S10,"10""",300,SA-36,"7/8""",0.875,1.87,47.38,66.33,159,175
PBSA516-70-CX300T7/8S10,"10""",300,SA-516-70,"7/8""",0.875,2.18,47.38,66.33,179,197
PB304L-CX300T7/8S10,"10""",300,304L,"7/8""",0.875,6.01,49.49,69.29,451,497
PB316L-CX300T7/8S10,"10""",300,316L,"7/8""",0.875,7.48,50.06,70.08,559,615
PBAL6061-CX300T7/8S10,"10""",300,AL-6061,"7/8""",0.875,5.1,16.69,23.37,154,170
PB304-CX300T1S10,"10""",300,304,"1""",1,5.55,56.56,79.18,474,522
PBSA36-CX300T1S10,"10""",300,SA-36,"1""",1,1.87,54.14,75.8,177,195
PBSA516-70-CX300T1S10,"10""",300,SA-516-70,"1""",1,2.18,54.14,75.8,200,221
PB304L-CX300T1S10,"10""",300,304L,"1""",1,6.01,56.56,79.18,511,563
PB316L-CX300T1S10,"10""",300,316L,"1""",1,7.48,57.21,80.09,634,698
PBAL6061-CX300T1S10,"10""",300,AL-6061,"1""",1,5.1,19.08,26.71,171,189
PB304-CX300T1-1/8S10,"10""",300,304,"1-1/8""",1.125,5.55,63.63,89.08,529,582
PBSA36-CX300T1-1/8S10,"10""",300,SA-36,"1-1/8""",1.125,1.87,60.91,85.27,194,214
PBSA516-70-CX300T1-1/8S10,"10""",300,SA-516-70,"1-1/8""",1.125,2.18,60.91,85.27,221,244
PB304L-CX300T1-1/8S10,"10""",300,304L,"1-1/8""",1.125,6.01,63.63,89.08,570,627
PB316L-CX300T1-1/8S10,"10""",300,316L,"1-1/8""",1.125,7.48,64.36,90.1,709,780
PBAL6061-CX300T1-1/8S10,"10""",300,AL-6061,"1-1/8""",1.125,5.1,21.46,30.04,188,207
PB304-CX300T1-1/4S10,"10""",300,304,"1-1/4""",1.25,5.55,70.7,98.98,584,643
PBSA36-CX300T1-1/4S10,"10""",300,SA-36,"1-1/4""",1.25,1.87,67.68,94.75,212,234
PBSA516-70-CX300T1-1/4S10,"10""",300,SA-516-70,"1-1/4""",1.25,2.18,67.68,94.75,241,266
PB304L-CX300T1-1/4S10,"10""",300,304L,"1-1/4""",1.25,6.01,70.7,98.98,630,693
PB316L-CX300T1-1/4S10,"10""",300,316L,"1-1/4""",1.25,7.48,71.51,100.11,784,863
PBAL6061-CX300T1-1/4S10,"10""",300,AL-6061,"1-1/4""",1.25,5.1,23.85,33.39,205,226
PB304-CX300T1-3/8S10,"10""",300,304,"1-3/8""",1.375,5.55,77.77,108.88,639,703
PBSA36-CX300T1-3/8S10,"10""",300,SA-36,"1-3/8""",1.375,1.87,74.45,104.23,230,254
PBSA516-70-CX300T1-3/8S10,"10""",300,SA-516-70,"1-3/8""",1.375,2.18,74.45,104.23,262,289
PB304L-CX300T1-3/8S10,"10""",300,304L,"1-3/8""",1.375,6.01,77.77,108.88,689,758
PB316L-CX300T1-3/8S10,"10""",300,316L,"1-3/8""",1.375,7.48,78.66,110.12,859,945
PBAL6061-CX300T1-3/8S10,"10""",300,AL-6061,"1-3/8""",1.375,5.1,26.23,36.72,222,245
PB304-CX300T1-1/2S10,"10""",300,304,"1-1/2""",1.5,5.55,84.84,118.78,694,764
PBSA36-CX300T1-1/2S10,"10""",300,SA-36,"1-1/2""",1.5,1.87,81.22,113.71,247,272
PBSA516-70-CX300T1-1/2S10,"10""",300,SA-516-70,"1-1/2""",1.5,2.18,81.22,113.71,283,312
PB304L-CX300T1-1/2S10,"10""",300,304L,"1-1/2""",1.5,6.01,84.84,118.78,749,824
PB316L-CX300T1-1/2S10,"10""",300,316L,"1-1/2""",1.5,7.48,85.81,120.13,933,1027
PBAL6061-CX300T1-1/2S10,"10""",300,AL-6061,"1-1/2""",1.5,5.1,28.62,40.07,239,263
PB304-CX300T1-5/8S10,"10""",300,304,"1-5/8""",1.625,5.55,91.92,128.69,749,824
PBSA36-CX300T1-5/8S10,"10""",300,SA-36,"1-5/8""",1.625,1.87,87.98,123.17,265,292
PBSA516-70-CX300T1-5/8S10,"10""",300,SA-516-70,"1-5/8""",1.625,2.18,87.98,123.17,303,334
PB304L-CX300T1-5/8S10,"10""",300,304L,"1-5/8""",1.625,6.01,91.92,128.69,808,889
PB316L-CX300T1-5/8S10,"10""",300,316L,"1-5/8""",1.625,7.48,92.96,130.14,1008,1109
PBAL6061-CX300T1-5/8S10,"10""",300,AL-6061,"1-5/8""",1.625,5.1,31,43.4,256,282
PB304-CX300T1-3/4S10,"10""",300,304,"1-3/4""",1.75,5.55,98.99,138.59,804,885
PBSA36-CX300T1-3/4S10,"10""",300,SA-36,"1-3/4""",1.75,1.87,94.75,132.65,283,312
PBSA516-70-CX300T1-3/4S10,"10""",300,SA-516-70,"1-3/4""",1.75,2.18,94.75,132.65,324,357
PB304L-CX300T1-3/4S10,"10""",300,304L,"1-3/4""",1.75,6.01,98.99,138.59,868,955
PB316L-CX300T1-3/4S10,"10""",300,316L,"1-3/4""",1.75,7.48,100.11,140.15,1083,1192
PBAL6061-CX300T1-3/4S10,"10""",300,AL-6061,"1-3/4""",1.75,5.1,33.39,46.75,273,301
PB304-CX300T1-7/8S10,"10""",300,304,"1-7/8""",1.875,5.55,106.06,148.48,859,945
PBSA36-CX300T1-7/8S10,"10""",300,SA-36,"1-7/8""",1.875,1.87,101.52,142.13,301,332
PBSA516-70-CX300T1-7/8S10,"10""",300,SA-516-70,"1-7/8""",1.875,2.18,101.52,142.13,345,380
PB304L-CX300T1-7/8S10,"10""",300,304L,"1-7/8""",1.875,6.01,106.06,148.48,927,1020
PB316L-CX300T1-7/8S10,"10""",300,316L,"1-7/8""",1.875,7.48,107.26,150.16,1158,1274
PBAL6061-CX300T1-7/8S10,"10""",300,AL-6061,"1-7/8""",1.875,5.1,35.77,50.08,290,319
PB304-CX300T2S10,"10""",300,304,"2""",2,5.55,113.13,158.38,914,1006
PBSA36-CX300T2S10,"10""",300,SA-36,"2""",2,1.87,108.29,151.61,318,350
PBSA516-70-CX300T2S10,"10""",300,SA-516-70,"2""",2,2.18,108.29,151.61,365,402
PB304L-CX300T2S10,"10""",300,304L,"2""",2,6.01,113.13,158.38,987,1086
PB316L-CX300T2S10,"10""",300,316L,"2""",2,7.48,114.41,160.17,1233,1357
PBAL6061-CX300T2S10,"10""",300,AL-6061,"2""",2,5.1,38.16,53.42,307,338
PB304-CX300T2-1/4S10,"10""",300,304,"2-1/4""",2.25,5.55,127.27,178.18,1024,1127
PBSA36-CX300T2-1/4S10,"10""",300,SA-36,"2-1/4""",2.25,1.87,121.82,170.55,354,390
PBSA516-70-CX300T2-1/4S10,"10""",300,SA-516-70,"2-1/4""",2.25,2.18,121.82,170.55,407,448
PB304L-CX300T2-1/4S10,"10""",300,304L,"2-1/4""",2.25,6.01,127.27,178.18,1106,1217
PB316L-CX300T2-1/4S10,"10""",300,316L,"2-1/4""",2.25,7.48,128.71,180.19,1383,1522
PBAL6061-CX300T2-1/4S10,"10""",300,AL-6061,"2-1/4""",2.25,5.1,42.92,60.09,341,376
PB304-CX300T2-1/2S10,"10""",300,304,"2-1/2""",2.5,5.55,141.41,197.97,1134,1248
PBSA36-CX300T2-1/2S10,"10""",300,SA-36,"2-1/2""",2.5,1.87,135.36,189.5,389,428
PBSA516-70-CX300T2-1/2S10,"10""",300,SA-516-70,"2-1/2""",2.5,2.18,135.36,189.5,448,493
PB304L-CX300T2-1/2S10,"10""",300,304L,"2-1/2""",2.5,6.01,141.41,197.97,1225,1348
PB316L-CX300T2-1/2S10,"10""",300,316L,"2-1/2""",2.5,7.48,143.02,200.23,1533,1687
PBAL6061-CX300T2-1/2S10,"10""",300,AL-6061,"2-1/2""",2.5,5.1,47.69,66.77,375,413
PB304-CX300T3S10,"10""",300,304,"3""",3,5.55,169.69,237.57,1353,1489
PBSA36-CX300T3S10,"10""",300,SA-36,"3""",3,1.87,162.43,227.4,460,507
PBSA516-70-CX300T3S10,"10""",300,SA-516-70,"3""",3,2.18,162.43,227.4,531,585
PB304L-CX300T3S10,"10""",300,304L,"3""",3,6.01,169.69,237.57,1463,1610
PB316L-CX300T3S10,"10""",300,316L,"3""",3,7.48,171.62,240.27,1832,2016
PBAL6061-CX300T3S10,"10""",300,AL-6061,"3""",3,5.1,57.23,80.12,443,488
PB304-CX300T11GAS12,"12""",300,304,11 Gauge,0.1196,5.55,9.18,12.85,109,120
PBSA36-CX300T11GAS12,"12""",300,SA-36,11 Gauge,0.1196,1.87,8.79,12.31,60,66
PBSA516-70-CX300T11GAS12,"12""",300,SA-516-70,11 Gauge,0.1196,2.18,8.79,12.31,64,71
PB304L-CX300T11GAS12,"12""",300,304L,11 Gauge,0.1196,6.01,9.18,12.85,115,127
PB316L-CX300T11GAS12,"12""",300,316L,11 Gauge,0.1196,7.48,9.29,13.01,135,149
PBAL6061-CX300T11GAS12,"12""",300,AL-6061,11 Gauge,0.1196,5.1,3.1,4.34,59,65
PB304-CX300T1/8S12,"12""",300,304,"1/8""",0.125,5.55,9.6,13.44,112,124
PBSA36-CX300T1/8S12,"12""",300,SA-36,"1/8""",0.125,1.87,9.19,12.87,61,68
PBSA516-70-CX300T1/8S12,"12""",300,SA-516-70,"1/8""",0.125,2.18,9.19,12.87,65,72
PB304L-CX300T1/8S12,"12""",300,304L,"1/8""",0.125,6.01,9.6,13.44,118,130
PB316L-CX300T1/8S12,"12""",300,316L,"1/8""",0.125,7.48,9.71,13.59,139,153
PBAL6061-CX300T1/8S12,"12""",300,AL-6061,"1/8""",0.125,5.1,3.24,4.54,61,68
PB304-CX300T3/16S12,"12""",300,304,"3/16""",0.1875,5.55,14.4,20.16,149,164
PBSA36-CX300T3/16S12,"12""",300,SA-36,"3/16""",0.1875,1.87,13.78,19.29,73,81
PBSA516-70-CX300T3/16S12,"12""",300,SA-516-70,"3/16""",0.1875,2.18,13.78,19.29,79,87
PB304L-CX300T3/16S12,"12""",300,304L,"3/16""",0.1875,6.01,14.4,20.16,159,175
PB316L-CX300T3/16S12,"12""",300,316L,"3/16""",0.1875,7.48,14.56,20.38,190,210
PBAL6061-CX300T3/16S12,"12""",300,AL-6061,"3/16""",0.1875,5.1,4.86,6.8,72,80
PB304-CX300T1/4S12,"12""",300,304,"1/4""",0.25,5.55,19.2,26.88,187,206
PBSA36-CX300T1/4S12,"12""",300,SA-36,"1/4""",0.25,1.87,18.38,25.73,85,94
PBSA516-70-CX300T1/4S12,"12""",300,SA-516-70,"1/4""",0.25,2.18,18.38,25.73,93,103
PB304L-CX300T1/4S12,"12""",300,304L,"1/4""",0.25,6.01,19.2,26.88,199,219
PB316L-CX300T1/4S12,"12""",300,316L,"1/4""",0.25,7.48,19.42,27.19,241,266
PBAL6061-CX300T1/4S12,"12""",300,AL-6061,"1/4""",0.25,5.1,6.48,9.07,84,93
PB304-CX300T5/16S12,"12""",300,304,"5/16""",0.3125,5.55,24,33.6,224,247
PBSA36-CX300T5/16S12,"12""",300,SA-36,"5/16""",0.3125,1.87,22.97,32.16,98,108
PBSA516-70-CX300T5/16S12,"12""",300,SA-516-70,"5/16""",0.3125,2.18,22.97,32.16,107,118
PB304L-CX300T5/16S12,"12""",300,304L,"5/16""",0.3125,6.01,24,33.6,239,263
PB316L-CX300T5/16S12,"12""",300,316L,"5/16""",0.3125,7.48,24.27,33.98,292,322
PBAL6061-CX300T5/16S12,"12""",300,AL-6061,"5/16""",0.3125,5.1,8.09,11.33,95,105
PB304-CX300T3/8S12,"12""",300,304,"3/8""",0.375,5.55,28.8,40.32,261,288
PBSA36-CX300T3/8S12,"12""",300,SA-36,"3/8""",0.375,1.87,27.57,38.6,110,122
PBSA516-70-CX300T3/8S12,"12""",300,SA-516-70,"3/8""",0.375,2.18,27.57,38.6,122,135
PB304L-CX300T3/8S12,"12""",300,304L,"3/8""",0.375,6.01,28.8,40.32,280,308
PB316L-CX300T3/8S12,"12""",300,316L,"3/8""",0.375,7.48,29.13,40.78,342,377
PBAL6061-CX300T3/8S12,"12""",300,AL-6061,"3/8""",0.375,5.1,9.71,13.59,107,118
PB304-CX300T1/2S12,"12""",300,304,"1/2""",0.5,5.55,38.4,53.76,336,370
PBSA36-CX300T1/2S12,"12""",300,SA-36,"1/2""",0.5,1.87,36.76,51.46,134,148
PBSA516-70-CX300T1/2S12,"12""",300,SA-516-70,"1/2""",0.5,2.18,36.76,51.46,150,165
PB304L-CX300T1/2S12,"12""",300,304L,"1/2""",0.5,6.01,38.4,53.76,360,397
PB316L-CX300T1/2S12,"12""",300,316L,"1/2""",0.5,7.48,38.83,54.36,444,489
PBAL6061-CX300T1/2S12,"12""",300,AL-6061,"1/2""",0.5,5.1,12.95,18.13,130,143
PB304-CX300T5/8S12,"12""",300,304,"5/8""",0.625,5.55,48,67.2,410,452
PBSA36-CX300T5/8S12,"12""",300,SA-36,"5/8""",0.625,1.87,45.94,64.32,158,174
PBSA516-70-CX300T5/8S12,"12""",300,SA-516-70,"5/8""",0.625,2.18,45.94,64.32,178,196
PB304L-CX300T5/8S12,"12""",300,304L,"5/8""",0.625,6.01,48,67.2,441,486
PB316L-CX300T5/8S12,"12""",300,316L,"5/8""",0.625,7.48,48.54,67.96,546,601
PBAL6061-CX300T5/8S12,"12""",300,AL-6061,"5/8""",0.625,5.1,16.19,22.67,153,169
PB304-CX300T3/4S12,"12""",300,304,"3/4""",0.75,5.55,57.6,80.64,485,534
PBSA36-CX300T3/4S12,"12""",300,SA-36,"3/4""",0.75,1.87,55.13,77.18,182,201
PBSA516-70-CX300T3/4S12,"12""",300,SA-516-70,"3/4""",0.75,2.18,55.13,77.18,206,227
PB304L-CX300T3/4S12,"12""",300,304L,"3/4""",0.75,6.01,57.6,80.64,522,575
PB316L-CX300T3/4S12,"12""",300,316L,"3/4""",0.75,7.48,58.25,81.55,647,712
PBAL6061-CX300T3/4S12,"12""",300,AL-6061,"3/4""",0.75,5.1,19.43,27.2,176,194
PB304-CX300T7/8S12,"12""",300,304,"7/8""",0.875,5.55,67.2,94.08,560,616
PBSA36-CX300T7/8S12,"12""",300,SA-36,"7/8""",0.875,1.87,64.32,90.05,206,227
PBSA516-70-CX300T7/8S12,"12""",300,SA-516-70,"7/8""",0.875,2.18,64.32,90.05,234,258
PB304L-CX300T7/8S12,"12""",300,304L,"7/8""",0.875,6.01,67.2,94.08,603,664
PB316L-CX300T7/8S12,"12""",300,316L,"7/8""",0.875,7.48,67.96,95.14,749,824
PBAL6061-CX300T7/8S12,"12""",300,AL-6061,"7/8""",0.875,5.1,22.66,31.72,199,219
PB304-CX300T1S12,"12""",300,304,"1""",1,5.55,76.8,107.52,634,698
PBSA36-CX300T1S12,"12""",300,SA-36,"1""",1,1.87,73.51,102.91,230,254
PBSA516-70-CX300T1S12,"12""",300,SA-516-70,"1""",1,2.18,73.51,102.91,262,289
PB304L-CX300T1S12,"12""",300,304L,"1""",1,6.01,76.8,107.52,684,753
PB316L-CX300T1S12,"12""",300,316L,"1""",1,7.48,77.67,108.74,851,937
PBAL6061-CX300T1S12,"12""",300,AL-6061,"1""",1,5.1,25.9,36.26,222,245
PB304-CX300T1-1/8S12,"12""",300,304,"1-1/8""",1.125,5.55,86.4,120.96,709,780
PBSA36-CX300T1-1/8S12,"12""",300,SA-36,"1-1/8""",1.125,1.87,82.7,115.78,254,280
PBSA516-70-CX300T1-1/8S12,"12""",300,SA-516-70,"1-1/8""",1.125,2.18,82.7,115.78,290,319
PB304L-CX300T1-1/8S12,"12""",300,304L,"1-1/8""",1.125,6.01,86.4,120.96,764,841
PB316L-CX300T1-1/8S12,"12""",300,316L,"1-1/8""",1.125,7.48,87.38,122.33,952,1048
PBAL6061-CX300T1-1/8S12,"12""",300,AL-6061,"1-1/8""",1.125,5.1,29.14,40.8,245,270
PB304-CX300T1-1/4S12,"12""",300,304,"1-1/4""",1.25,5.55,96,134.4,783,862
PBSA36-CX300T1-1/4S12,"12""",300,SA-36,"1-1/4""",1.25,1.87,91.89,128.65,278,306
PBSA516-70-CX300T1-1/4S12,"12""",300,SA-516-70,"1-1/4""",1.25,2.18,91.89,128.65,318,350
PB304L-CX300T1-1/4S12,"12""",300,304L,"1-1/4""",1.25,6.01,96,134.4,845,930
PB316L-CX300T1-1/4S12,"12""",300,316L,"1-1/4""",1.25,7.48,97.09,135.93,1054,1160
PBAL6061-CX300T1-1/4S12,"12""",300,AL-6061,"1-1/4""",1.25,5.1,32.38,45.33,269,296
PB304-CX300T1-3/8S12,"12""",300,304,"1-3/8""",1.375,5.55,105.6,147.84,858,944
PBSA36-CX300T1-3/8S12,"12""",300,SA-36,"1-3/8""",1.375,1.87,101.08,141.51,302,333
PBSA516-70-CX300T1-3/8S12,"12""",300,SA-516-70,"1-3/8""",1.375,2.18,101.08,141.51,346,381
PB304L-CX300T1-3/8S12,"12""",300,304L,"1-3/8""",1.375,6.01,105.6,147.84,926,1019
PB316L-CX300T1-3/8S12,"12""",300,316L,"1-3/8""",1.375,7.48,106.8,149.52,1156,1272
PBAL6061-CX300T1-3/8S12,"12""",300,AL-6061,"1-3/8""",1.375,5.1,35.62,49.87,292,322
PB304-CX300T1-1/2S12,"12""",300,304,"1-1/2""",1.5,5.55,115.2,161.28,932,1026
PBSA36-CX300T1-1/2S12,"12""",300,SA-36,"1-1/2""",1.5,1.87,110.27,154.38,326,359
PBSA516-70-CX300T1-1/2S12,"12""",300,SA-516-70,"1-1/2""",1.5,2.18,110.27,154.38,374,412
PB304L-CX300T1-1/2S12,"12""",300,304L,"1-1/2""",1.5,6.01,115.2,161.28,1007,1108
PB316L-CX300T1-1/2S12,"12""",300,316L,"1-1/2""",1.5,7.48,116.5,163.1,1257,1383
PBAL6061-CX300T1-1/2S12,"12""",300,AL-6061,"1-1/2""",1.5,5.1,38.85,54.39,315,347
PB304-CX300T1-5/8S12,"12""",300,304,"1-5/8""",1.625,5.55,124.79,174.71,1007,1108
PBSA36-CX300T1-5/8S12,"12""",300,SA-36,"1-5/8""",1.625,1.87,119.46,167.24,350,386
PBSA516-70-CX300T1-5/8S12,"12""",300,SA-516-70,"1-5/8""",1.625,2.18,119.46,167.24,402,443
PB304L-CX300T1-5/8S12,"12""",300,304L,"1-5/8""",1.625,6.01,124.79,174.71,1087,1196
PB316L-CX300T1-5/8S12,"12""",300,316L,"1-5/8""",1.625,7.48,126.21,176.69,1359,1495
PBAL6061-CX300T1-5/8S12,"12""",300,AL-6061,"1-5/8""",1.625,5.1,42.09,58.93,338,372
PB304-CX300T1-3/4S12,"12""",300,304,"1-3/4""",1.75,5.55,134.39,188.15,1082,1191
PBSA36-CX300T1-3/4S12,"12""",300,SA-36,"1-3/4""",1.75,1.87,128.65,180.11,374,412
PBSA516-70-CX300T1-3/4S12,"12""",300,SA-516-70,"1-3/4""",1.75,2.18,128.65,180.11,430,474
PB304L-CX300T1-3/4S12,"12""",300,304L,"1-3/4""",1.75,6.01,134.39,188.15,1168,1285
PB316L-CX300T1-3/4S12,"12""",300,316L,"1-3/4""",1.75,7.48,135.92,190.29,1461,1608
PBAL6061-CX300T1-3/4S12,"12""",300,AL-6061,"1-3/4""",1.75,5.1,45.33,63.46,361,398
PB304-CX300T1-7/8S12,"12""",300,304,"1-7/8""",1.875,5.55,143.99,201.59,1156,1272
PBSA36-CX300T1-7/8S12,"12""",300,SA-36,"1-7/8""",1.875,1.87,137.83,192.96,398,438
PBSA516-70-CX300T1-7/8S12,"12""",300,SA-516-70,"1-7/8""",1.875,2.18,137.83,192.96,458,504
PB304L-CX300T1-7/8S12,"12""",300,304L,"1-7/8""",1.875,6.01,143.99,201.59,1249,1374
PB316L-CX300T1-7/8S12,"12""",300,316L,"1-7/8""",1.875,7.48,145.63,203.88,1562,1719
PBAL6061-CX300T1-7/8S12,"12""",300,AL-6061,"1-7/8""",1.875,5.1,48.57,68,384,423
PB304-CX300T2S12,"12""",300,304,"2""",2,5.55,153.59,215.03,1231,1355
PBSA36-CX300T2S12,"12""",300,SA-36,"2""",2,1.87,147.02,205.83,422,465
PBSA516-70-CX300T2S12,"12""",300,SA-516-70,"2""",2,2.18,147.02,205.83,486,535
PB304L-CX300T2S12,"12""",300,304L,"2""",2,6.01,153.59,215.03,1330,1464
PB316L-CX300T2S12,"12""",300,316L,"2""",2,7.48,155.34,217.48,1664,1831
PBAL6061-CX300T2S12,"12""",300,AL-6061,"2""",2,5.1,51.8,72.52,407,448
PB304-CX300T2-1/4S12,"12""",300,304,"2-1/4""",2.25,5.55,172.79,241.91,1380,1519
PBSA36-CX300T2-1/4S12,"12""",300,SA-36,"2-1/4""",2.25,1.87,165.4,231.56,470,517
PBSA516-70-CX300T2-1/4S12,"12""",300,SA-516-70,"2-1/4""",2.25,2.18,165.4,231.56,542,597
PB304L-CX300T2-1/4S12,"12""",300,304L,"2-1/4""",2.25,6.01,172.79,241.91,1491,1641
PB316L-CX300T2-1/4S12,"12""",300,316L,"2-1/4""",2.25,7.48,174.76,244.66,1867,2054
PBAL6061-CX300T2-1/4S12,"12""",300,AL-6061,"2-1/4""",2.25,5.1,58.28,81.59,453,499
PB304-CX300T2-1/2S12,"12""",300,304,"2-1/2""",2.5,5.55,191.99,268.79,1529,1682
PBSA36-CX300T2-1/2S12,"12""",300,SA-36,"2-1/2""",2.5,1.87,183.78,257.29,518,570
PBSA516-70-CX300T2-1/2S12,"12""",300,SA-516-70,"2-1/2""",2.5,2.18,183.78,257.29,598,658
PB304L-CX300T2-1/2S12,"12""",300,304L,"2-1/2""",2.5,6.01,191.99,268.79,1653,1819
PB316L-CX300T2-1/2S12,"12""",300,316L,"2-1/2""",2.5,7.48,194.17,271.84,2071,2279
PBAL6061-CX300T2-1/2S12,"12""",300,AL-6061,"2-1/2""",2.5,5.1,64.75,90.65,500,550
PB304-CX300T3S12,"12""",300,304,"3""",3,5.55,230.39,322.55,1828,2011
PBSA36-CX300T3S12,"12""",300,SA-36,"3""",3,1.87,220.54,308.76,615,677
PBSA516-70-CX300T3S12,"12""",300,SA-516-70,"3""",3,2.18,220.54,308.76,710,782
PB304L-CX300T3S12,"12""",300,304L,"3""",3,6.01,230.39,322.55,1976,2174
PB316L-CX300T3S12,"12""",300,316L,"3""",3,7.48,233.01,326.21,2477,2725
PBAL6061-CX300T3S12,"12""",300,AL-6061,"3""",3,5.1,77.71,108.79,592,652
PB304-CX300T11GAS14,"14""",300,304,11 Gauge,0.1196,5.55,12.11,16.95,135,149
PBSA36-CX300T11GAS14,"14""",300,SA-36,11 Gauge,0.1196,1.87,11.59,16.23,71,79
PBSA516-70-CX300T11GAS14,"14""",300,SA-516-70,11 Gauge,0.1196,2.18,11.59,16.23,76,84
PB304L-CX300T11GAS14,"14""",300,304L,11 Gauge,0.1196,6.01,12.11,16.95,143,158
PB316L-CX300T11GAS14,"14""",300,316L,11 Gauge,0.1196,7.48,12.25,17.15,169,186
PBAL6061-CX300T11GAS14,"14""",300,AL-6061,11 Gauge,0.1196,5.1,4.08,5.71,70,77
PB304-CX300T1/8S14,"14""",300,304,"1/8""",0.125,5.55,12.66,17.72,139,153
PBSA36-CX300T1/8S14,"14""",300,SA-36,"1/8""",0.125,1.87,12.11,16.95,72,80
PBSA516-70-CX300T1/8S14,"14""",300,SA-516-70,"1/8""",0.125,2.18,12.11,16.95,78,86
PB304L-CX300T1/8S14,"14""",300,304L,"1/8""",0.125,6.01,12.66,17.72,147,162
PB316L-CX300T1/8S14,"14""",300,316L,"1/8""",0.125,7.48,12.8,17.92,175,193
PBAL6061-CX300T1/8S14,"14""",300,AL-6061,"1/8""",0.125,5.1,4.27,5.98,71,79
PB304-CX300T3/16S14,"14""",300,304,"3/16""",0.1875,5.55,18.98,26.57,188,207
PBSA36-CX300T3/16S14,"14""",300,SA-36,"3/16""",0.1875,1.87,18.17,25.44,88,97
PBSA516-70-CX300T3/16S14,"14""",300,SA-516-70,"3/16""",0.1875,2.18,18.17,25.44,96,106
PB304L-CX300T3/16S14,"14""",300,304L,"3/16""",0.1875,6.01,18.98,26.57,200,221
PB316L-CX300T3/16S14,"14""",300,316L,"3/16""",0.1875,7.48,19.2,26.88,242,267
PBAL6061-CX300T3/16S14,"14""",300,AL-6061,"3/16""",0.1875,5.1,6.4,8.96,86,95
PB304-CX300T1/4S14,"14""",300,304,"1/4""",0.25,5.55,25.31,35.43,237,261
PBSA36-CX300T1/4S14,"14""",300,SA-36,"1/4""",0.25,1.87,24.23,33.92,104,115
PBSA516-70-CX300T1/4S14,"14""",300,SA-516-70,"1/4""",0.25,2.18,24.23,33.92,115,127
PB304L-CX300T1/4S14,"14""",300,304L,"1/4""",0.25,6.01,25.31,35.43,254,280
PB316L-CX300T1/4S14,"14""",300,316L,"1/4""",0.25,7.48,25.6,35.84,309,340
PBAL6061-CX300T1/4S14,"14""",300,AL-6061,"1/4""",0.25,5.1,8.54,11.96,102,113
PB304-CX300T5/16S14,"14""",300,304,"5/16""",0.3125,5.55,31.64,44.3,287,316
PBSA36-CX300T5/16S14,"14""",300,SA-36,"5/16""",0.3125,1.87,30.29,42.41,120,132
PBSA516-70-CX300T5/16S14,"14""",300,SA-516-70,"5/16""",0.3125,2.18,30.29,42.41,133,147
PB304L-CX300T5/16S14,"14""",300,304L,"5/16""",0.3125,6.01,31.64,44.3,307,338
PB316L-CX300T5/16S14,"14""",300,316L,"5/16""",0.3125,7.48,32,44.8,376,414
PBAL6061-CX300T5/16S14,"14""",300,AL-6061,"5/16""",0.3125,5.1,10.67,14.94,117,129
PB304-CX300T3/8S14,"14""",300,304,"3/8""",0.375,5.55,37.97,53.16,336,370
PBSA36-CX300T3/8S14,"14""",300,SA-36,"3/8""",0.375,1.87,36.34,50.88,136,150
PBSA516-70-CX300T3/8S14,"14""",300,SA-516-70,"3/8""",0.375,2.18,36.34,50.88,152,168
PB304L-CX300T3/8S14,"14""",300,304L,"3/8""",0.375,6.01,37.97,53.16,360,397
PB316L-CX300T3/8S14,"14""",300,316L,"3/8""",0.375,7.48,38.4,53.76,443,488
PBAL6061-CX300T3/8S14,"14""",300,AL-6061,"3/8""",0.375,5.1,12.81,17.93,132,146
PB304-CX300T1/2S14,"14""",300,304,"1/2""",0.5,5.55,50.62,70.87,434,478
PBSA36-CX300T1/2S14,"14""",300,SA-36,"1/2""",0.5,1.87,48.46,67.84,168,185
PBSA516-70-CX300T1/2S14,"14""",300,SA-516-70,"1/2""",0.5,2.18,48.46,67.84,189,208
PB304L-CX300T1/2S14,"14""",300,304L,"1/2""",0.5,6.01,50.62,70.87,467,514
PB316L-CX300T1/2S14,"14""",300,316L,"1/2""",0.5,7.48,51.2,71.68,577,635
PBAL6061-CX300T1/2S14,"14""",300,AL-6061,"1/2""",0.5,5.1,17.07,23.9,163,180
PB304-CX300T5/8S14,"14""",300,304,"5/8""",0.625,5.55,63.28,88.59,532,586
PBSA36-CX300T5/8S14,"14""",300,SA-36,"5/8""",0.625,1.87,60.57,84.8,199,219
PBSA516-70-CX300T5/8S14,"14""",300,SA-516-70,"5/8""",0.625,2.18,60.57,84.8,226,249
PB304L-CX300T5/8S14,"14""",300,304L,"5/8""",0.625,6.01,63.28,88.59,573,631
PB316L-CX300T5/8S14,"14""",300,316L,"5/8""",0.625,7.48,64,89.6,711,783
PBAL6061-CX300T5/8S14,"14""",300,AL-6061,"5/8""",0.625,5.1,21.34,29.88,193,213
PB304-CX300T3/4S14,"14""",300,304,"3/4""",0.75,5.55,75.93,106.3,631,695
PBSA36-CX300T3/4S14,"14""",300,SA-36,"3/4""",0.75,1.87,72.69,101.77,231,255
PBSA516-70-CX300T3/4S14,"14""",300,SA-516-70,"3/4""",0.75,2.18,72.69,101.77,263,290
PB304L-CX300T3/4S14,"14""",300,304L,"3/4""",0.75,6.01,75.93,106.3,680,749
PB316L-CX300T3/4S14,"14""",300,316L,"3/4""",0.75,7.48,76.8,107.52,845,930
PBAL6061-CX300T3/4S14,"14""",300,AL-6061,"3/4""",0.75,5.1,25.61,35.85,224,247
PB304-CX300T7/8S14,"14""",300,304,"7/8""",0.875,5.55,88.59,124.03,729,802
PBSA36-CX300T7/8S14,"14""",300,SA-36,"7/8""",0.875,1.87,84.8,118.72,263,290
PBSA516-70-CX300T7/8S14,"14""",300,SA-516-70,"7/8""",0.875,2.18,84.8,118.72,300,330
PB304L-CX300T7/8S14,"14""",300,304L,"7/8""",0.875,6.01,88.59,124.03,786,865
PB316L-CX300T7/8S14,"14""",300,316L,"7/8""",0.875,7.48,89.6,125.44,979,1077
PBAL6061-CX300T7/8S14,"14""",300,AL-6061,"7/8""",0.875,5.1,29.88,41.83,254,280
PB304-CX300T1S14,"14""",300,304,"1""",1,5.55,101.25,141.75,827,910
PBSA36-CX300T1S14,"14""",300,SA-36,"1""",1,1.87,96.91,135.67,294,324
PBSA516-70-CX300T1S14,"14""",300,SA-516-70,"1""",1,2.18,96.91,135.67,336,370
PB304L-CX300T1S14,"14""",300,304L,"1""",1,6.01,101.25,141.75,893,983
PB316L-CX300T1S14,"14""",300,316L,"1""",1,7.48,102.4,143.36,1113,1225
PBAL6061-CX300T1S14,"14""",300,AL-6061,"1""",1,5.1,34.15,47.81,285,314
PB304-CX300T1-1/8S14,"14""",300,304,"1-1/8""",1.125,5.55,113.9,159.46,926,1019
PBSA36-CX300T1-1/8S14,"14""",300,SA-36,"1-1/8""",1.125,1.87,109.03,152.64,326,359
PBSA516-70-CX300T1-1/8S14,"14""",300,SA-516-70,"1-1/8""",1.125,2.18,109.03,152.64,373,411
PB304L-CX300T1-1/8S14,"14""",300,304L,"1-1/8""",1.125,6.01,113.9,159.46,999,1099
PB316L-CX300T1-1/8S14,"14""",300,316L,"1-1/8""",1.125,7.48,115.2,161.28,1247,1372
PBAL6061-CX300T1-1/8S14,"14""",300,AL-6061,"1-1/8""",1.125,5.1,38.42,53.79,315,347
PB304-CX300T1-1/4S14,"14""",300,304,"1-1/4""",1.25,5.55,126.56,177.18,1024,1127
PBSA36-CX300T1-1/4S14,"14""",300,SA-36,"1-1/4""",1.25,1.87,121.14,169.6,358,394
PBSA516-70-CX300T1-1/4S14,"14""",300,SA-516-70,"1-1/4""",1.25,2.18,121.14,169.6,410,452
PB304L-CX300T1-1/4S14,"14""",300,304L,"1-1/4""",1.25,6.01,126.56,177.18,1106,1217
PB316L-CX300T1-1/4S14,"14""",300,316L,"1-1/4""",1.25,7.48,128,179.2,1381,1520
PBAL6061-CX300T1-1/4S14,"14""",300,AL-6061,"1-1/4""",1.25,5.1,42.68,59.75,345,380
PB304-CX300T1-3/8S14,"14""",300,304,"1-3/8""",1.375,5.55,139.21,194.89,1122,1235
PBSA36-CX300T1-3/8S14,"14""",300,SA-36,"1-3/8""",1.375,1.87,133.26,186.56,390,430
PBSA516-70-CX300T1-3/8S14,"14""",300,SA-516-70,"1-3/8""",1.375,2.18,133.26,186.56,447,492
PB304L-CX300T1-3/8S14,"14""",300,304L,"1-3/8""",1.375,6.01,139.21,194.89,1212,1334
PB316L-CX300T1-3/8S14,"14""",300,316L,"1-3/8""",1.375,7.48,140.79,197.11,1515,1667
PBAL6061-CX300T1-3/8S14,"14""",300,AL-6061,"1-3/8""",1.375,5.1,46.95,65.73,376,414
PB304-CX300T1-1/2S14,"14""",300,304,"1-1/2""",1.5,5.55,151.87,212.62,1221,1344
PBSA36-CX300T1-1/2S14,"14""",300,SA-36,"1-1/2""",1.5,1.87,145.37,203.52,421,464
PBSA516-70-CX300T1-1/2S14,"14""",300,SA-516-70,"1-1/2""",1.5,2.18,145.37,203.52,484,533
PB304L-CX300T1-1/2S14,"14""",300,304L,"1-1/2""",1.5,6.01,151.87,212.62,1319,1451
PB316L-CX300T1-1/2S14,"14""",300,316L,"1-1/2""",1.5,7.48,153.59,215.03,1649,1814
PBAL6061-CX300T1-1/2S14,"14""",300,AL-6061,"1-1/2""",1.5,5.1,51.22,71.71,406,447
PB304-CX300T1-5/8S14,"14""",300,304,"1-5/8""",1.625,5.55,164.52,230.33,1319,1451
PBSA36-CX300T1-5/8S14,"14""",300,SA-36,"1-5/8""",1.625,1.87,157.49,220.49,453,499
PBSA516-70-CX300T1-5/8S14,"14""",300,SA-516-70,"1-5/8""",1.625,2.18,157.49,220.49,521,574
PB304L-CX300T1-5/8S14,"14""",300,304L,"1-5/8""",1.625,6.01,164.52,230.33,1425,1568
PB316L-CX300T1-5/8S14,"14""",300,316L,"1-5/8""",1.625,7.48,166.39,232.95,1783,1962
PBAL6061-CX300T1-5/8S14,"14""",300,AL-6061,"1-5/8""",1.625,5.1,55.49,77.69,437,481
PB304-CX300T1-3/4S14,"14""",300,304,"1-3/4""",1.75,5.55,177.18,248.05,1417,1559
PBSA36-CX300T1-3/4S14,"14""",300,SA-36,"1-3/4""",1.75,1.87,169.6,237.44,485,534
PBSA516-70-CX300T1-3/4S14,"14""",300,SA-516-70,"1-3/4""",1.75,2.18,169.6,237.44,558,614
PB304L-CX300T1-3/4S14,"14""",300,304L,"1-3/4""",1.75,6.01,177.18,248.05,1531,1685
PB316L-CX300T1-3/4S14,"14""",300,316L,"1-3/4""",1.75,7.48,179.19,250.87,1917,2109
PBAL6061-CX300T1-3/4S14,"14""",300,AL-6061,"1-3/4""",1.75,5.1,59.76,83.66,467,514
PB304-CX300T1-7/8S14,"14""",300,304,"1-7/8""",1.875,5.55,189.83,265.76,1516,1668
PBSA36-CX300T1-7/8S14,"14""",300,SA-36,"1-7/8""",1.875,1.87,181.71,254.39,516,568
PBSA516-70-CX300T1-7/8S14,"14""",300,SA-516-70,"1-7/8""",1.875,2.18,181.71,254.39,595,655
PB304L-CX300T1-7/8S14,"14""",300,304L,"1-7/8""",1.875,6.01,189.83,265.76,1638,1802
PB316L-CX300T1-7/8S14,"14""",300,316L,"1-7/8""",1.875,7.48,191.99,268.79,2051,2257
PBAL6061-CX300T1-7/8S14,"14""",300,AL-6061,"1-7/8""",1.875,5.1,64.03,89.64,498,548
PB304-CX300T2S14,"14""",300,304,"2""",2,5.55,202.49,283.49,1614,1776
PBSA36-CX300T2S14,"14""",300,SA-36,"2""",2,1.87,193.83,271.36,548,603
PBSA516-70-CX300T2S14,"14""",300,SA-516-70,"2""",2,2.18,193.83,271.36,632,696
PB304L-CX300T2S14,"14""",300,304L,"2""",2,6.01,202.49,283.49,1744,1919
PB316L-CX300T2S14,"14""",300,316L,"2""",2,7.48,204.79,286.71,2185,2404
PBAL6061-CX300T2S14,"14""",300,AL-6061,"2""",2,5.1,68.3,95.62,528,581
PB304-CX300T2-1/4S14,"14""",300,304,"2-1/4""",2.25,5.55,227.8,318.92,1811,1993
PBSA36-CX300T2-1/4S14,"14""",300,SA-36,"2-1/4""",2.25,1.87,218.06,305.28,612,674
PBSA516-70-CX300T2-1/4S14,"14""",300,SA-516-70,"2-1/4""",2.25,2.18,218.06,305.28,706,777
PB304L-CX300T2-1/4S14,"14""",300,304L,"2-1/4""",2.25,6.01,227.8,318.92,1957,2153
PB316L-CX300T2-1/4S14,"14""",300,316L,"2-1/4""",2.25,7.48,230.39,322.55,2453,2699
PBAL6061-CX300T2-1/4S14,"14""",300,AL-6061,"2-1/4""",2.25,5.1,76.83,107.56,589,648
PB304-CX300T2-1/2S14,"14""",300,304,"2-1/2""",2.5,5.55,253.11,354.35,2007,2208
PBSA36-CX300T2-1/2S14,"14""",300,SA-36,"2-1/2""",2.5,1.87,242.29,339.21,675,743
PBSA516-70-CX300T2-1/2S14,"14""",300,SA-516-70,"2-1/2""",2.5,2.18,242.29,339.21,780,859
PB304L-CX300T2-1/2S14,"14""",300,304L,"2-1/2""",2.5,6.01,253.11,354.35,2170,2387
PB316L-CX300T2-1/2S14,"14""",300,316L,"2-1/2""",2.5,7.48,255.99,358.39,2721,2994
PBAL6061-CX300T2-1/2S14,"14""",300,AL-6061,"2-1/2""",2.5,5.1,85.37,119.52,650,716
PB304-CX300T3S14,"14""",300,304,"3""",3,5.55,303.74,425.24,2401,2642
PBSA36-CX300T3S14,"14""",300,SA-36,"3""",3,1.87,290.74,407.04,802,883
PBSA516-70-CX300T3S14,"14""",300,SA-516-70,"3""",3,2.18,290.74,407.04,928,1021
PB304L-CX300T3S14,"14""",300,304L,"3""",3,6.01,303.74,425.24,2596,2856
PB316L-CX300T3S14,"14""",300,316L,"3""",3,7.48,307.19,430.07,3258,3584
PBAL6061-CX300T3S14,"14""",300,AL-6061,"3""",3,5.1,102.44,143.42,772,850
PB304-CX300T11GAS16,"16""",300,304,11 Gauge,0.1196,5.55,14.93,20.9,161,178
PBSA36-CX300T11GAS16,"16""",300,SA-36,11 Gauge,0.1196,1.87,14.3,20.02,82,91
PBSA516-70-CX300T11GAS16,"16""",300,SA-516-70,11 Gauge,0.1196,2.18,14.3,20.02,89,98
PB304L-CX300T11GAS16,"16""",300,304L,11 Gauge,0.1196,6.01,14.93,20.9,171,189
PB316L-CX300T11GAS16,"16""",300,316L,11 Gauge,0.1196,7.48,15.1,21.14,203,224
PBAL6061-CX300T11GAS16,"16""",300,AL-6061,11 Gauge,0.1196,5.1,5.04,7.06,81,90
PB304-CX300T1/8S16,"16""",300,304,"1/8""",0.125,5.55,15.61,21.85,166,183
PBSA36-CX300T1/8S16,"16""",300,SA-36,"1/8""",0.125,1.87,14.94,20.92,84,93
PBSA516-70-CX300T1/8S16,"16""",300,SA-516-70,"1/8""",0.125,2.18,14.94,20.92,91,101
PB304L-CX300T1/8S16,"16""",300,304L,"1/8""",0.125,6.01,15.61,21.85,176,194
PB316L-CX300T1/8S16,"16""",300,316L,"1/8""",0.125,7.48,15.79,22.11,210,232
PBAL6061-CX300T1/8S16,"16""",300,AL-6061,"1/8""",0.125,5.1,5.26,7.36,82,91
PB304-CX300T3/16S16,"16""",300,304,"3/16""",0.1875,5.55,23.41,32.77,227,250
PBSA36-CX300T3/16S16,"16""",300,SA-36,"3/16""",0.1875,1.87,22.41,31.37,104,115
PBSA516-70-CX300T3/16S16,"16""",300,SA-516-70,"3/16""",0.1875,2.18,22.41,31.37,113,125
PB304L-CX300T3/16S16,"16""",300,304L,"3/16""",0.1875,6.01,23.41,32.77,242,267
PB316L-CX300T3/16S16,"16""",300,316L,"3/16""",0.1875,7.48,23.68,33.15,293,323
PBAL6061-CX300T3/16S16,"16""",300,AL-6061,"3/16""",0.1875,5.1,7.9,11.06,101,112
PB304-CX300T1/4S16,"16""",300,304,"1/4""",0.25,5.55,31.22,43.71,287,316
PBSA36-CX300T1/4S16,"16""",300,SA-36,"1/4""",0.25,1.87,29.88,41.83,123,136
PBSA516-70-CX300T1/4S16,"16""",300,SA-516-70,"1/4""",0.25,2.18,29.88,41.83,136,150
PB304L-CX300T1/4S16,"16""",300,304L,"1/4""",0.25,6.01,31.22,43.71,308,339
PB316L-CX300T1/4S16,"16""",300,316L,"1/4""",0.25,7.48,31.57,44.2,376,414
PBAL6061-CX300T1/4S16,"16""",300,AL-6061,"1/4""",0.25,5.1,10.53,14.74,120,132
PB304-CX300T5/16S16,"16""",300,304,"5/16""",0.3125,5.55,39.02,54.63,348,383
PBSA36-CX300T5/16S16,"16""",300,SA-36,"5/16""",0.3125,1.87,37.35,52.29,143,158
PBSA516-70-CX300T5/16S16,"16""",300,SA-516-70,"5/16""",0.3125,2.18,37.35,52.29,159,175
PB304L-CX300T5/16S16,"16""",300,304L,"5/16""",0.3125,6.01,39.02,54.63,373,411
PB316L-CX300T5/16S16,"16""",300,316L,"5/16""",0.3125,7.48,39.47,55.26,458,504
PBAL6061-CX300T5/16S16,"16""",300,AL-6061,"5/16""",0.3125,5.1,13.16,18.42,139,153
PB304-CX300T3/8S16,"16""",300,304,"3/8""",0.375,5.55,46.83,65.56,409,450
PBSA36-CX300T3/8S16,"16""",300,SA-36,"3/8""",0.375,1.87,44.82,62.75,162,179
PBSA516-70-CX300T3/8S16,"16""",300,SA-516-70,"3/8""",0.375,2.18,44.82,62.75,182,201
PB304L-CX300T3/8S16,"16""",300,304L,"3/8""",0.375,6.01,46.83,65.56,439,483
PB316L-CX300T3/8S16,"16""",300,316L,"3/8""",0.375,7.48,47.36,66.3,541,596
PBAL6061-CX300T3/8S16,"16""",300,AL-6061,"3/8""",0.375,5.1,15.79,22.11,158,174
PB304-CX300T1/2S16,"16""",300,304,"1/2""",0.5,5.55,62.44,87.42,530,583
PBSA36-CX300T1/2S16,"16""",300,SA-36,"1/2""",0.5,1.87,59.77,83.68,201,222
PBSA516-70-CX300T1/2S16,"16""",300,SA-516-70,"1/2""",0.5,2.18,59.77,83.68,227,250
PB304L-CX300T1/2S16,"16""",300,304L,"1/2""",0.5,6.01,62.44,87.42,570,627
PB316L-CX300T1/2S16,"16""",300,316L,"1/2""",0.5,7.48,63.15,88.41,706,777
PBAL6061-CX300T1/2S16,"16""",300,AL-6061,"1/2""",0.5,5.1,21.06,29.48,195,215
PB304-CX300T5/8S16,"16""",300,304,"5/8""",0.625,5.55,78.05,109.27,651,717
PBSA36-CX300T5/8S16,"16""",300,SA-36,"5/8""",0.625,1.87,74.71,104.59,240,264
PBSA516-70-CX300T5/8S16,"16""",300,SA-516-70,"5/8""",0.625,2.18,74.71,104.59,273,301
PB304L-CX300T5/8S16,"16""",300,304L,"5/8""",0.625,6.01,78.05,109.27,702,773
PB316L-CX300T5/8S16,"16""",300,316L,"5/8""",0.625,7.48,78.93,110.5,871,959
PBAL6061-CX300T5/8S16,"16""",300,AL-6061,"5/8""",0.625,5.1,26.32,36.85,233,257
PB304-CX300T3/4S16,"16""",300,304,"3/4""",0.75,5.55,93.65,131.11,773,851
PBSA36-CX300T3/4S16,"16""",300,SA-36,"3/4""",0.75,1.87,89.65,125.51,280,308
PBSA516-70-CX300T3/4S16,"16""",300,SA-516-70,"3/4""",0.75,2.18,89.65,125.51,319,351
PB304L-CX300T3/4S16,"16""",300,304L,"3/4""",0.75,6.01,93.65,131.11,833,917
PB316L-CX300T3/4S16,"16""",300,316L,"3/4""",0.75,7.48,94.72,132.61,1037,1141
PBAL6061-CX300T3/4S16,"16""",300,AL-6061,"3/4""",0.75,5.1,31.59,44.23,270,297
PB304-CX300T7/8S16,"16""",300,304,"7/8""",0.875,5.55,109.26,152.96,894,984
PBSA36-CX300T7/8S16,"16""",300,SA-36,"7/8""",0.875,1.87,104.59,146.43,319,351
PBSA516-70-CX300T7/8S16,"16""",300,SA-516-70,"7/8""",0.875,2.18,104.59,146.43,364,401
PB304L-CX300T7/8S16,"16""",300,304L,"7/8""",0.875,6.01,109.26,152.96,964,1061
PB316L-CX300T7/8S16,"16""",300,316L,"7/8""",0.875,7.48,110.51,154.71,1202,1323
PBAL6061-CX300T7/8S16,"16""",300,AL-6061,"7/8""",0.875,5.1,36.85,51.59,308,339
PB304-CX300T1S16,"16""",300,304,"1""",1,5.55,124.87,174.82,1015,1117
PBSA36-CX300T1S16,"16""",300,SA-36,"1""",1,1.87,119.53,167.34,358,394
PBSA516-70-CX300T1S16,"16""",300,SA-516-70,"1""",1,2.18,119.53,167.34,410,452
PB304L-CX300T1S16,"16""",300,304L,"1""",1,6.01,124.87,174.82,1096,1206
PB316L-CX300T1S16,"16""",300,316L,"1""",1,7.48,126.29,176.81,1367,1504
PBAL6061-CX300T1S16,"16""",300,AL-6061,"1""",1,5.1,42.12,58.97,346,381
PB304-CX300T1-1/8S16,"16""",300,304,"1-1/8""",1.125,5.55,140.48,196.67,1136,1250
PBSA36-CX300T1-1/8S16,"16""",300,SA-36,"1-1/8""",1.125,1.87,134.47,188.26,397,437
PBSA516-70-CX300T1-1/8S16,"16""",300,SA-516-70,"1-1/8""",1.125,2.18,134.47,188.26,455,501
PB304L-CX300T1-1/8S16,"16""",300,304L,"1-1/8""",1.125,6.01,140.48,196.67,1227,1350
PB316L-CX300T1-1/8S16,"16""",300,316L,"1-1/8""",1.125,7.48,142.08,198.91,1533,1687
PBAL6061-CX300T1-1/8S16,"16""",300,AL-6061,"1-1/8""",1.125,5.1,47.38,66.33,383,422
PB304-CX300T1-1/4S16,"16""",300,304,"1-1/4""",1.25,5.55,156.09,218.53,1258,1384
PBSA36-CX300T1-1/4S16,"16""",300,SA-36,"1-1/4""",1.25,1.87,149.41,209.17,436,480
PBSA516-70-CX300T1-1/4S16,"16""",300,SA-516-70,"1-1/4""",1.25,2.18,149.41,209.17,501,552
PB304L-CX300T1-1/4S16,"16""",300,304L,"1-1/4""",1.25,6.01,156.09,218.53,1358,1494
PB316L-CX300T1-1/4S16,"16""",300,316L,"1-1/4""",1.25,7.48,157.87,221.02,1698,1868
PBAL6061-CX300T1-1/4S16,"16""",300,AL-6061,"1-1/4""",1.25,5.1,52.65,73.71,421,464
PB304-CX300T1-3/8S16,"16""",300,304,"1-3/8""",1.375,5.55,171.7,240.38,1379,1517
PBSA36-CX300T1-3/8S16,"16""",300,SA-36,"1-3/8""",1.375,1.87,164.36,230.1,475,523
PBSA516-70-CX300T1-3/8S16,"16""",300,SA-516-70,"1-3/8""",1.375,2.18,164.36,230.1,547,602
PB304L-CX300T1-3/8S16,"16""",300,304L,"1-3/8""",1.375,6.01,171.7,240.38,1490,1640
PB316L-CX300T1-3/8S16,"16""",300,316L,"1-3/8""",1.375,7.48,173.65,243.11,1863,2050
PBAL6061-CX300T1-3/8S16,"16""",300,AL-6061,"1-3/8""",1.375,5.1,57.91,81.07,458,504
PB304-CX300T1-1/2S16,"16""",300,304,"1-1/2""",1.5,5.55,187.31,262.23,1500,1651
PBSA36-CX300T1-1/2S16,"16""",300,SA-36,"1-1/2""",1.5,1.87,179.3,251.02,514,566
PBSA516-70-CX300T1-1/2S16,"16""",300,SA-516-70,"1-1/2""",1.5,2.18,179.3,251.02,592,652
PB304L-CX300T1-1/2S16,"16""",300,304L,"1-1/2""",1.5,6.01,187.31,262.23,1621,1784
PB316L-CX300T1-1/2S16,"16""",300,316L,"1-1/2""",1.5,7.48,189.44,265.22,2029,2232
PBAL6061-CX300T1-1/2S16,"16""",300,AL-6061,"1-1/2""",1.5,5.1,63.18,88.45,496,546
PB304-CX300T1-5/8S16,"16""",300,304,"1-5/8""",1.625,5.55,202.92,284.09,1622,1785
PBSA36-CX300T1-5/8S16,"16""",300,SA-36,"1-5/8""",1.625,1.87,194.24,271.94,553,609
PBSA516-70-CX300T1-5/8S16,"16""",300,SA-516-70,"1-5/8""",1.625,2.18,194.24,271.94,638,702
PB304L-CX300T1-5/8S16,"16""",300,304L,"1-5/8""",1.625,6.01,202.92,284.09,1752,1928
PB316L-CX300T1-5/8S16,"16""",300,316L,"1-5/8""",1.625,7.48,205.23,287.32,2194,2414
PBAL6061-CX300T1-5/8S16,"16""",300,AL-6061,"1-5/8""",1.625,5.1,68.44,95.82,534,588
PB304-CX300T1-3/4S16,"16""",300,304,"1-3/4""",1.75,5.55,218.53,305.94,1743,1918
PBSA36-CX300T1-3/4S16,"16""",300,SA-36,"1-3/4""",1.75,1.87,209.18,292.85,593,653
PBSA516-70-CX300T1-3/4S16,"16""",300,SA-516-70,"1-3/4""",1.75,2.18,209.18,292.85,683,752
PB304L-CX300T1-3/4S16,"16""",300,304L,"1-3/4""",1.75,6.01,218.53,305.94,1884,2073
PB316L-CX300T1-3/4S16,"16""",300,316L,"1-3/4""",1.75,7.48,221.01,309.41,2359,2595
PBAL6061-CX300T1-3/4S16,"16""",300,AL-6061,"1-3/4""",1.75,5.1,73.7,103.18,571,629
PB304-CX300T1-7/8S16,"16""",300,304,"1-7/8""",1.875,5.55,234.14,327.8,1864,2051
PBSA36-CX300T1-7/8S16,"16""",300,SA-36,"1-7/8""",1.875,1.87,224.12,313.77,632,696
PBSA516-70-CX300T1-7/8S16,"16""",300,SA-516-70,"1-7/8""",1.875,2.18,224.12,313.77,729,802
PB304L-CX300T1-7/8S16,"16""",300,304L,"1-7/8""",1.875,6.01,234.14,327.8,2015,2217
PB316L-CX300T1-7/8S16,"16""",300,316L,"1-7/8""",1.875,7.48,236.8,331.52,2525,2778
PBAL6061-CX300T1-7/8S16,"16""",300,AL-6061,"1-7/8""",1.875,5.1,78.97,110.56,609,670
PB304-CX300T2S16,"16""",300,304,"2""",2,5.55,249.75,349.65,1985,2184
PBSA36-CX300T2S16,"16""",300,SA-36,"2""",2,1.87,239.06,334.68,671,739
PBSA516-70-CX300T2S16,"16""",300,SA-516-70,"2""",2,2.18,239.06,334.68,775,853
PB304L-CX300T2S16,"16""",300,304L,"2""",2,6.01,249.75,349.65,2146,2361
PB316L-CX300T2S16,"16""",300,316L,"2""",2,7.48,252.59,353.63,2690,2960
PBAL6061-CX300T2S16,"16""",300,AL-6061,"2""",2,5.1,84.23,117.92,646,711
PB304-CX300T2-1/4S16,"16""",300,304,"2-1/4""",2.25,5.55,280.96,393.34,2228,2451
PBSA36-CX300T2-1/4S16,"16""",300,SA-36,"2-1/4""",2.25,1.87,268.95,376.53,749,824
PBSA516-70-CX300T2-1/4S16,"16""",300,SA-516-70,"2-1/4""",2.25,2.18,268.95,376.53,866,953
PB304L-CX300T2-1/4S16,"16""",300,304L,"2-1/4""",2.25,6.01,280.96,393.34,2409,2650
PB316L-CX300T2-1/4S16,"16""",300,316L,"2-1/4""",2.25,7.48,284.16,397.82,3021,3324
PBAL6061-CX300T2-1/4S16,"16""",300,AL-6061,"2-1/4""",2.25,5.1,94.76,132.66,721,794
PB304-CX300T2-1/2S16,"16""",300,304,"2-1/2""",2.5,5.55,312.18,437.05,2471,2719
PBSA36-CX300T2-1/2S16,"16""",300,SA-36,"2-1/2""",2.5,1.87,298.83,418.36,827,910
PBSA516-70-CX300T2-1/2S16,"16""",300,SA-516-70,"2-1/2""",2.5,2.18,298.83,418.36,957,1053
PB304L-CX300T2-1/2S16,"16""",300,304L,"2-1/2""",2.5,6.01,312.18,437.05,2672,2940
PB316L-CX300T2-1/2S16,"16""",300,316L,"2-1/2""",2.5,7.48,315.73,442.02,3351,3687
PBAL6061-CX300T2-1/2S16,"16""",300,AL-6061,"2-1/2""",2.5,5.1,105.29,147.41,797,877
PB304-CX300T3S16,"16""",300,304,"3""",3,5.55,374.62,524.47,2956,3252
PBSA36-CX300T3S16,"16""",300,SA-36,"3""",3,1.87,358.59,502.03,984,1083
PBSA516-70-CX300T3S16,"16""",300,SA-516-70,"3""",3,2.18,358.59,502.03,1139,1253
PB304L-CX300T3S16,"16""",300,304L,"3""",3,6.01,374.62,524.47,3197,3517
PB316L-CX300T3S16,"16""",300,316L,"3""",3,7.48,378.88,530.43,4013,4415
PBAL6061-CX300T3S16,"16""",300,AL-6061,"3""",3,5.1,126.35,176.89,947,1042
PB304-CX300T11GAS18,"18""",300,304,11 Gauge,0.1196,5.55,18.22,25.51,191,211
PBSA36-CX300T11GAS18,"18""",300,SA-36,11 Gauge,0.1196,1.87,17.44,24.42,95,105
PBSA516-70-CX300T11GAS18,"18""",300,SA-516-70,11 Gauge,0.1196,2.18,17.44,24.42,102,113
PB304L-CX300T11GAS18,"18""",300,304L,11 Gauge,0.1196,6.01,18.22,25.51,202,223
PB316L-CX300T11GAS18,"18""",300,316L,11 Gauge,0.1196,7.48,18.43,25.8,242,267
PBAL6061-CX300T11GAS18,"18""",300,AL-6061,11 Gauge,0.1196,5.1,6.15,8.61,93,103
PB304-CX300T1/8S18,"18""",300,304,"1/8""",0.125,5.55,19.04,26.66,197,217
PBSA36-CX300T1/8S18,"18""",300,SA-36,"1/8""",0.125,1.87,18.23,25.52,97,107
PBSA516-70-CX300T1/8S18,"18""",300,SA-516-70,"1/8""",0.125,2.18,18.23,25.52,105,116
PB304L-CX300T1/8S18,"18""",300,304L,"1/8""",0.125,6.01,19.04,26.66,209,230
PB316L-CX300T1/8S18,"18""",300,316L,"1/8""",0.125,7.48,19.26,26.96,251,277
PBAL6061-CX300T1/8S18,"18""",300,AL-6061,"1/8""",0.125,5.1,6.42,8.99,95,105
PB304-CX300T3/16S18,"18""",300,304,"3/16""",0.1875,5.55,28.57,40,271,299
PBSA36-CX300T3/16S18,"18""",300,SA-36,"3/16""",0.1875,1.87,27.35,38.29,121,134
PBSA516-70-CX300T3/16S18,"18""",300,SA-516-70,"3/16""",0.1875,2.18,27.35,38.29,133,147
PB304L-CX300T3/16S18,"18""",300,304L,"3/16""",0.1875,6.01,28.57,40,290,319
PB316L-CX300T3/16S18,"18""",300,316L,"3/16""",0.1875,7.48,28.89,40.45,352,388
PBAL6061-CX300T3/16S18,"18""",300,AL-6061,"3/16""",0.1875,5.1,9.64,13.5,118,130
PB304-CX300T1/4S18,"18""",300,304,"1/4""",0.25,5.55,38.09,53.33,345,380
PBSA36-CX300T1/4S18,"18""",300,SA-36,"1/4""",0.25,1.87,36.46,51.04,145,160
PBSA516-70-CX300T1/4S18,"18""",300,SA-516-70,"1/4""",0.25,2.18,36.46,51.04,160,176
PB304L-CX300T1/4S18,"18""",300,304L,"1/4""",0.25,6.01,38.09,53.33,370,408
PB316L-CX300T1/4S18,"18""",300,316L,"1/4""",0.25,7.48,38.52,53.93,452,498
PBAL6061-CX300T1/4S18,"18""",300,AL-6061,"1/4""",0.25,5.1,12.85,17.99,141,156
PB304-CX300T5/16S18,"18""",300,304,"5/16""",0.3125,5.55,47.61,66.65,419,461
PBSA36-CX300T5/16S18,"18""",300,SA-36,"5/16""",0.3125,1.87,45.58,63.81,168,185
PBSA516-70-CX300T5/16S18,"18""",300,SA-516-70,"5/16""",0.3125,2.18,45.58,63.81,188,207
PB304L-CX300T5/16S18,"18""",300,304L,"5/16""",0.3125,6.01,47.61,66.65,450,496
PB316L-CX300T5/16S18,"18""",300,316L,"5/16""",0.3125,7.48,48.15,67.41,553,609
PBAL6061-CX300T5/16S18,"18""",300,AL-6061,"5/16""",0.3125,5.1,16.06,22.48,164,181
PB304-CX300T3/8S18,"18""",300,304,"3/8""",0.375,5.55,57.13,79.98,493,543
PBSA36-CX300T3/8S18,"18""",300,SA-36,"3/8""",0.375,1.87,54.69,76.57,192,212
PBSA516-70-CX300T3/8S18,"18""",300,SA-516-70,"3/8""",0.375,2.18,54.69,76.57,216,238
PB304L-CX300T3/8S18,"18""",300,304L,"3/8""",0.375,6.01,57.13,79.98,530,583
PB316L-CX300T3/8S18,"18""",300,316L,"3/8""",0.375,7.48,57.78,80.89,654,720
PBAL6061-CX300T3/8S18,"18""",300,AL-6061,"3/8""",0.375,5.1,19.27,26.98,187,206
PB304-CX300T1/2S18,"18""",300,304,"1/2""",0.5,5.55,76.18,106.65,641,706
PBSA36-CX300T1/2S18,"18""",300,SA-36,"1/2""",0.5,1.87,72.92,102.09,240,264
PBSA516-70-CX300T1/2S18,"18""",300,SA-516-70,"1/2""",0.5,2.18,72.92,102.09,272,300
PB304L-CX300T1/2S18,"18""",300,304L,"1/2""",0.5,6.01,76.18,106.65,690,760
PB316L-CX300T1/2S18,"18""",300,316L,"1/2""",0.5,7.48,77.05,107.87,856,942
PBAL6061-CX300T1/2S18,"18""",300,AL-6061,"1/2""",0.5,5.1,25.69,35.97,233,257
PB304-CX300T5/8S18,"18""",300,304,"5/8""",0.625,5.55,95.22,133.31,789,868
PBSA36-CX300T5/8S18,"18""",300,SA-36,"5/8""",0.625,1.87,91.15,127.61,288,317
PBSA516-70-CX300T5/8S18,"18""",300,SA-516-70,"5/8""",0.625,2.18,91.15,127.61,327,360
PB304L-CX300T5/8S18,"18""",300,304L,"5/8""",0.625,6.01,95.22,133.31,850,936
PB316L-CX300T5/8S18,"18""",300,316L,"5/8""",0.625,7.48,96.31,134.83,1058,1164
PBAL6061-CX300T5/8S18,"18""",300,AL-6061,"5/8""",0.625,5.1,32.12,44.97,278,306
PB304-CX300T3/4S18,"18""",300,304,"3/4""",0.75,5.55,114.27,159.98,937,1031
PBSA36-CX300T3/4S18,"18""",300,SA-36,"3/4""",0.75,1.87,109.38,153.13,335,369
PBSA516-70-CX300T3/4S18,"18""",300,SA-516-70,"3/4""",0.75,2.18,109.38,153.13,383,422
PB304L-CX300T3/4S18,"18""",300,304L,"3/4""",0.75,6.01,114.27,159.98,1011,1113
PB316L-CX300T3/4S18,"18""",300,316L,"3/4""",0.75,7.48,115.57,161.8,1259,1385
PBAL6061-CX300T3/4S18,"18""",300,AL-6061,"3/4""",0.75,5.1,38.54,53.96,324,357
PB304-CX300T7/8S18,"18""",300,304,"7/8""",0.875,5.55,133.31,186.63,1085,1194
PBSA36-CX300T7/8S18,"18""",300,SA-36,"7/8""",0.875,1.87,127.61,178.65,383,422
PBSA516-70-CX300T7/8S18,"18""",300,SA-516-70,"7/8""",0.875,2.18,127.61,178.65,439,483
PB304L-CX300T7/8S18,"18""",300,304L,"7/8""",0.875,6.01,133.31,186.63,1171,1289
PB316L-CX300T7/8S18,"18""",300,316L,"7/8""",0.875,7.48,134.83,188.76,1461,1608
PBAL6061-CX300T7/8S18,"18""",300,AL-6061,"7/8""",0.875,5.1,44.96,62.94,370,408
PB304-CX300T1S18,"18""",300,304,"1""",1,5.55,152.36,213.3,1233,1357
PBSA36-CX300T1S18,"18""",300,SA-36,"1""",1,1.87,145.84,204.18,431,475
PBSA516-70-CX300T1S18,"18""",300,SA-516-70,"1""",1,2.18,145.84,204.18,494,544
PB304L-CX300T1S18,"18""",300,304L,"1""",1,6.01,152.36,213.3,1331,1465
PB316L-CX300T1S18,"18""",300,316L,"1""",1,7.48,154.09,215.73,1663,1830
PBAL6061-CX300T1S18,"18""",300,AL-6061,"1""",1,5.1,51.39,71.95,416,458
PB304-CX300T1-1/8S18,"18""",300,304,"1-1/8""",1.125,5.55,171.4,239.96,1381,1520
PBSA36-CX300T1-1/8S18,"18""",300,SA-36,"1-1/8""",1.125,1.87,164.07,229.7,479,527
PBSA516-70-CX300T1-1/8S18,"18""",300,SA-516-70,"1-1/8""",1.125,2.18,164.07,229.7,550,605
PB304L-CX300T1-1/8S18,"18""",300,304L,"1-1/8""",1.125,6.01,171.4,239.96,1491,1641
PB316L-CX300T1-1/8S18,"18""",300,316L,"1-1/8""",1.125,7.48,173.35,242.69,1864,2051
PBAL6061-CX300T1-1/8S18,"18""",300,AL-6061,"1-1/8""",1.125,5.1,57.81,80.93,462,509
PB304-CX300T1-1/4S18,"18""",300,304,"1-1/4""",1.25,5.55,190.45,266.63,1529,1682
PBSA36-CX300T1-1/4S18,"18""",300,SA-36,"1-1/4""",1.25,1.87,182.3,255.22,526,579
PBSA516-70-CX300T1-1/4S18,"18""",300,SA-516-70,"1-1/4""",1.25,2.18,182.3,255.22,605,666
PB304L-CX300T1-1/4S18,"18""",300,304L,"1-1/4""",1.25,6.01,190.45,266.63,1652,1818
PB316L-CX300T1-1/4S18,"18""",300,316L,"1-1/4""",1.25,7.48,192.61,269.65,2066,2273
PBAL6061-CX300T1-1/4S18,"18""",300,AL-6061,"1-1/4""",1.25,5.1,64.23,89.92,508,559
PB304-CX300T1-3/8S18,"18""",300,304,"1-3/8""",1.375,5.55,209.49,293.29,1677,1845
PBSA36-CX300T1-3/8S18,"18""",300,SA-36,"1-3/8""",1.375,1.87,200.53,280.74,574,632
PBSA516-70-CX300T1-3/8S18,"18""",300,SA-516-70,"1-3/8""",1.375,2.18,200.53,280.74,661,728
PB304L-CX300T1-3/8S18,"18""",300,304L,"1-3/8""",1.375,6.01,209.49,293.29,1812,1994
PB316L-CX300T1-3/8S18,"18""",300,316L,"1-3/8""",1.375,7.48,211.88,296.63,2268,2495
PBAL6061-CX300T1-3/8S18,"18""",300,AL-6061,"1-3/8""",1.375,5.1,70.66,98.92,554,610
PB304-CX300T1-1/2S18,"18""",300,304,"1-1/2""",1.5,5.55,228.54,319.96,1825,2008
PBSA36-CX300T1-1/2S18,"18""",300,SA-36,"1-1/2""",1.5,1.87,218.76,306.26,622,685
PBSA516-70-CX300T1-1/2S18,"18""",300,SA-516-70,"1-1/2""",1.5,2.18,218.76,306.26,717,789
PB304L-CX300T1-1/2S18,"18""",300,304L,"1-1/2""",1.5,6.01,228.54,319.96,1972,2170
PB316L-CX300T1-1/2S18,"18""",300,316L,"1-1/2""",1.5,7.48,231.14,323.6,2470,2717
PBAL6061-CX300T1-1/2S18,"18""",300,AL-6061,"1-1/2""",1.5,5.1,77.08,107.91,599,659
PB304-CX300T1-5/8S18,"18""",300,304,"1-5/8""",1.625,5.55,247.58,346.61,1973,2171
PBSA36-CX300T1-5/8S18,"18""",300,SA-36,"1-5/8""",1.625,1.87,236.99,331.79,670,738
PBSA516-70-CX300T1-5/8S18,"18""",300,SA-516-70,"1-5/8""",1.625,2.18,236.99,331.79,772,850
PB304L-CX300T1-5/8S18,"18""",300,304L,"1-5/8""",1.625,6.01,247.58,346.61,2132,2346
PB316L-CX300T1-5/8S18,"18""",300,316L,"1-5/8""",1.625,7.48,250.4,350.56,2671,2939
PBAL6061-CX300T1-5/8S18,"18""",300,AL-6061,"1-5/8""",1.625,5.1,83.5,116.9,645,710
PB304-CX300T1-3/4S18,"18""",300,304,"1-3/4""",1.75,5.55,266.63,373.28,2121,2334
PBSA36-CX300T1-3/4S18,"18""",300,SA-36,"1-3/4""",1.75,1.87,255.22,357.31,717,789
PBSA516-70-CX300T1-3/4S18,"18""",300,SA-516-70,"1-3/4""",1.75,2.18,255.22,357.31,828,911
PB304L-CX300T1-3/4S18,"18""",300,304L,"1-3/4""",1.75,6.01,266.63,373.28,2293,2523
PB316L-CX300T1-3/4S18,"18""",300,316L,"1-3/4""",1.75,7.48,269.66,377.52,2873,3161
PBAL6061-CX300T1-3/4S18,"18""",300,AL-6061,"1-3/4""",1.75,5.1,89.93,125.9,691,761
PB304-CX300T1-7/8S18,"18""",300,304,"1-7/8""",1.875,5.55,285.67,399.94,2269,2496
PBSA36-CX300T1-7/8S18,"18""",300,SA-36,"1-7/8""",1.875,1.87,273.45,382.83,765,842
PBSA516-70-CX300T1-7/8S18,"18""",300,SA-516-70,"1-7/8""",1.875,2.18,273.45,382.83,884,973
PB304L-CX300T1-7/8S18,"18""",300,304L,"1-7/8""",1.875,6.01,285.67,399.94,2453,2699
PB316L-CX300T1-7/8S18,"18""",300,316L,"1-7/8""",1.875,7.48,288.92,404.49,3075,3383
PBAL6061-CX300T1-7/8S18,"18""",300,AL-6061,"1-7/8""",1.875,5.1,96.35,134.89,737,811
PB304-CX300T2S18,"18""",300,304,"2""",2,5.55,304.72,426.61,2417,2659
PBSA36-CX300T2S18,"18""",300,SA-36,"2""",2,1.87,291.68,408.35,813,895
PBSA516-70-CX300T2S18,"18""",300,SA-516-70,"2""",2,2.18,291.68,408.35,939,1033
PB304L-CX300T2S18,"18""",300,304L,"2""",2,6.01,304.72,426.61,2613,2875
PB316L-CX300T2S18,"18""",300,316L,"2""",2,7.48,308.18,431.45,3276,3604
PBAL6061-CX300T2S18,"18""",300,AL-6061,"2""",2,5.1,102.78,143.89,783,862
PB304-CX300T2-1/4S18,"18""",300,304,"2-1/4""",2.25,5.55,342.81,479.93,2713,2985
PBSA36-CX300T2-1/4S18,"18""",300,SA-36,"2-1/4""",2.25,1.87,328.15,459.41,908,999
PBSA516-70-CX300T2-1/4S18,"18""",300,SA-516-70,"2-1/4""",2.25,2.18,328.15,459.41,1051,1157
PB304L-CX300T2-1/4S18,"18""",300,304L,"2-1/4""",2.25,6.01,342.81,479.93,2933,3227
PB316L-CX300T2-1/4S18,"18""",300,316L,"2-1/4""",2.25,7.48,346.71,485.39,3680,4049
PBAL6061-CX300T2-1/4S18,"18""",300,AL-6061,"2-1/4""",2.25,5.1,115.62,161.87,875,963
PB304-CX300T2-1/2S18,"18""",300,304,"2-1/2""",2.5,5.55,380.9,533.26,3009,3310
PBSA36-CX300T2-1/2S18,"18""",300,SA-36,"2-1/2""",2.5,1.87,364.61,510.45,1004,1105
PBSA516-70-CX300T2-1/2S18,"18""",300,SA-516-70,"2-1/2""",2.5,2.18,364.61,510.45,1162,1279
PB304L-CX300T2-1/2S18,"18""",300,304L,"2-1/2""",2.5,6.01,380.9,533.26,3254,3580
PB316L-CX300T2-1/2S18,"18""",300,316L,"2-1/2""",2.5,7.48,385.23,539.32,4083,4492
PBAL6061-CX300T2-1/2S18,"18""",300,AL-6061,"2-1/2""",2.5,5.1,128.47,179.86,966,1063
PB304-CX300T3S18,"18""",300,304,"3""",3,5.55,457.08,639.91,3601,3962
PBSA36-CX300T3S18,"18""",300,SA-36,"3""",3,1.87,437.53,612.54,1195,1315
PBSA516-70-CX300T3S18,"18""",300,SA-516-70,"3""",3,2.18,437.53,612.54,1384,1523
PB304L-CX300T3S18,"18""",300,304L,"3""",3,6.01,457.08,639.91,3895,4285
PB316L-CX300T3S18,"18""",300,316L,"3""",3,7.48,462.27,647.18,4890,5379
PBAL6061-CX300T3S18,"18""",300,AL-6061,"3""",3,5.1,154.16,215.82,1150,1265
PB304-CX300T11GAS20,"20""",300,304,11 Gauge,0.1196,5.55,21.84,30.58,222,245
PBSA36-CX300T11GAS20,"20""",300,SA-36,11 Gauge,0.1196,1.87,20.9,29.26,107,118
PBSA516-70-CX300T11GAS20,"20""",300,SA-516-70,11 Gauge,0.1196,2.18,20.9,29.26,116,128
PB304L-CX300T11GAS20,"20""",300,304L,11 Gauge,0.1196,6.01,21.84,30.58,236,260
PB316L-CX300T11GAS20,"20""",300,316L,11 Gauge,0.1196,7.48,22.08,30.91,284,313
PBAL6061-CX300T11GAS20,"20""",300,AL-6061,11 Gauge,0.1196,5.1,7.36,10.3,105,116
PB304-CX300T1/8S20,"20""",300,304,"1/8""",0.125,5.55,22.82,31.95,230,254
PBSA36-CX300T1/8S20,"20""",300,SA-36,"1/8""",0.125,1.87,21.85,30.59,110,122
PBSA516-70-CX300T1/8S20,"20""",300,SA-516-70,"1/8""",0.125,2.18,21.85,30.59,119,131
PB304L-CX300T1/8S20,"20""",300,304L,"1/8""",0.125,6.01,22.82,31.95,244,269
PB316L-CX300T1/8S20,"20""",300,316L,"1/8""",0.125,7.48,23.08,32.31,294,324
PBAL6061-CX300T1/8S20,"20""",300,AL-6061,"1/8""",0.125,5.1,7.7,10.78,107,118
PB304-CX300T3/16S20,"20""",300,304,"3/16""",0.1875,5.55,34.23,47.92,318,350
PBSA36-CX300T3/16S20,"20""",300,SA-36,"3/16""",0.1875,1.87,32.77,45.88,138,152
PBSA516-70-CX300T3/16S20,"20""",300,SA-516-70,"3/16""",0.1875,2.18,32.77,45.88,152,168
PB304L-CX300T3/16S20,"20""",300,304L,"3/16""",0.1875,6.01,34.23,47.92,340,375
PB316L-CX300T3/16S20,"20""",300,316L,"3/16""",0.1875,7.48,34.62,48.47,415,457
PBAL6061-CX300T3/16S20,"20""",300,AL-6061,"3/16""",0.1875,5.1,11.55,16.17,135,149
PB304-CX300T1/4S20,"20""",300,304,"1/4""",0.25,5.55,45.64,63.9,407,448
PBSA36-CX300T1/4S20,"20""",300,SA-36,"1/4""",0.25,1.87,43.69,61.17,167,184
PBSA516-70-CX300T1/4S20,"20""",300,SA-516-70,"1/4""",0.25,2.18,43.69,61.17,186,205
PB304L-CX300T1/4S20,"20""",300,304L,"1/4""",0.25,6.01,45.64,63.9,436,480
PB316L-CX300T1/4S20,"20""",300,316L,"1/4""",0.25,7.48,46.16,64.62,536,590
PBAL6061-CX300T1/4S20,"20""",300,AL-6061,"1/4""",0.25,5.1,15.39,21.55,162,179
PB304-CX300T5/16S20,"20""",300,304,"5/16""",0.3125,5.55,57.06,79.88,496,546
PBSA36-CX300T5/16S20,"20""",300,SA-36,"5/16""",0.3125,1.87,54.61,76.45,195,215
PBSA516-70-CX300T5/16S20,"20""",300,SA-516-70,"5/16""",0.3125,2.18,54.61,76.45,219,241
PB304L-CX300T5/16S20,"20""",300,304L,"5/16""",0.3125,6.01,57.06,79.88,533,587
PB316L-CX300T5/16S20,"20""",300,316L,"5/16""",0.3125,7.48,57.7,80.78,657,723
PBAL6061-CX300T5/16S20,"20""",300,AL-6061,"5/16""",0.3125,5.1,19.24,26.94,190,210
PB304-CX300T3/8S20,"20""",300,304,"3/8""",0.375,5.55,68.47,95.86,584,643
PBSA36-CX300T3/8S20,"20""",300,SA-36,"3/8""",0.375,1.87,65.54,91.76,224,247
PBSA516-70-CX300T3/8S20,"20""",300,SA-516-70,"3/8""",0.375,2.18,65.54,91.76,252,278
PB304L-CX300T3/8S20,"20""",300,304L,"3/8""",0.375,6.01,68.47,95.86,629,692
PB316L-CX300T3/8S20,"20""",300,316L,"3/8""",0.375,7.48,69.24,96.94,778,856
PBAL6061-CX300T3/8S20,"20""",300,AL-6061,"3/8""",0.375,5.1,23.09,32.33,217,239
PB304-CX300T1/2S20,"20""",300,304,"1/2""",0.5,5.55,91.29,127.81,762,839
PBSA36-CX300T1/2S20,"20""",300,SA-36,"1/2""",0.5,1.87,87.38,122.33,281,310
PBSA516-70-CX300T1/2S20,"20""",300,SA-516-70,"1/2""",0.5,2.18,87.38,122.33,319,351
PB304L-CX300T1/2S20,"20""",300,304L,"1/2""",0.5,6.01,91.29,127.81,821,904
PB316L-CX300T1/2S20,"20""",300,316L,"1/2""",0.5,7.48,92.33,129.26,1019,1121
PBAL6061-CX300T1/2S20,"20""",300,AL-6061,"1/2""",0.5,5.1,30.79,43.11,272,300
PB304-CX300T5/8S20,"20""",300,304,"5/8""",0.625,5.55,114.11,159.75,939,1033
PBSA36-CX300T5/8S20,"20""",300,SA-36,"5/8""",0.625,1.87,109.23,152.92,338,372
PBSA516-70-CX300T5/8S20,"20""",300,SA-516-70,"5/8""",0.625,2.18,109.23,152.92,386,425
PB304L-CX300T5/8S20,"20""",300,304L,"5/8""",0.625,6.01,114.11,159.75,1013,1115
PB316L-CX300T5/8S20,"20""",300,316L,"5/8""",0.625,7.48,115.41,161.57,1261,1388
PBAL6061-CX300T5/8S20,"20""",300,AL-6061,"5/8""",0.625,5.1,38.49,53.89,327,360
PB304-CX300T3/4S20,"20""",300,304,"3/4""",0.75,5.55,136.93,191.7,1116,1228
PBSA36-CX300T3/4S20,"20""",300,SA-36,"3/4""",0.75,1.87,131.08,183.51,396,436
PBSA516-70-CX300T3/4S20,"20""",300,SA-516-70,"3/4""",0.75,2.18,131.08,183.51,453,499
PB304L-CX300T3/4S20,"20""",300,304L,"3/4""",0.75,6.01,136.93,191.7,1205,1326
PB316L-CX300T3/4S20,"20""",300,316L,"3/4""",0.75,7.48,138.49,193.89,1503,1654
PBAL6061-CX300T3/4S20,"20""",300,AL-6061,"3/4""",0.75,5.1,46.18,64.65,382,421
PB304-CX300T7/8S20,"20""",300,304,"7/8""",0.875,5.55,159.76,223.66,1294,1424
PBSA36-CX300T7/8S20,"20""",300,SA-36,"7/8""",0.875,1.87,152.92,214.09,453,499
PBSA516-70-CX300T7/8S20,"20""",300,SA-516-70,"7/8""",0.875,2.18,152.92,214.09,519,571
PB304L-CX300T7/8S20,"20""",300,304L,"7/8""",0.875,6.01,159.76,223.66,1397,1537
PB316L-CX300T7/8S20,"20""",300,316L,"7/8""",0.875,7.48,161.57,226.2,1744,1919
PBAL6061-CX300T7/8S20,"20""",300,AL-6061,"7/8""",0.875,5.1,53.88,75.43,437,481
PB304-CX300T1S20,"20""",300,304,"1""",1,5.55,182.58,255.61,1471,1619
PBSA36-CX300T1S20,"20""",300,SA-36,"1""",1,1.87,174.77,244.68,510,561
PBSA516-70-CX300T1S20,"20""",300,SA-516-70,"1""",1,2.18,174.77,244.68,586,645
PB304L-CX300T1S20,"20""",300,304L,"1""",1,6.01,182.58,255.61,1589,1748
PB316L-CX300T1S20,"20""",300,316L,"1""",1,7.48,184.65,258.51,1986,2185
PBAL6061-CX300T1S20,"20""",300,AL-6061,"1""",1,5.1,61.58,86.21,492,542
PB304-CX300T1-1/8S20,"20""",300,304,"1-1/8""",1.125,5.55,205.4,287.56,1648,1813
PBSA36-CX300T1-1/8S20,"20""",300,SA-36,"1-1/8""",1.125,1.87,196.61,275.25,567,624
PBSA516-70-CX300T1-1/8S20,"20""",300,SA-516-70,"1-1/8""",1.125,2.18,196.61,275.25,653,719
PB304L-CX300T1-1/8S20,"20""",300,304L,"1-1/8""",1.125,6.01,205.4,287.56,1781,1960
PB316L-CX300T1-1/8S20,"20""",300,316L,"1-1/8""",1.125,7.48,207.73,290.82,2228,2451
PBAL6061-CX300T1-1/8S20,"20""",300,AL-6061,"1-1/8""",1.125,5.1,69.28,96.99,547,602
PB304-CX300T1-1/4S20,"20""",300,304,"1-1/4""",1.25,5.55,228.22,319.51,1826,2009
PBSA36-CX300T1-1/4S20,"20""",300,SA-36,"1-1/4""",1.25,1.87,218.46,305.84,624,687
PBSA516-70-CX300T1-1/4S20,"20""",300,SA-516-70,"1-1/4""",1.25,2.18,218.46,305.84,719,791
PB304L-CX300T1-1/4S20,"20""",300,304L,"1-1/4""",1.25,6.01,228.22,319.51,1973,2171
PB316L-CX300T1-1/4S20,"20""",300,316L,"1-1/4""",1.25,7.48,230.82,323.15,2470,2717
PBAL6061-CX300T1-1/4S20,"20""",300,AL-6061,"1-1/4""",1.25,5.1,76.97,107.76,602,663
PB304-CX300T1-3/8S20,"20""",300,304,"1-3/8""",1.375,5.55,251.04,351.46,2003,2204
PBSA36-CX300T1-3/8S20,"20""",300,SA-36,"1-3/8""",1.375,1.87,240.31,336.43,682,751
PBSA516-70-CX300T1-3/8S20,"20""",300,SA-516-70,"1-3/8""",1.375,2.18,240.31,336.43,786,865
PB304L-CX300T1-3/8S20,"20""",300,304L,"1-3/8""",1.375,6.01,251.04,351.46,2165,2382
PB316L-CX300T1-3/8S20,"20""",300,316L,"1-3/8""",1.375,7.48,253.9,355.46,2711,2983
PBAL6061-CX300T1-3/8S20,"20""",300,AL-6061,"1-3/8""",1.375,5.1,84.67,118.54,657,723
PB304-CX300T1-1/2S20,"20""",300,304,"1-1/2""",1.5,5.55,273.87,383.42,2180,2398
PBSA36-CX300T1-1/2S20,"20""",300,SA-36,"1-1/2""",1.5,1.87,262.15,367.01,739,813
PBSA516-70-CX300T1-1/2S20,"20""",300,SA-516-70,"1-1/2""",1.5,2.18,262.15,367.01,853,939
PB304L-CX300T1-1/2S20,"20""",300,304L,"1-1/2""",1.5,6.01,273.87,383.42,2357,2593
PB316L-CX300T1-1/2S20,"20""",300,316L,"1-1/2""",1.5,7.48,276.98,387.77,2953,3249
PBAL6061-CX300T1-1/2S20,"20""",300,AL-6061,"1-1/2""",1.5,5.1,92.37,129.32,712,784
PB304-CX300T1-5/8S20,"20""",300,304,"1-5/8""",1.625,5.55,296.69,415.37,2358,2594
PBSA36-CX300T1-5/8S20,"20""",300,SA-36,"1-5/8""",1.625,1.87,284,397.6,796,876
PBSA516-70-CX300T1-5/8S20,"20""",300,SA-516-70,"1-5/8""",1.625,2.18,284,397.6,919,1011
PB304L-CX300T1-5/8S20,"20""",300,304L,"1-5/8""",1.625,6.01,296.69,415.37,2549,2804
PB316L-CX300T1-5/8S20,"20""",300,316L,"1-5/8""",1.625,7.48,300.06,420.08,3195,3515
PBAL6061-CX300T1-5/8S20,"20""",300,AL-6061,"1-5/8""",1.625,5.1,100.07,140.1,767,844
PB304-CX300T1-3/4S20,"20""",300,304,"1-3/4""",1.75,5.55,319.51,447.31,2535,2789
PBSA36-CX300T1-3/4S20,"20""",300,SA-36,"1-3/4""",1.75,1.87,305.84,428.18,853,939
PBSA516-70-CX300T1-3/4S20,"20""",300,SA-516-70,"1-3/4""",1.75,2.18,305.84,428.18,986,1085
PB304L-CX300T1-3/4S20,"20""",300,304L,"1-3/4""",1.75,6.01,319.51,447.31,2741,3016
PB316L-CX300T1-3/4S20,"20""",300,316L,"1-3/4""",1.75,7.48,323.14,452.4,3436,3780
PBAL6061-CX300T1-3/4S20,"20""",300,AL-6061,"1-3/4""",1.75,5.1,107.76,150.86,822,905
PB304-CX300T1-7/8S20,"20""",300,304,"1-7/8""",1.875,5.55,342.33,479.26,2712,2984
PBSA36-CX300T1-7/8S20,"20""",300,SA-36,"1-7/8""",1.875,1.87,327.69,458.77,910,1002
PBSA516-70-CX300T1-7/8S20,"20""",300,SA-516-70,"1-7/8""",1.875,2.18,327.69,458.77,1053,1159
PB304L-CX300T1-7/8S20,"20""",300,304L,"1-7/8""",1.875,6.01,342.33,479.26,2933,3227
PB316L-CX300T1-7/8S20,"20""",300,316L,"1-7/8""",1.875,7.48,346.22,484.71,3678,4046
PBAL6061-CX300T1-7/8S20,"20""",300,AL-6061,"1-7/8""",1.875,5.1,115.46,161.64,877,965
PB304-CX300T2S20,"20""",300,304,"2""",2,5.55,365.15,511.21,2890,3180
PBSA36-CX300T2S20,"20""",300,SA-36,"2""",2,1.87,349.54,489.36,968,1065
PBSA516-70-CX300T2S20,"20""",300,SA-516-70,"2""",2,2.18,349.54,489.36,1119,1231
PB304L-CX300T2S20,"20""",300,304L,"2""",2,6.01,365.15,511.21,3125,3438
PB316L-CX300T2S20,"20""",300,316L,"2""",2,7.48,369.31,517.03,3920,4312
PBAL6061-CX300T2S20,"20""",300,AL-6061,"2""",2,5.1,123.16,172.42,932,1026
PB304-CX300T2-1/4S20,"20""",300,304,"2-1/4""",2.25,5.55,410.8,575.12,3244,3569
PBSA36-CX300T2-1/4S20,"20""",300,SA-36,"2-1/4""",2.25,1.87,393.23,550.52,1082,1191
PBSA516-70-CX300T2-1/4S20,"20""",300,SA-516-70,"2-1/4""",2.25,2.18,393.23,550.52,1253,1379
PB304L-CX300T2-1/4S20,"20""",300,304L,"2-1/4""",2.25,6.01,410.8,575.12,3509,3860
PB316L-CX300T2-1/4S20,"20""",300,316L,"2-1/4""",2.25,7.48,415.47,581.66,4403,4844
PBAL6061-CX300T2-1/4S20,"20""",300,AL-6061,"2-1/4""",2.25,5.1,138.55,193.97,1042,1147
PB304-CX300T2-1/2S20,"20""",300,304,"2-1/2""",2.5,5.55,456.44,639.02,3599,3959
PBSA36-CX300T2-1/2S20,"20""",300,SA-36,"2-1/2""",2.5,1.87,436.92,611.69,1196,1316
PBSA516-70-CX300T2-1/2S20,"20""",300,SA-516-70,"2-1/2""",2.5,2.18,436.92,611.69,1386,1525
PB304L-CX300T2-1/2S20,"20""",300,304L,"2-1/2""",2.5,6.01,456.44,639.02,3893,4283
PB316L-CX300T2-1/2S20,"20""",300,316L,"2-1/2""",2.5,7.48,461.63,646.28,4887,5376
PBAL6061-CX300T2-1/2S20,"20""",300,AL-6061,"2-1/2""",2.5,5.1,153.95,215.53,1152,1268
PB304-CX300T3S20,"20""",300,304,"3""",3,5.55,547.73,766.82,4308,4739
PBSA36-CX300T3S20,"20""",300,SA-36,"3""",3,1.87,524.3,734.02,1425,1568
PBSA516-70-CX300T3S20,"20""",300,SA-516-70,"3""",3,2.18,524.3,734.02,1653,1819
PB304L-CX300T3S20,"20""",300,304L,"3""",3,6.01,547.73,766.82,4661,5128
PB316L-CX300T3S20,"20""",300,316L,"3""",3,7.48,553.96,775.54,5853,6439
PBAL6061-CX300T3S20,"20""",300,AL-6061,"3""",3,5.1,184.74,258.64,1372,1510
PB304-CX300T11GAS24,"24""",300,304,11 Gauge,0.1196,5.55,30.61,42.85,294,324
PBSA36-CX300T11GAS24,"24""",300,SA-36,11 Gauge,0.1196,1.87,29.3,41.02,133,147
PBSA516-70-CX300T11GAS24,"24""",300,SA-516-70,11 Gauge,0.1196,2.18,29.3,41.02,146,161
PB304L-CX300T11GAS24,"24""",300,304L,11 Gauge,0.1196,6.01,30.61,42.85,314,346
PB316L-CX300T11GAS24,"24""",300,316L,11 Gauge,0.1196,7.48,30.95,43.33,381,420
PBAL6061-CX300T11GAS24,"24""",300,AL-6061,11 Gauge,0.1196,5.1,10.32,14.45,130,143
PB304-CX300T1/8S24,"24""",300,304,"1/8""",0.125,5.55,31.99,44.79,305,336
PBSA36-CX300T1/8S24,"24""",300,SA-36,"1/8""",0.125,1.87,30.62,42.87,137,151
PBSA516-70-CX300T1/8S24,"24""",300,SA-516-70,"1/8""",0.125,2.18,30.62,42.87,150,165
PB304L-CX300T1/8S24,"24""",300,304L,"1/8""",0.125,6.01,31.99,44.79,326,359
PB316L-CX300T1/8S24,"24""",300,316L,"1/8""",0.125,7.48,32.35,45.29,395,435
PBAL6061-CX300T1/8S24,"24""",300,AL-6061,"1/8""",0.125,5.1,10.79,15.11,134,148
PB304-CX300T3/16S24,"24""",300,304,"3/16""",0.1875,5.55,47.98,67.17,429,472
PBSA36-CX300T3/16S24,"24""",300,SA-36,"3/16""",0.1875,1.87,45.93,64.3,177,195
PBSA516-70-CX300T3/16S24,"24""",300,SA-516-70,"3/16""",0.1875,2.18,45.93,64.3,197,217
PB304L-CX300T3/16S24,"24""",300,304L,"3/16""",0.1875,6.01,47.98,67.17,460,507
PB316L-CX300T3/16S24,"24""",300,316L,"3/16""",0.1875,7.48,48.53,67.94,565,622
PBAL6061-CX300T3/16S24,"24""",300,AL-6061,"3/16""",0.1875,5.1,16.18,22.65,172,190
PB304-CX300T1/4S24,"24""",300,304,"1/4""",0.25,5.55,63.98,89.57,554,610
PBSA36-CX300T1/4S24,"24""",300,SA-36,"1/4""",0.25,1.87,61.24,85.74,217,239
PBSA516-70-CX300T1/4S24,"24""",300,SA-516-70,"1/4""",0.25,2.18,61.24,85.74,244,269
PB304L-CX300T1/4S24,"24""",300,304L,"1/4""",0.25,6.01,63.98,89.57,595,655
PB316L-CX300T1/4S24,"24""",300,316L,"1/4""",0.25,7.48,64.7,90.58,734,808
PBAL6061-CX300T1/4S24,"24""",300,AL-6061,"1/4""",0.25,5.1,21.58,30.21,211,233
PB304-CX300T5/16S24,"24""",300,304,"5/16""",0.3125,5.55,79.97,111.96,678,746
PBSA36-CX300T5/16S24,"24""",300,SA-36,"5/16""",0.3125,1.87,76.55,107.17,257,283
PBSA516-70-CX300T5/16S24,"24""",300,SA-516-70,"5/16""",0.3125,2.18,76.55,107.17,290,319
PB304L-CX300T5/16S24,"24""",300,304L,"5/16""",0.3125,6.01,79.97,111.96,730,804
PB316L-CX300T5/16S24,"24""",300,316L,"5/16""",0.3125,7.48,80.88,113.23,904,995
PBAL6061-CX300T5/16S24,"24""",300,AL-6061,"5/16""",0.3125,5.1,26.97,37.76,249,274
PB304-CX300T3/8S24,"24""",300,304,"3/8""",0.375,5.55,95.96,134.34,802,883
PBSA36-CX300T3/8S24,"24""",300,SA-36,"3/8""",0.375,1.87,91.86,128.6,297,327
PBSA516-70-CX300T3/8S24,"24""",300,SA-516-70,"3/8""",0.375,2.18,91.86,128.6,337,371
PB304L-CX300T3/8S24,"24""",300,304L,"3/8""",0.375,6.01,95.96,134.34,864,951
PB316L-CX300T3/8S24,"24""",300,316L,"3/8""",0.375,7.48,97.05,135.87,1073,1181
PBAL6061-CX300T3/8S24,"24""",300,AL-6061,"3/8""",0.375,5.1,32.37,45.32,288,317
PB304-CX300T1/2S24,"24""",300,304,"1/2""",0.5,5.55,127.95,179.13,1051,1157
PBSA36-CX300T1/2S24,"24""",300,SA-36,"1/2""",0.5,1.87,122.48,171.47,377,415
PBSA516-70-CX300T1/2S24,"24""",300,SA-516-70,"1/2""",0.5,2.18,122.48,171.47,430,474
PB304L-CX300T1/2S24,"24""",300,304L,"1/2""",0.5,6.01,127.95,179.13,1133,1247
PB316L-CX300T1/2S24,"24""",300,316L,"1/2""",0.5,7.48,129.41,181.17,1412,1554
PBAL6061-CX300T1/2S24,"24""",300,AL-6061,"1/2""",0.5,5.1,43.16,60.42,365,402
PB304-CX300T5/8S24,"24""",300,304,"5/8""",0.625,5.55,159.94,223.92,1299,1429
PBSA36-CX300T5/8S24,"24""",300,SA-36,"5/8""",0.625,1.87,153.1,214.34,457,503
PBSA516-70-CX300T5/8S24,"24""",300,SA-516-70,"5/8""",0.625,2.18,153.1,214.34,524,577
PB304L-CX300T5/8S24,"24""",300,304L,"5/8""",0.625,6.01,159.94,223.92,1402,1543
PB316L-CX300T5/8S24,"24""",300,316L,"5/8""",0.625,7.48,161.76,226.46,1751,1927
PBAL6061-CX300T5/8S24,"24""",300,AL-6061,"5/8""",0.625,5.1,53.94,75.52,442,487
PB304-CX300T3/4S24,"24""",300,304,"3/4""",0.75,5.55,191.93,268.7,1548,1703
PBSA36-CX300T3/4S24,"24""",300,SA-36,"3/4""",0.75,1.87,183.72,257.21,538,592
PBSA516-70-CX300T3/4S24,"24""",300,SA-516-70,"3/4""",0.75,2.18,183.72,257.21,617,679
PB304L-CX300T3/4S24,"24""",300,304L,"3/4""",0.75,6.01,191.93,268.7,1672,1840
PB316L-CX300T3/4S24,"24""",300,316L,"3/4""",0.75,7.48,194.11,271.75,2089,2298
PBAL6061-CX300T3/4S24,"24""",300,AL-6061,"3/4""",0.75,5.1,64.73,90.62,519,571
PB304-CX300T7/8S24,"24""",300,304,"7/8""",0.875,5.55,223.91,313.47,1796,1976
PBSA36-CX300T7/8S24,"24""",300,SA-36,"7/8""",0.875,1.87,214.34,300.08,618,680
PBSA516-70-CX300T7/8S24,"24""",300,SA-516-70,"7/8""",0.875,2.18,214.34,300.08,711,783
PB304L-CX300T7/8S24,"24""",300,304L,"7/8""",0.875,6.01,223.91,313.47,1941,2136
PB316L-CX300T7/8S24,"24""",300,316L,"7/8""",0.875,7.48,226.46,317.04,2428,2671
PBAL6061-CX300T7/8S24,"24""",300,AL-6061,"7/8""",0.875,5.1,75.52,105.73,596,656
PB304-CX300T1S24,"24""",300,304,"1""",1,5.55,255.9,358.26,2045,2250
PBSA36-CX300T1S24,"24""",300,SA-36,"1""",1,1.87,244.96,342.94,698,768
PBSA516-70-CX300T1S24,"24""",300,SA-516-70,"1""",1,2.18,244.96,342.94,804,885
PB304L-CX300T1S24,"24""",300,304L,"1""",1,6.01,255.9,358.26,2210,2431
PB316L-CX300T1S24,"24""",300,316L,"1""",1,7.48,258.81,362.33,2767,3044
PBAL6061-CX300T1S24,"24""",300,AL-6061,"1""",1,5.1,86.31,120.83,673,741
PB304-CX300T1-1/8S24,"24""",300,304,"1-1/8""",1.125,5.55,287.89,403.05,2294,2524
PBSA36-CX300T1-1/8S24,"24""",300,SA-36,"1-1/8""",1.125,1.87,275.57,385.8,778,856
PBSA516-70-CX300T1-1/8S24,"24""",300,SA-516-70,"1-1/8""",1.125,2.18,275.57,385.8,898,988
PB304L-CX300T1-1/8S24,"24""",300,304L,"1-1/8""",1.125,6.01,287.89,403.05,2479,2727
PB316L-CX300T1-1/8S24,"24""",300,316L,"1-1/8""",1.125,7.48,291.16,407.62,3106,3417
PBAL6061-CX300T1-1/8S24,"24""",300,AL-6061,"1-1/8""",1.125,5.1,97.1,135.94,750,826
PB304-CX300T1-1/4S24,"24""",300,304,"1-1/4""",1.25,5.55,319.88,447.83,2542,2797
PBSA36-CX300T1-1/4S24,"24""",300,SA-36,"1-1/4""",1.25,1.87,306.19,428.67,858,944
PBSA516-70-CX300T1-1/4S24,"24""",300,SA-516-70,"1-1/4""",1.25,2.18,306.19,428.67,991,1091
PB304L-CX300T1-1/4S24,"24""",300,304L,"1-1/4""",1.25,6.01,319.88,447.83,2748,3023
PB316L-CX300T1-1/4S24,"24""",300,316L,"1-1/4""",1.25,7.48,323.51,452.91,3444,3789
PBAL6061-CX300T1-1/4S24,"24""",300,AL-6061,"1-1/4""",1.25,5.1,107.89,151.05,827,910
PB304-CX300T1-3/8S24,"24""",300,304,"1-3/8""",1.375,5.55,351.86,492.6,2791,3071
PBSA36-CX300T1-3/8S24,"24""",300,SA-36,"1-3/8""",1.375,1.87,336.81,471.53,938,1032
PBSA516-70-CX300T1-3/8S24,"24""",300,SA-516-70,"1-3/8""",1.375,2.18,336.81,471.53,1085,1194
PB304L-CX300T1-3/8S24,"24""",300,304L,"1-3/8""",1.375,6.01,351.86,492.6,3017,3319
PB316L-CX300T1-3/8S24,"24""",300,316L,"1-3/8""",1.375,7.48,355.86,498.2,3783,4162
PBAL6061-CX300T1-3/8S24,"24""",300,AL-6061,"1-3/8""",1.375,5.1,118.68,166.15,904,995
PB304-CX300T1-1/2S24,"24""",300,304,"1-1/2""",1.5,5.55,383.85,537.39,3039,3343
PBSA36-CX300T1-1/2S24,"24""",300,SA-36,"1-1/2""",1.5,1.87,367.43,514.4,1019,1121
PBSA516-70-CX300T1-1/2S24,"24""",300,SA-516-70,"1-1/2""",1.5,2.18,367.43,514.4,1178,1296
PB304L-CX300T1-1/2S24,"24""",300,304L,"1-1/2""",1.5,6.01,383.85,537.39,3286,3615
PB316L-CX300T1-1/2S24,"24""",300,316L,"1-1/2""",1.5,7.48,388.22,543.51,4122,4535
PBAL6061-CX300T1-1/2S24,"24""",300,AL-6061,"1-1/2""",1.5,5.1,129.47,181.26,981,1080
PB304-CX300T1-5/8S24,"24""",300,304,"1-5/8""",1.625,5.55,415.84,582.18,3288,3617
PBSA36-CX300T1-5/8S24,"24""",300,SA-36,"1-5/8""",1.625,1.87,398.05,557.27,1099,1209
PBSA516-70-CX300T1-5/8S24,"24""",300,SA-516-70,"1-5/8""",1.625,2.18,398.05,557.27,1271,1399
PB304L-CX300T1-5/8S24,"24""",300,304L,"1-5/8""",1.625,6.01,415.84,582.18,3556,3912
PB316L-CX300T1-5/8S24,"24""",300,316L,"1-5/8""",1.625,7.48,420.57,588.8,4461,4908
PBAL6061-CX300T1-5/8S24,"24""",300,AL-6061,"1-5/8""",1.625,5.1,140.25,196.35,1058,1164
PB304-CX300T1-3/4S24,"24""",300,304,"1-3/4""",1.75,5.55,447.83,626.96,3536,3890
PBSA36-CX300T1-3/4S24,"24""",300,SA-36,"1-3/4""",1.75,1.87,428.67,600.14,1179,1297
PBSA516-70-CX300T1-3/4S24,"24""",300,SA-516-70,"1-3/4""",1.75,2.18,428.67,600.14,1365,1502
PB304L-CX300T1-3/4S24,"24""",300,304L,"1-3/4""",1.75,6.01,447.83,626.96,3825,4208
PB316L-CX300T1-3/4S24,"24""",300,316L,"1-3/4""",1.75,7.48,452.92,634.09,4800,5280
PBAL6061-CX300T1-3/4S24,"24""",300,AL-6061,"1-3/4""",1.75,5.1,151.04,211.46,1135,1249
PB304-CX300T1-7/8S24,"24""",300,304,"1-7/8""",1.875,5.55,479.82,671.75,3785,4164
PBSA36-CX300T1-7/8S24,"24""",300,SA-36,"1-7/8""",1.875,1.87,459.29,643.01,1259,1385
PBSA516-70-CX300T1-7/8S24,"24""",300,SA-516-70,"1-7/8""",1.875,2.18,459.29,643.01,1458,1604
PB304L-CX300T1-7/8S24,"24""",300,304L,"1-7/8""",1.875,6.01,479.82,671.75,4094,4504
PB316L-CX300T1-7/8S24,"24""",300,316L,"1-7/8""",1.875,7.48,485.27,679.38,5138,5652
PBAL6061-CX300T1-7/8S24,"24""",300,AL-6061,"1-7/8""",1.875,5.1,161.83,226.56,1212,1334
PB304-CX300T2S24,"24""",300,304,"2""",2,5.55,511.8,716.52,4033,4437
PBSA36-CX300T2S24,"24""",300,SA-36,"2""",2,1.87,489.91,685.87,1339,1473
PBSA516-70-CX300T2S24,"24""",300,SA-516-70,"2""",2,2.18,489.91,685.87,1552,1708
PB304L-CX300T2S24,"24""",300,304L,"2""",2,6.01,511.8,716.52,4363,4800
PB316L-CX300T2S24,"24""",300,316L,"2""",2,7.48,517.62,724.67,5477,6025
PBAL6061-CX300T2S24,"24""",300,AL-6061,"2""",2,5.1,172.62,241.67,1289,1418
PB304-CX300T2-1/4S24,"24""",300,304,"2-1/4""",2.25,5.55,575.78,806.09,4530,4983
PBSA36-CX300T2-1/4S24,"24""",300,SA-36,"2-1/4""",2.25,1.87,551.15,771.61,1500,1651
PBSA516-70-CX300T2-1/4S24,"24""",300,SA-516-70,"2-1/4""",2.25,2.18,551.15,771.61,1739,1913
PB304L-CX300T2-1/4S24,"24""",300,304L,"2-1/4""",2.25,6.01,575.78,806.09,4901,5392
PB316L-CX300T2-1/4S24,"24""",300,316L,"2-1/4""",2.25,7.48,582.32,815.25,6155,6771
PBAL6061-CX300T2-1/4S24,"24""",300,AL-6061,"2-1/4""",2.25,5.1,194.2,271.88,1443,1588
PB304-CX300T2-1/2S24,"24""",300,304,"2-1/2""",2.5,5.55,639.75,895.65,5028,5531
PBSA36-CX300T2-1/2S24,"24""",300,SA-36,"2-1/2""",2.5,1.87,612.39,857.35,1660,1827
PBSA516-70-CX300T2-1/2S24,"24""",300,SA-516-70,"2-1/2""",2.5,2.18,612.39,857.35,1926,2119
PB304L-CX300T2-1/2S24,"24""",300,304L,"2-1/2""",2.5,6.01,639.75,895.65,5440,5985
PB316L-CX300T2-1/2S24,"24""",300,316L,"2-1/2""",2.5,7.48,647.03,905.84,6832,7516
PBAL6061-CX300T2-1/2S24,"24""",300,AL-6061,"2-1/2""",2.5,5.1,215.78,302.09,1597,1757
PB304-CX300T3S24,"24""",300,304,"3""",3,5.55,767.7,1074.78,6022,6625
PBSA36-CX300T3S24,"24""",300,SA-36,"3""",3,1.87,734.87,1028.82,1981,2180
PBSA516-70-CX300T3S24,"24""",300,SA-516-70,"3""",3,2.18,734.87,1028.82,2299,2529
PB304L-CX300T3S24,"24""",300,304L,"3""",3,6.01,767.7,1074.78,6516,7168
PB316L-CX300T3S24,"24""",300,316L,"3""",3,7.48,776.43,1087,8187,9006
PBAL6061-CX300T3S24,"24""",300,AL-6061,"3""",3,5.1,258.93,362.5,1905,2096
PB304-CX600T11GAS1/2,"1/2""",600,304,11 Gauge,0.1196,5.55,0.23,0.32,37,41
PBSA36-CX600T11GAS1/2,"1/2""",600,SA-36,11 Gauge,0.1196,1.87,0.22,0.31,35,39
PBSA516-70-CX600T11GAS1/2,"1/2""",600,SA-516-70,11 Gauge,0.1196,2.18,0.22,0.31,36,40
PB304L-CX600T11GAS1/2,"1/2""",600,304L,11 Gauge,0.1196,6.01,0.23,0.32,37,41
PB316L-CX600T11GAS1/2,"1/2""",600,316L,11 Gauge,0.1196,7.48,0.24,0.34,37,41
PBAL6061-CX600T11GAS1/2,"1/2""",600,AL-6061,11 Gauge,0.1196,5.1,0.1,0.15,35,39
PB304-CX600T1/8S1/2,"1/2""",600,304,"1/8""",0.125,5.55,0.25,0.35,37,41
PBSA36-CX600T1/8S1/2,"1/2""",600,SA-36,"1/8""",0.125,1.87,0.23,0.32,35,39
PBSA516-70-CX600T1/8S1/2,"1/2""",600,SA-516-70,"1/8""",0.125,2.18,0.23,0.32,36,40
PB304L-CX600T1/8S1/2,"1/2""",600,304L,"1/8""",0.125,6.01,0.25,0.35,37,41
PB316L-CX600T1/8S1/2,"1/2""",600,316L,"1/8""",0.125,7.48,0.25,0.35,37,41
PBAL6061-CX600T1/8S1/2,"1/2""",600,AL-6061,"1/8""",0.125,5.1,0.1,0.15,35,39
PB304-CX600T3/16S1/2,"1/2""",600,304,"3/16""",0.1875,5.55,0.37,0.52,38,42
PBSA36-CX600T3/16S1/2,"1/2""",600,SA-36,"3/16""",0.1875,1.87,0.35,0.49,36,40
PBSA516-70-CX600T3/16S1/2,"1/2""",600,SA-516-70,"3/16""",0.1875,2.18,0.35,0.49,36,40
PB304L-CX600T3/16S1/2,"1/2""",600,304L,"3/16""",0.1875,6.01,0.37,0.52,38,42
PB316L-CX600T3/16S1/2,"1/2""",600,316L,"3/16""",0.1875,7.48,0.37,0.52,39,43
PBAL6061-CX600T3/16S1/2,"1/2""",600,AL-6061,"3/16""",0.1875,5.1,0.12,0.17,36,40
PB304-CX600T1/4S1/2,"1/2""",600,304,"1/4""",0.25,5.55,0.49,0.69,39,43
PBSA36-CX600T1/4S1/2,"1/2""",600,SA-36,"1/4""",0.25,1.87,0.47,0.66,36,40
PBSA516-70-CX600T1/4S1/2,"1/2""",600,SA-516-70,"1/4""",0.25,2.18,0.47,0.66,36,40
PB304L-CX600T1/4S1/2,"1/2""",600,304L,"1/4""",0.25,6.01,0.49,0.69,39,43
PB316L-CX600T1/4S1/2,"1/2""",600,316L,"1/4""",0.25,7.48,0.5,0.7,40,44
PBAL6061-CX600T1/4S1/2,"1/2""",600,AL-6061,"1/4""",0.25,5.1,0.17,0.24,36,40
PB304-CX600T5/16S1/2,"1/2""",600,304,"5/16""",0.3125,5.55,0.61,0.85,40,44
PBSA36-CX600T5/16S1/2,"1/2""",600,SA-36,"5/16""",0.3125,1.87,0.59,0.83,36,40
PBSA516-70-CX600T5/16S1/2,"1/2""",600,SA-516-70,"5/16""",0.3125,2.18,0.59,0.83,37,41
PB304L-CX600T5/16S1/2,"1/2""",600,304L,"5/16""",0.3125,6.01,0.61,0.85,40,44
PB316L-CX600T5/16S1/2,"1/2""",600,316L,"5/16""",0.3125,7.48,0.62,0.87,41,46
PBAL6061-CX600T5/16S1/2,"1/2""",600,AL-6061,"5/16""",0.3125,5.1,0.21,0.29,36,40
PB304-CX600T3/8S1/2,"1/2""",600,304,"3/8""",0.375,5.55,0.74,1.04,41,46
PBSA36-CX600T3/8S1/2,"1/2""",600,SA-36,"3/8""",0.375,1.87,0.7,0.98,37,41
PBSA516-70-CX600T3/8S1/2,"1/2""",600,SA-516-70,"3/8""",0.375,2.18,0.7,0.98,37,41
PB304L-CX600T3/8S1/2,"1/2""",600,304L,"3/8""",0.375,6.01,0.74,1.04,41,46
PB316L-CX600T3/8S1/2,"1/2""",600,316L,"3/8""",0.375,7.48,0.74,1.04,43,48
PBAL6061-CX600T3/8S1/2,"1/2""",600,AL-6061,"3/8""",0.375,5.1,0.25,0.35,37,41
PB304-CX600T1/2S1/2,"1/2""",600,304,"1/2""",0.5,5.55,0.98,1.37,42,47
PBSA36-CX600T1/2S1/2,"1/2""",600,SA-36,"1/2""",0.5,1.87,0.94,1.32,37,41
PBSA516-70-CX600T1/2S1/2,"1/2""",600,SA-516-70,"1/2""",0.5,2.18,0.94,1.32,38,42
PB304L-CX600T1/2S1/2,"1/2""",600,304L,"1/2""",0.5,6.01,0.98,1.37,43,48
PB316L-CX600T1/2S1/2,"1/2""",600,316L,"1/2""",0.5,7.48,0.99,1.39,45,50
PBAL6061-CX600T1/2S1/2,"1/2""",600,AL-6061,"1/2""",0.5,5.1,0.33,0.46,37,41
PB304-CX600T5/8S1/2,"1/2""",600,304,"5/8""",0.625,5.55,1.23,1.72,44,49
PBSA36-CX600T5/8S1/2,"1/2""",600,SA-36,"5/8""",0.625,1.87,1.17,1.64,38,42
PBSA516-70-CX600T5/8S1/2,"1/2""",600,SA-516-70,"5/8""",0.625,2.18,1.17,1.64,38,42
PB304L-CX600T5/8S1/2,"1/2""",600,304L,"5/8""",0.625,6.01,1.23,1.72,45,50
PB316L-CX600T5/8S1/2,"1/2""",600,316L,"5/8""",0.625,7.48,1.24,1.74,48,53
PBAL6061-CX600T5/8S1/2,"1/2""",600,AL-6061,"5/8""",0.625,5.1,0.41,0.57,38,42
PB304-CX600T3/4S1/2,"1/2""",600,304,"3/4""",0.75,5.55,1.47,2.06,46,51
PBSA36-CX600T3/4S1/2,"1/2""",600,SA-36,"3/4""",0.75,1.87,1.41,1.97,39,43
PBSA516-70-CX600T3/4S1/2,"1/2""",600,SA-516-70,"3/4""",0.75,2.18,1.41,1.97,39,43
PB304L-CX600T3/4S1/2,"1/2""",600,304L,"3/4""",0.75,6.01,1.47,2.06,47,52
PB316L-CX600T3/4S1/2,"1/2""",600,316L,"3/4""",0.75,7.48,1.49,2.09,50,56
PBAL6061-CX600T3/4S1/2,"1/2""",600,AL-6061,"3/4""",0.75,5.1,0.5,0.7,38,42
PB304-CX600T7/8S1/2,"1/2""",600,304,"7/8""",0.875,5.55,1.72,2.41,48,53
PBSA36-CX600T7/8S1/2,"1/2""",600,SA-36,"7/8""",0.875,1.87,1.64,2.3,39,43
PBSA516-70-CX600T7/8S1/2,"1/2""",600,SA-516-70,"7/8""",0.875,2.18,1.64,2.3,40,44
PB304L-CX600T7/8S1/2,"1/2""",600,304L,"7/8""",0.875,6.01,1.72,2.41,49,54
PB316L-CX600T7/8S1/2,"1/2""",600,316L,"7/8""",0.875,7.48,1.74,2.44,53,59
PBAL6061-CX600T7/8S1/2,"1/2""",600,AL-6061,"7/8""",0.875,5.1,0.58,0.81,39,43
PB304-CX600T1S1/2,"1/2""",600,304,"1""",1,5.55,1.96,2.74,50,56
PBSA36-CX600T1S1/2,"1/2""",600,SA-36,"1""",1,1.87,1.88,2.63,40,44
PBSA516-70-CX600T1S1/2,"1/2""",600,SA-516-70,"1""",1,2.18,1.88,2.63,41,46
PB304L-CX600T1S1/2,"1/2""",600,304L,"1""",1,6.01,1.96,2.74,51,57
PB316L-CX600T1S1/2,"1/2""",600,316L,"1""",1,7.48,1.99,2.79,56,62
PBAL6061-CX600T1S1/2,"1/2""",600,AL-6061,"1""",1,5.1,0.66,0.92,40,44
PB304-CX600T1-1/8S1/2,"1/2""",600,304,"1-1/8""",1.125,5.55,2.21,3.09,52,58
PBSA36-CX600T1-1/8S1/2,"1/2""",600,SA-36,"1-1/8""",1.125,1.87,2.11,2.95,40,44
PBSA516-70-CX600T1-1/8S1/2,"1/2""",600,SA-516-70,"1-1/8""",1.125,2.18,2.11,2.95,41,46
PB304L-CX600T1-1/8S1/2,"1/2""",600,304L,"1-1/8""",1.125,6.01,2.21,3.09,53,59
PB316L-CX600T1-1/8S1/2,"1/2""",600,316L,"1-1/8""",1.125,7.48,2.23,3.12,58,64
PBAL6061-CX600T1-1/8S1/2,"1/2""",600,AL-6061,"1-1/8""",1.125,5.1,0.74,1.04,40,44
PB304-CX600T1-1/4S1/2,"1/2""",600,304,"1-1/4""",1.25,5.55,2.45,3.43,54,60
PBSA36-CX600T1-1/4S1/2,"1/2""",600,SA-36,"1-1/4""",1.25,1.87,2.35,3.29,41,46
PBSA516-70-CX600T1-1/4S1/2,"1/2""",600,SA-516-70,"1-1/4""",1.25,2.18,2.35,3.29,42,47
PB304L-CX600T1-1/4S1/2,"1/2""",600,304L,"1-1/4""",1.25,6.01,2.45,3.43,55,61
PB316L-CX600T1-1/4S1/2,"1/2""",600,316L,"1-1/4""",1.25,7.48,2.48,3.47,61,68
PBAL6061-CX600T1-1/4S1/2,"1/2""",600,AL-6061,"1-1/4""",1.25,5.1,0.83,1.16,41,46
PB304-CX600T1-3/8S1/2,"1/2""",600,304,"1-3/8""",1.375,5.55,2.7,3.78,56,62
PBSA36-CX600T1-3/8S1/2,"1/2""",600,SA-36,"1-3/8""",1.375,1.87,2.58,3.61,42,47
PBSA516-70-CX600T1-3/8S1/2,"1/2""",600,SA-516-70,"1-3/8""",1.375,2.18,2.58,3.61,43,48
PB304L-CX600T1-3/8S1/2,"1/2""",600,304L,"1-3/8""",1.375,6.01,2.7,3.78,58,64
PB316L-CX600T1-3/8S1/2,"1/2""",600,316L,"1-3/8""",1.375,7.48,2.73,3.82,63,70
PBAL6061-CX600T1-3/8S1/2,"1/2""",600,AL-6061,"1-3/8""",1.375,5.1,0.91,1.27,41,46
PB304-CX600T1-1/2S1/2,"1/2""",600,304,"1-1/2""",1.5,5.55,2.94,4.12,58,64
PBSA36-CX600T1-1/2S1/2,"1/2""",600,SA-36,"1-1/2""",1.5,1.87,2.82,3.95,42,47
PBSA516-70-CX600T1-1/2S1/2,"1/2""",600,SA-516-70,"1-1/2""",1.5,2.18,2.82,3.95,43,48
PB304L-CX600T1-1/2S1/2,"1/2""",600,304L,"1-1/2""",1.5,6.01,2.94,4.12,60,66
PB316L-CX600T1-1/2S1/2,"1/2""",600,316L,"1-1/2""",1.5,7.48,2.98,4.17,66,73
PBAL6061-CX600T1-1/2S1/2,"1/2""",600,AL-6061,"1-1/2""",1.5,5.1,0.99,1.39,42,47
PB304-CX600T1-5/8S1/2,"1/2""",600,304,"1-5/8""",1.625,5.55,3.19,4.47,60,66
PBSA36-CX600T1-5/8S1/2,"1/2""",600,SA-36,"1-5/8""",1.625,1.87,3.05,4.27,43,48
PBSA516-70-CX600T1-5/8S1/2,"1/2""",600,SA-516-70,"1-5/8""",1.625,2.18,3.05,4.27,44,49
PB304L-CX600T1-5/8S1/2,"1/2""",600,304L,"1-5/8""",1.625,6.01,3.19,4.47,62,69
PB316L-CX600T1-5/8S1/2,"1/2""",600,316L,"1-5/8""",1.625,7.48,3.23,4.52,69,76
PBAL6061-CX600T1-5/8S1/2,"1/2""",600,AL-6061,"1-5/8""",1.625,5.1,1.08,1.51,43,48
PB304-CX600T1-3/4S1/2,"1/2""",600,304,"1-3/4""",1.75,5.55,3.44,4.82,62,69
PBSA36-CX600T1-3/4S1/2,"1/2""",600,SA-36,"1-3/4""",1.75,1.87,3.29,4.61,43,48
PBSA516-70-CX600T1-3/4S1/2,"1/2""",600,SA-516-70,"1-3/4""",1.75,2.18,3.29,4.61,45,50
PB304L-CX600T1-3/4S1/2,"1/2""",600,304L,"1-3/4""",1.75,6.01,3.44,4.82,64,71
PB316L-CX600T1-3/4S1/2,"1/2""",600,316L,"1-3/4""",1.75,7.48,3.47,4.86,71,79
PBAL6061-CX600T1-3/4S1/2,"1/2""",600,AL-6061,"1-3/4""",1.75,5.1,1.16,1.62,43,48
PB304-CX600T1-7/8S1/2,"1/2""",600,304,"1-7/8""",1.875,5.55,3.68,5.15,63,70
PBSA36-CX600T1-7/8S1/2,"1/2""",600,SA-36,"1-7/8""",1.875,1.87,3.52,4.93,44,49
PBSA516-70-CX600T1-7/8S1/2,"1/2""",600,SA-516-70,"1-7/8""",1.875,2.18,3.52,4.93,46,51
PB304L-CX600T1-7/8S1/2,"1/2""",600,304L,"1-7/8""",1.875,6.01,3.68,5.15,66,73
PB316L-CX600T1-7/8S1/2,"1/2""",600,316L,"1-7/8""",1.875,7.48,3.72,5.21,74,82
PBAL6061-CX600T1-7/8S1/2,"1/2""",600,AL-6061,"1-7/8""",1.875,5.1,1.24,1.74,44,49
PB304-CX600T2S1/2,"1/2""",600,304,"2""",2,5.55,3.93,5.5,65,72
PBSA36-CX600T2S1/2,"1/2""",600,SA-36,"2""",2,1.87,3.76,5.26,45,50
PBSA516-70-CX600T2S1/2,"1/2""",600,SA-516-70,"2""",2,2.18,3.76,5.26,46,51
PB304L-CX600T2S1/2,"1/2""",600,304L,"2""",2,6.01,3.93,5.5,68,75
PB316L-CX600T2S1/2,"1/2""",600,316L,"2""",2,7.48,3.97,5.56,76,84
PBAL6061-CX600T2S1/2,"1/2""",600,AL-6061,"2""",2,5.1,1.32,1.85,44,49
PB304-CX600T2-1/4S1/2,"1/2""",600,304,"2-1/4""",2.25,5.55,4.42,6.19,69,76
PBSA36-CX600T2-1/4S1/2,"1/2""",600,SA-36,"2-1/4""",2.25,1.87,4.23,5.92,46,51
PBSA516-70-CX600T2-1/4S1/2,"1/2""",600,SA-516-70,"2-1/4""",2.25,2.18,4.23,5.92,48,53
PB304L-CX600T2-1/4S1/2,"1/2""",600,304L,"2-1/4""",2.25,6.01,4.42,6.19,72,80
PB316L-CX600T2-1/4S1/2,"1/2""",600,316L,"2-1/4""",2.25,7.48,4.47,6.26,82,91
PBAL6061-CX600T2-1/4S1/2,"1/2""",600,AL-6061,"2-1/4""",2.25,5.1,1.49,2.09,46,51
PB304-CX600T2-1/2S1/2,"1/2""",600,304,"2-1/2""",2.5,5.55,4.91,6.87,73,81
PBSA36-CX600T2-1/2S1/2,"1/2""",600,SA-36,"2-1/2""",2.5,1.87,4.7,6.58,47,52
PBSA516-70-CX600T2-1/2S1/2,"1/2""",600,SA-516-70,"2-1/2""",2.5,2.18,4.7,6.58,49,54
PB304L-CX600T2-1/2S1/2,"1/2""",600,304L,"2-1/2""",2.5,6.01,4.91,6.87,76,84
PB316L-CX600T2-1/2S1/2,"1/2""",600,316L,"2-1/2""",2.5,7.48,4.96,6.94,87,96
PBAL6061-CX600T2-1/2S1/2,"1/2""",600,AL-6061,"2-1/2""",2.5,5.1,1.66,2.32,47,52
PB304-CX600T3S1/2,"1/2""",600,304,"3""",3,5.55,5.89,8.25,81,90
PBSA36-CX600T3S1/2,"1/2""",600,SA-36,"3""",3,1.87,5.64,7.9,50,56
PBSA516-70-CX600T3S1/2,"1/2""",600,SA-516-70,"3""",3,2.18,5.64,7.9,52,58
PB304L-CX600T3S1/2,"1/2""",600,304L,"3""",3,6.01,5.89,8.25,84,93
PB316L-CX600T3S1/2,"1/2""",600,316L,"3""",3,7.48,5.96,8.34,97,107
PBAL6061-CX600T3S1/2,"1/2""",600,AL-6061,"3""",3,5.1,1.99,2.79,49,54
PB304-CX600T11GAS3/4,"3/4""",600,304,11 Gauge,0.1196,5.55,0.3,0.42,37,41
PBSA36-CX600T11GAS3/4,"3/4""",600,SA-36,11 Gauge,0.1196,1.87,0.29,0.41,36,40
PBSA516-70-CX600T11GAS3/4,"3/4""",600,SA-516-70,11 Gauge,0.1196,2.18,0.29,0.41,36,40
PB304L-CX600T11GAS3/4,"3/4""",600,304L,11 Gauge,0.1196,6.01,0.3,0.42,37,41
PB316L-CX600T11GAS3/4,"3/4""",600,316L,11 Gauge,0.1196,7.48,0.3,0.42,38,42
PBAL6061-CX600T11GAS3/4,"3/4""",600,AL-6061,11 Gauge,0.1196,5.1,0.1,0.15,36,40
PB304-CX600T1/8S3/4,"3/4""",600,304,"1/8""",0.125,5.55,0.31,0.43,37,41
PBSA36-CX600T1/8S3/4,"3/4""",600,SA-36,"1/8""",0.125,1.87,0.3,0.42,36,40
PBSA516-70-CX600T1/8S3/4,"3/4""",600,SA-516-70,"1/8""",0.125,2.18,0.3,0.42,36,40
PB304L-CX600T1/8S3/4,"3/4""",600,304L,"1/8""",0.125,6.01,0.31,0.43,37,41
PB316L-CX600T1/8S3/4,"3/4""",600,316L,"1/8""",0.125,7.48,0.31,0.43,38,42
PBAL6061-CX600T1/8S3/4,"3/4""",600,AL-6061,"1/8""",0.125,5.1,0.11,0.15,36,40
PB304-CX600T3/16S3/4,"3/4""",600,304,"3/16""",0.1875,5.55,0.47,0.66,39,43
PBSA36-CX600T3/16S3/4,"3/4""",600,SA-36,"3/16""",0.1875,1.87,0.45,0.63,36,40
PBSA516-70-CX600T3/16S3/4,"3/4""",600,SA-516-70,"3/16""",0.1875,2.18,0.45,0.63,36,40
PB304L-CX600T3/16S3/4,"3/4""",600,304L,"3/16""",0.1875,6.01,0.47,0.66,39,43
PB316L-CX600T3/16S3/4,"3/4""",600,316L,"3/16""",0.1875,7.48,0.47,0.66,40,44
PBAL6061-CX600T3/16S3/4,"3/4""",600,AL-6061,"3/16""",0.1875,5.1,0.16,0.22,36,40
PB304-CX600T1/4S3/4,"3/4""",600,304,"1/4""",0.25,5.55,0.62,0.87,40,44
PBSA36-CX600T1/4S3/4,"3/4""",600,SA-36,"1/4""",0.25,1.87,0.6,0.84,36,40
PBSA516-70-CX600T1/4S3/4,"3/4""",600,SA-516-70,"1/4""",0.25,2.18,0.6,0.84,37,41
PB304L-CX600T1/4S3/4,"3/4""",600,304L,"1/4""",0.25,6.01,0.62,0.87,40,44
PB316L-CX600T1/4S3/4,"3/4""",600,316L,"1/4""",0.25,7.48,0.63,0.88,41,46
PBAL6061-CX600T1/4S3/4,"3/4""",600,AL-6061,"1/4""",0.25,5.1,0.21,0.29,36,40
PB304-CX600T5/16S3/4,"3/4""",600,304,"5/16""",0.3125,5.55,0.78,1.09,41,46
PBSA36-CX600T5/16S3/4,"3/4""",600,SA-36,"5/16""",0.3125,1.87,0.75,1.05,37,41
PBSA516-70-CX600T5/16S3/4,"3/4""",600,SA-516-70,"5/16""",0.3125,2.18,0.75,1.05,37,41
PB304L-CX600T5/16S3/4,"3/4""",600,304L,"5/16""",0.3125,6.01,0.78,1.09,41,46
PB316L-CX600T5/16S3/4,"3/4""",600,316L,"5/16""",0.3125,7.48,0.79,1.11,43,48
PBAL6061-CX600T5/16S3/4,"3/4""",600,AL-6061,"5/16""",0.3125,5.1,0.26,0.36,37,41
PB304-CX600T3/8S3/4,"3/4""",600,304,"3/8""",0.375,5.55,0.93,1.3,42,47
PBSA36-CX600T3/8S3/4,"3/4""",600,SA-36,"3/8""",0.375,1.87,0.89,1.25,37,41
PBSA516-70-CX600T3/8S3/4,"3/4""",600,SA-516-70,"3/8""",0.375,2.18,0.89,1.25,38,42
PB304L-CX600T3/8S3/4,"3/4""",600,304L,"3/8""",0.375,6.01,0.93,1.3,43,48
PB316L-CX600T3/8S3/4,"3/4""",600,316L,"3/8""",0.375,7.48,0.94,1.32,45,50
PBAL6061-CX600T3/8S3/4,"3/4""",600,AL-6061,"3/8""",0.375,5.1,0.32,0.45,37,41
PB304-CX600T1/2S3/4,"3/4""",600,304,"1/2""",0.5,5.55,1.25,1.75,45,50
PBSA36-CX600T1/2S3/4,"3/4""",600,SA-36,"1/2""",0.5,1.87,1.19,1.67,38,42
PBSA516-70-CX600T1/2S3/4,"3/4""",600,SA-516-70,"1/2""",0.5,2.18,1.19,1.67,38,42
PB304L-CX600T1/2S3/4,"3/4""",600,304L,"1/2""",0.5,6.01,1.25,1.75,45,50
PB316L-CX600T1/2S3/4,"3/4""",600,316L,"1/2""",0.5,7.48,1.26,1.76,48,53
PBAL6061-CX600T1/2S3/4,"3/4""",600,AL-6061,"1/2""",0.5,5.1,0.42,0.59,38,42
PB304-CX600T5/8S3/4,"3/4""",600,304,"5/8""",0.625,5.55,1.56,2.18,47,52
PBSA36-CX600T5/8S3/4,"3/4""",600,SA-36,"5/8""",0.625,1.87,1.49,2.09,39,43
PBSA516-70-CX600T5/8S3/4,"3/4""",600,SA-516-70,"5/8""",0.625,2.18,1.49,2.09,39,43
PB304L-CX600T5/8S3/4,"3/4""",600,304L,"5/8""",0.625,6.01,1.56,2.18,48,53
PB316L-CX600T5/8S3/4,"3/4""",600,316L,"5/8""",0.625,7.48,1.57,2.2,51,57
PBAL6061-CX600T5/8S3/4,"3/4""",600,AL-6061,"5/8""",0.625,5.1,0.53,0.74,39,43
PB304-CX600T3/4S3/4,"3/4""",600,304,"3/4""",0.75,5.55,1.87,2.62,49,54
PBSA36-CX600T3/4S3/4,"3/4""",600,SA-36,"3/4""",0.75,1.87,1.79,2.51,40,44
PBSA516-70-CX600T3/4S3/4,"3/4""",600,SA-516-70,"3/4""",0.75,2.18,1.79,2.51,40,44
PB304L-CX600T3/4S3/4,"3/4""",600,304L,"3/4""",0.75,6.01,1.87,2.62,51,57
PB316L-CX600T3/4S3/4,"3/4""",600,316L,"3/4""",0.75,7.48,1.89,2.65,55,61
PBAL6061-CX600T3/4S3/4,"3/4""",600,AL-6061,"3/4""",0.75,5.1,0.63,0.88,39,43
PB304-CX600T7/8S3/4,"3/4""",600,304,"7/8""",0.875,5.55,2.18,3.05,52,58
PBSA36-CX600T7/8S3/4,"3/4""",600,SA-36,"7/8""",0.875,1.87,2.09,2.93,40,44
PBSA516-70-CX600T7/8S3/4,"3/4""",600,SA-516-70,"7/8""",0.875,2.18,2.09,2.93,41,46
PB304L-CX600T7/8S3/4,"3/4""",600,304L,"7/8""",0.875,6.01,2.18,3.05,53,59
PB316L-CX600T7/8S3/4,"3/4""",600,316L,"7/8""",0.875,7.48,2.2,3.08,58,64
PBAL6061-CX600T7/8S3/4,"3/4""",600,AL-6061,"7/8""",0.875,5.1,0.74,1.04,40,44
PB304-CX600T1S3/4,"3/4""",600,304,"1""",1,5.55,2.49,3.49,54,60
PBSA36-CX600T1S3/4,"3/4""",600,SA-36,"1""",1,1.87,2.38,3.33,41,46
PBSA516-70-CX600T1S3/4,"3/4""",600,SA-516-70,"1""",1,2.18,2.38,3.33,42,47
PB304L-CX600T1S3/4,"3/4""",600,304L,"1""",1,6.01,2.49,3.49,56,62
PB316L-CX600T1S3/4,"3/4""",600,316L,"1""",1,7.48,2.52,3.53,61,68
PBAL6061-CX600T1S3/4,"3/4""",600,AL-6061,"1""",1,5.1,0.84,1.18,41,46
PB304-CX600T1-1/8S3/4,"3/4""",600,304,"1-1/8""",1.125,5.55,2.8,3.92,57,63
PBSA36-CX600T1-1/8S3/4,"3/4""",600,SA-36,"1-1/8""",1.125,1.87,2.68,3.75,42,47
PBSA516-70-CX600T1-1/8S3/4,"3/4""",600,SA-516-70,"1-1/8""",1.125,2.18,2.68,3.75,43,48
PB304L-CX600T1-1/8S3/4,"3/4""",600,304L,"1-1/8""",1.125,6.01,2.8,3.92,58,64
PB316L-CX600T1-1/8S3/4,"3/4""",600,316L,"1-1/8""",1.125,7.48,2.83,3.96,64,71
PBAL6061-CX600T1-1/8S3/4,"3/4""",600,AL-6061,"1-1/8""",1.125,5.1,0.95,1.33,42,47
PB304-CX600T1-1/4S3/4,"3/4""",600,304,"1-1/4""",1.25,5.55,3.11,4.35,59,65
PBSA36-CX600T1-1/4S3/4,"3/4""",600,SA-36,"1-1/4""",1.25,1.87,2.98,4.17,43,48
PBSA516-70-CX600T1-1/4S3/4,"3/4""",600,SA-516-70,"1-1/4""",1.25,2.18,2.98,4.17,44,49
PB304L-CX600T1-1/4S3/4,"3/4""",600,304L,"1-1/4""",1.25,6.01,3.11,4.35,61,68
PB316L-CX600T1-1/4S3/4,"3/4""",600,316L,"1-1/4""",1.25,7.48,3.15,4.41,68,75
PBAL6061-CX600T1-1/4S3/4,"3/4""",600,AL-6061,"1-1/4""",1.25,5.1,1.05,1.47,42,47
PB304-CX600T1-3/8S3/4,"3/4""",600,304,"1-3/8""",1.375,5.55,3.43,4.8,61,68
PBSA36-CX600T1-3/8S3/4,"3/4""",600,SA-36,"1-3/8""",1.375,1.87,3.28,4.59,43,48
PBSA516-70-CX600T1-3/8S3/4,"3/4""",600,SA-516-70,"1-3/8""",1.375,2.18,3.28,4.59,45,50
PB304L-CX600T1-3/8S3/4,"3/4""",600,304L,"1-3/8""",1.375,6.01,3.43,4.8,64,71
PB316L-CX600T1-3/8S3/4,"3/4""",600,316L,"1-3/8""",1.375,7.48,3.46,4.84,71,79
PBAL6061-CX600T1-3/8S3/4,"3/4""",600,AL-6061,"1-3/8""",1.375,5.1,1.16,1.62,43,48
PB304-CX600T1-1/2S3/4,"3/4""",600,304,"1-1/2""",1.5,5.55,3.74,5.24,64,71
PBSA36-CX600T1-1/2S3/4,"3/4""",600,SA-36,"1-1/2""",1.5,1.87,3.58,5.01,44,49
PBSA516-70-CX600T1-1/2S3/4,"3/4""",600,SA-516-70,"1-1/2""",1.5,2.18,3.58,5.01,46,51
PB304L-CX600T1-1/2S3/4,"3/4""",600,304L,"1-1/2""",1.5,6.01,3.74,5.24,66,73
PB316L-CX600T1-1/2S3/4,"3/4""",600,316L,"1-1/2""",1.5,7.48,3.78,5.29,74,82
PBAL6061-CX600T1-1/2S3/4,"3/4""",600,AL-6061,"1-1/2""",1.5,5.1,1.26,1.76,44,49
PB304-CX600T1-5/8S3/4,"3/4""",600,304,"1-5/8""",1.625,5.55,4.05,5.67,66,73
PBSA36-CX600T1-5/8S3/4,"3/4""",600,SA-36,"1-5/8""",1.625,1.87,3.88,5.43,45,50
PBSA516-70-CX600T1-5/8S3/4,"3/4""",600,SA-516-70,"1-5/8""",1.625,2.18,3.88,5.43,47,52
PB304L-CX600T1-5/8S3/4,"3/4""",600,304L,"1-5/8""",1.625,6.01,4.05,5.67,69,76
PB316L-CX600T1-5/8S3/4,"3/4""",600,316L,"1-5/8""",1.625,7.48,4.09,5.73,78,86
PBAL6061-CX600T1-5/8S3/4,"3/4""",600,AL-6061,"1-5/8""",1.625,5.1,1.37,1.92,45,50
PB304-CX600T1-3/4S3/4,"3/4""",600,304,"1-3/4""",1.75,5.55,4.36,6.1,69,76
PBSA36-CX600T1-3/4S3/4,"3/4""",600,SA-36,"1-3/4""",1.75,1.87,4.17,5.84,46,51
PBSA516-70-CX600T1-3/4S3/4,"3/4""",600,SA-516-70,"1-3/4""",1.75,2.18,4.17,5.84,48,53
PB304L-CX600T1-3/4S3/4,"3/4""",600,304L,"1-3/4""",1.75,6.01,4.36,6.1,72,80
PB316L-CX600T1-3/4S3/4,"3/4""",600,316L,"1-3/4""",1.75,7.48,4.41,6.17,81,90
PBAL6061-CX600T1-3/4S3/4,"3/4""",600,AL-6061,"1-3/4""",1.75,5.1,1.47,2.06,45,50
PB304-CX600T1-7/8S3/4,"3/4""",600,304,"1-7/8""",1.875,5.55,4.67,6.54,71,79
PBSA36-CX600T1-7/8S3/4,"3/4""",600,SA-36,"1-7/8""",1.875,1.87,4.47,6.26,47,52
PBSA516-70-CX600T1-7/8S3/4,"3/4""",600,SA-516-70,"1-7/8""",1.875,2.18,4.47,6.26,48,53
PB304L-CX600T1-7/8S3/4,"3/4""",600,304L,"1-7/8""",1.875,6.01,4.67,6.54,74,82
PB316L-CX600T1-7/8S3/4,"3/4""",600,316L,"1-7/8""",1.875,7.48,4.72,6.61,84,93
PBAL6061-CX600T1-7/8S3/4,"3/4""",600,AL-6061,"1-7/8""",1.875,5.1,1.58,2.21,46,51
PB304-CX600T2S3/4,"3/4""",600,304,"2""",2,5.55,4.98,6.97,74,82
PBSA36-CX600T2S3/4,"3/4""",600,SA-36,"2""",2,1.87,4.77,6.68,47,52
PBSA516-70-CX600T2S3/4,"3/4""",600,SA-516-70,"2""",2,2.18,4.77,6.68,49,54
PB304L-CX600T2S3/4,"3/4""",600,304L,"2""",2,6.01,4.98,6.97,77,85
PB316L-CX600T2S3/4,"3/4""",600,316L,"2""",2,7.48,5.04,7.06,88,97
PBAL6061-CX600T2S3/4,"3/4""",600,AL-6061,"2""",2,5.1,1.68,2.35,47,52
PB304-CX600T2-1/4S3/4,"3/4""",600,304,"2-1/4""",2.25,5.55,5.61,7.85,78,86
PBSA36-CX600T2-1/4S3/4,"3/4""",600,SA-36,"2-1/4""",2.25,1.87,5.37,7.52,49,54
PBSA516-70-CX600T2-1/4S3/4,"3/4""",600,SA-516-70,"2-1/4""",2.25,2.18,5.37,7.52,51,57
PB304L-CX600T2-1/4S3/4,"3/4""",600,304L,"2-1/4""",2.25,6.01,5.61,7.85,82,91
PB316L-CX600T2-1/4S3/4,"3/4""",600,316L,"2-1/4""",2.25,7.48,5.67,7.94,94,104
PBAL6061-CX600T2-1/4S3/4,"3/4""",600,AL-6061,"2-1/4""",2.25,5.1,1.89,2.65,48,53
PB304-CX600T2-1/2S3/4,"3/4""",600,304,"2-1/2""",2.5,5.55,6.23,8.72,83,92
PBSA36-CX600T2-1/2S3/4,"3/4""",600,SA-36,"2-1/2""",2.5,1.87,5.96,8.34,50,56
PBSA516-70-CX600T2-1/2S3/4,"3/4""",600,SA-516-70,"2-1/2""",2.5,2.18,5.96,8.34,53,59
PB304L-CX600T2-1/2S3/4,"3/4""",600,304L,"2-1/2""",2.5,6.01,6.23,8.72,87,96
PB316L-CX600T2-1/2S3/4,"3/4""",600,316L,"2-1/2""",2.5,7.48,6.3,8.82,101,112
PBAL6061-CX600T2-1/2S3/4,"3/4""",600,AL-6061,"2-1/2""",2.5,5.1,2.1,2.94,50,56
PB304-CX600T3S3/4,"3/4""",600,304,"3""",3,5.55,7.47,10.46,93,103
PBSA36-CX600T3S3/4,"3/4""",600,SA-36,"3""",3,1.87,7.15,10.01,54,60
PBSA516-70-CX600T3S3/4,"3/4""",600,SA-516-70,"3""",3,2.18,7.15,10.01,57,63
PB304L-CX600T3S3/4,"3/4""",600,304L,"3""",3,6.01,7.47,10.46,98,108
PB316L-CX600T3S3/4,"3/4""",600,316L,"3""",3,7.48,7.56,10.58,114,126
PBAL6061-CX600T3S3/4,"3/4""",600,AL-6061,"3""",3,5.1,2.52,3.53,53,59
PB304-CX600T11GAS1,"1""",600,304,11 Gauge,0.1196,5.55,0.34,0.48,38,42
PBSA36-CX600T11GAS1,"1""",600,SA-36,11 Gauge,0.1196,1.87,0.32,0.45,36,40
PBSA516-70-CX600T11GAS1,"1""",600,SA-516-70,11 Gauge,0.1196,2.18,0.32,0.45,36,40
PB304L-CX600T11GAS1,"1""",600,304L,11 Gauge,0.1196,6.01,0.34,0.48,38,42
PB316L-CX600T11GAS1,"1""",600,316L,11 Gauge,0.1196,7.48,0.34,0.48,38,42
PBAL6061-CX600T11GAS1,"1""",600,AL-6061,11 Gauge,0.1196,5.1,0.11,0.15,36,40
PB304-CX600T1/8S1,"1""",600,304,"1/8""",0.125,5.55,0.35,0.49,38,42
PBSA36-CX600T1/8S1,"1""",600,SA-36,"1/8""",0.125,1.87,0.34,0.48,36,40
PBSA516-70-CX600T1/8S1,"1""",600,SA-516-70,"1/8""",0.125,2.18,0.34,0.48,36,40
PB304L-CX600T1/8S1,"1""",600,304L,"1/8""",0.125,6.01,0.35,0.49,38,42
PB316L-CX600T1/8S1,"1""",600,316L,"1/8""",0.125,7.48,0.36,0.5,39,43
PBAL6061-CX600T1/8S1,"1""",600,AL-6061,"1/8""",0.125,5.1,0.12,0.17,36,40
PB304-CX600T3/16S1,"1""",600,304,"3/16""",0.1875,5.55,0.53,0.74,39,43
PBSA36-CX600T3/16S1,"1""",600,SA-36,"3/16""",0.1875,1.87,0.51,0.71,36,40
PBSA516-70-CX600T3/16S1,"1""",600,SA-516-70,"3/16""",0.1875,2.18,0.51,0.71,36,40
PB304L-CX600T3/16S1,"1""",600,304L,"3/16""",0.1875,6.01,0.53,0.74,39,43
PB316L-CX600T3/16S1,"1""",600,316L,"3/16""",0.1875,7.48,0.54,0.76,41,46
PBAL6061-CX600T3/16S1,"1""",600,AL-6061,"3/16""",0.1875,5.1,0.18,0.25,36,40
PB304-CX600T1/4S1,"1""",600,304,"1/4""",0.25,5.55,0.71,0.99,40,44
PBSA36-CX600T1/4S1,"1""",600,SA-36,"1/4""",0.25,1.87,0.68,0.95,37,41
PBSA516-70-CX600T1/4S1,"1""",600,SA-516-70,"1/4""",0.25,2.18,0.68,0.95,37,41
PB304L-CX600T1/4S1,"1""",600,304L,"1/4""",0.25,6.01,0.71,0.99,41,46
PB316L-CX600T1/4S1,"1""",600,316L,"1/4""",0.25,7.48,0.72,1.01,42,47
PBAL6061-CX600T1/4S1,"1""",600,AL-6061,"1/4""",0.25,5.1,0.24,0.34,37,41
PB304-CX600T5/16S1,"1""",600,304,"5/16""",0.3125,5.55,0.89,1.25,42,47
PBSA36-CX600T5/16S1,"1""",600,SA-36,"5/16""",0.3125,1.87,0.85,1.19,37,41
PBSA516-70-CX600T5/16S1,"1""",600,SA-516-70,"5/16""",0.3125,2.18,0.85,1.19,37,41
PB304L-CX600T5/16S1,"1""",600,304L,"5/16""",0.3125,6.01,0.89,1.25,42,47
PB316L-CX600T5/16S1,"1""",600,316L,"5/16""",0.3125,7.48,0.9,1.26,44,49
PBAL6061-CX600T5/16S1,"1""",600,AL-6061,"5/16""",0.3125,5.1,0.3,0.42,37,41
PB304-CX600T3/8S1,"1""",600,304,"3/8""",0.375,5.55,1.06,1.48,43,48
PBSA36-CX600T3/8S1,"1""",600,SA-36,"3/8""",0.375,1.87,1.02,1.43,38,42
PBSA516-70-CX600T3/8S1,"1""",600,SA-516-70,"3/8""",0.375,2.18,1.02,1.43,38,42
PB304L-CX600T3/8S1,"1""",600,304L,"3/8""",0.375,6.01,1.06,1.48,44,49
PB316L-CX600T3/8S1,"1""",600,316L,"3/8""",0.375,7.48,1.07,1.5,46,51
PBAL6061-CX600T3/8S1,"1""",600,AL-6061,"3/8""",0.375,5.1,0.36,0.5,37,41
PB304-CX600T1/2S1,"1""",600,304,"1/2""",0.5,5.55,1.42,1.99,46,51
PBSA36-CX600T1/2S1,"1""",600,SA-36,"1/2""",0.5,1.87,1.36,1.9,38,42
PBSA516-70-CX600T1/2S1,"1""",600,SA-516-70,"1/2""",0.5,2.18,1.36,1.9,39,43
PB304L-CX600T1/2S1,"1""",600,304L,"1/2""",0.5,6.01,1.42,1.99,47,52
PB316L-CX600T1/2S1,"1""",600,316L,"1/2""",0.5,7.48,1.43,2,50,56
PBAL6061-CX600T1/2S1,"1""",600,AL-6061,"1/2""",0.5,5.1,0.48,0.67,38,42
PB304-CX600T5/8S1,"1""",600,304,"5/8""",0.625,5.55,1.77,2.48,49,54
PBSA36-CX600T5/8S1,"1""",600,SA-36,"5/8""",0.625,1.87,1.7,2.38,39,43
PBSA516-70-CX600T5/8S1,"1""",600,SA-516-70,"5/8""",0.625,2.18,1.7,2.38,40,44
PB304L-CX600T5/8S1,"1""",600,304L,"5/8""",0.625,6.01,1.77,2.48,50,56
PB316L-CX600T5/8S1,"1""",600,316L,"5/8""",0.625,7.48,1.79,2.51,54,60
PBAL6061-CX600T5/8S1,"1""",600,AL-6061,"5/8""",0.625,5.1,0.6,0.84,39,43
PB304-CX600T3/4S1,"1""",600,304,"3/4""",0.75,5.55,2.13,2.98,51,57
PBSA36-CX600T3/4S1,"1""",600,SA-36,"3/4""",0.75,1.87,2.03,2.84,40,44
PBSA516-70-CX600T3/4S1,"1""",600,SA-516-70,"3/4""",0.75,2.18,2.03,2.84,41,46
PB304L-CX600T3/4S1,"1""",600,304L,"3/4""",0.75,6.01,2.13,2.98,53,59
PB316L-CX600T3/4S1,"1""",600,316L,"3/4""",0.75,7.48,2.15,3.01,57,63
PBAL6061-CX600T3/4S1,"1""",600,AL-6061,"3/4""",0.75,5.1,0.72,1.01,40,44
PB304-CX600T7/8S1,"1""",600,304,"7/8""",0.875,5.55,2.48,3.47,54,60
PBSA36-CX600T7/8S1,"1""",600,SA-36,"7/8""",0.875,1.87,2.37,3.32,41,46
PBSA516-70-CX600T7/8S1,"1""",600,SA-516-70,"7/8""",0.875,2.18,2.37,3.32,42,47
PB304L-CX600T7/8S1,"1""",600,304L,"7/8""",0.875,6.01,2.48,3.47,56,62
PB316L-CX600T7/8S1,"1""",600,316L,"7/8""",0.875,7.48,2.51,3.51,61,68
PBAL6061-CX600T7/8S1,"1""",600,AL-6061,"7/8""",0.875,5.1,0.84,1.18,41,46
PB304-CX600T1S1,"1""",600,304,"1""",1,5.55,2.83,3.96,57,63
PBSA36-CX600T1S1,"1""",600,SA-36,"1""",1,1.87,2.71,3.79,42,47
PBSA516-70-CX600T1S1,"1""",600,SA-516-70,"1""",1,2.18,2.71,3.79,43,48
PB304L-CX600T1S1,"1""",600,304L,"1""",1,6.01,2.83,3.96,59,65
PB316L-CX600T1S1,"1""",600,316L,"1""",1,7.48,2.87,4.02,65,72
PBAL6061-CX600T1S1,"1""",600,AL-6061,"1""",1,5.1,0.96,1.34,42,47
PB304-CX600T1-1/8S1,"1""",600,304,"1-1/8""",1.125,5.55,3.19,4.47,60,66
PBSA36-CX600T1-1/8S1,"1""",600,SA-36,"1-1/8""",1.125,1.87,3.05,4.27,43,48
PBSA516-70-CX600T1-1/8S1,"1""",600,SA-516-70,"1-1/8""",1.125,2.18,3.05,4.27,44,49
PB304L-CX600T1-1/8S1,"1""",600,304L,"1-1/8""",1.125,6.01,3.19,4.47,62,69
PB316L-CX600T1-1/8S1,"1""",600,316L,"1-1/8""",1.125,7.48,3.22,4.51,69,76
PBAL6061-CX600T1-1/8S1,"1""",600,AL-6061,"1-1/8""",1.125,5.1,1.08,1.51,43,48
PB304-CX600T1-1/4S1,"1""",600,304,"1-1/4""",1.25,5.55,3.54,4.96,62,69
PBSA36-CX600T1-1/4S1,"1""",600,SA-36,"1-1/4""",1.25,1.87,3.39,4.75,44,49
PBSA516-70-CX600T1-1/4S1,"1""",600,SA-516-70,"1-1/4""",1.25,2.18,3.39,4.75,45,50
PB304L-CX600T1-1/4S1,"1""",600,304L,"1-1/4""",1.25,6.01,3.54,4.96,65,72
PB316L-CX600T1-1/4S1,"1""",600,316L,"1-1/4""",1.25,7.48,3.58,5.01,72,80
PBAL6061-CX600T1-1/4S1,"1""",600,AL-6061,"1-1/4""",1.25,5.1,1.19,1.67,43,48
PB304-CX600T1-3/8S1,"1""",600,304,"1-3/8""",1.375,5.55,3.9,5.46,65,72
PBSA36-CX600T1-3/8S1,"1""",600,SA-36,"1-3/8""",1.375,1.87,3.73,5.22,45,50
PBSA516-70-CX600T1-3/8S1,"1""",600,SA-516-70,"1-3/8""",1.375,2.18,3.73,5.22,46,51
PB304L-CX600T1-3/8S1,"1""",600,304L,"1-3/8""",1.375,6.01,3.9,5.46,68,75
PB316L-CX600T1-3/8S1,"1""",600,316L,"1-3/8""",1.375,7.48,3.94,5.52,76,84
PBAL6061-CX600T1-3/8S1,"1""",600,AL-6061,"1-3/8""",1.375,5.1,1.31,1.83,44,49
PB304-CX600T1-1/2S1,"1""",600,304,"1-1/2""",1.5,5.55,4.25,5.95,68,75
PBSA36-CX600T1-1/2S1,"1""",600,SA-36,"1-1/2""",1.5,1.87,4.07,5.7,46,51
PBSA516-70-CX600T1-1/2S1,"1""",600,SA-516-70,"1-1/2""",1.5,2.18,4.07,5.7,47,52
PB304L-CX600T1-1/2S1,"1""",600,304L,"1-1/2""",1.5,6.01,4.25,5.95,71,79
PB316L-CX600T1-1/2S1,"1""",600,316L,"1-1/2""",1.5,7.48,4.3,6.02,80,88
PBAL6061-CX600T1-1/2S1,"1""",600,AL-6061,"1-1/2""",1.5,5.1,1.43,2,45,50
PB304-CX600T1-5/8S1,"1""",600,304,"1-5/8""",1.625,5.55,4.6,6.44,71,79
PBSA36-CX600T1-5/8S1,"1""",600,SA-36,"1-5/8""",1.625,1.87,4.41,6.17,46,51
PBSA516-70-CX600T1-5/8S1,"1""",600,SA-516-70,"1-5/8""",1.625,2.18,4.41,6.17,48,53
PB304L-CX600T1-5/8S1,"1""",600,304L,"1-5/8""",1.625,6.01,4.6,6.44,74,82
PB316L-CX600T1-5/8S1,"1""",600,316L,"1-5/8""",1.625,7.48,4.66,6.52,84,93
PBAL6061-CX600T1-5/8S1,"1""",600,AL-6061,"1-5/8""",1.625,5.1,1.55,2.17,46,51
PB304-CX600T1-3/4S1,"1""",600,304,"1-3/4""",1.75,5.55,4.96,6.94,73,81
PBSA36-CX600T1-3/4S1,"1""",600,SA-36,"1-3/4""",1.75,1.87,4.75,6.65,47,52
PBSA516-70-CX600T1-3/4S1,"1""",600,SA-516-70,"1-3/4""",1.75,2.18,4.75,6.65,49,54
PB304L-CX600T1-3/4S1,"1""",600,304L,"1-3/4""",1.75,6.01,4.96,6.94,77,85
PB316L-CX600T1-3/4S1,"1""",600,316L,"1-3/4""",1.75,7.48,5.02,7.03,87,96
PBAL6061-CX600T1-3/4S1,"1""",600,AL-6061,"1-3/4""",1.75,5.1,1.67,2.34,47,52
PB304-CX600T1-7/8S1,"1""",600,304,"1-7/8""",1.875,5.55,5.31,7.43,76,84
PBSA36-CX600T1-7/8S1,"1""",600,SA-36,"1-7/8""",1.875,1.87,5.09,7.13,48,53
PBSA516-70-CX600T1-7/8S1,"1""",600,SA-516-70,"1-7/8""",1.875,2.18,5.09,7.13,50,56
PB304L-CX600T1-7/8S1,"1""",600,304L,"1-7/8""",1.875,6.01,5.31,7.43,80,88
PB316L-CX600T1-7/8S1,"1""",600,316L,"1-7/8""",1.875,7.48,5.37,7.52,91,101
PBAL6061-CX600T1-7/8S1,"1""",600,AL-6061,"1-7/8""",1.875,5.1,1.79,2.51,48,53
PB304-CX600T2S1,"1""",600,304,"2""",2,5.55,5.67,7.94,79,87
PBSA36-CX600T2S1,"1""",600,SA-36,"2""",2,1.87,5.43,7.6,49,54
PBSA516-70-CX600T2S1,"1""",600,SA-516-70,"2""",2,2.18,5.43,7.6,51,57
PB304L-CX600T2S1,"1""",600,304L,"2""",2,6.01,5.67,7.94,83,92
PB316L-CX600T2S1,"1""",600,316L,"2""",2,7.48,5.73,8.02,95,105
PBAL6061-CX600T2S1,"1""",600,AL-6061,"2""",2,5.1,1.91,2.67,48,53
PB304-CX600T2-1/4S1,"1""",600,304,"2-1/4""",2.25,5.55,6.38,8.93,84,93
PBSA36-CX600T2-1/4S1,"1""",600,SA-36,"2-1/4""",2.25,1.87,6.1,8.54,51,57
PBSA516-70-CX600T2-1/4S1,"1""",600,SA-516-70,"2-1/4""",2.25,2.18,6.1,8.54,53,59
PB304L-CX600T2-1/4S1,"1""",600,304L,"2-1/4""",2.25,6.01,6.38,8.93,89,98
PB316L-CX600T2-1/4S1,"1""",600,316L,"2-1/4""",2.25,7.48,6.45,9.03,102,113
PBAL6061-CX600T2-1/4S1,"1""",600,AL-6061,"2-1/4""",2.25,5.1,2.15,3.01,50,56
PB304-CX600T2-1/2S1,"1""",600,304,"2-1/2""",2.5,5.55,7.08,9.91,90,100
PBSA36-CX600T2-1/2S1,"1""",600,SA-36,"2-1/2""",2.5,1.87,6.78,9.49,53,59
PBSA516-70-CX600T2-1/2S1,"1""",600,SA-516-70,"2-1/2""",2.5,2.18,6.78,9.49,56,62
PB304L-CX600T2-1/2S1,"1""",600,304L,"2-1/2""",2.5,6.01,7.08,9.91,94,104
PB316L-CX600T2-1/2S1,"1""",600,316L,"2-1/2""",2.5,7.48,7.17,10.04,110,122
PBAL6061-CX600T2-1/2S1,"1""",600,AL-6061,"2-1/2""",2.5,5.1,2.39,3.35,52,58
PB304-CX600T3S1,"1""",600,304,"3""",3,5.55,8.5,11.9,101,112
PBSA36-CX600T3S1,"1""",600,SA-36,"3""",3,1.87,8.14,11.4,56,62
PBSA516-70-CX600T3S1,"1""",600,SA-516-70,"3""",3,2.18,8.14,11.4,60,66
PB304L-CX600T3S1,"1""",600,304L,"3""",3,6.01,8.5,11.9,106,117
PB316L-CX600T3S1,"1""",600,316L,"3""",3,7.48,8.6,12.04,125,138
PBAL6061-CX600T3S1,"1""",600,AL-6061,"3""",3,5.1,2.87,4.02,55,61
PB304-CX600T11GAS1-1/4,"1-1/4""",600,304,11 Gauge,0.1196,5.55,0.41,0.57,38,42
PBSA36-CX600T11GAS1-1/4,"1-1/4""",600,SA-36,11 Gauge,0.1196,1.87,0.39,0.55,36,40
PBSA516-70-CX600T11GAS1-1/4,"1-1/4""",600,SA-516-70,11 Gauge,0.1196,2.18,0.39,0.55,36,40
PB304L-CX600T11GAS1-1/4,"1-1/4""",600,304L,11 Gauge,0.1196,6.01,0.41,0.57,38,42
PB316L-CX600T11GAS1-1/4,"1-1/4""",600,316L,11 Gauge,0.1196,7.48,0.41,0.57,39,43
PBAL6061-CX600T11GAS1-1/4,"1-1/4""",600,AL-6061,11 Gauge,0.1196,5.1,0.14,0.2,36,40
PB304-CX600T1/8S1-1/4,"1-1/4""",600,304,"1/8""",0.125,5.55,0.43,0.6,38,42
PBSA36-CX600T1/8S1-1/4,"1-1/4""",600,SA-36,"1/8""",0.125,1.87,0.41,0.57,36,40
PBSA516-70-CX600T1/8S1-1/4,"1-1/4""",600,SA-516-70,"1/8""",0.125,2.18,0.41,0.57,36,40
PB304L-CX600T1/8S1-1/4,"1-1/4""",600,304L,"1/8""",0.125,6.01,0.43,0.6,38,42
PB316L-CX600T1/8S1-1/4,"1-1/4""",600,316L,"1/8""",0.125,7.48,0.43,0.6,39,43
PBAL6061-CX600T1/8S1-1/4,"1-1/4""",600,AL-6061,"1/8""",0.125,5.1,0.14,0.2,36,40
PB304-CX600T3/16S1-1/4,"1-1/4""",600,304,"3/16""",0.1875,5.55,0.64,0.9,40,44
PBSA36-CX600T3/16S1-1/4,"1-1/4""",600,SA-36,"3/16""",0.1875,1.87,0.61,0.85,36,40
PBSA516-70-CX600T3/16S1-1/4,"1-1/4""",600,SA-516-70,"3/16""",0.1875,2.18,0.61,0.85,37,41
PB304L-CX600T3/16S1-1/4,"1-1/4""",600,304L,"3/16""",0.1875,6.01,0.64,0.9,40,44
PB316L-CX600T3/16S1-1/4,"1-1/4""",600,316L,"3/16""",0.1875,7.48,0.65,0.91,42,47
PBAL6061-CX600T3/16S1-1/4,"1-1/4""",600,AL-6061,"3/16""",0.1875,5.1,0.22,0.31,36,40
PB304-CX600T1/4S1-1/4,"1-1/4""",600,304,"1/4""",0.25,5.55,0.85,1.19,41,46
PBSA36-CX600T1/4S1-1/4,"1-1/4""",600,SA-36,"1/4""",0.25,1.87,0.81,1.13,37,41
PBSA516-70-CX600T1/4S1-1/4,"1-1/4""",600,SA-516-70,"1/4""",0.25,2.18,0.81,1.13,37,41
PB304L-CX600T1/4S1-1/4,"1-1/4""",600,304L,"1/4""",0.25,6.01,0.85,1.19,42,47
PB316L-CX600T1/4S1-1/4,"1-1/4""",600,316L,"1/4""",0.25,7.48,0.86,1.2,44,49
PBAL6061-CX600T1/4S1-1/4,"1-1/4""",600,AL-6061,"1/4""",0.25,5.1,0.29,0.41,37,41
PB304-CX600T5/16S1-1/4,"1-1/4""",600,304,"5/16""",0.3125,5.55,1.06,1.48,43,48
PBSA36-CX600T5/16S1-1/4,"1-1/4""",600,SA-36,"5/16""",0.3125,1.87,1.02,1.43,38,42
PBSA516-70-CX600T5/16S1-1/4,"1-1/4""",600,SA-516-70,"5/16""",0.3125,2.18,1.02,1.43,38,42
PB304L-CX600T5/16S1-1/4,"1-1/4""",600,304L,"5/16""",0.3125,6.01,1.06,1.48,44,49
PB316L-CX600T5/16S1-1/4,"1-1/4""",600,316L,"5/16""",0.3125,7.48,1.08,1.51,46,51
PBAL6061-CX600T5/16S1-1/4,"1-1/4""",600,AL-6061,"5/16""",0.3125,5.1,0.36,0.5,37,41
PB304-CX600T3/8S1-1/4,"1-1/4""",600,304,"3/8""",0.375,5.55,1.28,1.79,45,50
PBSA36-CX600T3/8S1-1/4,"1-1/4""",600,SA-36,"3/8""",0.375,1.87,1.22,1.71,38,42
PBSA516-70-CX600T3/8S1-1/4,"1-1/4""",600,SA-516-70,"3/8""",0.375,2.18,1.22,1.71,39,43
PB304L-CX600T3/8S1-1/4,"1-1/4""",600,304L,"3/8""",0.375,6.01,1.28,1.79,46,51
PB316L-CX600T3/8S1-1/4,"1-1/4""",600,316L,"3/8""",0.375,7.48,1.29,1.81,48,53
PBAL6061-CX600T3/8S1-1/4,"1-1/4""",600,AL-6061,"3/8""",0.375,5.1,0.43,0.6,38,42
PB304-CX600T1/2S1-1/4,"1-1/4""",600,304,"1/2""",0.5,5.55,1.7,2.38,48,53
PBSA36-CX600T1/2S1-1/4,"1-1/4""",600,SA-36,"1/2""",0.5,1.87,1.63,2.28,39,43
PBSA516-70-CX600T1/2S1-1/4,"1-1/4""",600,SA-516-70,"1/2""",0.5,2.18,1.63,2.28,40,44
PB304L-CX600T1/2S1-1/4,"1-1/4""",600,304L,"1/2""",0.5,6.01,1.7,2.38,49,54
PB316L-CX600T1/2S1-1/4,"1-1/4""",600,316L,"1/2""",0.5,7.48,1.72,2.41,53,59
PBAL6061-CX600T1/2S1-1/4,"1-1/4""",600,AL-6061,"1/2""",0.5,5.1,0.57,0.8,39,43
PB304-CX600T5/8S1-1/4,"1-1/4""",600,304,"5/8""",0.625,5.55,2.13,2.98,51,57
PBSA36-CX600T5/8S1-1/4,"1-1/4""",600,SA-36,"5/8""",0.625,1.87,2.04,2.86,40,44
PBSA516-70-CX600T5/8S1-1/4,"1-1/4""",600,SA-516-70,"5/8""",0.625,2.18,2.04,2.86,41,46
PB304L-CX600T5/8S1-1/4,"1-1/4""",600,304L,"5/8""",0.625,6.01,2.13,2.98,53,59
PB316L-CX600T5/8S1-1/4,"1-1/4""",600,316L,"5/8""",0.625,7.48,2.15,3.01,57,63
PBAL6061-CX600T5/8S1-1/4,"1-1/4""",600,AL-6061,"5/8""",0.625,5.1,0.72,1.01,40,44
PB304-CX600T3/4S1-1/4,"1-1/4""",600,304,"3/4""",0.75,5.55,2.55,3.57,55,61
PBSA36-CX600T3/4S1-1/4,"1-1/4""",600,SA-36,"3/4""",0.75,1.87,2.44,3.42,41,46
PBSA516-70-CX600T3/4S1-1/4,"1-1/4""",600,SA-516-70,"3/4""",0.75,2.18,2.44,3.42,42,47
PB304L-CX600T3/4S1-1/4,"1-1/4""",600,304L,"3/4""",0.75,6.01,2.55,3.57,56,62
PB316L-CX600T3/4S1-1/4,"1-1/4""",600,316L,"3/4""",0.75,7.48,2.58,3.61,62,69
PBAL6061-CX600T3/4S1-1/4,"1-1/4""",600,AL-6061,"3/4""",0.75,5.1,0.86,1.2,41,46
PB304-CX600T7/8S1-1/4,"1-1/4""",600,304,"7/8""",0.875,5.55,2.98,4.17,58,64
PBSA36-CX600T7/8S1-1/4,"1-1/4""",600,SA-36,"7/8""",0.875,1.87,2.85,3.99,42,47
PBSA516-70-CX600T7/8S1-1/4,"1-1/4""",600,SA-516-70,"7/8""",0.875,2.18,2.85,3.99,44,49
PB304L-CX600T7/8S1-1/4,"1-1/4""",600,304L,"7/8""",0.875,6.01,2.98,4.17,60,66
PB316L-CX600T7/8S1-1/4,"1-1/4""",600,316L,"7/8""",0.875,7.48,3.01,4.21,66,73
PBAL6061-CX600T7/8S1-1/4,"1-1/4""",600,AL-6061,"7/8""",0.875,5.1,1,1.4,42,47
PB304-CX600T1S1-1/4,"1-1/4""",600,304,"1""",1,5.55,3.4,4.76,61,68
PBSA36-CX600T1S1-1/4,"1-1/4""",600,SA-36,"1""",1,1.87,3.26,4.56,43,48
PBSA516-70-CX600T1S1-1/4,"1-1/4""",600,SA-516-70,"1""",1,2.18,3.26,4.56,45,50
PB304L-CX600T1S1-1/4,"1-1/4""",600,304L,"1""",1,6.01,3.4,4.76,63,70
PB316L-CX600T1S1-1/4,"1-1/4""",600,316L,"1""",1,7.48,3.44,4.82,71,79
PBAL6061-CX600T1S1-1/4,"1-1/4""",600,AL-6061,"1""",1,5.1,1.15,1.61,43,48
PB304-CX600T1-1/8S1-1/4,"1-1/4""",600,304,"1-1/8""",1.125,5.55,3.83,5.36,65,72
PBSA36-CX600T1-1/8S1-1/4,"1-1/4""",600,SA-36,"1-1/8""",1.125,1.87,3.67,5.14,44,49
PBSA516-70-CX600T1-1/8S1-1/4,"1-1/4""",600,SA-516-70,"1-1/8""",1.125,2.18,3.67,5.14,46,51
PB304L-CX600T1-1/8S1-1/4,"1-1/4""",600,304L,"1-1/8""",1.125,6.01,3.83,5.36,67,74
PB316L-CX600T1-1/8S1-1/4,"1-1/4""",600,316L,"1-1/8""",1.125,7.48,3.87,5.42,75,83
PBAL6061-CX600T1-1/8S1-1/4,"1-1/4""",600,AL-6061,"1-1/8""",1.125,5.1,1.29,1.81,44,49
PB304-CX600T1-1/4S1-1/4,"1-1/4""",600,304,"1-1/4""",1.25,5.55,4.25,5.95,68,75
PBSA36-CX600T1-1/4S1-1/4,"1-1/4""",600,SA-36,"1-1/4""",1.25,1.87,4.07,5.7,46,51
PBSA516-70-CX600T1-1/4S1-1/4,"1-1/4""",600,SA-516-70,"1-1/4""",1.25,2.18,4.07,5.7,47,52
PB304L-CX600T1-1/4S1-1/4,"1-1/4""",600,304L,"1-1/4""",1.25,6.01,4.25,5.95,71,79
PB316L-CX600T1-1/4S1-1/4,"1-1/4""",600,316L,"1-1/4""",1.25,7.48,4.3,6.02,80,88
PBAL6061-CX600T1-1/4S1-1/4,"1-1/4""",600,AL-6061,"1-1/4""",1.25,5.1,1.43,2,45,50
PB304-CX600T1-3/8S1-1/4,"1-1/4""",600,304,"1-3/8""",1.375,5.55,4.68,6.55,71,79
PBSA36-CX600T1-3/8S1-1/4,"1-1/4""",600,SA-36,"1-3/8""",1.375,1.87,4.48,6.27,47,52
PBSA516-70-CX600T1-3/8S1-1/4,"1-1/4""",600,SA-516-70,"1-3/8""",1.375,2.18,4.48,6.27,49,54
PB304L-CX600T1-3/8S1-1/4,"1-1/4""",600,304L,"1-3/8""",1.375,6.01,4.68,6.55,74,82
PB316L-CX600T1-3/8S1-1/4,"1-1/4""",600,316L,"1-3/8""",1.375,7.48,4.73,6.62,84,93
PBAL6061-CX600T1-3/8S1-1/4,"1-1/4""",600,AL-6061,"1-3/8""",1.375,5.1,1.58,2.21,46,51
PB304-CX600T1-1/2S1-1/4,"1-1/4""",600,304,"1-1/2""",1.5,5.55,5.11,7.15,75,83
PBSA36-CX600T1-1/2S1-1/4,"1-1/4""",600,SA-36,"1-1/2""",1.5,1.87,4.89,6.85,48,53
PBSA516-70-CX600T1-1/2S1-1/4,"1-1/4""",600,SA-516-70,"1-1/2""",1.5,2.18,4.89,6.85,50,56
PB304L-CX600T1-1/2S1-1/4,"1-1/4""",600,304L,"1-1/2""",1.5,6.01,5.11,7.15,78,86
PB316L-CX600T1-1/2S1-1/4,"1-1/4""",600,316L,"1-1/2""",1.5,7.48,5.16,7.22,89,98
PBAL6061-CX600T1-1/2S1-1/4,"1-1/4""",600,AL-6061,"1-1/2""",1.5,5.1,1.72,2.41,47,52
PB304-CX600T1-5/8S1-1/4,"1-1/4""",600,304,"1-5/8""",1.625,5.55,5.53,7.74,78,86
PBSA36-CX600T1-5/8S1-1/4,"1-1/4""",600,SA-36,"1-5/8""",1.625,1.87,5.29,7.41,49,54
PBSA516-70-CX600T1-5/8S1-1/4,"1-1/4""",600,SA-516-70,"1-5/8""",1.625,2.18,5.29,7.41,51,57
PB304L-CX600T1-5/8S1-1/4,"1-1/4""",600,304L,"1-5/8""",1.625,6.01,5.53,7.74,81,90
PB316L-CX600T1-5/8S1-1/4,"1-1/4""",600,316L,"1-5/8""",1.625,7.48,5.59,7.83,93,103
PBAL6061-CX600T1-5/8S1-1/4,"1-1/4""",600,AL-6061,"1-5/8""",1.625,5.1,1.87,2.62,48,53
PB304-CX600T1-3/4S1-1/4,"1-1/4""",600,304,"1-3/4""",1.75,5.55,5.96,8.34,81,90
PBSA36-CX600T1-3/4S1-1/4,"1-1/4""",600,SA-36,"1-3/4""",1.75,1.87,5.7,7.98,50,56
PBSA516-70-CX600T1-3/4S1-1/4,"1-1/4""",600,SA-516-70,"1-3/4""",1.75,2.18,5.7,7.98,52,58
PB304L-CX600T1-3/4S1-1/4,"1-1/4""",600,304L,"1-3/4""",1.75,6.01,5.96,8.34,85,94
PB316L-CX600T1-3/4S1-1/4,"1-1/4""",600,316L,"1-3/4""",1.75,7.48,6.02,8.43,98,108
PBAL6061-CX600T1-3/4S1-1/4,"1-1/4""",600,AL-6061,"1-3/4""",1.75,5.1,2.01,2.81,49,54
PB304-CX600T1-7/8S1-1/4,"1-1/4""",600,304,"1-7/8""",1.875,5.55,6.38,8.93,84,93
PBSA36-CX600T1-7/8S1-1/4,"1-1/4""",600,SA-36,"1-7/8""",1.875,1.87,6.11,8.55,51,57
PBSA516-70-CX600T1-7/8S1-1/4,"1-1/4""",600,SA-516-70,"1-7/8""",1.875,2.18,6.11,8.55,53,59
PB304L-CX600T1-7/8S1-1/4,"1-1/4""",600,304L,"1-7/8""",1.875,6.01,6.38,8.93,89,98
PB316L-CX600T1-7/8S1-1/4,"1-1/4""",600,316L,"1-7/8""",1.875,7.48,6.45,9.03,102,113
PBAL6061-CX600T1-7/8S1-1/4,"1-1/4""",600,AL-6061,"1-7/8""",1.875,5.1,2.15,3.01,50,56
PB304-CX600T2S1-1/4,"1-1/4""",600,304,"2""",2,5.55,6.81,9.53,88,97
PBSA36-CX600T2S1-1/4,"1-1/4""",600,SA-36,"2""",2,1.87,6.52,9.13,52,58
PBSA516-70-CX600T2S1-1/4,"1-1/4""",600,SA-516-70,"2""",2,2.18,6.52,9.13,55,61
PB304L-CX600T2S1-1/4,"1-1/4""",600,304L,"2""",2,6.01,6.81,9.53,92,102
PB316L-CX600T2S1-1/4,"1-1/4""",600,316L,"2""",2,7.48,6.88,9.63,107,118
PBAL6061-CX600T2S1-1/4,"1-1/4""",600,AL-6061,"2""",2,5.1,2.3,3.22,51,57
PB304-CX600T2-1/4S1-1/4,"1-1/4""",600,304,"2-1/4""",2.25,5.55,7.66,10.72,94,104
PBSA36-CX600T2-1/4S1-1/4,"1-1/4""",600,SA-36,"2-1/4""",2.25,1.87,7.33,10.26,54,60
PBSA516-70-CX600T2-1/4S1-1/4,"1-1/4""",600,SA-516-70,"2-1/4""",2.25,2.18,7.33,10.26,57,63
PB304L-CX600T2-1/4S1-1/4,"1-1/4""",600,304L,"2-1/4""",2.25,6.01,7.66,10.72,99,109
PB316L-CX600T2-1/4S1-1/4,"1-1/4""",600,316L,"2-1/4""",2.25,7.48,7.75,10.85,116,128
PBAL6061-CX600T2-1/4S1-1/4,"1-1/4""",600,AL-6061,"2-1/4""",2.25,5.1,2.58,3.61,53,59
PB304-CX600T2-1/2S1-1/4,"1-1/4""",600,304,"2-1/2""",2.5,5.55,8.51,11.91,101,112
PBSA36-CX600T2-1/2S1-1/4,"1-1/4""",600,SA-36,"2-1/2""",2.5,1.87,8.14,11.4,56,62
PBSA516-70-CX600T2-1/2S1-1/4,"1-1/4""",600,SA-516-70,"2-1/2""",2.5,2.18,8.14,11.4,60,66
PB304L-CX600T2-1/2S1-1/4,"1-1/4""",600,304L,"2-1/2""",2.5,6.01,8.51,11.91,106,117
PB316L-CX600T2-1/2S1-1/4,"1-1/4""",600,316L,"2-1/2""",2.5,7.48,8.61,12.05,125,138
PBAL6061-CX600T2-1/2S1-1/4,"1-1/4""",600,AL-6061,"2-1/2""",2.5,5.1,2.87,4.02,55,61
PB304-CX600T3S1-1/4,"1-1/4""",600,304,"3""",3,5.55,10.21,14.29,114,126
PBSA36-CX600T3S1-1/4,"1-1/4""",600,SA-36,"3""",3,1.87,9.77,13.68,60,66
PBSA516-70-CX600T3S1-1/4,"1-1/4""",600,SA-516-70,"3""",3,2.18,9.77,13.68,65,72
PB304L-CX600T3S1-1/4,"1-1/4""",600,304L,"3""",3,6.01,10.21,14.29,121,134
PB316L-CX600T3S1-1/4,"1-1/4""",600,316L,"3""",3,7.48,10.33,14.46,143,158
PBAL6061-CX600T3S1-1/4,"1-1/4""",600,AL-6061,"3""",3,5.1,3.44,4.82,59,65
PB304-CX600T11GAS1-1/2,"1-1/2""",600,304,11 Gauge,0.1196,5.55,0.51,0.71,39,43
PBSA36-CX600T11GAS1-1/2,"1-1/2""",600,SA-36,11 Gauge,0.1196,1.87,0.49,0.69,36,40
PBSA516-70-CX600T11GAS1-1/2,"1-1/2""",600,SA-516-70,11 Gauge,0.1196,2.18,0.49,0.69,36,40
PB304L-CX600T11GAS1-1/2,"1-1/2""",600,304L,11 Gauge,0.1196,6.01,0.51,0.71,39,43
PB316L-CX600T11GAS1-1/2,"1-1/2""",600,316L,11 Gauge,0.1196,7.48,0.52,0.73,40,44
PBAL6061-CX600T11GAS1-1/2,"1-1/2""",600,AL-6061,11 Gauge,0.1196,5.1,0.17,0.24,36,40
PB304-CX600T1/8S1-1/2,"1-1/2""",600,304,"1/8""",0.125,5.55,0.54,0.76,39,43
PBSA36-CX600T1/8S1-1/2,"1-1/2""",600,SA-36,"1/8""",0.125,1.87,0.51,0.71,36,40
PBSA516-70-CX600T1/8S1-1/2,"1-1/2""",600,SA-516-70,"1/8""",0.125,2.18,0.51,0.71,36,40
PB304L-CX600T1/8S1-1/2,"1-1/2""",600,304L,"1/8""",0.125,6.01,0.54,0.76,39,43
PB316L-CX600T1/8S1-1/2,"1-1/2""",600,316L,"1/8""",0.125,7.48,0.54,0.76,41,46
PBAL6061-CX600T1/8S1-1/2,"1-1/2""",600,AL-6061,"1/8""",0.125,5.1,0.18,0.25,36,40
PB304-CX600T3/16S1-1/2,"1-1/2""",600,304,"3/16""",0.1875,5.55,0.81,1.13,41,46
PBSA36-CX600T3/16S1-1/2,"1-1/2""",600,SA-36,"3/16""",0.1875,1.87,0.77,1.08,37,41
PBSA516-70-CX600T3/16S1-1/2,"1-1/2""",600,SA-516-70,"3/16""",0.1875,2.18,0.77,1.08,37,41
PB304L-CX600T3/16S1-1/2,"1-1/2""",600,304L,"3/16""",0.1875,6.01,0.81,1.13,42,47
PB316L-CX600T3/16S1-1/2,"1-1/2""",600,316L,"3/16""",0.1875,7.48,0.82,1.15,43,48
PBAL6061-CX600T3/16S1-1/2,"1-1/2""",600,AL-6061,"3/16""",0.1875,5.1,0.27,0.38,37,41
PB304-CX600T1/4S1-1/2,"1-1/2""",600,304,"1/4""",0.25,5.55,1.07,1.5,43,48
PBSA36-CX600T1/4S1-1/2,"1-1/2""",600,SA-36,"1/4""",0.25,1.87,1.03,1.44,38,42
PBSA516-70-CX600T1/4S1-1/2,"1-1/2""",600,SA-516-70,"1/4""",0.25,2.18,1.03,1.44,38,42
PB304L-CX600T1/4S1-1/2,"1-1/2""",600,304L,"1/4""",0.25,6.01,1.07,1.5,44,49
PB316L-CX600T1/4S1-1/2,"1-1/2""",600,316L,"1/4""",0.25,7.48,1.09,1.53,46,51
PBAL6061-CX600T1/4S1-1/2,"1-1/2""",600,AL-6061,"1/4""",0.25,5.1,0.36,0.5,37,41
PB304-CX600T5/16S1-1/2,"1-1/2""",600,304,"5/16""",0.3125,5.55,1.34,1.88,45,50
PBSA36-CX600T5/16S1-1/2,"1-1/2""",600,SA-36,"5/16""",0.3125,1.87,1.29,1.81,38,42
PBSA516-70-CX600T5/16S1-1/2,"1-1/2""",600,SA-516-70,"5/16""",0.3125,2.18,1.29,1.81,39,43
PB304L-CX600T5/16S1-1/2,"1-1/2""",600,304L,"5/16""",0.3125,6.01,1.34,1.88,46,51
PB316L-CX600T5/16S1-1/2,"1-1/2""",600,316L,"5/16""",0.3125,7.48,1.36,1.9,49,54
PBAL6061-CX600T5/16S1-1/2,"1-1/2""",600,AL-6061,"5/16""",0.3125,5.1,0.45,0.63,38,42
PB304-CX600T3/8S1-1/2,"1-1/2""",600,304,"3/8""",0.375,5.55,1.61,2.25,47,52
PBSA36-CX600T3/8S1-1/2,"1-1/2""",600,SA-36,"3/8""",0.375,1.87,1.54,2.16,39,43
PBSA516-70-CX600T3/8S1-1/2,"1-1/2""",600,SA-516-70,"3/8""",0.375,2.18,1.54,2.16,40,44
PB304L-CX600T3/8S1-1/2,"1-1/2""",600,304L,"3/8""",0.375,6.01,1.61,2.25,48,53
PB316L-CX600T3/8S1-1/2,"1-1/2""",600,316L,"3/8""",0.375,7.48,1.63,2.28,52,58
PBAL6061-CX600T3/8S1-1/2,"1-1/2""",600,AL-6061,"3/8""",0.375,5.1,0.54,0.76,39,43
PB304-CX600T1/2S1-1/2,"1-1/2""",600,304,"1/2""",0.5,5.55,2.15,3.01,52,58
PBSA36-CX600T1/2S1-1/2,"1-1/2""",600,SA-36,"1/2""",0.5,1.87,2.06,2.88,40,44
PBSA516-70-CX600T1/2S1-1/2,"1-1/2""",600,SA-516-70,"1/2""",0.5,2.18,2.06,2.88,41,46
PB304L-CX600T1/2S1-1/2,"1-1/2""",600,304L,"1/2""",0.5,6.01,2.15,3.01,53,59
PB316L-CX600T1/2S1-1/2,"1-1/2""",600,316L,"1/2""",0.5,7.48,2.17,3.04,58,64
PBAL6061-CX600T1/2S1-1/2,"1-1/2""",600,AL-6061,"1/2""",0.5,5.1,0.72,1.01,40,44
PB304-CX600T5/8S1-1/2,"1-1/2""",600,304,"5/8""",0.625,5.55,2.69,3.77,56,62
PBSA36-CX600T5/8S1-1/2,"1-1/2""",600,SA-36,"5/8""",0.625,1.87,2.57,3.6,42,47
PBSA516-70-CX600T5/8S1-1/2,"1-1/2""",600,SA-516-70,"5/8""",0.625,2.18,2.57,3.6,43,48
PB304L-CX600T5/8S1-1/2,"1-1/2""",600,304L,"5/8""",0.625,6.01,2.69,3.77,58,64
PB316L-CX600T5/8S1-1/2,"1-1/2""",600,316L,"5/8""",0.625,7.48,2.72,3.81,63,70
PBAL6061-CX600T5/8S1-1/2,"1-1/2""",600,AL-6061,"5/8""",0.625,5.1,0.91,1.27,41,46
PB304-CX600T3/4S1-1/2,"1-1/2""",600,304,"3/4""",0.75,5.55,3.22,4.51,60,66
PBSA36-CX600T3/4S1-1/2,"1-1/2""",600,SA-36,"3/4""",0.75,1.87,3.09,4.33,43,48
PBSA516-70-CX600T3/4S1-1/2,"1-1/2""",600,SA-516-70,"3/4""",0.75,2.18,3.09,4.33,44,49
PB304L-CX600T3/4S1-1/2,"1-1/2""",600,304L,"3/4""",0.75,6.01,3.22,4.51,62,69
PB316L-CX600T3/4S1-1/2,"1-1/2""",600,316L,"3/4""",0.75,7.48,3.26,4.56,69,76
PBAL6061-CX600T3/4S1-1/2,"1-1/2""",600,AL-6061,"3/4""",0.75,5.1,1.09,1.53,43,48
PB304-CX600T7/8S1-1/2,"1-1/2""",600,304,"7/8""",0.875,5.55,3.76,5.26,64,71
PBSA36-CX600T7/8S1-1/2,"1-1/2""",600,SA-36,"7/8""",0.875,1.87,3.6,5.04,44,49
PBSA516-70-CX600T7/8S1-1/2,"1-1/2""",600,SA-516-70,"7/8""",0.875,2.18,3.6,5.04,46,51
PB304L-CX600T7/8S1-1/2,"1-1/2""",600,304L,"7/8""",0.875,6.01,3.76,5.26,66,73
PB316L-CX600T7/8S1-1/2,"1-1/2""",600,316L,"7/8""",0.875,7.48,3.8,5.32,75,83
PBAL6061-CX600T7/8S1-1/2,"1-1/2""",600,AL-6061,"7/8""",0.875,5.1,1.27,1.78,44,49
PB304-CX600T1S1-1/2,"1-1/2""",600,304,"1""",1,5.55,4.3,6.02,68,75
PBSA36-CX600T1S1-1/2,"1-1/2""",600,SA-36,"1""",1,1.87,4.11,5.75,46,51
PBSA516-70-CX600T1S1-1/2,"1-1/2""",600,SA-516-70,"1""",1,2.18,4.11,5.75,47,52
PB304L-CX600T1S1-1/2,"1-1/2""",600,304L,"1""",1,6.01,4.3,6.02,71,79
PB316L-CX600T1S1-1/2,"1-1/2""",600,316L,"1""",1,7.48,4.35,6.09,80,88
PBAL6061-CX600T1S1-1/2,"1-1/2""",600,AL-6061,"1""",1,5.1,1.45,2.03,45,50
PB304-CX600T1-1/8S1-1/2,"1-1/2""",600,304,"1-1/8""",1.125,5.55,4.84,6.78,72,80
PBSA36-CX600T1-1/8S1-1/2,"1-1/2""",600,SA-36,"1-1/8""",1.125,1.87,4.63,6.48,47,52
PBSA516-70-CX600T1-1/8S1-1/2,"1-1/2""",600,SA-516-70,"1-1/8""",1.125,2.18,4.63,6.48,49,54
PB304L-CX600T1-1/8S1-1/2,"1-1/2""",600,304L,"1-1/8""",1.125,6.01,4.84,6.78,76,84
PB316L-CX600T1-1/8S1-1/2,"1-1/2""",600,316L,"1-1/8""",1.125,7.48,4.89,6.85,86,95
PBAL6061-CX600T1-1/8S1-1/2,"1-1/2""",600,AL-6061,"1-1/8""",1.125,5.1,1.63,2.28,46,51
PB304-CX600T1-1/4S1-1/2,"1-1/2""",600,304,"1-1/4""",1.25,5.55,5.37,7.52,77,85
PBSA36-CX600T1-1/4S1-1/2,"1-1/2""",600,SA-36,"1-1/4""",1.25,1.87,5.14,7.2,48,53
PBSA516-70-CX600T1-1/4S1-1/2,"1-1/2""",600,SA-516-70,"1-1/4""",1.25,2.18,5.14,7.2,51,57
PB304L-CX600T1-1/4S1-1/2,"1-1/2""",600,304L,"1-1/4""",1.25,6.01,5.37,7.52,80,88
PB316L-CX600T1-1/4S1-1/2,"1-1/2""",600,316L,"1-1/4""",1.25,7.48,5.43,7.6,92,102
PBAL6061-CX600T1-1/4S1-1/2,"1-1/2""",600,AL-6061,"1-1/4""",1.25,5.1,1.81,2.53,48,53
PB304-CX600T1-3/8S1-1/2,"1-1/2""",600,304,"1-3/8""",1.375,5.55,5.91,8.27,81,90
PBSA36-CX600T1-3/8S1-1/2,"1-1/2""",600,SA-36,"1-3/8""",1.375,1.87,5.66,7.92,50,56
PBSA516-70-CX600T1-3/8S1-1/2,"1-1/2""",600,SA-516-70,"1-3/8""",1.375,2.18,5.66,7.92,52,58
PB304L-CX600T1-3/8S1-1/2,"1-1/2""",600,304L,"1-3/8""",1.375,6.01,5.91,8.27,85,94
PB316L-CX600T1-3/8S1-1/2,"1-1/2""",600,316L,"1-3/8""",1.375,7.48,5.98,8.37,97,107
PBAL6061-CX600T1-3/8S1-1/2,"1-1/2""",600,AL-6061,"1-3/8""",1.375,5.1,1.99,2.79,49,54
PB304-CX600T1-1/2S1-1/2,"1-1/2""",600,304,"1-1/2""",1.5,5.55,6.45,9.03,85,94
PBSA36-CX600T1-1/2S1-1/2,"1-1/2""",600,SA-36,"1-1/2""",1.5,1.87,6.17,8.64,51,57
PBSA516-70-CX600T1-1/2S1-1/2,"1-1/2""",600,SA-516-70,"1-1/2""",1.5,2.18,6.17,8.64,54,60
PB304L-CX600T1-1/2S1-1/2,"1-1/2""",600,304L,"1-1/2""",1.5,6.01,6.45,9.03,89,98
PB316L-CX600T1-1/2S1-1/2,"1-1/2""",600,316L,"1-1/2""",1.5,7.48,6.52,9.13,103,114
PBAL6061-CX600T1-1/2S1-1/2,"1-1/2""",600,AL-6061,"1-1/2""",1.5,5.1,2.17,3.04,50,56
PB304-CX600T1-5/8S1-1/2,"1-1/2""",600,304,"1-5/8""",1.625,5.55,6.99,9.79,89,98
PBSA36-CX600T1-5/8S1-1/2,"1-1/2""",600,SA-36,"1-5/8""",1.625,1.87,6.69,9.37,52,58
PBSA516-70-CX600T1-5/8S1-1/2,"1-1/2""",600,SA-516-70,"1-5/8""",1.625,2.18,6.69,9.37,55,61
PB304L-CX600T1-5/8S1-1/2,"1-1/2""",600,304L,"1-5/8""",1.625,6.01,6.99,9.79,94,104
PB316L-CX600T1-5/8S1-1/2,"1-1/2""",600,316L,"1-5/8""",1.625,7.48,7.06,9.88,109,120
PBAL6061-CX600T1-5/8S1-1/2,"1-1/2""",600,AL-6061,"1-5/8""",1.625,5.1,2.36,3.3,52,58
PB304-CX600T1-3/4S1-1/2,"1-1/2""",600,304,"1-3/4""",1.75,5.55,7.52,10.53,93,103
PBSA36-CX600T1-3/4S1-1/2,"1-1/2""",600,SA-36,"1-3/4""",1.75,1.87,7.2,10.08,54,60
PBSA516-70-CX600T1-3/4S1-1/2,"1-1/2""",600,SA-516-70,"1-3/4""",1.75,2.18,7.2,10.08,57,63
PB304L-CX600T1-3/4S1-1/2,"1-1/2""",600,304L,"1-3/4""",1.75,6.01,7.52,10.53,98,108
PB316L-CX600T1-3/4S1-1/2,"1-1/2""",600,316L,"1-3/4""",1.75,7.48,7.61,10.65,115,127
PBAL6061-CX600T1-3/4S1-1/2,"1-1/2""",600,AL-6061,"1-3/4""",1.75,5.1,2.54,3.56,53,59
PB304-CX600T1-7/8S1-1/2,"1-1/2""",600,304,"1-7/8""",1.875,5.55,8.06,11.28,97,107
PBSA36-CX600T1-7/8S1-1/2,"1-1/2""",600,SA-36,"1-7/8""",1.875,1.87,7.71,10.79,55,61
PBSA516-70-CX600T1-7/8S1-1/2,"1-1/2""",600,SA-516-70,"1-7/8""",1.875,2.18,7.71,10.79,58,64
PB304L-CX600T1-7/8S1-1/2,"1-1/2""",600,304L,"1-7/8""",1.875,6.01,8.06,11.28,103,114
PB316L-CX600T1-7/8S1-1/2,"1-1/2""",600,316L,"1-7/8""",1.875,7.48,8.15,11.41,120,132
PBAL6061-CX600T1-7/8S1-1/2,"1-1/2""",600,AL-6061,"1-7/8""",1.875,5.1,2.72,3.81,54,60
PB304-CX600T2S1-1/2,"1-1/2""",600,304,"2""",2,5.55,8.6,12.04,102,113
PBSA36-CX600T2S1-1/2,"1-1/2""",600,SA-36,"2""",2,1.87,8.23,11.52,56,62
PBSA516-70-CX600T2S1-1/2,"1-1/2""",600,SA-516-70,"2""",2,2.18,8.23,11.52,60,66
PB304L-CX600T2S1-1/2,"1-1/2""",600,304L,"2""",2,6.01,8.6,12.04,107,118
PB316L-CX600T2S1-1/2,"1-1/2""",600,316L,"2""",2,7.48,8.69,12.17,126,139
PBAL6061-CX600T2S1-1/2,"1-1/2""",600,AL-6061,"2""",2,5.1,2.9,4.06,56,62
PB304-CX600T2-1/4S1-1/2,"1-1/2""",600,304,"2-1/4""",2.25,5.55,9.67,13.54,110,122
PBSA36-CX600T2-1/4S1-1/2,"1-1/2""",600,SA-36,"2-1/4""",2.25,1.87,9.26,12.96,59,65
PBSA516-70-CX600T2-1/4S1-1/2,"1-1/2""",600,SA-516-70,"2-1/4""",2.25,2.18,9.26,12.96,63,70
PB304L-CX600T2-1/4S1-1/2,"1-1/2""",600,304L,"2-1/4""",2.25,6.01,9.67,13.54,116,128
PB316L-CX600T2-1/4S1-1/2,"1-1/2""",600,316L,"2-1/4""",2.25,7.48,9.78,13.69,137,151
PBAL6061-CX600T2-1/4S1-1/2,"1-1/2""",600,AL-6061,"2-1/4""",2.25,5.1,3.26,4.56,58,64
PB304-CX600T2-1/2S1-1/2,"1-1/2""",600,304,"2-1/2""",2.5,5.55,10.75,15.05,118,130
PBSA36-CX600T2-1/2S1-1/2,"1-1/2""",600,SA-36,"2-1/2""",2.5,1.87,10.29,14.41,62,69
PBSA516-70-CX600T2-1/2S1-1/2,"1-1/2""",600,SA-516-70,"2-1/2""",2.5,2.18,10.29,14.41,66,73
PB304L-CX600T2-1/2S1-1/2,"1-1/2""",600,304L,"2-1/2""",2.5,6.01,10.75,15.05,125,138
PB316L-CX600T2-1/2S1-1/2,"1-1/2""",600,316L,"2-1/2""",2.5,7.48,10.87,15.22,149,164
PBAL6061-CX600T2-1/2S1-1/2,"1-1/2""",600,AL-6061,"2-1/2""",2.5,5.1,3.62,5.07,61,68
PB304-CX600T3S1-1/2,"1-1/2""",600,304,"3""",3,5.55,12.9,18.06,135,149
PBSA36-CX600T3S1-1/2,"1-1/2""",600,SA-36,"3""",3,1.87,12.34,17.28,67,74
PBSA516-70-CX600T3S1-1/2,"1-1/2""",600,SA-516-70,"3""",3,2.18,12.34,17.28,73,81
PB304L-CX600T3S1-1/2,"1-1/2""",600,304L,"3""",3,6.01,12.9,18.06,143,158
PB316L-CX600T3S1-1/2,"1-1/2""",600,316L,"3""",3,7.48,13.04,18.26,171,189
PBAL6061-CX600T3S1-1/2,"1-1/2""",600,AL-6061,"3""",3,5.1,4.35,6.09,66,73
PB304-CX600T11GAS2,"2""",600,304,11 Gauge,0.1196,5.55,0.67,0.94,40,44
PBSA36-CX600T11GAS2,"2""",600,SA-36,11 Gauge,0.1196,1.87,0.64,0.9,37,41
PBSA516-70-CX600T11GAS2,"2""",600,SA-516-70,11 Gauge,0.1196,2.18,0.64,0.9,37,41
PB304L-CX600T11GAS2,"2""",600,304L,11 Gauge,0.1196,6.01,0.67,0.94,40,44
PB316L-CX600T11GAS2,"2""",600,316L,11 Gauge,0.1196,7.48,0.68,0.95,42,47
PBAL6061-CX600T11GAS2,"2""",600,AL-6061,11 Gauge,0.1196,5.1,0.23,0.32,36,40
PB304-CX600T1/8S2,"2""",600,304,"1/8""",0.125,5.55,0.7,0.98,40,44
PBSA36-CX600T1/8S2,"2""",600,SA-36,"1/8""",0.125,1.87,0.67,0.94,37,41
PBSA516-70-CX600T1/8S2,"2""",600,SA-516-70,"1/8""",0.125,2.18,0.67,0.94,37,41
PB304L-CX600T1/8S2,"2""",600,304L,"1/8""",0.125,6.01,0.7,0.98,41,46
PB316L-CX600T1/8S2,"2""",600,316L,"1/8""",0.125,7.48,0.71,0.99,42,47
PBAL6061-CX600T1/8S2,"2""",600,AL-6061,"1/8""",0.125,5.1,0.24,0.34,37,41
PB304-CX600T3/16S2,"2""",600,304,"3/16""",0.1875,5.55,1.05,1.47,43,48
PBSA36-CX600T3/16S2,"2""",600,SA-36,"3/16""",0.1875,1.87,1,1.4,37,41
PBSA516-70-CX600T3/16S2,"2""",600,SA-516-70,"3/16""",0.1875,2.18,1,1.4,38,42
PB304L-CX600T3/16S2,"2""",600,304L,"3/16""",0.1875,6.01,1.05,1.47,44,49
PB316L-CX600T3/16S2,"2""",600,316L,"3/16""",0.1875,7.48,1.06,1.48,46,51
PBAL6061-CX600T3/16S2,"2""",600,AL-6061,"3/16""",0.1875,5.1,0.35,0.49,37,41
PB304-CX600T1/4S2,"2""",600,304,"1/4""",0.25,5.55,1.4,1.96,46,51
PBSA36-CX600T1/4S2,"2""",600,SA-36,"1/4""",0.25,1.87,1.34,1.88,38,42
PBSA516-70-CX600T1/4S2,"2""",600,SA-516-70,"1/4""",0.25,2.18,1.34,1.88,39,43
PB304L-CX600T1/4S2,"2""",600,304L,"1/4""",0.25,6.01,1.4,1.96,47,52
PB316L-CX600T1/4S2,"2""",600,316L,"1/4""",0.25,7.48,1.41,1.97,50,56
PBAL6061-CX600T1/4S2,"2""",600,AL-6061,"1/4""",0.25,5.1,0.47,0.66,38,42
PB304-CX600T5/16S2,"2""",600,304,"5/16""",0.3125,5.55,1.74,2.44,48,53
PBSA36-CX600T5/16S2,"2""",600,SA-36,"5/16""",0.3125,1.87,1.67,2.34,39,43
PBSA516-70-CX600T5/16S2,"2""",600,SA-516-70,"5/16""",0.3125,2.18,1.67,2.34,40,44
PB304L-CX600T5/16S2,"2""",600,304L,"5/16""",0.3125,6.01,1.74,2.44,50,56
PB316L-CX600T5/16S2,"2""",600,316L,"5/16""",0.3125,7.48,1.76,2.46,53,59
PBAL6061-CX600T5/16S2,"2""",600,AL-6061,"5/16""",0.3125,5.1,0.59,0.83,39,43
PB304-CX600T3/8S2,"2""",600,304,"3/8""",0.375,5.55,2.09,2.93,51,57
PBSA36-CX600T3/8S2,"2""",600,SA-36,"3/8""",0.375,1.87,2,2.8,40,44
PBSA516-70-CX600T3/8S2,"2""",600,SA-516-70,"3/8""",0.375,2.18,2,2.8,41,46
PB304L-CX600T3/8S2,"2""",600,304L,"3/8""",0.375,6.01,2.09,2.93,52,58
PB316L-CX600T3/8S2,"2""",600,316L,"3/8""",0.375,7.48,2.12,2.97,57,63
PBAL6061-CX600T3/8S2,"2""",600,AL-6061,"3/8""",0.375,5.1,0.71,0.99,40,44
PB304-CX600T1/2S2,"2""",600,304,"1/2""",0.5,5.55,2.79,3.91,57,63
PBSA36-CX600T1/2S2,"2""",600,SA-36,"1/2""",0.5,1.87,2.67,3.74,42,47
PBSA516-70-CX600T1/2S2,"2""",600,SA-516-70,"1/2""",0.5,2.18,2.67,3.74,43,48
PB304L-CX600T1/2S2,"2""",600,304L,"1/2""",0.5,6.01,2.79,3.91,58,64
PB316L-CX600T1/2S2,"2""",600,316L,"1/2""",0.5,7.48,2.82,3.95,64,71
PBAL6061-CX600T1/2S2,"2""",600,AL-6061,"1/2""",0.5,5.1,0.94,1.32,42,47
PB304-CX600T5/8S2,"2""",600,304,"5/8""",0.625,5.55,3.49,4.89,62,69
PBSA36-CX600T5/8S2,"2""",600,SA-36,"5/8""",0.625,1.87,3.34,4.68,44,49
PBSA516-70-CX600T5/8S2,"2""",600,SA-516-70,"5/8""",0.625,2.18,3.34,4.68,45,50
PB304L-CX600T5/8S2,"2""",600,304L,"5/8""",0.625,6.01,3.49,4.89,64,71
PB316L-CX600T5/8S2,"2""",600,316L,"5/8""",0.625,7.48,3.53,4.94,72,80
PBAL6061-CX600T5/8S2,"2""",600,AL-6061,"5/8""",0.625,5.1,1.18,1.65,43,48
PB304-CX600T3/4S2,"2""",600,304,"3/4""",0.75,5.55,4.19,5.87,67,74
PBSA36-CX600T3/4S2,"2""",600,SA-36,"3/4""",0.75,1.87,4.01,5.61,45,50
PBSA516-70-CX600T3/4S2,"2""",600,SA-516-70,"3/4""",0.75,2.18,4.01,5.61,47,52
PB304L-CX600T3/4S2,"2""",600,304L,"3/4""",0.75,6.01,4.19,5.87,70,77
PB316L-CX600T3/4S2,"2""",600,316L,"3/4""",0.75,7.48,4.23,5.92,79,87
PBAL6061-CX600T3/4S2,"2""",600,AL-6061,"3/4""",0.75,5.1,1.41,1.97,45,50
PB304-CX600T7/8S2,"2""",600,304,"7/8""",0.875,5.55,4.88,6.83,73,81
PBSA36-CX600T7/8S2,"2""",600,SA-36,"7/8""",0.875,1.87,4.67,6.54,47,52
PBSA516-70-CX600T7/8S2,"2""",600,SA-516-70,"7/8""",0.875,2.18,4.67,6.54,49,54
PB304L-CX600T7/8S2,"2""",600,304L,"7/8""",0.875,6.01,4.88,6.83,76,84
PB316L-CX600T7/8S2,"2""",600,316L,"7/8""",0.875,7.48,4.94,6.92,87,96
PBAL6061-CX600T7/8S2,"2""",600,AL-6061,"7/8""",0.875,5.1,1.65,2.31,47,52
PB304-CX600T1S2,"2""",600,304,"1""",1,5.55,5.58,7.81,78,86
PBSA36-CX600T1S2,"2""",600,SA-36,"1""",1,1.87,5.34,7.48,49,54
PBSA516-70-CX600T1S2,"2""",600,SA-516-70,"1""",1,2.18,5.34,7.48,51,57
PB304L-CX600T1S2,"2""",600,304L,"1""",1,6.01,5.58,7.81,82,91
PB316L-CX600T1S2,"2""",600,316L,"1""",1,7.48,5.64,7.9,94,104
PBAL6061-CX600T1S2,"2""",600,AL-6061,"1""",1,5.1,1.88,2.63,48,53
PB304-CX600T1-1/8S2,"2""",600,304,"1-1/8""",1.125,5.55,6.28,8.79,84,93
PBSA36-CX600T1-1/8S2,"2""",600,SA-36,"1-1/8""",1.125,1.87,6.01,8.41,51,57
PBSA516-70-CX600T1-1/8S2,"2""",600,SA-516-70,"1-1/8""",1.125,2.18,6.01,8.41,53,59
PB304L-CX600T1-1/8S2,"2""",600,304L,"1-1/8""",1.125,6.01,6.28,8.79,88,97
PB316L-CX600T1-1/8S2,"2""",600,316L,"1-1/8""",1.125,7.48,6.35,8.89,101,112
PBAL6061-CX600T1-1/8S2,"2""",600,AL-6061,"1-1/8""",1.125,5.1,2.12,2.97,50,56
PB304-CX600T1-1/4S2,"2""",600,304,"1-1/4""",1.25,5.55,6.98,9.77,89,98
PBSA36-CX600T1-1/4S2,"2""",600,SA-36,"1-1/4""",1.25,1.87,6.68,9.35,52,58
PBSA516-70-CX600T1-1/4S2,"2""",600,SA-516-70,"1-1/4""",1.25,2.18,6.68,9.35,55,61
PB304L-CX600T1-1/4S2,"2""",600,304L,"1-1/4""",1.25,6.01,6.98,9.77,94,104
PB316L-CX600T1-1/4S2,"2""",600,316L,"1-1/4""",1.25,7.48,7.05,9.87,109,120
PBAL6061-CX600T1-1/4S2,"2""",600,AL-6061,"1-1/4""",1.25,5.1,2.35,3.29,52,58
PB304-CX600T1-3/8S2,"2""",600,304,"1-3/8""",1.375,5.55,7.67,10.74,94,104
PBSA36-CX600T1-3/8S2,"2""",600,SA-36,"1-3/8""",1.375,1.87,7.34,10.28,54,60
PBSA516-70-CX600T1-3/8S2,"2""",600,SA-516-70,"1-3/8""",1.375,2.18,7.34,10.28,57,63
PB304L-CX600T1-3/8S2,"2""",600,304L,"1-3/8""",1.375,6.01,7.67,10.74,99,109
PB316L-CX600T1-3/8S2,"2""",600,316L,"1-3/8""",1.375,7.48,7.76,10.86,116,128
PBAL6061-CX600T1-3/8S2,"2""",600,AL-6061,"1-3/8""",1.375,5.1,2.59,3.63,53,59
PB304-CX600T1-1/2S2,"2""",600,304,"1-1/2""",1.5,5.55,8.37,11.72,100,111
PBSA36-CX600T1-1/2S2,"2""",600,SA-36,"1-1/2""",1.5,1.87,8.01,11.21,56,62
PBSA516-70-CX600T1-1/2S2,"2""",600,SA-516-70,"1-1/2""",1.5,2.18,8.01,11.21,59,65
PB304L-CX600T1-1/2S2,"2""",600,304L,"1-1/2""",1.5,6.01,8.37,11.72,105,116
PB316L-CX600T1-1/2S2,"2""",600,316L,"1-1/2""",1.5,7.48,8.47,11.86,124,137
PBAL6061-CX600T1-1/2S2,"2""",600,AL-6061,"1-1/2""",1.5,5.1,2.82,3.95,55,61
PB304-CX600T1-5/8S2,"2""",600,304,"1-5/8""",1.625,5.55,9.07,12.7,105,116
PBSA36-CX600T1-5/8S2,"2""",600,SA-36,"1-5/8""",1.625,1.87,8.68,12.15,58,64
PBSA516-70-CX600T1-5/8S2,"2""",600,SA-516-70,"1-5/8""",1.625,2.18,8.68,12.15,61,68
PB304L-CX600T1-5/8S2,"2""",600,304L,"1-5/8""",1.625,6.01,9.07,12.7,111,123
PB316L-CX600T1-5/8S2,"2""",600,316L,"1-5/8""",1.625,7.48,9.17,12.84,131,145
PBAL6061-CX600T1-5/8S2,"2""",600,AL-6061,"1-5/8""",1.625,5.1,3.06,4.28,57,63
PB304-CX600T1-3/4S2,"2""",600,304,"1-3/4""",1.75,5.55,9.77,13.68,111,123
PBSA36-CX600T1-3/4S2,"2""",600,SA-36,"1-3/4""",1.75,1.87,9.35,13.09,59,65
PBSA516-70-CX600T1-3/4S2,"2""",600,SA-516-70,"1-3/4""",1.75,2.18,9.35,13.09,63,70
PB304L-CX600T1-3/4S2,"2""",600,304L,"1-3/4""",1.75,6.01,9.77,13.68,117,129
PB316L-CX600T1-3/4S2,"2""",600,316L,"1-3/4""",1.75,7.48,9.88,13.83,138,152
PBAL6061-CX600T1-3/4S2,"2""",600,AL-6061,"1-3/4""",1.75,5.1,3.29,4.61,58,64
PB304-CX600T1-7/8S2,"2""",600,304,"1-7/8""",1.875,5.55,10.46,14.64,116,128
PBSA36-CX600T1-7/8S2,"2""",600,SA-36,"1-7/8""",1.875,1.87,10.02,14.03,61,68
PBSA516-70-CX600T1-7/8S2,"2""",600,SA-516-70,"1-7/8""",1.875,2.18,10.02,14.03,65,72
PB304L-CX600T1-7/8S2,"2""",600,304L,"1-7/8""",1.875,6.01,10.46,14.64,123,136
PB316L-CX600T1-7/8S2,"2""",600,316L,"1-7/8""",1.875,7.48,10.58,14.81,146,161
PBAL6061-CX600T1-7/8S2,"2""",600,AL-6061,"1-7/8""",1.875,5.1,3.53,4.94,60,66
PB304-CX600T2S2,"2""",600,304,"2""",2,5.55,11.16,15.62,122,135
PBSA36-CX600T2S2,"2""",600,SA-36,"2""",2,1.87,10.68,14.95,63,70
PBSA516-70-CX600T2S2,"2""",600,SA-516-70,"2""",2,2.18,10.68,14.95,67,74
PB304L-CX600T2S2,"2""",600,304L,"2""",2,6.01,11.16,15.62,129,142
PB316L-CX600T2S2,"2""",600,316L,"2""",2,7.48,11.29,15.81,153,169
PBAL6061-CX600T2S2,"2""",600,AL-6061,"2""",2,5.1,3.76,5.26,62,69
PB304-CX600T2-1/4S2,"2""",600,304,"2-1/4""",2.25,5.55,12.56,17.58,132,146
PBSA36-CX600T2-1/4S2,"2""",600,SA-36,"2-1/4""",2.25,1.87,12.02,16.83,66,73
PBSA516-70-CX600T2-1/4S2,"2""",600,SA-516-70,"2-1/4""",2.25,2.18,12.02,16.83,72,80
PB304L-CX600T2-1/4S2,"2""",600,304L,"2-1/4""",2.25,6.01,12.56,17.58,141,156
PB316L-CX600T2-1/4S2,"2""",600,316L,"2-1/4""",2.25,7.48,12.7,17.78,168,185
PBAL6061-CX600T2-1/4S2,"2""",600,AL-6061,"2-1/4""",2.25,5.1,4.23,5.92,65,72
PB304-CX600T2-1/2S2,"2""",600,304,"2-1/2""",2.5,5.55,13.95,19.53,143,158
PBSA36-CX600T2-1/2S2,"2""",600,SA-36,"2-1/2""",2.5,1.87,13.35,18.69,70,77
PBSA516-70-CX600T2-1/2S2,"2""",600,SA-516-70,"2-1/2""",2.5,2.18,13.35,18.69,76,84
PB304L-CX600T2-1/2S2,"2""",600,304L,"2-1/2""",2.5,6.01,13.95,19.53,152,168
PB316L-CX600T2-1/2S2,"2""",600,316L,"2-1/2""",2.5,7.48,14.11,19.75,183,202
PBAL6061-CX600T2-1/2S2,"2""",600,AL-6061,"2-1/2""",2.5,5.1,4.71,6.59,68,75
PB304-CX600T3S2,"2""",600,304,"3""",3,5.55,16.74,23.44,165,182
PBSA36-CX600T3S2,"2""",600,SA-36,"3""",3,1.87,16.03,22.44,77,85
PBSA516-70-CX600T3S2,"2""",600,SA-516-70,"3""",3,2.18,16.03,22.44,84,93
PB304L-CX600T3S2,"2""",600,304L,"3""",3,6.01,16.74,23.44,176,194
PB316L-CX600T3S2,"2""",600,316L,"3""",3,7.48,16.93,23.7,212,234
PBAL6061-CX600T3S2,"2""",600,AL-6061,"3""",3,5.1,5.65,7.91,75,83
PB304-CX600T11GAS2-1/2,"2-1/2""",600,304,11 Gauge,0.1196,5.55,0.91,1.27,42,47
PBSA36-CX600T11GAS2-1/2,"2-1/2""",600,SA-36,11 Gauge,0.1196,1.87,0.87,1.22,37,41
PBSA516-70-CX600T11GAS2-1/2,"2-1/2""",600,SA-516-70,11 Gauge,0.1196,2.18,0.87,1.22,38,42
PB304L-CX600T11GAS2-1/2,"2-1/2""",600,304L,11 Gauge,0.1196,6.01,0.91,1.27,42,47
PB316L-CX600T11GAS2-1/2,"2-1/2""",600,316L,11 Gauge,0.1196,7.48,0.92,1.29,44,49
PBAL6061-CX600T11GAS2-1/2,"2-1/2""",600,AL-6061,11 Gauge,0.1196,5.1,0.31,0.43,37,41
PB304-CX600T1/8S2-1/2,"2-1/2""",600,304,"1/8""",0.125,5.55,0.95,1.33,42,47
PBSA36-CX600T1/8S2-1/2,"2-1/2""",600,SA-36,"1/8""",0.125,1.87,0.91,1.27,37,41
PBSA516-70-CX600T1/8S2-1/2,"2-1/2""",600,SA-516-70,"1/8""",0.125,2.18,0.91,1.27,38,42
PB304L-CX600T1/8S2-1/2,"2-1/2""",600,304L,"1/8""",0.125,6.01,0.95,1.33,43,48
PB316L-CX600T1/8S2-1/2,"2-1/2""",600,316L,"1/8""",0.125,7.48,0.97,1.36,45,50
PBAL6061-CX600T1/8S2-1/2,"2-1/2""",600,AL-6061,"1/8""",0.125,5.1,0.32,0.45,37,41
PB304-CX600T3/16S2-1/2,"2-1/2""",600,304,"3/16""",0.1875,5.55,1.43,2,46,51
PBSA36-CX600T3/16S2-1/2,"2-1/2""",600,SA-36,"3/16""",0.1875,1.87,1.37,1.92,38,42
PBSA516-70-CX600T3/16S2-1/2,"2-1/2""",600,SA-516-70,"3/16""",0.1875,2.18,1.37,1.92,39,43
PB304L-CX600T3/16S2-1/2,"2-1/2""",600,304L,"3/16""",0.1875,6.01,1.43,2,47,52
PB316L-CX600T3/16S2-1/2,"2-1/2""",600,316L,"3/16""",0.1875,7.48,1.45,2.03,50,56
PBAL6061-CX600T3/16S2-1/2,"2-1/2""",600,AL-6061,"3/16""",0.1875,5.1,0.48,0.67,38,42
PB304-CX600T1/4S2-1/2,"2-1/2""",600,304,"1/4""",0.25,5.55,1.91,2.67,50,56
PBSA36-CX600T1/4S2-1/2,"2-1/2""",600,SA-36,"1/4""",0.25,1.87,1.83,2.56,40,44
PBSA516-70-CX600T1/4S2-1/2,"2-1/2""",600,SA-516-70,"1/4""",0.25,2.18,1.83,2.56,40,44
PB304L-CX600T1/4S2-1/2,"2-1/2""",600,304L,"1/4""",0.25,6.01,1.91,2.67,51,57
PB316L-CX600T1/4S2-1/2,"2-1/2""",600,316L,"1/4""",0.25,7.48,1.93,2.7,55,61
PBAL6061-CX600T1/4S2-1/2,"2-1/2""",600,AL-6061,"1/4""",0.25,5.1,0.64,0.9,39,43
PB304-CX600T5/16S2-1/2,"2-1/2""",600,304,"5/16""",0.3125,5.55,2.39,3.35,53,59
PBSA36-CX600T5/16S2-1/2,"2-1/2""",600,SA-36,"5/16""",0.3125,1.87,2.28,3.19,41,46
PBSA516-70-CX600T5/16S2-1/2,"2-1/2""",600,SA-516-70,"5/16""",0.3125,2.18,2.28,3.19,42,47
PB304L-CX600T5/16S2-1/2,"2-1/2""",600,304L,"5/16""",0.3125,6.01,2.39,3.35,55,61
PB316L-CX600T5/16S2-1/2,"2-1/2""",600,316L,"5/16""",0.3125,7.48,2.41,3.37,60,66
PBAL6061-CX600T5/16S2-1/2,"2-1/2""",600,AL-6061,"5/16""",0.3125,5.1,0.8,1.12,41,46
PB304-CX600T3/8S2-1/2,"2-1/2""",600,304,"3/8""",0.375,5.55,2.86,4,57,63
PBSA36-CX600T3/8S2-1/2,"2-1/2""",600,SA-36,"3/8""",0.375,1.87,2.74,3.84,42,47
PBSA516-70-CX600T3/8S2-1/2,"2-1/2""",600,SA-516-70,"3/8""",0.375,2.18,2.74,3.84,43,48
PB304L-CX600T3/8S2-1/2,"2-1/2""",600,304L,"3/8""",0.375,6.01,2.86,4,59,65
PB316L-CX600T3/8S2-1/2,"2-1/2""",600,316L,"3/8""",0.375,7.48,2.9,4.06,65,72
PBAL6061-CX600T3/8S2-1/2,"2-1/2""",600,AL-6061,"3/8""",0.375,5.1,0.97,1.36,42,47
PB304-CX600T1/2S2-1/2,"2-1/2""",600,304,"1/2""",0.5,5.55,3.82,5.35,65,72
PBSA36-CX600T1/2S2-1/2,"2-1/2""",600,SA-36,"1/2""",0.5,1.87,3.66,5.12,44,49
PBSA516-70-CX600T1/2S2-1/2,"2-1/2""",600,SA-516-70,"1/2""",0.5,2.18,3.66,5.12,46,51
PB304L-CX600T1/2S2-1/2,"2-1/2""",600,304L,"1/2""",0.5,6.01,3.82,5.35,67,74
PB316L-CX600T1/2S2-1/2,"2-1/2""",600,316L,"1/2""",0.5,7.48,3.86,5.4,75,83
PBAL6061-CX600T1/2S2-1/2,"2-1/2""",600,AL-6061,"1/2""",0.5,5.1,1.29,1.81,44,49
PB304-CX600T5/8S2-1/2,"2-1/2""",600,304,"5/8""",0.625,5.55,4.77,6.68,72,80
PBSA36-CX600T5/8S2-1/2,"2-1/2""",600,SA-36,"5/8""",0.625,1.87,4.57,6.4,47,52
PBSA516-70-CX600T5/8S2-1/2,"2-1/2""",600,SA-516-70,"5/8""",0.625,2.18,4.57,6.4,49,54
PB304L-CX600T5/8S2-1/2,"2-1/2""",600,304L,"5/8""",0.625,6.01,4.77,6.68,75,83
PB316L-CX600T5/8S2-1/2,"2-1/2""",600,316L,"5/8""",0.625,7.48,4.83,6.76,85,94
PBAL6061-CX600T5/8S2-1/2,"2-1/2""",600,AL-6061,"5/8""",0.625,5.1,1.61,2.25,46,51
PB304-CX600T3/4S2-1/2,"2-1/2""",600,304,"3/4""",0.75,5.55,5.73,8.02,79,87
PBSA36-CX600T3/4S2-1/2,"2-1/2""",600,SA-36,"3/4""",0.75,1.87,5.48,7.67,49,54
PBSA516-70-CX600T3/4S2-1/2,"2-1/2""",600,SA-516-70,"3/4""",0.75,2.18,5.48,7.67,52,58
PB304L-CX600T3/4S2-1/2,"2-1/2""",600,304L,"3/4""",0.75,6.01,5.73,8.02,83,92
PB316L-CX600T3/4S2-1/2,"2-1/2""",600,316L,"3/4""",0.75,7.48,5.79,8.11,96,106
PBAL6061-CX600T3/4S2-1/2,"2-1/2""",600,AL-6061,"3/4""",0.75,5.1,1.93,2.7,49,54
PB304-CX600T7/8S2-1/2,"2-1/2""",600,304,"7/8""",0.875,5.55,6.68,9.35,87,96
PBSA36-CX600T7/8S2-1/2,"2-1/2""",600,SA-36,"7/8""",0.875,1.87,6.4,8.96,52,58
PBSA516-70-CX600T7/8S2-1/2,"2-1/2""",600,SA-516-70,"7/8""",0.875,2.18,6.4,8.96,54,60
PB304L-CX600T7/8S2-1/2,"2-1/2""",600,304L,"7/8""",0.875,6.01,6.68,9.35,91,101
PB316L-CX600T7/8S2-1/2,"2-1/2""",600,316L,"7/8""",0.875,7.48,6.76,9.46,106,117
PBAL6061-CX600T7/8S2-1/2,"2-1/2""",600,AL-6061,"7/8""",0.875,5.1,2.25,3.15,51,57
PB304-CX600T1S2-1/2,"2-1/2""",600,304,"1""",1,5.55,7.64,10.7,94,104
PBSA36-CX600T1S2-1/2,"2-1/2""",600,SA-36,"1""",1,1.87,7.31,10.23,54,60
PBSA516-70-CX600T1S2-1/2,"2-1/2""",600,SA-516-70,"1""",1,2.18,7.31,10.23,57,63
PB304L-CX600T1S2-1/2,"2-1/2""",600,304L,"1""",1,6.01,7.64,10.7,99,109
PB316L-CX600T1S2-1/2,"2-1/2""",600,316L,"1""",1,7.48,7.72,10.81,116,128
PBAL6061-CX600T1S2-1/2,"2-1/2""",600,AL-6061,"1""",1,5.1,2.58,3.61,53,59
PB304-CX600T1-1/8S2-1/2,"2-1/2""",600,304,"1-1/8""",1.125,5.55,8.59,12.03,102,113
PBSA36-CX600T1-1/8S2-1/2,"2-1/2""",600,SA-36,"1-1/8""",1.125,1.87,8.22,11.51,56,62
PBSA516-70-CX600T1-1/8S2-1/2,"2-1/2""",600,SA-516-70,"1-1/8""",1.125,2.18,8.22,11.51,60,66
PB304L-CX600T1-1/8S2-1/2,"2-1/2""",600,304L,"1-1/8""",1.125,6.01,8.59,12.03,107,118
PB316L-CX600T1-1/8S2-1/2,"2-1/2""",600,316L,"1-1/8""",1.125,7.48,8.69,12.17,126,139
PBAL6061-CX600T1-1/8S2-1/2,"2-1/2""",600,AL-6061,"1-1/8""",1.125,5.1,2.9,4.06,56,62
PB304-CX600T1-1/4S2-1/2,"2-1/2""",600,304,"1-1/4""",1.25,5.55,9.55,13.37,109,120
PBSA36-CX600T1-1/4S2-1/2,"2-1/2""",600,SA-36,"1-1/4""",1.25,1.87,9.14,12.8,59,65
PBSA516-70-CX600T1-1/4S2-1/2,"2-1/2""",600,SA-516-70,"1-1/4""",1.25,2.18,9.14,12.8,63,70
PB304L-CX600T1-1/4S2-1/2,"2-1/2""",600,304L,"1-1/4""",1.25,6.01,9.55,13.37,115,127
PB316L-CX600T1-1/4S2-1/2,"2-1/2""",600,316L,"1-1/4""",1.25,7.48,9.66,13.52,136,150
PBAL6061-CX600T1-1/4S2-1/2,"2-1/2""",600,AL-6061,"1-1/4""",1.25,5.1,3.22,4.51,58,64
PB304-CX600T1-3/8S2-1/2,"2-1/2""",600,304,"1-3/8""",1.375,5.55,10.5,14.7,116,128
PBSA36-CX600T1-3/8S2-1/2,"2-1/2""",600,SA-36,"1-3/8""",1.375,1.87,10.05,14.07,61,68
PBSA516-70-CX600T1-3/8S2-1/2,"2-1/2""",600,SA-516-70,"1-3/8""",1.375,2.18,10.05,14.07,66,73
PB304L-CX600T1-3/8S2-1/2,"2-1/2""",600,304L,"1-3/8""",1.375,6.01,10.5,14.7,123,136
PB316L-CX600T1-3/8S2-1/2,"2-1/2""",600,316L,"1-3/8""",1.375,7.48,10.62,14.87,146,161
PBAL6061-CX600T1-3/8S2-1/2,"2-1/2""",600,AL-6061,"1-3/8""",1.375,5.1,3.54,4.96,60,66
PB304-CX600T1-1/2S2-1/2,"2-1/2""",600,304,"1-1/2""",1.5,5.55,11.46,16.04,124,137
PBSA36-CX600T1-1/2S2-1/2,"2-1/2""",600,SA-36,"1-1/2""",1.5,1.87,10.97,15.36,64,71
PBSA516-70-CX600T1-1/2S2-1/2,"2-1/2""",600,SA-516-70,"1-1/2""",1.5,2.18,10.97,15.36,68,75
PB304L-CX600T1-1/2S2-1/2,"2-1/2""",600,304L,"1-1/2""",1.5,6.01,11.46,16.04,131,145
PB316L-CX600T1-1/2S2-1/2,"2-1/2""",600,316L,"1-1/2""",1.5,7.48,11.59,16.23,156,172
PBAL6061-CX600T1-1/2S2-1/2,"2-1/2""",600,AL-6061,"1-1/2""",1.5,5.1,3.86,5.4,62,69
PB304-CX600T1-5/8S2-1/2,"2-1/2""",600,304,"1-5/8""",1.625,5.55,12.41,17.37,131,145
PBSA36-CX600T1-5/8S2-1/2,"2-1/2""",600,SA-36,"1-5/8""",1.625,1.87,11.88,16.63,66,73
PBSA516-70-CX600T1-5/8S2-1/2,"2-1/2""",600,SA-516-70,"1-5/8""",1.625,2.18,11.88,16.63,71,79
PB304L-CX600T1-5/8S2-1/2,"2-1/2""",600,304L,"1-5/8""",1.625,6.01,12.41,17.37,139,153
PB316L-CX600T1-5/8S2-1/2,"2-1/2""",600,316L,"1-5/8""",1.625,7.48,12.55,17.57,166,183
PBAL6061-CX600T1-5/8S2-1/2,"2-1/2""",600,AL-6061,"1-5/8""",1.625,5.1,4.19,5.87,65,72
PB304-CX600T1-3/4S2-1/2,"2-1/2""",600,304,"1-3/4""",1.75,5.55,13.37,18.72,139,153
PBSA36-CX600T1-3/4S2-1/2,"2-1/2""",600,SA-36,"1-3/4""",1.75,1.87,12.79,17.91,68,75
PBSA516-70-CX600T1-3/4S2-1/2,"2-1/2""",600,SA-516-70,"1-3/4""",1.75,2.18,12.79,17.91,74,82
PB304L-CX600T1-3/4S2-1/2,"2-1/2""",600,304L,"1-3/4""",1.75,6.01,13.37,18.72,147,162
PB316L-CX600T1-3/4S2-1/2,"2-1/2""",600,316L,"1-3/4""",1.75,7.48,13.52,18.93,176,194
PBAL6061-CX600T1-3/4S2-1/2,"2-1/2""",600,AL-6061,"1-3/4""",1.75,5.1,4.51,6.31,67,74
PB304-CX600T1-7/8S2-1/2,"2-1/2""",600,304,"1-7/8""",1.875,5.55,14.32,20.05,146,161
PBSA36-CX600T1-7/8S2-1/2,"2-1/2""",600,SA-36,"1-7/8""",1.875,1.87,13.71,19.19,71,79
PBSA516-70-CX600T1-7/8S2-1/2,"2-1/2""",600,SA-516-70,"1-7/8""",1.875,2.18,13.71,19.19,77,85
PB304L-CX600T1-7/8S2-1/2,"2-1/2""",600,304L,"1-7/8""",1.875,6.01,14.32,20.05,155,171
PB316L-CX600T1-7/8S2-1/2,"2-1/2""",600,316L,"1-7/8""",1.875,7.48,14.48,20.27,186,205
PBAL6061-CX600T1-7/8S2-1/2,"2-1/2""",600,AL-6061,"1-7/8""",1.875,5.1,4.83,6.76,69,76
PB304-CX600T2S2-1/2,"2-1/2""",600,304,"2""",2,5.55,15.27,21.38,154,170
PBSA36-CX600T2S2-1/2,"2-1/2""",600,SA-36,"2""",2,1.87,14.62,20.47,73,81
PBSA516-70-CX600T2S2-1/2,"2-1/2""",600,SA-516-70,"2""",2,2.18,14.62,20.47,79,87
PB304L-CX600T2S2-1/2,"2-1/2""",600,304L,"2""",2,6.01,15.27,21.38,163,180
PB316L-CX600T2S2-1/2,"2-1/2""",600,316L,"2""",2,7.48,15.45,21.63,197,217
PBAL6061-CX600T2S2-1/2,"2-1/2""",600,AL-6061,"2""",2,5.1,5.15,7.21,72,80
PB304-CX600T2-1/4S2-1/2,"2-1/2""",600,304,"2-1/4""",2.25,5.55,17.18,24.05,168,185
PBSA36-CX600T2-1/4S2-1/2,"2-1/2""",600,SA-36,"2-1/4""",2.25,1.87,16.45,23.03,78,86
PBSA516-70-CX600T2-1/4S2-1/2,"2-1/2""",600,SA-516-70,"2-1/4""",2.25,2.18,16.45,23.03,85,94
PB304L-CX600T2-1/4S2-1/2,"2-1/2""",600,304L,"2-1/4""",2.25,6.01,17.18,24.05,179,197
PB316L-CX600T2-1/4S2-1/2,"2-1/2""",600,316L,"2-1/4""",2.25,7.48,17.38,24.33,217,239
PBAL6061-CX600T2-1/4S2-1/2,"2-1/2""",600,AL-6061,"2-1/4""",2.25,5.1,5.8,8.12,76,84
PB304-CX600T2-1/2S2-1/2,"2-1/2""",600,304,"2-1/2""",2.5,5.55,19.09,26.73,183,202
PBSA36-CX600T2-1/2S2-1/2,"2-1/2""",600,SA-36,"2-1/2""",2.5,1.87,18.28,25.59,83,92
PBSA516-70-CX600T2-1/2S2-1/2,"2-1/2""",600,SA-516-70,"2-1/2""",2.5,2.18,18.28,25.59,91,101
PB304L-CX600T2-1/2S2-1/2,"2-1/2""",600,304L,"2-1/2""",2.5,6.01,19.09,26.73,195,215
PB316L-CX600T2-1/2S2-1/2,"2-1/2""",600,316L,"2-1/2""",2.5,7.48,19.31,27.03,237,261
PBAL6061-CX600T2-1/2S2-1/2,"2-1/2""",600,AL-6061,"2-1/2""",2.5,5.1,6.44,9.02,81,90
PB304-CX600T3S2-1/2,"2-1/2""",600,304,"3""",3,5.55,22.91,32.07,213,235
PBSA36-CX600T3S2-1/2,"2-1/2""",600,SA-36,"3""",3,1.87,21.93,30.7,92,102
PBSA516-70-CX600T3S2-1/2,"2-1/2""",600,SA-516-70,"3""",3,2.18,21.93,30.7,102,113
PB304L-CX600T3S2-1/2,"2-1/2""",600,304L,"3""",3,6.01,22.91,32.07,228,251
PB316L-CX600T3S2-1/2,"2-1/2""",600,316L,"3""",3,7.48,23.17,32.44,277,305
PBAL6061-CX600T3S2-1/2,"2-1/2""",600,AL-6061,"3""",3,5.1,7.73,10.82,90,100
PB304-CX600T11GAS3,"3""",600,304,11 Gauge,0.1196,5.55,1.19,1.67,44,49
PBSA36-CX600T11GAS3,"3""",600,SA-36,11 Gauge,0.1196,1.87,1.13,1.58,38,42
PBSA516-70-CX600T11GAS3,"3""",600,SA-516-70,11 Gauge,0.1196,2.18,1.13,1.58,38,42
PB304L-CX600T11GAS3,"3""",600,304L,11 Gauge,0.1196,6.01,1.19,1.67,45,50
PB316L-CX600T11GAS3,"3""",600,316L,11 Gauge,0.1196,7.48,1.2,1.68,47,52
PBAL6061-CX600T11GAS3,"3""",600,AL-6061,11 Gauge,0.1196,5.1,0.4,0.56,38,42
PB304-CX600T1/8S3,"3""",600,304,"1/8""",0.125,5.55,1.24,1.74,45,50
PBSA36-CX600T1/8S3,"3""",600,SA-36,"1/8""",0.125,1.87,1.19,1.67,38,42
PBSA516-70-CX600T1/8S3,"3""",600,SA-516-70,"1/8""",0.125,2.18,1.19,1.67,38,42
PB304L-CX600T1/8S3,"3""",600,304L,"1/8""",0.125,6.01,1.24,1.74,45,50
PB316L-CX600T1/8S3,"3""",600,316L,"1/8""",0.125,7.48,1.25,1.75,48,53
PBAL6061-CX600T1/8S3,"3""",600,AL-6061,"1/8""",0.125,5.1,0.42,0.59,38,42
PB304-CX600T3/16S3,"3""",600,304,"3/16""",0.1875,5.55,1.86,2.6,49,54
PBSA36-CX600T3/16S3,"3""",600,SA-36,"3/16""",0.1875,1.87,1.78,2.49,40,44
PBSA516-70-CX600T3/16S3,"3""",600,SA-516-70,"3/16""",0.1875,2.18,1.78,2.49,40,44
PB304L-CX600T3/16S3,"3""",600,304L,"3/16""",0.1875,6.01,1.86,2.6,50,56
PB316L-CX600T3/16S3,"3""",600,316L,"3/16""",0.1875,7.48,1.88,2.63,55,61
PBAL6061-CX600T3/16S3,"3""",600,AL-6061,"3/16""",0.1875,5.1,0.63,0.88,39,43
PB304-CX600T1/4S3,"3""",600,304,"1/4""",0.25,5.55,2.48,3.47,54,60
PBSA36-CX600T1/4S3,"3""",600,SA-36,"1/4""",0.25,1.87,2.37,3.32,41,46
PBSA516-70-CX600T1/4S3,"3""",600,SA-516-70,"1/4""",0.25,2.18,2.37,3.32,42,47
PB304L-CX600T1/4S3,"3""",600,304L,"1/4""",0.25,6.01,2.48,3.47,56,62
PB316L-CX600T1/4S3,"3""",600,316L,"1/4""",0.25,7.48,2.51,3.51,61,68
PBAL6061-CX600T1/4S3,"3""",600,AL-6061,"1/4""",0.25,5.1,0.84,1.18,41,46
PB304-CX600T5/16S3,"3""",600,304,"5/16""",0.3125,5.55,3.1,4.34,59,65
PBSA36-CX600T5/16S3,"3""",600,SA-36,"5/16""",0.3125,1.87,2.97,4.16,43,48
PBSA516-70-CX600T5/16S3,"3""",600,SA-516-70,"5/16""",0.3125,2.18,2.97,4.16,44,49
PB304L-CX600T5/16S3,"3""",600,304L,"5/16""",0.3125,6.01,3.1,4.34,61,68
PB316L-CX600T5/16S3,"3""",600,316L,"5/16""",0.3125,7.48,3.13,4.38,68,75
PBAL6061-CX600T5/16S3,"3""",600,AL-6061,"5/16""",0.3125,5.1,1.04,1.46,42,47
PB304-CX600T3/8S3,"3""",600,304,"3/8""",0.375,5.55,3.72,5.21,64,71
PBSA36-CX600T3/8S3,"3""",600,SA-36,"3/8""",0.375,1.87,3.56,4.98,44,49
PBSA516-70-CX600T3/8S3,"3""",600,SA-516-70,"3/8""",0.375,2.18,3.56,4.98,46,51
PB304L-CX600T3/8S3,"3""",600,304L,"3/8""",0.375,6.01,3.72,5.21,66,73
PB316L-CX600T3/8S3,"3""",600,316L,"3/8""",0.375,7.48,3.76,5.26,74,82
PBAL6061-CX600T3/8S3,"3""",600,AL-6061,"3/8""",0.375,5.1,1.25,1.75,44,49
PB304-CX600T1/2S3,"3""",600,304,"1/2""",0.5,5.55,4.96,6.94,73,81
PBSA36-CX600T1/2S3,"3""",600,SA-36,"1/2""",0.5,1.87,4.74,6.64,47,52
PBSA516-70-CX600T1/2S3,"3""",600,SA-516-70,"1/2""",0.5,2.18,4.74,6.64,49,54
PB304L-CX600T1/2S3,"3""",600,304L,"1/2""",0.5,6.01,4.96,6.94,77,85
PB316L-CX600T1/2S3,"3""",600,316L,"1/2""",0.5,7.48,5.01,7.01,87,96
PBAL6061-CX600T1/2S3,"3""",600,AL-6061,"1/2""",0.5,5.1,1.67,2.34,47,52
PB304-CX600T5/8S3,"3""",600,304,"5/8""",0.625,5.55,6.2,8.68,83,92
PBSA36-CX600T5/8S3,"3""",600,SA-36,"5/8""",0.625,1.87,5.93,8.3,50,56
PBSA516-70-CX600T5/8S3,"3""",600,SA-516-70,"5/8""",0.625,2.18,5.93,8.3,53,59
PB304L-CX600T5/8S3,"3""",600,304L,"5/8""",0.625,6.01,6.2,8.68,87,96
PB316L-CX600T5/8S3,"3""",600,316L,"5/8""",0.625,7.48,6.27,8.78,101,112
PBAL6061-CX600T5/8S3,"3""",600,AL-6061,"5/8""",0.625,5.1,2.09,2.93,50,56
PB304-CX600T3/4S3,"3""",600,304,"3/4""",0.75,5.55,7.44,10.42,93,103
PBSA36-CX600T3/4S3,"3""",600,SA-36,"3/4""",0.75,1.87,7.12,9.97,53,59
PBSA516-70-CX600T3/4S3,"3""",600,SA-516-70,"3/4""",0.75,2.18,7.12,9.97,57,63
PB304L-CX600T3/4S3,"3""",600,304L,"3/4""",0.75,6.01,7.44,10.42,97,107
PB316L-CX600T3/4S3,"3""",600,316L,"3/4""",0.75,7.48,7.52,10.53,114,126
PBAL6061-CX600T3/4S3,"3""",600,AL-6061,"3/4""",0.75,5.1,2.51,3.51,53,59
PB304-CX600T7/8S3,"3""",600,304,"7/8""",0.875,5.55,8.67,12.14,102,113
PBSA36-CX600T7/8S3,"3""",600,SA-36,"7/8""",0.875,1.87,8.3,11.62,57,63
PBSA516-70-CX600T7/8S3,"3""",600,SA-516-70,"7/8""",0.875,2.18,8.3,11.62,60,66
PB304L-CX600T7/8S3,"3""",600,304L,"7/8""",0.875,6.01,8.67,12.14,108,119
PB316L-CX600T7/8S3,"3""",600,316L,"7/8""",0.875,7.48,8.77,12.28,127,140
PBAL6061-CX600T7/8S3,"3""",600,AL-6061,"7/8""",0.875,5.1,2.93,4.1,56,62
PB304-CX600T1S3,"3""",600,304,"1""",1,5.55,9.91,13.87,112,124
PBSA36-CX600T1S3,"3""",600,SA-36,"1""",1,1.87,9.49,13.29,60,66
PBSA516-70-CX600T1S3,"3""",600,SA-516-70,"1""",1,2.18,9.49,13.29,64,71
PB304L-CX600T1S3,"3""",600,304L,"1""",1,6.01,9.91,13.87,118,130
PB316L-CX600T1S3,"3""",600,316L,"1""",1,7.48,10.03,14.04,140,154
PBAL6061-CX600T1S3,"3""",600,AL-6061,"1""",1,5.1,3.34,4.68,59,65
PB304-CX600T1-1/8S3,"3""",600,304,"1-1/8""",1.125,5.55,11.15,15.61,121,134
PBSA36-CX600T1-1/8S3,"3""",600,SA-36,"1-1/8""",1.125,1.87,10.68,14.95,63,70
PBSA516-70-CX600T1-1/8S3,"3""",600,SA-516-70,"1-1/8""",1.125,2.18,10.68,14.95,67,74
PB304L-CX600T1-1/8S3,"3""",600,304L,"1-1/8""",1.125,6.01,11.15,15.61,129,142
PB316L-CX600T1-1/8S3,"3""",600,316L,"1-1/8""",1.125,7.48,11.28,15.79,153,169
PBAL6061-CX600T1-1/8S3,"3""",600,AL-6061,"1-1/8""",1.125,5.1,3.76,5.26,62,69
PB304-CX600T1-1/4S3,"3""",600,304,"1-1/4""",1.25,5.55,12.39,17.35,131,145
PBSA36-CX600T1-1/4S3,"3""",600,SA-36,"1-1/4""",1.25,1.87,11.86,16.6,66,73
PBSA516-70-CX600T1-1/4S3,"3""",600,SA-516-70,"1-1/4""",1.25,2.18,11.86,16.6,71,79
PB304L-CX600T1-1/4S3,"3""",600,304L,"1-1/4""",1.25,6.01,12.39,17.35,139,153
PB316L-CX600T1-1/4S3,"3""",600,316L,"1-1/4""",1.25,7.48,12.53,17.54,166,183
PBAL6061-CX600T1-1/4S3,"3""",600,AL-6061,"1-1/4""",1.25,5.1,4.18,5.85,65,72
PB304-CX600T1-3/8S3,"3""",600,304,"1-3/8""",1.375,5.55,13.63,19.08,141,156
PBSA36-CX600T1-3/8S3,"3""",600,SA-36,"1-3/8""",1.375,1.87,13.05,18.27,69,76
PBSA516-70-CX600T1-3/8S3,"3""",600,SA-516-70,"1-3/8""",1.375,2.18,13.05,18.27,75,83
PB304L-CX600T1-3/8S3,"3""",600,304L,"1-3/8""",1.375,6.01,13.63,19.08,150,165
PB316L-CX600T1-3/8S3,"3""",600,316L,"1-3/8""",1.375,7.48,13.79,19.31,179,197
PBAL6061-CX600T1-3/8S3,"3""",600,AL-6061,"1-3/8""",1.375,5.1,4.6,6.44,68,75
PB304-CX600T1-1/2S3,"3""",600,304,"1-1/2""",1.5,5.55,14.87,20.82,150,165
PBSA36-CX600T1-1/2S3,"3""",600,SA-36,"1-1/2""",1.5,1.87,14.23,19.92,72,80
PBSA516-70-CX600T1-1/2S3,"3""",600,SA-516-70,"1-1/2""",1.5,2.18,14.23,19.92,78,86
PB304L-CX600T1-1/2S3,"3""",600,304L,"1-1/2""",1.5,6.01,14.87,20.82,160,176
PB316L-CX600T1-1/2S3,"3""",600,316L,"1-1/2""",1.5,7.48,15.04,21.06,192,212
PBAL6061-CX600T1-1/2S3,"3""",600,AL-6061,"1-1/2""",1.5,5.1,5.02,7.03,71,79
PB304-CX600T1-5/8S3,"3""",600,304,"1-5/8""",1.625,5.55,16.11,22.55,160,176
PBSA36-CX600T1-5/8S3,"3""",600,SA-36,"1-5/8""",1.625,1.87,15.42,21.59,75,83
PBSA516-70-CX600T1-5/8S3,"3""",600,SA-516-70,"1-5/8""",1.625,2.18,15.42,21.59,82,91
PB304L-CX600T1-5/8S3,"3""",600,304L,"1-5/8""",1.625,6.01,16.11,22.55,170,188
PB316L-CX600T1-5/8S3,"3""",600,316L,"1-5/8""",1.625,7.48,16.29,22.81,205,226
PBAL6061-CX600T1-5/8S3,"3""",600,AL-6061,"1-5/8""",1.625,5.1,5.43,7.6,74,82
PB304-CX600T1-3/4S3,"3""",600,304,"1-3/4""",1.75,5.55,17.35,24.29,170,188
PBSA36-CX600T1-3/4S3,"3""",600,SA-36,"1-3/4""",1.75,1.87,16.61,23.25,78,86
PBSA516-70-CX600T1-3/4S3,"3""",600,SA-516-70,"1-3/4""",1.75,2.18,16.61,23.25,86,95
PB304L-CX600T1-3/4S3,"3""",600,304L,"1-3/4""",1.75,6.01,17.35,24.29,181,200
PB316L-CX600T1-3/4S3,"3""",600,316L,"1-3/4""",1.75,7.48,17.55,24.57,219,241
PBAL6061-CX600T1-3/4S3,"3""",600,AL-6061,"1-3/4""",1.75,5.1,5.85,8.19,77,85
PB304-CX600T1-7/8S3,"3""",600,304,"1-7/8""",1.875,5.55,18.59,26.03,179,197
PBSA36-CX600T1-7/8S3,"3""",600,SA-36,"1-7/8""",1.875,1.87,17.79,24.91,81,90
PBSA516-70-CX600T1-7/8S3,"3""",600,SA-516-70,"1-7/8""",1.875,2.18,17.79,24.91,89,98
PB304L-CX600T1-7/8S3,"3""",600,304L,"1-7/8""",1.875,6.01,18.59,26.03,191,211
PB316L-CX600T1-7/8S3,"3""",600,316L,"1-7/8""",1.875,7.48,18.8,26.32,232,256
PBAL6061-CX600T1-7/8S3,"3""",600,AL-6061,"1-7/8""",1.875,5.1,6.27,8.78,80,88
PB304-CX600T2S3,"3""",600,304,"2""",2,5.55,19.83,27.76,189,208
PBSA36-CX600T2S3,"3""",600,SA-36,"2""",2,1.87,18.98,26.57,85,94
PBSA516-70-CX600T2S3,"3""",600,SA-516-70,"2""",2,2.18,18.98,26.57,93,103
PB304L-CX600T2S3,"3""",600,304L,"2""",2,6.01,19.83,27.76,202,223
PB316L-CX600T2S3,"3""",600,316L,"2""",2,7.48,20.05,28.07,245,270
PBAL6061-CX600T2S3,"3""",600,AL-6061,"2""",2,5.1,6.69,9.37,83,92
PB304-CX600T2-1/4S3,"3""",600,304,"2-1/4""",2.25,5.55,22.31,31.23,208,229
PBSA36-CX600T2-1/4S3,"3""",600,SA-36,"2-1/4""",2.25,1.87,21.35,29.89,91,101
PBSA516-70-CX600T2-1/4S3,"3""",600,SA-516-70,"2-1/4""",2.25,2.18,21.35,29.89,100,111
PB304L-CX600T2-1/4S3,"3""",600,304L,"2-1/4""",2.25,6.01,22.31,31.23,223,246
PB316L-CX600T2-1/4S3,"3""",600,316L,"2-1/4""",2.25,7.48,22.56,31.58,271,299
PBAL6061-CX600T2-1/4S3,"3""",600,AL-6061,"2-1/4""",2.25,5.1,7.52,10.53,89,98
PB304-CX600T2-1/2S3,"3""",600,304,"2-1/2""",2.5,5.55,24.78,34.69,227,250
PBSA36-CX600T2-1/2S3,"3""",600,SA-36,"2-1/2""",2.5,1.87,23.72,33.21,97,107
PBSA516-70-CX600T2-1/2S3,"3""",600,SA-516-70,"2-1/2""",2.5,2.18,23.72,33.21,107,118
PB304L-CX600T2-1/2S3,"3""",600,304L,"2-1/2""",2.5,6.01,24.78,34.69,243,268
PB316L-CX600T2-1/2S3,"3""",600,316L,"2-1/2""",2.5,7.48,25.07,35.1,297,327
PBAL6061-CX600T2-1/2S3,"3""",600,AL-6061,"2-1/2""",2.5,5.1,8.36,11.7,95,105
PB304-CX600T3S3,"3""",600,304,"3""",3,5.55,29.74,41.64,266,293
PBSA36-CX600T3S3,"3""",600,SA-36,"3""",3,1.87,28.47,39.86,109,120
PBSA516-70-CX600T3S3,"3""",600,SA-516-70,"3""",3,2.18,28.47,39.86,122,135
PB304L-CX600T3S3,"3""",600,304L,"3""",3,6.01,29.74,41.64,285,314
PB316L-CX600T3S3,"3""",600,316L,"3""",3,7.48,30.08,42.11,350,386
PBAL6061-CX600T3S3,"3""",600,AL-6061,"3""",3,5.1,10.03,14.04,106,117
PB304-CX600T11GAS4,"4""",600,304,11 Gauge,0.1196,5.55,1.98,2.77,50,56
PBSA36-CX600T11GAS4,"4""",600,SA-36,11 Gauge,0.1196,1.87,1.9,2.66,40,44
PBSA516-70-CX600T11GAS4,"4""",600,SA-516-70,11 Gauge,0.1196,2.18,1.9,2.66,41,46
PB304L-CX600T11GAS4,"4""",600,304L,11 Gauge,0.1196,6.01,1.98,2.77,51,57
PB316L-CX600T11GAS4,"4""",600,316L,11 Gauge,0.1196,7.48,2,2.8,56,62
PBAL6061-CX600T11GAS4,"4""",600,AL-6061,11 Gauge,0.1196,5.1,0.67,0.94,40,44
PB304-CX600T1/8S4,"4""",600,304,"1/8""",0.125,5.55,2.07,2.9,51,57
PBSA36-CX600T1/8S4,"4""",600,SA-36,"1/8""",0.125,1.87,1.98,2.77,40,44
PBSA516-70-CX600T1/8S4,"4""",600,SA-516-70,"1/8""",0.125,2.18,1.98,2.77,41,46
PB304L-CX600T1/8S4,"4""",600,304L,"1/8""",0.125,6.01,2.07,2.9,52,58
PB316L-CX600T1/8S4,"4""",600,316L,"1/8""",0.125,7.48,2.09,2.93,57,63
PBAL6061-CX600T1/8S4,"4""",600,AL-6061,"1/8""",0.125,5.1,0.7,0.98,40,44
PB304-CX600T3/16S4,"4""",600,304,"3/16""",0.1875,5.55,3.11,4.35,59,65
PBSA36-CX600T3/16S4,"4""",600,SA-36,"3/16""",0.1875,1.87,2.97,4.16,43,48
PBSA516-70-CX600T3/16S4,"4""",600,SA-516-70,"3/16""",0.1875,2.18,2.97,4.16,44,49
PB304L-CX600T3/16S4,"4""",600,304L,"3/16""",0.1875,6.01,3.11,4.35,61,68
PB316L-CX600T3/16S4,"4""",600,316L,"3/16""",0.1875,7.48,3.14,4.4,68,75
PBAL6061-CX600T3/16S4,"4""",600,AL-6061,"3/16""",0.1875,5.1,1.05,1.47,42,47
PB304-CX600T1/4S4,"4""",600,304,"1/4""",0.25,5.55,4.14,5.8,67,74
PBSA36-CX600T1/4S4,"4""",600,SA-36,"1/4""",0.25,1.87,3.96,5.54,45,50
PBSA516-70-CX600T1/4S4,"4""",600,SA-516-70,"1/4""",0.25,2.18,3.96,5.54,47,52
PB304L-CX600T1/4S4,"4""",600,304L,"1/4""",0.25,6.01,4.14,5.8,70,77
PB316L-CX600T1/4S4,"4""",600,316L,"1/4""",0.25,7.48,4.19,5.87,79,87
PBAL6061-CX600T1/4S4,"4""",600,AL-6061,"1/4""",0.25,5.1,1.4,1.96,45,50
PB304-CX600T5/16S4,"4""",600,304,"5/16""",0.3125,5.55,5.18,7.25,75,83
PBSA36-CX600T5/16S4,"4""",600,SA-36,"5/16""",0.3125,1.87,4.95,6.93,48,53
PBSA516-70-CX600T5/16S4,"4""",600,SA-516-70,"5/16""",0.3125,2.18,4.95,6.93,50,56
PB304L-CX600T5/16S4,"4""",600,304L,"5/16""",0.3125,6.01,5.18,7.25,78,86
PB316L-CX600T5/16S4,"4""",600,316L,"5/16""",0.3125,7.48,5.23,7.32,90,100
PBAL6061-CX600T5/16S4,"4""",600,AL-6061,"5/16""",0.3125,5.1,1.75,2.45,47,52
PB304-CX600T3/8S4,"4""",600,304,"3/8""",0.375,5.55,6.21,8.69,83,92
PBSA36-CX600T3/8S4,"4""",600,SA-36,"3/8""",0.375,1.87,5.94,8.32,50,56
PBSA516-70-CX600T3/8S4,"4""",600,SA-516-70,"3/8""",0.375,2.18,5.94,8.32,53,59
PB304L-CX600T3/8S4,"4""",600,304L,"3/8""",0.375,6.01,6.21,8.69,87,96
PB316L-CX600T3/8S4,"4""",600,316L,"3/8""",0.375,7.48,6.28,8.79,101,112
PBAL6061-CX600T3/8S4,"4""",600,AL-6061,"3/8""",0.375,5.1,2.09,2.93,50,56
PB304-CX600T1/2S4,"4""",600,304,"1/2""",0.5,5.55,8.28,11.59,99,109
PBSA36-CX600T1/2S4,"4""",600,SA-36,"1/2""",0.5,1.87,7.93,11.1,56,62
PBSA516-70-CX600T1/2S4,"4""",600,SA-516-70,"1/2""",0.5,2.18,7.93,11.1,59,65
PB304L-CX600T1/2S4,"4""",600,304L,"1/2""",0.5,6.01,8.28,11.59,105,116
PB316L-CX600T1/2S4,"4""",600,316L,"1/2""",0.5,7.48,8.37,11.72,123,136
PBAL6061-CX600T1/2S4,"4""",600,AL-6061,"1/2""",0.5,5.1,2.79,3.91,55,61
PB304-CX600T5/8S4,"4""",600,304,"5/8""",0.625,5.55,10.35,14.49,115,127
PBSA36-CX600T5/8S4,"4""",600,SA-36,"5/8""",0.625,1.87,9.91,13.87,61,68
PBSA516-70-CX600T5/8S4,"4""",600,SA-516-70,"5/8""",0.625,2.18,9.91,13.87,65,72
PB304L-CX600T5/8S4,"4""",600,304L,"5/8""",0.625,6.01,10.35,14.49,122,135
PB316L-CX600T5/8S4,"4""",600,316L,"5/8""",0.625,7.48,10.47,14.66,145,160
PBAL6061-CX600T5/8S4,"4""",600,AL-6061,"5/8""",0.625,5.1,3.49,4.89,60,66
PB304-CX600T3/4S4,"4""",600,304,"3/4""",0.75,5.55,12.42,17.39,131,145
PBSA36-CX600T3/4S4,"4""",600,SA-36,"3/4""",0.75,1.87,11.89,16.65,66,73
PBSA516-70-CX600T3/4S4,"4""",600,SA-516-70,"3/4""",0.75,2.18,11.89,16.65,71,79
PB304L-CX600T3/4S4,"4""",600,304L,"3/4""",0.75,6.01,12.42,17.39,139,153
PB316L-CX600T3/4S4,"4""",600,316L,"3/4""",0.75,7.48,12.56,17.58,166,183
PBAL6061-CX600T3/4S4,"4""",600,AL-6061,"3/4""",0.75,5.1,4.19,5.87,65,72
PB304-CX600T7/8S4,"4""",600,304,"7/8""",0.875,5.55,14.49,20.29,147,162
PBSA36-CX600T7/8S4,"4""",600,SA-36,"7/8""",0.875,1.87,13.87,19.42,71,79
PBSA516-70-CX600T7/8S4,"4""",600,SA-516-70,"7/8""",0.875,2.18,13.87,19.42,77,85
PB304L-CX600T7/8S4,"4""",600,304L,"7/8""",0.875,6.01,14.49,20.29,157,173
PB316L-CX600T7/8S4,"4""",600,316L,"7/8""",0.875,7.48,14.66,20.52,188,207
PBAL6061-CX600T7/8S4,"4""",600,AL-6061,"7/8""",0.875,5.1,4.89,6.85,70,77
PB304-CX600T1S4,"4""",600,304,"1""",1,5.55,16.56,23.18,163,180
PBSA36-CX600T1S4,"4""",600,SA-36,"1""",1,1.87,15.85,22.19,76,84
PBSA516-70-CX600T1S4,"4""",600,SA-516-70,"1""",1,2.18,15.85,22.19,83,92
PB304L-CX600T1S4,"4""",600,304L,"1""",1,6.01,16.56,23.18,174,192
PB316L-CX600T1S4,"4""",600,316L,"1""",1,7.48,16.75,23.45,210,232
PBAL6061-CX600T1S4,"4""",600,AL-6061,"1""",1,5.1,5.59,7.83,75,83
PB304-CX600T1-1/8S4,"4""",600,304,"1-1/8""",1.125,5.55,18.63,26.08,180,199
PBSA36-CX600T1-1/8S4,"4""",600,SA-36,"1-1/8""",1.125,1.87,17.83,24.96,82,91
PBSA516-70-CX600T1-1/8S4,"4""",600,SA-516-70,"1-1/8""",1.125,2.18,17.83,24.96,89,98
PB304L-CX600T1-1/8S4,"4""",600,304L,"1-1/8""",1.125,6.01,18.63,26.08,192,212
PB316L-CX600T1-1/8S4,"4""",600,316L,"1-1/8""",1.125,7.48,18.84,26.38,232,256
PBAL6061-CX600T1-1/8S4,"4""",600,AL-6061,"1-1/8""",1.125,5.1,6.28,8.79,80,88
PB304-CX600T1-1/4S4,"4""",600,304,"1-1/4""",1.25,5.55,20.7,28.98,196,216
PBSA36-CX600T1-1/4S4,"4""",600,SA-36,"1-1/4""",1.25,1.87,19.82,27.75,87,96
PBSA516-70-CX600T1-1/4S4,"4""",600,SA-516-70,"1-1/4""",1.25,2.18,19.82,27.75,95,105
PB304L-CX600T1-1/4S4,"4""",600,304L,"1-1/4""",1.25,6.01,20.7,28.98,209,230
PB316L-CX600T1-1/4S4,"4""",600,316L,"1-1/4""",1.25,7.48,20.94,29.32,254,280
PBAL6061-CX600T1-1/4S4,"4""",600,AL-6061,"1-1/4""",1.25,5.1,6.98,9.77,85,94
PB304-CX600T1-3/8S4,"4""",600,304,"1-3/8""",1.375,5.55,22.77,31.88,212,234
PBSA36-CX600T1-3/8S4,"4""",600,SA-36,"1-3/8""",1.375,1.87,21.8,30.52,92,102
PBSA516-70-CX600T1-3/8S4,"4""",600,SA-516-70,"1-3/8""",1.375,2.18,21.8,30.52,101,112
PB304L-CX600T1-3/8S4,"4""",600,304L,"1-3/8""",1.375,6.01,22.77,31.88,226,249
PB316L-CX600T1-3/8S4,"4""",600,316L,"1-3/8""",1.375,7.48,23.03,32.24,276,304
PBAL6061-CX600T1-3/8S4,"4""",600,AL-6061,"1-3/8""",1.375,5.1,7.68,10.75,90,100
PB304-CX600T1-1/2S4,"4""",600,304,"1-1/2""",1.5,5.55,24.84,34.78,228,251
PBSA36-CX600T1-1/2S4,"4""",600,SA-36,"1-1/2""",1.5,1.87,23.78,33.29,97,107
PBSA516-70-CX600T1-1/2S4,"4""",600,SA-516-70,"1-1/2""",1.5,2.18,23.78,33.29,107,118
PB304L-CX600T1-1/2S4,"4""",600,304L,"1-1/2""",1.5,6.01,24.84,34.78,244,269
PB316L-CX600T1-1/2S4,"4""",600,316L,"1-1/2""",1.5,7.48,25.12,35.17,298,328
PBAL6061-CX600T1-1/2S4,"4""",600,AL-6061,"1-1/2""",1.5,5.1,8.38,11.73,95,105
PB304-CX600T1-5/8S4,"4""",600,304,"1-5/8""",1.625,5.55,26.91,37.67,244,269
PBSA36-CX600T1-5/8S4,"4""",600,SA-36,"1-5/8""",1.625,1.87,25.76,36.06,102,113
PBSA516-70-CX600T1-5/8S4,"4""",600,SA-516-70,"1-5/8""",1.625,2.18,25.76,36.06,113,125
PB304L-CX600T1-5/8S4,"4""",600,304L,"1-5/8""",1.625,6.01,26.91,37.67,261,288
PB316L-CX600T1-5/8S4,"4""",600,316L,"1-5/8""",1.625,7.48,27.22,38.11,320,352
PBAL6061-CX600T1-5/8S4,"4""",600,AL-6061,"1-5/8""",1.625,5.1,9.08,12.71,100,111
PB304-CX600T1-3/4S4,"4""",600,304,"1-3/4""",1.75,5.55,28.98,40.57,260,286
PBSA36-CX600T1-3/4S4,"4""",600,SA-36,"1-3/4""",1.75,1.87,27.74,38.84,107,118
PBSA516-70-CX600T1-3/4S4,"4""",600,SA-516-70,"1-3/4""",1.75,2.18,27.74,38.84,120,132
PB304L-CX600T1-3/4S4,"4""",600,304L,"1-3/4""",1.75,6.01,28.98,40.57,279,307
PB316L-CX600T1-3/4S4,"4""",600,316L,"1-3/4""",1.75,7.48,29.31,41.03,342,377
PBAL6061-CX600T1-3/4S4,"4""",600,AL-6061,"1-3/4""",1.75,5.1,9.78,13.69,105,116
PB304-CX600T1-7/8S4,"4""",600,304,"1-7/8""",1.875,5.55,31.05,43.47,276,304
PBSA36-CX600T1-7/8S4,"4""",600,SA-36,"1-7/8""",1.875,1.87,29.72,41.61,113,125
PBSA516-70-CX600T1-7/8S4,"4""",600,SA-516-70,"1-7/8""",1.875,2.18,29.72,41.61,126,139
PB304L-CX600T1-7/8S4,"4""",600,304L,"1-7/8""",1.875,6.01,31.05,43.47,296,326
PB316L-CX600T1-7/8S4,"4""",600,316L,"1-7/8""",1.875,7.48,31.41,43.97,364,401
PBAL6061-CX600T1-7/8S4,"4""",600,AL-6061,"1-7/8""",1.875,5.1,10.47,14.66,110,122
PB304-CX600T2S4,"4""",600,304,"2""",2,5.55,33.12,46.37,292,322
PBSA36-CX600T2S4,"4""",600,SA-36,"2""",2,1.87,31.71,44.39,118,130
PBSA516-70-CX600T2S4,"4""",600,SA-516-70,"2""",2,2.18,31.71,44.39,132,146
PB304L-CX600T2S4,"4""",600,304L,"2""",2,6.01,33.12,46.37,314,346
PB316L-CX600T2S4,"4""",600,316L,"2""",2,7.48,33.5,46.9,386,425
PBAL6061-CX600T2S4,"4""",600,AL-6061,"2""",2,5.1,11.17,15.64,115,127
PB304-CX600T2-1/4S4,"4""",600,304,"2-1/4""",2.25,5.55,37.26,52.16,324,357
PBSA36-CX600T2-1/4S4,"4""",600,SA-36,"2-1/4""",2.25,1.87,35.67,49.94,128,141
PBSA516-70-CX600T2-1/4S4,"4""",600,SA-516-70,"2-1/4""",2.25,2.18,35.67,49.94,144,159
PB304L-CX600T2-1/4S4,"4""",600,304L,"2-1/4""",2.25,6.01,37.26,52.16,348,383
PB316L-CX600T2-1/4S4,"4""",600,316L,"2-1/4""",2.25,7.48,37.69,52.77,430,474
PBAL6061-CX600T2-1/4S4,"4""",600,AL-6061,"2-1/4""",2.25,5.1,12.57,17.6,125,138
PB304-CX600T2-1/2S4,"4""",600,304,"2-1/2""",2.5,5.55,41.4,57.96,357,393
PBSA36-CX600T2-1/2S4,"4""",600,SA-36,"2-1/2""",2.5,1.87,39.63,55.48,139,153
PBSA516-70-CX600T2-1/2S4,"4""",600,SA-516-70,"2-1/2""",2.5,2.18,39.63,55.48,156,172
PB304L-CX600T2-1/2S4,"4""",600,304L,"2-1/2""",2.5,6.01,41.4,57.96,383,422
PB316L-CX600T2-1/2S4,"4""",600,316L,"2-1/2""",2.5,7.48,41.87,58.62,473,521
PBAL6061-CX600T2-1/2S4,"4""",600,AL-6061,"2-1/2""",2.5,5.1,13.96,19.54,135,149
PB304-CX600T3S4,"4""",600,304,"3""",3,5.55,49.68,69.55,421,464
PBSA36-CX600T3S4,"4""",600,SA-36,"3""",3,1.87,47.56,66.58,159,175
PBSA516-70-CX600T3S4,"4""",600,SA-516-70,"3""",3,2.18,47.56,66.58,180,199
PB304L-CX600T3S4,"4""",600,304L,"3""",3,6.01,49.68,69.55,453,499
PB316L-CX600T3S4,"4""",600,316L,"3""",3,7.48,50.25,70.35,561,618
PBAL6061-CX600T3S4,"4""",600,AL-6061,"3""",3,5.1,16.76,23.46,154,170
PB304-CX600T11GAS6,"6""",600,304,11 Gauge,0.1196,5.55,3.71,5.19,64,71
PBSA36-CX600T11GAS6,"6""",600,SA-36,11 Gauge,0.1196,1.87,3.55,4.97,44,49
PBSA516-70-CX600T11GAS6,"6""",600,SA-516-70,11 Gauge,0.1196,2.18,3.55,4.97,46,51
PB304L-CX600T11GAS6,"6""",600,304L,11 Gauge,0.1196,6.01,3.71,5.19,66,73
PB316L-CX600T11GAS6,"6""",600,316L,11 Gauge,0.1196,7.48,3.76,5.26,74,82
PBAL6061-CX600T11GAS6,"6""",600,AL-6061,11 Gauge,0.1196,5.1,1.25,1.75,44,49
PB304-CX600T1/8S6,"6""",600,304,"1/8""",0.125,5.55,3.88,5.43,65,72
PBSA36-CX600T1/8S6,"6""",600,SA-36,"1/8""",0.125,1.87,3.72,5.21,45,50
PBSA516-70-CX600T1/8S6,"6""",600,SA-516-70,"1/8""",0.125,2.18,3.72,5.21,46,51
PB304L-CX600T1/8S6,"6""",600,304L,"1/8""",0.125,6.01,3.88,5.43,67,74
PB316L-CX600T1/8S6,"6""",600,316L,"1/8""",0.125,7.48,3.93,5.5,76,84
PBAL6061-CX600T1/8S6,"6""",600,AL-6061,"1/8""",0.125,5.1,1.31,1.83,44,49
PB304-CX600T3/16S6,"6""",600,304,"3/16""",0.1875,5.55,5.82,8.15,80,88
PBSA36-CX600T3/16S6,"6""",600,SA-36,"3/16""",0.1875,1.87,5.57,7.8,49,54
PBSA516-70-CX600T3/16S6,"6""",600,SA-516-70,"3/16""",0.1875,2.18,5.57,7.8,52,58
PB304L-CX600T3/16S6,"6""",600,304L,"3/16""",0.1875,6.01,5.82,8.15,84,93
PB316L-CX600T3/16S6,"6""",600,316L,"3/16""",0.1875,7.48,5.89,8.25,97,107
PBAL6061-CX600T3/16S6,"6""",600,AL-6061,"3/16""",0.1875,5.1,1.96,2.74,49,54
PB304-CX600T1/4S6,"6""",600,304,"1/4""",0.25,5.55,7.76,10.86,95,105
PBSA36-CX600T1/4S6,"6""",600,SA-36,"1/4""",0.25,1.87,7.43,10.4,54,60
PBSA516-70-CX600T1/4S6,"6""",600,SA-516-70,"1/4""",0.25,2.18,7.43,10.4,58,64
PB304L-CX600T1/4S6,"6""",600,304L,"1/4""",0.25,6.01,7.76,10.86,100,111
PB316L-CX600T1/4S6,"6""",600,316L,"1/4""",0.25,7.48,7.85,10.99,117,129
PBAL6061-CX600T1/4S6,"6""",600,AL-6061,"1/4""",0.25,5.1,2.62,3.67,54,60
PB304-CX600T5/16S6,"6""",600,304,"5/16""",0.3125,5.55,9.7,13.58,110,122
PBSA36-CX600T5/16S6,"6""",600,SA-36,"5/16""",0.3125,1.87,9.29,13.01,59,65
PBSA516-70-CX600T5/16S6,"6""",600,SA-516-70,"5/16""",0.3125,2.18,9.29,13.01,63,70
PB304L-CX600T5/16S6,"6""",600,304L,"5/16""",0.3125,6.01,9.7,13.58,116,128
PB316L-CX600T5/16S6,"6""",600,316L,"5/16""",0.3125,7.48,9.81,13.73,138,152
PBAL6061-CX600T5/16S6,"6""",600,AL-6061,"5/16""",0.3125,5.1,3.27,4.58,58,64
PB304-CX600T3/8S6,"6""",600,304,"3/8""",0.375,5.55,11.64,16.3,125,138
PBSA36-CX600T3/8S6,"6""",600,SA-36,"3/8""",0.375,1.87,11.15,15.61,64,71
PBSA516-70-CX600T3/8S6,"6""",600,SA-516-70,"3/8""",0.375,2.18,11.15,15.61,69,76
PB304L-CX600T3/8S6,"6""",600,304L,"3/8""",0.375,6.01,11.64,16.3,133,147
PB316L-CX600T3/8S6,"6""",600,316L,"3/8""",0.375,7.48,11.78,16.49,158,174
PBAL6061-CX600T3/8S6,"6""",600,AL-6061,"3/8""",0.375,5.1,3.93,5.5,63,70
PB304-CX600T1/2S6,"6""",600,304,"1/2""",0.5,5.55,15.53,21.74,156,172
PBSA36-CX600T1/2S6,"6""",600,SA-36,"1/2""",0.5,1.87,14.86,20.8,74,82
PBSA516-70-CX600T1/2S6,"6""",600,SA-516-70,"1/2""",0.5,2.18,14.86,20.8,80,88
PB304L-CX600T1/2S6,"6""",600,304L,"1/2""",0.5,6.01,15.53,21.74,166,183
PB316L-CX600T1/2S6,"6""",600,316L,"1/2""",0.5,7.48,15.7,21.98,199,219
PBAL6061-CX600T1/2S6,"6""",600,AL-6061,"1/2""",0.5,5.1,5.24,7.34,72,80
PB304-CX600T5/8S6,"6""",600,304,"5/8""",0.625,5.55,19.41,27.17,186,205
PBSA36-CX600T5/8S6,"6""",600,SA-36,"5/8""",0.625,1.87,18.58,26.01,83,92
PBSA516-70-CX600T5/8S6,"6""",600,SA-516-70,"5/8""",0.625,2.18,18.58,26.01,92,102
PB304L-CX600T5/8S6,"6""",600,304L,"5/8""",0.625,6.01,19.41,27.17,198,218
PB316L-CX600T5/8S6,"6""",600,316L,"5/8""",0.625,7.48,19.63,27.48,240,264
PBAL6061-CX600T5/8S6,"6""",600,AL-6061,"5/8""",0.625,5.1,6.55,9.17,82,91
PB304-CX600T3/4S6,"6""",600,304,"3/4""",0.75,5.55,23.29,32.61,216,238
PBSA36-CX600T3/4S6,"6""",600,SA-36,"3/4""",0.75,1.87,22.29,31.21,93,103
PBSA516-70-CX600T3/4S6,"6""",600,SA-516-70,"3/4""",0.75,2.18,22.29,31.21,103,114
PB304L-CX600T3/4S6,"6""",600,304L,"3/4""",0.75,6.01,23.29,32.61,231,255
PB316L-CX600T3/4S6,"6""",600,316L,"3/4""",0.75,7.48,23.55,32.97,281,310
PBAL6061-CX600T3/4S6,"6""",600,AL-6061,"3/4""",0.75,5.1,7.85,10.99,91,101
PB304-CX600T7/8S6,"6""",600,304,"7/8""",0.875,5.55,27.17,38.04,246,271
PBSA36-CX600T7/8S6,"6""",600,SA-36,"7/8""",0.875,1.87,26.01,36.41,103,114
PBSA516-70-CX600T7/8S6,"6""",600,SA-516-70,"7/8""",0.875,2.18,26.01,36.41,114,126
PB304L-CX600T7/8S6,"6""",600,304L,"7/8""",0.875,6.01,27.17,38.04,263,290
PB316L-CX600T7/8S6,"6""",600,316L,"7/8""",0.875,7.48,27.48,38.47,323,356
PBAL6061-CX600T7/8S6,"6""",600,AL-6061,"7/8""",0.875,5.1,9.16,12.82,100,111
PB304-CX600T1S6,"6""",600,304,"1""",1,5.55,31.05,43.47,276,304
PBSA36-CX600T1S6,"6""",600,SA-36,"1""",1,1.87,29.72,41.61,113,125
PBSA516-70-CX600T1S6,"6""",600,SA-516-70,"1""",1,2.18,29.72,41.61,126,139
PB304L-CX600T1S6,"6""",600,304L,"1""",1,6.01,31.05,43.47,296,326
PB316L-CX600T1S6,"6""",600,316L,"1""",1,7.48,31.4,43.96,364,401
PBAL6061-CX600T1S6,"6""",600,AL-6061,"1""",1,5.1,10.47,14.66,110,122
PB304-CX600T1-1/8S6,"6""",600,304,"1-1/8""",1.125,5.55,34.93,48.9,306,337
PBSA36-CX600T1-1/8S6,"6""",600,SA-36,"1-1/8""",1.125,1.87,33.44,46.82,122,135
PBSA516-70-CX600T1-1/8S6,"6""",600,SA-516-70,"1-1/8""",1.125,2.18,33.44,46.82,137,151
PB304L-CX600T1-1/8S6,"6""",600,304L,"1-1/8""",1.125,6.01,34.93,48.9,329,362
PB316L-CX600T1-1/8S6,"6""",600,316L,"1-1/8""",1.125,7.48,35.33,49.46,405,446
PBAL6061-CX600T1-1/8S6,"6""",600,AL-6061,"1-1/8""",1.125,5.1,11.78,16.49,119,131
PB304-CX600T1-1/4S6,"6""",600,304,"1-1/4""",1.25,5.55,38.81,54.33,336,370
PBSA36-CX600T1-1/4S6,"6""",600,SA-36,"1-1/4""",1.25,1.87,37.15,52.01,132,146
PBSA516-70-CX600T1-1/4S6,"6""",600,SA-516-70,"1-1/4""",1.25,2.18,37.15,52.01,148,163
PB304L-CX600T1-1/4S6,"6""",600,304L,"1-1/4""",1.25,6.01,38.81,54.33,361,398
PB316L-CX600T1-1/4S6,"6""",600,316L,"1-1/4""",1.25,7.48,39.26,54.96,446,491
PBAL6061-CX600T1-1/4S6,"6""",600,AL-6061,"1-1/4""",1.25,5.1,13.09,18.33,128,141
PB304-CX600T1-3/8S6,"6""",600,304,"1-3/8""",1.375,5.55,42.7,59.78,367,404
PBSA36-CX600T1-3/8S6,"6""",600,SA-36,"1-3/8""",1.375,1.87,40.87,57.22,142,157
PBSA516-70-CX600T1-3/8S6,"6""",600,SA-516-70,"1-3/8""",1.375,2.18,40.87,57.22,160,176
PB304L-CX600T1-3/8S6,"6""",600,304L,"1-3/8""",1.375,6.01,42.7,59.78,394,434
PB316L-CX600T1-3/8S6,"6""",600,316L,"1-3/8""",1.375,7.48,43.18,60.45,487,536
PBAL6061-CX600T1-3/8S6,"6""",600,AL-6061,"1-3/8""",1.375,5.1,14.4,20.16,138,152
PB304-CX600T1-1/2S6,"6""",600,304,"1-1/2""",1.5,5.55,46.58,65.21,397,437
PBSA36-CX600T1-1/2S6,"6""",600,SA-36,"1-1/2""",1.5,1.87,44.59,62.43,152,168
PBSA516-70-CX600T1-1/2S6,"6""",600,SA-516-70,"1-1/2""",1.5,2.18,44.59,62.43,171,189
PB304L-CX600T1-1/2S6,"6""",600,304L,"1-1/2""",1.5,6.01,46.58,65.21,427,470
PB316L-CX600T1-1/2S6,"6""",600,316L,"1-1/2""",1.5,7.48,47.11,65.95,528,581
PBAL6061-CX600T1-1/2S6,"6""",600,AL-6061,"1-1/2""",1.5,5.1,15.71,21.99,147,162
PB304-CX600T1-5/8S6,"6""",600,304,"1-5/8""",1.625,5.55,50.46,70.64,427,470
PBSA36-CX600T1-5/8S6,"6""",600,SA-36,"1-5/8""",1.625,1.87,48.3,67.62,161,178
PBSA516-70-CX600T1-5/8S6,"6""",600,SA-516-70,"1-5/8""",1.625,2.18,48.3,67.62,182,201
PB304L-CX600T1-5/8S6,"6""",600,304L,"1-5/8""",1.625,6.01,50.46,70.64,459,505
PB316L-CX600T1-5/8S6,"6""",600,316L,"1-5/8""",1.625,7.48,51.03,71.44,569,626
PBAL6061-CX600T1-5/8S6,"6""",600,AL-6061,"1-5/8""",1.625,5.1,17.02,23.83,156,172
PB304-CX600T1-3/4S6,"6""",600,304,"1-3/4""",1.75,5.55,54.34,76.08,457,503
PBSA36-CX600T1-3/4S6,"6""",600,SA-36,"1-3/4""",1.75,1.87,52.02,72.83,171,189
PBSA516-70-CX600T1-3/4S6,"6""",600,SA-516-70,"1-3/4""",1.75,2.18,52.02,72.83,194,214
PB304L-CX600T1-3/4S6,"6""",600,304L,"1-3/4""",1.75,6.01,54.34,76.08,492,542
PB316L-CX600T1-3/4S6,"6""",600,316L,"1-3/4""",1.75,7.48,54.96,76.94,610,671
PBAL6061-CX600T1-3/4S6,"6""",600,AL-6061,"1-3/4""",1.75,5.1,18.33,25.66,166,183
PB304-CX600T1-7/8S6,"6""",600,304,"1-7/8""",1.875,5.55,58.22,81.51,487,536
PBSA36-CX600T1-7/8S6,"6""",600,SA-36,"1-7/8""",1.875,1.87,55.73,78.02,181,200
PBSA516-70-CX600T1-7/8S6,"6""",600,SA-516-70,"1-7/8""",1.875,2.18,55.73,78.02,205,226
PB304L-CX600T1-7/8S6,"6""",600,304L,"1-7/8""",1.875,6.01,58.22,81.51,525,578
PB316L-CX600T1-7/8S6,"6""",600,316L,"1-7/8""",1.875,7.48,58.88,82.43,651,717
PBAL6061-CX600T1-7/8S6,"6""",600,AL-6061,"1-7/8""",1.875,5.1,19.64,27.5,175,193
PB304-CX600T2S6,"6""",600,304,"2""",2,5.55,62.1,86.94,517,569
PBSA36-CX600T2S6,"6""",600,SA-36,"2""",2,1.87,59.45,83.23,190,210
PBSA516-70-CX600T2S6,"6""",600,SA-516-70,"2""",2,2.18,59.45,83.23,216,238
PB304L-CX600T2S6,"6""",600,304L,"2""",2,6.01,62.1,86.94,557,613
PB316L-CX600T2S6,"6""",600,316L,"2""",2,7.48,62.81,87.93,693,763
PBAL6061-CX600T2S6,"6""",600,AL-6061,"2""",2,5.1,20.95,29.33,184,203
PB304-CX600T2-1/4S6,"6""",600,304,"2-1/4""",2.25,5.55,69.87,97.82,578,636
PBSA36-CX600T2-1/4S6,"6""",600,SA-36,"2-1/4""",2.25,1.87,66.88,93.63,210,232
PBSA516-70-CX600T2-1/4S6,"6""",600,SA-516-70,"2-1/4""",2.25,2.18,66.88,93.63,239,263
PB304L-CX600T2-1/4S6,"6""",600,304L,"2-1/4""",2.25,6.01,69.87,97.82,623,686
PB316L-CX600T2-1/4S6,"6""",600,316L,"2-1/4""",2.25,7.48,70.66,98.92,775,853
PBAL6061-CX600T2-1/4S6,"6""",600,AL-6061,"2-1/4""",2.25,5.1,23.56,32.98,203,224
PB304-CX600T2-1/2S6,"6""",600,304,"2-1/2""",2.5,5.55,77.63,108.68,638,702
PBSA36-CX600T2-1/2S6,"6""",600,SA-36,"2-1/2""",2.5,1.87,74.31,104.03,229,252
PBSA516-70-CX600T2-1/2S6,"6""",600,SA-516-70,"2-1/2""",2.5,2.18,74.31,104.03,262,289
PB304L-CX600T2-1/2S6,"6""",600,304L,"2-1/2""",2.5,6.01,77.63,108.68,688,757
PB316L-CX600T2-1/2S6,"6""",600,316L,"2-1/2""",2.5,7.48,78.51,109.91,857,943
PBAL6061-CX600T2-1/2S6,"6""",600,AL-6061,"2-1/2""",2.5,5.1,26.18,36.65,222,245
PB304-CX600T3S6,"6""",600,304,"3""",3,5.55,93.16,130.42,759,835
PBSA36-CX600T3S6,"6""",600,SA-36,"3""",3,1.87,89.17,124.84,268,295
PBSA516-70-CX600T3S6,"6""",600,SA-516-70,"3""",3,2.18,89.17,124.84,307,338
PB304L-CX600T3S6,"6""",600,304L,"3""",3,6.01,93.16,130.42,819,901
PB316L-CX600T3S6,"6""",600,316L,"3""",3,7.48,94.21,131.89,1021,1124
PBAL6061-CX600T3S6,"6""",600,AL-6061,"3""",3,5.1,31.42,43.99,259,285
PB304-CX600T11GAS8,"8""",600,304,11 Gauge,0.1196,5.55,5.35,7.49,76,84
PBSA36-CX600T11GAS8,"8""",600,SA-36,11 Gauge,0.1196,1.87,5.12,7.17,48,53
PBSA516-70-CX600T11GAS8,"8""",600,SA-516-70,11 Gauge,0.1196,2.18,5.12,7.17,50,56
PB304L-CX600T11GAS8,"8""",600,304L,11 Gauge,0.1196,6.01,5.35,7.49,80,88
PB316L-CX600T11GAS8,"8""",600,316L,11 Gauge,0.1196,7.48,5.41,7.57,91,101
PBAL6061-CX600T11GAS8,"8""",600,AL-6061,11 Gauge,0.1196,5.1,1.8,2.52,48,53
PB304-CX600T1/8S8,"8""",600,304,"1/8""",0.125,5.55,5.59,7.83,78,86
PBSA36-CX600T1/8S8,"8""",600,SA-36,"1/8""",0.125,1.87,5.35,7.49,49,54
PBSA516-70-CX600T1/8S8,"8""",600,SA-516-70,"1/8""",0.125,2.18,5.35,7.49,51,57
PB304L-CX600T1/8S8,"8""",600,304L,"1/8""",0.125,6.01,5.59,7.83,82,91
PB316L-CX600T1/8S8,"8""",600,316L,"1/8""",0.125,7.48,5.65,7.91,94,104
PBAL6061-CX600T1/8S8,"8""",600,AL-6061,"1/8""",0.125,5.1,1.88,2.63,48,53
PB304-CX600T3/16S8,"8""",600,304,"3/16""",0.1875,5.55,8.38,11.73,100,111
PBSA36-CX600T3/16S8,"8""",600,SA-36,"3/16""",0.1875,1.87,8.02,11.23,56,62
PBSA516-70-CX600T3/16S8,"8""",600,SA-516-70,"3/16""",0.1875,2.18,8.02,11.23,59,65
PB304L-CX600T3/16S8,"8""",600,304L,"3/16""",0.1875,6.01,8.38,11.73,105,116
PB316L-CX600T3/16S8,"8""",600,316L,"3/16""",0.1875,7.48,8.48,11.87,124,137
PBAL6061-CX600T3/16S8,"8""",600,AL-6061,"3/16""",0.1875,5.1,2.83,3.96,55,61
PB304-CX600T1/4S8,"8""",600,304,"1/4""",0.25,5.55,11.17,15.64,122,135
PBSA36-CX600T1/4S8,"8""",600,SA-36,"1/4""",0.25,1.87,10.7,14.98,63,70
PBSA516-70-CX600T1/4S8,"8""",600,SA-516-70,"1/4""",0.25,2.18,10.7,14.98,68,75
PB304L-CX600T1/4S8,"8""",600,304L,"1/4""",0.25,6.01,11.17,15.64,129,142
PB316L-CX600T1/4S8,"8""",600,316L,"1/4""",0.25,7.48,11.3,15.82,153,169
PBAL6061-CX600T1/4S8,"8""",600,AL-6061,"1/4""",0.25,5.1,3.77,5.28,62,69
PB304-CX600T5/16S8,"8""",600,304,"5/16""",0.3125,5.55,13.97,19.56,143,158
PBSA36-CX600T5/16S8,"8""",600,SA-36,"5/16""",0.3125,1.87,13.37,18.72,70,77
PBSA516-70-CX600T5/16S8,"8""",600,SA-516-70,"5/16""",0.3125,2.18,13.37,18.72,76,84
PB304L-CX600T5/16S8,"8""",600,304L,"5/16""",0.3125,6.01,13.97,19.56,152,168
PB316L-CX600T5/16S8,"8""",600,316L,"5/16""",0.3125,7.48,14.13,19.78,183,202
PBAL6061-CX600T5/16S8,"8""",600,AL-6061,"5/16""",0.3125,5.1,4.71,6.59,68,75
PB304-CX600T3/8S8,"8""",600,304,"3/8""",0.375,5.55,16.76,23.46,165,182
PBSA36-CX600T3/8S8,"8""",600,SA-36,"3/8""",0.375,1.87,16.04,22.46,77,85
PBSA516-70-CX600T3/8S8,"8""",600,SA-516-70,"3/8""",0.375,2.18,16.04,22.46,84,93
PB304L-CX600T3/8S8,"8""",600,304L,"3/8""",0.375,6.01,16.76,23.46,176,194
PB316L-CX600T3/8S8,"8""",600,316L,"3/8""",0.375,7.48,16.95,23.73,212,234
PBAL6061-CX600T3/8S8,"8""",600,AL-6061,"3/8""",0.375,5.1,5.65,7.91,75,83
PB304-CX600T1/2S8,"8""",600,304,"1/2""",0.5,5.55,22.35,31.29,209,230
PBSA36-CX600T1/2S8,"8""",600,SA-36,"1/2""",0.5,1.87,21.39,29.95,91,101
PBSA516-70-CX600T1/2S8,"8""",600,SA-516-70,"1/2""",0.5,2.18,21.39,29.95,100,111
PB304L-CX600T1/2S8,"8""",600,304L,"1/2""",0.5,6.01,22.35,31.29,223,246
PB316L-CX600T1/2S8,"8""",600,316L,"1/2""",0.5,7.48,22.6,31.64,272,300
PBAL6061-CX600T1/2S8,"8""",600,AL-6061,"1/2""",0.5,5.1,7.54,10.56,89,98
PB304-CX600T5/8S8,"8""",600,304,"5/8""",0.625,5.55,27.93,39.1,252,278
PBSA36-CX600T5/8S8,"8""",600,SA-36,"5/8""",0.625,1.87,26.74,37.44,105,116
PBSA516-70-CX600T5/8S8,"8""",600,SA-516-70,"5/8""",0.625,2.18,26.74,37.44,116,128
PB304L-CX600T5/8S8,"8""",600,304L,"5/8""",0.625,6.01,27.93,39.1,270,297
PB316L-CX600T5/8S8,"8""",600,316L,"5/8""",0.625,7.48,28.25,39.55,331,365
PBAL6061-CX600T5/8S8,"8""",600,AL-6061,"5/8""",0.625,5.1,9.42,13.19,102,113
PB304-CX600T3/4S8,"8""",600,304,"3/4""",0.75,5.55,33.52,46.93,295,325
PBSA36-CX600T3/4S8,"8""",600,SA-36,"3/4""",0.75,1.87,32.09,44.93,119,131
PBSA516-70-CX600T3/4S8,"8""",600,SA-516-70,"3/4""",0.75,2.18,32.09,44.93,133,147
PB304L-CX600T3/4S8,"8""",600,304L,"3/4""",0.75,6.01,33.52,46.93,317,349
PB316L-CX600T3/4S8,"8""",600,316L,"3/4""",0.75,7.48,33.9,47.46,390,430
PBAL6061-CX600T3/4S8,"8""",600,AL-6061,"3/4""",0.75,5.1,11.31,15.83,116,128
PB304-CX600T7/8S8,"8""",600,304,"7/8""",0.875,5.55,39.11,54.75,339,373
PBSA36-CX600T7/8S8,"8""",600,SA-36,"7/8""",0.875,1.87,37.43,52.4,133,147
PBSA516-70-CX600T7/8S8,"8""",600,SA-516-70,"7/8""",0.875,2.18,37.43,52.4,149,164
PB304L-CX600T7/8S8,"8""",600,304L,"7/8""",0.875,6.01,39.11,54.75,364,401
PB316L-CX600T7/8S8,"8""",600,316L,"7/8""",0.875,7.48,39.55,55.37,449,494
PBAL6061-CX600T7/8S8,"8""",600,AL-6061,"7/8""",0.875,5.1,13.19,18.47,129,142
PB304-CX600T1S8,"8""",600,304,"1""",1,5.55,44.69,62.57,382,421
PBSA36-CX600T1S8,"8""",600,SA-36,"1""",1,1.87,42.78,59.89,147,162
PBSA516-70-CX600T1S8,"8""",600,SA-516-70,"1""",1,2.18,42.78,59.89,165,182
PB304L-CX600T1S8,"8""",600,304L,"1""",1,6.01,44.69,62.57,411,453
PB316L-CX600T1S8,"8""",600,316L,"1""",1,7.48,45.2,63.28,508,559
PBAL6061-CX600T1S8,"8""",600,AL-6061,"1""",1,5.1,15.07,21.1,142,157
PB304-CX600T1-1/8S8,"8""",600,304,"1-1/8""",1.125,5.55,50.28,70.39,426,469
PBSA36-CX600T1-1/8S8,"8""",600,SA-36,"1-1/8""",1.125,1.87,48.13,67.38,161,178
PBSA516-70-CX600T1-1/8S8,"8""",600,SA-516-70,"1-1/8""",1.125,2.18,48.13,67.38,182,201
PB304L-CX600T1-1/8S8,"8""",600,304L,"1-1/8""",1.125,6.01,50.28,70.39,458,504
PB316L-CX600T1-1/8S8,"8""",600,316L,"1-1/8""",1.125,7.48,50.85,71.19,567,624
PBAL6061-CX600T1-1/8S8,"8""",600,AL-6061,"1-1/8""",1.125,5.1,16.96,23.74,156,172
PB304-CX600T1-1/4S8,"8""",600,304,"1-1/4""",1.25,5.55,55.87,78.22,469,516
PBSA36-CX600T1-1/4S8,"8""",600,SA-36,"1-1/4""",1.25,1.87,53.48,74.87,175,193
PBSA516-70-CX600T1-1/4S8,"8""",600,SA-516-70,"1-1/4""",1.25,2.18,53.48,74.87,198,218
PB304L-CX600T1-1/4S8,"8""",600,304L,"1-1/4""",1.25,6.01,55.87,78.22,505,556
PB316L-CX600T1-1/4S8,"8""",600,316L,"1-1/4""",1.25,7.48,56.5,79.1,627,690
PBAL6061-CX600T1-1/4S8,"8""",600,AL-6061,"1-1/4""",1.25,5.1,18.84,26.38,169,186
PB304-CX600T1-3/8S8,"8""",600,304,"1-3/8""",1.375,5.55,61.45,86.03,512,564
PBSA36-CX600T1-3/8S8,"8""",600,SA-36,"1-3/8""",1.375,1.87,58.82,82.35,189,208
PBSA516-70-CX600T1-3/8S8,"8""",600,SA-516-70,"1-3/8""",1.375,2.18,58.82,82.35,214,236
PB304L-CX600T1-3/8S8,"8""",600,304L,"1-3/8""",1.375,6.01,61.45,86.03,552,608
PB316L-CX600T1-3/8S8,"8""",600,316L,"1-3/8""",1.375,7.48,62.15,87.01,686,755
PBAL6061-CX600T1-3/8S8,"8""",600,AL-6061,"1-3/8""",1.375,5.1,20.73,29.02,183,202
PB304-CX600T1-1/2S8,"8""",600,304,"1-1/2""",1.5,5.55,67.04,93.86,556,612
PBSA36-CX600T1-1/2S8,"8""",600,SA-36,"1-1/2""",1.5,1.87,64.17,89.84,203,224
PBSA516-70-CX600T1-1/2S8,"8""",600,SA-516-70,"1-1/2""",1.5,2.18,64.17,89.84,231,255
PB304L-CX600T1-1/2S8,"8""",600,304L,"1-1/2""",1.5,6.01,67.04,93.86,599,659
PB316L-CX600T1-1/2S8,"8""",600,316L,"1-1/2""",1.5,7.48,67.8,94.92,745,820
PBAL6061-CX600T1-1/2S8,"8""",600,AL-6061,"1-1/2""",1.5,5.1,22.61,31.65,196,216
PB304-CX600T1-5/8S8,"8""",600,304,"1-5/8""",1.625,5.55,72.63,101.68,599,659
PBSA36-CX600T1-5/8S8,"8""",600,SA-36,"1-5/8""",1.625,1.87,69.52,97.33,217,239
PBSA516-70-CX600T1-5/8S8,"8""",600,SA-516-70,"1-5/8""",1.625,2.18,69.52,97.33,247,272
PB304L-CX600T1-5/8S8,"8""",600,304L,"1-5/8""",1.625,6.01,72.63,101.68,646,711
PB316L-CX600T1-5/8S8,"8""",600,316L,"1-5/8""",1.625,7.48,73.45,102.83,804,885
PBAL6061-CX600T1-5/8S8,"8""",600,AL-6061,"1-5/8""",1.625,5.1,24.5,34.3,210,232
PB304-CX600T1-3/4S8,"8""",600,304,"1-3/4""",1.75,5.55,78.21,109.49,643,708
PBSA36-CX600T1-3/4S8,"8""",600,SA-36,"1-3/4""",1.75,1.87,74.87,104.82,231,255
PBSA516-70-CX600T1-3/4S8,"8""",600,SA-516-70,"1-3/4""",1.75,2.18,74.87,104.82,263,290
PB304L-CX600T1-3/4S8,"8""",600,304L,"1-3/4""",1.75,6.01,78.21,109.49,693,763
PB316L-CX600T1-3/4S8,"8""",600,316L,"1-3/4""",1.75,7.48,79.1,110.74,863,950
PBAL6061-CX600T1-3/4S8,"8""",600,AL-6061,"1-3/4""",1.75,5.1,26.38,36.93,223,246
PB304-CX600T1-7/8S8,"8""",600,304,"1-7/8""",1.875,5.55,83.8,117.32,686,755
PBSA36-CX600T1-7/8S8,"8""",600,SA-36,"1-7/8""",1.875,1.87,80.21,112.29,245,270
PBSA516-70-CX600T1-7/8S8,"8""",600,SA-516-70,"1-7/8""",1.875,2.18,80.21,112.29,280,308
PB304L-CX600T1-7/8S8,"8""",600,304L,"1-7/8""",1.875,6.01,83.8,117.32,740,815
PB316L-CX600T1-7/8S8,"8""",600,316L,"1-7/8""",1.875,7.48,84.75,118.65,922,1015
PBAL6061-CX600T1-7/8S8,"8""",600,AL-6061,"1-7/8""",1.875,5.1,28.26,39.56,237,261
PB304-CX600T2S8,"8""",600,304,"2""",2,5.55,89.39,125.15,729,802
PBSA36-CX600T2S8,"8""",600,SA-36,"2""",2,1.87,85.56,119.78,259,285
PBSA516-70-CX600T2S8,"8""",600,SA-516-70,"2""",2,2.18,85.56,119.78,296,326
PB304L-CX600T2S8,"8""",600,304L,"2""",2,6.01,89.39,125.15,787,866
PB316L-CX600T2S8,"8""",600,316L,"2""",2,7.48,90.4,126.56,982,1081
PBAL6061-CX600T2S8,"8""",600,AL-6061,"2""",2,5.1,30.15,42.21,250,275
PB304-CX600T2-1/4S8,"8""",600,304,"2-1/4""",2.25,5.55,100.56,140.78,816,898
PBSA36-CX600T2-1/4S8,"8""",600,SA-36,"2-1/4""",2.25,1.87,96.26,134.76,287,316
PBSA516-70-CX600T2-1/4S8,"8""",600,SA-516-70,"2-1/4""",2.25,2.18,96.26,134.76,329,362
PB304L-CX600T2-1/4S8,"8""",600,304L,"2-1/4""",2.25,6.01,100.56,140.78,881,970
PB316L-CX600T2-1/4S8,"8""",600,316L,"2-1/4""",2.25,7.48,101.7,142.38,1100,1210
PBAL6061-CX600T2-1/4S8,"8""",600,AL-6061,"2-1/4""",2.25,5.1,33.92,47.49,277,305
PB304-CX600T2-1/2S8,"8""",600,304,"2-1/2""",2.5,5.55,111.73,156.42,903,994
PBSA36-CX600T2-1/2S8,"8""",600,SA-36,"2-1/2""",2.5,1.87,106.95,149.73,315,347
PBSA516-70-CX600T2-1/2S8,"8""",600,SA-516-70,"2-1/2""",2.5,2.18,106.95,149.73,361,398
PB304L-CX600T2-1/2S8,"8""",600,304L,"2-1/2""",2.5,6.01,111.73,156.42,975,1073
PB316L-CX600T2-1/2S8,"8""",600,316L,"2-1/2""",2.5,7.48,113,158.2,1218,1340
PBAL6061-CX600T2-1/2S8,"8""",600,AL-6061,"2-1/2""",2.5,5.1,37.68,52.75,304,335
PB304-CX600T3S8,"8""",600,304,"3""",3,5.55,134.08,187.71,1077,1185
PBSA36-CX600T3S8,"8""",600,SA-36,"3""",3,1.87,128.34,179.68,371,409
PBSA516-70-CX600T3S8,"8""",600,SA-516-70,"3""",3,2.18,128.34,179.68,427,470
PB304L-CX600T3S8,"8""",600,304L,"3""",3,6.01,134.08,187.71,1163,1280
PB316L-CX600T3S8,"8""",600,316L,"3""",3,7.48,135.6,189.84,1455,1601
PBAL6061-CX600T3S8,"8""",600,AL-6061,"3""",3,5.1,45.22,63.31,358,394
PB304-CX600T11GAS10,"10""",600,304,11 Gauge,0.1196,5.55,8.27,11.58,99,109
PBSA36-CX600T11GAS10,"10""",600,SA-36,11 Gauge,0.1196,1.87,7.92,11.09,56,62
PBSA516-70-CX600T11GAS10,"10""",600,SA-516-70,11 Gauge,0.1196,2.18,7.92,11.09,59,65
PB304L-CX600T11GAS10,"10""",600,304L,11 Gauge,0.1196,6.01,8.27,11.58,104,115
PB316L-CX600T11GAS10,"10""",600,316L,11 Gauge,0.1196,7.48,8.37,11.72,123,136
PBAL6061-CX600T11GAS10,"10""",600,AL-6061,11 Gauge,0.1196,5.1,2.79,3.91,55,61
PB304-CX600T1/8S10,"10""",600,304,"1/8""",0.125,5.55,8.65,12.11,102,113
PBSA36-CX600T1/8S10,"10""",600,SA-36,"1/8""",0.125,1.87,8.28,11.59,57,63
PBSA516-70-CX600T1/8S10,"10""",600,SA-516-70,"1/8""",0.125,2.18,8.28,11.59,60,66
PB304L-CX600T1/8S10,"10""",600,304L,"1/8""",0.125,6.01,8.65,12.11,108,119
PB316L-CX600T1/8S10,"10""",600,316L,"1/8""",0.125,7.48,8.75,12.25,126,139
PBAL6061-CX600T1/8S10,"10""",600,AL-6061,"1/8""",0.125,5.1,2.92,4.09,56,62
PB304-CX600T3/16S10,"10""",600,304,"3/16""",0.1875,5.55,12.97,18.16,136,150
PBSA36-CX600T3/16S10,"10""",600,SA-36,"3/16""",0.1875,1.87,12.42,17.39,67,74
PBSA516-70-CX600T3/16S10,"10""",600,SA-516-70,"3/16""",0.1875,2.18,12.42,17.39,73,81
PB304L-CX600T3/16S10,"10""",600,304L,"3/16""",0.1875,6.01,12.97,18.16,144,159
PB316L-CX600T3/16S10,"10""",600,316L,"3/16""",0.1875,7.48,13.12,18.37,172,190
PBAL6061-CX600T3/16S10,"10""",600,AL-6061,"3/16""",0.1875,5.1,4.38,6.13,66,73
PB304-CX600T1/4S10,"10""",600,304,"1/4""",0.25,5.55,17.3,24.22,169,186
PBSA36-CX600T1/4S10,"10""",600,SA-36,"1/4""",0.25,1.87,16.56,23.18,78,86
PBSA516-70-CX600T1/4S10,"10""",600,SA-516-70,"1/4""",0.25,2.18,16.56,23.18,85,94
PB304L-CX600T1/4S10,"10""",600,304L,"1/4""",0.25,6.01,17.3,24.22,180,199
PB316L-CX600T1/4S10,"10""",600,316L,"1/4""",0.25,7.48,17.49,24.49,218,240
PBAL6061-CX600T1/4S10,"10""",600,AL-6061,"1/4""",0.25,5.1,5.83,8.16,76,84
PB304-CX600T5/16S10,"10""",600,304,"5/16""",0.3125,5.55,21.62,30.27,203,224
PBSA36-CX600T5/16S10,"10""",600,SA-36,"5/16""",0.3125,1.87,20.69,28.97,89,98
PBSA516-70-CX600T5/16S10,"10""",600,SA-516-70,"5/16""",0.3125,2.18,20.69,28.97,98,108
PB304L-CX600T5/16S10,"10""",600,304L,"5/16""",0.3125,6.01,21.62,30.27,217,239
PB316L-CX600T5/16S10,"10""",600,316L,"5/16""",0.3125,7.48,21.86,30.6,264,291
PBAL6061-CX600T5/16S10,"10""",600,AL-6061,"5/16""",0.3125,5.1,7.29,10.21,87,96
PB304-CX600T3/8S10,"10""",600,304,"3/8""",0.375,5.55,25.94,36.32,236,260
PBSA36-CX600T3/8S10,"10""",600,SA-36,"3/8""",0.375,1.87,24.83,34.76,100,111
PBSA516-70-CX600T3/8S10,"10""",600,SA-516-70,"3/8""",0.375,2.18,24.83,34.76,111,123
PB304L-CX600T3/8S10,"10""",600,304L,"3/8""",0.375,6.01,25.94,36.32,253,279
PB316L-CX600T3/8S10,"10""",600,316L,"3/8""",0.375,7.48,26.24,36.74,310,341
PBAL6061-CX600T3/8S10,"10""",600,AL-6061,"3/8""",0.375,5.1,8.75,12.25,97,107
PB304-CX600T1/2S10,"10""",600,304,"1/2""",0.5,5.55,34.59,48.43,304,335
PBSA36-CX600T1/2S10,"10""",600,SA-36,"1/2""",0.5,1.87,33.11,46.35,122,135
PBSA516-70-CX600T1/2S10,"10""",600,SA-516-70,"1/2""",0.5,2.18,33.11,46.35,136,150
PB304L-CX600T1/2S10,"10""",600,304L,"1/2""",0.5,6.01,34.59,48.43,326,359
PB316L-CX600T1/2S10,"10""",600,316L,"1/2""",0.5,7.48,34.98,48.97,401,442
PBAL6061-CX600T1/2S10,"10""",600,AL-6061,"1/2""",0.5,5.1,11.67,16.34,118,130
PB304-CX600T5/8S10,"10""",600,304,"5/8""",0.625,5.55,43.24,60.54,371,409
PBSA36-CX600T5/8S10,"10""",600,SA-36,"5/8""",0.625,1.87,41.39,57.95,143,158
PBSA516-70-CX600T5/8S10,"10""",600,SA-516-70,"5/8""",0.625,2.18,41.39,57.95,161,178
PB304L-CX600T5/8S10,"10""",600,304L,"5/8""",0.625,6.01,43.24,60.54,399,439
PB316L-CX600T5/8S10,"10""",600,316L,"5/8""",0.625,7.48,43.73,61.22,493,543
PBAL6061-CX600T5/8S10,"10""",600,AL-6061,"5/8""",0.625,5.1,14.58,20.41,139,153
PB304-CX600T3/4S10,"10""",600,304,"3/4""",0.75,5.55,51.89,72.65,438,482
PBSA36-CX600T3/4S10,"10""",600,SA-36,"3/4""",0.75,1.87,49.67,69.54,165,182
PBSA516-70-CX600T3/4S10,"10""",600,SA-516-70,"3/4""",0.75,2.18,49.67,69.54,186,205
PB304L-CX600T3/4S10,"10""",600,304L,"3/4""",0.75,6.01,51.89,72.65,471,519
PB316L-CX600T3/4S10,"10""",600,316L,"3/4""",0.75,7.48,52.48,73.47,584,643
PBAL6061-CX600T3/4S10,"10""",600,AL-6061,"3/4""",0.75,5.1,17.5,24.5,160,176
PB304-CX600T7/8S10,"10""",600,304,"7/8""",0.875,5.55,60.53,84.74,505,556
PBSA36-CX600T7/8S10,"10""",600,SA-36,"7/8""",0.875,1.87,57.94,81.12,187,206
PBSA516-70-CX600T7/8S10,"10""",600,SA-516-70,"7/8""",0.875,2.18,57.94,81.12,212,234
PB304L-CX600T7/8S10,"10""",600,304L,"7/8""",0.875,6.01,60.53,84.74,544,599
PB316L-CX600T7/8S10,"10""",600,316L,"7/8""",0.875,7.48,61.22,85.71,676,744
PBAL6061-CX600T7/8S10,"10""",600,AL-6061,"7/8""",0.875,5.1,20.42,28.59,181,200
PB304-CX600T1S10,"10""",600,304,"1""",1,5.55,69.18,96.85,572,630
PBSA36-CX600T1S10,"10""",600,SA-36,"1""",1,1.87,66.22,92.71,208,229
PBSA516-70-CX600T1S10,"10""",600,SA-516-70,"1""",1,2.18,66.22,92.71,237,261
PB304L-CX600T1S10,"10""",600,304L,"1""",1,6.01,69.18,96.85,617,679
PB316L-CX600T1S10,"10""",600,316L,"1""",1,7.48,69.97,97.96,768,845
PBAL6061-CX600T1S10,"10""",600,AL-6061,"1""",1,5.1,23.33,32.66,201,222
PB304-CX600T1-1/8S10,"10""",600,304,"1-1/8""",1.125,5.55,77.83,108.96,640,704
PBSA36-CX600T1-1/8S10,"10""",600,SA-36,"1-1/8""",1.125,1.87,74.5,104.3,230,254
PBSA516-70-CX600T1-1/8S10,"10""",600,SA-516-70,"1-1/8""",1.125,2.18,74.5,104.3,262,289
PB304L-CX600T1-1/8S10,"10""",600,304L,"1-1/8""",1.125,6.01,77.83,108.96,690,760
PB316L-CX600T1-1/8S10,"10""",600,316L,"1-1/8""",1.125,7.48,78.71,110.19,859,945
PBAL6061-CX600T1-1/8S10,"10""",600,AL-6061,"1-1/8""",1.125,5.1,26.25,36.75,222,245
PB304-CX600T1-1/4S10,"10""",600,304,"1-1/4""",1.25,5.55,86.48,121.07,707,778
PBSA36-CX600T1-1/4S10,"10""",600,SA-36,"1-1/4""",1.25,1.87,82.78,115.89,252,278
PBSA516-70-CX600T1-1/4S10,"10""",600,SA-516-70,"1-1/4""",1.25,2.18,82.78,115.89,287,316
PB304L-CX600T1-1/4S10,"10""",600,304L,"1-1/4""",1.25,6.01,86.48,121.07,762,839
PB316L-CX600T1-1/4S10,"10""",600,316L,"1-1/4""",1.25,7.48,87.46,122.44,951,1047
PBAL6061-CX600T1-1/4S10,"10""",600,AL-6061,"1-1/4""",1.25,5.1,29.17,40.84,243,268
PB304-CX600T1-3/8S10,"10""",600,304,"1-3/8""",1.375,5.55,95.12,133.17,774,852
PBSA36-CX600T1-3/8S10,"10""",600,SA-36,"1-3/8""",1.375,1.87,91.06,127.48,273,301
PBSA516-70-CX600T1-3/8S10,"10""",600,SA-516-70,"1-3/8""",1.375,2.18,91.06,127.48,313,345
PB304L-CX600T1-3/8S10,"10""",600,304L,"1-3/8""",1.375,6.01,95.12,133.17,835,919
PB316L-CX600T1-3/8S10,"10""",600,316L,"1-3/8""",1.375,7.48,96.21,134.69,1042,1147
PBAL6061-CX600T1-3/8S10,"10""",600,AL-6061,"1-3/8""",1.375,5.1,32.08,44.91,264,291
PB304-CX600T1-1/2S10,"10""",600,304,"1-1/2""",1.5,5.55,103.77,145.28,841,926
PBSA36-CX600T1-1/2S10,"10""",600,SA-36,"1-1/2""",1.5,1.87,99.33,139.06,295,325
PBSA516-70-CX600T1-1/2S10,"10""",600,SA-516-70,"1-1/2""",1.5,2.18,99.33,139.06,338,372
PB304L-CX600T1-1/2S10,"10""",600,304L,"1-1/2""",1.5,6.01,103.77,145.28,908,999
PB316L-CX600T1-1/2S10,"10""",600,316L,"1-1/2""",1.5,7.48,104.95,146.93,1134,1248
PBAL6061-CX600T1-1/2S10,"10""",600,AL-6061,"1-1/2""",1.5,5.1,35,49,285,314
PB304-CX600T1-5/8S10,"10""",600,304,"1-5/8""",1.625,5.55,112.42,157.39,908,999
PBSA36-CX600T1-5/8S10,"10""",600,SA-36,"1-5/8""",1.625,1.87,107.61,150.65,317,349
PBSA516-70-CX600T1-5/8S10,"10""",600,SA-516-70,"1-5/8""",1.625,2.18,107.61,150.65,363,400
PB304L-CX600T1-5/8S10,"10""",600,304L,"1-5/8""",1.625,6.01,112.42,157.39,981,1080
PB316L-CX600T1-5/8S10,"10""",600,316L,"1-5/8""",1.625,7.48,113.7,159.18,1226,1349
PBAL6061-CX600T1-5/8S10,"10""",600,AL-6061,"1-5/8""",1.625,5.1,37.92,53.09,306,337
PB304-CX600T1-3/4S10,"10""",600,304,"1-3/4""",1.75,5.55,121.07,169.5,976,1074
PBSA36-CX600T1-3/4S10,"10""",600,SA-36,"1-3/4""",1.75,1.87,115.89,162.25,338,372
PBSA516-70-CX600T1-3/4S10,"10""",600,SA-516-70,"1-3/4""",1.75,2.18,115.89,162.25,389,428
PB304L-CX600T1-3/4S10,"10""",600,304L,"1-3/4""",1.75,6.01,121.07,169.5,1054,1160
PB316L-CX600T1-3/4S10,"10""",600,316L,"1-3/4""",1.75,7.48,122.44,171.42,1317,1449
PBAL6061-CX600T1-3/4S10,"10""",600,AL-6061,"1-3/4""",1.75,5.1,40.83,57.16,326,359
PB304-CX600T1-7/8S10,"10""",600,304,"1-7/8""",1.875,5.55,129.71,181.59,1043,1148
PBSA36-CX600T1-7/8S10,"10""",600,SA-36,"1-7/8""",1.875,1.87,124.17,173.84,360,397
PBSA516-70-CX600T1-7/8S10,"10""",600,SA-516-70,"1-7/8""",1.875,2.18,124.17,173.84,414,456
PB304L-CX600T1-7/8S10,"10""",600,304L,"1-7/8""",1.875,6.01,129.71,181.59,1126,1239
PB316L-CX600T1-7/8S10,"10""",600,316L,"1-7/8""",1.875,7.48,131.19,183.67,1409,1550
PBAL6061-CX600T1-7/8S10,"10""",600,AL-6061,"1-7/8""",1.875,5.1,43.75,61.25,347,382
PB304-CX600T2S10,"10""",600,304,"2""",2,5.55,138.36,193.7,1110,1221
PBSA36-CX600T2S10,"10""",600,SA-36,"2""",2,1.87,132.44,185.42,382,421
PBSA516-70-CX600T2S10,"10""",600,SA-516-70,"2""",2,2.18,132.44,185.42,439,483
PB304L-CX600T2S10,"10""",600,304L,"2""",2,6.01,138.36,193.7,1199,1319
PB316L-CX600T2S10,"10""",600,316L,"2""",2,7.48,139.94,195.92,1500,1651
PBAL6061-CX600T2S10,"10""",600,AL-6061,"2""",2,5.1,46.67,65.34,368,405
PB304-CX600T2-1/4S10,"10""",600,304,"2-1/4""",2.25,5.55,155.66,217.92,1244,1369
PBSA36-CX600T2-1/4S10,"10""",600,SA-36,"2-1/4""",2.25,1.87,149,208.6,425,468
PBSA516-70-CX600T2-1/4S10,"10""",600,SA-516-70,"2-1/4""",2.25,2.18,149,208.6,490,539
PB304L-CX600T2-1/4S10,"10""",600,304L,"2-1/4""",2.25,6.01,155.66,217.92,1345,1480
PB316L-CX600T2-1/4S10,"10""",600,316L,"2-1/4""",2.25,7.48,157.43,220.4,1683,1852
PBAL6061-CX600T2-1/4S10,"10""",600,AL-6061,"2-1/4""",2.25,5.1,52.5,73.5,410,452
PB304-CX600T2-1/2S10,"10""",600,304,"2-1/2""",2.5,5.55,172.95,242.13,1379,1517
PBSA36-CX600T2-1/2S10,"10""",600,SA-36,"2-1/2""",2.5,1.87,165.55,231.77,468,515
PBSA516-70-CX600T2-1/2S10,"10""",600,SA-516-70,"2-1/2""",2.5,2.18,165.55,231.77,540,594
PB304L-CX600T2-1/2S10,"10""",600,304L,"2-1/2""",2.5,6.01,172.95,242.13,1490,1640
PB316L-CX600T2-1/2S10,"10""",600,316L,"2-1/2""",2.5,7.48,174.92,244.89,1867,2054
PBAL6061-CX600T2-1/2S10,"10""",600,AL-6061,"2-1/2""",2.5,5.1,58.33,81.66,451,497
PB304-CX600T3S10,"10""",600,304,"3""",3,5.55,207.54,290.56,1647,1812
PBSA36-CX600T3S10,"10""",600,SA-36,"3""",3,1.87,198.67,278.14,555,611
PBSA516-70-CX600T3S10,"10""",600,SA-516-70,"3""",3,2.18,198.67,278.14,641,706
PB304L-CX600T3S10,"10""",600,304L,"3""",3,6.01,207.54,290.56,1781,1960
PB316L-CX600T3S10,"10""",600,316L,"3""",3,7.48,209.9,293.86,2233,2457
PBAL6061-CX600T3S10,"10""",600,AL-6061,"3""",3,5.1,70,98,535,589
PB304-CX600T11GAS12,"12""",600,304,11 Gauge,0.1196,5.55,10.76,15.06,121,134
PBSA36-CX600T11GAS12,"12""",600,SA-36,11 Gauge,0.1196,1.87,10.3,14.42,64,71
PBSA516-70-CX600T11GAS12,"12""",600,SA-516-70,11 Gauge,0.1196,2.18,10.3,14.42,69,76
PB304L-CX600T11GAS12,"12""",600,304L,11 Gauge,0.1196,6.01,10.76,15.06,128,141
PB316L-CX600T11GAS12,"12""",600,316L,11 Gauge,0.1196,7.48,10.89,15.25,151,167
PBAL6061-CX600T11GAS12,"12""",600,AL-6061,11 Gauge,0.1196,5.1,3.63,5.08,63,70
PB304-CX600T1/8S12,"12""",600,304,"1/8""",0.125,5.55,11.25,15.75,125,138
PBSA36-CX600T1/8S12,"12""",600,SA-36,"1/8""",0.125,1.87,10.77,15.08,66,73
PBSA516-70-CX600T1/8S12,"12""",600,SA-516-70,"1/8""",0.125,2.18,10.77,15.08,70,77
PB304L-CX600T1/8S12,"12""",600,304L,"1/8""",0.125,6.01,11.25,15.75,132,146
PB316L-CX600T1/8S12,"12""",600,316L,"1/8""",0.125,7.48,11.38,15.93,157,173
PBAL6061-CX600T1/8S12,"12""",600,AL-6061,"1/8""",0.125,5.1,3.79,5.31,64,71
PB304-CX600T3/16S12,"12""",600,304,"3/16""",0.1875,5.55,16.87,23.62,168,185
PBSA36-CX600T3/16S12,"12""",600,SA-36,"3/16""",0.1875,1.87,16.15,22.61,80,88
PBSA516-70-CX600T3/16S12,"12""",600,SA-516-70,"3/16""",0.1875,2.18,16.15,22.61,87,96
PB304L-CX600T3/16S12,"12""",600,304L,"3/16""",0.1875,6.01,16.87,23.62,179,197
PB316L-CX600T3/16S12,"12""",600,316L,"3/16""",0.1875,7.48,17.07,23.9,216,238
PBAL6061-CX600T3/16S12,"12""",600,AL-6061,"3/16""",0.1875,5.1,5.69,7.97,78,86
PB304-CX600T1/4S12,"12""",600,304,"1/4""",0.25,5.55,22.5,31.5,212,234
PBSA36-CX600T1/4S12,"12""",600,SA-36,"1/4""",0.25,1.87,21.54,30.16,94,104
PBSA516-70-CX600T1/4S12,"12""",600,SA-516-70,"1/4""",0.25,2.18,21.54,30.16,103,114
PB304L-CX600T1/4S12,"12""",600,304L,"1/4""",0.25,6.01,22.5,31.5,227,250
PB316L-CX600T1/4S12,"12""",600,316L,"1/4""",0.25,7.48,22.75,31.85,276,304
PBAL6061-CX600T1/4S12,"12""",600,AL-6061,"1/4""",0.25,5.1,7.59,10.63,92,102
PB304-CX600T5/16S12,"12""",600,304,"5/16""",0.3125,5.55,28.12,39.37,256,282
PBSA36-CX600T5/16S12,"12""",600,SA-36,"5/16""",0.3125,1.87,26.92,37.69,108,119
PBSA516-70-CX600T5/16S12,"12""",600,SA-516-70,"5/16""",0.3125,2.18,26.92,37.69,120,132
PB304L-CX600T5/16S12,"12""",600,304L,"5/16""",0.3125,6.01,28.12,39.37,274,302
PB316L-CX600T5/16S12,"12""",600,316L,"5/16""",0.3125,7.48,28.44,39.82,335,369
PBAL6061-CX600T5/16S12,"12""",600,AL-6061,"5/16""",0.3125,5.1,9.49,13.29,105,116
PB304-CX600T3/8S12,"12""",600,304,"3/8""",0.375,5.55,33.75,47.25,300,330
PBSA36-CX600T3/8S12,"12""",600,SA-36,"3/8""",0.375,1.87,32.3,45.22,122,135
PBSA516-70-CX600T3/8S12,"12""",600,SA-516-70,"3/8""",0.375,2.18,32.3,45.22,136,150
PB304L-CX600T3/8S12,"12""",600,304L,"3/8""",0.375,6.01,33.75,47.25,321,354
PB316L-CX600T3/8S12,"12""",600,316L,"3/8""",0.375,7.48,34.13,47.78,395,435
PBAL6061-CX600T3/8S12,"12""",600,AL-6061,"3/8""",0.375,5.1,11.38,15.93,119,131
PB304-CX600T1/2S12,"12""",600,304,"1/2""",0.5,5.55,45,63,387,426
PBSA36-CX600T1/2S12,"12""",600,SA-36,"1/2""",0.5,1.87,43.07,60.3,150,165
PBSA516-70-CX600T1/2S12,"12""",600,SA-516-70,"1/2""",0.5,2.18,43.07,60.3,169,186
PB304L-CX600T1/2S12,"12""",600,304L,"1/2""",0.5,6.01,45,63,416,458
PB316L-CX600T1/2S12,"12""",600,316L,"1/2""",0.5,7.48,45.51,63.71,514,566
PBAL6061-CX600T1/2S12,"12""",600,AL-6061,"1/2""",0.5,5.1,15.18,21.25,146,161
PB304-CX600T5/8S12,"12""",600,304,"5/8""",0.625,5.55,56.24,78.74,474,522
PBSA36-CX600T5/8S12,"12""",600,SA-36,"5/8""",0.625,1.87,53.84,75.38,178,196
PBSA516-70-CX600T5/8S12,"12""",600,SA-516-70,"5/8""",0.625,2.18,53.84,75.38,202,223
PB304L-CX600T5/8S12,"12""",600,304L,"5/8""",0.625,6.01,56.24,78.74,511,563
PB316L-CX600T5/8S12,"12""",600,316L,"5/8""",0.625,7.48,56.88,79.63,633,697
PBAL6061-CX600T5/8S12,"12""",600,AL-6061,"5/8""",0.625,5.1,18.97,26.56,173,191
PB304-CX600T3/4S12,"12""",600,304,"3/4""",0.75,5.55,67.49,94.49,562,619
PBSA36-CX600T3/4S12,"12""",600,SA-36,"3/4""",0.75,1.87,64.61,90.45,207,228
PBSA516-70-CX600T3/4S12,"12""",600,SA-516-70,"3/4""",0.75,2.18,64.61,90.45,235,259
PB304L-CX600T3/4S12,"12""",600,304L,"3/4""",0.75,6.01,67.49,94.49,605,666
PB316L-CX600T3/4S12,"12""",600,316L,"3/4""",0.75,7.48,68.26,95.56,752,828
PBAL6061-CX600T3/4S12,"12""",600,AL-6061,"3/4""",0.75,5.1,22.76,31.86,200,221
PB304-CX600T7/8S12,"12""",600,304,"7/8""",0.875,5.55,78.74,110.24,649,714
PBSA36-CX600T7/8S12,"12""",600,SA-36,"7/8""",0.875,1.87,75.37,105.52,235,259
PBSA516-70-CX600T7/8S12,"12""",600,SA-516-70,"7/8""",0.875,2.18,75.37,105.52,267,294
PB304L-CX600T7/8S12,"12""",600,304L,"7/8""",0.875,6.01,78.74,110.24,700,771
PB316L-CX600T7/8S12,"12""",600,316L,"7/8""",0.875,7.48,79.64,111.5,871,959
PBAL6061-CX600T7/8S12,"12""",600,AL-6061,"7/8""",0.875,5.1,26.56,37.18,227,250
PB304-CX600T1S12,"12""",600,304,"1""",1,5.55,89.99,125.99,737,811
PBSA36-CX600T1S12,"12""",600,SA-36,"1""",1,1.87,86.14,120.6,263,290
PBSA516-70-CX600T1S12,"12""",600,SA-516-70,"1""",1,2.18,86.14,120.6,300,330
PB304L-CX600T1S12,"12""",600,304L,"1""",1,6.01,89.99,125.99,795,875
PB316L-CX600T1S12,"12""",600,316L,"1""",1,7.48,91.01,127.41,990,1089
PBAL6061-CX600T1S12,"12""",600,AL-6061,"1""",1,5.1,30.35,42.49,254,280
PB304-CX600T1-1/8S12,"12""",600,304,"1-1/8""",1.125,5.55,101.24,141.74,824,907
PBSA36-CX600T1-1/8S12,"12""",600,SA-36,"1-1/8""",1.125,1.87,96.91,135.67,291,321
PBSA516-70-CX600T1-1/8S12,"12""",600,SA-516-70,"1-1/8""",1.125,2.18,96.91,135.67,333,367
PB304L-CX600T1-1/8S12,"12""",600,304L,"1-1/8""",1.125,6.01,101.24,141.74,889,978
PB316L-CX600T1-1/8S12,"12""",600,316L,"1-1/8""",1.125,7.48,102.39,143.35,1110,1221
PBAL6061-CX600T1-1/8S12,"12""",600,AL-6061,"1-1/8""",1.125,5.1,34.15,47.81,281,310
PB304-CX600T1-1/4S12,"12""",600,304,"1-1/4""",1.25,5.55,112.49,157.49,911,1003
PBSA36-CX600T1-1/4S12,"12""",600,SA-36,"1-1/4""",1.25,1.87,107.68,150.75,319,351
PBSA516-70-CX600T1-1/4S12,"12""",600,SA-516-70,"1-1/4""",1.25,2.18,107.68,150.75,366,403
PB304L-CX600T1-1/4S12,"12""",600,304L,"1-1/4""",1.25,6.01,112.49,157.49,984,1083
PB316L-CX600T1-1/4S12,"12""",600,316L,"1-1/4""",1.25,7.48,113.77,159.28,1229,1352
PBAL6061-CX600T1-1/4S12,"12""",600,AL-6061,"1-1/4""",1.25,5.1,37.94,53.12,308,339
PB304-CX600T1-3/8S12,"12""",600,304,"1-3/8""",1.375,5.55,123.74,173.24,999,1099
PBSA36-CX600T1-3/8S12,"12""",600,SA-36,"1-3/8""",1.375,1.87,118.45,165.83,347,382
PBSA516-70-CX600T1-3/8S12,"12""",600,SA-516-70,"1-3/8""",1.375,2.18,118.45,165.83,399,439
PB304L-CX600T1-3/8S12,"12""",600,304L,"1-3/8""",1.375,6.01,123.74,173.24,1079,1187
PB316L-CX600T1-3/8S12,"12""",600,316L,"1-3/8""",1.375,7.48,125.15,175.21,1348,1483
PBAL6061-CX600T1-3/8S12,"12""",600,AL-6061,"1-3/8""",1.375,5.1,41.73,58.42,335,369
PB304-CX600T1-1/2S12,"12""",600,304,"1-1/2""",1.5,5.55,134.99,188.99,1086,1195
PBSA36-CX600T1-1/2S12,"12""",600,SA-36,"1-1/2""",1.5,1.87,129.21,180.89,376,414
PBSA516-70-CX600T1-1/2S12,"12""",600,SA-516-70,"1-1/2""",1.5,2.18,129.21,180.89,432,476
PB304L-CX600T1-1/2S12,"12""",600,304L,"1-1/2""",1.5,6.01,134.99,188.99,1173,1291
PB316L-CX600T1-1/2S12,"12""",600,316L,"1-1/2""",1.5,7.48,136.52,191.13,1467,1614
PBAL6061-CX600T1-1/2S12,"12""",600,AL-6061,"1-1/2""",1.5,5.1,45.53,63.74,362,399
PB304-CX600T1-5/8S12,"12""",600,304,"1-5/8""",1.625,5.55,146.24,204.74,1174,1292
PBSA36-CX600T1-5/8S12,"12""",600,SA-36,"1-5/8""",1.625,1.87,139.98,195.97,404,445
PBSA516-70-CX600T1-5/8S12,"12""",600,SA-516-70,"1-5/8""",1.625,2.18,139.98,195.97,465,512
PB304L-CX600T1-5/8S12,"12""",600,304L,"1-5/8""",1.625,6.01,146.24,204.74,1268,1395
PB316L-CX600T1-5/8S12,"12""",600,316L,"1-5/8""",1.625,7.48,147.9,207.06,1586,1745
PBAL6061-CX600T1-5/8S12,"12""",600,AL-6061,"1-5/8""",1.625,5.1,49.32,69.05,390,430
PB304-CX600T1-3/4S12,"12""",600,304,"1-3/4""",1.75,5.55,157.49,220.49,1261,1388
PBSA36-CX600T1-3/4S12,"12""",600,SA-36,"1-3/4""",1.75,1.87,150.75,211.05,432,476
PBSA516-70-CX600T1-3/4S12,"12""",600,SA-516-70,"1-3/4""",1.75,2.18,150.75,211.05,497,547
PB304L-CX600T1-3/4S12,"12""",600,304L,"1-3/4""",1.75,6.01,157.49,220.49,1363,1500
PB316L-CX600T1-3/4S12,"12""",600,316L,"1-3/4""",1.75,7.48,159.28,222.99,1705,1876
PBAL6061-CX600T1-3/4S12,"12""",600,AL-6061,"1-3/4""",1.75,5.1,53.12,74.37,417,459
PB304-CX600T1-7/8S12,"12""",600,304,"1-7/8""",1.875,5.55,168.73,236.22,1348,1483
PBSA36-CX600T1-7/8S12,"12""",600,SA-36,"1-7/8""",1.875,1.87,161.52,226.13,460,507
PBSA516-70-CX600T1-7/8S12,"12""",600,SA-516-70,"1-7/8""",1.875,2.18,161.52,226.13,530,583
PB304L-CX600T1-7/8S12,"12""",600,304L,"1-7/8""",1.875,6.01,168.73,236.22,1457,1603
PB316L-CX600T1-7/8S12,"12""",600,316L,"1-7/8""",1.875,7.48,170.65,238.91,1824,2007
PBAL6061-CX600T1-7/8S12,"12""",600,AL-6061,"1-7/8""",1.875,5.1,56.91,79.67,444,489
PB304-CX600T2S12,"12""",600,304,"2""",2,5.55,179.98,251.97,1436,1580
PBSA36-CX600T2S12,"12""",600,SA-36,"2""",2,1.87,172.28,241.19,488,537
PBSA516-70-CX600T2S12,"12""",600,SA-516-70,"2""",2,2.18,172.28,241.19,563,620
PB304L-CX600T2S12,"12""",600,304L,"2""",2,6.01,179.98,251.97,1552,1708
PB316L-CX600T2S12,"12""",600,316L,"2""",2,7.48,182.03,254.84,1944,2139
PBAL6061-CX600T2S12,"12""",600,AL-6061,"2""",2,5.1,60.7,84.98,471,519
PB304-CX600T2-1/4S12,"12""",600,304,"2-1/4""",2.25,5.55,202.48,283.47,1611,1773
PBSA36-CX600T2-1/4S12,"12""",600,SA-36,"2-1/4""",2.25,1.87,193.82,271.35,545,600
PBSA516-70-CX600T2-1/4S12,"12""",600,SA-516-70,"2-1/4""",2.25,2.18,193.82,271.35,629,692
PB304L-CX600T2-1/4S12,"12""",600,304L,"2-1/4""",2.25,6.01,202.48,283.47,1741,1916
PB316L-CX600T2-1/4S12,"12""",600,316L,"2-1/4""",2.25,7.48,204.78,286.69,2182,2401
PBAL6061-CX600T2-1/4S12,"12""",600,AL-6061,"2-1/4""",2.25,5.1,68.29,95.61,525,578
PB304-CX600T2-1/2S12,"12""",600,304,"2-1/2""",2.5,5.55,224.98,314.97,1785,1964
PBSA36-CX600T2-1/2S12,"12""",600,SA-36,"2-1/2""",2.5,1.87,215.36,301.5,601,662
PBSA516-70-CX600T2-1/2S12,"12""",600,SA-516-70,"2-1/2""",2.5,2.18,215.36,301.5,695,765
PB304L-CX600T2-1/2S12,"12""",600,304L,"2-1/2""",2.5,6.01,224.98,314.97,1930,2123
PB316L-CX600T2-1/2S12,"12""",600,316L,"2-1/2""",2.5,7.48,227.54,318.56,2420,2662
PBAL6061-CX600T2-1/2S12,"12""",600,AL-6061,"2-1/2""",2.5,5.1,75.88,106.23,579,637
PB304-CX600T3S12,"12""",600,304,"3""",3,5.55,269.98,377.97,2135,2349
PBSA36-CX600T3S12,"12""",600,SA-36,"3""",3,1.87,258.43,361.8,714,786
PBSA516-70-CX600T3S12,"12""",600,SA-516-70,"3""",3,2.18,258.43,361.8,826,909
PB304L-CX600T3S12,"12""",600,304L,"3""",3,6.01,269.98,377.97,2309,2540
PB316L-CX600T3S12,"12""",600,316L,"3""",3,7.48,273.04,382.26,2897,3187
PBAL6061-CX600T3S12,"12""",600,AL-6061,"3""",3,5.1,91.06,127.48,688,757
PB304-CX600T11GAS14,"14""",600,304,11 Gauge,0.1196,5.55,12.47,17.46,138,152
PBSA36-CX600T11GAS14,"14""",600,SA-36,11 Gauge,0.1196,1.87,11.93,16.7,72,80
PBSA516-70-CX600T11GAS14,"14""",600,SA-516-70,11 Gauge,0.1196,2.18,11.93,16.7,77,85
PB304L-CX600T11GAS14,"14""",600,304L,11 Gauge,0.1196,6.01,12.47,17.46,146,161
PB316L-CX600T11GAS14,"14""",600,316L,11 Gauge,0.1196,7.48,12.61,17.65,173,191
PBAL6061-CX600T11GAS14,"14""",600,AL-6061,11 Gauge,0.1196,5.1,4.2,5.88,71,79
PB304-CX600T1/8S14,"14""",600,304,"1/8""",0.125,5.55,13.03,18.24,142,157
PBSA36-CX600T1/8S14,"14""",600,SA-36,"1/8""",0.125,1.87,12.47,17.46,73,81
PBSA516-70-CX600T1/8S14,"14""",600,SA-516-70,"1/8""",0.125,2.18,12.47,17.46,79,87
PB304L-CX600T1/8S14,"14""",600,304L,"1/8""",0.125,6.01,13.03,18.24,150,165
PB316L-CX600T1/8S14,"14""",600,316L,"1/8""",0.125,7.48,13.18,18.45,179,197
PBAL6061-CX600T1/8S14,"14""",600,AL-6061,"1/8""",0.125,5.1,4.39,6.15,72,80
PB304-CX600T3/16S14,"14""",600,304,"3/16""",0.1875,5.55,19.54,27.36,193,213
PBSA36-CX600T3/16S14,"14""",600,SA-36,"3/16""",0.1875,1.87,18.71,26.19,90,100
PBSA516-70-CX600T3/16S14,"14""",600,SA-516-70,"3/16""",0.1875,2.18,18.71,26.19,98,108
PB304L-CX600T3/16S14,"14""",600,304L,"3/16""",0.1875,6.01,19.54,27.36,205,226
PB316L-CX600T3/16S14,"14""",600,316L,"3/16""",0.1875,7.48,19.77,27.68,248,273
PBAL6061-CX600T3/16S14,"14""",600,AL-6061,"3/16""",0.1875,5.1,6.59,9.23,88,97
PB304-CX600T1/4S14,"14""",600,304,"1/4""",0.25,5.55,26.06,36.48,243,268
PBSA36-CX600T1/4S14,"14""",600,SA-36,"1/4""",0.25,1.87,24.94,34.92,106,117
PBSA516-70-CX600T1/4S14,"14""",600,SA-516-70,"1/4""",0.25,2.18,24.94,34.92,117,129
PB304L-CX600T1/4S14,"14""",600,304L,"1/4""",0.25,6.01,26.06,36.48,260,286
PB316L-CX600T1/4S14,"14""",600,316L,"1/4""",0.25,7.48,26.35,36.89,317,349
PBAL6061-CX600T1/4S14,"14""",600,AL-6061,"1/4""",0.25,5.1,8.79,12.31,103,114
PB304-CX600T5/16S14,"14""",600,304,"5/16""",0.3125,5.55,32.57,45.6,294,324
PBSA36-CX600T5/16S14,"14""",600,SA-36,"5/16""",0.3125,1.87,31.18,43.65,122,135
PBSA516-70-CX600T5/16S14,"14""",600,SA-516-70,"5/16""",0.3125,2.18,31.18,43.65,136,150
PB304L-CX600T5/16S14,"14""",600,304L,"5/16""",0.3125,6.01,32.57,45.6,315,347
PB316L-CX600T5/16S14,"14""",600,316L,"5/16""",0.3125,7.48,32.94,46.12,386,425
PBAL6061-CX600T5/16S14,"14""",600,AL-6061,"5/16""",0.3125,5.1,10.99,15.39,119,131
PB304-CX600T3/8S14,"14""",600,304,"3/8""",0.375,5.55,39.09,54.73,344,379
PBSA36-CX600T3/8S14,"14""",600,SA-36,"3/8""",0.375,1.87,37.42,52.39,139,153
PBSA516-70-CX600T3/8S14,"14""",600,SA-516-70,"3/8""",0.375,2.18,37.42,52.39,155,171
PB304L-CX600T3/8S14,"14""",600,304L,"3/8""",0.375,6.01,39.09,54.73,370,408
PB316L-CX600T3/8S14,"14""",600,316L,"3/8""",0.375,7.48,39.53,55.34,455,501
PBAL6061-CX600T3/8S14,"14""",600,AL-6061,"3/8""",0.375,5.1,13.18,18.45,135,149
PB304-CX600T1/2S14,"14""",600,304,"1/2""",0.5,5.55,52.12,72.97,446,491
PBSA36-CX600T1/2S14,"14""",600,SA-36,"1/2""",0.5,1.87,49.89,69.85,171,189
PBSA516-70-CX600T1/2S14,"14""",600,SA-516-70,"1/2""",0.5,2.18,49.89,69.85,193,213
PB304L-CX600T1/2S14,"14""",600,304L,"1/2""",0.5,6.01,52.12,72.97,479,527
PB316L-CX600T1/2S14,"14""",600,316L,"1/2""",0.5,7.48,52.71,73.79,593,653
PBAL6061-CX600T1/2S14,"14""",600,AL-6061,"1/2""",0.5,5.1,17.58,24.61,166,183
PB304-CX600T5/8S14,"14""",600,304,"5/8""",0.625,5.55,65.15,91.21,547,602
PBSA36-CX600T5/8S14,"14""",600,SA-36,"5/8""",0.625,1.87,62.36,87.3,204,225
PBSA516-70-CX600T5/8S14,"14""",600,SA-516-70,"5/8""",0.625,2.18,62.36,87.3,231,255
PB304L-CX600T5/8S14,"14""",600,304L,"5/8""",0.625,6.01,65.15,91.21,589,648
PB316L-CX600T5/8S14,"14""",600,316L,"5/8""",0.625,7.48,65.89,92.25,731,805
PBAL6061-CX600T5/8S14,"14""",600,AL-6061,"5/8""",0.625,5.1,21.97,30.76,198,218
PB304-CX600T3/4S14,"14""",600,304,"3/4""",0.75,5.55,78.17,109.44,648,713
PBSA36-CX600T3/4S14,"14""",600,SA-36,"3/4""",0.75,1.87,74.83,104.76,237,261
PBSA516-70-CX600T3/4S14,"14""",600,SA-516-70,"3/4""",0.75,2.18,74.83,104.76,269,296
PB304L-CX600T3/4S14,"14""",600,304L,"3/4""",0.75,6.01,78.17,109.44,698,768
PB316L-CX600T3/4S14,"14""",600,316L,"3/4""",0.75,7.48,79.06,110.68,869,956
PBAL6061-CX600T3/4S14,"14""",600,AL-6061,"3/4""",0.75,5.1,26.37,36.92,229,252
PB304-CX600T7/8S14,"14""",600,304,"7/8""",0.875,5.55,91.2,127.68,749,824
PBSA36-CX600T7/8S14,"14""",600,SA-36,"7/8""",0.875,1.87,87.3,122.22,269,296
PBSA516-70-CX600T7/8S14,"14""",600,SA-516-70,"7/8""",0.875,2.18,87.3,122.22,307,338
PB304L-CX600T7/8S14,"14""",600,304L,"7/8""",0.875,6.01,91.2,127.68,808,889
PB316L-CX600T7/8S14,"14""",600,316L,"7/8""",0.875,7.48,92.24,129.14,1007,1108
PBAL6061-CX600T7/8S14,"14""",600,AL-6061,"7/8""",0.875,5.1,30.76,43.06,260,286
PB304-CX600T1S14,"14""",600,304,"1""",1,5.55,104.23,145.92,851,937
PBSA36-CX600T1S14,"14""",600,SA-36,"1""",1,1.87,99.77,139.68,302,333
PBSA516-70-CX600T1S14,"14""",600,SA-516-70,"1""",1,2.18,99.77,139.68,345,380
PB304L-CX600T1S14,"14""",600,304L,"1""",1,6.01,104.23,145.92,918,1010
PB316L-CX600T1S14,"14""",600,316L,"1""",1,7.48,105.42,147.59,1145,1260
PBAL6061-CX600T1S14,"14""",600,AL-6061,"1""",1,5.1,35.16,49.22,292,322
PB304-CX600T1-1/8S14,"14""",600,304,"1-1/8""",1.125,5.55,117.26,164.16,952,1048
PBSA36-CX600T1-1/8S14,"14""",600,SA-36,"1-1/8""",1.125,1.87,112.25,157.15,335,369
PBSA516-70-CX600T1-1/8S14,"14""",600,SA-516-70,"1-1/8""",1.125,2.18,112.25,157.15,383,422
PB304L-CX600T1-1/8S14,"14""",600,304L,"1-1/8""",1.125,6.01,117.26,164.16,1027,1130
PB316L-CX600T1-1/8S14,"14""",600,316L,"1-1/8""",1.125,7.48,118.59,166.03,1283,1412
PBAL6061-CX600T1-1/8S14,"14""",600,AL-6061,"1-1/8""",1.125,5.1,39.55,55.37,323,356
PB304-CX600T1-1/4S14,"14""",600,304,"1-1/4""",1.25,5.55,130.29,182.41,1053,1159
PBSA36-CX600T1-1/4S14,"14""",600,SA-36,"1-1/4""",1.25,1.87,124.72,174.61,367,404
PBSA516-70-CX600T1-1/4S14,"14""",600,SA-516-70,"1-1/4""",1.25,2.18,124.72,174.61,421,464
PB304L-CX600T1-1/4S14,"14""",600,304L,"1-1/4""",1.25,6.01,130.29,182.41,1137,1251
PB316L-CX600T1-1/4S14,"14""",600,316L,"1-1/4""",1.25,7.48,131.77,184.48,1421,1564
PBAL6061-CX600T1-1/4S14,"14""",600,AL-6061,"1-1/4""",1.25,5.1,43.94,61.52,354,390
PB304-CX600T1-3/8S14,"14""",600,304,"1-3/8""",1.375,5.55,143.32,200.65,1154,1270
PBSA36-CX600T1-3/8S14,"14""",600,SA-36,"1-3/8""",1.375,1.87,137.19,192.07,400,441
PBSA516-70-CX600T1-3/8S14,"14""",600,SA-516-70,"1-3/8""",1.375,2.18,137.19,192.07,459,505
PB304L-CX600T1-3/8S14,"14""",600,304L,"1-3/8""",1.375,6.01,143.32,200.65,1247,1372
PB316L-CX600T1-3/8S14,"14""",600,316L,"1-3/8""",1.375,7.48,144.95,202.93,1559,1715
PBAL6061-CX600T1-3/8S14,"14""",600,AL-6061,"1-3/8""",1.375,5.1,48.34,67.68,386,425
PB304-CX600T1-1/2S14,"14""",600,304,"1-1/2""",1.5,5.55,156.35,218.89,1256,1382
PBSA36-CX600T1-1/2S14,"14""",600,SA-36,"1-1/2""",1.5,1.87,149.66,209.52,433,477
PBSA516-70-CX600T1-1/2S14,"14""",600,SA-516-70,"1-1/2""",1.5,2.18,149.66,209.52,497,547
PB304L-CX600T1-1/2S14,"14""",600,304L,"1-1/2""",1.5,6.01,156.35,218.89,1356,1492
PB316L-CX600T1-1/2S14,"14""",600,316L,"1-1/2""",1.5,7.48,158.13,221.38,1697,1867
PBAL6061-CX600T1-1/2S14,"14""",600,AL-6061,"1-1/2""",1.5,5.1,52.73,73.82,417,459
PB304-CX600T1-5/8S14,"14""",600,304,"1-5/8""",1.625,5.55,169.38,237.13,1357,1493
PBSA36-CX600T1-5/8S14,"14""",600,SA-36,"1-5/8""",1.625,1.87,162.13,226.98,465,512
PBSA516-70-CX600T1-5/8S14,"14""",600,SA-516-70,"1-5/8""",1.625,2.18,162.13,226.98,536,590
PB304L-CX600T1-5/8S14,"14""",600,304L,"1-5/8""",1.625,6.01,169.38,237.13,1466,1613
PB316L-CX600T1-5/8S14,"14""",600,316L,"1-5/8""",1.625,7.48,171.3,239.82,1835,2019
PBAL6061-CX600T1-5/8S14,"14""",600,AL-6061,"1-5/8""",1.625,5.1,57.13,79.98,449,494
PB304-CX600T1-3/4S14,"14""",600,304,"1-3/4""",1.75,5.55,182.41,255.37,1458,1604
PBSA36-CX600T1-3/4S14,"14""",600,SA-36,"1-3/4""",1.75,1.87,174.6,244.44,498,548
PBSA516-70-CX600T1-3/4S14,"14""",600,SA-516-70,"1-3/4""",1.75,2.18,174.6,244.44,574,632
PB304L-CX600T1-3/4S14,"14""",600,304L,"1-3/4""",1.75,6.01,182.41,255.37,1575,1733
PB316L-CX600T1-3/4S14,"14""",600,316L,"1-3/4""",1.75,7.48,184.48,258.27,1973,2171
PBAL6061-CX600T1-3/4S14,"14""",600,AL-6061,"1-3/4""",1.75,5.1,61.52,86.13,480,528
PB304-CX600T1-7/8S14,"14""",600,304,"1-7/8""",1.875,5.55,195.44,273.62,1559,1715
PBSA36-CX600T1-7/8S14,"14""",600,SA-36,"1-7/8""",1.875,1.87,187.08,261.91,530,583
PBSA516-70-CX600T1-7/8S14,"14""",600,SA-516-70,"1-7/8""",1.875,2.18,187.08,261.91,612,674
PB304L-CX600T1-7/8S14,"14""",600,304L,"1-7/8""",1.875,6.01,195.44,273.62,1685,1854
PB316L-CX600T1-7/8S14,"14""",600,316L,"1-7/8""",1.875,7.48,197.66,276.72,2111,2323
PBAL6061-CX600T1-7/8S14,"14""",600,AL-6061,"1-7/8""",1.875,5.1,65.92,92.29,511,563
PB304-CX600T2S14,"14""",600,304,"2""",2,5.55,208.46,291.84,1660,1827
PBSA36-CX600T2S14,"14""",600,SA-36,"2""",2,1.87,199.55,279.37,563,620
PBSA516-70-CX600T2S14,"14""",600,SA-516-70,"2""",2,2.18,199.55,279.37,650,716
PB304L-CX600T2S14,"14""",600,304L,"2""",2,6.01,208.46,291.84,1795,1975
PB316L-CX600T2S14,"14""",600,316L,"2""",2,7.48,210.83,295.16,2249,2474
PBAL6061-CX600T2S14,"14""",600,AL-6061,"2""",2,5.1,70.31,98.43,543,598
PB304-CX600T2-1/4S14,"14""",600,304,"2-1/4""",2.25,5.55,234.52,328.33,1863,2050
PBSA36-CX600T2-1/4S14,"14""",600,SA-36,"2-1/4""",2.25,1.87,224.49,314.29,628,691
PBSA516-70-CX600T2-1/4S14,"14""",600,SA-516-70,"2-1/4""",2.25,2.18,224.49,314.29,726,799
PB304L-CX600T2-1/4S14,"14""",600,304L,"2-1/4""",2.25,6.01,234.52,328.33,2014,2216
PB316L-CX600T2-1/4S14,"14""",600,316L,"2-1/4""",2.25,7.48,237.19,332.07,2525,2778
PBAL6061-CX600T2-1/4S14,"14""",600,AL-6061,"2-1/4""",2.25,5.1,79.1,110.74,605,666
PB304-CX600T2-1/2S14,"14""",600,304,"2-1/2""",2.5,5.55,260.58,364.81,2065,2272
PBSA36-CX600T2-1/2S14,"14""",600,SA-36,"2-1/2""",2.5,1.87,249.43,349.2,694,764
PBSA516-70-CX600T2-1/2S14,"14""",600,SA-516-70,"2-1/2""",2.5,2.18,249.43,349.2,802,883
PB304L-CX600T2-1/2S14,"14""",600,304L,"2-1/2""",2.5,6.01,260.58,364.81,2233,2457
PB316L-CX600T2-1/2S14,"14""",600,316L,"2-1/2""",2.5,7.48,263.54,368.96,2801,3082
PBAL6061-CX600T2-1/2S14,"14""",600,AL-6061,"2-1/2""",2.5,5.1,87.89,123.05,668,735
PB304-CX600T3S14,"14""",600,304,"3""",3,5.55,312.7,437.78,2470,2717
PBSA36-CX600T3S14,"14""",600,SA-36,"3""",3,1.87,299.32,419.05,824,907
PBSA516-70-CX600T3S14,"14""",600,SA-516-70,"3""",3,2.18,299.32,419.05,954,1050
PB304L-CX600T3S14,"14""",600,304L,"3""",3,6.01,312.7,437.78,2672,2940
PB316L-CX600T3S14,"14""",600,316L,"3""",3,7.48,316.25,442.75,3352,3688
PBAL6061-CX600T3S14,"14""",600,AL-6061,"3""",3,5.1,105.47,147.66,794,874
PB304-CX600T11GAS16,"16""",600,304,11 Gauge,0.1196,5.55,16.4,22.96,172,190
PBSA36-CX600T11GAS16,"16""",600,SA-36,11 Gauge,0.1196,1.87,15.7,21.98,86,95
PBSA516-70-CX600T11GAS16,"16""",600,SA-516-70,11 Gauge,0.1196,2.18,15.7,21.98,93,103
PB304L-CX600T11GAS16,"16""",600,304L,11 Gauge,0.1196,6.01,16.4,22.96,183,202
PB316L-CX600T11GAS16,"16""",600,316L,11 Gauge,0.1196,7.48,16.59,23.23,219,241
PBAL6061-CX600T11GAS16,"16""",600,AL-6061,11 Gauge,0.1196,5.1,5.53,7.74,84,93
PB304-CX600T1/8S16,"16""",600,304,"1/8""",0.125,5.55,17.15,24.01,178,196
PBSA36-CX600T1/8S16,"16""",600,SA-36,"1/8""",0.125,1.87,16.41,22.97,88,97
PBSA516-70-CX600T1/8S16,"16""",600,SA-516-70,"1/8""",0.125,2.18,16.41,22.97,95,105
PB304L-CX600T1/8S16,"16""",600,304L,"1/8""",0.125,6.01,17.15,24.01,189,208
PB316L-CX600T1/8S16,"16""",600,316L,"1/8""",0.125,7.48,17.34,24.28,227,250
PBAL6061-CX600T1/8S16,"16""",600,AL-6061,"1/8""",0.125,5.1,5.78,8.09,86,95
PB304-CX600T3/16S16,"16""",600,304,"3/16""",0.1875,5.55,25.72,36.01,245,270
PBSA36-CX600T3/16S16,"16""",600,SA-36,"3/16""",0.1875,1.87,24.62,34.47,109,120
PBSA516-70-CX600T3/16S16,"16""",600,SA-516-70,"3/16""",0.1875,2.18,24.62,34.47,120,132
PB304L-CX600T3/16S16,"16""",600,304L,"3/16""",0.1875,6.01,25.72,36.01,261,288
PB316L-CX600T3/16S16,"16""",600,316L,"3/16""",0.1875,7.48,26.01,36.41,317,349
PBAL6061-CX600T3/16S16,"16""",600,AL-6061,"3/16""",0.1875,5.1,8.67,12.14,107,118
PB304-CX600T1/4S16,"16""",600,304,"1/4""",0.25,5.55,34.29,48.01,311,343
PBSA36-CX600T1/4S16,"16""",600,SA-36,"1/4""",0.25,1.87,32.82,45.95,131,145
PBSA516-70-CX600T1/4S16,"16""",600,SA-516-70,"1/4""",0.25,2.18,32.82,45.95,145,160
PB304L-CX600T1/4S16,"16""",600,304L,"1/4""",0.25,6.01,34.29,48.01,333,367
PB316L-CX600T1/4S16,"16""",600,316L,"1/4""",0.25,7.48,34.68,48.55,408,449
PBAL6061-CX600T1/4S16,"16""",600,AL-6061,"1/4""",0.25,5.1,11.57,16.2,128,141
PB304-CX600T5/16S16,"16""",600,304,"5/16""",0.3125,5.55,42.86,60,378,416
PBSA36-CX600T5/16S16,"16""",600,SA-36,"5/16""",0.3125,1.87,41.03,57.44,152,168
PBSA516-70-CX600T5/16S16,"16""",600,SA-516-70,"5/16""",0.3125,2.18,41.03,57.44,170,188
PB304L-CX600T5/16S16,"16""",600,304L,"5/16""",0.3125,6.01,42.86,60,406,447
PB316L-CX600T5/16S16,"16""",600,316L,"5/16""",0.3125,7.48,43.35,60.69,499,549
PBAL6061-CX600T5/16S16,"16""",600,AL-6061,"5/16""",0.3125,5.1,14.46,20.24,148,163
PB304-CX600T3/8S16,"16""",600,304,"3/8""",0.375,5.55,51.44,72.02,445,490
PBSA36-CX600T3/8S16,"16""",600,SA-36,"3/8""",0.375,1.87,49.24,68.94,174,192
PBSA516-70-CX600T3/8S16,"16""",600,SA-516-70,"3/8""",0.375,2.18,49.24,68.94,195,215
PB304L-CX600T3/8S16,"16""",600,304L,"3/8""",0.375,6.01,51.44,72.02,478,526
PB316L-CX600T3/8S16,"16""",600,316L,"3/8""",0.375,7.48,52.02,72.83,590,649
PBAL6061-CX600T3/8S16,"16""",600,AL-6061,"3/8""",0.375,5.1,17.35,24.29,169,186
PB304-CX600T1/2S16,"16""",600,304,"1/2""",0.5,5.55,68.58,96.01,578,636
PBSA36-CX600T1/2S16,"16""",600,SA-36,"1/2""",0.5,1.87,65.65,91.91,217,239
PBSA516-70-CX600T1/2S16,"16""",600,SA-516-70,"1/2""",0.5,2.18,65.65,91.91,245,270
PB304L-CX600T1/2S16,"16""",600,304L,"1/2""",0.5,6.01,68.58,96.01,622,685
PB316L-CX600T1/2S16,"16""",600,316L,"1/2""",0.5,7.48,69.36,97.1,771,849
PBAL6061-CX600T1/2S16,"16""",600,AL-6061,"1/2""",0.5,5.1,23.13,32.38,210,232
PB304-CX600T5/8S16,"16""",600,304,"5/8""",0.625,5.55,85.73,120.02,711,783
PBSA36-CX600T5/8S16,"16""",600,SA-36,"5/8""",0.625,1.87,82.06,114.88,260,286
PBSA516-70-CX600T5/8S16,"16""",600,SA-516-70,"5/8""",0.625,2.18,82.06,114.88,295,325
PB304L-CX600T5/8S16,"16""",600,304L,"5/8""",0.625,6.01,85.73,120.02,766,843
PB316L-CX600T5/8S16,"16""",600,316L,"5/8""",0.625,7.48,86.7,121.38,953,1049
PBAL6061-CX600T5/8S16,"16""",600,AL-6061,"5/8""",0.625,5.1,28.91,40.47,251,277
PB304-CX600T3/4S16,"16""",600,304,"3/4""",0.75,5.55,102.87,144.02,844,929
PBSA36-CX600T3/4S16,"16""",600,SA-36,"3/4""",0.75,1.87,98.47,137.86,303,334
PBSA516-70-CX600T3/4S16,"16""",600,SA-516-70,"3/4""",0.75,2.18,98.47,137.86,345,380
PB304L-CX600T3/4S16,"16""",600,304L,"3/4""",0.75,6.01,102.87,144.02,910,1002
PB316L-CX600T3/4S16,"16""",600,316L,"3/4""",0.75,7.48,104.04,145.66,1134,1248
PBAL6061-CX600T3/4S16,"16""",600,AL-6061,"3/4""",0.75,5.1,34.7,48.58,293,323
PB304-CX600T7/8S16,"16""",600,304,"7/8""",0.875,5.55,120.02,168.03,977,1075
PBSA36-CX600T7/8S16,"16""",600,SA-36,"7/8""",0.875,1.87,114.88,160.83,346,381
PBSA516-70-CX600T7/8S16,"16""",600,SA-516-70,"7/8""",0.875,2.18,114.88,160.83,396,436
PB304L-CX600T7/8S16,"16""",600,304L,"7/8""",0.875,6.01,120.02,168.03,1055,1161
PB316L-CX600T7/8S16,"16""",600,316L,"7/8""",0.875,7.48,121.38,169.93,1316,1448
PBAL6061-CX600T7/8S16,"16""",600,AL-6061,"7/8""",0.875,5.1,40.48,56.67,334,368
PB304-CX600T1S16,"16""",600,304,"1""",1,5.55,137.16,192.02,1111,1223
PBSA36-CX600T1S16,"16""",600,SA-36,"1""",1,1.87,131.29,183.81,389,428
PBSA516-70-CX600T1S16,"16""",600,SA-516-70,"1""",1,2.18,131.29,183.81,446,491
PB304L-CX600T1S16,"16""",600,304L,"1""",1,6.01,137.16,192.02,1199,1319
PB316L-CX600T1S16,"16""",600,316L,"1""",1,7.48,138.72,194.21,1498,1648
PBAL6061-CX600T1S16,"16""",600,AL-6061,"1""",1,5.1,46.26,64.76,375,413
PB304-CX600T1-1/8S16,"16""",600,304,"1-1/8""",1.125,5.55,154.31,216.03,1244,1369
PBSA36-CX600T1-1/8S16,"16""",600,SA-36,"1-1/8""",1.125,1.87,147.71,206.79,432,476
PBSA516-70-CX600T1-1/8S16,"16""",600,SA-516-70,"1-1/8""",1.125,2.18,147.71,206.79,496,546
PB304L-CX600T1-1/8S16,"16""",600,304L,"1-1/8""",1.125,6.01,154.31,216.03,1343,1478
PB316L-CX600T1-1/8S16,"16""",600,316L,"1-1/8""",1.125,7.48,156.06,218.48,1679,1847
PBAL6061-CX600T1-1/8S16,"16""",600,AL-6061,"1-1/8""",1.125,5.1,52.04,72.86,416,458
PB304-CX600T1-1/4S16,"16""",600,304,"1-1/4""",1.25,5.55,171.45,240.03,1377,1515
PBSA36-CX600T1-1/4S16,"16""",600,SA-36,"1-1/4""",1.25,1.87,164.12,229.77,475,523
PBSA516-70-CX600T1-1/4S16,"16""",600,SA-516-70,"1-1/4""",1.25,2.18,164.12,229.77,546,601
PB304L-CX600T1-1/4S16,"16""",600,304L,"1-1/4""",1.25,6.01,171.45,240.03,1487,1636
PB316L-CX600T1-1/4S16,"16""",600,316L,"1-1/4""",1.25,7.48,173.4,242.76,1861,2048
PBAL6061-CX600T1-1/4S16,"16""",600,AL-6061,"1-1/4""",1.25,5.1,57.83,80.96,458,504
PB304-CX600T1-3/8S16,"16""",600,304,"1-3/8""",1.375,5.55,188.6,264.04,1510,1662
PBSA36-CX600T1-3/8S16,"16""",600,SA-36,"1-3/8""",1.375,1.87,180.53,252.74,518,570
PBSA516-70-CX600T1-3/8S16,"16""",600,SA-516-70,"1-3/8""",1.375,2.18,180.53,252.74,596,656
PB304L-CX600T1-3/8S16,"16""",600,304L,"1-3/8""",1.375,6.01,188.6,264.04,1632,1796
PB316L-CX600T1-3/8S16,"16""",600,316L,"1-3/8""",1.375,7.48,190.74,267.04,2042,2247
PBAL6061-CX600T1-3/8S16,"16""",600,AL-6061,"1-3/8""",1.375,5.1,63.61,89.05,499,549
PB304-CX600T1-1/2S16,"16""",600,304,"1-1/2""",1.5,5.55,205.74,288.04,1644,1809
PBSA36-CX600T1-1/2S16,"16""",600,SA-36,"1-1/2""",1.5,1.87,196.94,275.72,561,618
PBSA516-70-CX600T1-1/2S16,"16""",600,SA-516-70,"1-1/2""",1.5,2.18,196.94,275.72,646,711
PB304L-CX600T1-1/2S16,"16""",600,304L,"1-1/2""",1.5,6.01,205.74,288.04,1776,1954
PB316L-CX600T1-1/2S16,"16""",600,316L,"1-1/2""",1.5,7.48,208.08,291.31,2224,2447
PBAL6061-CX600T1-1/2S16,"16""",600,AL-6061,"1-1/2""",1.5,5.1,69.39,97.15,540,594
PB304-CX600T1-5/8S16,"16""",600,304,"1-5/8""",1.625,5.55,222.89,312.05,1777,1955
PBSA36-CX600T1-5/8S16,"16""",600,SA-36,"1-5/8""",1.625,1.87,213.35,298.69,603,664
PBSA516-70-CX600T1-5/8S16,"16""",600,SA-516-70,"1-5/8""",1.625,2.18,213.35,298.69,696,766
PB304L-CX600T1-5/8S16,"16""",600,304L,"1-5/8""",1.625,6.01,222.89,312.05,1920,2112
PB316L-CX600T1-5/8S16,"16""",600,316L,"1-5/8""",1.625,7.48,225.42,315.59,2406,2647
PBAL6061-CX600T1-5/8S16,"16""",600,AL-6061,"1-5/8""",1.625,5.1,75.18,105.25,582,641
PB304-CX600T1-3/4S16,"16""",600,304,"1-3/4""",1.75,5.55,240.03,336.04,1910,2101
PBSA36-CX600T1-3/4S16,"16""",600,SA-36,"1-3/4""",1.75,1.87,229.77,321.68,646,711
PBSA516-70-CX600T1-3/4S16,"16""",600,SA-516-70,"1-3/4""",1.75,2.18,229.77,321.68,746,821
PB304L-CX600T1-3/4S16,"16""",600,304L,"1-3/4""",1.75,6.01,240.03,336.04,2065,2272
PB316L-CX600T1-3/4S16,"16""",600,316L,"1-3/4""",1.75,7.48,242.76,339.86,2587,2846
PBAL6061-CX600T1-3/4S16,"16""",600,AL-6061,"1-3/4""",1.75,5.1,80.96,113.34,623,686
PB304-CX600T1-7/8S16,"16""",600,304,"1-7/8""",1.875,5.55,257.18,360.05,2043,2248
PBSA36-CX600T1-7/8S16,"16""",600,SA-36,"1-7/8""",1.875,1.87,246.18,344.65,689,758
PBSA516-70-CX600T1-7/8S16,"16""",600,SA-516-70,"1-7/8""",1.875,2.18,246.18,344.65,796,876
PB304L-CX600T1-7/8S16,"16""",600,304L,"1-7/8""",1.875,6.01,257.18,360.05,2209,2430
PB316L-CX600T1-7/8S16,"16""",600,316L,"1-7/8""",1.875,7.48,260.1,364.14,2769,3046
PBAL6061-CX600T1-7/8S16,"16""",600,AL-6061,"1-7/8""",1.875,5.1,86.74,121.44,664,731
PB304-CX600T2S16,"16""",600,304,"2""",2,5.55,274.32,384.05,2176,2394
PBSA36-CX600T2S16,"16""",600,SA-36,"2""",2,1.87,262.59,367.63,732,806
PBSA516-70-CX600T2S16,"16""",600,SA-516-70,"2""",2,2.18,262.59,367.63,846,931
PB304L-CX600T2S16,"16""",600,304L,"2""",2,6.01,274.32,384.05,2353,2589
PB316L-CX600T2S16,"16""",600,316L,"2""",2,7.48,277.44,388.42,2950,3246
PBAL6061-CX600T2S16,"16""",600,AL-6061,"2""",2,5.1,92.52,129.53,706,777
PB304-CX600T2-1/4S16,"16""",600,304,"2-1/4""",2.25,5.55,308.61,432.05,2443,2688
PBSA36-CX600T2-1/4S16,"16""",600,SA-36,"2-1/4""",2.25,1.87,295.41,413.57,818,900
PBSA516-70-CX600T2-1/4S16,"16""",600,SA-516-70,"2-1/4""",2.25,2.18,295.41,413.57,946,1041
PB304L-CX600T2-1/4S16,"16""",600,304L,"2-1/4""",2.25,6.01,308.61,432.05,2642,2907
PB316L-CX600T2-1/4S16,"16""",600,316L,"2-1/4""",2.25,7.48,312.12,436.97,3313,3645
PBAL6061-CX600T2-1/4S16,"16""",600,AL-6061,"2-1/4""",2.25,5.1,104.09,145.73,788,867
PB304-CX600T2-1/2S16,"16""",600,304,"2-1/2""",2.5,5.55,342.9,480.06,2709,2980
PBSA36-CX600T2-1/2S16,"16""",600,SA-36,"2-1/2""",2.5,1.87,328.24,459.54,904,995
PBSA516-70-CX600T2-1/2S16,"16""",600,SA-516-70,"2-1/2""",2.5,2.18,328.24,459.54,1047,1152
PB304L-CX600T2-1/2S16,"16""",600,304L,"2-1/2""",2.5,6.01,342.9,480.06,2930,3224
PB316L-CX600T2-1/2S16,"16""",600,316L,"2-1/2""",2.5,7.48,346.8,485.52,3677,4045
PBAL6061-CX600T2-1/2S16,"16""",600,AL-6061,"2-1/2""",2.5,5.1,115.65,161.91,871,959
PB304-CX600T3S16,"16""",600,304,"3""",3,5.55,411.49,576.09,3242,3567
PBSA36-CX600T3S16,"16""",600,SA-36,"3""",3,1.87,393.88,551.43,1076,1184
PBSA516-70-CX600T3S16,"16""",600,SA-516-70,"3""",3,2.18,393.88,551.43,1247,1372
PB304L-CX600T3S16,"16""",600,304L,"3""",3,6.01,411.49,576.09,3507,3858
PB316L-CX600T3S16,"16""",600,316L,"3""",3,7.48,416.16,582.62,4403,4844
PBAL6061-CX600T3S16,"16""",600,AL-6061,"3""",3,5.1,138.79,194.31,1036,1140
PB304-CX600T11GAS18,"18""",600,304,11 Gauge,0.1196,5.55,19.27,26.98,199,219
PBSA36-CX600T11GAS18,"18""",600,SA-36,11 Gauge,0.1196,1.87,18.45,25.83,97,107
PBSA516-70-CX600T11GAS18,"18""",600,SA-516-70,11 Gauge,0.1196,2.18,18.45,25.83,105,116
PB304L-CX600T11GAS18,"18""",600,304L,11 Gauge,0.1196,6.01,19.27,26.98,211,233
PB316L-CX600T11GAS18,"18""",600,316L,11 Gauge,0.1196,7.48,19.49,27.29,253,279
PBAL6061-CX600T11GAS18,"18""",600,AL-6061,11 Gauge,0.1196,5.1,6.5,9.1,96,106
PB304-CX600T1/8S18,"18""",600,304,"1/8""",0.125,5.55,20.14,28.2,206,227
PBSA36-CX600T1/8S18,"18""",600,SA-36,"1/8""",0.125,1.87,19.28,26.99,100,111
PBSA516-70-CX600T1/8S18,"18""",600,SA-516-70,"1/8""",0.125,2.18,19.28,26.99,108,119
PB304L-CX600T1/8S18,"18""",600,304L,"1/8""",0.125,6.01,20.14,28.2,219,241
PB316L-CX600T1/8S18,"18""",600,316L,"1/8""",0.125,7.48,20.37,28.52,262,289
PBAL6061-CX600T1/8S18,"18""",600,AL-6061,"1/8""",0.125,5.1,6.79,9.51,98,108
PB304-CX600T3/16S18,"18""",600,304,"3/16""",0.1875,5.55,30.21,42.29,284,313
PBSA36-CX600T3/16S18,"18""",600,SA-36,"3/16""",0.1875,1.87,28.92,40.49,125,138
PBSA516-70-CX600T3/16S18,"18""",600,SA-516-70,"3/16""",0.1875,2.18,28.92,40.49,137,151
PB304L-CX600T3/16S18,"18""",600,304L,"3/16""",0.1875,6.01,30.21,42.29,303,334
PB316L-CX600T3/16S18,"18""",600,316L,"3/16""",0.1875,7.48,30.56,42.78,369,406
PBAL6061-CX600T3/16S18,"18""",600,AL-6061,"3/16""",0.1875,5.1,10.19,14.27,122,135
PB304-CX600T1/4S18,"18""",600,304,"1/4""",0.25,5.55,40.29,56.41,362,399
PBSA36-CX600T1/4S18,"18""",600,SA-36,"1/4""",0.25,1.87,38.56,53.98,150,165
PBSA516-70-CX600T1/4S18,"18""",600,SA-516-70,"1/4""",0.25,2.18,38.56,53.98,167,184
PB304L-CX600T1/4S18,"18""",600,304L,"1/4""",0.25,6.01,40.29,56.41,388,427
PB316L-CX600T1/4S18,"18""",600,316L,"1/4""",0.25,7.48,40.74,57.04,476,524
PBAL6061-CX600T1/4S18,"18""",600,AL-6061,"1/4""",0.25,5.1,13.59,19.03,146,161
PB304-CX600T5/16S18,"18""",600,304,"5/16""",0.3125,5.55,50.36,70.5,440,485
PBSA36-CX600T5/16S18,"18""",600,SA-36,"5/16""",0.3125,1.87,48.2,67.48,175,193
PBSA516-70-CX600T5/16S18,"18""",600,SA-516-70,"5/16""",0.3125,2.18,48.2,67.48,196,216
PB304L-CX600T5/16S18,"18""",600,304L,"5/16""",0.3125,6.01,50.36,70.5,473,521
PB316L-CX600T5/16S18,"18""",600,316L,"5/16""",0.3125,7.48,50.93,71.3,582,641
PBAL6061-CX600T5/16S18,"18""",600,AL-6061,"5/16""",0.3125,5.1,16.98,23.77,170,188
PB304-CX600T3/8S18,"18""",600,304,"3/8""",0.375,5.55,60.43,84.6,519,571
PBSA36-CX600T3/8S18,"18""",600,SA-36,"3/8""",0.375,1.87,57.84,80.98,201,222
PBSA516-70-CX600T3/8S18,"18""",600,SA-516-70,"3/8""",0.375,2.18,57.84,80.98,226,249
PB304L-CX600T3/8S18,"18""",600,304L,"3/8""",0.375,6.01,60.43,84.6,558,614
PB316L-CX600T3/8S18,"18""",600,316L,"3/8""",0.375,7.48,61.12,85.57,689,758
PBAL6061-CX600T3/8S18,"18""",600,AL-6061,"3/8""",0.375,5.1,20.38,28.53,195,215
PB304-CX600T1/2S18,"18""",600,304,"1/2""",0.5,5.55,80.57,112.8,675,743
PBSA36-CX600T1/2S18,"18""",600,SA-36,"1/2""",0.5,1.87,77.13,107.98,251,277
PBSA516-70-CX600T1/2S18,"18""",600,SA-516-70,"1/2""",0.5,2.18,77.13,107.98,284,313
PB304L-CX600T1/2S18,"18""",600,304L,"1/2""",0.5,6.01,80.57,112.8,727,800
PB316L-CX600T1/2S18,"18""",600,316L,"1/2""",0.5,7.48,81.49,114.09,902,993
PBAL6061-CX600T1/2S18,"18""",600,AL-6061,"1/2""",0.5,5.1,27.18,38.05,243,268
PB304-CX600T5/8S18,"18""",600,304,"5/8""",0.625,5.55,100.72,141.01,832,916
PBSA36-CX600T5/8S18,"18""",600,SA-36,"5/8""",0.625,1.87,96.41,134.97,301,332
PBSA516-70-CX600T5/8S18,"18""",600,SA-516-70,"5/8""",0.625,2.18,96.41,134.97,343,378
PB304L-CX600T5/8S18,"18""",600,304L,"5/8""",0.625,6.01,100.72,141.01,897,987
PB316L-CX600T5/8S18,"18""",600,316L,"5/8""",0.625,7.48,101.86,142.6,1116,1228
PBAL6061-CX600T5/8S18,"18""",600,AL-6061,"5/8""",0.625,5.1,33.97,47.56,292,322
PB304-CX600T3/4S18,"18""",600,304,"3/4""",0.75,5.55,120.86,169.2,988,1087
PBSA36-CX600T3/4S18,"18""",600,SA-36,"3/4""",0.75,1.87,115.69,161.97,352,388
PBSA516-70-CX600T3/4S18,"18""",600,SA-516-70,"3/4""",0.75,2.18,115.69,161.97,402,443
PB304L-CX600T3/4S18,"18""",600,304L,"3/4""",0.75,6.01,120.86,169.2,1066,1173
PB316L-CX600T3/4S18,"18""",600,316L,"3/4""",0.75,7.48,122.23,171.12,1329,1462
PBAL6061-CX600T3/4S18,"18""",600,AL-6061,"3/4""",0.75,5.1,40.76,57.06,340,375
PB304-CX600T7/8S18,"18""",600,304,"7/8""",0.875,5.55,141,197.4,1145,1260
PBSA36-CX600T7/8S18,"18""",600,SA-36,"7/8""",0.875,1.87,134.97,188.96,402,443
PBSA516-70-CX600T7/8S18,"18""",600,SA-516-70,"7/8""",0.875,2.18,134.97,188.96,461,508
PB304L-CX600T7/8S18,"18""",600,304L,"7/8""",0.875,6.01,141,197.4,1235,1359
PB316L-CX600T7/8S18,"18""",600,316L,"7/8""",0.875,7.48,142.61,199.65,1542,1697
PBAL6061-CX600T7/8S18,"18""",600,AL-6061,"7/8""",0.875,5.1,47.56,66.58,389,428
PB304-CX600T1S18,"18""",600,304,"1""",1,5.55,161.15,225.61,1301,1432
PBSA36-CX600T1S18,"18""",600,SA-36,"1""",1,1.87,154.25,215.95,453,499
PBSA516-70-CX600T1S18,"18""",600,SA-516-70,"1""",1,2.18,154.25,215.95,520,572
PB304L-CX600T1S18,"18""",600,304L,"1""",1,6.01,161.15,225.61,1405,1546
PB316L-CX600T1S18,"18""",600,316L,"1""",1,7.48,162.98,228.17,1756,1932
PBAL6061-CX600T1S18,"18""",600,AL-6061,"1""",1,5.1,54.35,76.09,437,481
PB304-CX600T1-1/8S18,"18""",600,304,"1-1/8""",1.125,5.55,181.29,253.81,1458,1604
PBSA36-CX600T1-1/8S18,"18""",600,SA-36,"1-1/8""",1.125,1.87,173.53,242.94,503,554
PBSA516-70-CX600T1-1/8S18,"18""",600,SA-516-70,"1-1/8""",1.125,2.18,173.53,242.94,579,637
PB304L-CX600T1-1/8S18,"18""",600,304L,"1-1/8""",1.125,6.01,181.29,253.81,1575,1733
PB316L-CX600T1-1/8S18,"18""",600,316L,"1-1/8""",1.125,7.48,183.35,256.69,1969,2166
PBAL6061-CX600T1-1/8S18,"18""",600,AL-6061,"1-1/8""",1.125,5.1,61.15,85.61,486,535
PB304-CX600T1-1/4S18,"18""",600,304,"1-1/4""",1.25,5.55,201.43,282,1614,1776
PBSA36-CX600T1-1/4S18,"18""",600,SA-36,"1-1/4""",1.25,1.87,192.82,269.95,554,610
PBSA516-70-CX600T1-1/4S18,"18""",600,SA-516-70,"1-1/4""",1.25,2.18,192.82,269.95,638,702
PB304L-CX600T1-1/4S18,"18""",600,304L,"1-1/4""",1.25,6.01,201.43,282,1744,1919
PB316L-CX600T1-1/4S18,"18""",600,316L,"1-1/4""",1.25,7.48,203.72,285.21,2182,2401
PBAL6061-CX600T1-1/4S18,"18""",600,AL-6061,"1-1/4""",1.25,5.1,67.94,95.12,534,588
PB304-CX600T1-3/8S18,"18""",600,304,"1-3/8""",1.375,5.55,221.58,310.21,1771,1949
PBSA36-CX600T1-3/8S18,"18""",600,SA-36,"1-3/8""",1.375,1.87,212.1,296.94,604,665
PBSA516-70-CX600T1-3/8S18,"18""",600,SA-516-70,"1-3/8""",1.375,2.18,212.1,296.94,696,766
PB304L-CX600T1-3/8S18,"18""",600,304L,"1-3/8""",1.375,6.01,221.58,310.21,1913,2105
PB316L-CX600T1-3/8S18,"18""",600,316L,"1-3/8""",1.375,7.48,224.09,313.73,2396,2636
PBAL6061-CX600T1-3/8S18,"18""",600,AL-6061,"1-3/8""",1.375,5.1,74.73,104.62,583,642
PB304-CX600T1-1/2S18,"18""",600,304,"1-1/2""",1.5,5.55,241.72,338.41,1927,2120
PBSA36-CX600T1-1/2S18,"18""",600,SA-36,"1-1/2""",1.5,1.87,231.38,323.93,655,721
PBSA516-70-CX600T1-1/2S18,"18""",600,SA-516-70,"1-1/2""",1.5,2.18,231.38,323.93,755,831
PB304L-CX600T1-1/2S18,"18""",600,304L,"1-1/2""",1.5,6.01,241.72,338.41,2083,2292
PB316L-CX600T1-1/2S18,"18""",600,316L,"1-1/2""",1.5,7.48,244.47,342.26,2609,2870
PBAL6061-CX600T1-1/2S18,"18""",600,AL-6061,"1-1/2""",1.5,5.1,81.53,114.14,631,695
PB304-CX600T1-5/8S18,"18""",600,304,"1-5/8""",1.625,5.55,261.86,366.6,2084,2293
PBSA36-CX600T1-5/8S18,"18""",600,SA-36,"1-5/8""",1.625,1.87,250.66,350.92,705,776
PBSA516-70-CX600T1-5/8S18,"18""",600,SA-516-70,"1-5/8""",1.625,2.18,250.66,350.92,814,896
PB304L-CX600T1-5/8S18,"18""",600,304L,"1-5/8""",1.625,6.01,261.86,366.6,2252,2478
PB316L-CX600T1-5/8S18,"18""",600,316L,"1-5/8""",1.625,7.48,264.84,370.78,2823,3106
PBAL6061-CX600T1-5/8S18,"18""",600,AL-6061,"1-5/8""",1.625,5.1,88.32,123.65,680,749
PB304-CX600T1-3/4S18,"18""",600,304,"1-3/4""",1.75,5.55,282.01,394.81,2240,2464
PBSA36-CX600T1-3/4S18,"18""",600,SA-36,"1-3/4""",1.75,1.87,269.94,377.92,756,832
PBSA516-70-CX600T1-3/4S18,"18""",600,SA-516-70,"1-3/4""",1.75,2.18,269.94,377.92,873,961
PB304L-CX600T1-3/4S18,"18""",600,304L,"1-3/4""",1.75,6.01,282.01,394.81,2422,2665
PB316L-CX600T1-3/4S18,"18""",600,316L,"1-3/4""",1.75,7.48,285.21,399.29,3036,3340
PBAL6061-CX600T1-3/4S18,"18""",600,AL-6061,"1-3/4""",1.75,5.1,95.11,133.15,728,801
PB304-CX600T1-7/8S18,"18""",600,304,"1-7/8""",1.875,5.55,302.15,423.01,2397,2637
PBSA36-CX600T1-7/8S18,"18""",600,SA-36,"1-7/8""",1.875,1.87,289.22,404.91,806,887
PBSA516-70-CX600T1-7/8S18,"18""",600,SA-516-70,"1-7/8""",1.875,2.18,289.22,404.91,932,1026
PB304L-CX600T1-7/8S18,"18""",600,304L,"1-7/8""",1.875,6.01,302.15,423.01,2591,2851
PB316L-CX600T1-7/8S18,"18""",600,316L,"1-7/8""",1.875,7.48,305.58,427.81,3249,3574
PBAL6061-CX600T1-7/8S18,"18""",600,AL-6061,"1-7/8""",1.875,5.1,101.91,142.67,777,855
PB304-CX600T2S18,"18""",600,304,"2""",2,5.55,322.29,451.21,2553,2809
PBSA36-CX600T2S18,"18""",600,SA-36,"2""",2,1.87,308.51,431.91,857,943
PBSA516-70-CX600T2S18,"18""",600,SA-516-70,"2""",2,2.18,308.51,431.91,991,1091
PB304L-CX600T2S18,"18""",600,304L,"2""",2,6.01,322.29,451.21,2761,3038
PB316L-CX600T2S18,"18""",600,316L,"2""",2,7.48,325.96,456.34,3463,3810
PBAL6061-CX600T2S18,"18""",600,AL-6061,"2""",2,5.1,108.7,152.18,825,908
PB304-CX600T2-1/4S18,"18""",600,304,"2-1/4""",2.25,5.55,362.58,507.61,2866,3153
PBSA36-CX600T2-1/4S18,"18""",600,SA-36,"2-1/4""",2.25,1.87,347.07,485.9,958,1054
PBSA516-70-CX600T2-1/4S18,"18""",600,SA-516-70,"2-1/4""",2.25,2.18,347.07,485.9,1108,1219
PB304L-CX600T2-1/4S18,"18""",600,304L,"2-1/4""",2.25,6.01,362.58,507.61,3100,3411
PB316L-CX600T2-1/4S18,"18""",600,316L,"2-1/4""",2.25,7.48,366.7,513.38,3889,4278
PBAL6061-CX600T2-1/4S18,"18""",600,AL-6061,"2-1/4""",2.25,5.1,122.29,171.21,922,1015
PB304-CX600T2-1/2S18,"18""",600,304,"2-1/2""",2.5,5.55,402.87,564.02,3179,3497
PBSA36-CX600T2-1/2S18,"18""",600,SA-36,"2-1/2""",2.5,1.87,385.63,539.88,1059,1165
PBSA516-70-CX600T2-1/2S18,"18""",600,SA-516-70,"2-1/2""",2.5,2.18,385.63,539.88,1226,1349
PB304L-CX600T2-1/2S18,"18""",600,304L,"2-1/2""",2.5,6.01,402.87,564.02,3439,3783
PB316L-CX600T2-1/2S18,"18""",600,316L,"2-1/2""",2.5,7.48,407.44,570.42,4316,4748
PBAL6061-CX600T2-1/2S18,"18""",600,AL-6061,"2-1/2""",2.5,5.1,135.88,190.23,1019,1121
PB304-CX600T3S18,"18""",600,304,"3""",3,5.55,483.44,676.82,3805,4186
PBSA36-CX600T3S18,"18""",600,SA-36,"3""",3,1.87,462.76,647.86,1261,1388
PBSA516-70-CX600T3S18,"18""",600,SA-516-70,"3""",3,2.18,462.76,647.86,1461,1608
PB304L-CX600T3S18,"18""",600,304L,"3""",3,6.01,483.44,676.82,4117,4529
PB316L-CX600T3S18,"18""",600,316L,"3""",3,7.48,488.93,684.5,5169,5686
PBAL6061-CX600T3S18,"18""",600,AL-6061,"3""",3,5.1,163.05,228.27,1213,1335
PB304-CX600T11GAS20,"20""",600,304,11 Gauge,0.1196,5.55,23.85,33.39,238,262
PBSA36-CX600T11GAS20,"20""",600,SA-36,11 Gauge,0.1196,1.87,22.83,31.96,112,124
PBSA516-70-CX600T11GAS20,"20""",600,SA-516-70,11 Gauge,0.1196,2.18,22.83,31.96,122,135
PB304L-CX600T11GAS20,"20""",600,304L,11 Gauge,0.1196,6.01,23.85,33.39,253,279
PB316L-CX600T11GAS20,"20""",600,316L,11 Gauge,0.1196,7.48,24.13,33.78,305,336
PBAL6061-CX600T11GAS20,"20""",600,AL-6061,11 Gauge,0.1196,5.1,8.05,11.27,110,122
PB304-CX600T1/8S20,"20""",600,304,"1/8""",0.125,5.55,24.93,34.9,246,271
PBSA36-CX600T1/8S20,"20""",600,SA-36,"1/8""",0.125,1.87,23.87,33.42,115,127
PBSA516-70-CX600T1/8S20,"20""",600,SA-516-70,"1/8""",0.125,2.18,23.87,33.42,125,138
PB304L-CX600T1/8S20,"20""",600,304L,"1/8""",0.125,6.01,24.93,34.9,262,289
PB316L-CX600T1/8S20,"20""",600,316L,"1/8""",0.125,7.48,25.22,35.31,317,349
PBAL6061-CX600T1/8S20,"20""",600,AL-6061,"1/8""",0.125,5.1,8.41,11.77,112,124
PB304-CX600T3/16S20,"20""",600,304,"3/16""",0.1875,5.55,37.4,52.36,343,378
PBSA36-CX600T3/16S20,"20""",600,SA-36,"3/16""",0.1875,1.87,35.8,50.12,146,161
PBSA516-70-CX600T3/16S20,"20""",600,SA-516-70,"3/16""",0.1875,2.18,35.8,50.12,162,179
PB304L-CX600T3/16S20,"20""",600,304L,"3/16""",0.1875,6.01,37.4,52.36,367,404
PB316L-CX600T3/16S20,"20""",600,316L,"3/16""",0.1875,7.48,37.82,52.95,449,494
PBAL6061-CX600T3/16S20,"20""",600,AL-6061,"3/16""",0.1875,5.1,12.61,17.65,142,157
PB304-CX600T1/4S20,"20""",600,304,"1/4""",0.25,5.55,49.86,69.8,440,485
PBSA36-CX600T1/4S20,"20""",600,SA-36,"1/4""",0.25,1.87,47.73,66.82,177,195
PBSA516-70-CX600T1/4S20,"20""",600,SA-516-70,"1/4""",0.25,2.18,47.73,66.82,198,218
PB304L-CX600T1/4S20,"20""",600,304L,"1/4""",0.25,6.01,49.86,69.8,472,520
PB316L-CX600T1/4S20,"20""",600,316L,"1/4""",0.25,7.48,50.43,70.6,581,640
PBAL6061-CX600T1/4S20,"20""",600,AL-6061,"1/4""",0.25,5.1,16.82,23.55,173,191
PB304-CX600T5/16S20,"20""",600,304,"5/16""",0.3125,5.55,62.33,87.26,537,591
PBSA36-CX600T5/16S20,"20""",600,SA-36,"5/16""",0.3125,1.87,59.66,83.52,209,230
PBSA516-70-CX600T5/16S20,"20""",600,SA-516-70,"5/16""",0.3125,2.18,59.66,83.52,235,259
PB304L-CX600T5/16S20,"20""",600,304L,"5/16""",0.3125,6.01,62.33,87.26,577,635
PB316L-CX600T5/16S20,"20""",600,316L,"5/16""",0.3125,7.48,63.04,88.26,713,785
PBAL6061-CX600T5/16S20,"20""",600,AL-6061,"5/16""",0.3125,5.1,21.02,29.43,203,224
PB304-CX600T3/8S20,"20""",600,304,"3/8""",0.375,5.55,74.79,104.71,634,698
PBSA36-CX600T3/8S20,"20""",600,SA-36,"3/8""",0.375,1.87,71.6,100.24,240,264
PBSA516-70-CX600T3/8S20,"20""",600,SA-516-70,"3/8""",0.375,2.18,71.6,100.24,271,299
PB304L-CX600T3/8S20,"20""",600,304L,"3/8""",0.375,6.01,74.79,104.71,682,751
PB316L-CX600T3/8S20,"20""",600,316L,"3/8""",0.375,7.48,75.65,105.91,845,930
PBAL6061-CX600T3/8S20,"20""",600,AL-6061,"3/8""",0.375,5.1,25.23,35.32,233,257
PB304-CX600T1/2S20,"20""",600,304,"1/2""",0.5,5.55,99.73,139.62,827,910
PBSA36-CX600T1/2S20,"20""",600,SA-36,"1/2""",0.5,1.87,95.46,133.64,302,333
PBSA516-70-CX600T1/2S20,"20""",600,SA-516-70,"1/2""",0.5,2.18,95.46,133.64,344,379
PB304L-CX600T1/2S20,"20""",600,304L,"1/2""",0.5,6.01,99.73,139.62,892,982
PB316L-CX600T1/2S20,"20""",600,316L,"1/2""",0.5,7.48,100.86,141.2,1109,1220
PBAL6061-CX600T1/2S20,"20""",600,AL-6061,"1/2""",0.5,5.1,33.64,47.1,293,323
PB304-CX600T5/8S20,"20""",600,304,"5/8""",0.625,5.55,124.66,174.52,1021,1124
PBSA36-CX600T5/8S20,"20""",600,SA-36,"5/8""",0.625,1.87,119.33,167.06,365,402
PBSA516-70-CX600T5/8S20,"20""",600,SA-516-70,"5/8""",0.625,2.18,119.33,167.06,417,459
PB304L-CX600T5/8S20,"20""",600,304L,"5/8""",0.625,6.01,124.66,174.52,1101,1212
PB316L-CX600T5/8S20,"20""",600,316L,"5/8""",0.625,7.48,126.08,176.51,1373,1511
PBAL6061-CX600T5/8S20,"20""",600,AL-6061,"5/8""",0.625,5.1,42.04,58.86,353,389
PB304-CX600T3/4S20,"20""",600,304,"3/4""",0.75,5.55,149.59,209.43,1215,1337
PBSA36-CX600T3/4S20,"20""",600,SA-36,"3/4""",0.75,1.87,143.19,200.47,427,470
PBSA516-70-CX600T3/4S20,"20""",600,SA-516-70,"3/4""",0.75,2.18,143.19,200.47,489,538
PB304L-CX600T3/4S20,"20""",600,304L,"3/4""",0.75,6.01,149.59,209.43,1311,1443
PB316L-CX600T3/4S20,"20""",600,316L,"3/4""",0.75,7.48,151.29,211.81,1637,1801
PBAL6061-CX600T3/4S20,"20""",600,AL-6061,"3/4""",0.75,5.1,50.45,70.63,413,455
PB304-CX600T7/8S20,"20""",600,304,"7/8""",0.875,5.55,174.52,244.33,1408,1549
PBSA36-CX600T7/8S20,"20""",600,SA-36,"7/8""",0.875,1.87,167.06,233.88,490,539
PBSA516-70-CX600T7/8S20,"20""",600,SA-516-70,"7/8""",0.875,2.18,167.06,233.88,562,619
PB304L-CX600T7/8S20,"20""",600,304L,"7/8""",0.875,6.01,174.52,244.33,1521,1674
PB316L-CX600T7/8S20,"20""",600,316L,"7/8""",0.875,7.48,176.51,247.11,1901,2092
PBAL6061-CX600T7/8S20,"20""",600,AL-6061,"7/8""",0.875,5.1,58.86,82.4,473,521
PB304-CX600T1S20,"20""",600,304,"1""",1,5.55,199.45,279.23,1602,1763
PBSA36-CX600T1S20,"20""",600,SA-36,"1""",1,1.87,190.92,267.29,552,608
PBSA516-70-CX600T1S20,"20""",600,SA-516-70,"1""",1,2.18,190.92,267.29,635,699
PB304L-CX600T1S20,"20""",600,304L,"1""",1,6.01,199.45,279.23,1731,1905
PB316L-CX600T1S20,"20""",600,316L,"1""",1,7.48,201.72,282.41,2165,2382
PBAL6061-CX600T1S20,"20""",600,AL-6061,"1""",1,5.1,67.27,94.18,533,587
PB304-CX600T1-1/8S20,"20""",600,304,"1-1/8""",1.125,5.55,224.38,314.13,1796,1976
PBSA36-CX600T1-1/8S20,"20""",600,SA-36,"1-1/8""",1.125,1.87,214.79,300.71,615,677
PBSA516-70-CX600T1-1/8S20,"20""",600,SA-516-70,"1-1/8""",1.125,2.18,214.79,300.71,708,779
PB304L-CX600T1-1/8S20,"20""",600,304L,"1-1/8""",1.125,6.01,224.38,314.13,1940,2134
PB316L-CX600T1-1/8S20,"20""",600,316L,"1-1/8""",1.125,7.48,226.94,317.72,2429,2672
PBAL6061-CX600T1-1/8S20,"20""",600,AL-6061,"1-1/8""",1.125,5.1,75.68,105.95,593,653
PB304-CX600T1-1/4S20,"20""",600,304,"1-1/4""",1.25,5.55,249.32,349.05,1990,2189
PBSA36-CX600T1-1/4S20,"20""",600,SA-36,"1-1/4""",1.25,1.87,238.65,334.11,677,745
PBSA516-70-CX600T1-1/4S20,"20""",600,SA-516-70,"1-1/4""",1.25,2.18,238.65,334.11,781,860
PB304L-CX600T1-1/4S20,"20""",600,304L,"1-1/4""",1.25,6.01,249.32,349.05,2150,2365
PB316L-CX600T1-1/4S20,"20""",600,316L,"1-1/4""",1.25,7.48,252.15,353.01,2693,2963
PBAL6061-CX600T1-1/4S20,"20""",600,AL-6061,"1-1/4""",1.25,5.1,84.09,117.73,653,719
PB304-CX600T1-3/8S20,"20""",600,304,"1-3/8""",1.375,5.55,274.25,383.95,2183,2402
PBSA36-CX600T1-3/8S20,"20""",600,SA-36,"1-3/8""",1.375,1.87,262.52,367.53,740,815
PBSA516-70-CX600T1-3/8S20,"20""",600,SA-516-70,"1-3/8""",1.375,2.18,262.52,367.53,854,940
PB304L-CX600T1-3/8S20,"20""",600,304L,"1-3/8""",1.375,6.01,274.25,383.95,2360,2596
PB316L-CX600T1-3/8S20,"20""",600,316L,"1-3/8""",1.375,7.48,277.37,388.32,2957,3253
PBAL6061-CX600T1-3/8S20,"20""",600,AL-6061,"1-3/8""",1.375,5.1,92.5,129.5,713,785
PB304-CX600T1-1/2S20,"20""",600,304,"1-1/2""",1.5,5.55,299.18,418.85,2377,2615
PBSA36-CX600T1-1/2S20,"20""",600,SA-36,"1-1/2""",1.5,1.87,286.38,400.93,802,883
PBSA516-70-CX600T1-1/2S20,"20""",600,SA-516-70,"1-1/2""",1.5,2.18,286.38,400.93,926,1019
PB304L-CX600T1-1/2S20,"20""",600,304L,"1-1/2""",1.5,6.01,299.18,418.85,2570,2828
PB316L-CX600T1-1/2S20,"20""",600,316L,"1-1/2""",1.5,7.48,302.58,423.61,3221,3544
PBAL6061-CX600T1-1/2S20,"20""",600,AL-6061,"1-1/2""",1.5,5.1,100.91,141.27,773,851
PB304-CX600T1-5/8S20,"20""",600,304,"1-5/8""",1.625,5.55,324.11,453.75,2571,2829
PBSA36-CX600T1-5/8S20,"20""",600,SA-36,"1-5/8""",1.625,1.87,310.25,434.35,865,952
PBSA516-70-CX600T1-5/8S20,"20""",600,SA-516-70,"1-5/8""",1.625,2.18,310.25,434.35,999,1099
PB304L-CX600T1-5/8S20,"20""",600,304L,"1-5/8""",1.625,6.01,324.11,453.75,2779,3057
PB316L-CX600T1-5/8S20,"20""",600,316L,"1-5/8""",1.625,7.48,327.8,458.92,3485,3834
PBAL6061-CX600T1-5/8S20,"20""",600,AL-6061,"1-5/8""",1.625,5.1,109.32,153.05,833,917
PB304-CX600T1-3/4S20,"20""",600,304,"1-3/4""",1.75,5.55,349.04,488.66,2765,3042
PBSA36-CX600T1-3/4S20,"20""",600,SA-36,"1-3/4""",1.75,1.87,334.11,467.75,927,1020
PBSA516-70-CX600T1-3/4S20,"20""",600,SA-516-70,"1-3/4""",1.75,2.18,334.11,467.75,1072,1180
PB304L-CX600T1-3/4S20,"20""",600,304L,"1-3/4""",1.75,6.01,349.04,488.66,2989,3288
PB316L-CX600T1-3/4S20,"20""",600,316L,"1-3/4""",1.75,7.48,353.01,494.21,3749,4124
PBAL6061-CX600T1-3/4S20,"20""",600,AL-6061,"1-3/4""",1.75,5.1,117.72,164.81,893,983
PB304-CX600T1-7/8S20,"20""",600,304,"1-7/8""",1.875,5.55,373.97,523.56,2958,3254
PBSA36-CX600T1-7/8S20,"20""",600,SA-36,"1-7/8""",1.875,1.87,357.98,501.17,990,1089
PBSA516-70-CX600T1-7/8S20,"20""",600,SA-516-70,"1-7/8""",1.875,2.18,357.98,501.17,1145,1260
PB304L-CX600T1-7/8S20,"20""",600,304L,"1-7/8""",1.875,6.01,373.97,523.56,3199,3519
PB316L-CX600T1-7/8S20,"20""",600,316L,"1-7/8""",1.875,7.48,378.23,529.52,4013,4415
PBAL6061-CX600T1-7/8S20,"20""",600,AL-6061,"1-7/8""",1.875,5.1,126.13,176.58,953,1049
PB304-CX600T2S20,"20""",600,304,"2""",2,5.55,398.91,558.47,3152,3468
PBSA36-CX600T2S20,"20""",600,SA-36,"2""",2,1.87,381.84,534.58,1052,1158
PBSA516-70-CX600T2S20,"20""",600,SA-516-70,"2""",2,2.18,381.84,534.58,1218,1340
PB304L-CX600T2S20,"20""",600,304L,"2""",2,6.01,398.91,558.47,3409,3750
PB316L-CX600T2S20,"20""",600,316L,"2""",2,7.48,403.44,564.82,4277,4705
PBAL6061-CX600T2S20,"20""",600,AL-6061,"2""",2,5.1,134.54,188.36,1013,1115
PB304-CX600T2-1/4S20,"20""",600,304,"2-1/4""",2.25,5.55,448.77,628.28,3539,3893
PBSA36-CX600T2-1/4S20,"20""",600,SA-36,"2-1/4""",2.25,1.87,429.57,601.4,1177,1295
PBSA516-70-CX600T2-1/4S20,"20""",600,SA-516-70,"2-1/4""",2.25,2.18,429.57,601.4,1364,1501
PB304L-CX600T2-1/4S20,"20""",600,304L,"2-1/4""",2.25,6.01,448.77,628.28,3828,4211
PB316L-CX600T2-1/4S20,"20""",600,316L,"2-1/4""",2.25,7.48,453.87,635.42,4805,5286
PBAL6061-CX600T2-1/4S20,"20""",600,AL-6061,"2-1/4""",2.25,5.1,151.36,211.9,1133,1247
PB304-CX600T2-1/2S20,"20""",600,304,"2-1/2""",2.5,5.55,498.63,698.08,3927,4320
PBSA36-CX600T2-1/2S20,"20""",600,SA-36,"2-1/2""",2.5,1.87,477.3,668.22,1302,1433
PBSA516-70-CX600T2-1/2S20,"20""",600,SA-516-70,"2-1/2""",2.5,2.18,477.3,668.22,1509,1660
PB304L-CX600T2-1/2S20,"20""",600,304L,"2-1/2""",2.5,6.01,498.63,698.08,4248,4673
PB316L-CX600T2-1/2S20,"20""",600,316L,"2-1/2""",2.5,7.48,504.3,706.02,5333,5867
PBAL6061-CX600T2-1/2S20,"20""",600,AL-6061,"2-1/2""",2.5,5.1,168.18,235.45,1253,1379
PB304-CX600T3S20,"20""",600,304,"3""",3,5.55,598.36,837.7,4702,5173
PBSA36-CX600T3S20,"20""",600,SA-36,"3""",3,1.87,572.76,801.86,1552,1708
PBSA516-70-CX600T3S20,"20""",600,SA-516-70,"3""",3,2.18,572.76,801.86,1801,1982
PB304L-CX600T3S20,"20""",600,304L,"3""",3,6.01,598.36,837.7,5087,5596
PB316L-CX600T3S20,"20""",600,316L,"3""",3,7.48,605.16,847.22,6390,7030
PBAL6061-CX600T3S20,"20""",600,AL-6061,"3""",3,5.1,201.81,282.53,1493,1643
PB304-CX600T11GAS24,"24""",600,304,11 Gauge,0.1196,5.55,31.96,44.74,305,336
PBSA36-CX600T11GAS24,"24""",600,SA-36,11 Gauge,0.1196,1.87,30.6,42.84,137,151
PBSA516-70-CX600T11GAS24,"24""",600,SA-516-70,11 Gauge,0.1196,2.18,30.6,42.84,150,165
PB304L-CX600T11GAS24,"24""",600,304L,11 Gauge,0.1196,6.01,31.96,44.74,326,359
PB316L-CX600T11GAS24,"24""",600,316L,11 Gauge,0.1196,7.48,32.33,45.26,395,435
PBAL6061-CX600T11GAS24,"24""",600,AL-6061,11 Gauge,0.1196,5.1,10.78,15.09,134,148
PB304-CX600T1/8S24,"24""",600,304,"1/8""",0.125,5.55,33.41,46.77,316,348
PBSA36-CX600T1/8S24,"24""",600,SA-36,"1/8""",0.125,1.87,31.98,44.77,140,154
PBSA516-70-CX600T1/8S24,"24""",600,SA-516-70,"1/8""",0.125,2.18,31.98,44.77,154,170
PB304L-CX600T1/8S24,"24""",600,304L,"1/8""",0.125,6.01,33.41,46.77,338,372
PB316L-CX600T1/8S24,"24""",600,316L,"1/8""",0.125,7.48,33.79,47.31,411,453
PBAL6061-CX600T1/8S24,"24""",600,AL-6061,"1/8""",0.125,5.1,11.27,15.78,137,151
PB304-CX600T3/16S24,"24""",600,304,"3/16""",0.1875,5.55,50.11,70.15,446,491
PBSA36-CX600T3/16S24,"24""",600,SA-36,"3/16""",0.1875,1.87,47.97,67.16,182,201
PBSA516-70-CX600T3/16S24,"24""",600,SA-516-70,"3/16""",0.1875,2.18,47.97,67.16,203,224
PB304L-CX600T3/16S24,"24""",600,304L,"3/16""",0.1875,6.01,50.11,70.15,478,526
PB316L-CX600T3/16S24,"24""",600,316L,"3/16""",0.1875,7.48,50.68,70.95,587,646
PBAL6061-CX600T3/16S24,"24""",600,AL-6061,"3/16""",0.1875,5.1,16.9,23.66,177,195
PB304-CX600T1/4S24,"24""",600,304,"1/4""",0.25,5.55,66.81,93.53,576,634
PBSA36-CX600T1/4S24,"24""",600,SA-36,"1/4""",0.25,1.87,63.96,89.54,224,247
PBSA516-70-CX600T1/4S24,"24""",600,SA-516-70,"1/4""",0.25,2.18,63.96,89.54,252,278
PB304L-CX600T1/4S24,"24""",600,304L,"1/4""",0.25,6.01,66.81,93.53,619,681
PB316L-CX600T1/4S24,"24""",600,316L,"1/4""",0.25,7.48,67.57,94.6,764,841
PBAL6061-CX600T1/4S24,"24""",600,AL-6061,"1/4""",0.25,5.1,22.53,31.54,218,240
PB304-CX600T5/16S24,"24""",600,304,"5/16""",0.3125,5.55,83.52,116.93,706,777
PBSA36-CX600T5/16S24,"24""",600,SA-36,"5/16""",0.3125,1.87,79.94,111.92,266,293
PBSA516-70-CX600T5/16S24,"24""",600,SA-516-70,"5/16""",0.3125,2.18,79.94,111.92,301,332
PB304L-CX600T5/16S24,"24""",600,304L,"5/16""",0.3125,6.01,83.52,116.93,759,835
PB316L-CX600T5/16S24,"24""",600,316L,"5/16""",0.3125,7.48,84.47,118.26,941,1036
PBAL6061-CX600T5/16S24,"24""",600,AL-6061,"5/16""",0.3125,5.1,28.17,39.44,258,284
PB304-CX600T3/8S24,"24""",600,304,"3/8""",0.375,5.55,100.22,140.31,835,919
PBSA36-CX600T3/8S24,"24""",600,SA-36,"3/8""",0.375,1.87,95.93,134.3,308,339
PBSA516-70-CX600T3/8S24,"24""",600,SA-516-70,"3/8""",0.375,2.18,95.93,134.3,349,384
PB304L-CX600T3/8S24,"24""",600,304L,"3/8""",0.375,6.01,100.22,140.31,900,991
PB316L-CX600T3/8S24,"24""",600,316L,"3/8""",0.375,7.48,101.36,141.9,1118,1230
PBAL6061-CX600T3/8S24,"24""",600,AL-6061,"3/8""",0.375,5.1,33.8,47.32,298,328
PB304-CX600T1/2S24,"24""",600,304,"1/2""",0.5,5.55,133.63,187.08,1095,1205
PBSA36-CX600T1/2S24,"24""",600,SA-36,"1/2""",0.5,1.87,127.91,179.07,392,432
PBSA516-70-CX600T1/2S24,"24""",600,SA-516-70,"1/2""",0.5,2.18,127.91,179.07,447,492
PB304L-CX600T1/2S24,"24""",600,304L,"1/2""",0.5,6.01,133.63,187.08,1181,1300
PB316L-CX600T1/2S24,"24""",600,316L,"1/2""",0.5,7.48,135.15,189.21,1472,1620
PBAL6061-CX600T1/2S24,"24""",600,AL-6061,"1/2""",0.5,5.1,45.07,63.1,378,416
PB304-CX600T5/8S24,"24""",600,304,"5/8""",0.625,5.55,167.03,233.84,1354,1490
PBSA36-CX600T5/8S24,"24""",600,SA-36,"5/8""",0.625,1.87,159.89,223.85,475,523
PBSA516-70-CX600T5/8S24,"24""",600,SA-516-70,"5/8""",0.625,2.18,159.89,223.85,545,600
PB304L-CX600T5/8S24,"24""",600,304L,"5/8""",0.625,6.01,167.03,233.84,1462,1609
PB316L-CX600T5/8S24,"24""",600,316L,"5/8""",0.625,7.48,168.93,236.5,1826,2009
PBAL6061-CX600T5/8S24,"24""",600,AL-6061,"5/8""",0.625,5.1,56.34,78.88,459,505
PB304-CX600T3/4S24,"24""",600,304,"3/4""",0.75,5.55,200.44,280.62,1614,1776
PBSA36-CX600T3/4S24,"24""",600,SA-36,"3/4""",0.75,1.87,191.87,268.62,559,615
PBSA516-70-CX600T3/4S24,"24""",600,SA-516-70,"3/4""",0.75,2.18,191.87,268.62,642,707
PB304L-CX600T3/4S24,"24""",600,304L,"3/4""",0.75,6.01,200.44,280.62,1743,1918
PB316L-CX600T3/4S24,"24""",600,316L,"3/4""",0.75,7.48,202.72,283.81,2180,2398
PBAL6061-CX600T3/4S24,"24""",600,AL-6061,"3/4""",0.75,5.1,67.6,94.64,539,593
PB304-CX600T7/8S24,"24""",600,304,"7/8""",0.875,5.55,233.85,327.39,1874,2062
PBSA36-CX600T7/8S24,"24""",600,SA-36,"7/8""",0.875,1.87,223.84,313.38,643,708
PBSA516-70-CX600T7/8S24,"24""",600,SA-516-70,"7/8""",0.875,2.18,223.84,313.38,740,815
PB304L-CX600T7/8S24,"24""",600,304L,"7/8""",0.875,6.01,233.85,327.39,2024,2227
PB316L-CX600T7/8S24,"24""",600,316L,"7/8""",0.875,7.48,236.51,331.11,2533,2787
PBAL6061-CX600T7/8S24,"24""",600,AL-6061,"7/8""",0.875,5.1,78.87,110.42,620,682
PB304-CX600T1S24,"24""",600,304,"1""",1,5.55,267.25,374.15,2133,2347
PBSA36-CX600T1S24,"24""",600,SA-36,"1""",1,1.87,255.82,358.15,726,799
PBSA516-70-CX600T1S24,"24""",600,SA-516-70,"1""",1,2.18,255.82,358.15,837,921
PB304L-CX600T1S24,"24""",600,304L,"1""",1,6.01,267.25,374.15,2305,2536
PB316L-CX600T1S24,"24""",600,316L,"1""",1,7.48,270.29,378.41,2887,3176
PBAL6061-CX600T1S24,"24""",600,AL-6061,"1""",1,5.1,90.14,126.2,700,771
PB304-CX600T1-1/8S24,"24""",600,304,"1-1/8""",1.125,5.55,300.66,420.92,2393,2633
PBSA36-CX600T1-1/8S24,"24""",600,SA-36,"1-1/8""",1.125,1.87,287.8,402.92,810,892
PBSA516-70-CX600T1-1/8S24,"24""",600,SA-516-70,"1-1/8""",1.125,2.18,287.8,402.92,935,1029
PB304L-CX600T1-1/8S24,"24""",600,304L,"1-1/8""",1.125,6.01,300.66,420.92,2586,2845
PB316L-CX600T1-1/8S24,"24""",600,316L,"1-1/8""",1.125,7.48,304.08,425.71,3241,3566
PBAL6061-CX600T1-1/8S24,"24""",600,AL-6061,"1-1/8""",1.125,5.1,101.41,141.97,781,860
PB304-CX600T1-1/4S24,"24""",600,304,"1-1/4""",1.25,5.55,334.07,467.7,2652,2918
PBSA36-CX600T1-1/4S24,"24""",600,SA-36,"1-1/4""",1.25,1.87,319.78,447.69,894,984
PBSA516-70-CX600T1-1/4S24,"24""",600,SA-516-70,"1-1/4""",1.25,2.18,319.78,447.69,1033,1137
PB304L-CX600T1-1/4S24,"24""",600,304L,"1-1/4""",1.25,6.01,334.07,467.7,2868,3155
PB316L-CX600T1-1/4S24,"24""",600,316L,"1-1/4""",1.25,7.48,337.87,473.02,3595,3955
PBAL6061-CX600T1-1/4S24,"24""",600,AL-6061,"1-1/4""",1.25,5.1,112.67,157.74,861,948
PB304-CX600T1-3/8S24,"24""",600,304,"1-3/8""",1.375,5.55,367.47,514.46,2912,3204
PBSA36-CX600T1-3/8S24,"24""",600,SA-36,"1-3/8""",1.375,1.87,351.76,492.46,978,1076
PBSA516-70-CX600T1-3/8S24,"24""",600,SA-516-70,"1-3/8""",1.375,2.18,351.76,492.46,1130,1243
PB304L-CX600T1-3/8S24,"24""",600,304L,"1-3/8""",1.375,6.01,367.47,514.46,3149,3464
PB316L-CX600T1-3/8S24,"24""",600,316L,"1-3/8""",1.375,7.48,371.65,520.31,3949,4344
PBAL6061-CX600T1-3/8S24,"24""",600,AL-6061,"1-3/8""",1.375,5.1,123.94,173.52,942,1037
PB304-CX600T1-1/2S24,"24""",600,304,"1-1/2""",1.5,5.55,400.88,561.23,3171,3489
PBSA36-CX600T1-1/2S24,"24""",600,SA-36,"1-1/2""",1.5,1.87,383.73,537.22,1061,1168
PBSA516-70-CX600T1-1/2S24,"24""",600,SA-516-70,"1-1/2""",1.5,2.18,383.73,537.22,1228,1351
PB304L-CX600T1-1/2S24,"24""",600,304L,"1-1/2""",1.5,6.01,400.88,561.23,3430,3774
PB316L-CX600T1-1/2S24,"24""",600,316L,"1-1/2""",1.5,7.48,405.44,567.62,4302,4733
PBAL6061-CX600T1-1/2S24,"24""",600,AL-6061,"1-1/2""",1.5,5.1,135.21,189.29,1022,1125
PB304-CX600T1-5/8S24,"24""",600,304,"1-5/8""",1.625,5.55,434.29,608.01,3431,3775
PBSA36-CX600T1-5/8S24,"24""",600,SA-36,"1-5/8""",1.625,1.87,415.71,581.99,1145,1260
PBSA516-70-CX600T1-5/8S24,"24""",600,SA-516-70,"1-5/8""",1.625,2.18,415.71,581.99,1325,1458
PB304L-CX600T1-5/8S24,"24""",600,304L,"1-5/8""",1.625,6.01,434.29,608.01,3711,4083
PB316L-CX600T1-5/8S24,"24""",600,316L,"1-5/8""",1.625,7.48,439.22,614.91,4656,5122
PBAL6061-CX600T1-5/8S24,"24""",600,AL-6061,"1-5/8""",1.625,5.1,146.48,205.07,1103,1214
PB304-CX600T1-3/4S24,"24""",600,304,"1-3/4""",1.75,5.55,467.69,654.77,3691,4061
PBSA36-CX600T1-3/4S24,"24""",600,SA-36,"1-3/4""",1.75,1.87,447.69,626.77,1229,1352
PBSA516-70-CX600T1-3/4S24,"24""",600,SA-516-70,"1-3/4""",1.75,2.18,447.69,626.77,1423,1566
PB304L-CX600T1-3/4S24,"24""",600,304L,"1-3/4""",1.75,6.01,467.69,654.77,3992,4392
PB316L-CX600T1-3/4S24,"24""",600,316L,"1-3/4""",1.75,7.48,473.01,662.21,5010,5511
PBAL6061-CX600T1-3/4S24,"24""",600,AL-6061,"1-3/4""",1.75,5.1,157.74,220.84,1183,1302
PB304-CX600T1-7/8S24,"24""",600,304,"1-7/8""",1.875,5.55,501.1,701.54,3950,4345
PBSA36-CX600T1-7/8S24,"24""",600,SA-36,"1-7/8""",1.875,1.87,479.67,671.54,1312,1444
PBSA516-70-CX600T1-7/8S24,"24""",600,SA-516-70,"1-7/8""",1.875,2.18,479.67,671.54,1521,1674
PB304L-CX600T1-7/8S24,"24""",600,304L,"1-7/8""",1.875,6.01,501.1,701.54,4273,4701
PB316L-CX600T1-7/8S24,"24""",600,316L,"1-7/8""",1.875,7.48,506.8,709.52,5364,5901
PBAL6061-CX600T1-7/8S24,"24""",600,AL-6061,"1-7/8""",1.875,5.1,169.01,236.61,1263,1390
PB304-CX600T2S24,"24""",600,304,"2""",2,5.55,534.51,748.31,4210,4631
PBSA36-CX600T2S24,"24""",600,SA-36,"2""",2,1.87,511.64,716.3,1396,1536
PBSA516-70-CX600T2S24,"24""",600,SA-516-70,"2""",2,2.18,511.64,716.3,1618,1780
PB304L-CX600T2S24,"24""",600,304L,"2""",2,6.01,534.51,748.31,4554,5010
PB316L-CX600T2S24,"24""",600,316L,"2""",2,7.48,540.58,756.81,5718,6290
PBAL6061-CX600T2S24,"24""",600,AL-6061,"2""",2,5.1,180.28,252.39,1344,1479
PB304-CX600T2-1/4S24,"24""",600,304,"2-1/4""",2.25,5.55,601.32,841.85,4729,5202
PBSA36-CX600T2-1/4S24,"24""",600,SA-36,"2-1/4""",2.25,1.87,575.6,805.84,1564,1721
PBSA516-70-CX600T2-1/4S24,"24""",600,SA-516-70,"2-1/4""",2.25,2.18,575.6,805.84,1813,1995
PB304L-CX600T2-1/4S24,"24""",600,304L,"2-1/4""",2.25,6.01,601.32,841.85,5116,5628
PB316L-CX600T2-1/4S24,"24""",600,316L,"2-1/4""",2.25,7.48,608.16,851.42,6425,7068
PBAL6061-CX600T2-1/4S24,"24""",600,AL-6061,"2-1/4""",2.25,5.1,202.81,283.93,1505,1656
PB304-CX600T2-1/2S24,"24""",600,304,"2-1/2""",2.5,5.55,668.14,935.4,5248,5773
PBSA36-CX600T2-1/2S24,"24""",600,SA-36,"2-1/2""",2.5,1.87,639.56,895.38,1731,1905
PBSA516-70-CX600T2-1/2S24,"24""",600,SA-516-70,"2-1/2""",2.5,2.18,639.56,895.38,2009,2210
PB304L-CX600T2-1/2S24,"24""",600,304L,"2-1/2""",2.5,6.01,668.14,935.4,5678,6246
PB316L-CX600T2-1/2S24,"24""",600,316L,"2-1/2""",2.5,7.48,675.73,946.02,7133,7847
PBAL6061-CX600T2-1/2S24,"24""",600,AL-6061,"2-1/2""",2.5,5.1,225.35,315.49,1666,1833
PB304-CX600T3S24,"24""",600,304,"3""",3,5.55,801.76,1122.46,6286,6915
PBSA36-CX600T3S24,"24""",600,SA-36,"3""",3,1.87,767.47,1074.46,2066,2273
PBSA516-70-CX600T3S24,"24""",600,SA-516-70,"3""",3,2.18,767.47,1074.46,2399,2639
PB304L-CX600T3S24,"24""",600,304L,"3""",3,6.01,801.76,1122.46,6803,7484
PB316L-CX600T3S24,"24""",600,316L,"3""",3,7.48,810.88,1135.23,8548,9403
PBAL6061-CX600T3S24,"24""",600,AL-6061,"3""",3,5.1,270.42,378.59,1987,2186
PB304-CX900T11GAS1/2,"1/2""",900,304,11 Gauge,0.1196,5.55,0.28,0.39,37,41
PBSA36-CX900T11GAS1/2,"1/2""",900,SA-36,11 Gauge,0.1196,1.87,0.27,0.38,36,40
PBSA516-70-CX900T11GAS1/2,"1/2""",900,SA-516-70,11 Gauge,0.1196,2.18,0.27,0.38,36,40
PB304L-CX900T11GAS1/2,"1/2""",900,304L,11 Gauge,0.1196,6.01,0.28,0.39,37,41
PB316L-CX900T11GAS1/2,"1/2""",900,316L,11 Gauge,0.1196,7.48,0.29,0.41,38,42
PBAL6061-CX900T11GAS1/2,"1/2""",900,AL-6061,11 Gauge,0.1196,5.1,0.1,0.15,36,40
PB304-CX900T1/8S1/2,"1/2""",900,304,"1/8""",0.125,5.55,0.3,0.42,37,41
PBSA36-CX900T1/8S1/2,"1/2""",900,SA-36,"1/8""",0.125,1.87,0.28,0.39,36,40
PBSA516-70-CX900T1/8S1/2,"1/2""",900,SA-516-70,"1/8""",0.125,2.18,0.28,0.39,36,40
PB304L-CX900T1/8S1/2,"1/2""",900,304L,"1/8""",0.125,6.01,0.3,0.42,37,41
PB316L-CX900T1/8S1/2,"1/2""",900,316L,"1/8""",0.125,7.48,0.3,0.42,38,42
PBAL6061-CX900T1/8S1/2,"1/2""",900,AL-6061,"1/8""",0.125,5.1,0.1,0.15,36,40
PB304-CX900T3/16S1/2,"1/2""",900,304,"3/16""",0.1875,5.55,0.44,0.62,38,42
PBSA36-CX900T3/16S1/2,"1/2""",900,SA-36,"3/16""",0.1875,1.87,0.43,0.6,36,40
PBSA516-70-CX900T3/16S1/2,"1/2""",900,SA-516-70,"3/16""",0.1875,2.18,0.43,0.6,36,40
PB304L-CX900T3/16S1/2,"1/2""",900,304L,"3/16""",0.1875,6.01,0.44,0.62,39,43
PB316L-CX900T3/16S1/2,"1/2""",900,316L,"3/16""",0.1875,7.48,0.45,0.63,40,44
PBAL6061-CX900T3/16S1/2,"1/2""",900,AL-6061,"3/16""",0.1875,5.1,0.15,0.21,36,40
PB304-CX900T1/4S1/2,"1/2""",900,304,"1/4""",0.25,5.55,0.59,0.83,39,43
PBSA36-CX900T1/4S1/2,"1/2""",900,SA-36,"1/4""",0.25,1.87,0.57,0.8,36,40
PBSA516-70-CX900T1/4S1/2,"1/2""",900,SA-516-70,"1/4""",0.25,2.18,0.57,0.8,37,41
PB304L-CX900T1/4S1/2,"1/2""",900,304L,"1/4""",0.25,6.01,0.59,0.83,40,44
PB316L-CX900T1/4S1/2,"1/2""",900,316L,"1/4""",0.25,7.48,0.6,0.84,41,46
PBAL6061-CX900T1/4S1/2,"1/2""",900,AL-6061,"1/4""",0.25,5.1,0.2,0.28,36,40
PB304-CX900T5/16S1/2,"1/2""",900,304,"5/16""",0.3125,5.55,0.74,1.04,41,46
PBSA36-CX900T5/16S1/2,"1/2""",900,SA-36,"5/16""",0.3125,1.87,0.71,0.99,37,41
PBSA516-70-CX900T5/16S1/2,"1/2""",900,SA-516-70,"5/16""",0.3125,2.18,0.71,0.99,37,41
PB304L-CX900T5/16S1/2,"1/2""",900,304L,"5/16""",0.3125,6.01,0.74,1.04,41,46
PB316L-CX900T5/16S1/2,"1/2""",900,316L,"5/16""",0.3125,7.48,0.75,1.05,43,48
PBAL6061-CX900T5/16S1/2,"1/2""",900,AL-6061,"5/16""",0.3125,5.1,0.25,0.35,37,41
PB304-CX900T3/8S1/2,"1/2""",900,304,"3/8""",0.375,5.55,0.89,1.25,42,47
PBSA36-CX900T3/8S1/2,"1/2""",900,SA-36,"3/8""",0.375,1.87,0.85,1.19,37,41
PBSA516-70-CX900T3/8S1/2,"1/2""",900,SA-516-70,"3/8""",0.375,2.18,0.85,1.19,37,41
PB304L-CX900T3/8S1/2,"1/2""",900,304L,"3/8""",0.375,6.01,0.89,1.25,42,47
PB316L-CX900T3/8S1/2,"1/2""",900,316L,"3/8""",0.375,7.48,0.9,1.26,44,49
PBAL6061-CX900T3/8S1/2,"1/2""",900,AL-6061,"3/8""",0.375,5.1,0.3,0.42,37,41
PB304-CX900T1/2S1/2,"1/2""",900,304,"1/2""",0.5,5.55,1.18,1.65,44,49
PBSA36-CX900T1/2S1/2,"1/2""",900,SA-36,"1/2""",0.5,1.87,1.13,1.58,38,42
PBSA516-70-CX900T1/2S1/2,"1/2""",900,SA-516-70,"1/2""",0.5,2.18,1.13,1.58,38,42
PB304L-CX900T1/2S1/2,"1/2""",900,304L,"1/2""",0.5,6.01,1.18,1.65,45,50
PB316L-CX900T1/2S1/2,"1/2""",900,316L,"1/2""",0.5,7.48,1.2,1.68,47,52
PBAL6061-CX900T1/2S1/2,"1/2""",900,AL-6061,"1/2""",0.5,5.1,0.4,0.56,38,42
PB304-CX900T5/8S1/2,"1/2""",900,304,"5/8""",0.625,5.55,1.48,2.07,46,51
PBSA36-CX900T5/8S1/2,"1/2""",900,SA-36,"5/8""",0.625,1.87,1.42,1.99,39,43
PBSA516-70-CX900T5/8S1/2,"1/2""",900,SA-516-70,"5/8""",0.625,2.18,1.42,1.99,39,43
PB304L-CX900T5/8S1/2,"1/2""",900,304L,"5/8""",0.625,6.01,1.48,2.07,47,52
PB316L-CX900T5/8S1/2,"1/2""",900,316L,"5/8""",0.625,7.48,1.5,2.1,51,57
PBAL6061-CX900T5/8S1/2,"1/2""",900,AL-6061,"5/8""",0.625,5.1,0.5,0.7,38,42
PB304-CX900T3/4S1/2,"1/2""",900,304,"3/4""",0.75,5.55,1.78,2.49,49,54
PBSA36-CX900T3/4S1/2,"1/2""",900,SA-36,"3/4""",0.75,1.87,1.7,2.38,39,43
PBSA516-70-CX900T3/4S1/2,"1/2""",900,SA-516-70,"3/4""",0.75,2.18,1.7,2.38,40,44
PB304L-CX900T3/4S1/2,"1/2""",900,304L,"3/4""",0.75,6.01,1.78,2.49,50,56
PB316L-CX900T3/4S1/2,"1/2""",900,316L,"3/4""",0.75,7.48,1.8,2.52,54,60
PBAL6061-CX900T3/4S1/2,"1/2""",900,AL-6061,"3/4""",0.75,5.1,0.6,0.84,39,43
PB304-CX900T7/8S1/2,"1/2""",900,304,"7/8""",0.875,5.55,2.07,2.9,51,57
PBSA36-CX900T7/8S1/2,"1/2""",900,SA-36,"7/8""",0.875,1.87,1.98,2.77,40,44
PBSA516-70-CX900T7/8S1/2,"1/2""",900,SA-516-70,"7/8""",0.875,2.18,1.98,2.77,41,46
PB304L-CX900T7/8S1/2,"1/2""",900,304L,"7/8""",0.875,6.01,2.07,2.9,52,58
PB316L-CX900T7/8S1/2,"1/2""",900,316L,"7/8""",0.875,7.48,2.1,2.94,57,63
PBAL6061-CX900T7/8S1/2,"1/2""",900,AL-6061,"7/8""",0.875,5.1,0.7,0.98,40,44
PB304-CX900T1S1/2,"1/2""",900,304,"1""",1,5.55,2.37,3.32,53,59
PBSA36-CX900T1S1/2,"1/2""",900,SA-36,"1""",1,1.87,2.27,3.18,41,46
PBSA516-70-CX900T1S1/2,"1/2""",900,SA-516-70,"1""",1,2.18,2.27,3.18,42,47
PB304L-CX900T1S1/2,"1/2""",900,304L,"1""",1,6.01,2.37,3.32,55,61
PB316L-CX900T1S1/2,"1/2""",900,316L,"1""",1,7.48,2.4,3.36,60,66
PBAL6061-CX900T1S1/2,"1/2""",900,AL-6061,"1""",1,5.1,0.8,1.12,41,46
PB304-CX900T1-1/8S1/2,"1/2""",900,304,"1-1/8""",1.125,5.55,2.66,3.72,55,61
PBSA36-CX900T1-1/8S1/2,"1/2""",900,SA-36,"1-1/8""",1.125,1.87,2.55,3.57,42,47
PBSA516-70-CX900T1-1/8S1/2,"1/2""",900,SA-516-70,"1-1/8""",1.125,2.18,2.55,3.57,43,48
PB304L-CX900T1-1/8S1/2,"1/2""",900,304L,"1-1/8""",1.125,6.01,2.66,3.72,57,63
PB316L-CX900T1-1/8S1/2,"1/2""",900,316L,"1-1/8""",1.125,7.48,2.69,3.77,63,70
PBAL6061-CX900T1-1/8S1/2,"1/2""",900,AL-6061,"1-1/8""",1.125,5.1,0.9,1.26,41,46
PB304-CX900T1-1/4S1/2,"1/2""",900,304,"1-1/4""",1.25,5.55,2.96,4.14,58,64
PBSA36-CX900T1-1/4S1/2,"1/2""",900,SA-36,"1-1/4""",1.25,1.87,2.83,3.96,42,47
PBSA516-70-CX900T1-1/4S1/2,"1/2""",900,SA-516-70,"1-1/4""",1.25,2.18,2.83,3.96,43,48
PB304L-CX900T1-1/4S1/2,"1/2""",900,304L,"1-1/4""",1.25,6.01,2.96,4.14,60,66
PB316L-CX900T1-1/4S1/2,"1/2""",900,316L,"1-1/4""",1.25,7.48,2.99,4.19,66,73
PBAL6061-CX900T1-1/4S1/2,"1/2""",900,AL-6061,"1-1/4""",1.25,5.1,1,1.4,42,47
PB304-CX900T1-3/8S1/2,"1/2""",900,304,"1-3/8""",1.375,5.55,3.26,4.56,60,66
PBSA36-CX900T1-3/8S1/2,"1/2""",900,SA-36,"1-3/8""",1.375,1.87,3.12,4.37,43,48
PBSA516-70-CX900T1-3/8S1/2,"1/2""",900,SA-516-70,"1-3/8""",1.375,2.18,3.12,4.37,44,49
PB304L-CX900T1-3/8S1/2,"1/2""",900,304L,"1-3/8""",1.375,6.01,3.26,4.56,62,69
PB316L-CX900T1-3/8S1/2,"1/2""",900,316L,"1-3/8""",1.375,7.48,3.29,4.61,69,76
PBAL6061-CX900T1-3/8S1/2,"1/2""",900,AL-6061,"1-3/8""",1.375,5.1,1.1,1.54,43,48
PB304-CX900T1-1/2S1/2,"1/2""",900,304,"1-1/2""",1.5,5.55,3.55,4.97,62,69
PBSA36-CX900T1-1/2S1/2,"1/2""",900,SA-36,"1-1/2""",1.5,1.87,3.4,4.76,44,49
PBSA516-70-CX900T1-1/2S1/2,"1/2""",900,SA-516-70,"1-1/2""",1.5,2.18,3.4,4.76,45,50
PB304L-CX900T1-1/2S1/2,"1/2""",900,304L,"1-1/2""",1.5,6.01,3.55,4.97,65,72
PB316L-CX900T1-1/2S1/2,"1/2""",900,316L,"1-1/2""",1.5,7.48,3.59,5.03,72,80
PBAL6061-CX900T1-1/2S1/2,"1/2""",900,AL-6061,"1-1/2""",1.5,5.1,1.2,1.68,43,48
PB304-CX900T1-5/8S1/2,"1/2""",900,304,"1-5/8""",1.625,5.55,3.85,5.39,65,72
PBSA36-CX900T1-5/8S1/2,"1/2""",900,SA-36,"1-5/8""",1.625,1.87,3.68,5.15,44,49
PBSA516-70-CX900T1-5/8S1/2,"1/2""",900,SA-516-70,"1-5/8""",1.625,2.18,3.68,5.15,46,51
PB304L-CX900T1-5/8S1/2,"1/2""",900,304L,"1-5/8""",1.625,6.01,3.85,5.39,67,74
PB316L-CX900T1-5/8S1/2,"1/2""",900,316L,"1-5/8""",1.625,7.48,3.89,5.45,76,84
PBAL6061-CX900T1-5/8S1/2,"1/2""",900,AL-6061,"1-5/8""",1.625,5.1,1.3,1.82,44,49
PB304-CX900T1-3/4S1/2,"1/2""",900,304,"1-3/4""",1.75,5.55,4.14,5.8,67,74
PBSA36-CX900T1-3/4S1/2,"1/2""",900,SA-36,"1-3/4""",1.75,1.87,3.97,5.56,45,50
PBSA516-70-CX900T1-3/4S1/2,"1/2""",900,SA-516-70,"1-3/4""",1.75,2.18,3.97,5.56,47,52
PB304L-CX900T1-3/4S1/2,"1/2""",900,304L,"1-3/4""",1.75,6.01,4.14,5.8,70,77
PB316L-CX900T1-3/4S1/2,"1/2""",900,316L,"1-3/4""",1.75,7.48,4.19,5.87,79,87
PBAL6061-CX900T1-3/4S1/2,"1/2""",900,AL-6061,"1-3/4""",1.75,5.1,1.4,1.96,45,50
PB304-CX900T1-7/8S1/2,"1/2""",900,304,"1-7/8""",1.875,5.55,4.44,6.22,69,76
PBSA36-CX900T1-7/8S1/2,"1/2""",900,SA-36,"1-7/8""",1.875,1.87,4.25,5.95,46,51
PBSA516-70-CX900T1-7/8S1/2,"1/2""",900,SA-516-70,"1-7/8""",1.875,2.18,4.25,5.95,48,53
PB304L-CX900T1-7/8S1/2,"1/2""",900,304L,"1-7/8""",1.875,6.01,4.44,6.22,72,80
PB316L-CX900T1-7/8S1/2,"1/2""",900,316L,"1-7/8""",1.875,7.48,4.49,6.29,82,91
PBAL6061-CX900T1-7/8S1/2,"1/2""",900,AL-6061,"1-7/8""",1.875,5.1,1.5,2.1,46,51
PB304-CX900T2S1/2,"1/2""",900,304,"2""",2,5.55,4.74,6.64,72,80
PBSA36-CX900T2S1/2,"1/2""",900,SA-36,"2""",2,1.87,4.53,6.34,47,52
PBSA516-70-CX900T2S1/2,"1/2""",900,SA-516-70,"2""",2,2.18,4.53,6.34,49,54
PB304L-CX900T2S1/2,"1/2""",900,304L,"2""",2,6.01,4.74,6.64,75,83
PB316L-CX900T2S1/2,"1/2""",900,316L,"2""",2,7.48,4.79,6.71,85,94
PBAL6061-CX900T2S1/2,"1/2""",900,AL-6061,"2""",2,5.1,1.6,2.24,46,51
PB304-CX900T2-1/4S1/2,"1/2""",900,304,"2-1/4""",2.25,5.55,5.33,7.46,76,84
PBSA36-CX900T2-1/4S1/2,"1/2""",900,SA-36,"2-1/4""",2.25,1.87,5.1,7.14,48,53
PBSA516-70-CX900T2-1/4S1/2,"1/2""",900,SA-516-70,"2-1/4""",2.25,2.18,5.1,7.14,50,56
PB304L-CX900T2-1/4S1/2,"1/2""",900,304L,"2-1/4""",2.25,6.01,5.33,7.46,80,88
PB316L-CX900T2-1/4S1/2,"1/2""",900,316L,"2-1/4""",2.25,7.48,5.39,7.55,91,101
PBAL6061-CX900T2-1/4S1/2,"1/2""",900,AL-6061,"2-1/4""",2.25,5.1,1.8,2.52,48,53
PB304-CX900T2-1/2S1/2,"1/2""",900,304,"2-1/2""",2.5,5.55,5.92,8.29,81,90
PBSA36-CX900T2-1/2S1/2,"1/2""",900,SA-36,"2-1/2""",2.5,1.87,5.67,7.94,50,56
PBSA516-70-CX900T2-1/2S1/2,"1/2""",900,SA-516-70,"2-1/2""",2.5,2.18,5.67,7.94,52,58
PB304L-CX900T2-1/2S1/2,"1/2""",900,304L,"2-1/2""",2.5,6.01,5.92,8.29,85,94
PB316L-CX900T2-1/2S1/2,"1/2""",900,316L,"2-1/2""",2.5,7.48,5.99,8.39,98,108
PBAL6061-CX900T2-1/2S1/2,"1/2""",900,AL-6061,"2-1/2""",2.5,5.1,2,2.8,49,54
PB304-CX900T3S1/2,"1/2""",900,304,"3""",3,5.55,7.1,9.94,90,100
PBSA36-CX900T3S1/2,"1/2""",900,SA-36,"3""",3,1.87,6.8,9.52,53,59
PBSA516-70-CX900T3S1/2,"1/2""",900,SA-516-70,"3""",3,2.18,6.8,9.52,56,62
PB304L-CX900T3S1/2,"1/2""",900,304L,"3""",3,6.01,7.1,9.94,95,105
PB316L-CX900T3S1/2,"1/2""",900,316L,"3""",3,7.48,7.19,10.07,110,122
PBAL6061-CX900T3S1/2,"1/2""",900,AL-6061,"3""",3,5.1,2.4,3.36,52,58
PB304-CX900T11GAS3/4,"3/4""",900,304,11 Gauge,0.1196,5.55,0.32,0.45,37,41
PBSA36-CX900T11GAS3/4,"3/4""",900,SA-36,11 Gauge,0.1196,1.87,0.31,0.43,36,40
PBSA516-70-CX900T11GAS3/4,"3/4""",900,SA-516-70,11 Gauge,0.1196,2.18,0.31,0.43,36,40
PB304L-CX900T11GAS3/4,"3/4""",900,304L,11 Gauge,0.1196,6.01,0.32,0.45,38,42
PB316L-CX900T11GAS3/4,"3/4""",900,316L,11 Gauge,0.1196,7.48,0.33,0.46,38,42
PBAL6061-CX900T11GAS3/4,"3/4""",900,AL-6061,11 Gauge,0.1196,5.1,0.11,0.15,36,40
PB304-CX900T1/8S3/4,"3/4""",900,304,"1/8""",0.125,5.55,0.34,0.48,38,42
PBSA36-CX900T1/8S3/4,"3/4""",900,SA-36,"1/8""",0.125,1.87,0.32,0.45,36,40
PBSA516-70-CX900T1/8S3/4,"3/4""",900,SA-516-70,"1/8""",0.125,2.18,0.32,0.45,36,40
PB304L-CX900T1/8S3/4,"3/4""",900,304L,"1/8""",0.125,6.01,0.34,0.48,38,42
PB316L-CX900T1/8S3/4,"3/4""",900,316L,"1/8""",0.125,7.48,0.34,0.48,38,42
PBAL6061-CX900T1/8S3/4,"3/4""",900,AL-6061,"1/8""",0.125,5.1,0.11,0.15,36,40
PB304-CX900T3/16S3/4,"3/4""",900,304,"3/16""",0.1875,5.55,0.51,0.71,39,43
PBSA36-CX900T3/16S3/4,"3/4""",900,SA-36,"3/16""",0.1875,1.87,0.48,0.67,36,40
PBSA516-70-CX900T3/16S3/4,"3/4""",900,SA-516-70,"3/16""",0.1875,2.18,0.48,0.67,36,40
PB304L-CX900T3/16S3/4,"3/4""",900,304L,"3/16""",0.1875,6.01,0.51,0.71,39,43
PB316L-CX900T3/16S3/4,"3/4""",900,316L,"3/16""",0.1875,7.48,0.51,0.71,40,44
PBAL6061-CX900T3/16S3/4,"3/4""",900,AL-6061,"3/16""",0.1875,5.1,0.17,0.24,36,40
PB304-CX900T1/4S3/4,"3/4""",900,304,"1/4""",0.25,5.55,0.67,0.94,40,44
PBSA36-CX900T1/4S3/4,"3/4""",900,SA-36,"1/4""",0.25,1.87,0.65,0.91,37,41
PBSA516-70-CX900T1/4S3/4,"3/4""",900,SA-516-70,"1/4""",0.25,2.18,0.65,0.91,37,41
PB304L-CX900T1/4S3/4,"3/4""",900,304L,"1/4""",0.25,6.01,0.67,0.94,40,44
PB316L-CX900T1/4S3/4,"3/4""",900,316L,"1/4""",0.25,7.48,0.68,0.95,42,47
PBAL6061-CX900T1/4S3/4,"3/4""",900,AL-6061,"1/4""",0.25,5.1,0.23,0.32,36,40
PB304-CX900T5/16S3/4,"3/4""",900,304,"5/16""",0.3125,5.55,0.84,1.18,41,46
PBSA36-CX900T5/16S3/4,"3/4""",900,SA-36,"5/16""",0.3125,1.87,0.81,1.13,37,41
PBSA516-70-CX900T5/16S3/4,"3/4""",900,SA-516-70,"5/16""",0.3125,2.18,0.81,1.13,37,41
PB304L-CX900T5/16S3/4,"3/4""",900,304L,"5/16""",0.3125,6.01,0.84,1.18,42,47
PB316L-CX900T5/16S3/4,"3/4""",900,316L,"5/16""",0.3125,7.48,0.85,1.19,44,49
PBAL6061-CX900T5/16S3/4,"3/4""",900,AL-6061,"5/16""",0.3125,5.1,0.28,0.39,37,41
PB304-CX900T3/8S3/4,"3/4""",900,304,"3/8""",0.375,5.55,1.01,1.41,43,48
PBSA36-CX900T3/8S3/4,"3/4""",900,SA-36,"3/8""",0.375,1.87,0.97,1.36,37,41
PBSA516-70-CX900T3/8S3/4,"3/4""",900,SA-516-70,"3/8""",0.375,2.18,0.97,1.36,38,42
PB304L-CX900T3/8S3/4,"3/4""",900,304L,"3/8""",0.375,6.01,1.01,1.41,43,48
PB316L-CX900T3/8S3/4,"3/4""",900,316L,"3/8""",0.375,7.48,1.02,1.43,46,51
PBAL6061-CX900T3/8S3/4,"3/4""",900,AL-6061,"3/8""",0.375,5.1,0.34,0.48,37,41
PB304-CX900T1/2S3/4,"3/4""",900,304,"1/2""",0.5,5.55,1.35,1.89,45,50
PBSA36-CX900T1/2S3/4,"3/4""",900,SA-36,"1/2""",0.5,1.87,1.29,1.81,38,42
PBSA516-70-CX900T1/2S3/4,"3/4""",900,SA-516-70,"1/2""",0.5,2.18,1.29,1.81,39,43
PB304L-CX900T1/2S3/4,"3/4""",900,304L,"1/2""",0.5,6.01,1.35,1.89,46,51
PB316L-CX900T1/2S3/4,"3/4""",900,316L,"1/2""",0.5,7.48,1.36,1.9,49,54
PBAL6061-CX900T1/2S3/4,"3/4""",900,AL-6061,"1/2""",0.5,5.1,0.45,0.63,38,42
PB304-CX900T5/8S3/4,"3/4""",900,304,"5/8""",0.625,5.55,1.69,2.37,48,53
PBSA36-CX900T5/8S3/4,"3/4""",900,SA-36,"5/8""",0.625,1.87,1.61,2.25,39,43
PBSA516-70-CX900T5/8S3/4,"3/4""",900,SA-516-70,"5/8""",0.625,2.18,1.61,2.25,40,44
PB304L-CX900T5/8S3/4,"3/4""",900,304L,"5/8""",0.625,6.01,1.69,2.37,49,54
PB316L-CX900T5/8S3/4,"3/4""",900,316L,"5/8""",0.625,7.48,1.7,2.38,53,59
PBAL6061-CX900T5/8S3/4,"3/4""",900,AL-6061,"5/8""",0.625,5.1,0.57,0.8,39,43
PB304-CX900T3/4S3/4,"3/4""",900,304,"3/4""",0.75,5.55,2.02,2.83,51,57
PBSA36-CX900T3/4S3/4,"3/4""",900,SA-36,"3/4""",0.75,1.87,1.94,2.72,40,44
PBSA516-70-CX900T3/4S3/4,"3/4""",900,SA-516-70,"3/4""",0.75,2.18,1.94,2.72,41,46
PB304L-CX900T3/4S3/4,"3/4""",900,304L,"3/4""",0.75,6.01,2.02,2.83,52,58
PB316L-CX900T3/4S3/4,"3/4""",900,316L,"3/4""",0.75,7.48,2.04,2.86,56,62
PBAL6061-CX900T3/4S3/4,"3/4""",900,AL-6061,"3/4""",0.75,5.1,0.68,0.95,40,44
PB304-CX900T7/8S3/4,"3/4""",900,304,"7/8""",0.875,5.55,2.36,3.3,53,59
PBSA36-CX900T7/8S3/4,"3/4""",900,SA-36,"7/8""",0.875,1.87,2.26,3.16,41,46
PBSA516-70-CX900T7/8S3/4,"3/4""",900,SA-516-70,"7/8""",0.875,2.18,2.26,3.16,42,47
PB304L-CX900T7/8S3/4,"3/4""",900,304L,"7/8""",0.875,6.01,2.36,3.3,55,61
PB316L-CX900T7/8S3/4,"3/4""",900,316L,"7/8""",0.875,7.48,2.39,3.35,60,66
PBAL6061-CX900T7/8S3/4,"3/4""",900,AL-6061,"7/8""",0.875,5.1,0.8,1.12,41,46
PB304-CX900T1S3/4,"3/4""",900,304,"1""",1,5.55,2.7,3.78,56,62
PBSA36-CX900T1S3/4,"3/4""",900,SA-36,"1""",1,1.87,2.58,3.61,42,47
PBSA516-70-CX900T1S3/4,"3/4""",900,SA-516-70,"1""",1,2.18,2.58,3.61,43,48
PB304L-CX900T1S3/4,"3/4""",900,304L,"1""",1,6.01,2.7,3.78,58,64
PB316L-CX900T1S3/4,"3/4""",900,316L,"1""",1,7.48,2.73,3.82,63,70
PBAL6061-CX900T1S3/4,"3/4""",900,AL-6061,"1""",1,5.1,0.91,1.27,41,46
PB304-CX900T1-1/8S3/4,"3/4""",900,304,"1-1/8""",1.125,5.55,3.03,4.24,58,64
PBSA36-CX900T1-1/8S3/4,"3/4""",900,SA-36,"1-1/8""",1.125,1.87,2.9,4.06,42,47
PBSA516-70-CX900T1-1/8S3/4,"3/4""",900,SA-516-70,"1-1/8""",1.125,2.18,2.9,4.06,44,49
PB304L-CX900T1-1/8S3/4,"3/4""",900,304L,"1-1/8""",1.125,6.01,3.03,4.24,60,66
PB316L-CX900T1-1/8S3/4,"3/4""",900,316L,"1-1/8""",1.125,7.48,3.07,4.3,67,74
PBAL6061-CX900T1-1/8S3/4,"3/4""",900,AL-6061,"1-1/8""",1.125,5.1,1.02,1.43,42,47
PB304-CX900T1-1/4S3/4,"3/4""",900,304,"1-1/4""",1.25,5.55,3.37,4.72,61,68
PBSA36-CX900T1-1/4S3/4,"3/4""",900,SA-36,"1-1/4""",1.25,1.87,3.23,4.52,43,48
PBSA516-70-CX900T1-1/4S3/4,"3/4""",900,SA-516-70,"1-1/4""",1.25,2.18,3.23,4.52,45,50
PB304L-CX900T1-1/4S3/4,"3/4""",900,304L,"1-1/4""",1.25,6.01,3.37,4.72,63,70
PB316L-CX900T1-1/4S3/4,"3/4""",900,316L,"1-1/4""",1.25,7.48,3.41,4.77,71,79
PBAL6061-CX900T1-1/4S3/4,"3/4""",900,AL-6061,"1-1/4""",1.25,5.1,1.14,1.6,43,48
PB304-CX900T1-3/8S3/4,"3/4""",900,304,"1-3/8""",1.375,5.55,3.71,5.19,64,71
PBSA36-CX900T1-3/8S3/4,"3/4""",900,SA-36,"1-3/8""",1.375,1.87,3.55,4.97,44,49
PBSA516-70-CX900T1-3/8S3/4,"3/4""",900,SA-516-70,"1-3/8""",1.375,2.18,3.55,4.97,46,51
PB304L-CX900T1-3/8S3/4,"3/4""",900,304L,"1-3/8""",1.375,6.01,3.71,5.19,66,73
PB316L-CX900T1-3/8S3/4,"3/4""",900,316L,"1-3/8""",1.375,7.48,3.75,5.25,74,82
PBAL6061-CX900T1-3/8S3/4,"3/4""",900,AL-6061,"1-3/8""",1.375,5.1,1.25,1.75,44,49
PB304-CX900T1-1/2S3/4,"3/4""",900,304,"1-1/2""",1.5,5.55,4.04,5.66,66,73
PBSA36-CX900T1-1/2S3/4,"3/4""",900,SA-36,"1-1/2""",1.5,1.87,3.87,5.42,45,50
PBSA516-70-CX900T1-1/2S3/4,"3/4""",900,SA-516-70,"1-1/2""",1.5,2.18,3.87,5.42,47,52
PB304L-CX900T1-1/2S3/4,"3/4""",900,304L,"1-1/2""",1.5,6.01,4.04,5.66,69,76
PB316L-CX900T1-1/2S3/4,"3/4""",900,316L,"1-1/2""",1.5,7.48,4.09,5.73,78,86
PBAL6061-CX900T1-1/2S3/4,"3/4""",900,AL-6061,"1-1/2""",1.5,5.1,1.36,1.9,45,50
PB304-CX900T1-5/8S3/4,"3/4""",900,304,"1-5/8""",1.625,5.55,4.38,6.13,69,76
PBSA36-CX900T1-5/8S3/4,"3/4""",900,SA-36,"1-5/8""",1.625,1.87,4.19,5.87,46,51
PBSA516-70-CX900T1-5/8S3/4,"3/4""",900,SA-516-70,"1-5/8""",1.625,2.18,4.19,5.87,48,53
PB304L-CX900T1-5/8S3/4,"3/4""",900,304L,"1-5/8""",1.625,6.01,4.38,6.13,72,80
PB316L-CX900T1-5/8S3/4,"3/4""",900,316L,"1-5/8""",1.625,7.48,4.43,6.2,81,90
PBAL6061-CX900T1-5/8S3/4,"3/4""",900,AL-6061,"1-5/8""",1.625,5.1,1.48,2.07,45,50
PB304-CX900T1-3/4S3/4,"3/4""",900,304,"1-3/4""",1.75,5.55,4.72,6.61,72,80
PBSA36-CX900T1-3/4S3/4,"3/4""",900,SA-36,"1-3/4""",1.75,1.87,4.52,6.33,47,52
PBSA516-70-CX900T1-3/4S3/4,"3/4""",900,SA-516-70,"1-3/4""",1.75,2.18,4.52,6.33,49,54
PB304L-CX900T1-3/4S3/4,"3/4""",900,304L,"1-3/4""",1.75,6.01,4.72,6.61,75,83
PB316L-CX900T1-3/4S3/4,"3/4""",900,316L,"1-3/4""",1.75,7.48,4.77,6.68,85,94
PBAL6061-CX900T1-3/4S3/4,"3/4""",900,AL-6061,"1-3/4""",1.75,5.1,1.59,2.23,46,51
PB304-CX900T1-7/8S3/4,"3/4""",900,304,"1-7/8""",1.875,5.55,5.06,7.08,74,82
PBSA36-CX900T1-7/8S3/4,"3/4""",900,SA-36,"1-7/8""",1.875,1.87,4.84,6.78,48,53
PBSA516-70-CX900T1-7/8S3/4,"3/4""",900,SA-516-70,"1-7/8""",1.875,2.18,4.84,6.78,50,56
PB304L-CX900T1-7/8S3/4,"3/4""",900,304L,"1-7/8""",1.875,6.01,5.06,7.08,77,85
PB316L-CX900T1-7/8S3/4,"3/4""",900,316L,"1-7/8""",1.875,7.48,5.11,7.15,88,97
PBAL6061-CX900T1-7/8S3/4,"3/4""",900,AL-6061,"1-7/8""",1.875,5.1,1.7,2.38,47,52
PB304-CX900T2S3/4,"3/4""",900,304,"2""",2,5.55,5.39,7.55,77,85
PBSA36-CX900T2S3/4,"3/4""",900,SA-36,"2""",2,1.87,5.16,7.22,48,53
PBSA516-70-CX900T2S3/4,"3/4""",900,SA-516-70,"2""",2,2.18,5.16,7.22,51,57
PB304L-CX900T2S3/4,"3/4""",900,304L,"2""",2,6.01,5.39,7.55,80,88
PB316L-CX900T2S3/4,"3/4""",900,316L,"2""",2,7.48,5.45,7.63,92,102
PBAL6061-CX900T2S3/4,"3/4""",900,AL-6061,"2""",2,5.1,1.82,2.55,48,53
PB304-CX900T2-1/4S3/4,"3/4""",900,304,"2-1/4""",2.25,5.55,6.07,8.5,82,91
PBSA36-CX900T2-1/4S3/4,"3/4""",900,SA-36,"2-1/4""",2.25,1.87,5.81,8.13,50,56
PBSA516-70-CX900T2-1/4S3/4,"3/4""",900,SA-516-70,"2-1/4""",2.25,2.18,5.81,8.13,53,59
PB304L-CX900T2-1/4S3/4,"3/4""",900,304L,"2-1/4""",2.25,6.01,6.07,8.5,86,95
PB316L-CX900T2-1/4S3/4,"3/4""",900,316L,"2-1/4""",2.25,7.48,6.13,8.58,99,109
PBAL6061-CX900T2-1/4S3/4,"3/4""",900,AL-6061,"2-1/4""",2.25,5.1,2.05,2.87,49,54
PB304-CX900T2-1/2S3/4,"3/4""",900,304,"2-1/2""",2.5,5.55,6.74,9.44,87,96
PBSA36-CX900T2-1/2S3/4,"3/4""",900,SA-36,"2-1/2""",2.5,1.87,6.45,9.03,52,58
PBSA516-70-CX900T2-1/2S3/4,"3/4""",900,SA-516-70,"2-1/2""",2.5,2.18,6.45,9.03,55,61
PB304L-CX900T2-1/2S3/4,"3/4""",900,304L,"2-1/2""",2.5,6.01,6.74,9.44,92,102
PB316L-CX900T2-1/2S3/4,"3/4""",900,316L,"2-1/2""",2.5,7.48,6.82,9.55,106,117
PBAL6061-CX900T2-1/2S3/4,"3/4""",900,AL-6061,"2-1/2""",2.5,5.1,2.27,3.18,51,57
PB304-CX900T3S3/4,"3/4""",900,304,"3""",3,5.55,8.09,11.33,98,108
PBSA36-CX900T3S3/4,"3/4""",900,SA-36,"3""",3,1.87,7.74,10.84,55,61
PBSA516-70-CX900T3S3/4,"3/4""",900,SA-516-70,"3""",3,2.18,7.74,10.84,58,64
PB304L-CX900T3S3/4,"3/4""",900,304L,"3""",3,6.01,8.09,11.33,103,114
PB316L-CX900T3S3/4,"3/4""",900,316L,"3""",3,7.48,8.18,11.45,120,132
PBAL6061-CX900T3S3/4,"3/4""",900,AL-6061,"3""",3,5.1,2.73,3.82,54,60
PB304-CX900T11GAS1,"1""",900,304,11 Gauge,0.1196,5.55,0.39,0.55,38,42
PBSA36-CX900T11GAS1,"1""",900,SA-36,11 Gauge,0.1196,1.87,0.38,0.53,36,40
PBSA516-70-CX900T11GAS1,"1""",900,SA-516-70,11 Gauge,0.1196,2.18,0.38,0.53,36,40
PB304L-CX900T11GAS1,"1""",900,304L,11 Gauge,0.1196,6.01,0.39,0.55,38,42
PB316L-CX900T11GAS1,"1""",900,316L,11 Gauge,0.1196,7.48,0.4,0.56,39,43
PBAL6061-CX900T11GAS1,"1""",900,AL-6061,11 Gauge,0.1196,5.1,0.13,0.18,36,40
PB304-CX900T1/8S1,"1""",900,304,"1/8""",0.125,5.55,0.41,0.57,38,42
PBSA36-CX900T1/8S1,"1""",900,SA-36,"1/8""",0.125,1.87,0.39,0.55,36,40
PBSA516-70-CX900T1/8S1,"1""",900,SA-516-70,"1/8""",0.125,2.18,0.39,0.55,36,40
PB304L-CX900T1/8S1,"1""",900,304L,"1/8""",0.125,6.01,0.41,0.57,38,42
PB316L-CX900T1/8S1,"1""",900,316L,"1/8""",0.125,7.48,0.41,0.57,39,43
PBAL6061-CX900T1/8S1,"1""",900,AL-6061,"1/8""",0.125,5.1,0.14,0.2,36,40
PB304-CX900T3/16S1,"1""",900,304,"3/16""",0.1875,5.55,0.61,0.85,40,44
PBSA36-CX900T3/16S1,"1""",900,SA-36,"3/16""",0.1875,1.87,0.59,0.83,36,40
PBSA516-70-CX900T3/16S1,"1""",900,SA-516-70,"3/16""",0.1875,2.18,0.59,0.83,37,41
PB304L-CX900T3/16S1,"1""",900,304L,"3/16""",0.1875,6.01,0.61,0.85,40,44
PB316L-CX900T3/16S1,"1""",900,316L,"3/16""",0.1875,7.48,0.62,0.87,41,46
PBAL6061-CX900T3/16S1,"1""",900,AL-6061,"3/16""",0.1875,5.1,0.21,0.29,36,40
PB304-CX900T1/4S1,"1""",900,304,"1/4""",0.25,5.55,0.82,1.15,41,46
PBSA36-CX900T1/4S1,"1""",900,SA-36,"1/4""",0.25,1.87,0.78,1.09,37,41
PBSA516-70-CX900T1/4S1,"1""",900,SA-516-70,"1/4""",0.25,2.18,0.78,1.09,37,41
PB304L-CX900T1/4S1,"1""",900,304L,"1/4""",0.25,6.01,0.82,1.15,42,47
PB316L-CX900T1/4S1,"1""",900,316L,"1/4""",0.25,7.48,0.83,1.16,44,49
PBAL6061-CX900T1/4S1,"1""",900,AL-6061,"1/4""",0.25,5.1,0.28,0.39,37,41
PB304-CX900T5/16S1,"1""",900,304,"5/16""",0.3125,5.55,1.02,1.43,43,48
PBSA36-CX900T5/16S1,"1""",900,SA-36,"5/16""",0.3125,1.87,0.98,1.37,37,41
PBSA516-70-CX900T5/16S1,"1""",900,SA-516-70,"5/16""",0.3125,2.18,0.98,1.37,38,42
PB304L-CX900T5/16S1,"1""",900,304L,"5/16""",0.3125,6.01,1.02,1.43,43,48
PB316L-CX900T5/16S1,"1""",900,316L,"5/16""",0.3125,7.48,1.04,1.46,46,51
PBAL6061-CX900T5/16S1,"1""",900,AL-6061,"5/16""",0.3125,5.1,0.35,0.49,37,41
PB304-CX900T3/8S1,"1""",900,304,"3/8""",0.375,5.55,1.23,1.72,44,49
PBSA36-CX900T3/8S1,"1""",900,SA-36,"3/8""",0.375,1.87,1.18,1.65,38,42
PBSA516-70-CX900T3/8S1,"1""",900,SA-516-70,"3/8""",0.375,2.18,1.18,1.65,38,42
PB304L-CX900T3/8S1,"1""",900,304L,"3/8""",0.375,6.01,1.23,1.72,45,50
PB316L-CX900T3/8S1,"1""",900,316L,"3/8""",0.375,7.48,1.24,1.74,48,53
PBAL6061-CX900T3/8S1,"1""",900,AL-6061,"3/8""",0.375,5.1,0.41,0.57,38,42
PB304-CX900T1/2S1,"1""",900,304,"1/2""",0.5,5.55,1.64,2.3,48,53
PBSA36-CX900T1/2S1,"1""",900,SA-36,"1/2""",0.5,1.87,1.57,2.2,39,43
PBSA516-70-CX900T1/2S1,"1""",900,SA-516-70,"1/2""",0.5,2.18,1.57,2.2,40,44
PB304L-CX900T1/2S1,"1""",900,304L,"1/2""",0.5,6.01,1.64,2.3,49,54
PB316L-CX900T1/2S1,"1""",900,316L,"1/2""",0.5,7.48,1.66,2.32,52,58
PBAL6061-CX900T1/2S1,"1""",900,AL-6061,"1/2""",0.5,5.1,0.55,0.77,39,43
PB304-CX900T5/8S1,"1""",900,304,"5/8""",0.625,5.55,2.05,2.87,51,57
PBSA36-CX900T5/8S1,"1""",900,SA-36,"5/8""",0.625,1.87,1.96,2.74,40,44
PBSA516-70-CX900T5/8S1,"1""",900,SA-516-70,"5/8""",0.625,2.18,1.96,2.74,41,46
PB304L-CX900T5/8S1,"1""",900,304L,"5/8""",0.625,6.01,2.05,2.87,52,58
PB316L-CX900T5/8S1,"1""",900,316L,"5/8""",0.625,7.48,2.07,2.9,57,63
PBAL6061-CX900T5/8S1,"1""",900,AL-6061,"5/8""",0.625,5.1,0.69,0.97,40,44
PB304-CX900T3/4S1,"1""",900,304,"3/4""",0.75,5.55,2.46,3.44,54,60
PBSA36-CX900T3/4S1,"1""",900,SA-36,"3/4""",0.75,1.87,2.35,3.29,41,46
PBSA516-70-CX900T3/4S1,"1""",900,SA-516-70,"3/4""",0.75,2.18,2.35,3.29,42,47
PB304L-CX900T3/4S1,"1""",900,304L,"3/4""",0.75,6.01,2.46,3.44,56,62
PB316L-CX900T3/4S1,"1""",900,316L,"3/4""",0.75,7.48,2.49,3.49,61,68
PBAL6061-CX900T3/4S1,"1""",900,AL-6061,"3/4""",0.75,5.1,0.83,1.16,41,46
PB304-CX900T7/8S1,"1""",900,304,"7/8""",0.875,5.55,2.87,4.02,57,63
PBSA36-CX900T7/8S1,"1""",900,SA-36,"7/8""",0.875,1.87,2.75,3.85,42,47
PBSA516-70-CX900T7/8S1,"1""",900,SA-516-70,"7/8""",0.875,2.18,2.75,3.85,43,48
PB304L-CX900T7/8S1,"1""",900,304L,"7/8""",0.875,6.01,2.87,4.02,59,65
PB316L-CX900T7/8S1,"1""",900,316L,"7/8""",0.875,7.48,2.9,4.06,65,72
PBAL6061-CX900T7/8S1,"1""",900,AL-6061,"7/8""",0.875,5.1,0.97,1.36,42,47
PB304-CX900T1S1,"1""",900,304,"1""",1,5.55,3.28,4.59,60,66
PBSA36-CX900T1S1,"1""",900,SA-36,"1""",1,1.87,3.14,4.4,43,48
PBSA516-70-CX900T1S1,"1""",900,SA-516-70,"1""",1,2.18,3.14,4.4,44,49
PB304L-CX900T1S1,"1""",900,304L,"1""",1,6.01,3.28,4.59,62,69
PB316L-CX900T1S1,"1""",900,316L,"1""",1,7.48,3.32,4.65,70,77
PBAL6061-CX900T1S1,"1""",900,AL-6061,"1""",1,5.1,1.11,1.55,43,48
PB304-CX900T1-1/8S1,"1""",900,304,"1-1/8""",1.125,5.55,3.69,5.17,64,71
PBSA36-CX900T1-1/8S1,"1""",900,SA-36,"1-1/8""",1.125,1.87,3.53,4.94,44,49
PBSA516-70-CX900T1-1/8S1,"1""",900,SA-516-70,"1-1/8""",1.125,2.18,3.53,4.94,46,51
PB304L-CX900T1-1/8S1,"1""",900,304L,"1-1/8""",1.125,6.01,3.69,5.17,66,73
PB316L-CX900T1-1/8S1,"1""",900,316L,"1-1/8""",1.125,7.48,3.73,5.22,74,82
PBAL6061-CX900T1-1/8S1,"1""",900,AL-6061,"1-1/8""",1.125,5.1,1.24,1.74,44,49
PB304-CX900T1-1/4S1,"1""",900,304,"1-1/4""",1.25,5.55,4.1,5.74,67,74
PBSA36-CX900T1-1/4S1,"1""",900,SA-36,"1-1/4""",1.25,1.87,3.92,5.49,45,50
PBSA516-70-CX900T1-1/4S1,"1""",900,SA-516-70,"1-1/4""",1.25,2.18,3.92,5.49,47,52
PB304L-CX900T1-1/4S1,"1""",900,304L,"1-1/4""",1.25,6.01,4.1,5.74,69,76
PB316L-CX900T1-1/4S1,"1""",900,316L,"1-1/4""",1.25,7.48,4.15,5.81,78,86
PBAL6061-CX900T1-1/4S1,"1""",900,AL-6061,"1-1/4""",1.25,5.1,1.38,1.93,45,50
PB304-CX900T1-3/8S1,"1""",900,304,"1-3/8""",1.375,5.55,4.51,6.31,70,77
PBSA36-CX900T1-3/8S1,"1""",900,SA-36,"1-3/8""",1.375,1.87,4.32,6.05,46,51
PBSA516-70-CX900T1-3/8S1,"1""",900,SA-516-70,"1-3/8""",1.375,2.18,4.32,6.05,48,53
PB304L-CX900T1-3/8S1,"1""",900,304L,"1-3/8""",1.375,6.01,4.51,6.31,73,81
PB316L-CX900T1-3/8S1,"1""",900,316L,"1-3/8""",1.375,7.48,4.56,6.38,83,92
PBAL6061-CX900T1-3/8S1,"1""",900,AL-6061,"1-3/8""",1.375,5.1,1.52,2.13,46,51
PB304-CX900T1-1/2S1,"1""",900,304,"1-1/2""",1.5,5.55,4.92,6.89,73,81
PBSA36-CX900T1-1/2S1,"1""",900,SA-36,"1-1/2""",1.5,1.87,4.71,6.59,47,52
PBSA516-70-CX900T1-1/2S1,"1""",900,SA-516-70,"1-1/2""",1.5,2.18,4.71,6.59,49,54
PB304L-CX900T1-1/2S1,"1""",900,304L,"1-1/2""",1.5,6.01,4.92,6.89,76,84
PB316L-CX900T1-1/2S1,"1""",900,316L,"1-1/2""",1.5,7.48,4.98,6.97,87,96
PBAL6061-CX900T1-1/2S1,"1""",900,AL-6061,"1-1/2""",1.5,5.1,1.66,2.32,47,52
PB304-CX900T1-5/8S1,"1""",900,304,"1-5/8""",1.625,5.55,5.33,7.46,76,84
PBSA36-CX900T1-5/8S1,"1""",900,SA-36,"1-5/8""",1.625,1.87,5.1,7.14,48,53
PBSA516-70-CX900T1-5/8S1,"1""",900,SA-516-70,"1-5/8""",1.625,2.18,5.1,7.14,50,56
PB304L-CX900T1-5/8S1,"1""",900,304L,"1-5/8""",1.625,6.01,5.33,7.46,80,88
PB316L-CX900T1-5/8S1,"1""",900,316L,"1-5/8""",1.625,7.48,5.39,7.55,91,101
PBAL6061-CX900T1-5/8S1,"1""",900,AL-6061,"1-5/8""",1.625,5.1,1.8,2.52,48,53
PB304-CX900T1-3/4S1,"1""",900,304,"1-3/4""",1.75,5.55,5.74,8.04,79,87
PBSA36-CX900T1-3/4S1,"1""",900,SA-36,"1-3/4""",1.75,1.87,5.49,7.69,49,54
PBSA516-70-CX900T1-3/4S1,"1""",900,SA-516-70,"1-3/4""",1.75,2.18,5.49,7.69,52,58
PB304L-CX900T1-3/4S1,"1""",900,304L,"1-3/4""",1.75,6.01,5.74,8.04,83,92
PB316L-CX900T1-3/4S1,"1""",900,316L,"1-3/4""",1.75,7.48,5.8,8.12,96,106
PBAL6061-CX900T1-3/4S1,"1""",900,AL-6061,"1-3/4""",1.75,5.1,1.94,2.72,49,54
PB304-CX900T1-7/8S1,"1""",900,304,"1-7/8""",1.875,5.55,6.15,8.61,83,92
PBSA36-CX900T1-7/8S1,"1""",900,SA-36,"1-7/8""",1.875,1.87,5.89,8.25,50,56
PBSA516-70-CX900T1-7/8S1,"1""",900,SA-516-70,"1-7/8""",1.875,2.18,5.89,8.25,53,59
PB304L-CX900T1-7/8S1,"1""",900,304L,"1-7/8""",1.875,6.01,6.15,8.61,87,96
PB316L-CX900T1-7/8S1,"1""",900,316L,"1-7/8""",1.875,7.48,6.22,8.71,100,111
PBAL6061-CX900T1-7/8S1,"1""",900,AL-6061,"1-7/8""",1.875,5.1,2.07,2.9,50,56
PB304-CX900T2S1,"1""",900,304,"2""",2,5.55,6.56,9.18,86,95
PBSA36-CX900T2S1,"1""",900,SA-36,"2""",2,1.87,6.28,8.79,51,57
PBSA516-70-CX900T2S1,"1""",900,SA-516-70,"2""",2,2.18,6.28,8.79,54,60
PB304L-CX900T2S1,"1""",900,304L,"2""",2,6.01,6.56,9.18,90,100
PB316L-CX900T2S1,"1""",900,316L,"2""",2,7.48,6.63,9.28,104,115
PBAL6061-CX900T2S1,"1""",900,AL-6061,"2""",2,5.1,2.21,3.09,51,57
PB304-CX900T2-1/4S1,"1""",900,304,"2-1/4""",2.25,5.55,7.38,10.33,92,102
PBSA36-CX900T2-1/4S1,"1""",900,SA-36,"2-1/4""",2.25,1.87,7.06,9.88,53,59
PBSA516-70-CX900T2-1/4S1,"1""",900,SA-516-70,"2-1/4""",2.25,2.18,7.06,9.88,56,62
PB304L-CX900T2-1/4S1,"1""",900,304L,"2-1/4""",2.25,6.01,7.38,10.33,97,107
PB316L-CX900T2-1/4S1,"1""",900,316L,"2-1/4""",2.25,7.48,7.46,10.44,113,125
PBAL6061-CX900T2-1/4S1,"1""",900,AL-6061,"2-1/4""",2.25,5.1,2.49,3.49,53,59
PB304-CX900T2-1/2S1,"1""",900,304,"2-1/2""",2.5,5.55,8.2,11.48,99,109
PBSA36-CX900T2-1/2S1,"1""",900,SA-36,"2-1/2""",2.5,1.87,7.85,10.99,55,61
PBSA516-70-CX900T2-1/2S1,"1""",900,SA-516-70,"2-1/2""",2.5,2.18,7.85,10.99,59,65
PB304L-CX900T2-1/2S1,"1""",900,304L,"2-1/2""",2.5,6.01,8.2,11.48,104,115
PB316L-CX900T2-1/2S1,"1""",900,316L,"2-1/2""",2.5,7.48,8.29,11.61,122,135
PBAL6061-CX900T2-1/2S1,"1""",900,AL-6061,"2-1/2""",2.5,5.1,2.77,3.88,55,61
PB304-CX900T3S1,"1""",900,304,"3""",3,5.55,9.84,13.78,111,123
PBSA36-CX900T3S1,"1""",900,SA-36,"3""",3,1.87,9.42,13.19,60,66
PBSA516-70-CX900T3S1,"1""",900,SA-516-70,"3""",3,2.18,9.42,13.19,64,71
PB304L-CX900T3S1,"1""",900,304L,"3""",3,6.01,9.84,13.78,118,130
PB316L-CX900T3S1,"1""",900,316L,"3""",3,7.48,9.95,13.93,139,153
PBAL6061-CX900T3S1,"1""",900,AL-6061,"3""",3,5.1,3.32,4.65,59,65
PB304-CX900T11GAS1-1/4,"1-1/4""",900,304,11 Gauge,0.1196,5.55,0.47,0.66,39,43
PBSA36-CX900T11GAS1-1/4,"1-1/4""",900,SA-36,11 Gauge,0.1196,1.87,0.45,0.63,36,40
PBSA516-70-CX900T11GAS1-1/4,"1-1/4""",900,SA-516-70,11 Gauge,0.1196,2.18,0.45,0.63,36,40
PB304L-CX900T11GAS1-1/4,"1-1/4""",900,304L,11 Gauge,0.1196,6.01,0.47,0.66,39,43
PB316L-CX900T11GAS1-1/4,"1-1/4""",900,316L,11 Gauge,0.1196,7.48,0.47,0.66,40,44
PBAL6061-CX900T11GAS1-1/4,"1-1/4""",900,AL-6061,11 Gauge,0.1196,5.1,0.16,0.22,36,40
PB304-CX900T1/8S1-1/4,"1-1/4""",900,304,"1/8""",0.125,5.55,0.49,0.69,39,43
PBSA36-CX900T1/8S1-1/4,"1-1/4""",900,SA-36,"1/8""",0.125,1.87,0.47,0.66,36,40
PBSA516-70-CX900T1/8S1-1/4,"1-1/4""",900,SA-516-70,"1/8""",0.125,2.18,0.47,0.66,36,40
PB304L-CX900T1/8S1-1/4,"1-1/4""",900,304L,"1/8""",0.125,6.01,0.49,0.69,39,43
PB316L-CX900T1/8S1-1/4,"1-1/4""",900,316L,"1/8""",0.125,7.48,0.49,0.69,40,44
PBAL6061-CX900T1/8S1-1/4,"1-1/4""",900,AL-6061,"1/8""",0.125,5.1,0.16,0.22,36,40
PB304-CX900T3/16S1-1/4,"1-1/4""",900,304,"3/16""",0.1875,5.55,0.73,1.02,41,46
PBSA36-CX900T3/16S1-1/4,"1-1/4""",900,SA-36,"3/16""",0.1875,1.87,0.7,0.98,37,41
PBSA516-70-CX900T3/16S1-1/4,"1-1/4""",900,SA-516-70,"3/16""",0.1875,2.18,0.7,0.98,37,41
PB304L-CX900T3/16S1-1/4,"1-1/4""",900,304L,"3/16""",0.1875,6.01,0.73,1.02,41,46
PB316L-CX900T3/16S1-1/4,"1-1/4""",900,316L,"3/16""",0.1875,7.48,0.74,1.04,43,48
PBAL6061-CX900T3/16S1-1/4,"1-1/4""",900,AL-6061,"3/16""",0.1875,5.1,0.25,0.35,37,41
PB304-CX900T1/4S1-1/4,"1-1/4""",900,304,"1/4""",0.25,5.55,0.97,1.36,42,47
PBSA36-CX900T1/4S1-1/4,"1-1/4""",900,SA-36,"1/4""",0.25,1.87,0.93,1.3,37,41
PBSA516-70-CX900T1/4S1-1/4,"1-1/4""",900,SA-516-70,"1/4""",0.25,2.18,0.93,1.3,38,42
PB304L-CX900T1/4S1-1/4,"1-1/4""",900,304L,"1/4""",0.25,6.01,0.97,1.36,43,48
PB316L-CX900T1/4S1-1/4,"1-1/4""",900,316L,"1/4""",0.25,7.48,0.98,1.37,45,50
PBAL6061-CX900T1/4S1-1/4,"1-1/4""",900,AL-6061,"1/4""",0.25,5.1,0.33,0.46,37,41
PB304-CX900T5/16S1-1/4,"1-1/4""",900,304,"5/16""",0.3125,5.55,1.22,1.71,44,49
PBSA36-CX900T5/16S1-1/4,"1-1/4""",900,SA-36,"5/16""",0.3125,1.87,1.16,1.62,38,42
PBSA516-70-CX900T5/16S1-1/4,"1-1/4""",900,SA-516-70,"5/16""",0.3125,2.18,1.16,1.62,38,42
PB304L-CX900T5/16S1-1/4,"1-1/4""",900,304L,"5/16""",0.3125,6.01,1.22,1.71,45,50
PB316L-CX900T5/16S1-1/4,"1-1/4""",900,316L,"5/16""",0.3125,7.48,1.23,1.72,48,53
PBAL6061-CX900T5/16S1-1/4,"1-1/4""",900,AL-6061,"5/16""",0.3125,5.1,0.41,0.57,38,42
PB304-CX900T3/8S1-1/4,"1-1/4""",900,304,"3/8""",0.375,5.55,1.46,2.04,46,51
PBSA36-CX900T3/8S1-1/4,"1-1/4""",900,SA-36,"3/8""",0.375,1.87,1.4,1.96,39,43
PBSA516-70-CX900T3/8S1-1/4,"1-1/4""",900,SA-516-70,"3/8""",0.375,2.18,1.4,1.96,39,43
PB304L-CX900T3/8S1-1/4,"1-1/4""",900,304L,"3/8""",0.375,6.01,1.46,2.04,47,52
PB316L-CX900T3/8S1-1/4,"1-1/4""",900,316L,"3/8""",0.375,7.48,1.48,2.07,50,56
PBAL6061-CX900T3/8S1-1/4,"1-1/4""",900,AL-6061,"3/8""",0.375,5.1,0.49,0.69,38,42
PB304-CX900T1/2S1-1/4,"1-1/4""",900,304,"1/2""",0.5,5.55,1.95,2.73,50,56
PBSA36-CX900T1/2S1-1/4,"1-1/4""",900,SA-36,"1/2""",0.5,1.87,1.86,2.6,40,44
PBSA516-70-CX900T1/2S1-1/4,"1-1/4""",900,SA-516-70,"1/2""",0.5,2.18,1.86,2.6,41,46
PB304L-CX900T1/2S1-1/4,"1-1/4""",900,304L,"1/2""",0.5,6.01,1.95,2.73,51,57
PB316L-CX900T1/2S1-1/4,"1-1/4""",900,316L,"1/2""",0.5,7.48,1.97,2.76,55,61
PBAL6061-CX900T1/2S1-1/4,"1-1/4""",900,AL-6061,"1/2""",0.5,5.1,0.66,0.92,40,44
PB304-CX900T5/8S1-1/4,"1-1/4""",900,304,"5/8""",0.625,5.55,2.43,3.4,54,60
PBSA36-CX900T5/8S1-1/4,"1-1/4""",900,SA-36,"5/8""",0.625,1.87,2.33,3.26,41,46
PBSA516-70-CX900T5/8S1-1/4,"1-1/4""",900,SA-516-70,"5/8""",0.625,2.18,2.33,3.26,42,47
PB304L-CX900T5/8S1-1/4,"1-1/4""",900,304L,"5/8""",0.625,6.01,2.43,3.4,55,61
PB316L-CX900T5/8S1-1/4,"1-1/4""",900,316L,"5/8""",0.625,7.48,2.46,3.44,61,68
PBAL6061-CX900T5/8S1-1/4,"1-1/4""",900,AL-6061,"5/8""",0.625,5.1,0.82,1.15,41,46
PB304-CX900T3/4S1-1/4,"1-1/4""",900,304,"3/4""",0.75,5.55,2.92,4.09,58,64
PBSA36-CX900T3/4S1-1/4,"1-1/4""",900,SA-36,"3/4""",0.75,1.87,2.79,3.91,42,47
PBSA516-70-CX900T3/4S1-1/4,"1-1/4""",900,SA-516-70,"3/4""",0.75,2.18,2.79,3.91,43,48
PB304L-CX900T3/4S1-1/4,"1-1/4""",900,304L,"3/4""",0.75,6.01,2.92,4.09,59,65
PB316L-CX900T3/4S1-1/4,"1-1/4""",900,316L,"3/4""",0.75,7.48,2.95,4.13,66,73
PBAL6061-CX900T3/4S1-1/4,"1-1/4""",900,AL-6061,"3/4""",0.75,5.1,0.98,1.37,42,47
PB304-CX900T7/8S1-1/4,"1-1/4""",900,304,"7/8""",0.875,5.55,3.41,4.77,61,68
PBSA36-CX900T7/8S1-1/4,"1-1/4""",900,SA-36,"7/8""",0.875,1.87,3.26,4.56,43,48
PBSA516-70-CX900T7/8S1-1/4,"1-1/4""",900,SA-516-70,"7/8""",0.875,2.18,3.26,4.56,45,50
PB304L-CX900T7/8S1-1/4,"1-1/4""",900,304L,"7/8""",0.875,6.01,3.41,4.77,64,71
PB316L-CX900T7/8S1-1/4,"1-1/4""",900,316L,"7/8""",0.875,7.48,3.44,4.82,71,79
PBAL6061-CX900T7/8S1-1/4,"1-1/4""",900,AL-6061,"7/8""",0.875,5.1,1.15,1.61,43,48
PB304-CX900T1S1-1/4,"1-1/4""",900,304,"1""",1,5.55,3.89,5.45,65,72
PBSA36-CX900T1S1-1/4,"1-1/4""",900,SA-36,"1""",1,1.87,3.73,5.22,45,50
PBSA516-70-CX900T1S1-1/4,"1-1/4""",900,SA-516-70,"1""",1,2.18,3.73,5.22,46,51
PB304L-CX900T1S1-1/4,"1-1/4""",900,304L,"1""",1,6.01,3.89,5.45,68,75
PB316L-CX900T1S1-1/4,"1-1/4""",900,316L,"1""",1,7.48,3.94,5.52,76,84
PBAL6061-CX900T1S1-1/4,"1-1/4""",900,AL-6061,"1""",1,5.1,1.31,1.83,44,49
PB304-CX900T1-1/8S1-1/4,"1-1/4""",900,304,"1-1/8""",1.125,5.55,4.38,6.13,69,76
PBSA36-CX900T1-1/8S1-1/4,"1-1/4""",900,SA-36,"1-1/8""",1.125,1.87,4.19,5.87,46,51
PBSA516-70-CX900T1-1/8S1-1/4,"1-1/4""",900,SA-516-70,"1-1/8""",1.125,2.18,4.19,5.87,48,53
PB304L-CX900T1-1/8S1-1/4,"1-1/4""",900,304L,"1-1/8""",1.125,6.01,4.38,6.13,72,80
PB316L-CX900T1-1/8S1-1/4,"1-1/4""",900,316L,"1-1/8""",1.125,7.48,4.43,6.2,81,90
PBAL6061-CX900T1-1/8S1-1/4,"1-1/4""",900,AL-6061,"1-1/8""",1.125,5.1,1.48,2.07,45,50
PB304-CX900T1-1/4S1-1/4,"1-1/4""",900,304,"1-1/4""",1.25,5.55,4.87,6.82,73,81
PBSA36-CX900T1-1/4S1-1/4,"1-1/4""",900,SA-36,"1-1/4""",1.25,1.87,4.66,6.52,47,52
PBSA516-70-CX900T1-1/4S1-1/4,"1-1/4""",900,SA-516-70,"1-1/4""",1.25,2.18,4.66,6.52,49,54
PB304L-CX900T1-1/4S1-1/4,"1-1/4""",900,304L,"1-1/4""",1.25,6.01,4.87,6.82,76,84
PB316L-CX900T1-1/4S1-1/4,"1-1/4""",900,316L,"1-1/4""",1.25,7.48,4.92,6.89,86,95
PBAL6061-CX900T1-1/4S1-1/4,"1-1/4""",900,AL-6061,"1-1/4""",1.25,5.1,1.64,2.3,47,52
PB304-CX900T1-3/8S1-1/4,"1-1/4""",900,304,"1-3/8""",1.375,5.55,5.35,7.49,76,84
PBSA36-CX900T1-3/8S1-1/4,"1-1/4""",900,SA-36,"1-3/8""",1.375,1.87,5.12,7.17,48,53
PBSA516-70-CX900T1-3/8S1-1/4,"1-1/4""",900,SA-516-70,"1-3/8""",1.375,2.18,5.12,7.17,50,56
PB304L-CX900T1-3/8S1-1/4,"1-1/4""",900,304L,"1-3/8""",1.375,6.01,5.35,7.49,80,88
PB316L-CX900T1-3/8S1-1/4,"1-1/4""",900,316L,"1-3/8""",1.375,7.48,5.41,7.57,91,101
PBAL6061-CX900T1-3/8S1-1/4,"1-1/4""",900,AL-6061,"1-3/8""",1.375,5.1,1.81,2.53,48,53
PB304-CX900T1-1/2S1-1/4,"1-1/4""",900,304,"1-1/2""",1.5,5.55,5.84,8.18,80,88
PBSA36-CX900T1-1/2S1-1/4,"1-1/4""",900,SA-36,"1-1/2""",1.5,1.87,5.59,7.83,49,54
PBSA516-70-CX900T1-1/2S1-1/4,"1-1/4""",900,SA-516-70,"1-1/2""",1.5,2.18,5.59,7.83,52,58
PB304L-CX900T1-1/2S1-1/4,"1-1/4""",900,304L,"1-1/2""",1.5,6.01,5.84,8.18,84,93
PB316L-CX900T1-1/2S1-1/4,"1-1/4""",900,316L,"1-1/2""",1.5,7.48,5.91,8.27,97,107
PBAL6061-CX900T1-1/2S1-1/4,"1-1/4""",900,AL-6061,"1-1/2""",1.5,5.1,1.97,2.76,49,54
PB304-CX900T1-5/8S1-1/4,"1-1/4""",900,304,"1-5/8""",1.625,5.55,6.33,8.86,84,93
PBSA36-CX900T1-5/8S1-1/4,"1-1/4""",900,SA-36,"1-5/8""",1.625,1.87,6.06,8.48,51,57
PBSA516-70-CX900T1-5/8S1-1/4,"1-1/4""",900,SA-516-70,"1-5/8""",1.625,2.18,6.06,8.48,53,59
PB304L-CX900T1-5/8S1-1/4,"1-1/4""",900,304L,"1-5/8""",1.625,6.01,6.33,8.86,88,97
PB316L-CX900T1-5/8S1-1/4,"1-1/4""",900,316L,"1-5/8""",1.625,7.48,6.4,8.96,102,113
PBAL6061-CX900T1-5/8S1-1/4,"1-1/4""",900,AL-6061,"1-5/8""",1.625,5.1,2.13,2.98,50,56
PB304-CX900T1-3/4S1-1/4,"1-1/4""",900,304,"1-3/4""",1.75,5.55,6.81,9.53,88,97
PBSA36-CX900T1-3/4S1-1/4,"1-1/4""",900,SA-36,"1-3/4""",1.75,1.87,6.52,9.13,52,58
PBSA516-70-CX900T1-3/4S1-1/4,"1-1/4""",900,SA-516-70,"1-3/4""",1.75,2.18,6.52,9.13,55,61
PB304L-CX900T1-3/4S1-1/4,"1-1/4""",900,304L,"1-3/4""",1.75,6.01,6.81,9.53,92,102
PB316L-CX900T1-3/4S1-1/4,"1-1/4""",900,316L,"1-3/4""",1.75,7.48,6.89,9.65,107,118
PBAL6061-CX900T1-3/4S1-1/4,"1-1/4""",900,AL-6061,"1-3/4""",1.75,5.1,2.3,3.22,51,57
PB304-CX900T1-7/8S1-1/4,"1-1/4""",900,304,"1-7/8""",1.875,5.55,7.3,10.22,92,102
PBSA36-CX900T1-7/8S1-1/4,"1-1/4""",900,SA-36,"1-7/8""",1.875,1.87,6.99,9.79,53,59
PBSA516-70-CX900T1-7/8S1-1/4,"1-1/4""",900,SA-516-70,"1-7/8""",1.875,2.18,6.99,9.79,56,62
PB304L-CX900T1-7/8S1-1/4,"1-1/4""",900,304L,"1-7/8""",1.875,6.01,7.3,10.22,96,106
PB316L-CX900T1-7/8S1-1/4,"1-1/4""",900,316L,"1-7/8""",1.875,7.48,7.38,10.33,112,124
PBAL6061-CX900T1-7/8S1-1/4,"1-1/4""",900,AL-6061,"1-7/8""",1.875,5.1,2.46,3.44,52,58
PB304-CX900T2S1-1/4,"1-1/4""",900,304,"2""",2,5.55,7.79,10.91,95,105
PBSA36-CX900T2S1-1/4,"1-1/4""",900,SA-36,"2""",2,1.87,7.45,10.43,54,60
PBSA516-70-CX900T2S1-1/4,"1-1/4""",900,SA-516-70,"2""",2,2.18,7.45,10.43,58,64
PB304L-CX900T2S1-1/4,"1-1/4""",900,304L,"2""",2,6.01,7.79,10.91,100,111
PB316L-CX900T2S1-1/4,"1-1/4""",900,316L,"2""",2,7.48,7.87,11.02,117,129
PBAL6061-CX900T2S1-1/4,"1-1/4""",900,AL-6061,"2""",2,5.1,2.63,3.68,54,60
PB304-CX900T2-1/4S1-1/4,"1-1/4""",900,304,"2-1/4""",2.25,5.55,8.76,12.26,103,114
PBSA36-CX900T2-1/4S1-1/4,"1-1/4""",900,SA-36,"2-1/4""",2.25,1.87,8.38,11.73,57,63
PBSA516-70-CX900T2-1/4S1-1/4,"1-1/4""",900,SA-516-70,"2-1/4""",2.25,2.18,8.38,11.73,60,66
PB304L-CX900T2-1/4S1-1/4,"1-1/4""",900,304L,"2-1/4""",2.25,6.01,8.76,12.26,109,120
PB316L-CX900T2-1/4S1-1/4,"1-1/4""",900,316L,"2-1/4""",2.25,7.48,8.86,12.4,128,141
PBAL6061-CX900T2-1/4S1-1/4,"1-1/4""",900,AL-6061,"2-1/4""",2.25,5.1,2.95,4.13,56,62
PB304-CX900T2-1/2S1-1/4,"1-1/4""",900,304,"2-1/2""",2.5,5.55,9.73,13.62,110,122
PBSA36-CX900T2-1/2S1-1/4,"1-1/4""",900,SA-36,"2-1/2""",2.5,1.87,9.32,13.05,59,65
PBSA516-70-CX900T2-1/2S1-1/4,"1-1/4""",900,SA-516-70,"2-1/2""",2.5,2.18,9.32,13.05,63,70
PB304L-CX900T2-1/2S1-1/4,"1-1/4""",900,304L,"2-1/2""",2.5,6.01,9.73,13.62,117,129
PB316L-CX900T2-1/2S1-1/4,"1-1/4""",900,316L,"2-1/2""",2.5,7.48,9.84,13.78,138,152
PBAL6061-CX900T2-1/2S1-1/4,"1-1/4""",900,AL-6061,"2-1/2""",2.5,5.1,3.28,4.59,58,64
PB304-CX900T3S1-1/4,"1-1/4""",900,304,"3""",3,5.55,11.68,16.35,126,139
PBSA36-CX900T3S1-1/4,"1-1/4""",900,SA-36,"3""",3,1.87,11.18,15.65,64,71
PBSA516-70-CX900T3S1-1/4,"1-1/4""",900,SA-516-70,"3""",3,2.18,11.18,15.65,69,76
PB304L-CX900T3S1-1/4,"1-1/4""",900,304L,"3""",3,6.01,11.68,16.35,133,147
PB316L-CX900T3S1-1/4,"1-1/4""",900,316L,"3""",3,7.48,11.81,16.53,158,174
PBAL6061-CX900T3S1-1/4,"1-1/4""",900,AL-6061,"3""",3,5.1,3.94,5.52,63,70
PB304-CX900T11GAS1-1/2,"1-1/2""",900,304,11 Gauge,0.1196,5.55,0.55,0.77,39,43
PBSA36-CX900T11GAS1-1/2,"1-1/2""",900,SA-36,11 Gauge,0.1196,1.87,0.53,0.74,36,40
PBSA516-70-CX900T11GAS1-1/2,"1-1/2""",900,SA-516-70,11 Gauge,0.1196,2.18,0.53,0.74,36,40
PB304L-CX900T11GAS1-1/2,"1-1/2""",900,304L,11 Gauge,0.1196,6.01,0.55,0.77,39,43
PB316L-CX900T11GAS1-1/2,"1-1/2""",900,316L,11 Gauge,0.1196,7.48,0.56,0.78,41,46
PBAL6061-CX900T11GAS1-1/2,"1-1/2""",900,AL-6061,11 Gauge,0.1196,5.1,0.19,0.27,36,40
PB304-CX900T1/8S1-1/2,"1-1/2""",900,304,"1/8""",0.125,5.55,0.58,0.81,39,43
PBSA36-CX900T1/8S1-1/2,"1-1/2""",900,SA-36,"1/8""",0.125,1.87,0.55,0.77,36,40
PBSA516-70-CX900T1/8S1-1/2,"1-1/2""",900,SA-516-70,"1/8""",0.125,2.18,0.55,0.77,37,41
PB304L-CX900T1/8S1-1/2,"1-1/2""",900,304L,"1/8""",0.125,6.01,0.58,0.81,40,44
PB316L-CX900T1/8S1-1/2,"1-1/2""",900,316L,"1/8""",0.125,7.48,0.58,0.81,41,46
PBAL6061-CX900T1/8S1-1/2,"1-1/2""",900,AL-6061,"1/8""",0.125,5.1,0.19,0.27,36,40
PB304-CX900T3/16S1-1/2,"1-1/2""",900,304,"3/16""",0.1875,5.55,0.87,1.22,42,47
PBSA36-CX900T3/16S1-1/2,"1-1/2""",900,SA-36,"3/16""",0.1875,1.87,0.83,1.16,37,41
PBSA516-70-CX900T3/16S1-1/2,"1-1/2""",900,SA-516-70,"3/16""",0.1875,2.18,0.83,1.16,37,41
PB304L-CX900T3/16S1-1/2,"1-1/2""",900,304L,"3/16""",0.1875,6.01,0.87,1.22,42,47
PB316L-CX900T3/16S1-1/2,"1-1/2""",900,316L,"3/16""",0.1875,7.48,0.88,1.23,44,49
PBAL6061-CX900T3/16S1-1/2,"1-1/2""",900,AL-6061,"3/16""",0.1875,5.1,0.29,0.41,37,41
PB304-CX900T1/4S1-1/2,"1-1/2""",900,304,"1/4""",0.25,5.55,1.15,1.61,44,49
PBSA36-CX900T1/4S1-1/2,"1-1/2""",900,SA-36,"1/4""",0.25,1.87,1.1,1.54,38,42
PBSA516-70-CX900T1/4S1-1/2,"1-1/2""",900,SA-516-70,"1/4""",0.25,2.18,1.1,1.54,38,42
PB304L-CX900T1/4S1-1/2,"1-1/2""",900,304L,"1/4""",0.25,6.01,1.15,1.61,45,50
PB316L-CX900T1/4S1-1/2,"1-1/2""",900,316L,"1/4""",0.25,7.48,1.17,1.64,47,52
PBAL6061-CX900T1/4S1-1/2,"1-1/2""",900,AL-6061,"1/4""",0.25,5.1,0.39,0.55,38,42
PB304-CX900T5/16S1-1/2,"1-1/2""",900,304,"5/16""",0.3125,5.55,1.44,2.02,46,51
PBSA36-CX900T5/16S1-1/2,"1-1/2""",900,SA-36,"5/16""",0.3125,1.87,1.38,1.93,38,42
PBSA516-70-CX900T5/16S1-1/2,"1-1/2""",900,SA-516-70,"5/16""",0.3125,2.18,1.38,1.93,39,43
PB304L-CX900T5/16S1-1/2,"1-1/2""",900,304L,"5/16""",0.3125,6.01,1.44,2.02,47,52
PB316L-CX900T5/16S1-1/2,"1-1/2""",900,316L,"5/16""",0.3125,7.48,1.46,2.04,50,56
PBAL6061-CX900T5/16S1-1/2,"1-1/2""",900,AL-6061,"5/16""",0.3125,5.1,0.49,0.69,38,42
PB304-CX900T3/8S1-1/2,"1-1/2""",900,304,"3/8""",0.375,5.55,1.73,2.42,48,53
PBSA36-CX900T3/8S1-1/2,"1-1/2""",900,SA-36,"3/8""",0.375,1.87,1.66,2.32,39,43
PBSA516-70-CX900T3/8S1-1/2,"1-1/2""",900,SA-516-70,"3/8""",0.375,2.18,1.66,2.32,40,44
PB304L-CX900T3/8S1-1/2,"1-1/2""",900,304L,"3/8""",0.375,6.01,1.73,2.42,49,54
PB316L-CX900T3/8S1-1/2,"1-1/2""",900,316L,"3/8""",0.375,7.48,1.75,2.45,53,59
PBAL6061-CX900T3/8S1-1/2,"1-1/2""",900,AL-6061,"3/8""",0.375,5.1,0.58,0.81,39,43
PB304-CX900T1/2S1-1/2,"1-1/2""",900,304,"1/2""",0.5,5.55,2.31,3.23,53,59
PBSA36-CX900T1/2S1-1/2,"1-1/2""",900,SA-36,"1/2""",0.5,1.87,2.21,3.09,41,46
PBSA516-70-CX900T1/2S1-1/2,"1-1/2""",900,SA-516-70,"1/2""",0.5,2.18,2.21,3.09,42,47
PB304L-CX900T1/2S1-1/2,"1-1/2""",900,304L,"1/2""",0.5,6.01,2.31,3.23,54,60
PB316L-CX900T1/2S1-1/2,"1-1/2""",900,316L,"1/2""",0.5,7.48,2.33,3.26,59,65
PBAL6061-CX900T1/2S1-1/2,"1-1/2""",900,AL-6061,"1/2""",0.5,5.1,0.78,1.09,40,44
PB304-CX900T5/8S1-1/2,"1-1/2""",900,304,"5/8""",0.625,5.55,2.88,4.03,57,63
PBSA36-CX900T5/8S1-1/2,"1-1/2""",900,SA-36,"5/8""",0.625,1.87,2.76,3.86,42,47
PBSA516-70-CX900T5/8S1-1/2,"1-1/2""",900,SA-516-70,"5/8""",0.625,2.18,2.76,3.86,43,48
PB304L-CX900T5/8S1-1/2,"1-1/2""",900,304L,"5/8""",0.625,6.01,2.88,4.03,59,65
PB316L-CX900T5/8S1-1/2,"1-1/2""",900,316L,"5/8""",0.625,7.48,2.92,4.09,65,72
PBAL6061-CX900T5/8S1-1/2,"1-1/2""",900,AL-6061,"5/8""",0.625,5.1,0.97,1.36,42,47
PB304-CX900T3/4S1-1/2,"1-1/2""",900,304,"3/4""",0.75,5.55,3.46,4.84,62,69
PBSA36-CX900T3/4S1-1/2,"1-1/2""",900,SA-36,"3/4""",0.75,1.87,3.31,4.63,44,49
PBSA516-70-CX900T3/4S1-1/2,"1-1/2""",900,SA-516-70,"3/4""",0.75,2.18,3.31,4.63,45,50
PB304L-CX900T3/4S1-1/2,"1-1/2""",900,304L,"3/4""",0.75,6.01,3.46,4.84,64,71
PB316L-CX900T3/4S1-1/2,"1-1/2""",900,316L,"3/4""",0.75,7.48,3.5,4.9,71,79
PBAL6061-CX900T3/4S1-1/2,"1-1/2""",900,AL-6061,"3/4""",0.75,5.1,1.17,1.64,43,48
PB304-CX900T7/8S1-1/2,"1-1/2""",900,304,"7/8""",0.875,5.55,4.04,5.66,66,73
PBSA36-CX900T7/8S1-1/2,"1-1/2""",900,SA-36,"7/8""",0.875,1.87,3.87,5.42,45,50
PBSA516-70-CX900T7/8S1-1/2,"1-1/2""",900,SA-516-70,"7/8""",0.875,2.18,3.87,5.42,47,52
PB304L-CX900T7/8S1-1/2,"1-1/2""",900,304L,"7/8""",0.875,6.01,4.04,5.66,69,76
PB316L-CX900T7/8S1-1/2,"1-1/2""",900,316L,"7/8""",0.875,7.48,4.08,5.71,78,86
PBAL6061-CX900T7/8S1-1/2,"1-1/2""",900,AL-6061,"7/8""",0.875,5.1,1.36,1.9,45,50
PB304-CX900T1S1-1/2,"1-1/2""",900,304,"1""",1,5.55,4.62,6.47,71,79
PBSA36-CX900T1S1-1/2,"1-1/2""",900,SA-36,"1""",1,1.87,4.42,6.19,46,51
PBSA516-70-CX900T1S1-1/2,"1-1/2""",900,SA-516-70,"1""",1,2.18,4.42,6.19,48,53
PB304L-CX900T1S1-1/2,"1-1/2""",900,304L,"1""",1,6.01,4.62,6.47,74,82
PB316L-CX900T1S1-1/2,"1-1/2""",900,316L,"1""",1,7.48,4.67,6.54,84,93
PBAL6061-CX900T1S1-1/2,"1-1/2""",900,AL-6061,"1""",1,5.1,1.56,2.18,46,51
PB304-CX900T1-1/8S1-1/2,"1-1/2""",900,304,"1-1/8""",1.125,5.55,5.19,7.27,75,83
PBSA36-CX900T1-1/8S1-1/2,"1-1/2""",900,SA-36,"1-1/8""",1.125,1.87,4.97,6.96,48,53
PBSA516-70-CX900T1-1/8S1-1/2,"1-1/2""",900,SA-516-70,"1-1/8""",1.125,2.18,4.97,6.96,50,56
PB304L-CX900T1-1/8S1-1/2,"1-1/2""",900,304L,"1-1/8""",1.125,6.01,5.19,7.27,79,87
PB316L-CX900T1-1/8S1-1/2,"1-1/2""",900,316L,"1-1/8""",1.125,7.48,5.25,7.35,90,100
PBAL6061-CX900T1-1/8S1-1/2,"1-1/2""",900,AL-6061,"1-1/8""",1.125,5.1,1.75,2.45,47,52
PB304-CX900T1-1/4S1-1/2,"1-1/2""",900,304,"1-1/4""",1.25,5.55,5.77,8.08,80,88
PBSA36-CX900T1-1/4S1-1/2,"1-1/2""",900,SA-36,"1-1/4""",1.25,1.87,5.52,7.73,49,54
PBSA516-70-CX900T1-1/4S1-1/2,"1-1/2""",900,SA-516-70,"1-1/4""",1.25,2.18,5.52,7.73,52,58
PB304L-CX900T1-1/4S1-1/2,"1-1/2""",900,304L,"1-1/4""",1.25,6.01,5.77,8.08,83,92
PB316L-CX900T1-1/4S1-1/2,"1-1/2""",900,316L,"1-1/4""",1.25,7.48,5.83,8.16,96,106
PBAL6061-CX900T1-1/4S1-1/2,"1-1/2""",900,AL-6061,"1-1/4""",1.25,5.1,1.95,2.73,49,54
PB304-CX900T1-3/8S1-1/2,"1-1/2""",900,304,"1-3/8""",1.375,5.55,6.35,8.89,84,93
PBSA36-CX900T1-3/8S1-1/2,"1-1/2""",900,SA-36,"1-3/8""",1.375,1.87,6.07,8.5,51,57
PBSA516-70-CX900T1-3/8S1-1/2,"1-1/2""",900,SA-516-70,"1-3/8""",1.375,2.18,6.07,8.5,53,59
PB304L-CX900T1-3/8S1-1/2,"1-1/2""",900,304L,"1-3/8""",1.375,6.01,6.35,8.89,88,97
PB316L-CX900T1-3/8S1-1/2,"1-1/2""",900,316L,"1-3/8""",1.375,7.48,6.42,8.99,102,113
PBAL6061-CX900T1-3/8S1-1/2,"1-1/2""",900,AL-6061,"1-3/8""",1.375,5.1,2.14,3,50,56
PB304-CX900T1-1/2S1-1/2,"1-1/2""",900,304,"1-1/2""",1.5,5.55,6.92,9.69,89,98
PBSA36-CX900T1-1/2S1-1/2,"1-1/2""",900,SA-36,"1-1/2""",1.5,1.87,6.63,9.28,52,58
PBSA516-70-CX900T1-1/2S1-1/2,"1-1/2""",900,SA-516-70,"1-1/2""",1.5,2.18,6.63,9.28,55,61
PB304L-CX900T1-1/2S1-1/2,"1-1/2""",900,304L,"1-1/2""",1.5,6.01,6.92,9.69,93,103
PB316L-CX900T1-1/2S1-1/2,"1-1/2""",900,316L,"1-1/2""",1.5,7.48,7,9.8,108,119
PBAL6061-CX900T1-1/2S1-1/2,"1-1/2""",900,AL-6061,"1-1/2""",1.5,5.1,2.33,3.26,51,57
PB304-CX900T1-5/8S1-1/2,"1-1/2""",900,304,"1-5/8""",1.625,5.55,7.5,10.5,93,103
PBSA36-CX900T1-5/8S1-1/2,"1-1/2""",900,SA-36,"1-5/8""",1.625,1.87,7.18,10.05,54,60
PBSA516-70-CX900T1-5/8S1-1/2,"1-1/2""",900,SA-516-70,"1-5/8""",1.625,2.18,7.18,10.05,57,63
PB304L-CX900T1-5/8S1-1/2,"1-1/2""",900,304L,"1-5/8""",1.625,6.01,7.5,10.5,98,108
PB316L-CX900T1-5/8S1-1/2,"1-1/2""",900,316L,"1-5/8""",1.625,7.48,7.58,10.61,114,126
PBAL6061-CX900T1-5/8S1-1/2,"1-1/2""",900,AL-6061,"1-5/8""",1.625,5.1,2.53,3.54,53,59
PB304-CX900T1-3/4S1-1/2,"1-1/2""",900,304,"1-3/4""",1.75,5.55,8.08,11.31,98,108
PBSA36-CX900T1-3/4S1-1/2,"1-1/2""",900,SA-36,"1-3/4""",1.75,1.87,7.73,10.82,55,61
PBSA516-70-CX900T1-3/4S1-1/2,"1-1/2""",900,SA-516-70,"1-3/4""",1.75,2.18,7.73,10.82,58,64
PB304L-CX900T1-3/4S1-1/2,"1-1/2""",900,304L,"1-3/4""",1.75,6.01,8.08,11.31,103,114
PB316L-CX900T1-3/4S1-1/2,"1-1/2""",900,316L,"1-3/4""",1.75,7.48,8.17,11.44,120,132
PBAL6061-CX900T1-3/4S1-1/2,"1-1/2""",900,AL-6061,"1-3/4""",1.75,5.1,2.72,3.81,54,60
PB304-CX900T1-7/8S1-1/2,"1-1/2""",900,304,"1-7/8""",1.875,5.55,8.65,12.11,102,113
PBSA36-CX900T1-7/8S1-1/2,"1-1/2""",900,SA-36,"1-7/8""",1.875,1.87,8.28,11.59,57,63
PBSA516-70-CX900T1-7/8S1-1/2,"1-1/2""",900,SA-516-70,"1-7/8""",1.875,2.18,8.28,11.59,60,66
PB304L-CX900T1-7/8S1-1/2,"1-1/2""",900,304L,"1-7/8""",1.875,6.01,8.65,12.11,108,119
PB316L-CX900T1-7/8S1-1/2,"1-1/2""",900,316L,"1-7/8""",1.875,7.48,8.75,12.25,126,139
PBAL6061-CX900T1-7/8S1-1/2,"1-1/2""",900,AL-6061,"1-7/8""",1.875,5.1,2.92,4.09,56,62
PB304-CX900T2S1-1/2,"1-1/2""",900,304,"2""",2,5.55,9.23,12.92,107,118
PBSA36-CX900T2S1-1/2,"1-1/2""",900,SA-36,"2""",2,1.87,8.84,12.38,58,64
PBSA516-70-CX900T2S1-1/2,"1-1/2""",900,SA-516-70,"2""",2,2.18,8.84,12.38,62,69
PB304L-CX900T2S1-1/2,"1-1/2""",900,304L,"2""",2,6.01,9.23,12.92,112,124
PB316L-CX900T2S1-1/2,"1-1/2""",900,316L,"2""",2,7.48,9.34,13.08,133,147
PBAL6061-CX900T2S1-1/2,"1-1/2""",900,AL-6061,"2""",2,5.1,3.11,4.35,57,63
PB304-CX900T2-1/4S1-1/2,"1-1/2""",900,304,"2-1/4""",2.25,5.55,10.38,14.53,115,127
PBSA36-CX900T2-1/4S1-1/2,"1-1/2""",900,SA-36,"2-1/4""",2.25,1.87,9.94,13.92,61,68
PBSA516-70-CX900T2-1/4S1-1/2,"1-1/2""",900,SA-516-70,"2-1/4""",2.25,2.18,9.94,13.92,65,72
PB304L-CX900T2-1/4S1-1/2,"1-1/2""",900,304L,"2-1/4""",2.25,6.01,10.38,14.53,122,135
PB316L-CX900T2-1/4S1-1/2,"1-1/2""",900,316L,"2-1/4""",2.25,7.48,10.5,14.7,145,160
PBAL6061-CX900T2-1/4S1-1/2,"1-1/2""",900,AL-6061,"2-1/4""",2.25,5.1,3.5,4.9,60,66
PB304-CX900T2-1/2S1-1/2,"1-1/2""",900,304,"2-1/2""",2.5,5.55,11.54,16.16,125,138
PBSA36-CX900T2-1/2S1-1/2,"1-1/2""",900,SA-36,"2-1/2""",2.5,1.87,11.04,15.46,64,71
PBSA516-70-CX900T2-1/2S1-1/2,"1-1/2""",900,SA-516-70,"2-1/2""",2.5,2.18,11.04,15.46,69,76
PB304L-CX900T2-1/2S1-1/2,"1-1/2""",900,304L,"2-1/2""",2.5,6.01,11.54,16.16,132,146
PB316L-CX900T2-1/2S1-1/2,"1-1/2""",900,316L,"2-1/2""",2.5,7.48,11.67,16.34,157,173
PBAL6061-CX900T2-1/2S1-1/2,"1-1/2""",900,AL-6061,"2-1/2""",2.5,5.1,3.89,5.45,63,70
PB304-CX900T3S1-1/2,"1-1/2""",900,304,"3""",3,5.55,13.85,19.39,142,157
PBSA36-CX900T3S1-1/2,"1-1/2""",900,SA-36,"3""",3,1.87,13.25,18.55,70,77
PBSA516-70-CX900T3S1-1/2,"1-1/2""",900,SA-516-70,"3""",3,2.18,13.25,18.55,75,83
PB304L-CX900T3S1-1/2,"1-1/2""",900,304L,"3""",3,6.01,13.85,19.39,151,167
PB316L-CX900T3S1-1/2,"1-1/2""",900,316L,"3""",3,7.48,14,19.6,181,200
PBAL6061-CX900T3S1-1/2,"1-1/2""",900,AL-6061,"3""",3,5.1,4.67,6.54,68,75
PB304-CX900T11GAS2,"2""",900,304,11 Gauge,0.1196,5.55,1.1,1.54,43,48
PBSA36-CX900T11GAS2,"2""",900,SA-36,11 Gauge,0.1196,1.87,1.05,1.47,38,42
PBSA516-70-CX900T11GAS2,"2""",900,SA-516-70,11 Gauge,0.1196,2.18,1.05,1.47,38,42
PB304L-CX900T11GAS2,"2""",900,304L,11 Gauge,0.1196,6.01,1.1,1.54,44,49
PB316L-CX900T11GAS2,"2""",900,316L,11 Gauge,0.1196,7.48,1.11,1.55,46,51
PBAL6061-CX900T11GAS2,"2""",900,AL-6061,11 Gauge,0.1196,5.1,0.37,0.52,37,41
PB304-CX900T1/8S2,"2""",900,304,"1/8""",0.125,5.55,1.15,1.61,44,49
PBSA36-CX900T1/8S2,"2""",900,SA-36,"1/8""",0.125,1.87,1.1,1.54,38,42
PBSA516-70-CX900T1/8S2,"2""",900,SA-516-70,"1/8""",0.125,2.18,1.1,1.54,38,42
PB304L-CX900T1/8S2,"2""",900,304L,"1/8""",0.125,6.01,1.15,1.61,45,50
PB316L-CX900T1/8S2,"2""",900,316L,"1/8""",0.125,7.48,1.16,1.62,47,52
PBAL6061-CX900T1/8S2,"2""",900,AL-6061,"1/8""",0.125,5.1,0.39,0.55,38,42
PB304-CX900T3/16S2,"2""",900,304,"3/16""",0.1875,5.55,1.72,2.41,48,53
PBSA36-CX900T3/16S2,"2""",900,SA-36,"3/16""",0.1875,1.87,1.65,2.31,39,43
PBSA516-70-CX900T3/16S2,"2""",900,SA-516-70,"3/16""",0.1875,2.18,1.65,2.31,40,44
PB304L-CX900T3/16S2,"2""",900,304L,"3/16""",0.1875,6.01,1.72,2.41,49,54
PB316L-CX900T3/16S2,"2""",900,316L,"3/16""",0.1875,7.48,1.74,2.44,53,59
PBAL6061-CX900T3/16S2,"2""",900,AL-6061,"3/16""",0.1875,5.1,0.58,0.81,39,43
PB304-CX900T1/4S2,"2""",900,304,"1/4""",0.25,5.55,2.29,3.21,53,59
PBSA36-CX900T1/4S2,"2""",900,SA-36,"1/4""",0.25,1.87,2.2,3.08,41,46
PBSA516-70-CX900T1/4S2,"2""",900,SA-516-70,"1/4""",0.25,2.18,2.2,3.08,42,47
PB304L-CX900T1/4S2,"2""",900,304L,"1/4""",0.25,6.01,2.29,3.21,54,60
PB316L-CX900T1/4S2,"2""",900,316L,"1/4""",0.25,7.48,2.32,3.25,59,65
PBAL6061-CX900T1/4S2,"2""",900,AL-6061,"1/4""",0.25,5.1,0.77,1.08,40,44
PB304-CX900T5/16S2,"2""",900,304,"5/16""",0.3125,5.55,2.87,4.02,57,63
PBSA36-CX900T5/16S2,"2""",900,SA-36,"5/16""",0.3125,1.87,2.75,3.85,42,47
PBSA516-70-CX900T5/16S2,"2""",900,SA-516-70,"5/16""",0.3125,2.18,2.75,3.85,43,48
PB304L-CX900T5/16S2,"2""",900,304L,"5/16""",0.3125,6.01,2.87,4.02,59,65
PB316L-CX900T5/16S2,"2""",900,316L,"5/16""",0.3125,7.48,2.9,4.06,65,72
PBAL6061-CX900T5/16S2,"2""",900,AL-6061,"5/16""",0.3125,5.1,0.97,1.36,42,47
PB304-CX900T3/8S2,"2""",900,304,"3/8""",0.375,5.55,3.44,4.82,62,69
PBSA36-CX900T3/8S2,"2""",900,SA-36,"3/8""",0.375,1.87,3.29,4.61,43,48
PBSA516-70-CX900T3/8S2,"2""",900,SA-516-70,"3/8""",0.375,2.18,3.29,4.61,45,50
PB304L-CX900T3/8S2,"2""",900,304L,"3/8""",0.375,6.01,3.44,4.82,64,71
PB316L-CX900T3/8S2,"2""",900,316L,"3/8""",0.375,7.48,3.48,4.87,71,79
PBAL6061-CX900T3/8S2,"2""",900,AL-6061,"3/8""",0.375,5.1,1.16,1.62,43,48
PB304-CX900T1/2S2,"2""",900,304,"1/2""",0.5,5.55,4.59,6.43,71,79
PBSA36-CX900T1/2S2,"2""",900,SA-36,"1/2""",0.5,1.87,4.39,6.15,46,51
PBSA516-70-CX900T1/2S2,"2""",900,SA-516-70,"1/2""",0.5,2.18,4.39,6.15,48,53
PB304L-CX900T1/2S2,"2""",900,304L,"1/2""",0.5,6.01,4.59,6.43,73,81
PB316L-CX900T1/2S2,"2""",900,316L,"1/2""",0.5,7.48,4.64,6.5,83,92
PBAL6061-CX900T1/2S2,"2""",900,AL-6061,"1/2""",0.5,5.1,1.55,2.17,46,51
PB304-CX900T5/8S2,"2""",900,304,"5/8""",0.625,5.55,5.74,8.04,79,87
PBSA36-CX900T5/8S2,"2""",900,SA-36,"5/8""",0.625,1.87,5.49,7.69,49,54
PBSA516-70-CX900T5/8S2,"2""",900,SA-516-70,"5/8""",0.625,2.18,5.49,7.69,52,58
PB304L-CX900T5/8S2,"2""",900,304L,"5/8""",0.625,6.01,5.74,8.04,83,92
PB316L-CX900T5/8S2,"2""",900,316L,"5/8""",0.625,7.48,5.8,8.12,96,106
PBAL6061-CX900T5/8S2,"2""",900,AL-6061,"5/8""",0.625,5.1,1.93,2.7,49,54
PB304-CX900T3/4S2,"2""",900,304,"3/4""",0.75,5.55,6.88,9.63,88,97
PBSA36-CX900T3/4S2,"2""",900,SA-36,"3/4""",0.75,1.87,6.59,9.23,52,58
PBSA516-70-CX900T3/4S2,"2""",900,SA-516-70,"3/4""",0.75,2.18,6.59,9.23,55,61
PB304L-CX900T3/4S2,"2""",900,304L,"3/4""",0.75,6.01,6.88,9.63,93,103
PB316L-CX900T3/4S2,"2""",900,316L,"3/4""",0.75,7.48,6.96,9.74,108,119
PBAL6061-CX900T3/4S2,"2""",900,AL-6061,"3/4""",0.75,5.1,2.32,3.25,51,57
PB304-CX900T7/8S2,"2""",900,304,"7/8""",0.875,5.55,8.03,11.24,97,107
PBSA36-CX900T7/8S2,"2""",900,SA-36,"7/8""",0.875,1.87,7.69,10.77,55,61
PBSA516-70-CX900T7/8S2,"2""",900,SA-516-70,"7/8""",0.875,2.18,7.69,10.77,58,64
PB304L-CX900T7/8S2,"2""",900,304L,"7/8""",0.875,6.01,8.03,11.24,102,113
PB316L-CX900T7/8S2,"2""",900,316L,"7/8""",0.875,7.48,8.12,11.37,120,132
PBAL6061-CX900T7/8S2,"2""",900,AL-6061,"7/8""",0.875,5.1,2.71,3.79,54,60
PB304-CX900T1S2,"2""",900,304,"1""",1,5.55,9.18,12.85,106,117
PBSA36-CX900T1S2,"2""",900,SA-36,"1""",1,1.87,8.79,12.31,58,64
PBSA516-70-CX900T1S2,"2""",900,SA-516-70,"1""",1,2.18,8.79,12.31,62,69
PB304L-CX900T1S2,"2""",900,304L,"1""",1,6.01,9.18,12.85,112,124
PB316L-CX900T1S2,"2""",900,316L,"1""",1,7.48,9.28,12.99,132,146
PBAL6061-CX900T1S2,"2""",900,AL-6061,"1""",1,5.1,3.1,4.34,57,63
PB304-CX900T1-1/8S2,"2""",900,304,"1-1/8""",1.125,5.55,10.33,14.46,115,127
PBSA36-CX900T1-1/8S2,"2""",900,SA-36,"1-1/8""",1.125,1.87,9.88,13.83,61,68
PBSA516-70-CX900T1-1/8S2,"2""",900,SA-516-70,"1-1/8""",1.125,2.18,9.88,13.83,65,72
PB304L-CX900T1-1/8S2,"2""",900,304L,"1-1/8""",1.125,6.01,10.33,14.46,122,135
PB316L-CX900T1-1/8S2,"2""",900,316L,"1-1/8""",1.125,7.48,10.44,14.62,144,159
PBAL6061-CX900T1-1/8S2,"2""",900,AL-6061,"1-1/8""",1.125,5.1,3.48,4.87,60,66
PB304-CX900T1-1/4S2,"2""",900,304,"1-1/4""",1.25,5.55,11.47,16.06,124,137
PBSA36-CX900T1-1/4S2,"2""",900,SA-36,"1-1/4""",1.25,1.87,10.98,15.37,64,71
PBSA516-70-CX900T1-1/4S2,"2""",900,SA-516-70,"1-1/4""",1.25,2.18,10.98,15.37,68,75
PB304L-CX900T1-1/4S2,"2""",900,304L,"1-1/4""",1.25,6.01,11.47,16.06,131,145
PB316L-CX900T1-1/4S2,"2""",900,316L,"1-1/4""",1.25,7.48,11.6,16.24,156,172
PBAL6061-CX900T1-1/4S2,"2""",900,AL-6061,"1-1/4""",1.25,5.1,3.87,5.42,62,69
PB304-CX900T1-3/8S2,"2""",900,304,"1-3/8""",1.375,5.55,12.62,17.67,133,147
PBSA36-CX900T1-3/8S2,"2""",900,SA-36,"1-3/8""",1.375,1.87,12.08,16.91,66,73
PBSA516-70-CX900T1-3/8S2,"2""",900,SA-516-70,"1-3/8""",1.375,2.18,12.08,16.91,72,80
PB304L-CX900T1-3/8S2,"2""",900,304L,"1-3/8""",1.375,6.01,12.62,17.67,141,156
PB316L-CX900T1-3/8S2,"2""",900,316L,"1-3/8""",1.375,7.48,12.76,17.86,168,185
PBAL6061-CX900T1-3/8S2,"2""",900,AL-6061,"1-3/8""",1.375,5.1,4.26,5.96,65,72
PB304-CX900T1-1/2S2,"2""",900,304,"1-1/2""",1.5,5.55,13.77,19.28,142,157
PBSA36-CX900T1-1/2S2,"2""",900,SA-36,"1-1/2""",1.5,1.87,13.18,18.45,69,76
PBSA516-70-CX900T1-1/2S2,"2""",900,SA-516-70,"1-1/2""",1.5,2.18,13.18,18.45,75,83
PB304L-CX900T1-1/2S2,"2""",900,304L,"1-1/2""",1.5,6.01,13.77,19.28,151,167
PB316L-CX900T1-1/2S2,"2""",900,316L,"1-1/2""",1.5,7.48,13.92,19.49,181,200
PBAL6061-CX900T1-1/2S2,"2""",900,AL-6061,"1-1/2""",1.5,5.1,4.64,6.5,68,75
PB304-CX900T1-5/8S2,"2""",900,304,"1-5/8""",1.625,5.55,14.91,20.87,151,167
PBSA36-CX900T1-5/8S2,"2""",900,SA-36,"1-5/8""",1.625,1.87,14.28,19.99,72,80
PBSA516-70-CX900T1-5/8S2,"2""",900,SA-516-70,"1-5/8""",1.625,2.18,14.28,19.99,78,86
PB304L-CX900T1-5/8S2,"2""",900,304L,"1-5/8""",1.625,6.01,14.91,20.87,160,176
PB316L-CX900T1-5/8S2,"2""",900,316L,"1-5/8""",1.625,7.48,15.08,21.11,193,213
PBAL6061-CX900T1-5/8S2,"2""",900,AL-6061,"1-5/8""",1.625,5.1,5.03,7.04,71,79
PB304-CX900T1-3/4S2,"2""",900,304,"1-3/4""",1.75,5.55,16.06,22.48,160,176
PBSA36-CX900T1-3/4S2,"2""",900,SA-36,"1-3/4""",1.75,1.87,15.37,21.52,75,83
PBSA516-70-CX900T1-3/4S2,"2""",900,SA-516-70,"1-3/4""",1.75,2.18,15.37,21.52,82,91
PB304L-CX900T1-3/4S2,"2""",900,304L,"1-3/4""",1.75,6.01,16.06,22.48,170,188
PB316L-CX900T1-3/4S2,"2""",900,316L,"1-3/4""",1.75,7.48,16.24,22.74,205,226
PBAL6061-CX900T1-3/4S2,"2""",900,AL-6061,"1-3/4""",1.75,5.1,5.42,7.59,74,82
PB304-CX900T1-7/8S2,"2""",900,304,"1-7/8""",1.875,5.55,17.21,24.09,169,186
PBSA36-CX900T1-7/8S2,"2""",900,SA-36,"1-7/8""",1.875,1.87,16.47,23.06,78,86
PBSA516-70-CX900T1-7/8S2,"2""",900,SA-516-70,"1-7/8""",1.875,2.18,16.47,23.06,85,94
PB304L-CX900T1-7/8S2,"2""",900,304L,"1-7/8""",1.875,6.01,17.21,24.09,180,199
PB316L-CX900T1-7/8S2,"2""",900,316L,"1-7/8""",1.875,7.48,17.4,24.36,217,239
PBAL6061-CX900T1-7/8S2,"2""",900,AL-6061,"1-7/8""",1.875,5.1,5.8,8.12,76,84
PB304-CX900T2S2,"2""",900,304,"2""",2,5.55,18.36,25.7,177,195
PBSA36-CX900T2S2,"2""",900,SA-36,"2""",2,1.87,17.57,24.6,81,90
PBSA516-70-CX900T2S2,"2""",900,SA-516-70,"2""",2,2.18,17.57,24.6,88,97
PB304L-CX900T2S2,"2""",900,304L,"2""",2,6.01,18.36,25.7,189,208
PB316L-CX900T2S2,"2""",900,316L,"2""",2,7.48,18.56,25.98,229,252
PBAL6061-CX900T2S2,"2""",900,AL-6061,"2""",2,5.1,6.19,8.67,79,87
PB304-CX900T2-1/4S2,"2""",900,304,"2-1/4""",2.25,5.55,20.65,28.91,195,215
PBSA36-CX900T2-1/4S2,"2""",900,SA-36,"2-1/4""",2.25,1.87,19.77,27.68,87,96
PBSA516-70-CX900T2-1/4S2,"2""",900,SA-516-70,"2-1/4""",2.25,2.18,19.77,27.68,95,105
PB304L-CX900T2-1/4S2,"2""",900,304L,"2-1/4""",2.25,6.01,20.65,28.91,209,230
PB316L-CX900T2-1/4S2,"2""",900,316L,"2-1/4""",2.25,7.48,20.89,29.25,254,280
PBAL6061-CX900T2-1/4S2,"2""",900,AL-6061,"2-1/4""",2.25,5.1,6.96,9.74,85,94
PB304-CX900T2-1/2S2,"2""",900,304,"2-1/2""",2.5,5.55,22.95,32.13,213,235
PBSA36-CX900T2-1/2S2,"2""",900,SA-36,"2-1/2""",2.5,1.87,21.96,30.74,92,102
PBSA516-70-CX900T2-1/2S2,"2""",900,SA-516-70,"2-1/2""",2.5,2.18,21.96,30.74,102,113
PB304L-CX900T2-1/2S2,"2""",900,304L,"2-1/2""",2.5,6.01,22.95,32.13,228,251
PB316L-CX900T2-1/2S2,"2""",900,316L,"2-1/2""",2.5,7.48,23.21,32.49,278,306
PBAL6061-CX900T2-1/2S2,"2""",900,AL-6061,"2-1/2""",2.5,5.1,7.74,10.84,90,100
PB304-CX900T3S2,"2""",900,304,"3""",3,5.55,27.53,38.54,249,274
PBSA36-CX900T3S2,"2""",900,SA-36,"3""",3,1.87,26.36,36.9,104,115
PBSA516-70-CX900T3S2,"2""",900,SA-516-70,"3""",3,2.18,26.36,36.9,115,127
PB304L-CX900T3S2,"2""",900,304L,"3""",3,6.01,27.53,38.54,266,293
PB316L-CX900T3S2,"2""",900,316L,"3""",3,7.48,27.85,38.99,326,359
PBAL6061-CX900T3S2,"2""",900,AL-6061,"3""",3,5.1,9.29,13.01,101,112
PB304-CX900T11GAS2-1/2,"2-1/2""",900,304,11 Gauge,0.1196,5.55,1.46,2.04,46,51
PBSA36-CX900T11GAS2-1/2,"2-1/2""",900,SA-36,11 Gauge,0.1196,1.87,1.4,1.96,39,43
PBSA516-70-CX900T11GAS2-1/2,"2-1/2""",900,SA-516-70,11 Gauge,0.1196,2.18,1.4,1.96,39,43
PB304L-CX900T11GAS2-1/2,"2-1/2""",900,304L,11 Gauge,0.1196,6.01,1.46,2.04,47,52
PB316L-CX900T11GAS2-1/2,"2-1/2""",900,316L,11 Gauge,0.1196,7.48,1.48,2.07,50,56
PBAL6061-CX900T11GAS2-1/2,"2-1/2""",900,AL-6061,11 Gauge,0.1196,5.1,0.49,0.69,38,42
PB304-CX900T1/8S2-1/2,"2-1/2""",900,304,"1/8""",0.125,5.55,1.53,2.14,47,52
PBSA36-CX900T1/8S2-1/2,"2-1/2""",900,SA-36,"1/8""",0.125,1.87,1.46,2.04,39,43
PBSA516-70-CX900T1/8S2-1/2,"2-1/2""",900,SA-516-70,"1/8""",0.125,2.18,1.46,2.04,39,43
PB304L-CX900T1/8S2-1/2,"2-1/2""",900,304L,"1/8""",0.125,6.01,1.53,2.14,48,53
PB316L-CX900T1/8S2-1/2,"2-1/2""",900,316L,"1/8""",0.125,7.48,1.54,2.16,51,57
PBAL6061-CX900T1/8S2-1/2,"2-1/2""",900,AL-6061,"1/8""",0.125,5.1,0.51,0.71,38,42
PB304-CX900T3/16S2-1/2,"2-1/2""",900,304,"3/16""",0.1875,5.55,2.29,3.21,53,59
PBSA36-CX900T3/16S2-1/2,"2-1/2""",900,SA-36,"3/16""",0.1875,1.87,2.19,3.07,41,46
PBSA516-70-CX900T3/16S2-1/2,"2-1/2""",900,SA-516-70,"3/16""",0.1875,2.18,2.19,3.07,42,47
PB304L-CX900T3/16S2-1/2,"2-1/2""",900,304L,"3/16""",0.1875,6.01,2.29,3.21,54,60
PB316L-CX900T3/16S2-1/2,"2-1/2""",900,316L,"3/16""",0.1875,7.48,2.31,3.23,59,65
PBAL6061-CX900T3/16S2-1/2,"2-1/2""",900,AL-6061,"3/16""",0.1875,5.1,0.77,1.08,40,44
PB304-CX900T1/4S2-1/2,"2-1/2""",900,304,"1/4""",0.25,5.55,3.05,4.27,59,65
PBSA36-CX900T1/4S2-1/2,"2-1/2""",900,SA-36,"1/4""",0.25,1.87,2.92,4.09,42,47
PBSA516-70-CX900T1/4S2-1/2,"2-1/2""",900,SA-516-70,"1/4""",0.25,2.18,2.92,4.09,44,49
PB304L-CX900T1/4S2-1/2,"2-1/2""",900,304L,"1/4""",0.25,6.01,3.05,4.27,61,68
PB316L-CX900T1/4S2-1/2,"2-1/2""",900,316L,"1/4""",0.25,7.48,3.09,4.33,67,74
PBAL6061-CX900T1/4S2-1/2,"2-1/2""",900,AL-6061,"1/4""",0.25,5.1,1.03,1.44,42,47
PB304-CX900T5/16S2-1/2,"2-1/2""",900,304,"5/16""",0.3125,5.55,3.81,5.33,64,71
PBSA36-CX900T5/16S2-1/2,"2-1/2""",900,SA-36,"5/16""",0.3125,1.87,3.65,5.11,44,49
PBSA516-70-CX900T5/16S2-1/2,"2-1/2""",900,SA-516-70,"5/16""",0.3125,2.18,3.65,5.11,46,51
PB304L-CX900T5/16S2-1/2,"2-1/2""",900,304L,"5/16""",0.3125,6.01,3.81,5.33,67,74
PB316L-CX900T5/16S2-1/2,"2-1/2""",900,316L,"5/16""",0.3125,7.48,3.86,5.4,75,83
PBAL6061-CX900T5/16S2-1/2,"2-1/2""",900,AL-6061,"5/16""",0.3125,5.1,1.29,1.81,44,49
PB304-CX900T3/8S2-1/2,"2-1/2""",900,304,"3/8""",0.375,5.55,4.58,6.41,70,77
PBSA36-CX900T3/8S2-1/2,"2-1/2""",900,SA-36,"3/8""",0.375,1.87,4.38,6.13,46,51
PBSA516-70-CX900T3/8S2-1/2,"2-1/2""",900,SA-516-70,"3/8""",0.375,2.18,4.38,6.13,48,53
PB304L-CX900T3/8S2-1/2,"2-1/2""",900,304L,"3/8""",0.375,6.01,4.58,6.41,73,81
PB316L-CX900T3/8S2-1/2,"2-1/2""",900,316L,"3/8""",0.375,7.48,4.63,6.48,83,92
PBAL6061-CX900T3/8S2-1/2,"2-1/2""",900,AL-6061,"3/8""",0.375,5.1,1.54,2.16,46,51
PB304-CX900T1/2S2-1/2,"2-1/2""",900,304,"1/2""",0.5,5.55,6.1,8.54,82,91
PBSA36-CX900T1/2S2-1/2,"2-1/2""",900,SA-36,"1/2""",0.5,1.87,5.84,8.18,50,56
PBSA516-70-CX900T1/2S2-1/2,"2-1/2""",900,SA-516-70,"1/2""",0.5,2.18,5.84,8.18,53,59
PB304L-CX900T1/2S2-1/2,"2-1/2""",900,304L,"1/2""",0.5,6.01,6.1,8.54,86,95
PB316L-CX900T1/2S2-1/2,"2-1/2""",900,316L,"1/2""",0.5,7.48,6.17,8.64,99,109
PBAL6061-CX900T1/2S2-1/2,"2-1/2""",900,AL-6061,"1/2""",0.5,5.1,2.06,2.88,50,56
PB304-CX900T5/8S2-1/2,"2-1/2""",900,304,"5/8""",0.625,5.55,7.63,10.68,94,104
PBSA36-CX900T5/8S2-1/2,"2-1/2""",900,SA-36,"5/8""",0.625,1.87,7.3,10.22,54,60
PBSA516-70-CX900T5/8S2-1/2,"2-1/2""",900,SA-516-70,"5/8""",0.625,2.18,7.3,10.22,57,63
PB304L-CX900T5/8S2-1/2,"2-1/2""",900,304L,"5/8""",0.625,6.01,7.63,10.68,99,109
PB316L-CX900T5/8S2-1/2,"2-1/2""",900,316L,"5/8""",0.625,7.48,7.71,10.79,116,128
PBAL6061-CX900T5/8S2-1/2,"2-1/2""",900,AL-6061,"5/8""",0.625,5.1,2.57,3.6,53,59
PB304-CX900T3/4S2-1/2,"2-1/2""",900,304,"3/4""",0.75,5.55,9.15,12.81,106,117
PBSA36-CX900T3/4S2-1/2,"2-1/2""",900,SA-36,"3/4""",0.75,1.87,8.76,12.26,58,64
PBSA516-70-CX900T3/4S2-1/2,"2-1/2""",900,SA-516-70,"3/4""",0.75,2.18,8.76,12.26,62,69
PB304L-CX900T3/4S2-1/2,"2-1/2""",900,304L,"3/4""",0.75,6.01,9.15,12.81,112,124
PB316L-CX900T3/4S2-1/2,"2-1/2""",900,316L,"3/4""",0.75,7.48,9.26,12.96,132,146
PBAL6061-CX900T3/4S2-1/2,"2-1/2""",900,AL-6061,"3/4""",0.75,5.1,3.09,4.33,57,63
PB304-CX900T7/8S2-1/2,"2-1/2""",900,304,"7/8""",0.875,5.55,10.68,14.95,118,130
PBSA36-CX900T7/8S2-1/2,"2-1/2""",900,SA-36,"7/8""",0.875,1.87,10.22,14.31,62,69
PBSA516-70-CX900T7/8S2-1/2,"2-1/2""",900,SA-516-70,"7/8""",0.875,2.18,10.22,14.31,66,73
PB304L-CX900T7/8S2-1/2,"2-1/2""",900,304L,"7/8""",0.875,6.01,10.68,14.95,125,138
PB316L-CX900T7/8S2-1/2,"2-1/2""",900,316L,"7/8""",0.875,7.48,10.8,15.12,148,163
PBAL6061-CX900T7/8S2-1/2,"2-1/2""",900,AL-6061,"7/8""",0.875,5.1,3.6,5.04,61,68
PB304-CX900T1S2-1/2,"2-1/2""",900,304,"1""",1,5.55,12.2,17.08,130,143
PBSA36-CX900T1S2-1/2,"2-1/2""",900,SA-36,"1""",1,1.87,11.68,16.35,65,72
PBSA516-70-CX900T1S2-1/2,"2-1/2""",900,SA-516-70,"1""",1,2.18,11.68,16.35,70,77
PB304L-CX900T1S2-1/2,"2-1/2""",900,304L,"1""",1,6.01,12.2,17.08,137,151
PB316L-CX900T1S2-1/2,"2-1/2""",900,316L,"1""",1,7.48,12.34,17.28,164,181
PBAL6061-CX900T1S2-1/2,"2-1/2""",900,AL-6061,"1""",1,5.1,4.12,5.77,64,71
PB304-CX900T1-1/8S2-1/2,"2-1/2""",900,304,"1-1/8""",1.125,5.55,13.73,19.22,142,157
PBSA36-CX900T1-1/8S2-1/2,"2-1/2""",900,SA-36,"1-1/8""",1.125,1.87,13.14,18.4,69,76
PBSA516-70-CX900T1-1/8S2-1/2,"2-1/2""",900,SA-516-70,"1-1/8""",1.125,2.18,13.14,18.4,75,83
PB304L-CX900T1-1/8S2-1/2,"2-1/2""",900,304L,"1-1/8""",1.125,6.01,13.73,19.22,150,165
PB316L-CX900T1-1/8S2-1/2,"2-1/2""",900,316L,"1-1/8""",1.125,7.48,13.88,19.43,180,199
PBAL6061-CX900T1-1/8S2-1/2,"2-1/2""",900,AL-6061,"1-1/8""",1.125,5.1,4.63,6.48,68,75
PB304-CX900T1-1/4S2-1/2,"2-1/2""",900,304,"1-1/4""",1.25,5.55,15.25,21.35,153,169
PBSA36-CX900T1-1/4S2-1/2,"2-1/2""",900,SA-36,"1-1/4""",1.25,1.87,14.6,20.44,73,81
PBSA516-70-CX900T1-1/4S2-1/2,"2-1/2""",900,SA-516-70,"1-1/4""",1.25,2.18,14.6,20.44,79,87
PB304L-CX900T1-1/4S2-1/2,"2-1/2""",900,304L,"1-1/4""",1.25,6.01,15.25,21.35,163,180
PB316L-CX900T1-1/4S2-1/2,"2-1/2""",900,316L,"1-1/4""",1.25,7.48,15.43,21.6,196,216
PBAL6061-CX900T1-1/4S2-1/2,"2-1/2""",900,AL-6061,"1-1/4""",1.25,5.1,5.14,7.2,72,80
PB304-CX900T1-3/8S2-1/2,"2-1/2""",900,304,"1-3/8""",1.375,5.55,16.78,23.49,165,182
PBSA36-CX900T1-3/8S2-1/2,"2-1/2""",900,SA-36,"1-3/8""",1.375,1.87,16.06,22.48,77,85
PBSA516-70-CX900T1-3/8S2-1/2,"2-1/2""",900,SA-516-70,"1-3/8""",1.375,2.18,16.06,22.48,84,93
PB304L-CX900T1-3/8S2-1/2,"2-1/2""",900,304L,"1-3/8""",1.375,6.01,16.78,23.49,176,194
PB316L-CX900T1-3/8S2-1/2,"2-1/2""",900,316L,"1-3/8""",1.375,7.48,16.97,23.76,213,235
PBAL6061-CX900T1-3/8S2-1/2,"2-1/2""",900,AL-6061,"1-3/8""",1.375,5.1,5.66,7.92,75,83
PB304-CX900T1-1/2S2-1/2,"2-1/2""",900,304,"1-1/2""",1.5,5.55,18.3,25.62,177,195
PBSA36-CX900T1-1/2S2-1/2,"2-1/2""",900,SA-36,"1-1/2""",1.5,1.87,17.52,24.53,81,90
PBSA516-70-CX900T1-1/2S2-1/2,"2-1/2""",900,SA-516-70,"1-1/2""",1.5,2.18,17.52,24.53,88,97
PB304L-CX900T1-1/2S2-1/2,"2-1/2""",900,304L,"1-1/2""",1.5,6.01,18.3,25.62,189,208
PB316L-CX900T1-1/2S2-1/2,"2-1/2""",900,316L,"1-1/2""",1.5,7.48,18.51,25.91,229,252
PBAL6061-CX900T1-1/2S2-1/2,"2-1/2""",900,AL-6061,"1-1/2""",1.5,5.1,6.17,8.64,79,87
PB304-CX900T1-5/8S2-1/2,"2-1/2""",900,304,"1-5/8""",1.625,5.55,19.83,27.76,189,208
PBSA36-CX900T1-5/8S2-1/2,"2-1/2""",900,SA-36,"1-5/8""",1.625,1.87,18.98,26.57,85,94
PBSA516-70-CX900T1-5/8S2-1/2,"2-1/2""",900,SA-516-70,"1-5/8""",1.625,2.18,18.98,26.57,93,103
PB304L-CX900T1-5/8S2-1/2,"2-1/2""",900,304L,"1-5/8""",1.625,6.01,19.83,27.76,202,223
PB316L-CX900T1-5/8S2-1/2,"2-1/2""",900,316L,"1-5/8""",1.625,7.48,20.05,28.07,245,270
PBAL6061-CX900T1-5/8S2-1/2,"2-1/2""",900,AL-6061,"1-5/8""",1.625,5.1,6.69,9.37,83,92
PB304-CX900T1-3/4S2-1/2,"2-1/2""",900,304,"1-3/4""",1.75,5.55,21.35,29.89,201,222
PBSA36-CX900T1-3/4S2-1/2,"2-1/2""",900,SA-36,"1-3/4""",1.75,1.87,20.44,28.62,88,97
PBSA516-70-CX900T1-3/4S2-1/2,"2-1/2""",900,SA-516-70,"1-3/4""",1.75,2.18,20.44,28.62,97,107
PB304L-CX900T1-3/4S2-1/2,"2-1/2""",900,304L,"1-3/4""",1.75,6.01,21.35,29.89,214,236
PB316L-CX900T1-3/4S2-1/2,"2-1/2""",900,316L,"1-3/4""",1.75,7.48,21.6,30.24,261,288
PBAL6061-CX900T1-3/4S2-1/2,"2-1/2""",900,AL-6061,"1-3/4""",1.75,5.1,7.2,10.08,86,95
PB304-CX900T1-7/8S2-1/2,"2-1/2""",900,304,"1-7/8""",1.875,5.55,22.88,32.03,213,235
PBSA36-CX900T1-7/8S2-1/2,"2-1/2""",900,SA-36,"1-7/8""",1.875,1.87,21.9,30.66,92,102
PBSA516-70-CX900T1-7/8S2-1/2,"2-1/2""",900,SA-516-70,"1-7/8""",1.875,2.18,21.9,30.66,102,113
PB304L-CX900T1-7/8S2-1/2,"2-1/2""",900,304L,"1-7/8""",1.875,6.01,22.88,32.03,227,250
PB316L-CX900T1-7/8S2-1/2,"2-1/2""",900,316L,"1-7/8""",1.875,7.48,23.14,32.4,277,305
PBAL6061-CX900T1-7/8S2-1/2,"2-1/2""",900,AL-6061,"1-7/8""",1.875,5.1,7.72,10.81,90,100
PB304-CX900T2S2-1/2,"2-1/2""",900,304,"2""",2,5.55,24.4,34.16,224,247
PBSA36-CX900T2S2-1/2,"2-1/2""",900,SA-36,"2""",2,1.87,23.36,32.7,96,106
PBSA516-70-CX900T2S2-1/2,"2-1/2""",900,SA-516-70,"2""",2,2.18,23.36,32.7,106,117
PB304L-CX900T2S2-1/2,"2-1/2""",900,304L,"2""",2,6.01,24.4,34.16,240,264
PB316L-CX900T2S2-1/2,"2-1/2""",900,316L,"2""",2,7.48,24.68,34.55,293,323
PBAL6061-CX900T2S2-1/2,"2-1/2""",900,AL-6061,"2""",2,5.1,8.23,11.52,94,104
PB304-CX900T2-1/4S2-1/2,"2-1/2""",900,304,"2-1/4""",2.25,5.55,27.45,38.43,248,273
PBSA36-CX900T2-1/4S2-1/2,"2-1/2""",900,SA-36,"2-1/4""",2.25,1.87,26.28,36.79,104,115
PBSA516-70-CX900T2-1/4S2-1/2,"2-1/2""",900,SA-516-70,"2-1/4""",2.25,2.18,26.28,36.79,115,127
PB304L-CX900T2-1/4S2-1/2,"2-1/2""",900,304L,"2-1/4""",2.25,6.01,27.45,38.43,266,293
PB316L-CX900T2-1/4S2-1/2,"2-1/2""",900,316L,"2-1/4""",2.25,7.48,27.77,38.88,326,359
PBAL6061-CX900T2-1/4S2-1/2,"2-1/2""",900,AL-6061,"2-1/4""",2.25,5.1,9.26,12.96,101,112
PB304-CX900T2-1/2S2-1/2,"2-1/2""",900,304,"2-1/2""",2.5,5.55,30.5,42.7,272,300
PBSA36-CX900T2-1/2S2-1/2,"2-1/2""",900,SA-36,"2-1/2""",2.5,1.87,29.2,40.88,111,123
PBSA516-70-CX900T2-1/2S2-1/2,"2-1/2""",900,SA-516-70,"2-1/2""",2.5,2.18,29.2,40.88,124,137
PB304L-CX900T2-1/2S2-1/2,"2-1/2""",900,304L,"2-1/2""",2.5,6.01,30.5,42.7,291,321
PB316L-CX900T2-1/2S2-1/2,"2-1/2""",900,316L,"2-1/2""",2.5,7.48,30.85,43.19,358,394
PBAL6061-CX900T2-1/2S2-1/2,"2-1/2""",900,AL-6061,"2-1/2""",2.5,5.1,10.29,14.41,108,119
PB304-CX900T3S2-1/2,"2-1/2""",900,304,"3""",3,5.55,36.61,51.25,319,351
PBSA36-CX900T3S2-1/2,"2-1/2""",900,SA-36,"3""",3,1.87,35.04,49.06,127,140
PBSA516-70-CX900T3S2-1/2,"2-1/2""",900,SA-516-70,"3""",3,2.18,35.04,49.06,142,157
PB304L-CX900T3S2-1/2,"2-1/2""",900,304L,"3""",3,6.01,36.61,51.25,343,378
PB316L-CX900T3S2-1/2,"2-1/2""",900,316L,"3""",3,7.48,37.02,51.83,423,466
PBAL6061-CX900T3S2-1/2,"2-1/2""",900,AL-6061,"3""",3,5.1,12.35,17.29,123,136
PB304-CX900T11GAS3,"3""",900,304,11 Gauge,0.1196,5.55,1.51,2.11,47,52
PBSA36-CX900T11GAS3,"3""",900,SA-36,11 Gauge,0.1196,1.87,1.44,2.02,39,43
PBSA516-70-CX900T11GAS3,"3""",900,SA-516-70,11 Gauge,0.1196,2.18,1.44,2.02,39,43
PB304L-CX900T11GAS3,"3""",900,304L,11 Gauge,0.1196,6.01,1.51,2.11,48,53
PB316L-CX900T11GAS3,"3""",900,316L,11 Gauge,0.1196,7.48,1.52,2.13,51,57
PBAL6061-CX900T11GAS3,"3""",900,AL-6061,11 Gauge,0.1196,5.1,0.51,0.71,38,42
PB304-CX900T1/8S3,"3""",900,304,"1/8""",0.125,5.55,1.58,2.21,47,52
PBSA36-CX900T1/8S3,"3""",900,SA-36,"1/8""",0.125,1.87,1.51,2.11,39,43
PBSA516-70-CX900T1/8S3,"3""",900,SA-516-70,"1/8""",0.125,2.18,1.51,2.11,39,43
PB304L-CX900T1/8S3,"3""",900,304L,"1/8""",0.125,6.01,1.58,2.21,48,53
PB316L-CX900T1/8S3,"3""",900,316L,"1/8""",0.125,7.48,1.59,2.23,52,58
PBAL6061-CX900T1/8S3,"3""",900,AL-6061,"1/8""",0.125,5.1,0.53,0.74,39,43
PB304-CX900T3/16S3,"3""",900,304,"3/16""",0.1875,5.55,2.36,3.3,53,59
PBSA36-CX900T3/16S3,"3""",900,SA-36,"3/16""",0.1875,1.87,2.26,3.16,41,46
PBSA516-70-CX900T3/16S3,"3""",900,SA-516-70,"3/16""",0.1875,2.18,2.26,3.16,42,47
PB304L-CX900T3/16S3,"3""",900,304L,"3/16""",0.1875,6.01,2.36,3.3,55,61
PB316L-CX900T3/16S3,"3""",900,316L,"3/16""",0.1875,7.48,2.39,3.35,60,66
PBAL6061-CX900T3/16S3,"3""",900,AL-6061,"3/16""",0.1875,5.1,0.8,1.12,41,46
PB304-CX900T1/4S3,"3""",900,304,"1/4""",0.25,5.55,3.15,4.41,59,65
PBSA36-CX900T1/4S3,"3""",900,SA-36,"1/4""",0.25,1.87,3.02,4.23,43,48
PBSA516-70-CX900T1/4S3,"3""",900,SA-516-70,"1/4""",0.25,2.18,3.02,4.23,44,49
PB304L-CX900T1/4S3,"3""",900,304L,"1/4""",0.25,6.01,3.15,4.41,61,68
PB316L-CX900T1/4S3,"3""",900,316L,"1/4""",0.25,7.48,3.19,4.47,68,75
PBAL6061-CX900T1/4S3,"3""",900,AL-6061,"1/4""",0.25,5.1,1.06,1.48,42,47
PB304-CX900T5/16S3,"3""",900,304,"5/16""",0.3125,5.55,3.94,5.52,65,72
PBSA36-CX900T5/16S3,"3""",900,SA-36,"5/16""",0.3125,1.87,3.77,5.28,45,50
PBSA516-70-CX900T5/16S3,"3""",900,SA-516-70,"5/16""",0.3125,2.18,3.77,5.28,46,51
PB304L-CX900T5/16S3,"3""",900,304L,"5/16""",0.3125,6.01,3.94,5.52,68,75
PB316L-CX900T5/16S3,"3""",900,316L,"5/16""",0.3125,7.48,3.98,5.57,77,85
PBAL6061-CX900T5/16S3,"3""",900,AL-6061,"5/16""",0.3125,5.1,1.33,1.86,44,49
PB304-CX900T3/8S3,"3""",900,304,"3/8""",0.375,5.55,4.73,6.62,72,80
PBSA36-CX900T3/8S3,"3""",900,SA-36,"3/8""",0.375,1.87,4.52,6.33,47,52
PBSA516-70-CX900T3/8S3,"3""",900,SA-516-70,"3/8""",0.375,2.18,4.52,6.33,49,54
PB304L-CX900T3/8S3,"3""",900,304L,"3/8""",0.375,6.01,4.73,6.62,75,83
PB316L-CX900T3/8S3,"3""",900,316L,"3/8""",0.375,7.48,4.78,6.69,85,94
PBAL6061-CX900T3/8S3,"3""",900,AL-6061,"3/8""",0.375,5.1,1.59,2.23,46,51
PB304-CX900T1/2S3,"3""",900,304,"1/2""",0.5,5.55,6.3,8.82,84,93
PBSA36-CX900T1/2S3,"3""",900,SA-36,"1/2""",0.5,1.87,6.03,8.44,51,57
PBSA516-70-CX900T1/2S3,"3""",900,SA-516-70,"1/2""",0.5,2.18,6.03,8.44,53,59
PB304L-CX900T1/2S3,"3""",900,304L,"1/2""",0.5,6.01,6.3,8.82,88,97
PB316L-CX900T1/2S3,"3""",900,316L,"1/2""",0.5,7.48,6.37,8.92,102,113
PBAL6061-CX900T1/2S3,"3""",900,AL-6061,"1/2""",0.5,5.1,2.12,2.97,50,56
PB304-CX900T5/8S3,"3""",900,304,"5/8""",0.625,5.55,7.88,11.03,96,106
PBSA36-CX900T5/8S3,"3""",900,SA-36,"5/8""",0.625,1.87,7.54,10.56,55,61
PBSA516-70-CX900T5/8S3,"3""",900,SA-516-70,"5/8""",0.625,2.18,7.54,10.56,58,64
PB304L-CX900T5/8S3,"3""",900,304L,"5/8""",0.625,6.01,7.88,11.03,101,112
PB316L-CX900T5/8S3,"3""",900,316L,"5/8""",0.625,7.48,7.96,11.14,118,130
PBAL6061-CX900T5/8S3,"3""",900,AL-6061,"5/8""",0.625,5.1,2.66,3.72,54,60
PB304-CX900T3/4S3,"3""",900,304,"3/4""",0.75,5.55,9.45,13.23,108,119
PBSA36-CX900T3/4S3,"3""",900,SA-36,"3/4""",0.75,1.87,9.05,12.67,59,65
PBSA516-70-CX900T3/4S3,"3""",900,SA-516-70,"3/4""",0.75,2.18,9.05,12.67,62,69
PB304L-CX900T3/4S3,"3""",900,304L,"3/4""",0.75,6.01,9.45,13.23,114,126
PB316L-CX900T3/4S3,"3""",900,316L,"3/4""",0.75,7.48,9.56,13.38,135,149
PBAL6061-CX900T3/4S3,"3""",900,AL-6061,"3/4""",0.75,5.1,3.19,4.47,58,64
PB304-CX900T7/8S3,"3""",900,304,"7/8""",0.875,5.55,11.03,15.44,121,134
PBSA36-CX900T7/8S3,"3""",900,SA-36,"7/8""",0.875,1.87,10.55,14.77,62,69
PBSA516-70-CX900T7/8S3,"3""",900,SA-516-70,"7/8""",0.875,2.18,10.55,14.77,67,74
PB304L-CX900T7/8S3,"3""",900,304L,"7/8""",0.875,6.01,11.03,15.44,128,141
PB316L-CX900T7/8S3,"3""",900,316L,"7/8""",0.875,7.48,11.15,15.61,152,168
PBAL6061-CX900T7/8S3,"3""",900,AL-6061,"7/8""",0.875,5.1,3.72,5.21,61,68
PB304-CX900T1S3,"3""",900,304,"1""",1,5.55,12.6,17.64,133,147
PBSA36-CX900T1S3,"3""",900,SA-36,"1""",1,1.87,12.06,16.88,66,73
PBSA516-70-CX900T1S3,"3""",900,SA-516-70,"1""",1,2.18,12.06,16.88,72,80
PB304L-CX900T1S3,"3""",900,304L,"1""",1,6.01,12.6,17.64,141,156
PB316L-CX900T1S3,"3""",900,316L,"1""",1,7.48,12.74,17.84,168,185
PBAL6061-CX900T1S3,"3""",900,AL-6061,"1""",1,5.1,4.25,5.95,65,72
PB304-CX900T1-1/8S3,"3""",900,304,"1-1/8""",1.125,5.55,14.18,19.85,145,160
PBSA36-CX900T1-1/8S3,"3""",900,SA-36,"1-1/8""",1.125,1.87,13.57,19,70,77
PBSA516-70-CX900T1-1/8S3,"3""",900,SA-516-70,"1-1/8""",1.125,2.18,13.57,19,76,84
PB304L-CX900T1-1/8S3,"3""",900,304L,"1-1/8""",1.125,6.01,14.18,19.85,154,170
PB316L-CX900T1-1/8S3,"3""",900,316L,"1-1/8""",1.125,7.48,14.34,20.08,185,204
PBAL6061-CX900T1-1/8S3,"3""",900,AL-6061,"1-1/8""",1.125,5.1,4.78,6.69,69,76
PB304-CX900T1-1/4S3,"3""",900,304,"1-1/4""",1.25,5.55,15.75,22.05,157,173
PBSA36-CX900T1-1/4S3,"3""",900,SA-36,"1-1/4""",1.25,1.87,15.08,21.11,74,82
PBSA516-70-CX900T1-1/4S3,"3""",900,SA-516-70,"1-1/4""",1.25,2.18,15.08,21.11,81,90
PB304L-CX900T1-1/4S3,"3""",900,304L,"1-1/4""",1.25,6.01,15.75,22.05,167,184
PB316L-CX900T1-1/4S3,"3""",900,316L,"1-1/4""",1.25,7.48,15.93,22.3,202,223
PBAL6061-CX900T1-1/4S3,"3""",900,AL-6061,"1-1/4""",1.25,5.1,5.31,7.43,73,81
PB304-CX900T1-3/8S3,"3""",900,304,"1-3/8""",1.375,5.55,17.33,24.26,169,186
PBSA36-CX900T1-3/8S3,"3""",900,SA-36,"1-3/8""",1.375,1.87,16.58,23.21,78,86
PBSA516-70-CX900T1-3/8S3,"3""",900,SA-516-70,"1-3/8""",1.375,2.18,16.58,23.21,85,94
PB304L-CX900T1-3/8S3,"3""",900,304L,"1-3/8""",1.375,6.01,17.33,24.26,181,200
PB316L-CX900T1-3/8S3,"3""",900,316L,"1-3/8""",1.375,7.48,17.52,24.53,218,240
PBAL6061-CX900T1-3/8S3,"3""",900,AL-6061,"1-3/8""",1.375,5.1,5.84,8.18,77,85
PB304-CX900T1-1/2S3,"3""",900,304,"1-1/2""",1.5,5.55,18.9,26.46,182,201
PBSA36-CX900T1-1/2S3,"3""",900,SA-36,"1-1/2""",1.5,1.87,18.09,25.33,82,91
PBSA516-70-CX900T1-1/2S3,"3""",900,SA-516-70,"1-1/2""",1.5,2.18,18.09,25.33,90,100
PB304L-CX900T1-1/2S3,"3""",900,304L,"1-1/2""",1.5,6.01,18.9,26.46,194,214
PB316L-CX900T1-1/2S3,"3""",900,316L,"1-1/2""",1.5,7.48,19.11,26.75,235,259
PBAL6061-CX900T1-1/2S3,"3""",900,AL-6061,"1-1/2""",1.5,5.1,6.37,8.92,80,88
PB304-CX900T1-5/8S3,"3""",900,304,"1-5/8""",1.625,5.55,20.48,28.67,194,214
PBSA36-CX900T1-5/8S3,"3""",900,SA-36,"1-5/8""",1.625,1.87,19.6,27.44,86,95
PBSA516-70-CX900T1-5/8S3,"3""",900,SA-516-70,"1-5/8""",1.625,2.18,19.6,27.44,95,105
PB304L-CX900T1-5/8S3,"3""",900,304L,"1-5/8""",1.625,6.01,20.48,28.67,207,228
PB316L-CX900T1-5/8S3,"3""",900,316L,"1-5/8""",1.625,7.48,20.71,28.99,252,278
PBAL6061-CX900T1-5/8S3,"3""",900,AL-6061,"1-5/8""",1.625,5.1,6.91,9.67,84,93
PB304-CX900T1-3/4S3,"3""",900,304,"1-3/4""",1.75,5.55,22.05,30.87,206,227
PBSA36-CX900T1-3/4S3,"3""",900,SA-36,"1-3/4""",1.75,1.87,21.11,29.55,90,100
PBSA516-70-CX900T1-3/4S3,"3""",900,SA-516-70,"1-3/4""",1.75,2.18,21.11,29.55,99,109
PB304L-CX900T1-3/4S3,"3""",900,304L,"1-3/4""",1.75,6.01,22.05,30.87,220,243
PB316L-CX900T1-3/4S3,"3""",900,316L,"1-3/4""",1.75,7.48,22.3,31.22,268,295
PBAL6061-CX900T1-3/4S3,"3""",900,AL-6061,"1-3/4""",1.75,5.1,7.44,10.42,88,97
PB304-CX900T1-7/8S3,"3""",900,304,"1-7/8""",1.875,5.55,23.63,33.08,218,240
PBSA36-CX900T1-7/8S3,"3""",900,SA-36,"1-7/8""",1.875,1.87,22.61,31.65,94,104
PBSA516-70-CX900T1-7/8S3,"3""",900,SA-516-70,"1-7/8""",1.875,2.18,22.61,31.65,104,115
PB304L-CX900T1-7/8S3,"3""",900,304L,"1-7/8""",1.875,6.01,23.63,33.08,234,258
PB316L-CX900T1-7/8S3,"3""",900,316L,"1-7/8""",1.875,7.48,23.89,33.45,285,314
PBAL6061-CX900T1-7/8S3,"3""",900,AL-6061,"1-7/8""",1.875,5.1,7.97,11.16,92,102
PB304-CX900T2S3,"3""",900,304,"2""",2,5.55,25.2,35.28,231,255
PBSA36-CX900T2S3,"3""",900,SA-36,"2""",2,1.87,24.12,33.77,98,108
PBSA516-70-CX900T2S3,"3""",900,SA-516-70,"2""",2,2.18,24.12,33.77,108,119
PB304L-CX900T2S3,"3""",900,304L,"2""",2,6.01,25.2,35.28,247,272
PB316L-CX900T2S3,"3""",900,316L,"2""",2,7.48,25.49,35.69,302,333
PBAL6061-CX900T2S3,"3""",900,AL-6061,"2""",2,5.1,8.5,11.9,96,106
PB304-CX900T2-1/4S3,"3""",900,304,"2-1/4""",2.25,5.55,28.35,39.69,255,281
PBSA36-CX900T2-1/4S3,"3""",900,SA-36,"2-1/4""",2.25,1.87,27.14,38,106,117
PBSA516-70-CX900T2-1/4S3,"3""",900,SA-516-70,"2-1/4""",2.25,2.18,27.14,38,118,130
PB304L-CX900T2-1/4S3,"3""",900,304L,"2-1/4""",2.25,6.01,28.35,39.69,273,301
PB316L-CX900T2-1/4S3,"3""",900,316L,"2-1/4""",2.25,7.48,28.67,40.14,335,369
PBAL6061-CX900T2-1/4S3,"3""",900,AL-6061,"2-1/4""",2.25,5.1,9.56,13.38,103,114
PB304-CX900T2-1/2S3,"3""",900,304,"2-1/2""",2.5,5.55,31.5,44.1,280,308
PBSA36-CX900T2-1/2S3,"3""",900,SA-36,"2-1/2""",2.5,1.87,30.15,42.21,114,126
PBSA516-70-CX900T2-1/2S3,"3""",900,SA-516-70,"2-1/2""",2.5,2.18,30.15,42.21,127,140
PB304L-CX900T2-1/2S3,"3""",900,304L,"2-1/2""",2.5,6.01,31.5,44.1,300,330
PB316L-CX900T2-1/2S3,"3""",900,316L,"2-1/2""",2.5,7.48,31.86,44.6,368,405
PBAL6061-CX900T2-1/2S3,"3""",900,AL-6061,"2-1/2""",2.5,5.1,10.62,14.87,111,123
PB304-CX900T3S3,"3""",900,304,"3""",3,5.55,37.8,52.92,329,362
PBSA36-CX900T3S3,"3""",900,SA-36,"3""",3,1.87,36.18,50.65,130,143
PBSA516-70-CX900T3S3,"3""",900,SA-516-70,"3""",3,2.18,36.18,50.65,145,160
PB304L-CX900T3S3,"3""",900,304L,"3""",3,6.01,37.8,52.92,353,389
PB316L-CX900T3S3,"3""",900,316L,"3""",3,7.48,38.23,53.52,435,479
PBAL6061-CX900T3S3,"3""",900,AL-6061,"3""",3,5.1,12.75,17.85,126,139
PB304-CX900T11GAS4,"4""",900,304,11 Gauge,0.1196,5.55,2.26,3.16,52,58
PBSA36-CX900T11GAS4,"4""",900,SA-36,11 Gauge,0.1196,1.87,2.16,3.02,40,44
PBSA516-70-CX900T11GAS4,"4""",900,SA-516-70,11 Gauge,0.1196,2.18,2.16,3.02,41,46
PB304L-CX900T11GAS4,"4""",900,304L,11 Gauge,0.1196,6.01,2.26,3.16,54,60
PB316L-CX900T11GAS4,"4""",900,316L,11 Gauge,0.1196,7.48,2.29,3.21,59,65
PBAL6061-CX900T11GAS4,"4""",900,AL-6061,11 Gauge,0.1196,5.1,0.76,1.06,40,44
PB304-CX900T1/8S4,"4""",900,304,"1/8""",0.125,5.55,2.36,3.3,53,59
PBSA36-CX900T1/8S4,"4""",900,SA-36,"1/8""",0.125,1.87,2.26,3.16,41,46
PBSA516-70-CX900T1/8S4,"4""",900,SA-516-70,"1/8""",0.125,2.18,2.26,3.16,42,47
PB304L-CX900T1/8S4,"4""",900,304L,"1/8""",0.125,6.01,2.36,3.3,55,61
PB316L-CX900T1/8S4,"4""",900,316L,"1/8""",0.125,7.48,2.39,3.35,60,66
PBAL6061-CX900T1/8S4,"4""",900,AL-6061,"1/8""",0.125,5.1,0.8,1.12,41,46
PB304-CX900T3/16S4,"4""",900,304,"3/16""",0.1875,5.55,3.54,4.96,62,69
PBSA36-CX900T3/16S4,"4""",900,SA-36,"3/16""",0.1875,1.87,3.39,4.75,44,49
PBSA516-70-CX900T3/16S4,"4""",900,SA-516-70,"3/16""",0.1875,2.18,3.39,4.75,45,50
PB304L-CX900T3/16S4,"4""",900,304L,"3/16""",0.1875,6.01,3.54,4.96,65,72
PB316L-CX900T3/16S4,"4""",900,316L,"3/16""",0.1875,7.48,3.58,5.01,72,80
PBAL6061-CX900T3/16S4,"4""",900,AL-6061,"3/16""",0.1875,5.1,1.19,1.67,43,48
PB304-CX900T1/4S4,"4""",900,304,"1/4""",0.25,5.55,4.72,6.61,72,80
PBSA36-CX900T1/4S4,"4""",900,SA-36,"1/4""",0.25,1.87,4.52,6.33,47,52
PBSA516-70-CX900T1/4S4,"4""",900,SA-516-70,"1/4""",0.25,2.18,4.52,6.33,49,54
PB304L-CX900T1/4S4,"4""",900,304L,"1/4""",0.25,6.01,4.72,6.61,75,83
PB316L-CX900T1/4S4,"4""",900,316L,"1/4""",0.25,7.48,4.78,6.69,85,94
PBAL6061-CX900T1/4S4,"4""",900,AL-6061,"1/4""",0.25,5.1,1.59,2.23,46,51
PB304-CX900T5/16S4,"4""",900,304,"5/16""",0.3125,5.55,5.9,8.26,81,90
PBSA36-CX900T5/16S4,"4""",900,SA-36,"5/16""",0.3125,1.87,5.65,7.91,50,56
PBSA516-70-CX900T5/16S4,"4""",900,SA-516-70,"5/16""",0.3125,2.18,5.65,7.91,52,58
PB304L-CX900T5/16S4,"4""",900,304L,"5/16""",0.3125,6.01,5.9,8.26,84,93
PB316L-CX900T5/16S4,"4""",900,316L,"5/16""",0.3125,7.48,5.97,8.36,97,107
PBAL6061-CX900T5/16S4,"4""",900,AL-6061,"5/16""",0.3125,5.1,1.99,2.79,49,54
PB304-CX900T3/8S4,"4""",900,304,"3/8""",0.375,5.55,7.08,9.91,90,100
PBSA36-CX900T3/8S4,"4""",900,SA-36,"3/8""",0.375,1.87,6.78,9.49,53,59
PBSA516-70-CX900T3/8S4,"4""",900,SA-516-70,"3/8""",0.375,2.18,6.78,9.49,56,62
PB304L-CX900T3/8S4,"4""",900,304L,"3/8""",0.375,6.01,7.08,9.91,94,104
PB316L-CX900T3/8S4,"4""",900,316L,"3/8""",0.375,7.48,7.17,10.04,110,122
PBAL6061-CX900T3/8S4,"4""",900,AL-6061,"3/8""",0.375,5.1,2.39,3.35,52,58
PB304-CX900T1/2S4,"4""",900,304,"1/2""",0.5,5.55,9.45,13.23,108,119
PBSA36-CX900T1/2S4,"4""",900,SA-36,"1/2""",0.5,1.87,9.04,12.66,59,65
PBSA516-70-CX900T1/2S4,"4""",900,SA-516-70,"1/2""",0.5,2.18,9.04,12.66,62,69
PB304L-CX900T1/2S4,"4""",900,304L,"1/2""",0.5,6.01,9.45,13.23,114,126
PB316L-CX900T1/2S4,"4""",900,316L,"1/2""",0.5,7.48,9.55,13.37,135,149
PBAL6061-CX900T1/2S4,"4""",900,AL-6061,"1/2""",0.5,5.1,3.19,4.47,58,64
PB304-CX900T5/8S4,"4""",900,304,"5/8""",0.625,5.55,11.81,16.53,127,140
PBSA36-CX900T5/8S4,"4""",900,SA-36,"5/8""",0.625,1.87,11.3,15.82,64,71
PBSA516-70-CX900T5/8S4,"4""",900,SA-516-70,"5/8""",0.625,2.18,11.3,15.82,69,76
PB304L-CX900T5/8S4,"4""",900,304L,"5/8""",0.625,6.01,11.81,16.53,134,148
PB316L-CX900T5/8S4,"4""",900,316L,"5/8""",0.625,7.48,11.94,16.72,160,176
PBAL6061-CX900T5/8S4,"4""",900,AL-6061,"5/8""",0.625,5.1,3.98,5.57,63,70
PB304-CX900T3/4S4,"4""",900,304,"3/4""",0.75,5.55,14.17,19.84,145,160
PBSA36-CX900T3/4S4,"4""",900,SA-36,"3/4""",0.75,1.87,13.56,18.98,70,77
PBSA516-70-CX900T3/4S4,"4""",900,SA-516-70,"3/4""",0.75,2.18,13.56,18.98,76,84
PB304L-CX900T3/4S4,"4""",900,304L,"3/4""",0.75,6.01,14.17,19.84,154,170
PB316L-CX900T3/4S4,"4""",900,316L,"3/4""",0.75,7.48,14.33,20.06,185,204
PBAL6061-CX900T3/4S4,"4""",900,AL-6061,"3/4""",0.75,5.1,4.78,6.69,69,76
PB304-CX900T7/8S4,"4""",900,304,"7/8""",0.875,5.55,16.53,23.14,163,180
PBSA36-CX900T7/8S4,"4""",900,SA-36,"7/8""",0.875,1.87,15.82,22.15,76,84
PBSA516-70-CX900T7/8S4,"4""",900,SA-516-70,"7/8""",0.875,2.18,15.82,22.15,83,92
PB304L-CX900T7/8S4,"4""",900,304L,"7/8""",0.875,6.01,16.53,23.14,174,192
PB316L-CX900T7/8S4,"4""",900,316L,"7/8""",0.875,7.48,16.72,23.41,210,232
PBAL6061-CX900T7/8S4,"4""",900,AL-6061,"7/8""",0.875,5.1,5.58,7.81,75,83
PB304-CX900T1S4,"4""",900,304,"1""",1,5.55,18.89,26.45,182,201
PBSA36-CX900T1S4,"4""",900,SA-36,"1""",1,1.87,18.08,25.31,82,91
PBSA516-70-CX900T1S4,"4""",900,SA-516-70,"1""",1,2.18,18.08,25.31,90,100
PB304L-CX900T1S4,"4""",900,304L,"1""",1,6.01,18.89,26.45,194,214
PB316L-CX900T1S4,"4""",900,316L,"1""",1,7.48,19.11,26.75,235,259
PBAL6061-CX900T1S4,"4""",900,AL-6061,"1""",1,5.1,6.37,8.92,80,88
PB304-CX900T1-1/8S4,"4""",900,304,"1-1/8""",1.125,5.55,21.25,29.75,200,221
PBSA36-CX900T1-1/8S4,"4""",900,SA-36,"1-1/8""",1.125,1.87,20.35,28.49,88,97
PBSA516-70-CX900T1-1/8S4,"4""",900,SA-516-70,"1-1/8""",1.125,2.18,20.35,28.49,97,107
PB304L-CX900T1-1/8S4,"4""",900,304L,"1-1/8""",1.125,6.01,21.25,29.75,214,236
PB316L-CX900T1-1/8S4,"4""",900,316L,"1-1/8""",1.125,7.48,21.5,30.1,260,286
PBAL6061-CX900T1-1/8S4,"4""",900,AL-6061,"1-1/8""",1.125,5.1,7.17,10.04,86,95
PB304-CX900T1-1/4S4,"4""",900,304,"1-1/4""",1.25,5.55,23.62,33.07,218,240
PBSA36-CX900T1-1/4S4,"4""",900,SA-36,"1-1/4""",1.25,1.87,22.61,31.65,94,104
PBSA516-70-CX900T1-1/4S4,"4""",900,SA-516-70,"1-1/4""",1.25,2.18,22.61,31.65,104,115
PB304L-CX900T1-1/4S4,"4""",900,304L,"1-1/4""",1.25,6.01,23.62,33.07,234,258
PB316L-CX900T1-1/4S4,"4""",900,316L,"1-1/4""",1.25,7.48,23.88,33.43,285,314
PBAL6061-CX900T1-1/4S4,"4""",900,AL-6061,"1-1/4""",1.25,5.1,7.97,11.16,92,102
PB304-CX900T1-3/8S4,"4""",900,304,"1-3/8""",1.375,5.55,25.98,36.37,237,261
PBSA36-CX900T1-3/8S4,"4""",900,SA-36,"1-3/8""",1.375,1.87,24.87,34.82,100,111
PBSA516-70-CX900T1-3/8S4,"4""",900,SA-516-70,"1-3/8""",1.375,2.18,24.87,34.82,111,123
PB304L-CX900T1-3/8S4,"4""",900,304L,"1-3/8""",1.375,6.01,25.98,36.37,253,279
PB316L-CX900T1-3/8S4,"4""",900,316L,"1-3/8""",1.375,7.48,26.27,36.78,310,341
PBAL6061-CX900T1-3/8S4,"4""",900,AL-6061,"1-3/8""",1.375,5.1,8.76,12.26,97,107
PB304-CX900T1-1/2S4,"4""",900,304,"1-1/2""",1.5,5.55,28.34,39.68,255,281
PBSA36-CX900T1-1/2S4,"4""",900,SA-36,"1-1/2""",1.5,1.87,27.13,37.98,106,117
PBSA516-70-CX900T1-1/2S4,"4""",900,SA-516-70,"1-1/2""",1.5,2.18,27.13,37.98,118,130
PB304L-CX900T1-1/2S4,"4""",900,304L,"1-1/2""",1.5,6.01,28.34,39.68,273,301
PB316L-CX900T1-1/2S4,"4""",900,316L,"1-1/2""",1.5,7.48,28.66,40.12,335,369
PBAL6061-CX900T1-1/2S4,"4""",900,AL-6061,"1-1/2""",1.5,5.1,9.56,13.38,103,114
PB304-CX900T1-5/8S4,"4""",900,304,"1-5/8""",1.625,5.55,30.7,42.98,273,301
PBSA36-CX900T1-5/8S4,"4""",900,SA-36,"1-5/8""",1.625,1.87,29.39,41.15,112,124
PBSA516-70-CX900T1-5/8S4,"4""",900,SA-516-70,"1-5/8""",1.625,2.18,29.39,41.15,125,138
PB304L-CX900T1-5/8S4,"4""",900,304L,"1-5/8""",1.625,6.01,30.7,42.98,293,323
PB316L-CX900T1-5/8S4,"4""",900,316L,"1-5/8""",1.625,7.48,31.05,43.47,360,397
PBAL6061-CX900T1-5/8S4,"4""",900,AL-6061,"1-5/8""",1.625,5.1,10.35,14.49,109,120
PB304-CX900T1-3/4S4,"4""",900,304,"1-3/4""",1.75,5.55,33.06,46.28,292,322
PBSA36-CX900T1-3/4S4,"4""",900,SA-36,"1-3/4""",1.75,1.87,31.65,44.31,118,130
PBSA516-70-CX900T1-3/4S4,"4""",900,SA-516-70,"1-3/4""",1.75,2.18,31.65,44.31,131,145
PB304L-CX900T1-3/4S4,"4""",900,304L,"1-3/4""",1.75,6.01,33.06,46.28,313,345
PB316L-CX900T1-3/4S4,"4""",900,316L,"1-3/4""",1.75,7.48,33.44,46.82,385,424
PBAL6061-CX900T1-3/4S4,"4""",900,AL-6061,"1-3/4""",1.75,5.1,11.15,15.61,114,126
PB304-CX900T1-7/8S4,"4""",900,304,"1-7/8""",1.875,5.55,35.42,49.59,310,341
PBSA36-CX900T1-7/8S4,"4""",900,SA-36,"1-7/8""",1.875,1.87,33.91,47.47,124,137
PBSA516-70-CX900T1-7/8S4,"4""",900,SA-516-70,"1-7/8""",1.875,2.18,33.91,47.47,138,152
PB304L-CX900T1-7/8S4,"4""",900,304L,"1-7/8""",1.875,6.01,35.42,49.59,333,367
PB316L-CX900T1-7/8S4,"4""",900,316L,"1-7/8""",1.875,7.48,35.83,50.16,410,452
PBAL6061-CX900T1-7/8S4,"4""",900,AL-6061,"1-7/8""",1.875,5.1,11.95,16.73,120,132
PB304-CX900T2S4,"4""",900,304,"2""",2,5.55,37.79,52.91,328,361
PBSA36-CX900T2S4,"4""",900,SA-36,"2""",2,1.87,36.17,50.64,130,143
PBSA516-70-CX900T2S4,"4""",900,SA-516-70,"2""",2,2.18,36.17,50.64,145,160
PB304L-CX900T2S4,"4""",900,304L,"2""",2,6.01,37.79,52.91,353,389
PB316L-CX900T2S4,"4""",900,316L,"2""",2,7.48,38.22,53.51,435,479
PBAL6061-CX900T2S4,"4""",900,AL-6061,"2""",2,5.1,12.74,17.84,126,139
PB304-CX900T2-1/4S4,"4""",900,304,"2-1/4""",2.25,5.55,42.51,59.51,365,402
PBSA36-CX900T2-1/4S4,"4""",900,SA-36,"2-1/4""",2.25,1.87,40.69,56.97,141,156
PBSA516-70-CX900T2-1/4S4,"4""",900,SA-516-70,"2-1/4""",2.25,2.18,40.69,56.97,159,175
PB304L-CX900T2-1/4S4,"4""",900,304L,"2-1/4""",2.25,6.01,42.51,59.51,393,433
PB316L-CX900T2-1/4S4,"4""",900,316L,"2-1/4""",2.25,7.48,42.99,60.19,485,534
PBAL6061-CX900T2-1/4S4,"4""",900,AL-6061,"2-1/4""",2.25,5.1,14.34,20.08,137,151
PB304-CX900T2-1/2S4,"4""",900,304,"2-1/2""",2.5,5.55,47.23,66.12,402,443
PBSA36-CX900T2-1/2S4,"4""",900,SA-36,"2-1/2""",2.5,1.87,45.21,63.29,153,169
PBSA516-70-CX900T2-1/2S4,"4""",900,SA-516-70,"2-1/2""",2.5,2.18,45.21,63.29,173,191
PB304L-CX900T2-1/2S4,"4""",900,304L,"2-1/2""",2.5,6.01,47.23,66.12,432,476
PB316L-CX900T2-1/2S4,"4""",900,316L,"2-1/2""",2.5,7.48,47.77,66.88,535,589
PBAL6061-CX900T2-1/2S4,"4""",900,AL-6061,"2-1/2""",2.5,5.1,15.93,22.3,149,164
PB304-CX900T3S4,"4""",900,304,"3""",3,5.55,56.68,79.35,475,523
PBSA36-CX900T3S4,"4""",900,SA-36,"3""",3,1.87,54.25,75.95,177,195
PBSA516-70-CX900T3S4,"4""",900,SA-516-70,"3""",3,2.18,54.25,75.95,200,221
PB304L-CX900T3S4,"4""",900,304L,"3""",3,6.01,56.68,79.35,512,564
PB316L-CX900T3S4,"4""",900,316L,"3""",3,7.48,57.32,80.25,635,699
PBAL6061-CX900T3S4,"4""",900,AL-6061,"3""",3,5.1,19.12,26.77,171,189
PB304-CX900T11GAS6,"6""",900,304,11 Gauge,0.1196,5.55,4.36,6.1,69,76
PBSA36-CX900T11GAS6,"6""",900,SA-36,11 Gauge,0.1196,1.87,4.17,5.84,46,51
PBSA516-70-CX900T11GAS6,"6""",900,SA-516-70,11 Gauge,0.1196,2.18,4.17,5.84,48,53
PB304L-CX900T11GAS6,"6""",900,304L,11 Gauge,0.1196,6.01,4.36,6.1,72,80
PB316L-CX900T11GAS6,"6""",900,316L,11 Gauge,0.1196,7.48,4.41,6.17,81,90
PBAL6061-CX900T11GAS6,"6""",900,AL-6061,11 Gauge,0.1196,5.1,1.47,2.06,45,50
PB304-CX900T1/8S6,"6""",900,304,"1/8""",0.125,5.55,4.55,6.37,70,77
PBSA36-CX900T1/8S6,"6""",900,SA-36,"1/8""",0.125,1.87,4.36,6.1,46,51
PBSA516-70-CX900T1/8S6,"6""",900,SA-516-70,"1/8""",0.125,2.18,4.36,6.1,48,53
PB304L-CX900T1/8S6,"6""",900,304L,"1/8""",0.125,6.01,4.55,6.37,73,81
PB316L-CX900T1/8S6,"6""",900,316L,"1/8""",0.125,7.48,4.61,6.45,83,92
PBAL6061-CX900T1/8S6,"6""",900,AL-6061,"1/8""",0.125,5.1,1.54,2.16,46,51
PB304-CX900T3/16S6,"6""",900,304,"3/16""",0.1875,5.55,6.83,9.56,88,97
PBSA36-CX900T3/16S6,"6""",900,SA-36,"3/16""",0.1875,1.87,6.54,9.16,52,58
PBSA516-70-CX900T3/16S6,"6""",900,SA-516-70,"3/16""",0.1875,2.18,6.54,9.16,55,61
PB304L-CX900T3/16S6,"6""",900,304L,"3/16""",0.1875,6.01,6.83,9.56,92,102
PB316L-CX900T3/16S6,"6""",900,316L,"3/16""",0.1875,7.48,6.91,9.67,107,118
PBAL6061-CX900T3/16S6,"6""",900,AL-6061,"3/16""",0.1875,5.1,2.3,3.22,51,57
PB304-CX900T1/4S6,"6""",900,304,"1/4""",0.25,5.55,9.11,12.75,106,117
PBSA36-CX900T1/4S6,"6""",900,SA-36,"1/4""",0.25,1.87,8.72,12.21,58,64
PBSA516-70-CX900T1/4S6,"6""",900,SA-516-70,"1/4""",0.25,2.18,8.72,12.21,61,68
PB304L-CX900T1/4S6,"6""",900,304L,"1/4""",0.25,6.01,9.11,12.75,111,123
PB316L-CX900T1/4S6,"6""",900,316L,"1/4""",0.25,7.48,9.21,12.89,131,145
PBAL6061-CX900T1/4S6,"6""",900,AL-6061,"1/4""",0.25,5.1,3.07,4.3,57,63
PB304-CX900T5/16S6,"6""",900,304,"5/16""",0.3125,5.55,11.38,15.93,123,136
PBSA36-CX900T5/16S6,"6""",900,SA-36,"5/16""",0.3125,1.87,10.9,15.26,63,70
PBSA516-70-CX900T5/16S6,"6""",900,SA-516-70,"5/16""",0.3125,2.18,10.9,15.26,68,75
PB304L-CX900T5/16S6,"6""",900,304L,"5/16""",0.3125,6.01,11.38,15.93,131,145
PB316L-CX900T5/16S6,"6""",900,316L,"5/16""",0.3125,7.48,11.51,16.11,155,171
PBAL6061-CX900T5/16S6,"6""",900,AL-6061,"5/16""",0.3125,5.1,3.84,5.38,62,69
PB304-CX900T3/8S6,"6""",900,304,"3/8""",0.375,5.55,13.66,19.12,141,156
PBSA36-CX900T3/8S6,"6""",900,SA-36,"3/8""",0.375,1.87,13.08,18.31,69,76
PBSA516-70-CX900T3/8S6,"6""",900,SA-516-70,"3/8""",0.375,2.18,13.08,18.31,75,83
PB304L-CX900T3/8S6,"6""",900,304L,"3/8""",0.375,6.01,13.66,19.12,150,165
PB316L-CX900T3/8S6,"6""",900,316L,"3/8""",0.375,7.48,13.82,19.35,180,199
PBAL6061-CX900T3/8S6,"6""",900,AL-6061,"3/8""",0.375,5.1,4.61,6.45,68,75
PB304-CX900T1/2S6,"6""",900,304,"1/2""",0.5,5.55,18.22,25.51,176,194
PBSA36-CX900T1/2S6,"6""",900,SA-36,"1/2""",0.5,1.87,17.44,24.42,81,90
PBSA516-70-CX900T1/2S6,"6""",900,SA-516-70,"1/2""",0.5,2.18,17.44,24.42,88,97
PB304L-CX900T1/2S6,"6""",900,304L,"1/2""",0.5,6.01,18.22,25.51,188,207
PB316L-CX900T1/2S6,"6""",900,316L,"1/2""",0.5,7.48,18.42,25.79,228,251
PBAL6061-CX900T1/2S6,"6""",900,AL-6061,"1/2""",0.5,5.1,6.14,8.6,79,87
PB304-CX900T5/8S6,"6""",900,304,"5/8""",0.625,5.55,22.77,31.88,212,234
PBSA36-CX900T5/8S6,"6""",900,SA-36,"5/8""",0.625,1.87,21.79,30.51,92,102
PBSA516-70-CX900T5/8S6,"6""",900,SA-516-70,"5/8""",0.625,2.18,21.79,30.51,101,112
PB304L-CX900T5/8S6,"6""",900,304L,"5/8""",0.625,6.01,22.77,31.88,226,249
PB316L-CX900T5/8S6,"6""",900,316L,"5/8""",0.625,7.48,23.03,32.24,276,304
PBAL6061-CX900T5/8S6,"6""",900,AL-6061,"5/8""",0.625,5.1,7.68,10.75,90,100
PB304-CX900T3/4S6,"6""",900,304,"3/4""",0.75,5.55,27.32,38.25,247,272
PBSA36-CX900T3/4S6,"6""",900,SA-36,"3/4""",0.75,1.87,26.15,36.61,103,114
PBSA516-70-CX900T3/4S6,"6""",900,SA-516-70,"3/4""",0.75,2.18,26.15,36.61,115,127
PB304L-CX900T3/4S6,"6""",900,304L,"3/4""",0.75,6.01,27.32,38.25,265,292
PB316L-CX900T3/4S6,"6""",900,316L,"3/4""",0.75,7.48,27.63,38.68,324,357
PBAL6061-CX900T3/4S6,"6""",900,AL-6061,"3/4""",0.75,5.1,9.22,12.91,101,112
PB304-CX900T7/8S6,"6""",900,304,"7/8""",0.875,5.55,31.88,44.63,283,312
PBSA36-CX900T7/8S6,"6""",900,SA-36,"7/8""",0.875,1.87,30.51,42.71,115,127
PBSA516-70-CX900T7/8S6,"6""",900,SA-516-70,"7/8""",0.875,2.18,30.51,42.71,128,141
PB304L-CX900T7/8S6,"6""",900,304L,"7/8""",0.875,6.01,31.88,44.63,303,334
PB316L-CX900T7/8S6,"6""",900,316L,"7/8""",0.875,7.48,32.24,45.14,372,410
PBAL6061-CX900T7/8S6,"6""",900,AL-6061,"7/8""",0.875,5.1,10.75,15.05,112,124
PB304-CX900T1S6,"6""",900,304,"1""",1,5.55,36.43,51,318,350
PBSA36-CX900T1S6,"6""",900,SA-36,"1""",1,1.87,34.87,48.82,126,139
PBSA516-70-CX900T1S6,"6""",900,SA-516-70,"1""",1,2.18,34.87,48.82,141,156
PB304L-CX900T1S6,"6""",900,304L,"1""",1,6.01,36.43,51,341,376
PB316L-CX900T1S6,"6""",900,316L,"1""",1,7.48,36.84,51.58,421,464
PBAL6061-CX900T1S6,"6""",900,AL-6061,"1""",1,5.1,12.29,17.21,123,136
PB304-CX900T1-1/8S6,"6""",900,304,"1-1/8""",1.125,5.55,40.98,57.37,353,389
PBSA36-CX900T1-1/8S6,"6""",900,SA-36,"1-1/8""",1.125,1.87,39.23,54.92,138,152
PBSA516-70-CX900T1-1/8S6,"6""",900,SA-516-70,"1-1/8""",1.125,2.18,39.23,54.92,155,171
PB304L-CX900T1-1/8S6,"6""",900,304L,"1-1/8""",1.125,6.01,40.98,57.37,380,419
PB316L-CX900T1-1/8S6,"6""",900,316L,"1-1/8""",1.125,7.48,41.45,58.03,469,516
PBAL6061-CX900T1-1/8S6,"6""",900,AL-6061,"1-1/8""",1.125,5.1,13.82,19.35,134,148
PB304-CX900T1-1/4S6,"6""",900,304,"1-1/4""",1.25,5.55,45.54,63.76,389,428
PBSA36-CX900T1-1/4S6,"6""",900,SA-36,"1-1/4""",1.25,1.87,43.59,61.03,149,164
PBSA516-70-CX900T1-1/4S6,"6""",900,SA-516-70,"1-1/4""",1.25,2.18,43.59,61.03,168,185
PB304L-CX900T1-1/4S6,"6""",900,304L,"1-1/4""",1.25,6.01,45.54,63.76,418,460
PB316L-CX900T1-1/4S6,"6""",900,316L,"1-1/4""",1.25,7.48,46.06,64.48,517,569
PBAL6061-CX900T1-1/4S6,"6""",900,AL-6061,"1-1/4""",1.25,5.1,15.36,21.5,144,159
PB304-CX900T1-3/8S6,"6""",900,304,"1-3/8""",1.375,5.55,50.09,70.13,424,467
PBSA36-CX900T1-3/8S6,"6""",900,SA-36,"1-3/8""",1.375,1.87,47.95,67.13,160,176
PBSA516-70-CX900T1-3/8S6,"6""",900,SA-516-70,"1-3/8""",1.375,2.18,47.95,67.13,181,200
PB304L-CX900T1-3/8S6,"6""",900,304L,"1-3/8""",1.375,6.01,50.09,70.13,456,502
PB316L-CX900T1-3/8S6,"6""",900,316L,"1-3/8""",1.375,7.48,50.66,70.92,565,622
PBAL6061-CX900T1-3/8S6,"6""",900,AL-6061,"1-3/8""",1.375,5.1,16.89,23.65,155,171
PB304-CX900T1-1/2S6,"6""",900,304,"1-1/2""",1.5,5.55,54.65,76.51,459,505
PBSA36-CX900T1-1/2S6,"6""",900,SA-36,"1-1/2""",1.5,1.87,52.31,73.23,172,190
PBSA516-70-CX900T1-1/2S6,"6""",900,SA-516-70,"1-1/2""",1.5,2.18,52.31,73.23,194,214
PB304L-CX900T1-1/2S6,"6""",900,304L,"1-1/2""",1.5,6.01,54.65,76.51,495,545
PB316L-CX900T1-1/2S6,"6""",900,316L,"1-1/2""",1.5,7.48,55.27,77.38,614,676
PBAL6061-CX900T1-1/2S6,"6""",900,AL-6061,"1-1/2""",1.5,5.1,18.43,25.8,166,183
PB304-CX900T1-5/8S6,"6""",900,304,"1-5/8""",1.625,5.55,59.2,82.88,495,545
PBSA36-CX900T1-5/8S6,"6""",900,SA-36,"1-5/8""",1.625,1.87,56.67,79.34,183,202
PBSA516-70-CX900T1-5/8S6,"6""",900,SA-516-70,"1-5/8""",1.625,2.18,56.67,79.34,208,229
PB304L-CX900T1-5/8S6,"6""",900,304L,"1-5/8""",1.625,6.01,59.2,82.88,533,587
PB316L-CX900T1-5/8S6,"6""",900,316L,"1-5/8""",1.625,7.48,59.87,83.82,662,729
PBAL6061-CX900T1-5/8S6,"6""",900,AL-6061,"1-5/8""",1.625,5.1,19.97,27.96,177,195
PB304-CX900T1-3/4S6,"6""",900,304,"1-3/4""",1.75,5.55,63.75,89.25,530,583
PBSA36-CX900T1-3/4S6,"6""",900,SA-36,"1-3/4""",1.75,1.87,61.03,85.44,195,215
PBSA516-70-CX900T1-3/4S6,"6""",900,SA-516-70,"1-3/4""",1.75,2.18,61.03,85.44,221,244
PB304L-CX900T1-3/4S6,"6""",900,304L,"1-3/4""",1.75,6.01,63.75,89.25,571,629
PB316L-CX900T1-3/4S6,"6""",900,316L,"1-3/4""",1.75,7.48,64.48,90.27,710,782
PBAL6061-CX900T1-3/4S6,"6""",900,AL-6061,"1-3/4""",1.75,5.1,21.5,30.1,188,207
PB304-CX900T1-7/8S6,"6""",900,304,"1-7/8""",1.875,5.55,68.31,95.63,566,623
PBSA36-CX900T1-7/8S6,"6""",900,SA-36,"1-7/8""",1.875,1.87,65.38,91.53,206,227
PBSA516-70-CX900T1-7/8S6,"6""",900,SA-516-70,"1-7/8""",1.875,2.18,65.38,91.53,234,258
PB304L-CX900T1-7/8S6,"6""",900,304L,"1-7/8""",1.875,6.01,68.31,95.63,610,671
PB316L-CX900T1-7/8S6,"6""",900,316L,"1-7/8""",1.875,7.48,69.08,96.71,758,834
PBAL6061-CX900T1-7/8S6,"6""",900,AL-6061,"1-7/8""",1.875,5.1,23.04,32.26,199,219
PB304-CX900T2S6,"6""",900,304,"2""",2,5.55,72.86,102,601,662
PBSA36-CX900T2S6,"6""",900,SA-36,"2""",2,1.87,69.74,97.64,217,239
PBSA516-70-CX900T2S6,"6""",900,SA-516-70,"2""",2,2.18,69.74,97.64,248,273
PB304L-CX900T2S6,"6""",900,304L,"2""",2,6.01,72.86,102,648,713
PB316L-CX900T2S6,"6""",900,316L,"2""",2,7.48,73.69,103.17,807,888
PBAL6061-CX900T2S6,"6""",900,AL-6061,"2""",2,5.1,24.57,34.4,210,232
PB304-CX900T2-1/4S6,"6""",900,304,"2-1/4""",2.25,5.55,81.97,114.76,672,740
PBSA36-CX900T2-1/4S6,"6""",900,SA-36,"2-1/4""",2.25,1.87,78.46,109.84,240,264
PBSA516-70-CX900T2-1/4S6,"6""",900,SA-516-70,"2-1/4""",2.25,2.18,78.46,109.84,274,302
PB304L-CX900T2-1/4S6,"6""",900,304L,"2-1/4""",2.25,6.01,81.97,114.76,725,798
PB316L-CX900T2-1/4S6,"6""",900,316L,"2-1/4""",2.25,7.48,82.9,116.06,903,994
PBAL6061-CX900T2-1/4S6,"6""",900,AL-6061,"2-1/4""",2.25,5.1,27.65,38.71,232,256
PB304-CX900T2-1/2S6,"6""",900,304,"2-1/2""",2.5,5.55,91.08,127.51,743,818
PBSA36-CX900T2-1/2S6,"6""",900,SA-36,"2-1/2""",2.5,1.87,87.18,122.05,263,290
PBSA516-70-CX900T2-1/2S6,"6""",900,SA-516-70,"2-1/2""",2.5,2.18,87.18,122.05,301,332
PB304L-CX900T2-1/2S6,"6""",900,304L,"2-1/2""",2.5,6.01,91.08,127.51,801,882
PB316L-CX900T2-1/2S6,"6""",900,316L,"2-1/2""",2.5,7.48,92.11,128.95,999,1099
PBAL6061-CX900T2-1/2S6,"6""",900,AL-6061,"2-1/2""",2.5,5.1,30.72,43.01,254,280
PB304-CX900T3S6,"6""",900,304,"3""",3,5.55,109.29,153.01,884,973
PBSA36-CX900T3S6,"6""",900,SA-36,"3""",3,1.87,104.62,146.47,309,340
PBSA516-70-CX900T3S6,"6""",900,SA-516-70,"3""",3,2.18,104.62,146.47,354,390
PB304L-CX900T3S6,"6""",900,304L,"3""",3,6.01,109.29,153.01,954,1050
PB316L-CX900T3S6,"6""",900,316L,"3""",3,7.48,110.53,154.74,1192,1312
PBAL6061-CX900T3S6,"6""",900,AL-6061,"3""",3,5.1,36.86,51.6,298,328
PB304-CX900T11GAS8,"8""",900,304,11 Gauge,0.1196,5.55,6.7,9.38,87,96
PBSA36-CX900T11GAS8,"8""",900,SA-36,11 Gauge,0.1196,1.87,6.41,8.97,52,58
PBSA516-70-CX900T11GAS8,"8""",900,SA-516-70,11 Gauge,0.1196,2.18,6.41,8.97,54,60
PB304L-CX900T11GAS8,"8""",900,304L,11 Gauge,0.1196,6.01,6.7,9.38,91,101
PB316L-CX900T11GAS8,"8""",900,316L,11 Gauge,0.1196,7.48,6.77,9.48,106,117
PBAL6061-CX900T11GAS8,"8""",900,AL-6061,11 Gauge,0.1196,5.1,2.26,3.16,51,57
PB304-CX900T1/8S8,"8""",900,304,"1/8""",0.125,5.55,7,9.8,89,98
PBSA36-CX900T1/8S8,"8""",900,SA-36,"1/8""",0.125,1.87,6.7,9.38,52,58
PBSA516-70-CX900T1/8S8,"8""",900,SA-516-70,"1/8""",0.125,2.18,6.7,9.38,55,61
PB304L-CX900T1/8S8,"8""",900,304L,"1/8""",0.125,6.01,7,9.8,94,104
PB316L-CX900T1/8S8,"8""",900,316L,"1/8""",0.125,7.48,7.08,9.91,109,120
PBAL6061-CX900T1/8S8,"8""",900,AL-6061,"1/8""",0.125,5.1,2.36,3.3,52,58
PB304-CX900T3/16S8,"8""",900,304,"3/16""",0.1875,5.55,10.5,14.7,116,128
PBSA36-CX900T3/16S8,"8""",900,SA-36,"3/16""",0.1875,1.87,10.05,14.07,61,68
PBSA516-70-CX900T3/16S8,"8""",900,SA-516-70,"3/16""",0.1875,2.18,10.05,14.07,66,73
PB304L-CX900T3/16S8,"8""",900,304L,"3/16""",0.1875,6.01,10.5,14.7,123,136
PB316L-CX900T3/16S8,"8""",900,316L,"3/16""",0.1875,7.48,10.62,14.87,146,161
PBAL6061-CX900T3/16S8,"8""",900,AL-6061,"3/16""",0.1875,5.1,3.54,4.96,60,66
PB304-CX900T1/4S8,"8""",900,304,"1/4""",0.25,5.55,13.99,19.59,144,159
PBSA36-CX900T1/4S8,"8""",900,SA-36,"1/4""",0.25,1.87,13.4,18.76,70,77
PBSA516-70-CX900T1/4S8,"8""",900,SA-516-70,"1/4""",0.25,2.18,13.4,18.76,76,84
PB304L-CX900T1/4S8,"8""",900,304L,"1/4""",0.25,6.01,13.99,19.59,153,169
PB316L-CX900T1/4S8,"8""",900,316L,"1/4""",0.25,7.48,14.15,19.81,183,202
PBAL6061-CX900T1/4S8,"8""",900,AL-6061,"1/4""",0.25,5.1,4.72,6.61,69,76
PB304-CX900T5/16S8,"8""",900,304,"5/16""",0.3125,5.55,17.49,24.49,171,189
PBSA36-CX900T5/16S8,"8""",900,SA-36,"5/16""",0.3125,1.87,16.75,23.45,79,87
PBSA516-70-CX900T5/16S8,"8""",900,SA-516-70,"5/16""",0.3125,2.18,16.75,23.45,86,95
PB304L-CX900T5/16S8,"8""",900,304L,"5/16""",0.3125,6.01,17.49,24.49,182,201
PB316L-CX900T5/16S8,"8""",900,316L,"5/16""",0.3125,7.48,17.69,24.77,220,243
PBAL6061-CX900T5/16S8,"8""",900,AL-6061,"5/16""",0.3125,5.1,5.9,8.26,77,85
PB304-CX900T3/8S8,"8""",900,304,"3/8""",0.375,5.55,20.99,29.39,198,218
PBSA36-CX900T3/8S8,"8""",900,SA-36,"3/8""",0.375,1.87,20.09,28.13,87,96
PBSA516-70-CX900T3/8S8,"8""",900,SA-516-70,"3/8""",0.375,2.18,20.09,28.13,96,106
PB304L-CX900T3/8S8,"8""",900,304L,"3/8""",0.375,6.01,20.99,29.39,211,233
PB316L-CX900T3/8S8,"8""",900,316L,"3/8""",0.375,7.48,21.23,29.72,257,283
PBAL6061-CX900T3/8S8,"8""",900,AL-6061,"3/8""",0.375,5.1,7.08,9.91,85,94
PB304-CX900T1/2S8,"8""",900,304,"1/2""",0.5,5.55,27.99,39.19,252,278
PBSA36-CX900T1/2S8,"8""",900,SA-36,"1/2""",0.5,1.87,26.79,37.51,105,116
PBSA516-70-CX900T1/2S8,"8""",900,SA-516-70,"1/2""",0.5,2.18,26.79,37.51,117,129
PB304L-CX900T1/2S8,"8""",900,304L,"1/2""",0.5,6.01,27.99,39.19,270,297
PB316L-CX900T1/2S8,"8""",900,316L,"1/2""",0.5,7.48,28.31,39.63,331,365
PBAL6061-CX900T1/2S8,"8""",900,AL-6061,"1/2""",0.5,5.1,9.44,13.22,102,113
PB304-CX900T5/8S8,"8""",900,304,"5/8""",0.625,5.55,34.99,48.99,307,338
PBSA36-CX900T5/8S8,"8""",900,SA-36,"5/8""",0.625,1.87,33.49,46.89,123,136
PBSA516-70-CX900T5/8S8,"8""",900,SA-516-70,"5/8""",0.625,2.18,33.49,46.89,137,151
PB304L-CX900T5/8S8,"8""",900,304L,"5/8""",0.625,6.01,34.99,48.99,329,362
PB316L-CX900T5/8S8,"8""",900,316L,"5/8""",0.625,7.48,35.38,49.53,405,446
PBAL6061-CX900T5/8S8,"8""",900,AL-6061,"5/8""",0.625,5.1,11.8,16.52,119,131
PB304-CX900T3/4S8,"8""",900,304,"3/4""",0.75,5.55,41.98,58.77,361,398
PBSA36-CX900T3/4S8,"8""",900,SA-36,"3/4""",0.75,1.87,40.19,56.27,140,154
PBSA516-70-CX900T3/4S8,"8""",900,SA-516-70,"3/4""",0.75,2.18,40.19,56.27,158,174
PB304L-CX900T3/4S8,"8""",900,304L,"3/4""",0.75,6.01,41.98,58.77,388,427
PB316L-CX900T3/4S8,"8""",900,316L,"3/4""",0.75,7.48,42.46,59.44,479,527
PBAL6061-CX900T3/4S8,"8""",900,AL-6061,"3/4""",0.75,5.1,14.16,19.82,136,150
PB304-CX900T7/8S8,"8""",900,304,"7/8""",0.875,5.55,48.98,68.57,415,457
PBSA36-CX900T7/8S8,"8""",900,SA-36,"7/8""",0.875,1.87,46.89,65.65,158,174
PBSA516-70-CX900T7/8S8,"8""",900,SA-516-70,"7/8""",0.875,2.18,46.89,65.65,178,196
PB304L-CX900T7/8S8,"8""",900,304L,"7/8""",0.875,6.01,48.98,68.57,447,492
PB316L-CX900T7/8S8,"8""",900,316L,"7/8""",0.875,7.48,49.54,69.36,554,610
PBAL6061-CX900T7/8S8,"8""",900,AL-6061,"7/8""",0.875,5.1,16.52,23.13,153,169
PB304-CX900T1S8,"8""",900,304,"1""",1,5.55,55.98,78.37,470,517
PBSA36-CX900T1S8,"8""",900,SA-36,"1""",1,1.87,53.58,75.01,175,193
PBSA516-70-CX900T1S8,"8""",900,SA-516-70,"1""",1,2.18,53.58,75.01,198,218
PB304L-CX900T1S8,"8""",900,304L,"1""",1,6.01,55.98,78.37,506,557
PB316L-CX900T1S8,"8""",900,316L,"1""",1,7.48,56.62,79.27,628,691
PBAL6061-CX900T1S8,"8""",900,AL-6061,"1""",1,5.1,18.88,26.43,170,188
PB304-CX900T1-1/8S8,"8""",900,304,"1-1/8""",1.125,5.55,62.98,88.17,524,577
PBSA36-CX900T1-1/8S8,"8""",900,SA-36,"1-1/8""",1.125,1.87,60.28,84.39,193,213
PBSA516-70-CX900T1-1/8S8,"8""",900,SA-516-70,"1-1/8""",1.125,2.18,60.28,84.39,219,241
PB304L-CX900T1-1/8S8,"8""",900,304L,"1-1/8""",1.125,6.01,62.98,88.17,565,622
PB316L-CX900T1-1/8S8,"8""",900,316L,"1-1/8""",1.125,7.48,63.69,89.17,702,773
PBAL6061-CX900T1-1/8S8,"8""",900,AL-6061,"1-1/8""",1.125,5.1,21.24,29.74,187,206
PB304-CX900T1-1/4S8,"8""",900,304,"1-1/4""",1.25,5.55,69.97,97.96,579,637
PBSA36-CX900T1-1/4S8,"8""",900,SA-36,"1-1/4""",1.25,1.87,66.98,93.77,210,232
PBSA516-70-CX900T1-1/4S8,"8""",900,SA-516-70,"1-1/4""",1.25,2.18,66.98,93.77,239,263
PB304L-CX900T1-1/4S8,"8""",900,304L,"1-1/4""",1.25,6.01,69.97,97.96,624,687
PB316L-CX900T1-1/4S8,"8""",900,316L,"1-1/4""",1.25,7.48,70.77,99.08,776,854
PBAL6061-CX900T1-1/4S8,"8""",900,AL-6061,"1-1/4""",1.25,5.1,23.6,33.04,203,224
PB304-CX900T1-3/8S8,"8""",900,304,"1-3/8""",1.375,5.55,76.97,107.76,633,697
PBSA36-CX900T1-3/8S8,"8""",900,SA-36,"1-3/8""",1.375,1.87,73.68,103.15,228,251
PBSA516-70-CX900T1-3/8S8,"8""",900,SA-516-70,"1-3/8""",1.375,2.18,73.68,103.15,260,286
PB304L-CX900T1-3/8S8,"8""",900,304L,"1-3/8""",1.375,6.01,76.97,107.76,682,751
PB316L-CX900T1-3/8S8,"8""",900,316L,"1-3/8""",1.375,7.48,77.85,108.99,850,936
PBAL6061-CX900T1-3/8S8,"8""",900,AL-6061,"1-3/8""",1.375,5.1,25.96,36.34,220,243
PB304-CX900T1-1/2S8,"8""",900,304,"1-1/2""",1.5,5.55,83.97,117.56,687,756
PBSA36-CX900T1-1/2S8,"8""",900,SA-36,"1-1/2""",1.5,1.87,80.38,112.53,245,270
PBSA516-70-CX900T1-1/2S8,"8""",900,SA-516-70,"1-1/2""",1.5,2.18,80.38,112.53,280,308
PB304L-CX900T1-1/2S8,"8""",900,304L,"1-1/2""",1.5,6.01,83.97,117.56,741,816
PB316L-CX900T1-1/2S8,"8""",900,316L,"1-1/2""",1.5,7.48,84.92,118.89,924,1017
PBAL6061-CX900T1-1/2S8,"8""",900,AL-6061,"1-1/2""",1.5,5.1,28.32,39.65,237,261
PB304-CX900T1-5/8S8,"8""",900,304,"1-5/8""",1.625,5.55,90.97,127.36,742,817
PBSA36-CX900T1-5/8S8,"8""",900,SA-36,"1-5/8""",1.625,1.87,87.08,121.91,263,290
PBSA516-70-CX900T1-5/8S8,"8""",900,SA-516-70,"1-5/8""",1.625,2.18,87.08,121.91,301,332
PB304L-CX900T1-5/8S8,"8""",900,304L,"1-5/8""",1.625,6.01,90.97,127.36,800,881
PB316L-CX900T1-5/8S8,"8""",900,316L,"1-5/8""",1.625,7.48,92,128.8,998,1098
PBAL6061-CX900T1-5/8S8,"8""",900,AL-6061,"1-5/8""",1.625,5.1,30.68,42.95,254,280
PB304-CX900T1-3/4S8,"8""",900,304,"1-3/4""",1.75,5.55,97.96,137.14,796,876
PBSA36-CX900T1-3/4S8,"8""",900,SA-36,"1-3/4""",1.75,1.87,93.77,131.28,280,308
PBSA516-70-CX900T1-3/4S8,"8""",900,SA-516-70,"1-3/4""",1.75,2.18,93.77,131.28,321,354
PB304L-CX900T1-3/4S8,"8""",900,304L,"1-3/4""",1.75,6.01,97.96,137.14,859,945
PB316L-CX900T1-3/4S8,"8""",900,316L,"1-3/4""",1.75,7.48,99.08,138.71,1072,1180
PBAL6061-CX900T1-3/4S8,"8""",900,AL-6061,"1-3/4""",1.75,5.1,33.04,46.26,271,299
PB304-CX900T1-7/8S8,"8""",900,304,"1-7/8""",1.875,5.55,104.96,146.94,850,936
PBSA36-CX900T1-7/8S8,"8""",900,SA-36,"1-7/8""",1.875,1.87,100.47,140.66,298,328
PBSA516-70-CX900T1-7/8S8,"8""",900,SA-516-70,"1-7/8""",1.875,2.18,100.47,140.66,341,376
PB304L-CX900T1-7/8S8,"8""",900,304L,"1-7/8""",1.875,6.01,104.96,146.94,918,1010
PB316L-CX900T1-7/8S8,"8""",900,316L,"1-7/8""",1.875,7.48,106.15,148.61,1146,1261
PBAL6061-CX900T1-7/8S8,"8""",900,AL-6061,"1-7/8""",1.875,5.1,35.4,49.56,288,317
PB304-CX900T2S8,"8""",900,304,"2""",2,5.55,111.96,156.74,905,996
PBSA36-CX900T2S8,"8""",900,SA-36,"2""",2,1.87,107.17,150.04,315,347
PBSA516-70-CX900T2S8,"8""",900,SA-516-70,"2""",2,2.18,107.17,150.04,362,399
PB304L-CX900T2S8,"8""",900,304L,"2""",2,6.01,111.96,156.74,977,1075
PB316L-CX900T2S8,"8""",900,316L,"2""",2,7.48,113.23,158.52,1221,1344
PBAL6061-CX900T2S8,"8""",900,AL-6061,"2""",2,5.1,37.76,52.86,304,335
PB304-CX900T2-1/4S8,"8""",900,304,"2-1/4""",2.25,5.55,125.95,176.33,1013,1115
PBSA36-CX900T2-1/4S8,"8""",900,SA-36,"2-1/4""",2.25,1.87,120.57,168.8,351,387
PBSA516-70-CX900T2-1/4S8,"8""",900,SA-516-70,"2-1/4""",2.25,2.18,120.57,168.8,403,444
PB304L-CX900T2-1/4S8,"8""",900,304L,"2-1/4""",2.25,6.01,125.95,176.33,1095,1205
PB316L-CX900T2-1/4S8,"8""",900,316L,"2-1/4""",2.25,7.48,127.39,178.35,1369,1506
PBAL6061-CX900T2-1/4S8,"8""",900,AL-6061,"2-1/4""",2.25,5.1,42.48,59.47,338,372
PB304-CX900T2-1/2S8,"8""",900,304,"2-1/2""",2.5,5.55,139.95,195.93,1122,1235
PBSA36-CX900T2-1/2S8,"8""",900,SA-36,"2-1/2""",2.5,1.87,133.96,187.54,386,425
PBSA516-70-CX900T2-1/2S8,"8""",900,SA-516-70,"2-1/2""",2.5,2.18,133.96,187.54,444,489
PB304L-CX900T2-1/2S8,"8""",900,304L,"2-1/2""",2.5,6.01,139.95,195.93,1212,1334
PB316L-CX900T2-1/2S8,"8""",900,316L,"2-1/2""",2.5,7.48,141.54,198.16,1517,1669
PBAL6061-CX900T2-1/2S8,"8""",900,AL-6061,"2-1/2""",2.5,5.1,47.2,66.08,372,410
PB304-CX900T3S8,"8""",900,304,"3""",3,5.55,167.94,235.12,1340,1475
PBSA36-CX900T3S8,"8""",900,SA-36,"3""",3,1.87,160.75,225.05,456,502
PBSA516-70-CX900T3S8,"8""",900,SA-516-70,"3""",3,2.18,160.75,225.05,525,578
PB304L-CX900T3S8,"8""",900,304L,"3""",3,6.01,167.94,235.12,1448,1593
PB316L-CX900T3S8,"8""",900,316L,"3""",3,7.48,169.85,237.79,1814,1996
PBAL6061-CX900T3S8,"8""",900,AL-6061,"3""",3,5.1,56.64,79.3,439,483
PB304-CX900T11GAS10,"10""",900,304,11 Gauge,0.1196,5.55,9.78,13.69,111,123
PBSA36-CX900T11GAS10,"10""",900,SA-36,11 Gauge,0.1196,1.87,9.36,13.1,59,65
PBSA516-70-CX900T11GAS10,"10""",900,SA-516-70,11 Gauge,0.1196,2.18,9.36,13.1,63,70
PB304L-CX900T11GAS10,"10""",900,304L,11 Gauge,0.1196,6.01,9.78,13.69,117,129
PB316L-CX900T11GAS10,"10""",900,316L,11 Gauge,0.1196,7.48,9.89,13.85,138,152
PBAL6061-CX900T11GAS10,"10""",900,AL-6061,11 Gauge,0.1196,5.1,3.3,4.62,58,64
PB304-CX900T1/8S10,"10""",900,304,"1/8""",0.125,5.55,10.22,14.31,114,126
PBSA36-CX900T1/8S10,"10""",900,SA-36,"1/8""",0.125,1.87,9.78,13.69,60,66
PBSA516-70-CX900T1/8S10,"10""",900,SA-516-70,"1/8""",0.125,2.18,9.78,13.69,65,72
PB304L-CX900T1/8S10,"10""",900,304L,"1/8""",0.125,6.01,10.22,14.31,121,134
PB316L-CX900T1/8S10,"10""",900,316L,"1/8""",0.125,7.48,10.33,14.46,143,158
PBAL6061-CX900T1/8S10,"10""",900,AL-6061,"1/8""",0.125,5.1,3.45,4.83,59,65
PB304-CX900T3/16S10,"10""",900,304,"3/16""",0.1875,5.55,15.32,21.45,154,170
PBSA36-CX900T3/16S10,"10""",900,SA-36,"3/16""",0.1875,1.87,14.67,20.54,73,81
PBSA516-70-CX900T3/16S10,"10""",900,SA-516-70,"3/16""",0.1875,2.18,14.67,20.54,80,88
PB304L-CX900T3/16S10,"10""",900,304L,"3/16""",0.1875,6.01,15.32,21.45,164,181
PB316L-CX900T3/16S10,"10""",900,316L,"3/16""",0.1875,7.48,15.5,21.7,197,217
PBAL6061-CX900T3/16S10,"10""",900,AL-6061,"3/16""",0.1875,5.1,5.17,7.24,72,80
PB304-CX900T1/4S10,"10""",900,304,"1/4""",0.25,5.55,20.43,28.6,194,214
PBSA36-CX900T1/4S10,"10""",900,SA-36,"1/4""",0.25,1.87,19.56,27.38,86,95
PBSA516-70-CX900T1/4S10,"10""",900,SA-516-70,"1/4""",0.25,2.18,19.56,27.38,95,105
PB304L-CX900T1/4S10,"10""",900,304L,"1/4""",0.25,6.01,20.43,28.6,207,228
PB316L-CX900T1/4S10,"10""",900,316L,"1/4""",0.25,7.48,20.67,28.94,251,277
PBAL6061-CX900T1/4S10,"10""",900,AL-6061,"1/4""",0.25,5.1,6.89,9.65,84,93
PB304-CX900T5/16S10,"10""",900,304,"5/16""",0.3125,5.55,25.54,35.76,233,257
PBSA36-CX900T5/16S10,"10""",900,SA-36,"5/16""",0.3125,1.87,24.45,34.23,99,109
PBSA516-70-CX900T5/16S10,"10""",900,SA-516-70,"5/16""",0.3125,2.18,24.45,34.23,109,120
PB304L-CX900T5/16S10,"10""",900,304L,"5/16""",0.3125,6.01,25.54,35.76,250,275
PB316L-CX900T5/16S10,"10""",900,316L,"5/16""",0.3125,7.48,25.83,36.16,305,336
PBAL6061-CX900T5/16S10,"10""",900,AL-6061,"5/16""",0.3125,5.1,8.61,12.05,96,106
PB304-CX900T3/8S10,"10""",900,304,"3/8""",0.375,5.55,30.65,42.91,273,301
PBSA36-CX900T3/8S10,"10""",900,SA-36,"3/8""",0.375,1.87,29.34,41.08,112,124
PBSA516-70-CX900T3/8S10,"10""",900,SA-516-70,"3/8""",0.375,2.18,29.34,41.08,124,137
PB304L-CX900T3/8S10,"10""",900,304L,"3/8""",0.375,6.01,30.65,42.91,293,323
PB316L-CX900T3/8S10,"10""",900,316L,"3/8""",0.375,7.48,31,43.4,359,395
PBAL6061-CX900T3/8S10,"10""",900,AL-6061,"3/8""",0.375,5.1,10.34,14.48,109,120
PB304-CX900T1/2S10,"10""",900,304,"1/2""",0.5,5.55,40.87,57.22,352,388
PBSA36-CX900T1/2S10,"10""",900,SA-36,"1/2""",0.5,1.87,39.12,54.77,137,151
PBSA516-70-CX900T1/2S10,"10""",900,SA-516-70,"1/2""",0.5,2.18,39.12,54.77,154,170
PB304L-CX900T1/2S10,"10""",900,304L,"1/2""",0.5,6.01,40.87,57.22,379,417
PB316L-CX900T1/2S10,"10""",900,316L,"1/2""",0.5,7.48,41.33,57.86,468,515
PBAL6061-CX900T1/2S10,"10""",900,AL-6061,"1/2""",0.5,5.1,13.78,19.29,133,147
PB304-CX900T5/8S10,"10""",900,304,"5/8""",0.625,5.55,51.08,71.51,432,476
PBSA36-CX900T5/8S10,"10""",900,SA-36,"5/8""",0.625,1.87,48.9,68.46,163,180
PBSA516-70-CX900T5/8S10,"10""",900,SA-516-70,"5/8""",0.625,2.18,48.9,68.46,184,203
PB304L-CX900T5/8S10,"10""",900,304L,"5/8""",0.625,6.01,51.08,71.51,465,512
PB316L-CX900T5/8S10,"10""",900,316L,"5/8""",0.625,7.48,51.66,72.32,576,634
PBAL6061-CX900T5/8S10,"10""",900,AL-6061,"5/8""",0.625,5.1,17.23,24.12,158,174
PB304-CX900T3/4S10,"10""",900,304,"3/4""",0.75,5.55,61.3,85.82,511,563
PBSA36-CX900T3/4S10,"10""",900,SA-36,"3/4""",0.75,1.87,58.68,82.15,188,207
PBSA516-70-CX900T3/4S10,"10""",900,SA-516-70,"3/4""",0.75,2.18,58.68,82.15,214,236
PB304L-CX900T3/4S10,"10""",900,304L,"3/4""",0.75,6.01,61.3,85.82,551,607
PB316L-CX900T3/4S10,"10""",900,316L,"3/4""",0.75,7.48,62,86.8,684,753
PBAL6061-CX900T3/4S10,"10""",900,AL-6061,"3/4""",0.75,5.1,20.67,28.94,182,201
PB304-CX900T7/8S10,"10""",900,304,"7/8""",0.875,5.55,71.52,100.13,591,651
PBSA36-CX900T7/8S10,"10""",900,SA-36,"7/8""",0.875,1.87,68.46,95.84,214,236
PBSA516-70-CX900T7/8S10,"10""",900,SA-516-70,"7/8""",0.875,2.18,68.46,95.84,244,269
PB304L-CX900T7/8S10,"10""",900,304L,"7/8""",0.875,6.01,71.52,100.13,637,701
PB316L-CX900T7/8S10,"10""",900,316L,"7/8""",0.875,7.48,72.33,101.26,792,872
PBAL6061-CX900T7/8S10,"10""",900,AL-6061,"7/8""",0.875,5.1,24.12,33.77,207,228
PB304-CX900T1S10,"10""",900,304,"1""",1,5.55,81.73,114.42,670,738
PBSA36-CX900T1S10,"10""",900,SA-36,"1""",1,1.87,78.24,109.54,240,264
PBSA516-70-CX900T1S10,"10""",900,SA-516-70,"1""",1,2.18,78.24,109.54,274,302
PB304L-CX900T1S10,"10""",900,304L,"1""",1,6.01,81.73,114.42,723,796
PB316L-CX900T1S10,"10""",900,316L,"1""",1,7.48,82.66,115.72,900,991
PBAL6061-CX900T1S10,"10""",900,AL-6061,"1""",1,5.1,27.57,38.6,232,256
PB304-CX900T1-1/8S10,"10""",900,304,"1-1/8""",1.125,5.55,91.95,128.73,749,824
PBSA36-CX900T1-1/8S10,"10""",900,SA-36,"1-1/8""",1.125,1.87,88.02,123.23,265,292
PBSA516-70-CX900T1-1/8S10,"10""",900,SA-516-70,"1-1/8""",1.125,2.18,88.02,123.23,303,334
PB304L-CX900T1-1/8S10,"10""",900,304L,"1-1/8""",1.125,6.01,91.95,128.73,809,890
PB316L-CX900T1-1/8S10,"10""",900,316L,"1-1/8""",1.125,7.48,92.99,130.19,1009,1110
PBAL6061-CX900T1-1/8S10,"10""",900,AL-6061,"1-1/8""",1.125,5.1,31.01,43.41,256,282
PB304-CX900T1-1/4S10,"10""",900,304,"1-1/4""",1.25,5.55,102.16,143.02,829,912
PBSA36-CX900T1-1/4S10,"10""",900,SA-36,"1-1/4""",1.25,1.87,97.79,136.91,291,321
PBSA516-70-CX900T1-1/4S10,"10""",900,SA-516-70,"1-1/4""",1.25,2.18,97.79,136.91,333,367
PB304L-CX900T1-1/4S10,"10""",900,304L,"1-1/4""",1.25,6.01,102.16,143.02,894,984
PB316L-CX900T1-1/4S10,"10""",900,316L,"1-1/4""",1.25,7.48,103.33,144.66,1117,1229
PBAL6061-CX900T1-1/4S10,"10""",900,AL-6061,"1-1/4""",1.25,5.1,34.46,48.24,281,310
PB304-CX900T1-3/8S10,"10""",900,304,"1-3/8""",1.375,5.55,112.38,157.33,908,999
PBSA36-CX900T1-3/8S10,"10""",900,SA-36,"1-3/8""",1.375,1.87,107.57,150.6,316,348
PBSA516-70-CX900T1-3/8S10,"10""",900,SA-516-70,"1-3/8""",1.375,2.18,107.57,150.6,363,400
PB304L-CX900T1-3/8S10,"10""",900,304L,"1-3/8""",1.375,6.01,112.38,157.33,980,1078
PB316L-CX900T1-3/8S10,"10""",900,316L,"1-3/8""",1.375,7.48,113.66,159.12,1225,1348
PBAL6061-CX900T1-3/8S10,"10""",900,AL-6061,"1-3/8""",1.375,5.1,37.9,53.06,305,336
PB304-CX900T1-1/2S10,"10""",900,304,"1-1/2""",1.5,5.55,122.6,171.64,987,1086
PBSA36-CX900T1-1/2S10,"10""",900,SA-36,"1-1/2""",1.5,1.87,117.35,164.29,342,377
PBSA516-70-CX900T1-1/2S10,"10""",900,SA-516-70,"1-1/2""",1.5,2.18,117.35,164.29,393,433
PB304L-CX900T1-1/2S10,"10""",900,304L,"1-1/2""",1.5,6.01,122.6,171.64,1066,1173
PB316L-CX900T1-1/2S10,"10""",900,316L,"1-1/2""",1.5,7.48,123.99,173.59,1333,1467
PBAL6061-CX900T1-1/2S10,"10""",900,AL-6061,"1-1/2""",1.5,5.1,41.35,57.89,330,364
PB304-CX900T1-5/8S10,"10""",900,304,"1-5/8""",1.625,5.55,132.81,185.93,1067,1174
PBSA36-CX900T1-5/8S10,"10""",900,SA-36,"1-5/8""",1.625,1.87,127.13,177.98,368,405
PBSA516-70-CX900T1-5/8S10,"10""",900,SA-516-70,"1-5/8""",1.625,2.18,127.13,177.98,423,466
PB304L-CX900T1-5/8S10,"10""",900,304L,"1-5/8""",1.625,6.01,132.81,185.93,1152,1268
PB316L-CX900T1-5/8S10,"10""",900,316L,"1-5/8""",1.625,7.48,134.32,188.05,1441,1586
PBAL6061-CX900T1-5/8S10,"10""",900,AL-6061,"1-5/8""",1.625,5.1,44.8,62.72,355,391
PB304-CX900T1-3/4S10,"10""",900,304,"1-3/4""",1.75,5.55,143.03,200.24,1146,1261
PBSA36-CX900T1-3/4S10,"10""",900,SA-36,"1-3/4""",1.75,1.87,136.91,191.67,393,433
PBSA516-70-CX900T1-3/4S10,"10""",900,SA-516-70,"1-3/4""",1.75,2.18,136.91,191.67,453,499
PB304L-CX900T1-3/4S10,"10""",900,304L,"1-3/4""",1.75,6.01,143.03,200.24,1238,1362
PB316L-CX900T1-3/4S10,"10""",900,316L,"1-3/4""",1.75,7.48,144.66,202.52,1550,1706
PBAL6061-CX900T1-3/4S10,"10""",900,AL-6061,"1-3/4""",1.75,5.1,48.24,67.54,379,417
PB304-CX900T1-7/8S10,"10""",900,304,"1-7/8""",1.875,5.55,153.25,214.55,1226,1349
PBSA36-CX900T1-7/8S10,"10""",900,SA-36,"1-7/8""",1.875,1.87,146.69,205.37,419,461
PBSA516-70-CX900T1-7/8S10,"10""",900,SA-516-70,"1-7/8""",1.875,2.18,146.69,205.37,483,532
PB304L-CX900T1-7/8S10,"10""",900,304L,"1-7/8""",1.875,6.01,153.25,214.55,1324,1457
PB316L-CX900T1-7/8S10,"10""",900,316L,"1-7/8""",1.875,7.48,154.99,216.99,1658,1824
PBAL6061-CX900T1-7/8S10,"10""",900,AL-6061,"1-7/8""",1.875,5.1,51.69,72.37,404,445
PB304-CX900T2S10,"10""",900,304,"2""",2,5.55,163.46,228.84,1305,1436
PBSA36-CX900T2S10,"10""",900,SA-36,"2""",2,1.87,156.47,219.06,444,489
PBSA516-70-CX900T2S10,"10""",900,SA-516-70,"2""",2,2.18,156.47,219.06,512,564
PB304L-CX900T2S10,"10""",900,304L,"2""",2,6.01,163.46,228.84,1410,1552
PB316L-CX900T2S10,"10""",900,316L,"2""",2,7.48,165.32,231.45,1766,1943
PBAL6061-CX900T2S10,"10""",900,AL-6061,"2""",2,5.1,55.13,77.18,428,471
PB304-CX900T2-1/4S10,"10""",900,304,"2-1/4""",2.25,5.55,183.9,257.46,1464,1611
PBSA36-CX900T2-1/4S10,"10""",900,SA-36,"2-1/4""",2.25,1.87,176.03,246.44,496,546
PBSA516-70-CX900T2-1/4S10,"10""",900,SA-516-70,"2-1/4""",2.25,2.18,176.03,246.44,572,630
PB304L-CX900T2-1/4S10,"10""",900,304L,"2-1/4""",2.25,6.01,183.9,257.46,1582,1741
PB316L-CX900T2-1/4S10,"10""",900,316L,"2-1/4""",2.25,7.48,185.99,260.39,1983,2182
PBAL6061-CX900T2-1/4S10,"10""",900,AL-6061,"2-1/4""",2.25,5.1,62.02,86.83,478,526
PB304-CX900T2-1/2S10,"10""",900,304,"2-1/2""",2.5,5.55,204.33,286.06,1622,1785
PBSA36-CX900T2-1/2S10,"10""",900,SA-36,"2-1/2""",2.5,1.87,195.59,273.83,547,602
PBSA516-70-CX900T2-1/2S10,"10""",900,SA-516-70,"2-1/2""",2.5,2.18,195.59,273.83,632,696
PB304L-CX900T2-1/2S10,"10""",900,304L,"2-1/2""",2.5,6.01,204.33,286.06,1754,1930
PB316L-CX900T2-1/2S10,"10""",900,316L,"2-1/2""",2.5,7.48,206.65,289.31,2199,2419
PBAL6061-CX900T2-1/2S10,"10""",900,AL-6061,"2-1/2""",2.5,5.1,68.92,96.49,527,580
PB304-CX900T3S10,"10""",900,304,"3""",3,5.55,245.19,343.27,1940,2134
PBSA36-CX900T3S10,"10""",900,SA-36,"3""",3,1.87,234.71,328.59,649,714
PBSA516-70-CX900T3S10,"10""",900,SA-516-70,"3""",3,2.18,234.71,328.59,751,827
PB304L-CX900T3S10,"10""",900,304L,"3""",3,6.01,245.19,343.27,2098,2308
PB316L-CX900T3S10,"10""",900,316L,"3""",3,7.48,247.98,347.17,2632,2896
PBAL6061-CX900T3S10,"10""",900,AL-6061,"3""",3,5.1,82.7,115.78,625,688
PB304-CX900T11GAS12,"12""",900,304,11 Gauge,0.1196,5.55,12.79,17.91,137,151
PBSA36-CX900T11GAS12,"12""",900,SA-36,11 Gauge,0.1196,1.87,12.24,17.14,69,76
PBSA516-70-CX900T11GAS12,"12""",900,SA-516-70,11 Gauge,0.1196,2.18,12.24,17.14,75,83
PB304L-CX900T11GAS12,"12""",900,304L,11 Gauge,0.1196,6.01,12.79,17.91,145,160
PB316L-CX900T11GAS12,"12""",900,316L,11 Gauge,0.1196,7.48,12.93,18.1,173,191
PBAL6061-CX900T11GAS12,"12""",900,AL-6061,11 Gauge,0.1196,5.1,4.31,6.03,68,75
PB304-CX900T1/8S12,"12""",900,304,"1/8""",0.125,5.55,13.36,18.7,141,156
PBSA36-CX900T1/8S12,"12""",900,SA-36,"1/8""",0.125,1.87,12.79,17.91,71,79
PBSA516-70-CX900T1/8S12,"12""",900,SA-516-70,"1/8""",0.125,2.18,12.79,17.91,76,84
PB304L-CX900T1/8S12,"12""",900,304L,"1/8""",0.125,6.01,13.36,18.7,150,165
PB316L-CX900T1/8S12,"12""",900,316L,"1/8""",0.125,7.48,13.51,18.91,179,197
PBAL6061-CX900T1/8S12,"12""",900,AL-6061,"1/8""",0.125,5.1,4.51,6.31,70,77
PB304-CX900T3/16S12,"12""",900,304,"3/16""",0.1875,5.55,20.04,28.06,193,213
PBSA36-CX900T3/16S12,"12""",900,SA-36,"3/16""",0.1875,1.87,19.19,26.87,88,97
PBSA516-70-CX900T3/16S12,"12""",900,SA-516-70,"3/16""",0.1875,2.18,19.19,26.87,96,106
PB304L-CX900T3/16S12,"12""",900,304L,"3/16""",0.1875,6.01,20.04,28.06,206,227
PB316L-CX900T3/16S12,"12""",900,316L,"3/16""",0.1875,7.48,20.27,28.38,250,275
PBAL6061-CX900T3/16S12,"12""",900,AL-6061,"3/16""",0.1875,5.1,6.76,9.46,86,95
PB304-CX900T1/4S12,"12""",900,304,"1/4""",0.25,5.55,26.73,37.42,245,270
PBSA36-CX900T1/4S12,"12""",900,SA-36,"1/4""",0.25,1.87,25.58,35.81,104,115
PBSA516-70-CX900T1/4S12,"12""",900,SA-516-70,"1/4""",0.25,2.18,25.58,35.81,115,127
PB304L-CX900T1/4S12,"12""",900,304L,"1/4""",0.25,6.01,26.73,37.42,262,289
PB316L-CX900T1/4S12,"12""",900,316L,"1/4""",0.25,7.48,27.03,37.84,320,352
PBAL6061-CX900T1/4S12,"12""",900,AL-6061,"1/4""",0.25,5.1,9.01,12.61,102,113
PB304-CX900T5/16S12,"12""",900,304,"5/16""",0.3125,5.55,33.41,46.77,297,327
PBSA36-CX900T5/16S12,"12""",900,SA-36,"5/16""",0.3125,1.87,31.98,44.77,121,134
PBSA516-70-CX900T5/16S12,"12""",900,SA-516-70,"5/16""",0.3125,2.18,31.98,44.77,135,149
PB304L-CX900T5/16S12,"12""",900,304L,"5/16""",0.3125,6.01,33.41,46.77,318,350
PB316L-CX900T5/16S12,"12""",900,316L,"5/16""",0.3125,7.48,33.79,47.31,391,431
PBAL6061-CX900T5/16S12,"12""",900,AL-6061,"5/16""",0.3125,5.1,11.27,15.78,118,130
PB304-CX900T3/8S12,"12""",900,304,"3/8""",0.375,5.55,40.09,56.13,349,384
PBSA36-CX900T3/8S12,"12""",900,SA-36,"3/8""",0.375,1.87,38.37,53.72,138,152
PBSA516-70-CX900T3/8S12,"12""",900,SA-516-70,"3/8""",0.375,2.18,38.37,53.72,154,170
PB304L-CX900T3/8S12,"12""",900,304L,"3/8""",0.375,6.01,40.09,56.13,375,413
PB316L-CX900T3/8S12,"12""",900,316L,"3/8""",0.375,7.48,40.54,56.76,462,509
PBAL6061-CX900T3/8S12,"12""",900,AL-6061,"3/8""",0.375,5.1,13.52,18.93,134,148
PB304-CX900T1/2S12,"12""",900,304,"1/2""",0.5,5.55,53.45,74.83,453,499
PBSA36-CX900T1/2S12,"12""",900,SA-36,"1/2""",0.5,1.87,51.16,71.62,171,189
PBSA516-70-CX900T1/2S12,"12""",900,SA-516-70,"1/2""",0.5,2.18,51.16,71.62,193,213
PB304L-CX900T1/2S12,"12""",900,304L,"1/2""",0.5,6.01,53.45,74.83,487,536
PB316L-CX900T1/2S12,"12""",900,316L,"1/2""",0.5,7.48,54.06,75.68,603,664
PBAL6061-CX900T1/2S12,"12""",900,AL-6061,"1/2""",0.5,5.1,18.03,25.24,166,183
PB304-CX900T5/8S12,"12""",900,304,"5/8""",0.625,5.55,66.81,93.53,556,612
PBSA36-CX900T5/8S12,"12""",900,SA-36,"5/8""",0.625,1.87,63.95,89.53,205,226
PBSA516-70-CX900T5/8S12,"12""",900,SA-516-70,"5/8""",0.625,2.18,63.95,89.53,233,257
PB304L-CX900T5/8S12,"12""",900,304L,"5/8""",0.625,6.01,66.81,93.53,599,659
PB316L-CX900T5/8S12,"12""",900,316L,"5/8""",0.625,7.48,67.57,94.6,745,820
PBAL6061-CX900T5/8S12,"12""",900,AL-6061,"5/8""",0.625,5.1,22.53,31.54,198,218
PB304-CX900T3/4S12,"12""",900,304,"3/4""",0.75,5.55,80.18,112.25,660,727
PBSA36-CX900T3/4S12,"12""",900,SA-36,"3/4""",0.75,1.87,76.75,107.45,238,262
PBSA516-70-CX900T3/4S12,"12""",900,SA-516-70,"3/4""",0.75,2.18,76.75,107.45,272,300
PB304L-CX900T3/4S12,"12""",900,304L,"3/4""",0.75,6.01,80.18,112.25,712,784
PB316L-CX900T3/4S12,"12""",900,316L,"3/4""",0.75,7.48,81.09,113.53,887,976
PBAL6061-CX900T3/4S12,"12""",900,AL-6061,"3/4""",0.75,5.1,27.04,37.86,230,254
PB304-CX900T7/8S12,"12""",900,304,"7/8""",0.875,5.55,93.54,130.96,764,841
PBSA36-CX900T7/8S12,"12""",900,SA-36,"7/8""",0.875,1.87,89.54,125.36,272,300
PBSA516-70-CX900T7/8S12,"12""",900,SA-516-70,"7/8""",0.875,2.18,89.54,125.36,311,343
PB304L-CX900T7/8S12,"12""",900,304L,"7/8""",0.875,6.01,93.54,130.96,824,907
PB316L-CX900T7/8S12,"12""",900,316L,"7/8""",0.875,7.48,94.6,132.44,1028,1131
PBAL6061-CX900T7/8S12,"12""",900,AL-6061,"7/8""",0.875,5.1,31.55,44.17,263,290
PB304-CX900T1S12,"12""",900,304,"1""",1,5.55,106.9,149.66,868,955
PBSA36-CX900T1S12,"12""",900,SA-36,"1""",1,1.87,102.33,143.26,305,336
PBSA516-70-CX900T1S12,"12""",900,SA-516-70,"1""",1,2.18,102.33,143.26,350,386
PB304L-CX900T1S12,"12""",900,304L,"1""",1,6.01,106.9,149.66,937,1031
PB316L-CX900T1S12,"12""",900,316L,"1""",1,7.48,108.12,151.37,1170,1287
PBAL6061-CX900T1S12,"12""",900,AL-6061,"1""",1,5.1,36.06,50.48,295,325
PB304-CX900T1-1/8S12,"12""",900,304,"1-1/8""",1.125,5.55,120.26,168.36,972,1070
PBSA36-CX900T1-1/8S12,"12""",900,SA-36,"1-1/8""",1.125,1.87,115.12,161.17,339,373
PBSA516-70-CX900T1-1/8S12,"12""",900,SA-516-70,"1-1/8""",1.125,2.18,115.12,161.17,389,428
PB304L-CX900T1-1/8S12,"12""",900,304L,"1-1/8""",1.125,6.01,120.26,168.36,1049,1154
PB316L-CX900T1-1/8S12,"12""",900,316L,"1-1/8""",1.125,7.48,121.63,170.28,1311,1443
PBAL6061-CX900T1-1/8S12,"12""",900,AL-6061,"1-1/8""",1.125,5.1,40.56,56.78,327,360
PB304-CX900T1-1/4S12,"12""",900,304,"1-1/4""",1.25,5.55,133.63,187.08,1076,1184
PBSA36-CX900T1-1/4S12,"12""",900,SA-36,"1-1/4""",1.25,1.87,127.91,179.07,372,410
PBSA516-70-CX900T1-1/4S12,"12""",900,SA-516-70,"1-1/4""",1.25,2.18,127.91,179.07,428,471
PB304L-CX900T1-1/4S12,"12""",900,304L,"1-1/4""",1.25,6.01,133.63,187.08,1162,1279
PB316L-CX900T1-1/4S12,"12""",900,316L,"1-1/4""",1.25,7.48,135.14,189.2,1453,1599
PBAL6061-CX900T1-1/4S12,"12""",900,AL-6061,"1-1/4""",1.25,5.1,45.07,63.1,359,395
PB304-CX900T1-3/8S12,"12""",900,304,"1-3/8""",1.375,5.55,146.99,205.79,1179,1297
PBSA36-CX900T1-3/8S12,"12""",900,SA-36,"1-3/8""",1.375,1.87,140.7,196.98,406,447
PBSA516-70-CX900T1-3/8S12,"12""",900,SA-516-70,"1-3/8""",1.375,2.18,140.7,196.98,467,514
PB304L-CX900T1-3/8S12,"12""",900,304L,"1-3/8""",1.375,6.01,146.99,205.79,1274,1402
PB316L-CX900T1-3/8S12,"12""",900,316L,"1-3/8""",1.375,7.48,148.66,208.12,1594,1754
PBAL6061-CX900T1-3/8S12,"12""",900,AL-6061,"1-3/8""",1.375,5.1,49.58,69.41,391,431
PB304-CX900T1-1/2S12,"12""",900,304,"1-1/2""",1.5,5.55,160.35,224.49,1283,1412
PBSA36-CX900T1-1/2S12,"12""",900,SA-36,"1-1/2""",1.5,1.87,153.49,214.89,439,483
PBSA516-70-CX900T1-1/2S12,"12""",900,SA-516-70,"1-1/2""",1.5,2.18,153.49,214.89,506,557
PB304L-CX900T1-1/2S12,"12""",900,304L,"1-1/2""",1.5,6.01,160.35,224.49,1387,1526
PB316L-CX900T1-1/2S12,"12""",900,316L,"1-1/2""",1.5,7.48,162.17,227.04,1736,1910
PBAL6061-CX900T1-1/2S12,"12""",900,AL-6061,"1-1/2""",1.5,5.1,54.08,75.71,423,466
PB304-CX900T1-5/8S12,"12""",900,304,"1-5/8""",1.625,5.55,173.71,243.19,1387,1526
PBSA36-CX900T1-5/8S12,"12""",900,SA-36,"1-5/8""",1.625,1.87,166.28,232.79,473,521
PBSA516-70-CX900T1-5/8S12,"12""",900,SA-516-70,"1-5/8""",1.625,2.18,166.28,232.79,545,600
PB304L-CX900T1-5/8S12,"12""",900,304L,"1-5/8""",1.625,6.01,173.71,243.19,1499,1649
PB316L-CX900T1-5/8S12,"12""",900,316L,"1-5/8""",1.625,7.48,175.69,245.97,1877,2065
PBAL6061-CX900T1-5/8S12,"12""",900,AL-6061,"1-5/8""",1.625,5.1,58.59,82.03,456,502
PB304-CX900T1-3/4S12,"12""",900,304,"1-3/4""",1.75,5.55,187.08,261.91,1491,1641
PBSA36-CX900T1-3/4S12,"12""",900,SA-36,"1-3/4""",1.75,1.87,179.07,250.7,506,557
PBSA516-70-CX900T1-3/4S12,"12""",900,SA-516-70,"1-3/4""",1.75,2.18,179.07,250.7,584,643
PB304L-CX900T1-3/4S12,"12""",900,304L,"1-3/4""",1.75,6.01,187.08,261.91,1611,1773
PB316L-CX900T1-3/4S12,"12""",900,316L,"1-3/4""",1.75,7.48,189.2,264.88,2019,2221
PBAL6061-CX900T1-3/4S12,"12""",900,AL-6061,"1-3/4""",1.75,5.1,63.1,88.34,488,537
PB304-CX900T1-7/8S12,"12""",900,304,"1-7/8""",1.875,5.55,200.44,280.62,1595,1755
PBSA36-CX900T1-7/8S12,"12""",900,SA-36,"1-7/8""",1.875,1.87,191.86,268.6,540,594
PBSA516-70-CX900T1-7/8S12,"12""",900,SA-516-70,"1-7/8""",1.875,2.18,191.86,268.6,623,686
PB304L-CX900T1-7/8S12,"12""",900,304L,"1-7/8""",1.875,6.01,200.44,280.62,1724,1897
PB316L-CX900T1-7/8S12,"12""",900,316L,"1-7/8""",1.875,7.48,202.72,283.81,2160,2376
PBAL6061-CX900T1-7/8S12,"12""",900,AL-6061,"1-7/8""",1.875,5.1,67.6,94.64,520,572
PB304-CX900T2S12,"12""",900,304,"2""",2,5.55,213.8,299.32,1699,1869
PBSA36-CX900T2S12,"12""",900,SA-36,"2""",2,1.87,204.66,286.52,573,631
PBSA516-70-CX900T2S12,"12""",900,SA-516-70,"2""",2,2.18,204.66,286.52,662,729
PB304L-CX900T2S12,"12""",900,304L,"2""",2,6.01,213.8,299.32,1836,2020
PB316L-CX900T2S12,"12""",900,316L,"2""",2,7.48,216.23,302.72,2302,2533
PBAL6061-CX900T2S12,"12""",900,AL-6061,"2""",2,5.1,72.11,100.95,552,608
PB304-CX900T2-1/4S12,"12""",900,304,"2-1/4""",2.25,5.55,240.53,336.74,1906,2097
PBSA36-CX900T2-1/4S12,"12""",900,SA-36,"2-1/4""",2.25,1.87,230.24,322.34,640,704
PBSA516-70-CX900T2-1/4S12,"12""",900,SA-516-70,"2-1/4""",2.25,2.18,230.24,322.34,740,815
PB304L-CX900T2-1/4S12,"12""",900,304L,"2-1/4""",2.25,6.01,240.53,336.74,2061,2268
PB316L-CX900T2-1/4S12,"12""",900,316L,"2-1/4""",2.25,7.48,243.26,340.56,2585,2844
PBAL6061-CX900T2-1/4S12,"12""",900,AL-6061,"2-1/4""",2.25,5.1,81.12,113.57,617,679
PB304-CX900T2-1/2S12,"12""",900,304,"2-1/2""",2.5,5.55,267.25,374.15,2114,2326
PBSA36-CX900T2-1/2S12,"12""",900,SA-36,"2-1/2""",2.5,1.87,255.82,358.15,707,778
PBSA516-70-CX900T2-1/2S12,"12""",900,SA-516-70,"2-1/2""",2.5,2.18,255.82,358.15,818,900
PB304L-CX900T2-1/2S12,"12""",900,304L,"2-1/2""",2.5,6.01,267.25,374.15,2286,2515
PB316L-CX900T2-1/2S12,"12""",900,316L,"2-1/2""",2.5,7.48,270.29,378.41,2868,3155
PBAL6061-CX900T2-1/2S12,"12""",900,AL-6061,"2-1/2""",2.5,5.1,90.14,126.2,681,750
PB304-CX900T3S12,"12""",900,304,"3""",3,5.55,320.7,448.98,2529,2782
PBSA36-CX900T3S12,"12""",900,SA-36,"3""",3,1.87,306.98,429.77,841,926
PBSA516-70-CX900T3S12,"12""",900,SA-516-70,"3""",3,2.18,306.98,429.77,974,1072
PB304L-CX900T3S12,"12""",900,304L,"3""",3,6.01,320.7,448.98,2736,3010
PB316L-CX900T3S12,"12""",900,316L,"3""",3,7.48,324.35,454.09,3434,3778
PBAL6061-CX900T3S12,"12""",900,AL-6061,"3""",3,5.1,108.17,151.44,810,892
PB304-CX900T11GAS14,"14""",900,304,11 Gauge,0.1196,5.55,13.96,19.54,149,164
PBSA36-CX900T11GAS14,"14""",900,SA-36,11 Gauge,0.1196,1.87,13.36,18.7,76,84
PBSA516-70-CX900T11GAS14,"14""",900,SA-516-70,11 Gauge,0.1196,2.18,13.36,18.7,81,90
PB304L-CX900T11GAS14,"14""",900,304L,11 Gauge,0.1196,6.01,13.96,19.54,158,174
PB316L-CX900T11GAS14,"14""",900,316L,11 Gauge,0.1196,7.48,14.12,19.77,189,208
PBAL6061-CX900T11GAS14,"14""",900,AL-6061,11 Gauge,0.1196,5.1,4.71,6.59,74,82
PB304-CX900T1/8S14,"14""",900,304,"1/8""",0.125,5.55,14.59,20.43,154,170
PBSA36-CX900T1/8S14,"14""",900,SA-36,"1/8""",0.125,1.87,13.96,19.54,77,85
PBSA516-70-CX900T1/8S14,"14""",900,SA-516-70,"1/8""",0.125,2.18,13.96,19.54,83,92
PB304L-CX900T1/8S14,"14""",900,304L,"1/8""",0.125,6.01,14.59,20.43,164,181
PB316L-CX900T1/8S14,"14""",900,316L,"1/8""",0.125,7.48,14.75,20.65,195,215
PBAL6061-CX900T1/8S14,"14""",900,AL-6061,"1/8""",0.125,5.1,4.92,6.89,76,84
PB304-CX900T3/16S14,"14""",900,304,"3/16""",0.1875,5.55,21.88,30.63,211,233
PBSA36-CX900T3/16S14,"14""",900,SA-36,"3/16""",0.1875,1.87,20.94,29.32,96,106
PBSA516-70-CX900T3/16S14,"14""",900,SA-516-70,"3/16""",0.1875,2.18,20.94,29.32,105,116
PB304L-CX900T3/16S14,"14""",900,304L,"3/16""",0.1875,6.01,21.88,30.63,225,248
PB316L-CX900T3/16S14,"14""",900,316L,"3/16""",0.1875,7.48,22.13,30.98,272,300
PBAL6061-CX900T3/16S14,"14""",900,AL-6061,"3/16""",0.1875,5.1,7.38,10.33,93,103
PB304-CX900T1/4S14,"14""",900,304,"1/4""",0.25,5.55,29.17,40.84,267,294
PBSA36-CX900T1/4S14,"14""",900,SA-36,"1/4""",0.25,1.87,27.93,39.1,114,126
PBSA516-70-CX900T1/4S14,"14""",900,SA-516-70,"1/4""",0.25,2.18,27.93,39.1,126,139
PB304L-CX900T1/4S14,"14""",900,304L,"1/4""",0.25,6.01,29.17,40.84,286,315
PB316L-CX900T1/4S14,"14""",900,316L,"1/4""",0.25,7.48,29.51,41.31,350,386
PBAL6061-CX900T1/4S14,"14""",900,AL-6061,"1/4""",0.25,5.1,9.84,13.78,111,123
PB304-CX900T5/16S14,"14""",900,304,"5/16""",0.3125,5.55,36.47,51.06,324,357
PBSA36-CX900T5/16S14,"14""",900,SA-36,"5/16""",0.3125,1.87,34.91,48.87,132,146
PBSA516-70-CX900T5/16S14,"14""",900,SA-516-70,"5/16""",0.3125,2.18,34.91,48.87,147,162
PB304L-CX900T5/16S14,"14""",900,304L,"5/16""",0.3125,6.01,36.47,51.06,348,383
PB316L-CX900T5/16S14,"14""",900,316L,"5/16""",0.3125,7.48,36.88,51.63,427,470
PBAL6061-CX900T5/16S14,"14""",900,AL-6061,"5/16""",0.3125,5.1,12.3,17.22,129,142
PB304-CX900T3/8S14,"14""",900,304,"3/8""",0.375,5.55,43.76,61.26,381,420
PBSA36-CX900T3/8S14,"14""",900,SA-36,"3/8""",0.375,1.87,41.89,58.65,150,165
PBSA516-70-CX900T3/8S14,"14""",900,SA-516-70,"3/8""",0.375,2.18,41.89,58.65,169,186
PB304L-CX900T3/8S14,"14""",900,304L,"3/8""",0.375,6.01,43.76,61.26,409,450
PB316L-CX900T3/8S14,"14""",900,316L,"3/8""",0.375,7.48,44.26,61.96,504,555
PBAL6061-CX900T3/8S14,"14""",900,AL-6061,"3/8""",0.375,5.1,14.76,20.66,146,161
PB304-CX900T1/2S14,"14""",900,304,"1/2""",0.5,5.55,58.35,81.69,494,544
PBSA36-CX900T1/2S14,"14""",900,SA-36,"1/2""",0.5,1.87,55.85,78.19,187,206
PBSA516-70-CX900T1/2S14,"14""",900,SA-516-70,"1/2""",0.5,2.18,55.85,78.19,211,233
PB304L-CX900T1/2S14,"14""",900,304L,"1/2""",0.5,6.01,58.35,81.69,532,586
PB316L-CX900T1/2S14,"14""",900,316L,"1/2""",0.5,7.48,59.01,82.61,659,725
PBAL6061-CX900T1/2S14,"14""",900,AL-6061,"1/2""",0.5,5.1,19.68,27.55,181,200
PB304-CX900T5/8S14,"14""",900,304,"5/8""",0.625,5.55,72.93,102.1,607,668
PBSA36-CX900T5/8S14,"14""",900,SA-36,"5/8""",0.625,1.87,69.81,97.73,223,246
PBSA516-70-CX900T5/8S14,"14""",900,SA-516-70,"5/8""",0.625,2.18,69.81,97.73,254,280
PB304L-CX900T5/8S14,"14""",900,304L,"5/8""",0.625,6.01,72.93,102.1,654,720
PB316L-CX900T5/8S14,"14""",900,316L,"5/8""",0.625,7.48,73.76,103.26,813,895
PBAL6061-CX900T5/8S14,"14""",900,AL-6061,"5/8""",0.625,5.1,24.6,34.44,216,238
PB304-CX900T3/4S14,"14""",900,304,"3/4""",0.75,5.55,87.52,122.53,721,794
PBSA36-CX900T3/4S14,"14""",900,SA-36,"3/4""",0.75,1.87,83.78,117.29,260,286
PBSA516-70-CX900T3/4S14,"14""",900,SA-516-70,"3/4""",0.75,2.18,83.78,117.29,296,326
PB304L-CX900T3/4S14,"14""",900,304L,"3/4""",0.75,6.01,87.52,122.53,777,855
PB316L-CX900T3/4S14,"14""",900,316L,"3/4""",0.75,7.48,88.52,123.93,968,1065
PBAL6061-CX900T3/4S14,"14""",900,AL-6061,"3/4""",0.75,5.1,29.52,41.33,251,277
PB304-CX900T7/8S14,"14""",900,304,"7/8""",0.875,5.55,102.11,142.95,834,918
PBSA36-CX900T7/8S14,"14""",900,SA-36,"7/8""",0.875,1.87,97.74,136.84,297,327
PBSA516-70-CX900T7/8S14,"14""",900,SA-516-70,"7/8""",0.875,2.18,97.74,136.84,339,373
PB304L-CX900T7/8S14,"14""",900,304L,"7/8""",0.875,6.01,102.11,142.95,900,991
PB316L-CX900T7/8S14,"14""",900,316L,"7/8""",0.875,7.48,103.27,144.58,1122,1235
PBAL6061-CX900T7/8S14,"14""",900,AL-6061,"7/8""",0.875,5.1,34.44,48.22,287,316
PB304-CX900T1S14,"14""",900,304,"1""",1,5.55,116.7,163.38,947,1042
PBSA36-CX900T1S14,"14""",900,SA-36,"1""",1,1.87,111.7,156.38,333,367
PBSA516-70-CX900T1S14,"14""",900,SA-516-70,"1""",1,2.18,111.7,156.38,382,421
PB304L-CX900T1S14,"14""",900,304L,"1""",1,6.01,116.7,163.38,1023,1126
PB316L-CX900T1S14,"14""",900,316L,"1""",1,7.48,118.02,165.23,1277,1405
PBAL6061-CX900T1S14,"14""",900,AL-6061,"1""",1,5.1,39.36,55.1,322,355
PB304-CX900T1-1/8S14,"14""",900,304,"1-1/8""",1.125,5.55,131.28,183.79,1061,1168
PBSA36-CX900T1-1/8S14,"14""",900,SA-36,"1-1/8""",1.125,1.87,125.67,175.94,370,408
PBSA516-70-CX900T1-1/8S14,"14""",900,SA-516-70,"1-1/8""",1.125,2.18,125.67,175.94,424,467
PB304L-CX900T1-1/8S14,"14""",900,304L,"1-1/8""",1.125,6.01,131.28,183.79,1145,1260
PB316L-CX900T1-1/8S14,"14""",900,316L,"1-1/8""",1.125,7.48,132.77,185.88,1431,1575
PBAL6061-CX900T1-1/8S14,"14""",900,AL-6061,"1-1/8""",1.125,5.1,44.28,61.99,357,393
PB304-CX900T1-1/4S14,"14""",900,304,"1-1/4""",1.25,5.55,145.87,204.22,1174,1292
PBSA36-CX900T1-1/4S14,"14""",900,SA-36,"1-1/4""",1.25,1.87,139.63,195.48,406,447
PBSA516-70-CX900T1-1/4S14,"14""",900,SA-516-70,"1-1/4""",1.25,2.18,139.63,195.48,467,514
PB304L-CX900T1-1/4S14,"14""",900,304L,"1-1/4""",1.25,6.01,145.87,204.22,1268,1395
PB316L-CX900T1-1/4S14,"14""",900,316L,"1-1/4""",1.25,7.48,147.53,206.54,1586,1745
PBAL6061-CX900T1-1/4S14,"14""",900,AL-6061,"1-1/4""",1.25,5.1,49.2,68.88,392,432
PB304-CX900T1-3/8S14,"14""",900,304,"1-3/8""",1.375,5.55,160.46,224.64,1287,1416
PBSA36-CX900T1-3/8S14,"14""",900,SA-36,"1-3/8""",1.375,1.87,153.59,215.03,443,488
PBSA516-70-CX900T1-3/8S14,"14""",900,SA-516-70,"1-3/8""",1.375,2.18,153.59,215.03,509,560
PB304L-CX900T1-3/8S14,"14""",900,304L,"1-3/8""",1.375,6.01,160.46,224.64,1391,1531
PB316L-CX900T1-3/8S14,"14""",900,316L,"1-3/8""",1.375,7.48,162.28,227.19,1740,1915
PBAL6061-CX900T1-3/8S14,"14""",900,AL-6061,"1-3/8""",1.375,5.1,54.12,75.77,427,470
PB304-CX900T1-1/2S14,"14""",900,304,"1-1/2""",1.5,5.55,175.04,245.06,1401,1542
PBSA36-CX900T1-1/2S14,"14""",900,SA-36,"1-1/2""",1.5,1.87,167.56,234.58,479,527
PBSA516-70-CX900T1-1/2S14,"14""",900,SA-516-70,"1-1/2""",1.5,2.18,167.56,234.58,552,608
PB304L-CX900T1-1/2S14,"14""",900,304L,"1-1/2""",1.5,6.01,175.04,245.06,1514,1666
PB316L-CX900T1-1/2S14,"14""",900,316L,"1-1/2""",1.5,7.48,177.03,247.84,1895,2085
PBAL6061-CX900T1-1/2S14,"14""",900,AL-6061,"1-1/2""",1.5,5.1,59.04,82.66,462,509
PB304-CX900T1-5/8S14,"14""",900,304,"1-5/8""",1.625,5.55,189.63,265.48,1514,1666
PBSA36-CX900T1-5/8S14,"14""",900,SA-36,"1-5/8""",1.625,1.87,181.52,254.13,516,568
PBSA516-70-CX900T1-5/8S14,"14""",900,SA-516-70,"1-5/8""",1.625,2.18,181.52,254.13,595,655
PB304L-CX900T1-5/8S14,"14""",900,304L,"1-5/8""",1.625,6.01,189.63,265.48,1636,1800
PB316L-CX900T1-5/8S14,"14""",900,316L,"1-5/8""",1.625,7.48,191.79,268.51,2049,2254
PBAL6061-CX900T1-5/8S14,"14""",900,AL-6061,"1-5/8""",1.625,5.1,63.96,89.54,497,547
PB304-CX900T1-3/4S14,"14""",900,304,"1-3/4""",1.75,5.55,204.22,285.91,1628,1791
PBSA36-CX900T1-3/4S14,"14""",900,SA-36,"1-3/4""",1.75,1.87,195.48,273.67,552,608
PBSA516-70-CX900T1-3/4S14,"14""",900,SA-516-70,"1-3/4""",1.75,2.18,195.48,273.67,637,701
PB304L-CX900T1-3/4S14,"14""",900,304L,"1-3/4""",1.75,6.01,204.22,285.91,1759,1935
PB316L-CX900T1-3/4S14,"14""",900,316L,"1-3/4""",1.75,7.48,206.54,289.16,2204,2425
PBAL6061-CX900T1-3/4S14,"14""",900,AL-6061,"1-3/4""",1.75,5.1,68.88,96.43,533,587
PB304-CX900T1-7/8S14,"14""",900,304,"1-7/8""",1.875,5.55,218.8,306.32,1741,1916
PBSA36-CX900T1-7/8S14,"14""",900,SA-36,"1-7/8""",1.875,1.87,209.44,293.22,589,648
PBSA516-70-CX900T1-7/8S14,"14""",900,SA-516-70,"1-7/8""",1.875,2.18,209.44,293.22,680,749
PB304L-CX900T1-7/8S14,"14""",900,304L,"1-7/8""",1.875,6.01,218.8,306.32,1882,2071
PB316L-CX900T1-7/8S14,"14""",900,316L,"1-7/8""",1.875,7.48,221.29,309.81,2358,2594
PBAL6061-CX900T1-7/8S14,"14""",900,AL-6061,"1-7/8""",1.875,5.1,73.8,103.32,568,625
PB304-CX900T2S14,"14""",900,304,"2""",2,5.55,233.39,326.75,1854,2040
PBSA36-CX900T2S14,"14""",900,SA-36,"2""",2,1.87,223.41,312.77,626,689
PBSA516-70-CX900T2S14,"14""",900,SA-516-70,"2""",2,2.18,223.41,312.77,723,796
PB304L-CX900T2S14,"14""",900,304L,"2""",2,6.01,233.39,326.75,2004,2205
PB316L-CX900T2S14,"14""",900,316L,"2""",2,7.48,236.04,330.46,2513,2765
PBAL6061-CX900T2S14,"14""",900,AL-6061,"2""",2,5.1,78.72,110.21,603,664
PB304-CX900T2-1/4S14,"14""",900,304,"2-1/4""",2.25,5.55,262.56,367.58,2081,2290
PBSA36-CX900T2-1/4S14,"14""",900,SA-36,"2-1/4""",2.25,1.87,251.33,351.86,699,769
PBSA516-70-CX900T2-1/4S14,"14""",900,SA-516-70,"2-1/4""",2.25,2.18,251.33,351.86,808,889
PB304L-CX900T2-1/4S14,"14""",900,304L,"2-1/4""",2.25,6.01,262.56,367.58,2250,2475
PB316L-CX900T2-1/4S14,"14""",900,316L,"2-1/4""",2.25,7.48,265.55,371.77,2822,3105
PBAL6061-CX900T2-1/4S14,"14""",900,AL-6061,"2-1/4""",2.25,5.1,88.56,123.98,673,741
PB304-CX900T2-1/2S14,"14""",900,304,"2-1/2""",2.5,5.55,291.74,408.44,2308,2539
PBSA36-CX900T2-1/2S14,"14""",900,SA-36,"2-1/2""",2.5,1.87,279.26,390.96,772,850
PBSA516-70-CX900T2-1/2S14,"14""",900,SA-516-70,"2-1/2""",2.5,2.18,279.26,390.96,893,983
PB304L-CX900T2-1/2S14,"14""",900,304L,"2-1/2""",2.5,6.01,291.74,408.44,2495,2745
PB316L-CX900T2-1/2S14,"14""",900,316L,"2-1/2""",2.5,7.48,295.05,413.07,3130,3444
PBAL6061-CX900T2-1/2S14,"14""",900,AL-6061,"2-1/2""",2.5,5.1,98.4,137.76,743,818
PB304-CX900T3S14,"14""",900,304,"3""",3,5.55,350.09,490.13,2761,3038
PBSA36-CX900T3S14,"14""",900,SA-36,"3""",3,1.87,335.11,469.15,918,1010
PBSA516-70-CX900T3S14,"14""",900,SA-516-70,"3""",3,2.18,335.11,469.15,1063,1170
PB304L-CX900T3S14,"14""",900,304L,"3""",3,6.01,350.09,490.13,2986,3285
PB316L-CX900T3S14,"14""",900,316L,"3""",3,7.48,354.06,495.68,3748,4123
PBAL6061-CX900T3S14,"14""",900,AL-6061,"3""",3,5.1,118.08,165.31,884,973
PB304-CX900T11GAS16,"16""",900,304,11 Gauge,0.1196,5.55,16.98,23.77,177,195
PBSA36-CX900T11GAS16,"16""",900,SA-36,11 Gauge,0.1196,1.87,16.25,22.75,87,96
PBSA516-70-CX900T11GAS16,"16""",900,SA-516-70,11 Gauge,0.1196,2.18,16.25,22.75,95,105
PB304L-CX900T11GAS16,"16""",900,304L,11 Gauge,0.1196,6.01,16.98,23.77,188,207
PB316L-CX900T11GAS16,"16""",900,316L,11 Gauge,0.1196,7.48,17.17,24.04,225,248
PBAL6061-CX900T11GAS16,"16""",900,AL-6061,11 Gauge,0.1196,5.1,5.73,8.02,86,95
PB304-CX900T1/8S16,"16""",900,304,"1/8""",0.125,5.55,17.75,24.85,183,202
PBSA36-CX900T1/8S16,"16""",900,SA-36,"1/8""",0.125,1.87,16.99,23.79,89,98
PBSA516-70-CX900T1/8S16,"16""",900,SA-516-70,"1/8""",0.125,2.18,16.99,23.79,97,107
PB304L-CX900T1/8S16,"16""",900,304L,"1/8""",0.125,6.01,17.75,24.85,194,214
PB316L-CX900T1/8S16,"16""",900,316L,"1/8""",0.125,7.48,17.95,25.13,233,257
PBAL6061-CX900T1/8S16,"16""",900,AL-6061,"1/8""",0.125,5.1,5.99,8.39,88,97
PB304-CX900T3/16S16,"16""",900,304,"3/16""",0.1875,5.55,26.62,37.27,252,278
PBSA36-CX900T3/16S16,"16""",900,SA-36,"3/16""",0.1875,1.87,25.48,35.67,112,124
PBSA516-70-CX900T3/16S16,"16""",900,SA-516-70,"3/16""",0.1875,2.18,25.48,35.67,123,136
PB304L-CX900T3/16S16,"16""",900,304L,"3/16""",0.1875,6.01,26.62,37.27,269,296
PB316L-CX900T3/16S16,"16""",900,316L,"3/16""",0.1875,7.48,26.92,37.69,327,360
PBAL6061-CX900T3/16S16,"16""",900,AL-6061,"3/16""",0.1875,5.1,8.98,12.57,109,120
PB304-CX900T1/4S16,"16""",900,304,"1/4""",0.25,5.55,35.49,49.69,321,354
PBSA36-CX900T1/4S16,"16""",900,SA-36,"1/4""",0.25,1.87,33.97,47.56,134,148
PBSA516-70-CX900T1/4S16,"16""",900,SA-516-70,"1/4""",0.25,2.18,33.97,47.56,149,164
PB304L-CX900T1/4S16,"16""",900,304L,"1/4""",0.25,6.01,35.49,49.69,344,379
PB316L-CX900T1/4S16,"16""",900,316L,"1/4""",0.25,7.48,35.9,50.26,421,464
PBAL6061-CX900T1/4S16,"16""",900,AL-6061,"1/4""",0.25,5.1,11.97,16.76,130,143
PB304-CX900T5/16S16,"16""",900,304,"5/16""",0.3125,5.55,44.37,62.12,390,430
PBSA36-CX900T5/16S16,"16""",900,SA-36,"5/16""",0.3125,1.87,42.47,59.46,156,172
PBSA516-70-CX900T5/16S16,"16""",900,SA-516-70,"5/16""",0.3125,2.18,42.47,59.46,175,193
PB304L-CX900T5/16S16,"16""",900,304L,"5/16""",0.3125,6.01,44.37,62.12,418,460
PB316L-CX900T5/16S16,"16""",900,316L,"5/16""",0.3125,7.48,44.87,62.82,515,567
PBAL6061-CX900T5/16S16,"16""",900,AL-6061,"5/16""",0.3125,5.1,14.96,20.94,152,168
PB304-CX900T3/8S16,"16""",900,304,"3/8""",0.375,5.55,53.24,74.54,459,505
PBSA36-CX900T3/8S16,"16""",900,SA-36,"3/8""",0.375,1.87,50.96,71.34,178,196
PBSA516-70-CX900T3/8S16,"16""",900,SA-516-70,"3/8""",0.375,2.18,50.96,71.34,200,221
PB304L-CX900T3/8S16,"16""",900,304L,"3/8""",0.375,6.01,53.24,74.54,493,543
PB316L-CX900T3/8S16,"16""",900,316L,"3/8""",0.375,7.48,53.84,75.38,609,670
PBAL6061-CX900T3/8S16,"16""",900,AL-6061,"3/8""",0.375,5.1,17.96,25.14,173,191
PB304-CX900T1/2S16,"16""",900,304,"1/2""",0.5,5.55,70.99,99.39,597,657
PBSA36-CX900T1/2S16,"16""",900,SA-36,"1/2""",0.5,1.87,67.95,95.13,223,246
PBSA516-70-CX900T1/2S16,"16""",900,SA-516-70,"1/2""",0.5,2.18,67.95,95.13,252,278
PB304L-CX900T1/2S16,"16""",900,304L,"1/2""",0.5,6.01,70.99,99.39,642,707
PB316L-CX900T1/2S16,"16""",900,316L,"1/2""",0.5,7.48,71.79,100.51,797,877
PBAL6061-CX900T1/2S16,"16""",900,AL-6061,"1/2""",0.5,5.1,23.94,33.52,216,238
PB304-CX900T5/8S16,"16""",900,304,"5/8""",0.625,5.55,88.73,124.22,734,808
PBSA36-CX900T5/8S16,"16""",900,SA-36,"5/8""",0.625,1.87,84.94,118.92,267,294
PBSA516-70-CX900T5/8S16,"16""",900,SA-516-70,"5/8""",0.625,2.18,84.94,118.92,304,335
PB304L-CX900T5/8S16,"16""",900,304L,"5/8""",0.625,6.01,88.73,124.22,791,871
PB316L-CX900T5/8S16,"16""",900,316L,"5/8""",0.625,7.48,89.74,125.64,985,1084
PBAL6061-CX900T5/8S16,"16""",900,AL-6061,"5/8""",0.625,5.1,29.93,41.9,259,285
PB304-CX900T3/4S16,"16""",900,304,"3/4""",0.75,5.55,106.48,149.07,872,960
PBSA36-CX900T3/4S16,"16""",900,SA-36,"3/4""",0.75,1.87,101.92,142.69,312,344
PBSA516-70-CX900T3/4S16,"16""",900,SA-516-70,"3/4""",0.75,2.18,101.92,142.69,356,392
PB304L-CX900T3/4S16,"16""",900,304L,"3/4""",0.75,6.01,106.48,149.07,941,1036
PB316L-CX900T3/4S16,"16""",900,316L,"3/4""",0.75,7.48,107.69,150.77,1173,1291
PBAL6061-CX900T3/4S16,"16""",900,AL-6061,"3/4""",0.75,5.1,35.91,50.27,301,332
PB304-CX900T7/8S16,"16""",900,304,"7/8""",0.875,5.55,124.22,173.91,1010,1111
PBSA36-CX900T7/8S16,"16""",900,SA-36,"7/8""",0.875,1.87,118.91,166.47,356,392
PBSA516-70-CX900T7/8S16,"16""",900,SA-516-70,"7/8""",0.875,2.18,118.91,166.47,408,449
PB304L-CX900T7/8S16,"16""",900,304L,"7/8""",0.875,6.01,124.22,173.91,1090,1199
PB316L-CX900T7/8S16,"16""",900,316L,"7/8""",0.875,7.48,125.64,175.9,1361,1498
PBAL6061-CX900T7/8S16,"16""",900,AL-6061,"7/8""",0.875,5.1,41.9,58.66,344,379
PB304-CX900T1S16,"16""",900,304,"1""",1,5.55,141.97,198.76,1148,1263
PBSA36-CX900T1S16,"16""",900,SA-36,"1""",1,1.87,135.9,190.26,401,442
PBSA516-70-CX900T1S16,"16""",900,SA-516-70,"1""",1,2.18,135.9,190.26,460,507
PB304L-CX900T1S16,"16""",900,304L,"1""",1,6.01,141.97,198.76,1239,1363
PB316L-CX900T1S16,"16""",900,316L,"1""",1,7.48,143.58,201.01,1548,1703
PBAL6061-CX900T1S16,"16""",900,AL-6061,"1""",1,5.1,47.88,67.03,387,426
PB304-CX900T1-1/8S16,"16""",900,304,"1-1/8""",1.125,5.55,159.72,223.61,1286,1415
PBSA36-CX900T1-1/8S16,"16""",900,SA-36,"1-1/8""",1.125,1.87,152.89,214.05,445,490
PBSA516-70-CX900T1-1/8S16,"16""",900,SA-516-70,"1-1/8""",1.125,2.18,152.89,214.05,512,564
PB304L-CX900T1-1/8S16,"16""",900,304L,"1-1/8""",1.125,6.01,159.72,223.61,1389,1528
PB316L-CX900T1-1/8S16,"16""",900,316L,"1-1/8""",1.125,7.48,161.53,226.14,1736,1910
PBAL6061-CX900T1-1/8S16,"16""",900,AL-6061,"1-1/8""",1.125,5.1,53.87,75.42,430,474
PB304-CX900T1-1/4S16,"16""",900,304,"1-1/4""",1.25,5.55,177.46,248.44,1424,1567
PBSA36-CX900T1-1/4S16,"16""",900,SA-36,"1-1/4""",1.25,1.87,169.87,237.82,490,539
PBSA516-70-CX900T1-1/4S16,"16""",900,SA-516-70,"1-1/4""",1.25,2.18,169.87,237.82,563,620
PB304L-CX900T1-1/4S16,"16""",900,304L,"1-1/4""",1.25,6.01,177.46,248.44,1538,1692
PB316L-CX900T1-1/4S16,"16""",900,316L,"1-1/4""",1.25,7.48,179.48,251.27,1924,2117
PBAL6061-CX900T1-1/4S16,"16""",900,AL-6061,"1-1/4""",1.25,5.1,59.85,83.79,472,520
PB304-CX900T1-3/8S16,"16""",900,304,"1-3/8""",1.375,5.55,195.21,273.29,1562,1719
PBSA36-CX900T1-3/8S16,"16""",900,SA-36,"1-3/8""",1.375,1.87,186.86,261.6,534,588
PBSA516-70-CX900T1-3/8S16,"16""",900,SA-516-70,"1-3/8""",1.375,2.18,186.86,261.6,615,677
PB304L-CX900T1-3/8S16,"16""",900,304L,"1-3/8""",1.375,6.01,195.21,273.29,1687,1856
PB316L-CX900T1-3/8S16,"16""",900,316L,"1-3/8""",1.375,7.48,197.43,276.4,2112,2324
PBAL6061-CX900T1-3/8S16,"16""",900,AL-6061,"1-3/8""",1.375,5.1,65.84,92.18,515,567
PB304-CX900T1-1/2S16,"16""",900,304,"1-1/2""",1.5,5.55,212.96,298.14,1700,1871
PBSA36-CX900T1-1/2S16,"16""",900,SA-36,"1-1/2""",1.5,1.87,203.85,285.39,579,637
PBSA516-70-CX900T1-1/2S16,"16""",900,SA-516-70,"1-1/2""",1.5,2.18,203.85,285.39,667,734
PB304L-CX900T1-1/2S16,"16""",900,304L,"1-1/2""",1.5,6.01,212.96,298.14,1837,2021
PB316L-CX900T1-1/2S16,"16""",900,316L,"1-1/2""",1.5,7.48,215.38,301.53,2300,2530
PBAL6061-CX900T1-1/2S16,"16""",900,AL-6061,"1-1/2""",1.5,5.1,71.83,100.56,558,614
PB304-CX900T1-5/8S16,"16""",900,304,"1-5/8""",1.625,5.55,230.7,322.98,1837,2021
PBSA36-CX900T1-5/8S16,"16""",900,SA-36,"1-5/8""",1.625,1.87,220.83,309.16,623,686
PBSA516-70-CX900T1-5/8S16,"16""",900,SA-516-70,"1-5/8""",1.625,2.18,220.83,309.16,719,791
PB304L-CX900T1-5/8S16,"16""",900,304L,"1-5/8""",1.625,6.01,230.7,322.98,1986,2185
PB316L-CX900T1-5/8S16,"16""",900,316L,"1-5/8""",1.625,7.48,233.33,326.66,2488,2737
PBAL6061-CX900T1-5/8S16,"16""",900,AL-6061,"1-5/8""",1.625,5.1,77.81,108.93,600,660
PB304-CX900T1-3/4S16,"16""",900,304,"1-3/4""",1.75,5.55,248.45,347.83,1975,2173
PBSA36-CX900T1-3/4S16,"16""",900,SA-36,"1-3/4""",1.75,1.87,237.82,332.95,668,735
PBSA516-70-CX900T1-3/4S16,"16""",900,SA-516-70,"1-3/4""",1.75,2.18,237.82,332.95,771,849
PB304L-CX900T1-3/4S16,"16""",900,304L,"1-3/4""",1.75,6.01,248.45,347.83,2135,2349
PB316L-CX900T1-3/4S16,"16""",900,316L,"1-3/4""",1.75,7.48,251.27,351.78,2676,2944
PBAL6061-CX900T1-3/4S16,"16""",900,AL-6061,"1-3/4""",1.75,5.1,83.8,117.32,643,708
PB304-CX900T1-7/8S16,"16""",900,304,"1-7/8""",1.875,5.55,266.2,372.68,2113,2325
PBSA36-CX900T1-7/8S16,"16""",900,SA-36,"1-7/8""",1.875,1.87,254.81,356.73,712,784
PBSA516-70-CX900T1-7/8S16,"16""",900,SA-516-70,"1-7/8""",1.875,2.18,254.81,356.73,823,906
PB304L-CX900T1-7/8S16,"16""",900,304L,"1-7/8""",1.875,6.01,266.2,372.68,2285,2514
PB316L-CX900T1-7/8S16,"16""",900,316L,"1-7/8""",1.875,7.48,269.22,376.91,2864,3151
PBAL6061-CX900T1-7/8S16,"16""",900,AL-6061,"1-7/8""",1.875,5.1,89.78,125.69,686,755
PB304-CX900T2S16,"16""",900,304,"2""",2,5.55,283.94,397.52,2251,2477
PBSA36-CX900T2S16,"16""",900,SA-36,"2""",2,1.87,271.8,380.52,756,832
PBSA516-70-CX900T2S16,"16""",900,SA-516-70,"2""",2,2.18,271.8,380.52,874,962
PB304L-CX900T2S16,"16""",900,304L,"2""",2,6.01,283.94,397.52,2434,2678
PB316L-CX900T2S16,"16""",900,316L,"2""",2,7.48,287.17,402.04,3052,3358
PBAL6061-CX900T2S16,"16""",900,AL-6061,"2""",2,5.1,95.77,134.08,729,802
PB304-CX900T2-1/4S16,"16""",900,304,"2-1/4""",2.25,5.55,319.43,447.2,2527,2780
PBSA36-CX900T2-1/4S16,"16""",900,SA-36,"2-1/4""",2.25,1.87,305.77,428.08,845,930
PBSA516-70-CX900T2-1/4S16,"16""",900,SA-516-70,"2-1/4""",2.25,2.18,305.77,428.08,978,1076
PB304L-CX900T2-1/4S16,"16""",900,304L,"2-1/4""",2.25,6.01,319.43,447.2,2733,3007
PB316L-CX900T2-1/4S16,"16""",900,316L,"2-1/4""",2.25,7.48,323.07,452.3,3428,3771
PBAL6061-CX900T2-1/4S16,"16""",900,AL-6061,"2-1/4""",2.25,5.1,107.74,150.84,814,896
PB304-CX900T2-1/2S16,"16""",900,304,"2-1/2""",2.5,5.55,354.93,496.9,2803,3084
PBSA36-CX900T2-1/2S16,"16""",900,SA-36,"2-1/2""",2.5,1.87,339.75,475.65,934,1028
PBSA516-70-CX900T2-1/2S16,"16""",900,SA-516-70,"2-1/2""",2.5,2.18,339.75,475.65,1082,1191
PB304L-CX900T2-1/2S16,"16""",900,304L,"2-1/2""",2.5,6.01,354.93,496.9,3031,3335
PB316L-CX900T2-1/2S16,"16""",900,316L,"2-1/2""",2.5,7.48,358.96,502.54,3804,4185
PBAL6061-CX900T2-1/2S16,"16""",900,AL-6061,"2-1/2""",2.5,5.1,119.71,167.59,900,991
PB304-CX900T3S16,"16""",900,304,"3""",3,5.55,425.91,596.27,3354,3690
PBSA36-CX900T3S16,"16""",900,SA-36,"3""",3,1.87,407.69,570.77,1112,1224
PBSA516-70-CX900T3S16,"16""",900,SA-516-70,"3""",3,2.18,407.69,570.77,1289,1418
PB304L-CX900T3S16,"16""",900,304L,"3""",3,6.01,425.91,596.27,3628,3991
PB316L-CX900T3S16,"16""",900,316L,"3""",3,7.48,430.75,603.05,4556,5012
PBAL6061-CX900T3S16,"16""",900,AL-6061,"3""",3,5.1,143.65,201.11,1071,1179
PB304-CX900T11GAS18,"18""",900,304,11 Gauge,0.1196,5.55,20.94,29.32,212,234
PBSA36-CX900T11GAS18,"18""",900,SA-36,11 Gauge,0.1196,1.87,20.04,28.06,102,113
PBSA516-70-CX900T11GAS18,"18""",900,SA-516-70,11 Gauge,0.1196,2.18,20.04,28.06,110,122
PB304L-CX900T11GAS18,"18""",900,304L,11 Gauge,0.1196,6.01,20.94,29.32,225,248
PB316L-CX900T11GAS18,"18""",900,316L,11 Gauge,0.1196,7.48,21.18,29.65,271,299
PBAL6061-CX900T11GAS18,"18""",900,AL-6061,11 Gauge,0.1196,5.1,7.06,9.88,99,109
PB304-CX900T1/8S18,"18""",900,304,"1/8""",0.125,5.55,21.88,30.63,219,241
PBSA36-CX900T1/8S18,"18""",900,SA-36,"1/8""",0.125,1.87,20.95,29.33,104,115
PBSA516-70-CX900T1/8S18,"18""",900,SA-516-70,"1/8""",0.125,2.18,20.95,29.33,113,125
PB304L-CX900T1/8S18,"18""",900,304L,"1/8""",0.125,6.01,21.88,30.63,233,257
PB316L-CX900T1/8S18,"18""",900,316L,"1/8""",0.125,7.48,22.13,30.98,281,310
PBAL6061-CX900T1/8S18,"18""",900,AL-6061,"1/8""",0.125,5.1,7.38,10.33,102,113
PB304-CX900T3/16S18,"18""",900,304,"3/16""",0.1875,5.55,32.83,45.96,304,335
PBSA36-CX900T3/16S18,"18""",900,SA-36,"3/16""",0.1875,1.87,31.42,43.99,131,145
PBSA516-70-CX900T3/16S18,"18""",900,SA-516-70,"3/16""",0.1875,2.18,31.42,43.99,145,160
PB304L-CX900T3/16S18,"18""",900,304L,"3/16""",0.1875,6.01,32.83,45.96,325,358
PB316L-CX900T3/16S18,"18""",900,316L,"3/16""",0.1875,7.48,33.2,46.48,397,437
PBAL6061-CX900T3/16S18,"18""",900,AL-6061,"3/16""",0.1875,5.1,11.07,15.5,128,141
PB304-CX900T1/4S18,"18""",900,304,"1/4""",0.25,5.55,43.77,61.28,389,428
PBSA36-CX900T1/4S18,"18""",900,SA-36,"1/4""",0.25,1.87,41.89,58.65,159,175
PBSA516-70-CX900T1/4S18,"18""",900,SA-516-70,"1/4""",0.25,2.18,41.89,58.65,177,195
PB304L-CX900T1/4S18,"18""",900,304L,"1/4""",0.25,6.01,43.77,61.28,417,459
PB316L-CX900T1/4S18,"18""",900,316L,"1/4""",0.25,7.48,44.26,61.96,513,565
PBAL6061-CX900T1/4S18,"18""",900,AL-6061,"1/4""",0.25,5.1,14.76,20.66,154,170
PB304-CX900T5/16S18,"18""",900,304,"5/16""",0.3125,5.55,54.71,76.59,474,522
PBSA36-CX900T5/16S18,"18""",900,SA-36,"5/16""",0.3125,1.87,52.37,73.32,186,205
PBSA516-70-CX900T5/16S18,"18""",900,SA-516-70,"5/16""",0.3125,2.18,52.37,73.32,209,230
PB304L-CX900T5/16S18,"18""",900,304L,"5/16""",0.3125,6.01,54.71,76.59,509,560
PB316L-CX900T5/16S18,"18""",900,316L,"5/16""",0.3125,7.48,55.33,77.46,629,692
PBAL6061-CX900T5/16S18,"18""",900,AL-6061,"5/16""",0.3125,5.1,18.45,25.83,181,200
PB304-CX900T3/8S18,"18""",900,304,"3/8""",0.375,5.55,65.65,91.91,559,615
PBSA36-CX900T3/8S18,"18""",900,SA-36,"3/8""",0.375,1.87,62.84,87.98,214,236
PBSA516-70-CX900T3/8S18,"18""",900,SA-516-70,"3/8""",0.375,2.18,62.84,87.98,241,266
PB304L-CX900T3/8S18,"18""",900,304L,"3/8""",0.375,6.01,65.65,91.91,601,662
PB316L-CX900T3/8S18,"18""",900,316L,"3/8""",0.375,7.48,66.4,92.96,744,819
PBAL6061-CX900T3/8S18,"18""",900,AL-6061,"3/8""",0.375,5.1,22.14,31,207,228
PB304-CX900T1/2S18,"18""",900,304,"1/2""",0.5,5.55,87.53,122.54,729,802
PBSA36-CX900T1/2S18,"18""",900,SA-36,"1/2""",0.5,1.87,83.79,117.31,268,295
PBSA516-70-CX900T1/2S18,"18""",900,SA-516-70,"1/2""",0.5,2.18,83.79,117.31,305,336
PB304L-CX900T1/2S18,"18""",900,304L,"1/2""",0.5,6.01,87.53,122.54,786,865
PB316L-CX900T1/2S18,"18""",900,316L,"1/2""",0.5,7.48,88.53,123.94,976,1074
PBAL6061-CX900T1/2S18,"18""",900,AL-6061,"1/2""",0.5,5.1,29.52,41.33,260,286
PB304-CX900T5/8S18,"18""",900,304,"5/8""",0.625,5.55,109.42,153.19,899,989
PBSA36-CX900T5/8S18,"18""",900,SA-36,"5/8""",0.625,1.87,104.74,146.64,323,356
PBSA516-70-CX900T5/8S18,"18""",900,SA-516-70,"5/8""",0.625,2.18,104.74,146.64,369,406
PB304L-CX900T5/8S18,"18""",900,304L,"5/8""",0.625,6.01,109.42,153.19,970,1067
PB316L-CX900T5/8S18,"18""",900,316L,"5/8""",0.625,7.48,110.66,154.92,1208,1329
PBAL6061-CX900T5/8S18,"18""",900,AL-6061,"5/8""",0.625,5.1,36.9,51.66,313,345
PB304-CX900T3/4S18,"18""",900,304,"3/4""",0.75,5.55,131.3,183.82,1069,1176
PBSA36-CX900T3/4S18,"18""",900,SA-36,"3/4""",0.75,1.87,125.68,175.95,378,416
PBSA516-70-CX900T3/4S18,"18""",900,SA-516-70,"3/4""",0.75,2.18,125.68,175.95,433,477
PB304L-CX900T3/4S18,"18""",900,304L,"3/4""",0.75,6.01,131.3,183.82,1154,1270
PB316L-CX900T3/4S18,"18""",900,316L,"3/4""",0.75,7.48,132.79,185.91,1440,1585
PBAL6061-CX900T3/4S18,"18""",900,AL-6061,"3/4""",0.75,5.1,44.28,61.99,365,402
PB304-CX900T7/8S18,"18""",900,304,"7/8""",0.875,5.55,153.18,214.45,1239,1363
PBSA36-CX900T7/8S18,"18""",900,SA-36,"7/8""",0.875,1.87,146.63,205.28,433,477
PBSA516-70-CX900T7/8S18,"18""",900,SA-516-70,"7/8""",0.875,2.18,146.63,205.28,497,547
PB304L-CX900T7/8S18,"18""",900,304L,"7/8""",0.875,6.01,153.18,214.45,1338,1472
PB316L-CX900T7/8S18,"18""",900,316L,"7/8""",0.875,7.48,154.92,216.89,1671,1839
PBAL6061-CX900T7/8S18,"18""",900,AL-6061,"7/8""",0.875,5.1,51.67,72.34,418,460
PB304-CX900T1S18,"18""",900,304,"1""",1,5.55,175.07,245.1,1409,1550
PBSA36-CX900T1S18,"18""",900,SA-36,"1""",1,1.87,167.58,234.61,488,537
PBSA516-70-CX900T1S18,"18""",900,SA-516-70,"1""",1,2.18,167.58,234.61,561,618
PB304L-CX900T1S18,"18""",900,304L,"1""",1,6.01,175.07,245.1,1522,1675
PB316L-CX900T1S18,"18""",900,316L,"1""",1,7.48,177.06,247.88,1903,2094
PBAL6061-CX900T1S18,"18""",900,AL-6061,"1""",1,5.1,59.05,82.67,471,519
PB304-CX900T1-1/8S18,"18""",900,304,"1-1/8""",1.125,5.55,196.95,275.73,1579,1737
PBSA36-CX900T1-1/8S18,"18""",900,SA-36,"1-1/8""",1.125,1.87,188.53,263.94,543,598
PBSA516-70-CX900T1-1/8S18,"18""",900,SA-516-70,"1-1/8""",1.125,2.18,188.53,263.94,624,687
PB304L-CX900T1-1/8S18,"18""",900,304L,"1-1/8""",1.125,6.01,196.95,275.73,1706,1877
PB316L-CX900T1-1/8S18,"18""",900,316L,"1-1/8""",1.125,7.48,199.19,278.87,2135,2349
PBAL6061-CX900T1-1/8S18,"18""",900,AL-6061,"1-1/8""",1.125,5.1,66.43,93,523,576
PB304-CX900T1-1/4S18,"18""",900,304,"1-1/4""",1.25,5.55,218.83,306.36,1749,1924
PBSA36-CX900T1-1/4S18,"18""",900,SA-36,"1-1/4""",1.25,1.87,209.47,293.26,597,657
PBSA516-70-CX900T1-1/4S18,"18""",900,SA-516-70,"1-1/4""",1.25,2.18,209.47,293.26,688,757
PB304L-CX900T1-1/4S18,"18""",900,304L,"1-1/4""",1.25,6.01,218.83,306.36,1890,2079
PB316L-CX900T1-1/4S18,"18""",900,316L,"1-1/4""",1.25,7.48,221.32,309.85,2367,2604
PBAL6061-CX900T1-1/4S18,"18""",900,AL-6061,"1-1/4""",1.25,5.1,73.81,103.33,576,634
PB304-CX900T1-3/8S18,"18""",900,304,"1-3/8""",1.375,5.55,240.72,337.01,1920,2112
PBSA36-CX900T1-3/8S18,"18""",900,SA-36,"1-3/8""",1.375,1.87,230.42,322.59,652,718
PBSA516-70-CX900T1-3/8S18,"18""",900,SA-516-70,"1-3/8""",1.375,2.18,230.42,322.59,752,828
PB304L-CX900T1-3/8S18,"18""",900,304L,"1-3/8""",1.375,6.01,240.72,337.01,2075,2283
PB316L-CX900T1-3/8S18,"18""",900,316L,"1-3/8""",1.375,7.48,243.45,340.83,2599,2859
PBAL6061-CX900T1-3/8S18,"18""",900,AL-6061,"1-3/8""",1.375,5.1,81.19,113.67,629,692
PB304-CX900T1-1/2S18,"18""",900,304,"1-1/2""",1.5,5.55,262.6,367.64,2090,2299
PBSA36-CX900T1-1/2S18,"18""",900,SA-36,"1-1/2""",1.5,1.87,251.37,351.92,707,778
PBSA516-70-CX900T1-1/2S18,"18""",900,SA-516-70,"1-1/2""",1.5,2.18,251.37,351.92,816,898
PB304L-CX900T1-1/2S18,"18""",900,304L,"1-1/2""",1.5,6.01,262.6,367.64,2259,2485
PB316L-CX900T1-1/2S18,"18""",900,316L,"1-1/2""",1.5,7.48,265.59,371.83,2830,3114
PBAL6061-CX900T1-1/2S18,"18""",900,AL-6061,"1-1/2""",1.5,5.1,88.57,124,682,751
PB304-CX900T1-5/8S18,"18""",900,304,"1-5/8""",1.625,5.55,284.48,398.27,2260,2486
PBSA36-CX900T1-5/8S18,"18""",900,SA-36,"1-5/8""",1.625,1.87,272.31,381.23,762,839
PBSA516-70-CX900T1-5/8S18,"18""",900,SA-516-70,"1-5/8""",1.625,2.18,272.31,381.23,880,969
PB304L-CX900T1-5/8S18,"18""",900,304L,"1-5/8""",1.625,6.01,284.48,398.27,2443,2688
PB316L-CX900T1-5/8S18,"18""",900,316L,"1-5/8""",1.625,7.48,287.72,402.81,3062,3369
PBAL6061-CX900T1-5/8S18,"18""",900,AL-6061,"1-5/8""",1.625,5.1,95.95,134.33,734,808
PB304-CX900T1-3/4S18,"18""",900,304,"1-3/4""",1.75,5.55,306.37,428.92,2430,2673
PBSA36-CX900T1-3/4S18,"18""",900,SA-36,"1-3/4""",1.75,1.87,293.26,410.56,817,899
PBSA516-70-CX900T1-3/4S18,"18""",900,SA-516-70,"1-3/4""",1.75,2.18,293.26,410.56,944,1039
PB304L-CX900T1-3/4S18,"18""",900,304L,"1-3/4""",1.75,6.01,306.37,428.92,2627,2890
PB316L-CX900T1-3/4S18,"18""",900,316L,"1-3/4""",1.75,7.48,309.85,433.79,3294,3624
PBAL6061-CX900T1-3/4S18,"18""",900,AL-6061,"1-3/4""",1.75,5.1,103.33,144.66,787,866
PB304-CX900T1-7/8S18,"18""",900,304,"1-7/8""",1.875,5.55,328.25,459.55,2600,2861
PBSA36-CX900T1-7/8S18,"18""",900,SA-36,"1-7/8""",1.875,1.87,314.21,439.89,872,960
PBSA516-70-CX900T1-7/8S18,"18""",900,SA-516-70,"1-7/8""",1.875,2.18,314.21,439.89,1008,1109
PB304L-CX900T1-7/8S18,"18""",900,304L,"1-7/8""",1.875,6.01,328.25,459.55,2811,3093
PB316L-CX900T1-7/8S18,"18""",900,316L,"1-7/8""",1.875,7.48,331.98,464.77,3526,3879
PBAL6061-CX900T1-7/8S18,"18""",900,AL-6061,"1-7/8""",1.875,5.1,110.71,154.99,840,925
PB304-CX900T2S18,"18""",900,304,"2""",2,5.55,350.13,490.18,2770,3048
PBSA36-CX900T2S18,"18""",900,SA-36,"2""",2,1.87,335.16,469.22,927,1020
PBSA516-70-CX900T2S18,"18""",900,SA-516-70,"2""",2,2.18,335.16,469.22,1072,1180
PB304L-CX900T2S18,"18""",900,304L,"2""",2,6.01,350.13,490.18,2995,3295
PB316L-CX900T2S18,"18""",900,316L,"2""",2,7.48,354.11,495.75,3757,4133
PBAL6061-CX900T2S18,"18""",900,AL-6061,"2""",2,5.1,118.09,165.33,892,982
PB304-CX900T2-1/4S18,"18""",900,304,"2-1/4""",2.25,5.55,393.9,551.46,3110,3422
PBSA36-CX900T2-1/4S18,"18""",900,SA-36,"2-1/4""",2.25,1.87,377.05,527.87,1036,1140
PBSA516-70-CX900T2-1/4S18,"18""",900,SA-516-70,"2-1/4""",2.25,2.18,377.05,527.87,1200,1320
PB304L-CX900T2-1/4S18,"18""",900,304L,"2-1/4""",2.25,6.01,393.9,551.46,3363,3700
PB316L-CX900T2-1/4S18,"18""",900,316L,"2-1/4""",2.25,7.48,398.38,557.73,4221,4644
PBAL6061-CX900T2-1/4S18,"18""",900,AL-6061,"2-1/4""",2.25,5.1,132.85,185.99,998,1098
PB304-CX900T2-1/2S18,"18""",900,304,"2-1/2""",2.5,5.55,437.67,612.74,3450,3796
PBSA36-CX900T2-1/2S18,"18""",900,SA-36,"2-1/2""",2.5,1.87,418.95,586.53,1146,1261
PBSA516-70-CX900T2-1/2S18,"18""",900,SA-516-70,"2-1/2""",2.5,2.18,418.95,586.53,1328,1461
PB304L-CX900T2-1/2S18,"18""",900,304L,"2-1/2""",2.5,6.01,437.67,612.74,3732,4106
PB316L-CX900T2-1/2S18,"18""",900,316L,"2-1/2""",2.5,7.48,442.64,619.7,4684,5153
PBAL6061-CX900T2-1/2S18,"18""",900,AL-6061,"2-1/2""",2.5,5.1,147.62,206.67,1103,1214
PB304-CX900T3S18,"18""",900,304,"3""",3,5.55,525.2,735.28,4130,4543
PBSA36-CX900T3S18,"18""",900,SA-36,"3""",3,1.87,502.74,703.84,1365,1502
PBSA516-70-CX900T3S18,"18""",900,SA-516-70,"3""",3,2.18,502.74,703.84,1583,1742
PB304L-CX900T3S18,"18""",900,304L,"3""",3,6.01,525.2,735.28,4468,4915
PB316L-CX900T3S18,"18""",900,316L,"3""",3,7.48,531.17,743.64,5612,6174
PBAL6061-CX900T3S18,"18""",900,AL-6061,"3""",3,5.1,177.14,248,1314,1446
PB304-CX900T11GAS20,"20""",900,304,11 Gauge,0.1196,5.55,25.05,35.07,247,272
PBSA36-CX900T11GAS20,"20""",900,SA-36,11 Gauge,0.1196,1.87,23.98,33.57,115,127
PBSA516-70-CX900T11GAS20,"20""",900,SA-516-70,11 Gauge,0.1196,2.18,23.98,33.57,126,139
PB304L-CX900T11GAS20,"20""",900,304L,11 Gauge,0.1196,6.01,25.05,35.07,263,290
PB316L-CX900T11GAS20,"20""",900,316L,11 Gauge,0.1196,7.48,25.34,35.48,318,350
PBAL6061-CX900T11GAS20,"20""",900,AL-6061,11 Gauge,0.1196,5.1,8.45,11.83,113,125
PB304-CX900T1/8S20,"20""",900,304,"1/8""",0.125,5.55,26.19,36.67,256,282
PBSA36-CX900T1/8S20,"20""",900,SA-36,"1/8""",0.125,1.87,25.07,35.1,118,130
PBSA516-70-CX900T1/8S20,"20""",900,SA-516-70,"1/8""",0.125,2.18,25.07,35.1,129,142
PB304L-CX900T1/8S20,"20""",900,304L,"1/8""",0.125,6.01,26.19,36.67,273,301
PB316L-CX900T1/8S20,"20""",900,316L,"1/8""",0.125,7.48,26.48,37.07,330,364
PBAL6061-CX900T1/8S20,"20""",900,AL-6061,"1/8""",0.125,5.1,8.83,12.36,115,127
PB304-CX900T3/16S20,"20""",900,304,"3/16""",0.1875,5.55,39.28,54.99,358,394
PBSA36-CX900T3/16S20,"20""",900,SA-36,"3/16""",0.1875,1.87,37.6,52.64,151,167
PBSA516-70-CX900T3/16S20,"20""",900,SA-516-70,"3/16""",0.1875,2.18,37.6,52.64,167,184
PB304L-CX900T3/16S20,"20""",900,304L,"3/16""",0.1875,6.01,39.28,54.99,383,422
PB316L-CX900T3/16S20,"20""",900,316L,"3/16""",0.1875,7.48,39.73,55.62,468,515
PBAL6061-CX900T3/16S20,"20""",900,AL-6061,"3/16""",0.1875,5.1,13.25,18.55,147,162
PB304-CX900T1/4S20,"20""",900,304,"1/4""",0.25,5.55,52.37,73.32,459,505
PBSA36-CX900T1/4S20,"20""",900,SA-36,"1/4""",0.25,1.87,50.13,70.18,184,203
PBSA516-70-CX900T1/4S20,"20""",900,SA-516-70,"1/4""",0.25,2.18,50.13,70.18,205,226
PB304L-CX900T1/4S20,"20""",900,304L,"1/4""",0.25,6.01,52.37,73.32,493,543
PB316L-CX900T1/4S20,"20""",900,316L,"1/4""",0.25,7.48,52.97,74.16,607,668
PBAL6061-CX900T1/4S20,"20""",900,AL-6061,"1/4""",0.25,5.1,17.66,24.72,179,197
PB304-CX900T5/16S20,"20""",900,304,"5/16""",0.3125,5.55,65.47,91.66,561,618
PBSA36-CX900T5/16S20,"20""",900,SA-36,"5/16""",0.3125,1.87,62.66,87.72,216,238
PBSA516-70-CX900T5/16S20,"20""",900,SA-516-70,"5/16""",0.3125,2.18,62.66,87.72,244,269
PB304L-CX900T5/16S20,"20""",900,304L,"5/16""",0.3125,6.01,65.47,91.66,603,664
PB316L-CX900T5/16S20,"20""",900,316L,"5/16""",0.3125,7.48,66.21,92.69,746,821
PBAL6061-CX900T5/16S20,"20""",900,AL-6061,"5/16""",0.3125,5.1,22.08,30.91,210,232
PB304-CX900T3/8S20,"20""",900,304,"3/8""",0.375,5.55,78.56,109.98,663,730
PBSA36-CX900T3/8S20,"20""",900,SA-36,"3/8""",0.375,1.87,75.2,105.28,249,274
PBSA516-70-CX900T3/8S20,"20""",900,SA-516-70,"3/8""",0.375,2.18,75.2,105.28,282,311
PB304L-CX900T3/8S20,"20""",900,304L,"3/8""",0.375,6.01,78.56,109.98,713,785
PB316L-CX900T3/8S20,"20""",900,316L,"3/8""",0.375,7.48,79.45,111.23,884,973
PBAL6061-CX900T3/8S20,"20""",900,AL-6061,"3/8""",0.375,5.1,26.5,37.1,242,267
PB304-CX900T1/2S20,"20""",900,304,"1/2""",0.5,5.55,104.74,146.64,866,953
PBSA36-CX900T1/2S20,"20""",900,SA-36,"1/2""",0.5,1.87,100.26,140.36,315,347
PBSA516-70-CX900T1/2S20,"20""",900,SA-516-70,"1/2""",0.5,2.18,100.26,140.36,358,394
PB304L-CX900T1/2S20,"20""",900,304L,"1/2""",0.5,6.01,104.74,146.64,934,1028
PB316L-CX900T1/2S20,"20""",900,316L,"1/2""",0.5,7.48,105.94,148.32,1162,1279
PBAL6061-CX900T1/2S20,"20""",900,AL-6061,"1/2""",0.5,5.1,35.33,49.46,305,336
PB304-CX900T5/8S20,"20""",900,304,"5/8""",0.625,5.55,130.93,183.3,1070,1177
PBSA36-CX900T5/8S20,"20""",900,SA-36,"5/8""",0.625,1.87,125.33,175.46,381,420
PBSA516-70-CX900T5/8S20,"20""",900,SA-516-70,"5/8""",0.625,2.18,125.33,175.46,435,479
PB304L-CX900T5/8S20,"20""",900,304L,"5/8""",0.625,6.01,130.93,183.3,1154,1270
PB316L-CX900T5/8S20,"20""",900,316L,"5/8""",0.625,7.48,132.42,185.39,1439,1583
PBAL6061-CX900T5/8S20,"20""",900,AL-6061,"5/8""",0.625,5.1,44.16,61.82,368,405
PB304-CX900T3/4S20,"20""",900,304,"3/4""",0.75,5.55,157.12,219.97,1273,1401
PBSA36-CX900T3/4S20,"20""",900,SA-36,"3/4""",0.75,1.87,150.4,210.56,446,491
PBSA516-70-CX900T3/4S20,"20""",900,SA-516-70,"3/4""",0.75,2.18,150.4,210.56,511,563
PB304L-CX900T3/4S20,"20""",900,304L,"3/4""",0.75,6.01,157.12,219.97,1374,1512
PB316L-CX900T3/4S20,"20""",900,316L,"3/4""",0.75,7.48,158.9,222.46,1716,1888
PBAL6061-CX900T3/4S20,"20""",900,AL-6061,"3/4""",0.75,5.1,52.99,74.19,431,475
PB304-CX900T7/8S20,"20""",900,304,"7/8""",0.875,5.55,183.3,256.62,1477,1625
PBSA36-CX900T7/8S20,"20""",900,SA-36,"7/8""",0.875,1.87,175.46,245.64,512,564
PBSA516-70-CX900T7/8S20,"20""",900,SA-516-70,"7/8""",0.875,2.18,175.46,245.64,588,647
PB304L-CX900T7/8S20,"20""",900,304L,"7/8""",0.875,6.01,183.3,256.62,1595,1755
PB316L-CX900T7/8S20,"20""",900,316L,"7/8""",0.875,7.48,185.39,259.55,1994,2194
PBAL6061-CX900T7/8S20,"20""",900,AL-6061,"7/8""",0.875,5.1,61.82,86.55,494,544
PB304-CX900T1S20,"20""",900,304,"1""",1,5.55,209.49,293.29,1680,1849
PBSA36-CX900T1S20,"20""",900,SA-36,"1""",1,1.87,200.53,280.74,577,635
PBSA516-70-CX900T1S20,"20""",900,SA-516-70,"1""",1,2.18,200.53,280.74,664,731
PB304L-CX900T1S20,"20""",900,304L,"1""",1,6.01,209.49,293.29,1815,1997
PB316L-CX900T1S20,"20""",900,316L,"1""",1,7.48,211.87,296.62,2271,2499
PBAL6061-CX900T1S20,"20""",900,AL-6061,"1""",1,5.1,70.66,98.92,557,613
PB304-CX900T1-1/8S20,"20""",900,304,"1-1/8""",1.125,5.55,235.67,329.94,1884,2073
PBSA36-CX900T1-1/8S20,"20""",900,SA-36,"1-1/8""",1.125,1.87,225.59,315.83,643,708
PBSA516-70-CX900T1-1/8S20,"20""",900,SA-516-70,"1-1/8""",1.125,2.18,225.59,315.83,741,816
PB304L-CX900T1-1/8S20,"20""",900,304L,"1-1/8""",1.125,6.01,235.67,329.94,2035,2239
PB316L-CX900T1-1/8S20,"20""",900,316L,"1-1/8""",1.125,7.48,238.35,333.69,2548,2803
PBAL6061-CX900T1-1/8S20,"20""",900,AL-6061,"1-1/8""",1.125,5.1,79.49,111.29,620,682
PB304-CX900T1-1/4S20,"20""",900,304,"1-1/4""",1.25,5.55,261.86,366.6,2087,2296
PBSA36-CX900T1-1/4S20,"20""",900,SA-36,"1-1/4""",1.25,1.87,250.66,350.92,709,780
PBSA516-70-CX900T1-1/4S20,"20""",900,SA-516-70,"1-1/4""",1.25,2.18,250.66,350.92,817,899
PB304L-CX900T1-1/4S20,"20""",900,304L,"1-1/4""",1.25,6.01,261.86,366.6,2256,2482
PB316L-CX900T1-1/4S20,"20""",900,316L,"1-1/4""",1.25,7.48,264.84,370.78,2826,3109
PBAL6061-CX900T1-1/4S20,"20""",900,AL-6061,"1-1/4""",1.25,5.1,88.32,123.65,683,752
PB304-CX900T1-3/8S20,"20""",900,304,"1-3/8""",1.375,5.55,288.05,403.27,2291,2521
PBSA36-CX900T1-3/8S20,"20""",900,SA-36,"1-3/8""",1.375,1.87,275.73,386.02,774,852
PBSA516-70-CX900T1-3/8S20,"20""",900,SA-516-70,"1-3/8""",1.375,2.18,275.73,386.02,894,984
PB304L-CX900T1-3/8S20,"20""",900,304L,"1-3/8""",1.375,6.01,288.05,403.27,2476,2724
PB316L-CX900T1-3/8S20,"20""",900,316L,"1-3/8""",1.375,7.48,291.32,407.85,3103,3414
PBAL6061-CX900T1-3/8S20,"20""",900,AL-6061,"1-3/8""",1.375,5.1,97.15,136.01,746,821
PB304-CX900T1-1/2S20,"20""",900,304,"1-1/2""",1.5,5.55,314.23,439.92,2494,2744
PBSA36-CX900T1-1/2S20,"20""",900,SA-36,"1-1/2""",1.5,1.87,300.79,421.11,840,925
PBSA516-70-CX900T1-1/2S20,"20""",900,SA-516-70,"1-1/2""",1.5,2.18,300.79,421.11,970,1067
PB304L-CX900T1-1/2S20,"20""",900,304L,"1-1/2""",1.5,6.01,314.23,439.92,2696,2966
PB316L-CX900T1-1/2S20,"20""",900,316L,"1-1/2""",1.5,7.48,317.81,444.93,3381,3720
PBAL6061-CX900T1-1/2S20,"20""",900,AL-6061,"1-1/2""",1.5,5.1,105.98,148.37,809,890
PB304-CX900T1-5/8S20,"20""",900,304,"1-5/8""",1.625,5.55,340.42,476.59,2698,2968
PBSA36-CX900T1-5/8S20,"20""",900,SA-36,"1-5/8""",1.625,1.87,325.86,456.2,906,997
PBSA516-70-CX900T1-5/8S20,"20""",900,SA-516-70,"1-5/8""",1.625,2.18,325.86,456.2,1047,1152
PB304L-CX900T1-5/8S20,"20""",900,304L,"1-5/8""",1.625,6.01,340.42,476.59,2917,3209
PB316L-CX900T1-5/8S20,"20""",900,316L,"1-5/8""",1.625,7.48,344.29,482.01,3658,4024
PBAL6061-CX900T1-5/8S20,"20""",900,AL-6061,"1-5/8""",1.625,5.1,114.82,160.75,872,960
PB304-CX900T1-3/4S20,"20""",900,304,"1-3/4""",1.75,5.55,366.61,513.25,2901,3192
PBSA36-CX900T1-3/4S20,"20""",900,SA-36,"1-3/4""",1.75,1.87,350.92,491.29,971,1069
PBSA516-70-CX900T1-3/4S20,"20""",900,SA-516-70,"1-3/4""",1.75,2.18,350.92,491.29,1123,1236
PB304L-CX900T1-3/4S20,"20""",900,304L,"1-3/4""",1.75,6.01,366.61,513.25,3137,3451
PB316L-CX900T1-3/4S20,"20""",900,316L,"1-3/4""",1.75,7.48,370.77,519.08,3935,4329
PBAL6061-CX900T1-3/4S20,"20""",900,AL-6061,"1-3/4""",1.75,5.1,123.65,173.11,935,1029
PB304-CX900T1-7/8S20,"20""",900,304,"1-7/8""",1.875,5.55,392.79,549.91,3104,3415
PBSA36-CX900T1-7/8S20,"20""",900,SA-36,"1-7/8""",1.875,1.87,375.99,526.39,1037,1141
PBSA516-70-CX900T1-7/8S20,"20""",900,SA-516-70,"1-7/8""",1.875,2.18,375.99,526.39,1200,1320
PB304L-CX900T1-7/8S20,"20""",900,304L,"1-7/8""",1.875,6.01,392.79,549.91,3357,3693
PB316L-CX900T1-7/8S20,"20""",900,316L,"1-7/8""",1.875,7.48,397.26,556.16,4213,4635
PBAL6061-CX900T1-7/8S20,"20""",900,AL-6061,"1-7/8""",1.875,5.1,132.48,185.47,998,1098
PB304-CX900T2S20,"20""",900,304,"2""",2,5.55,418.98,586.57,3308,3639
PBSA36-CX900T2S20,"20""",900,SA-36,"2""",2,1.87,401.06,561.48,1102,1213
PBSA516-70-CX900T2S20,"20""",900,SA-516-70,"2""",2,2.18,401.06,561.48,1276,1404
PB304L-CX900T2S20,"20""",900,304L,"2""",2,6.01,418.98,586.57,3578,3936
PB316L-CX900T2S20,"20""",900,316L,"2""",2,7.48,423.74,593.24,4490,4939
PBAL6061-CX900T2S20,"20""",900,AL-6061,"2""",2,5.1,141.31,197.83,1061,1168
PB304-CX900T2-1/4S20,"20""",900,304,"2-1/4""",2.25,5.55,471.35,659.89,3715,4087
PBSA36-CX900T2-1/4S20,"20""",900,SA-36,"2-1/4""",2.25,1.87,451.19,631.67,1234,1358
PBSA516-70-CX900T2-1/4S20,"20""",900,SA-516-70,"2-1/4""",2.25,2.18,451.19,631.67,1429,1572
PB304L-CX900T2-1/4S20,"20""",900,304L,"2-1/4""",2.25,6.01,471.35,659.89,4018,4420
PB316L-CX900T2-1/4S20,"20""",900,316L,"2-1/4""",2.25,7.48,476.71,667.39,5045,5550
PBAL6061-CX900T2-1/4S20,"20""",900,AL-6061,"2-1/4""",2.25,5.1,158.98,222.57,1188,1307
PB304-CX900T2-1/2S20,"20""",900,304,"2-1/2""",2.5,5.55,523.72,733.21,4122,4535
PBSA36-CX900T2-1/2S20,"20""",900,SA-36,"2-1/2""",2.5,1.87,501.32,701.85,1365,1502
PBSA516-70-CX900T2-1/2S20,"20""",900,SA-516-70,"2-1/2""",2.5,2.18,501.32,701.85,1582,1741
PB304L-CX900T2-1/2S20,"20""",900,304L,"2-1/2""",2.5,6.01,523.72,733.21,4459,4905
PB316L-CX900T2-1/2S20,"20""",900,316L,"2-1/2""",2.5,7.48,529.68,741.55,5599,6159
PBAL6061-CX900T2-1/2S20,"20""",900,AL-6061,"2-1/2""",2.5,5.1,176.64,247.3,1314,1446
PB304-CX900T3S20,"20""",900,304,"3""",3,5.55,628.47,879.86,4936,5430
PBSA36-CX900T3S20,"20""",900,SA-36,"3""",3,1.87,601.58,842.21,1627,1790
PBSA516-70-CX900T3S20,"20""",900,SA-516-70,"3""",3,2.18,601.58,842.21,1888,2077
PB304L-CX900T3S20,"20""",900,304L,"3""",3,6.01,628.47,879.86,5340,5875
PB316L-CX900T3S20,"20""",900,316L,"3""",3,7.48,635.61,889.85,6709,7380
PBAL6061-CX900T3S20,"20""",900,AL-6061,"3""",3,5.1,211.97,296.76,1566,1723
PB304-CX900T11GAS24,"24""",900,304,11 Gauge,0.1196,5.55,36.07,50.5,337,371
PBSA36-CX900T11GAS24,"24""",900,SA-36,11 Gauge,0.1196,1.87,34.52,48.33,147,162
PBSA516-70-CX900T11GAS24,"24""",900,SA-516-70,11 Gauge,0.1196,2.18,34.52,48.33,162,179
PB304L-CX900T11GAS24,"24""",900,304L,11 Gauge,0.1196,6.01,36.07,50.5,360,397
PB316L-CX900T11GAS24,"24""",900,316L,11 Gauge,0.1196,7.48,36.48,51.07,439,483
PBAL6061-CX900T11GAS24,"24""",900,AL-6061,11 Gauge,0.1196,5.1,12.16,17.02,143,158
PB304-CX900T1/8S24,"24""",900,304,"1/8""",0.125,5.55,37.7,52.78,350,386
PBSA36-CX900T1/8S24,"24""",900,SA-36,"1/8""",0.125,1.87,36.08,50.51,151,167
PBSA516-70-CX900T1/8S24,"24""",900,SA-516-70,"1/8""",0.125,2.18,36.08,50.51,167,184
PB304L-CX900T1/8S24,"24""",900,304L,"1/8""",0.125,6.01,37.7,52.78,374,412
PB316L-CX900T1/8S24,"24""",900,316L,"1/8""",0.125,7.48,38.12,53.37,456,502
PBAL6061-CX900T1/8S24,"24""",900,AL-6061,"1/8""",0.125,5.1,12.71,17.79,147,162
PB304-CX900T3/16S24,"24""",900,304,"3/16""",0.1875,5.55,56.54,79.16,496,546
PBSA36-CX900T3/16S24,"24""",900,SA-36,"3/16""",0.1875,1.87,54.13,75.78,198,218
PBSA516-70-CX900T3/16S24,"24""",900,SA-516-70,"3/16""",0.1875,2.18,54.13,75.78,222,245
PB304L-CX900T3/16S24,"24""",900,304L,"3/16""",0.1875,6.01,56.54,79.16,532,586
PB316L-CX900T3/16S24,"24""",900,316L,"3/16""",0.1875,7.48,57.19,80.07,656,722
PBAL6061-CX900T3/16S24,"24""",900,AL-6061,"3/16""",0.1875,5.1,19.07,26.7,193,213
PB304-CX900T1/4S24,"24""",900,304,"1/4""",0.25,5.55,75.39,105.55,642,707
PBSA36-CX900T1/4S24,"24""",900,SA-36,"1/4""",0.25,1.87,72.17,101.04,246,271
PBSA516-70-CX900T1/4S24,"24""",900,SA-516-70,"1/4""",0.25,2.18,72.17,101.04,277,305
PB304L-CX900T1/4S24,"24""",900,304L,"1/4""",0.25,6.01,75.39,105.55,691,761
PB316L-CX900T1/4S24,"24""",900,316L,"1/4""",0.25,7.48,76.25,106.75,855,941
PBAL6061-CX900T1/4S24,"24""",900,AL-6061,"1/4""",0.25,5.1,25.43,35.6,238,262
PB304-CX900T5/16S24,"24""",900,304,"5/16""",0.3125,5.55,94.24,131.94,789,868
PBSA36-CX900T5/16S24,"24""",900,SA-36,"5/16""",0.3125,1.87,90.21,126.29,293,323
PBSA516-70-CX900T5/16S24,"24""",900,SA-516-70,"5/16""",0.3125,2.18,90.21,126.29,332,366
PB304L-CX900T5/16S24,"24""",900,304L,"5/16""",0.3125,6.01,94.24,131.94,850,936
PB316L-CX900T5/16S24,"24""",900,316L,"5/16""",0.3125,7.48,95.31,133.43,1055,1161
PBAL6061-CX900T5/16S24,"24""",900,AL-6061,"5/16""",0.3125,5.1,31.79,44.51,284,313
PB304-CX900T3/8S24,"24""",900,304,"3/8""",0.375,5.55,113.09,158.33,935,1029
PBSA36-CX900T3/8S24,"24""",900,SA-36,"3/8""",0.375,1.87,108.25,151.55,340,375
PBSA516-70-CX900T3/8S24,"24""",900,SA-516-70,"3/8""",0.375,2.18,108.25,151.55,387,426
PB304L-CX900T3/8S24,"24""",900,304L,"3/8""",0.375,6.01,113.09,158.33,1008,1109
PB316L-CX900T3/8S24,"24""",900,316L,"3/8""",0.375,7.48,114.37,160.12,1254,1380
PBAL6061-CX900T3/8S24,"24""",900,AL-6061,"3/8""",0.375,5.1,38.14,53.4,329,362
PB304-CX900T1/2S24,"24""",900,304,"1/2""",0.5,5.55,150.78,211.09,1228,1351
PBSA36-CX900T1/2S24,"24""",900,SA-36,"1/2""",0.5,1.87,144.33,202.06,435,479
PBSA516-70-CX900T1/2S24,"24""",900,SA-516-70,"1/2""",0.5,2.18,144.33,202.06,497,547
PB304L-CX900T1/2S24,"24""",900,304L,"1/2""",0.5,6.01,150.78,211.09,1325,1458
PB316L-CX900T1/2S24,"24""",900,316L,"1/2""",0.5,7.48,152.5,213.5,1654,1820
PBAL6061-CX900T1/2S24,"24""",900,AL-6061,"1/2""",0.5,5.1,50.86,71.2,420,463
PB304-CX900T5/8S24,"24""",900,304,"5/8""",0.625,5.55,188.48,263.87,1521,1674
PBSA36-CX900T5/8S24,"24""",900,SA-36,"5/8""",0.625,1.87,180.42,252.59,529,582
PBSA516-70-CX900T5/8S24,"24""",900,SA-516-70,"5/8""",0.625,2.18,180.42,252.59,607,668
PB304L-CX900T5/8S24,"24""",900,304L,"5/8""",0.625,6.01,188.48,263.87,1643,1808
PB316L-CX900T5/8S24,"24""",900,316L,"5/8""",0.625,7.48,190.62,266.87,2053,2259
PBAL6061-CX900T5/8S24,"24""",900,AL-6061,"5/8""",0.625,5.1,63.57,89,511,563
PB304-CX900T3/4S24,"24""",900,304,"3/4""",0.75,5.55,226.18,316.65,1814,1996
PBSA36-CX900T3/4S24,"24""",900,SA-36,"3/4""",0.75,1.87,216.5,303.1,623,686
PBSA516-70-CX900T3/4S24,"24""",900,SA-516-70,"3/4""",0.75,2.18,216.5,303.1,717,789
PB304L-CX900T3/4S24,"24""",900,304L,"3/4""",0.75,6.01,226.18,316.65,1960,2156
PB316L-CX900T3/4S24,"24""",900,316L,"3/4""",0.75,7.48,228.75,320.25,2452,2698
PBAL6061-CX900T3/4S24,"24""",900,AL-6061,"3/4""",0.75,5.1,76.28,106.79,601,662
PB304-CX900T7/8S24,"24""",900,304,"7/8""",0.875,5.55,263.87,369.42,2107,2318
PBSA36-CX900T7/8S24,"24""",900,SA-36,"7/8""",0.875,1.87,252.58,353.61,718,790
PBSA516-70-CX900T7/8S24,"24""",900,SA-516-70,"7/8""",0.875,2.18,252.58,353.61,828,911
PB304L-CX900T7/8S24,"24""",900,304L,"7/8""",0.875,6.01,263.87,369.42,2277,2505
PB316L-CX900T7/8S24,"24""",900,316L,"7/8""",0.875,7.48,266.87,373.62,2851,3137
PBAL6061-CX900T7/8S24,"24""",900,AL-6061,"7/8""",0.875,5.1,89,124.6,692,762
PB304-CX900T1S24,"24""",900,304,"1""",1,5.55,301.57,422.2,2400,2640
PBSA36-CX900T1S24,"24""",900,SA-36,"1""",1,1.87,288.67,404.14,812,894
PBSA516-70-CX900T1S24,"24""",900,SA-516-70,"1""",1,2.18,288.67,404.14,938,1032
PB304L-CX900T1S24,"24""",900,304L,"1""",1,6.01,301.57,422.2,2594,2854
PB316L-CX900T1S24,"24""",900,316L,"1""",1,7.48,305,427,3251,3577
PBAL6061-CX900T1S24,"24""",900,AL-6061,"1""",1,5.1,101.71,142.39,783,862
PB304-CX900T1-1/8S24,"24""",900,304,"1-1/8""",1.125,5.55,339.26,474.96,2693,2963
PBSA36-CX900T1-1/8S24,"24""",900,SA-36,"1-1/8""",1.125,1.87,324.75,454.65,907,998
PBSA516-70-CX900T1-1/8S24,"24""",900,SA-516-70,"1-1/8""",1.125,2.18,324.75,454.65,1048,1153
PB304L-CX900T1-1/8S24,"24""",900,304L,"1-1/8""",1.125,6.01,339.26,474.96,2911,3203
PB316L-CX900T1-1/8S24,"24""",900,316L,"1-1/8""",1.125,7.48,343.12,480.37,3650,4016
PBAL6061-CX900T1-1/8S24,"24""",900,AL-6061,"1-1/8""",1.125,5.1,114.43,160.2,874,962
PB304-CX900T1-1/4S24,"24""",900,304,"1-1/4""",1.25,5.55,376.96,527.74,2986,3285
PBSA36-CX900T1-1/4S24,"24""",900,SA-36,"1-1/4""",1.25,1.87,360.83,505.16,1001,1102
PBSA516-70-CX900T1-1/4S24,"24""",900,SA-516-70,"1-1/4""",1.25,2.18,360.83,505.16,1158,1274
PB304L-CX900T1-1/4S24,"24""",900,304L,"1-1/4""",1.25,6.01,376.96,527.74,3228,3551
PB316L-CX900T1-1/4S24,"24""",900,316L,"1-1/4""",1.25,7.48,381.24,533.74,4049,4454
PBAL6061-CX900T1-1/4S24,"24""",900,AL-6061,"1-1/4""",1.25,5.1,127.14,178,964,1061
PB304-CX900T1-3/8S24,"24""",900,304,"1-3/8""",1.375,5.55,414.66,580.52,3279,3607
PBSA36-CX900T1-3/8S24,"24""",900,SA-36,"1-3/8""",1.375,1.87,396.92,555.69,1096,1206
PBSA516-70-CX900T1-3/8S24,"24""",900,SA-516-70,"1-3/8""",1.375,2.18,396.92,555.69,1268,1395
PB304L-CX900T1-3/8S24,"24""",900,304L,"1-3/8""",1.375,6.01,414.66,580.52,3546,3901
PB316L-CX900T1-3/8S24,"24""",900,316L,"1-3/8""",1.375,7.48,419.37,587.12,4448,4893
PBAL6061-CX900T1-3/8S24,"24""",900,AL-6061,"1-3/8""",1.375,5.1,139.85,195.79,1055,1161
PB304-CX900T1-1/2S24,"24""",900,304,"1-1/2""",1.5,5.55,452.35,633.29,3571,3929
PBSA36-CX900T1-1/2S24,"24""",900,SA-36,"1-1/2""",1.5,1.87,433,606.2,1190,1309
PBSA516-70-CX900T1-1/2S24,"24""",900,SA-516-70,"1-1/2""",1.5,2.18,433,606.2,1378,1516
PB304L-CX900T1-1/2S24,"24""",900,304L,"1-1/2""",1.5,6.01,452.35,633.29,3863,4250
PB316L-CX900T1-1/2S24,"24""",900,316L,"1-1/2""",1.5,7.48,457.49,640.49,4848,5333
PBAL6061-CX900T1-1/2S24,"24""",900,AL-6061,"1-1/2""",1.5,5.1,152.57,213.6,1146,1261
PB304-CX900T1-5/8S24,"24""",900,304,"1-5/8""",1.625,5.55,490.05,686.07,3864,4251
PBSA36-CX900T1-5/8S24,"24""",900,SA-36,"1-5/8""",1.625,1.87,469.09,656.73,1285,1414
PBSA516-70-CX900T1-5/8S24,"24""",900,SA-516-70,"1-5/8""",1.625,2.18,469.09,656.73,1488,1637
PB304L-CX900T1-5/8S24,"24""",900,304L,"1-5/8""",1.625,6.01,490.05,686.07,4180,4598
PB316L-CX900T1-5/8S24,"24""",900,316L,"1-5/8""",1.625,7.48,495.62,693.87,5247,5772
PBAL6061-CX900T1-5/8S24,"24""",900,AL-6061,"1-5/8""",1.625,5.1,165.28,231.39,1237,1361
PB304-CX900T1-3/4S24,"24""",900,304,"1-3/4""",1.75,5.55,527.74,738.84,4157,4573
PBSA36-CX900T1-3/4S24,"24""",900,SA-36,"1-3/4""",1.75,1.87,505.17,707.24,1379,1517
PBSA516-70-CX900T1-3/4S24,"24""",900,SA-516-70,"1-3/4""",1.75,2.18,505.17,707.24,1598,1758
PB304L-CX900T1-3/4S24,"24""",900,304L,"1-3/4""",1.75,6.01,527.74,738.84,4497,4947
PB316L-CX900T1-3/4S24,"24""",900,316L,"1-3/4""",1.75,7.48,533.74,747.24,5646,6211
PBAL6061-CX900T1-3/4S24,"24""",900,AL-6061,"1-3/4""",1.75,5.1,178,249.2,1328,1461
PB304-CX900T1-7/8S24,"24""",900,304,"1-7/8""",1.875,5.55,565.44,791.62,4450,4895
PBSA36-CX900T1-7/8S24,"24""",900,SA-36,"1-7/8""",1.875,1.87,541.25,757.75,1474,1622
PBSA516-70-CX900T1-7/8S24,"24""",900,SA-516-70,"1-7/8""",1.875,2.18,541.25,757.75,1709,1880
PB304L-CX900T1-7/8S24,"24""",900,304L,"1-7/8""",1.875,6.01,565.44,791.62,4814,5296
PB316L-CX900T1-7/8S24,"24""",900,316L,"1-7/8""",1.875,7.48,571.87,800.62,6045,6650
PBAL6061-CX900T1-7/8S24,"24""",900,AL-6061,"1-7/8""",1.875,5.1,190.71,266.99,1418,1560
PB304-CX900T2S24,"24""",900,304,"2""",2,5.55,603.13,844.38,4743,5218
PBSA36-CX900T2S24,"24""",900,SA-36,"2""",2,1.87,577.34,808.28,1568,1725
PBSA516-70-CX900T2S24,"24""",900,SA-516-70,"2""",2,2.18,577.34,808.28,1819,2001
PB304L-CX900T2S24,"24""",900,304L,"2""",2,6.01,603.13,844.38,5131,5645
PB316L-CX900T2S24,"24""",900,316L,"2""",2,7.48,609.99,853.99,6444,7089
PBAL6061-CX900T2S24,"24""",900,AL-6061,"2""",2,5.1,203.42,284.79,1509,1660
PB304-CX900T2-1/4S24,"24""",900,304,"2-1/4""",2.25,5.55,678.53,949.94,5329,5862
PBSA36-CX900T2-1/4S24,"24""",900,SA-36,"2-1/4""",2.25,1.87,649.5,909.3,1757,1933
PBSA516-70-CX900T2-1/4S24,"24""",900,SA-516-70,"2-1/4""",2.25,2.18,649.5,909.3,2039,2243
PB304L-CX900T2-1/4S24,"24""",900,304L,"2-1/4""",2.25,6.01,678.53,949.94,5766,6343
PB316L-CX900T2-1/4S24,"24""",900,316L,"2-1/4""",2.25,7.48,686.24,960.74,7243,7968
PBAL6061-CX900T2-1/4S24,"24""",900,AL-6061,"2-1/4""",2.25,5.1,228.85,320.39,1691,1861
PB304-CX900T2-1/2S24,"24""",900,304,"2-1/2""",2.5,5.55,753.92,1055.49,5915,6507
PBSA36-CX900T2-1/2S24,"24""",900,SA-36,"2-1/2""",2.5,1.87,721.67,1010.34,1946,2141
PBSA516-70-CX900T2-1/2S24,"24""",900,SA-516-70,"2-1/2""",2.5,2.18,721.67,1010.34,2259,2485
PB304L-CX900T2-1/2S24,"24""",900,304L,"2-1/2""",2.5,6.01,753.92,1055.49,6400,7041
PB316L-CX900T2-1/2S24,"24""",900,316L,"2-1/2""",2.5,7.48,762.49,1067.49,8041,8846
PBAL6061-CX900T2-1/2S24,"24""",900,AL-6061,"2-1/2""",2.5,5.1,254.28,355.99,1872,2060
PB304-CX900T3S24,"24""",900,304,"3""",3,5.55,904.7,1266.58,7086,7795
PBSA36-CX900T3S24,"24""",900,SA-36,"3""",3,1.87,866,1212.4,2324,2557
PBSA516-70-CX900T3S24,"24""",900,SA-516-70,"3""",3,2.18,866,1212.4,2700,2971
PB304L-CX900T3S24,"24""",900,304L,"3""",3,6.01,904.7,1266.58,7669,8436
PB316L-CX900T3S24,"24""",900,316L,"3""",3,7.48,914.99,1280.99,9638,10602
PBAL6061-CX900T3S24,"24""",900,AL-6061,"3""",3,5.1,305.14,427.2,2235,2459
PB304-C1500T11GAS1/2,"1/2""",1500,304,11 Gauge,0.1196,5.55,0.28,0.39,37,41
PBSA36-C1500T11GAS1/2,"1/2""",1500,SA-36,11 Gauge,0.1196,1.87,0.27,0.38,36,40
PBSA516-70-C1500T11GAS1/2,"1/2""",1500,SA-516-70,11 Gauge,0.1196,2.18,0.27,0.38,36,40
PB304L-C1500T11GAS1/2,"1/2""",1500,304L,11 Gauge,0.1196,6.01,0.28,0.39,37,41
PB316L-C1500T11GAS1/2,"1/2""",1500,316L,11 Gauge,0.1196,7.48,0.29,0.41,38,42
PBAL6061-C1500T11GAS1/2,"1/2""",1500,AL-6061,11 Gauge,0.1196,5.1,0.1,0.15,36,40
PB304-C1500T1/8S1/2,"1/2""",1500,304,"1/8""",0.125,5.55,0.3,0.42,37,41
PBSA36-C1500T1/8S1/2,"1/2""",1500,SA-36,"1/8""",0.125,1.87,0.28,0.39,36,40
PBSA516-70-C1500T1/8S1/2,"1/2""",1500,SA-516-70,"1/8""",0.125,2.18,0.28,0.39,36,40
PB304L-C1500T1/8S1/2,"1/2""",1500,304L,"1/8""",0.125,6.01,0.3,0.42,37,41
PB316L-C1500T1/8S1/2,"1/2""",1500,316L,"1/8""",0.125,7.48,0.3,0.42,38,42
PBAL6061-C1500T1/8S1/2,"1/2""",1500,AL-6061,"1/8""",0.125,5.1,0.1,0.15,36,40
PB304-C1500T3/16S1/2,"1/2""",1500,304,"3/16""",0.1875,5.55,0.44,0.62,38,42
PBSA36-C1500T3/16S1/2,"1/2""",1500,SA-36,"3/16""",0.1875,1.87,0.43,0.6,36,40
PBSA516-70-C1500T3/16S1/2,"1/2""",1500,SA-516-70,"3/16""",0.1875,2.18,0.43,0.6,36,40
PB304L-C1500T3/16S1/2,"1/2""",1500,304L,"3/16""",0.1875,6.01,0.44,0.62,39,43
PB316L-C1500T3/16S1/2,"1/2""",1500,316L,"3/16""",0.1875,7.48,0.45,0.63,40,44
PBAL6061-C1500T3/16S1/2,"1/2""",1500,AL-6061,"3/16""",0.1875,5.1,0.15,0.21,36,40
PB304-C1500T1/4S1/2,"1/2""",1500,304,"1/4""",0.25,5.55,0.59,0.83,39,43
PBSA36-C1500T1/4S1/2,"1/2""",1500,SA-36,"1/4""",0.25,1.87,0.57,0.8,36,40
PBSA516-70-C1500T1/4S1/2,"1/2""",1500,SA-516-70,"1/4""",0.25,2.18,0.57,0.8,37,41
PB304L-C1500T1/4S1/2,"1/2""",1500,304L,"1/4""",0.25,6.01,0.59,0.83,40,44
PB316L-C1500T1/4S1/2,"1/2""",1500,316L,"1/4""",0.25,7.48,0.6,0.84,41,46
PBAL6061-C1500T1/4S1/2,"1/2""",1500,AL-6061,"1/4""",0.25,5.1,0.2,0.28,36,40
PB304-C1500T5/16S1/2,"1/2""",1500,304,"5/16""",0.3125,5.55,0.74,1.04,41,46
PBSA36-C1500T5/16S1/2,"1/2""",1500,SA-36,"5/16""",0.3125,1.87,0.71,0.99,37,41
PBSA516-70-C1500T5/16S1/2,"1/2""",1500,SA-516-70,"5/16""",0.3125,2.18,0.71,0.99,37,41
PB304L-C1500T5/16S1/2,"1/2""",1500,304L,"5/16""",0.3125,6.01,0.74,1.04,41,46
PB316L-C1500T5/16S1/2,"1/2""",1500,316L,"5/16""",0.3125,7.48,0.75,1.05,43,48
PBAL6061-C1500T5/16S1/2,"1/2""",1500,AL-6061,"5/16""",0.3125,5.1,0.25,0.35,37,41
PB304-C1500T3/8S1/2,"1/2""",1500,304,"3/8""",0.375,5.55,0.89,1.25,42,47
PBSA36-C1500T3/8S1/2,"1/2""",1500,SA-36,"3/8""",0.375,1.87,0.85,1.19,37,41
PBSA516-70-C1500T3/8S1/2,"1/2""",1500,SA-516-70,"3/8""",0.375,2.18,0.85,1.19,37,41
PB304L-C1500T3/8S1/2,"1/2""",1500,304L,"3/8""",0.375,6.01,0.89,1.25,42,47
PB316L-C1500T3/8S1/2,"1/2""",1500,316L,"3/8""",0.375,7.48,0.9,1.26,44,49
PBAL6061-C1500T3/8S1/2,"1/2""",1500,AL-6061,"3/8""",0.375,5.1,0.3,0.42,37,41
PB304-C1500T1/2S1/2,"1/2""",1500,304,"1/2""",0.5,5.55,1.18,1.65,44,49
PBSA36-C1500T1/2S1/2,"1/2""",1500,SA-36,"1/2""",0.5,1.87,1.13,1.58,38,42
PBSA516-70-C1500T1/2S1/2,"1/2""",1500,SA-516-70,"1/2""",0.5,2.18,1.13,1.58,38,42
PB304L-C1500T1/2S1/2,"1/2""",1500,304L,"1/2""",0.5,6.01,1.18,1.65,45,50
PB316L-C1500T1/2S1/2,"1/2""",1500,316L,"1/2""",0.5,7.48,1.2,1.68,47,52
PBAL6061-C1500T1/2S1/2,"1/2""",1500,AL-6061,"1/2""",0.5,5.1,0.4,0.56,38,42
PB304-C1500T5/8S1/2,"1/2""",1500,304,"5/8""",0.625,5.55,1.48,2.07,46,51
PBSA36-C1500T5/8S1/2,"1/2""",1500,SA-36,"5/8""",0.625,1.87,1.42,1.99,39,43
PBSA516-70-C1500T5/8S1/2,"1/2""",1500,SA-516-70,"5/8""",0.625,2.18,1.42,1.99,39,43
PB304L-C1500T5/8S1/2,"1/2""",1500,304L,"5/8""",0.625,6.01,1.48,2.07,47,52
PB316L-C1500T5/8S1/2,"1/2""",1500,316L,"5/8""",0.625,7.48,1.5,2.1,51,57
PBAL6061-C1500T5/8S1/2,"1/2""",1500,AL-6061,"5/8""",0.625,5.1,0.5,0.7,38,42
PB304-C1500T3/4S1/2,"1/2""",1500,304,"3/4""",0.75,5.55,1.78,2.49,49,54
PBSA36-C1500T3/4S1/2,"1/2""",1500,SA-36,"3/4""",0.75,1.87,1.7,2.38,39,43
PBSA516-70-C1500T3/4S1/2,"1/2""",1500,SA-516-70,"3/4""",0.75,2.18,1.7,2.38,40,44
PB304L-C1500T3/4S1/2,"1/2""",1500,304L,"3/4""",0.75,6.01,1.78,2.49,50,56
PB316L-C1500T3/4S1/2,"1/2""",1500,316L,"3/4""",0.75,7.48,1.8,2.52,54,60
PBAL6061-C1500T3/4S1/2,"1/2""",1500,AL-6061,"3/4""",0.75,5.1,0.6,0.84,39,43
PB304-C1500T7/8S1/2,"1/2""",1500,304,"7/8""",0.875,5.55,2.07,2.9,51,57
PBSA36-C1500T7/8S1/2,"1/2""",1500,SA-36,"7/8""",0.875,1.87,1.98,2.77,40,44
PBSA516-70-C1500T7/8S1/2,"1/2""",1500,SA-516-70,"7/8""",0.875,2.18,1.98,2.77,41,46
PB304L-C1500T7/8S1/2,"1/2""",1500,304L,"7/8""",0.875,6.01,2.07,2.9,52,58
PB316L-C1500T7/8S1/2,"1/2""",1500,316L,"7/8""",0.875,7.48,2.1,2.94,57,63
PBAL6061-C1500T7/8S1/2,"1/2""",1500,AL-6061,"7/8""",0.875,5.1,0.7,0.98,40,44
PB304-C1500T1S1/2,"1/2""",1500,304,"1""",1,5.55,2.37,3.32,53,59
PBSA36-C1500T1S1/2,"1/2""",1500,SA-36,"1""",1,1.87,2.27,3.18,41,46
PBSA516-70-C1500T1S1/2,"1/2""",1500,SA-516-70,"1""",1,2.18,2.27,3.18,42,47
PB304L-C1500T1S1/2,"1/2""",1500,304L,"1""",1,6.01,2.37,3.32,55,61
PB316L-C1500T1S1/2,"1/2""",1500,316L,"1""",1,7.48,2.4,3.36,60,66
PBAL6061-C1500T1S1/2,"1/2""",1500,AL-6061,"1""",1,5.1,0.8,1.12,41,46
PB304-C1500T1-1/8S1/2,"1/2""",1500,304,"1-1/8""",1.125,5.55,2.66,3.72,55,61
PBSA36-C1500T1-1/8S1/2,"1/2""",1500,SA-36,"1-1/8""",1.125,1.87,2.55,3.57,42,47
PBSA516-70-C1500T1-1/8S1/2,"1/2""",1500,SA-516-70,"1-1/8""",1.125,2.18,2.55,3.57,43,48
PB304L-C1500T1-1/8S1/2,"1/2""",1500,304L,"1-1/8""",1.125,6.01,2.66,3.72,57,63
PB316L-C1500T1-1/8S1/2,"1/2""",1500,316L,"1-1/8""",1.125,7.48,2.69,3.77,63,70
PBAL6061-C1500T1-1/8S1/2,"1/2""",1500,AL-6061,"1-1/8""",1.125,5.1,0.9,1.26,41,46
PB304-C1500T1-1/4S1/2,"1/2""",1500,304,"1-1/4""",1.25,5.55,2.96,4.14,58,64
PBSA36-C1500T1-1/4S1/2,"1/2""",1500,SA-36,"1-1/4""",1.25,1.87,2.83,3.96,42,47
PBSA516-70-C1500T1-1/4S1/2,"1/2""",1500,SA-516-70,"1-1/4""",1.25,2.18,2.83,3.96,43,48
PB304L-C1500T1-1/4S1/2,"1/2""",1500,304L,"1-1/4""",1.25,6.01,2.96,4.14,60,66
PB316L-C1500T1-1/4S1/2,"1/2""",1500,316L,"1-1/4""",1.25,7.48,2.99,4.19,66,73
PBAL6061-C1500T1-1/4S1/2,"1/2""",1500,AL-6061,"1-1/4""",1.25,5.1,1,1.4,42,47
PB304-C1500T1-3/8S1/2,"1/2""",1500,304,"1-3/8""",1.375,5.55,3.26,4.56,60,66
PBSA36-C1500T1-3/8S1/2,"1/2""",1500,SA-36,"1-3/8""",1.375,1.87,3.12,4.37,43,48
PBSA516-70-C1500T1-3/8S1/2,"1/2""",1500,SA-516-70,"1-3/8""",1.375,2.18,3.12,4.37,44,49
PB304L-C1500T1-3/8S1/2,"1/2""",1500,304L,"1-3/8""",1.375,6.01,3.26,4.56,62,69
PB316L-C1500T1-3/8S1/2,"1/2""",1500,316L,"1-3/8""",1.375,7.48,3.29,4.61,69,76
PBAL6061-C1500T1-3/8S1/2,"1/2""",1500,AL-6061,"1-3/8""",1.375,5.1,1.1,1.54,43,48
PB304-C1500T1-1/2S1/2,"1/2""",1500,304,"1-1/2""",1.5,5.55,3.55,4.97,62,69
PBSA36-C1500T1-1/2S1/2,"1/2""",1500,SA-36,"1-1/2""",1.5,1.87,3.4,4.76,44,49
PBSA516-70-C1500T1-1/2S1/2,"1/2""",1500,SA-516-70,"1-1/2""",1.5,2.18,3.4,4.76,45,50
PB304L-C1500T1-1/2S1/2,"1/2""",1500,304L,"1-1/2""",1.5,6.01,3.55,4.97,65,72
PB316L-C1500T1-1/2S1/2,"1/2""",1500,316L,"1-1/2""",1.5,7.48,3.59,5.03,72,80
PBAL6061-C1500T1-1/2S1/2,"1/2""",1500,AL-6061,"1-1/2""",1.5,5.1,1.2,1.68,43,48
PB304-C1500T1-5/8S1/2,"1/2""",1500,304,"1-5/8""",1.625,5.55,3.85,5.39,65,72
PBSA36-C1500T1-5/8S1/2,"1/2""",1500,SA-36,"1-5/8""",1.625,1.87,3.68,5.15,44,49
PBSA516-70-C1500T1-5/8S1/2,"1/2""",1500,SA-516-70,"1-5/8""",1.625,2.18,3.68,5.15,46,51
PB304L-C1500T1-5/8S1/2,"1/2""",1500,304L,"1-5/8""",1.625,6.01,3.85,5.39,67,74
PB316L-C1500T1-5/8S1/2,"1/2""",1500,316L,"1-5/8""",1.625,7.48,3.89,5.45,76,84
PBAL6061-C1500T1-5/8S1/2,"1/2""",1500,AL-6061,"1-5/8""",1.625,5.1,1.3,1.82,44,49
PB304-C1500T1-3/4S1/2,"1/2""",1500,304,"1-3/4""",1.75,5.55,4.14,5.8,67,74
PBSA36-C1500T1-3/4S1/2,"1/2""",1500,SA-36,"1-3/4""",1.75,1.87,3.97,5.56,45,50
PBSA516-70-C1500T1-3/4S1/2,"1/2""",1500,SA-516-70,"1-3/4""",1.75,2.18,3.97,5.56,47,52
PB304L-C1500T1-3/4S1/2,"1/2""",1500,304L,"1-3/4""",1.75,6.01,4.14,5.8,70,77
PB316L-C1500T1-3/4S1/2,"1/2""",1500,316L,"1-3/4""",1.75,7.48,4.19,5.87,79,87
PBAL6061-C1500T1-3/4S1/2,"1/2""",1500,AL-6061,"1-3/4""",1.75,5.1,1.4,1.96,45,50
PB304-C1500T1-7/8S1/2,"1/2""",1500,304,"1-7/8""",1.875,5.55,4.44,6.22,69,76
PBSA36-C1500T1-7/8S1/2,"1/2""",1500,SA-36,"1-7/8""",1.875,1.87,4.25,5.95,46,51
PBSA516-70-C1500T1-7/8S1/2,"1/2""",1500,SA-516-70,"1-7/8""",1.875,2.18,4.25,5.95,48,53
PB304L-C1500T1-7/8S1/2,"1/2""",1500,304L,"1-7/8""",1.875,6.01,4.44,6.22,72,80
PB316L-C1500T1-7/8S1/2,"1/2""",1500,316L,"1-7/8""",1.875,7.48,4.49,6.29,82,91
PBAL6061-C1500T1-7/8S1/2,"1/2""",1500,AL-6061,"1-7/8""",1.875,5.1,1.5,2.1,46,51
PB304-C1500T2S1/2,"1/2""",1500,304,"2""",2,5.55,4.74,6.64,72,80
PBSA36-C1500T2S1/2,"1/2""",1500,SA-36,"2""",2,1.87,4.53,6.34,47,52
PBSA516-70-C1500T2S1/2,"1/2""",1500,SA-516-70,"2""",2,2.18,4.53,6.34,49,54
PB304L-C1500T2S1/2,"1/2""",1500,304L,"2""",2,6.01,4.74,6.64,75,83
PB316L-C1500T2S1/2,"1/2""",1500,316L,"2""",2,7.48,4.79,6.71,85,94
PBAL6061-C1500T2S1/2,"1/2""",1500,AL-6061,"2""",2,5.1,1.6,2.24,46,51
PB304-C1500T2-1/4S1/2,"1/2""",1500,304,"2-1/4""",2.25,5.55,5.33,7.46,76,84
PBSA36-C1500T2-1/4S1/2,"1/2""",1500,SA-36,"2-1/4""",2.25,1.87,5.1,7.14,48,53
PBSA516-70-C1500T2-1/4S1/2,"1/2""",1500,SA-516-70,"2-1/4""",2.25,2.18,5.1,7.14,50,56
PB304L-C1500T2-1/4S1/2,"1/2""",1500,304L,"2-1/4""",2.25,6.01,5.33,7.46,80,88
PB316L-C1500T2-1/4S1/2,"1/2""",1500,316L,"2-1/4""",2.25,7.48,5.39,7.55,91,101
PBAL6061-C1500T2-1/4S1/2,"1/2""",1500,AL-6061,"2-1/4""",2.25,5.1,1.8,2.52,48,53
PB304-C1500T2-1/2S1/2,"1/2""",1500,304,"2-1/2""",2.5,5.55,5.92,8.29,81,90
PBSA36-C1500T2-1/2S1/2,"1/2""",1500,SA-36,"2-1/2""",2.5,1.87,5.67,7.94,50,56
PBSA516-70-C1500T2-1/2S1/2,"1/2""",1500,SA-516-70,"2-1/2""",2.5,2.18,5.67,7.94,52,58
PB304L-C1500T2-1/2S1/2,"1/2""",1500,304L,"2-1/2""",2.5,6.01,5.92,8.29,85,94
PB316L-C1500T2-1/2S1/2,"1/2""",1500,316L,"2-1/2""",2.5,7.48,5.99,8.39,98,108
PBAL6061-C1500T2-1/2S1/2,"1/2""",1500,AL-6061,"2-1/2""",2.5,5.1,2,2.8,49,54
PB304-C1500T3S1/2,"1/2""",1500,304,"3""",3,5.55,7.1,9.94,90,100
PBSA36-C1500T3S1/2,"1/2""",1500,SA-36,"3""",3,1.87,6.8,9.52,53,59
PBSA516-70-C1500T3S1/2,"1/2""",1500,SA-516-70,"3""",3,2.18,6.8,9.52,56,62
PB304L-C1500T3S1/2,"1/2""",1500,304L,"3""",3,6.01,7.1,9.94,95,105
PB316L-C1500T3S1/2,"1/2""",1500,316L,"3""",3,7.48,7.19,10.07,110,122
PBAL6061-C1500T3S1/2,"1/2""",1500,AL-6061,"3""",3,5.1,2.4,3.36,52,58
PB304-C1500T11GAS3/4,"3/4""",1500,304,11 Gauge,0.1196,5.55,0.32,0.45,37,41
PBSA36-C1500T11GAS3/4,"3/4""",1500,SA-36,11 Gauge,0.1196,1.87,0.31,0.43,36,40
PBSA516-70-C1500T11GAS3/4,"3/4""",1500,SA-516-70,11 Gauge,0.1196,2.18,0.31,0.43,36,40
PB304L-C1500T11GAS3/4,"3/4""",1500,304L,11 Gauge,0.1196,6.01,0.32,0.45,38,42
PB316L-C1500T11GAS3/4,"3/4""",1500,316L,11 Gauge,0.1196,7.48,0.33,0.46,38,42
PBAL6061-C1500T11GAS3/4,"3/4""",1500,AL-6061,11 Gauge,0.1196,5.1,0.11,0.15,36,40
PB304-C1500T1/8S3/4,"3/4""",1500,304,"1/8""",0.125,5.55,0.34,0.48,38,42
PBSA36-C1500T1/8S3/4,"3/4""",1500,SA-36,"1/8""",0.125,1.87,0.32,0.45,36,40
PBSA516-70-C1500T1/8S3/4,"3/4""",1500,SA-516-70,"1/8""",0.125,2.18,0.32,0.45,36,40
PB304L-C1500T1/8S3/4,"3/4""",1500,304L,"1/8""",0.125,6.01,0.34,0.48,38,42
PB316L-C1500T1/8S3/4,"3/4""",1500,316L,"1/8""",0.125,7.48,0.34,0.48,38,42
PBAL6061-C1500T1/8S3/4,"3/4""",1500,AL-6061,"1/8""",0.125,5.1,0.11,0.15,36,40
PB304-C1500T3/16S3/4,"3/4""",1500,304,"3/16""",0.1875,5.55,0.51,0.71,39,43
PBSA36-C1500T3/16S3/4,"3/4""",1500,SA-36,"3/16""",0.1875,1.87,0.48,0.67,36,40
PBSA516-70-C1500T3/16S3/4,"3/4""",1500,SA-516-70,"3/16""",0.1875,2.18,0.48,0.67,36,40
PB304L-C1500T3/16S3/4,"3/4""",1500,304L,"3/16""",0.1875,6.01,0.51,0.71,39,43
PB316L-C1500T3/16S3/4,"3/4""",1500,316L,"3/16""",0.1875,7.48,0.51,0.71,40,44
PBAL6061-C1500T3/16S3/4,"3/4""",1500,AL-6061,"3/16""",0.1875,5.1,0.17,0.24,36,40
PB304-C1500T1/4S3/4,"3/4""",1500,304,"1/4""",0.25,5.55,0.67,0.94,40,44
PBSA36-C1500T1/4S3/4,"3/4""",1500,SA-36,"1/4""",0.25,1.87,0.65,0.91,37,41
PBSA516-70-C1500T1/4S3/4,"3/4""",1500,SA-516-70,"1/4""",0.25,2.18,0.65,0.91,37,41
PB304L-C1500T1/4S3/4,"3/4""",1500,304L,"1/4""",0.25,6.01,0.67,0.94,40,44
PB316L-C1500T1/4S3/4,"3/4""",1500,316L,"1/4""",0.25,7.48,0.68,0.95,42,47
PBAL6061-C1500T1/4S3/4,"3/4""",1500,AL-6061,"1/4""",0.25,5.1,0.23,0.32,36,40
PB304-C1500T5/16S3/4,"3/4""",1500,304,"5/16""",0.3125,5.55,0.84,1.18,41,46
PBSA36-C1500T5/16S3/4,"3/4""",1500,SA-36,"5/16""",0.3125,1.87,0.81,1.13,37,41
PBSA516-70-C1500T5/16S3/4,"3/4""",1500,SA-516-70,"5/16""",0.3125,2.18,0.81,1.13,37,41
PB304L-C1500T5/16S3/4,"3/4""",1500,304L,"5/16""",0.3125,6.01,0.84,1.18,42,47
PB316L-C1500T5/16S3/4,"3/4""",1500,316L,"5/16""",0.3125,7.48,0.85,1.19,44,49
PBAL6061-C1500T5/16S3/4,"3/4""",1500,AL-6061,"5/16""",0.3125,5.1,0.28,0.39,37,41
PB304-C1500T3/8S3/4,"3/4""",1500,304,"3/8""",0.375,5.55,1.01,1.41,43,48
PBSA36-C1500T3/8S3/4,"3/4""",1500,SA-36,"3/8""",0.375,1.87,0.97,1.36,37,41
PBSA516-70-C1500T3/8S3/4,"3/4""",1500,SA-516-70,"3/8""",0.375,2.18,0.97,1.36,38,42
PB304L-C1500T3/8S3/4,"3/4""",1500,304L,"3/8""",0.375,6.01,1.01,1.41,43,48
PB316L-C1500T3/8S3/4,"3/4""",1500,316L,"3/8""",0.375,7.48,1.02,1.43,46,51
PBAL6061-C1500T3/8S3/4,"3/4""",1500,AL-6061,"3/8""",0.375,5.1,0.34,0.48,37,41
PB304-C1500T1/2S3/4,"3/4""",1500,304,"1/2""",0.5,5.55,1.35,1.89,45,50
PBSA36-C1500T1/2S3/4,"3/4""",1500,SA-36,"1/2""",0.5,1.87,1.29,1.81,38,42
PBSA516-70-C1500T1/2S3/4,"3/4""",1500,SA-516-70,"1/2""",0.5,2.18,1.29,1.81,39,43
PB304L-C1500T1/2S3/4,"3/4""",1500,304L,"1/2""",0.5,6.01,1.35,1.89,46,51
PB316L-C1500T1/2S3/4,"3/4""",1500,316L,"1/2""",0.5,7.48,1.36,1.9,49,54
PBAL6061-C1500T1/2S3/4,"3/4""",1500,AL-6061,"1/2""",0.5,5.1,0.45,0.63,38,42
PB304-C1500T5/8S3/4,"3/4""",1500,304,"5/8""",0.625,5.55,1.69,2.37,48,53
PBSA36-C1500T5/8S3/4,"3/4""",1500,SA-36,"5/8""",0.625,1.87,1.61,2.25,39,43
PBSA516-70-C1500T5/8S3/4,"3/4""",1500,SA-516-70,"5/8""",0.625,2.18,1.61,2.25,40,44
PB304L-C1500T5/8S3/4,"3/4""",1500,304L,"5/8""",0.625,6.01,1.69,2.37,49,54
PB316L-C1500T5/8S3/4,"3/4""",1500,316L,"5/8""",0.625,7.48,1.7,2.38,53,59
PBAL6061-C1500T5/8S3/4,"3/4""",1500,AL-6061,"5/8""",0.625,5.1,0.57,0.8,39,43
PB304-C1500T3/4S3/4,"3/4""",1500,304,"3/4""",0.75,5.55,2.02,2.83,51,57
PBSA36-C1500T3/4S3/4,"3/4""",1500,SA-36,"3/4""",0.75,1.87,1.94,2.72,40,44
PBSA516-70-C1500T3/4S3/4,"3/4""",1500,SA-516-70,"3/4""",0.75,2.18,1.94,2.72,41,46
PB304L-C1500T3/4S3/4,"3/4""",1500,304L,"3/4""",0.75,6.01,2.02,2.83,52,58
PB316L-C1500T3/4S3/4,"3/4""",1500,316L,"3/4""",0.75,7.48,2.04,2.86,56,62
PBAL6061-C1500T3/4S3/4,"3/4""",1500,AL-6061,"3/4""",0.75,5.1,0.68,0.95,40,44
PB304-C1500T7/8S3/4,"3/4""",1500,304,"7/8""",0.875,5.55,2.36,3.3,53,59
PBSA36-C1500T7/8S3/4,"3/4""",1500,SA-36,"7/8""",0.875,1.87,2.26,3.16,41,46
PBSA516-70-C1500T7/8S3/4,"3/4""",1500,SA-516-70,"7/8""",0.875,2.18,2.26,3.16,42,47
PB304L-C1500T7/8S3/4,"3/4""",1500,304L,"7/8""",0.875,6.01,2.36,3.3,55,61
PB316L-C1500T7/8S3/4,"3/4""",1500,316L,"7/8""",0.875,7.48,2.39,3.35,60,66
PBAL6061-C1500T7/8S3/4,"3/4""",1500,AL-6061,"7/8""",0.875,5.1,0.8,1.12,41,46
PB304-C1500T1S3/4,"3/4""",1500,304,"1""",1,5.55,2.7,3.78,56,62
PBSA36-C1500T1S3/4,"3/4""",1500,SA-36,"1""",1,1.87,2.58,3.61,42,47
PBSA516-70-C1500T1S3/4,"3/4""",1500,SA-516-70,"1""",1,2.18,2.58,3.61,43,48
PB304L-C1500T1S3/4,"3/4""",1500,304L,"1""",1,6.01,2.7,3.78,58,64
PB316L-C1500T1S3/4,"3/4""",1500,316L,"1""",1,7.48,2.73,3.82,63,70
PBAL6061-C1500T1S3/4,"3/4""",1500,AL-6061,"1""",1,5.1,0.91,1.27,41,46
PB304-C1500T1-1/8S3/4,"3/4""",1500,304,"1-1/8""",1.125,5.55,3.03,4.24,58,64
PBSA36-C1500T1-1/8S3/4,"3/4""",1500,SA-36,"1-1/8""",1.125,1.87,2.9,4.06,42,47
PBSA516-70-C1500T1-1/8S3/4,"3/4""",1500,SA-516-70,"1-1/8""",1.125,2.18,2.9,4.06,44,49
PB304L-C1500T1-1/8S3/4,"3/4""",1500,304L,"1-1/8""",1.125,6.01,3.03,4.24,60,66
PB316L-C1500T1-1/8S3/4,"3/4""",1500,316L,"1-1/8""",1.125,7.48,3.07,4.3,67,74
PBAL6061-C1500T1-1/8S3/4,"3/4""",1500,AL-6061,"1-1/8""",1.125,5.1,1.02,1.43,42,47
PB304-C1500T1-1/4S3/4,"3/4""",1500,304,"1-1/4""",1.25,5.55,3.37,4.72,61,68
PBSA36-C1500T1-1/4S3/4,"3/4""",1500,SA-36,"1-1/4""",1.25,1.87,3.23,4.52,43,48
PBSA516-70-C1500T1-1/4S3/4,"3/4""",1500,SA-516-70,"1-1/4""",1.25,2.18,3.23,4.52,45,50
PB304L-C1500T1-1/4S3/4,"3/4""",1500,304L,"1-1/4""",1.25,6.01,3.37,4.72,63,70
PB316L-C1500T1-1/4S3/4,"3/4""",1500,316L,"1-1/4""",1.25,7.48,3.41,4.77,71,79
PBAL6061-C1500T1-1/4S3/4,"3/4""",1500,AL-6061,"1-1/4""",1.25,5.1,1.14,1.6,43,48
PB304-C1500T1-3/8S3/4,"3/4""",1500,304,"1-3/8""",1.375,5.55,3.71,5.19,64,71
PBSA36-C1500T1-3/8S3/4,"3/4""",1500,SA-36,"1-3/8""",1.375,1.87,3.55,4.97,44,49
PBSA516-70-C1500T1-3/8S3/4,"3/4""",1500,SA-516-70,"1-3/8""",1.375,2.18,3.55,4.97,46,51
PB304L-C1500T1-3/8S3/4,"3/4""",1500,304L,"1-3/8""",1.375,6.01,3.71,5.19,66,73
PB316L-C1500T1-3/8S3/4,"3/4""",1500,316L,"1-3/8""",1.375,7.48,3.75,5.25,74,82
PBAL6061-C1500T1-3/8S3/4,"3/4""",1500,AL-6061,"1-3/8""",1.375,5.1,1.25,1.75,44,49
PB304-C1500T1-1/2S3/4,"3/4""",1500,304,"1-1/2""",1.5,5.55,4.04,5.66,66,73
PBSA36-C1500T1-1/2S3/4,"3/4""",1500,SA-36,"1-1/2""",1.5,1.87,3.87,5.42,45,50
PBSA516-70-C1500T1-1/2S3/4,"3/4""",1500,SA-516-70,"1-1/2""",1.5,2.18,3.87,5.42,47,52
PB304L-C1500T1-1/2S3/4,"3/4""",1500,304L,"1-1/2""",1.5,6.01,4.04,5.66,69,76
PB316L-C1500T1-1/2S3/4,"3/4""",1500,316L,"1-1/2""",1.5,7.48,4.09,5.73,78,86
PBAL6061-C1500T1-1/2S3/4,"3/4""",1500,AL-6061,"1-1/2""",1.5,5.1,1.36,1.9,45,50
PB304-C1500T1-5/8S3/4,"3/4""",1500,304,"1-5/8""",1.625,5.55,4.38,6.13,69,76
PBSA36-C1500T1-5/8S3/4,"3/4""",1500,SA-36,"1-5/8""",1.625,1.87,4.19,5.87,46,51
PBSA516-70-C1500T1-5/8S3/4,"3/4""",1500,SA-516-70,"1-5/8""",1.625,2.18,4.19,5.87,48,53
PB304L-C1500T1-5/8S3/4,"3/4""",1500,304L,"1-5/8""",1.625,6.01,4.38,6.13,72,80
PB316L-C1500T1-5/8S3/4,"3/4""",1500,316L,"1-5/8""",1.625,7.48,4.43,6.2,81,90
PBAL6061-C1500T1-5/8S3/4,"3/4""",1500,AL-6061,"1-5/8""",1.625,5.1,1.48,2.07,45,50
PB304-C1500T1-3/4S3/4,"3/4""",1500,304,"1-3/4""",1.75,5.55,4.72,6.61,72,80
PBSA36-C1500T1-3/4S3/4,"3/4""",1500,SA-36,"1-3/4""",1.75,1.87,4.52,6.33,47,52
PBSA516-70-C1500T1-3/4S3/4,"3/4""",1500,SA-516-70,"1-3/4""",1.75,2.18,4.52,6.33,49,54
PB304L-C1500T1-3/4S3/4,"3/4""",1500,304L,"1-3/4""",1.75,6.01,4.72,6.61,75,83
PB316L-C1500T1-3/4S3/4,"3/4""",1500,316L,"1-3/4""",1.75,7.48,4.77,6.68,85,94
PBAL6061-C1500T1-3/4S3/4,"3/4""",1500,AL-6061,"1-3/4""",1.75,5.1,1.59,2.23,46,51
PB304-C1500T1-7/8S3/4,"3/4""",1500,304,"1-7/8""",1.875,5.55,5.06,7.08,74,82
PBSA36-C1500T1-7/8S3/4,"3/4""",1500,SA-36,"1-7/8""",1.875,1.87,4.84,6.78,48,53
PBSA516-70-C1500T1-7/8S3/4,"3/4""",1500,SA-516-70,"1-7/8""",1.875,2.18,4.84,6.78,50,56
PB304L-C1500T1-7/8S3/4,"3/4""",1500,304L,"1-7/8""",1.875,6.01,5.06,7.08,77,85
PB316L-C1500T1-7/8S3/4,"3/4""",1500,316L,"1-7/8""",1.875,7.48,5.11,7.15,88,97
PBAL6061-C1500T1-7/8S3/4,"3/4""",1500,AL-6061,"1-7/8""",1.875,5.1,1.7,2.38,47,52
PB304-C1500T2S3/4,"3/4""",1500,304,"2""",2,5.55,5.39,7.55,77,85
PBSA36-C1500T2S3/4,"3/4""",1500,SA-36,"2""",2,1.87,5.16,7.22,48,53
PBSA516-70-C1500T2S3/4,"3/4""",1500,SA-516-70,"2""",2,2.18,5.16,7.22,51,57
PB304L-C1500T2S3/4,"3/4""",1500,304L,"2""",2,6.01,5.39,7.55,80,88
PB316L-C1500T2S3/4,"3/4""",1500,316L,"2""",2,7.48,5.45,7.63,92,102
PBAL6061-C1500T2S3/4,"3/4""",1500,AL-6061,"2""",2,5.1,1.82,2.55,48,53
PB304-C1500T2-1/4S3/4,"3/4""",1500,304,"2-1/4""",2.25,5.55,6.07,8.5,82,91
PBSA36-C1500T2-1/4S3/4,"3/4""",1500,SA-36,"2-1/4""",2.25,1.87,5.81,8.13,50,56
PBSA516-70-C1500T2-1/4S3/4,"3/4""",1500,SA-516-70,"2-1/4""",2.25,2.18,5.81,8.13,53,59
PB304L-C1500T2-1/4S3/4,"3/4""",1500,304L,"2-1/4""",2.25,6.01,6.07,8.5,86,95
PB316L-C1500T2-1/4S3/4,"3/4""",1500,316L,"2-1/4""",2.25,7.48,6.13,8.58,99,109
PBAL6061-C1500T2-1/4S3/4,"3/4""",1500,AL-6061,"2-1/4""",2.25,5.1,2.05,2.87,49,54
PB304-C1500T2-1/2S3/4,"3/4""",1500,304,"2-1/2""",2.5,5.55,6.74,9.44,87,96
PBSA36-C1500T2-1/2S3/4,"3/4""",1500,SA-36,"2-1/2""",2.5,1.87,6.45,9.03,52,58
PBSA516-70-C1500T2-1/2S3/4,"3/4""",1500,SA-516-70,"2-1/2""",2.5,2.18,6.45,9.03,55,61
PB304L-C1500T2-1/2S3/4,"3/4""",1500,304L,"2-1/2""",2.5,6.01,6.74,9.44,92,102
PB316L-C1500T2-1/2S3/4,"3/4""",1500,316L,"2-1/2""",2.5,7.48,6.82,9.55,106,117
PBAL6061-C1500T2-1/2S3/4,"3/4""",1500,AL-6061,"2-1/2""",2.5,5.1,2.27,3.18,51,57
PB304-C1500T3S3/4,"3/4""",1500,304,"3""",3,5.55,8.09,11.33,98,108
PBSA36-C1500T3S3/4,"3/4""",1500,SA-36,"3""",3,1.87,7.74,10.84,55,61
PBSA516-70-C1500T3S3/4,"3/4""",1500,SA-516-70,"3""",3,2.18,7.74,10.84,58,64
PB304L-C1500T3S3/4,"3/4""",1500,304L,"3""",3,6.01,8.09,11.33,103,114
PB316L-C1500T3S3/4,"3/4""",1500,316L,"3""",3,7.48,8.18,11.45,120,132
PBAL6061-C1500T3S3/4,"3/4""",1500,AL-6061,"3""",3,5.1,2.73,3.82,54,60
PB304-C1500T11GAS1,"1""",1500,304,11 Gauge,0.1196,5.55,0.39,0.55,38,42
PBSA36-C1500T11GAS1,"1""",1500,SA-36,11 Gauge,0.1196,1.87,0.38,0.53,36,40
PBSA516-70-C1500T11GAS1,"1""",1500,SA-516-70,11 Gauge,0.1196,2.18,0.38,0.53,36,40
PB304L-C1500T11GAS1,"1""",1500,304L,11 Gauge,0.1196,6.01,0.39,0.55,38,42
PB316L-C1500T11GAS1,"1""",1500,316L,11 Gauge,0.1196,7.48,0.4,0.56,39,43
PBAL6061-C1500T11GAS1,"1""",1500,AL-6061,11 Gauge,0.1196,5.1,0.13,0.18,36,40
PB304-C1500T1/8S1,"1""",1500,304,"1/8""",0.125,5.55,0.41,0.57,38,42
PBSA36-C1500T1/8S1,"1""",1500,SA-36,"1/8""",0.125,1.87,0.39,0.55,36,40
PBSA516-70-C1500T1/8S1,"1""",1500,SA-516-70,"1/8""",0.125,2.18,0.39,0.55,36,40
PB304L-C1500T1/8S1,"1""",1500,304L,"1/8""",0.125,6.01,0.41,0.57,38,42
PB316L-C1500T1/8S1,"1""",1500,316L,"1/8""",0.125,7.48,0.41,0.57,39,43
PBAL6061-C1500T1/8S1,"1""",1500,AL-6061,"1/8""",0.125,5.1,0.14,0.2,36,40
PB304-C1500T3/16S1,"1""",1500,304,"3/16""",0.1875,5.55,0.61,0.85,40,44
PBSA36-C1500T3/16S1,"1""",1500,SA-36,"3/16""",0.1875,1.87,0.59,0.83,36,40
PBSA516-70-C1500T3/16S1,"1""",1500,SA-516-70,"3/16""",0.1875,2.18,0.59,0.83,37,41
PB304L-C1500T3/16S1,"1""",1500,304L,"3/16""",0.1875,6.01,0.61,0.85,40,44
PB316L-C1500T3/16S1,"1""",1500,316L,"3/16""",0.1875,7.48,0.62,0.87,41,46
PBAL6061-C1500T3/16S1,"1""",1500,AL-6061,"3/16""",0.1875,5.1,0.21,0.29,36,40
PB304-C1500T1/4S1,"1""",1500,304,"1/4""",0.25,5.55,0.82,1.15,41,46
PBSA36-C1500T1/4S1,"1""",1500,SA-36,"1/4""",0.25,1.87,0.78,1.09,37,41
PBSA516-70-C1500T1/4S1,"1""",1500,SA-516-70,"1/4""",0.25,2.18,0.78,1.09,37,41
PB304L-C1500T1/4S1,"1""",1500,304L,"1/4""",0.25,6.01,0.82,1.15,42,47
PB316L-C1500T1/4S1,"1""",1500,316L,"1/4""",0.25,7.48,0.83,1.16,44,49
PBAL6061-C1500T1/4S1,"1""",1500,AL-6061,"1/4""",0.25,5.1,0.28,0.39,37,41
PB304-C1500T5/16S1,"1""",1500,304,"5/16""",0.3125,5.55,1.02,1.43,43,48
PBSA36-C1500T5/16S1,"1""",1500,SA-36,"5/16""",0.3125,1.87,0.98,1.37,37,41
PBSA516-70-C1500T5/16S1,"1""",1500,SA-516-70,"5/16""",0.3125,2.18,0.98,1.37,38,42
PB304L-C1500T5/16S1,"1""",1500,304L,"5/16""",0.3125,6.01,1.02,1.43,43,48
PB316L-C1500T5/16S1,"1""",1500,316L,"5/16""",0.3125,7.48,1.04,1.46,46,51
PBAL6061-C1500T5/16S1,"1""",1500,AL-6061,"5/16""",0.3125,5.1,0.35,0.49,37,41
PB304-C1500T3/8S1,"1""",1500,304,"3/8""",0.375,5.55,1.23,1.72,44,49
PBSA36-C1500T3/8S1,"1""",1500,SA-36,"3/8""",0.375,1.87,1.18,1.65,38,42
PBSA516-70-C1500T3/8S1,"1""",1500,SA-516-70,"3/8""",0.375,2.18,1.18,1.65,38,42
PB304L-C1500T3/8S1,"1""",1500,304L,"3/8""",0.375,6.01,1.23,1.72,45,50
PB316L-C1500T3/8S1,"1""",1500,316L,"3/8""",0.375,7.48,1.24,1.74,48,53
PBAL6061-C1500T3/8S1,"1""",1500,AL-6061,"3/8""",0.375,5.1,0.41,0.57,38,42
PB304-C1500T1/2S1,"1""",1500,304,"1/2""",0.5,5.55,1.64,2.3,48,53
PBSA36-C1500T1/2S1,"1""",1500,SA-36,"1/2""",0.5,1.87,1.57,2.2,39,43
PBSA516-70-C1500T1/2S1,"1""",1500,SA-516-70,"1/2""",0.5,2.18,1.57,2.2,40,44
PB304L-C1500T1/2S1,"1""",1500,304L,"1/2""",0.5,6.01,1.64,2.3,49,54
PB316L-C1500T1/2S1,"1""",1500,316L,"1/2""",0.5,7.48,1.66,2.32,52,58
PBAL6061-C1500T1/2S1,"1""",1500,AL-6061,"1/2""",0.5,5.1,0.55,0.77,39,43
PB304-C1500T5/8S1,"1""",1500,304,"5/8""",0.625,5.55,2.05,2.87,51,57
PBSA36-C1500T5/8S1,"1""",1500,SA-36,"5/8""",0.625,1.87,1.96,2.74,40,44
PBSA516-70-C1500T5/8S1,"1""",1500,SA-516-70,"5/8""",0.625,2.18,1.96,2.74,41,46
PB304L-C1500T5/8S1,"1""",1500,304L,"5/8""",0.625,6.01,2.05,2.87,52,58
PB316L-C1500T5/8S1,"1""",1500,316L,"5/8""",0.625,7.48,2.07,2.9,57,63
PBAL6061-C1500T5/8S1,"1""",1500,AL-6061,"5/8""",0.625,5.1,0.69,0.97,40,44
PB304-C1500T3/4S1,"1""",1500,304,"3/4""",0.75,5.55,2.46,3.44,54,60
PBSA36-C1500T3/4S1,"1""",1500,SA-36,"3/4""",0.75,1.87,2.35,3.29,41,46
PBSA516-70-C1500T3/4S1,"1""",1500,SA-516-70,"3/4""",0.75,2.18,2.35,3.29,42,47
PB304L-C1500T3/4S1,"1""",1500,304L,"3/4""",0.75,6.01,2.46,3.44,56,62
PB316L-C1500T3/4S1,"1""",1500,316L,"3/4""",0.75,7.48,2.49,3.49,61,68
PBAL6061-C1500T3/4S1,"1""",1500,AL-6061,"3/4""",0.75,5.1,0.83,1.16,41,46
PB304-C1500T7/8S1,"1""",1500,304,"7/8""",0.875,5.55,2.87,4.02,57,63
PBSA36-C1500T7/8S1,"1""",1500,SA-36,"7/8""",0.875,1.87,2.75,3.85,42,47
PBSA516-70-C1500T7/8S1,"1""",1500,SA-516-70,"7/8""",0.875,2.18,2.75,3.85,43,48
PB304L-C1500T7/8S1,"1""",1500,304L,"7/8""",0.875,6.01,2.87,4.02,59,65
PB316L-C1500T7/8S1,"1""",1500,316L,"7/8""",0.875,7.48,2.9,4.06,65,72
PBAL6061-C1500T7/8S1,"1""",1500,AL-6061,"7/8""",0.875,5.1,0.97,1.36,42,47
PB304-C1500T1S1,"1""",1500,304,"1""",1,5.55,3.28,4.59,60,66
PBSA36-C1500T1S1,"1""",1500,SA-36,"1""",1,1.87,3.14,4.4,43,48
PBSA516-70-C1500T1S1,"1""",1500,SA-516-70,"1""",1,2.18,3.14,4.4,44,49
PB304L-C1500T1S1,"1""",1500,304L,"1""",1,6.01,3.28,4.59,62,69
PB316L-C1500T1S1,"1""",1500,316L,"1""",1,7.48,3.32,4.65,70,77
PBAL6061-C1500T1S1,"1""",1500,AL-6061,"1""",1,5.1,1.11,1.55,43,48
PB304-C1500T1-1/8S1,"1""",1500,304,"1-1/8""",1.125,5.55,3.69,5.17,64,71
PBSA36-C1500T1-1/8S1,"1""",1500,SA-36,"1-1/8""",1.125,1.87,3.53,4.94,44,49
PBSA516-70-C1500T1-1/8S1,"1""",1500,SA-516-70,"1-1/8""",1.125,2.18,3.53,4.94,46,51
PB304L-C1500T1-1/8S1,"1""",1500,304L,"1-1/8""",1.125,6.01,3.69,5.17,66,73
PB316L-C1500T1-1/8S1,"1""",1500,316L,"1-1/8""",1.125,7.48,3.73,5.22,74,82
PBAL6061-C1500T1-1/8S1,"1""",1500,AL-6061,"1-1/8""",1.125,5.1,1.24,1.74,44,49
PB304-C1500T1-1/4S1,"1""",1500,304,"1-1/4""",1.25,5.55,4.1,5.74,67,74
PBSA36-C1500T1-1/4S1,"1""",1500,SA-36,"1-1/4""",1.25,1.87,3.92,5.49,45,50
PBSA516-70-C1500T1-1/4S1,"1""",1500,SA-516-70,"1-1/4""",1.25,2.18,3.92,5.49,47,52
PB304L-C1500T1-1/4S1,"1""",1500,304L,"1-1/4""",1.25,6.01,4.1,5.74,69,76
PB316L-C1500T1-1/4S1,"1""",1500,316L,"1-1/4""",1.25,7.48,4.15,5.81,78,86
PBAL6061-C1500T1-1/4S1,"1""",1500,AL-6061,"1-1/4""",1.25,5.1,1.38,1.93,45,50
PB304-C1500T1-3/8S1,"1""",1500,304,"1-3/8""",1.375,5.55,4.51,6.31,70,77
PBSA36-C1500T1-3/8S1,"1""",1500,SA-36,"1-3/8""",1.375,1.87,4.32,6.05,46,51
PBSA516-70-C1500T1-3/8S1,"1""",1500,SA-516-70,"1-3/8""",1.375,2.18,4.32,6.05,48,53
PB304L-C1500T1-3/8S1,"1""",1500,304L,"1-3/8""",1.375,6.01,4.51,6.31,73,81
PB316L-C1500T1-3/8S1,"1""",1500,316L,"1-3/8""",1.375,7.48,4.56,6.38,83,92
PBAL6061-C1500T1-3/8S1,"1""",1500,AL-6061,"1-3/8""",1.375,5.1,1.52,2.13,46,51
PB304-C1500T1-1/2S1,"1""",1500,304,"1-1/2""",1.5,5.55,4.92,6.89,73,81
PBSA36-C1500T1-1/2S1,"1""",1500,SA-36,"1-1/2""",1.5,1.87,4.71,6.59,47,52
PBSA516-70-C1500T1-1/2S1,"1""",1500,SA-516-70,"1-1/2""",1.5,2.18,4.71,6.59,49,54
PB304L-C1500T1-1/2S1,"1""",1500,304L,"1-1/2""",1.5,6.01,4.92,6.89,76,84
PB316L-C1500T1-1/2S1,"1""",1500,316L,"1-1/2""",1.5,7.48,4.98,6.97,87,96
PBAL6061-C1500T1-1/2S1,"1""",1500,AL-6061,"1-1/2""",1.5,5.1,1.66,2.32,47,52
PB304-C1500T1-5/8S1,"1""",1500,304,"1-5/8""",1.625,5.55,5.33,7.46,76,84
PBSA36-C1500T1-5/8S1,"1""",1500,SA-36,"1-5/8""",1.625,1.87,5.1,7.14,48,53
PBSA516-70-C1500T1-5/8S1,"1""",1500,SA-516-70,"1-5/8""",1.625,2.18,5.1,7.14,50,56
PB304L-C1500T1-5/8S1,"1""",1500,304L,"1-5/8""",1.625,6.01,5.33,7.46,80,88
PB316L-C1500T1-5/8S1,"1""",1500,316L,"1-5/8""",1.625,7.48,5.39,7.55,91,101
PBAL6061-C1500T1-5/8S1,"1""",1500,AL-6061,"1-5/8""",1.625,5.1,1.8,2.52,48,53
PB304-C1500T1-3/4S1,"1""",1500,304,"1-3/4""",1.75,5.55,5.74,8.04,79,87
PBSA36-C1500T1-3/4S1,"1""",1500,SA-36,"1-3/4""",1.75,1.87,5.49,7.69,49,54
PBSA516-70-C1500T1-3/4S1,"1""",1500,SA-516-70,"1-3/4""",1.75,2.18,5.49,7.69,52,58
PB304L-C1500T1-3/4S1,"1""",1500,304L,"1-3/4""",1.75,6.01,5.74,8.04,83,92
PB316L-C1500T1-3/4S1,"1""",1500,316L,"1-3/4""",1.75,7.48,5.8,8.12,96,106
PBAL6061-C1500T1-3/4S1,"1""",1500,AL-6061,"1-3/4""",1.75,5.1,1.94,2.72,49,54
PB304-C1500T1-7/8S1,"1""",1500,304,"1-7/8""",1.875,5.55,6.15,8.61,83,92
PBSA36-C1500T1-7/8S1,"1""",1500,SA-36,"1-7/8""",1.875,1.87,5.89,8.25,50,56
PBSA516-70-C1500T1-7/8S1,"1""",1500,SA-516-70,"1-7/8""",1.875,2.18,5.89,8.25,53,59
PB304L-C1500T1-7/8S1,"1""",1500,304L,"1-7/8""",1.875,6.01,6.15,8.61,87,96
PB316L-C1500T1-7/8S1,"1""",1500,316L,"1-7/8""",1.875,7.48,6.22,8.71,100,111
PBAL6061-C1500T1-7/8S1,"1""",1500,AL-6061,"1-7/8""",1.875,5.1,2.07,2.9,50,56
PB304-C1500T2S1,"1""",1500,304,"2""",2,5.55,6.56,9.18,86,95
PBSA36-C1500T2S1,"1""",1500,SA-36,"2""",2,1.87,6.28,8.79,51,57
PBSA516-70-C1500T2S1,"1""",1500,SA-516-70,"2""",2,2.18,6.28,8.79,54,60
PB304L-C1500T2S1,"1""",1500,304L,"2""",2,6.01,6.56,9.18,90,100
PB316L-C1500T2S1,"1""",1500,316L,"2""",2,7.48,6.63,9.28,104,115
PBAL6061-C1500T2S1,"1""",1500,AL-6061,"2""",2,5.1,2.21,3.09,51,57
PB304-C1500T2-1/4S1,"1""",1500,304,"2-1/4""",2.25,5.55,7.38,10.33,92,102
PBSA36-C1500T2-1/4S1,"1""",1500,SA-36,"2-1/4""",2.25,1.87,7.06,9.88,53,59
PBSA516-70-C1500T2-1/4S1,"1""",1500,SA-516-70,"2-1/4""",2.25,2.18,7.06,9.88,56,62
PB304L-C1500T2-1/4S1,"1""",1500,304L,"2-1/4""",2.25,6.01,7.38,10.33,97,107
PB316L-C1500T2-1/4S1,"1""",1500,316L,"2-1/4""",2.25,7.48,7.46,10.44,113,125
PBAL6061-C1500T2-1/4S1,"1""",1500,AL-6061,"2-1/4""",2.25,5.1,2.49,3.49,53,59
PB304-C1500T2-1/2S1,"1""",1500,304,"2-1/2""",2.5,5.55,8.2,11.48,99,109
PBSA36-C1500T2-1/2S1,"1""",1500,SA-36,"2-1/2""",2.5,1.87,7.85,10.99,55,61
PBSA516-70-C1500T2-1/2S1,"1""",1500,SA-516-70,"2-1/2""",2.5,2.18,7.85,10.99,59,65
PB304L-C1500T2-1/2S1,"1""",1500,304L,"2-1/2""",2.5,6.01,8.2,11.48,104,115
PB316L-C1500T2-1/2S1,"1""",1500,316L,"2-1/2""",2.5,7.48,8.29,11.61,122,135
PBAL6061-C1500T2-1/2S1,"1""",1500,AL-6061,"2-1/2""",2.5,5.1,2.77,3.88,55,61
PB304-C1500T3S1,"1""",1500,304,"3""",3,5.55,9.84,13.78,111,123
PBSA36-C1500T3S1,"1""",1500,SA-36,"3""",3,1.87,9.42,13.19,60,66
PBSA516-70-C1500T3S1,"1""",1500,SA-516-70,"3""",3,2.18,9.42,13.19,64,71
PB304L-C1500T3S1,"1""",1500,304L,"3""",3,6.01,9.84,13.78,118,130
PB316L-C1500T3S1,"1""",1500,316L,"3""",3,7.48,9.95,13.93,139,153
PBAL6061-C1500T3S1,"1""",1500,AL-6061,"3""",3,5.1,3.32,4.65,59,65
PB304-C1500T11GAS1-1/4,"1-1/4""",1500,304,11 Gauge,0.1196,5.55,0.47,0.66,39,43
PBSA36-C1500T11GAS1-1/4,"1-1/4""",1500,SA-36,11 Gauge,0.1196,1.87,0.45,0.63,36,40
PBSA516-70-C1500T11GAS1-1/4,"1-1/4""",1500,SA-516-70,11 Gauge,0.1196,2.18,0.45,0.63,36,40
PB304L-C1500T11GAS1-1/4,"1-1/4""",1500,304L,11 Gauge,0.1196,6.01,0.47,0.66,39,43
PB316L-C1500T11GAS1-1/4,"1-1/4""",1500,316L,11 Gauge,0.1196,7.48,0.47,0.66,40,44
PBAL6061-C1500T11GAS1-1/4,"1-1/4""",1500,AL-6061,11 Gauge,0.1196,5.1,0.16,0.22,36,40
PB304-C1500T1/8S1-1/4,"1-1/4""",1500,304,"1/8""",0.125,5.55,0.49,0.69,39,43
PBSA36-C1500T1/8S1-1/4,"1-1/4""",1500,SA-36,"1/8""",0.125,1.87,0.47,0.66,36,40
PBSA516-70-C1500T1/8S1-1/4,"1-1/4""",1500,SA-516-70,"1/8""",0.125,2.18,0.47,0.66,36,40
PB304L-C1500T1/8S1-1/4,"1-1/4""",1500,304L,"1/8""",0.125,6.01,0.49,0.69,39,43
PB316L-C1500T1/8S1-1/4,"1-1/4""",1500,316L,"1/8""",0.125,7.48,0.49,0.69,40,44
PBAL6061-C1500T1/8S1-1/4,"1-1/4""",1500,AL-6061,"1/8""",0.125,5.1,0.16,0.22,36,40
PB304-C1500T3/16S1-1/4,"1-1/4""",1500,304,"3/16""",0.1875,5.55,0.73,1.02,41,46
PBSA36-C1500T3/16S1-1/4,"1-1/4""",1500,SA-36,"3/16""",0.1875,1.87,0.7,0.98,37,41
PBSA516-70-C1500T3/16S1-1/4,"1-1/4""",1500,SA-516-70,"3/16""",0.1875,2.18,0.7,0.98,37,41
PB304L-C1500T3/16S1-1/4,"1-1/4""",1500,304L,"3/16""",0.1875,6.01,0.73,1.02,41,46
PB316L-C1500T3/16S1-1/4,"1-1/4""",1500,316L,"3/16""",0.1875,7.48,0.74,1.04,43,48
PBAL6061-C1500T3/16S1-1/4,"1-1/4""",1500,AL-6061,"3/16""",0.1875,5.1,0.25,0.35,37,41
PB304-C1500T1/4S1-1/4,"1-1/4""",1500,304,"1/4""",0.25,5.55,0.97,1.36,42,47
PBSA36-C1500T1/4S1-1/4,"1-1/4""",1500,SA-36,"1/4""",0.25,1.87,0.93,1.3,37,41
PBSA516-70-C1500T1/4S1-1/4,"1-1/4""",1500,SA-516-70,"1/4""",0.25,2.18,0.93,1.3,38,42
PB304L-C1500T1/4S1-1/4,"1-1/4""",1500,304L,"1/4""",0.25,6.01,0.97,1.36,43,48
PB316L-C1500T1/4S1-1/4,"1-1/4""",1500,316L,"1/4""",0.25,7.48,0.98,1.37,45,50
PBAL6061-C1500T1/4S1-1/4,"1-1/4""",1500,AL-6061,"1/4""",0.25,5.1,0.33,0.46,37,41
PB304-C1500T5/16S1-1/4,"1-1/4""",1500,304,"5/16""",0.3125,5.55,1.22,1.71,44,49
PBSA36-C1500T5/16S1-1/4,"1-1/4""",1500,SA-36,"5/16""",0.3125,1.87,1.16,1.62,38,42
PBSA516-70-C1500T5/16S1-1/4,"1-1/4""",1500,SA-516-70,"5/16""",0.3125,2.18,1.16,1.62,38,42
PB304L-C1500T5/16S1-1/4,"1-1/4""",1500,304L,"5/16""",0.3125,6.01,1.22,1.71,45,50
PB316L-C1500T5/16S1-1/4,"1-1/4""",1500,316L,"5/16""",0.3125,7.48,1.23,1.72,48,53
PBAL6061-C1500T5/16S1-1/4,"1-1/4""",1500,AL-6061,"5/16""",0.3125,5.1,0.41,0.57,38,42
PB304-C1500T3/8S1-1/4,"1-1/4""",1500,304,"3/8""",0.375,5.55,1.46,2.04,46,51
PBSA36-C1500T3/8S1-1/4,"1-1/4""",1500,SA-36,"3/8""",0.375,1.87,1.4,1.96,39,43
PBSA516-70-C1500T3/8S1-1/4,"1-1/4""",1500,SA-516-70,"3/8""",0.375,2.18,1.4,1.96,39,43
PB304L-C1500T3/8S1-1/4,"1-1/4""",1500,304L,"3/8""",0.375,6.01,1.46,2.04,47,52
PB316L-C1500T3/8S1-1/4,"1-1/4""",1500,316L,"3/8""",0.375,7.48,1.48,2.07,50,56
PBAL6061-C1500T3/8S1-1/4,"1-1/4""",1500,AL-6061,"3/8""",0.375,5.1,0.49,0.69,38,42
PB304-C1500T1/2S1-1/4,"1-1/4""",1500,304,"1/2""",0.5,5.55,1.95,2.73,50,56
PBSA36-C1500T1/2S1-1/4,"1-1/4""",1500,SA-36,"1/2""",0.5,1.87,1.86,2.6,40,44
PBSA516-70-C1500T1/2S1-1/4,"1-1/4""",1500,SA-516-70,"1/2""",0.5,2.18,1.86,2.6,41,46
PB304L-C1500T1/2S1-1/4,"1-1/4""",1500,304L,"1/2""",0.5,6.01,1.95,2.73,51,57
PB316L-C1500T1/2S1-1/4,"1-1/4""",1500,316L,"1/2""",0.5,7.48,1.97,2.76,55,61
PBAL6061-C1500T1/2S1-1/4,"1-1/4""",1500,AL-6061,"1/2""",0.5,5.1,0.66,0.92,40,44
PB304-C1500T5/8S1-1/4,"1-1/4""",1500,304,"5/8""",0.625,5.55,2.43,3.4,54,60
PBSA36-C1500T5/8S1-1/4,"1-1/4""",1500,SA-36,"5/8""",0.625,1.87,2.33,3.26,41,46
PBSA516-70-C1500T5/8S1-1/4,"1-1/4""",1500,SA-516-70,"5/8""",0.625,2.18,2.33,3.26,42,47
PB304L-C1500T5/8S1-1/4,"1-1/4""",1500,304L,"5/8""",0.625,6.01,2.43,3.4,55,61
PB316L-C1500T5/8S1-1/4,"1-1/4""",1500,316L,"5/8""",0.625,7.48,2.46,3.44,61,68
PBAL6061-C1500T5/8S1-1/4,"1-1/4""",1500,AL-6061,"5/8""",0.625,5.1,0.82,1.15,41,46
PB304-C1500T3/4S1-1/4,"1-1/4""",1500,304,"3/4""",0.75,5.55,2.92,4.09,58,64
PBSA36-C1500T3/4S1-1/4,"1-1/4""",1500,SA-36,"3/4""",0.75,1.87,2.79,3.91,42,47
PBSA516-70-C1500T3/4S1-1/4,"1-1/4""",1500,SA-516-70,"3/4""",0.75,2.18,2.79,3.91,43,48
PB304L-C1500T3/4S1-1/4,"1-1/4""",1500,304L,"3/4""",0.75,6.01,2.92,4.09,59,65
PB316L-C1500T3/4S1-1/4,"1-1/4""",1500,316L,"3/4""",0.75,7.48,2.95,4.13,66,73
PBAL6061-C1500T3/4S1-1/4,"1-1/4""",1500,AL-6061,"3/4""",0.75,5.1,0.98,1.37,42,47
PB304-C1500T7/8S1-1/4,"1-1/4""",1500,304,"7/8""",0.875,5.55,3.41,4.77,61,68
PBSA36-C1500T7/8S1-1/4,"1-1/4""",1500,SA-36,"7/8""",0.875,1.87,3.26,4.56,43,48
PBSA516-70-C1500T7/8S1-1/4,"1-1/4""",1500,SA-516-70,"7/8""",0.875,2.18,3.26,4.56,45,50
PB304L-C1500T7/8S1-1/4,"1-1/4""",1500,304L,"7/8""",0.875,6.01,3.41,4.77,64,71
PB316L-C1500T7/8S1-1/4,"1-1/4""",1500,316L,"7/8""",0.875,7.48,3.44,4.82,71,79
PBAL6061-C1500T7/8S1-1/4,"1-1/4""",1500,AL-6061,"7/8""",0.875,5.1,1.15,1.61,43,48
PB304-C1500T1S1-1/4,"1-1/4""",1500,304,"1""",1,5.55,3.89,5.45,65,72
PBSA36-C1500T1S1-1/4,"1-1/4""",1500,SA-36,"1""",1,1.87,3.73,5.22,45,50
PBSA516-70-C1500T1S1-1/4,"1-1/4""",1500,SA-516-70,"1""",1,2.18,3.73,5.22,46,51
PB304L-C1500T1S1-1/4,"1-1/4""",1500,304L,"1""",1,6.01,3.89,5.45,68,75
PB316L-C1500T1S1-1/4,"1-1/4""",1500,316L,"1""",1,7.48,3.94,5.52,76,84
PBAL6061-C1500T1S1-1/4,"1-1/4""",1500,AL-6061,"1""",1,5.1,1.31,1.83,44,49
PB304-C1500T1-1/8S1-1/4,"1-1/4""",1500,304,"1-1/8""",1.125,5.55,4.38,6.13,69,76
PBSA36-C1500T1-1/8S1-1/4,"1-1/4""",1500,SA-36,"1-1/8""",1.125,1.87,4.19,5.87,46,51
PBSA516-70-C1500T1-1/8S1-1/4,"1-1/4""",1500,SA-516-70,"1-1/8""",1.125,2.18,4.19,5.87,48,53
PB304L-C1500T1-1/8S1-1/4,"1-1/4""",1500,304L,"1-1/8""",1.125,6.01,4.38,6.13,72,80
PB316L-C1500T1-1/8S1-1/4,"1-1/4""",1500,316L,"1-1/8""",1.125,7.48,4.43,6.2,81,90
PBAL6061-C1500T1-1/8S1-1/4,"1-1/4""",1500,AL-6061,"1-1/8""",1.125,5.1,1.48,2.07,45,50
PB304-C1500T1-1/4S1-1/4,"1-1/4""",1500,304,"1-1/4""",1.25,5.55,4.87,6.82,73,81
PBSA36-C1500T1-1/4S1-1/4,"1-1/4""",1500,SA-36,"1-1/4""",1.25,1.87,4.66,6.52,47,52
PBSA516-70-C1500T1-1/4S1-1/4,"1-1/4""",1500,SA-516-70,"1-1/4""",1.25,2.18,4.66,6.52,49,54
PB304L-C1500T1-1/4S1-1/4,"1-1/4""",1500,304L,"1-1/4""",1.25,6.01,4.87,6.82,76,84
PB316L-C1500T1-1/4S1-1/4,"1-1/4""",1500,316L,"1-1/4""",1.25,7.48,4.92,6.89,86,95
PBAL6061-C1500T1-1/4S1-1/4,"1-1/4""",1500,AL-6061,"1-1/4""",1.25,5.1,1.64,2.3,47,52
PB304-C1500T1-3/8S1-1/4,"1-1/4""",1500,304,"1-3/8""",1.375,5.55,5.35,7.49,76,84
PBSA36-C1500T1-3/8S1-1/4,"1-1/4""",1500,SA-36,"1-3/8""",1.375,1.87,5.12,7.17,48,53
PBSA516-70-C1500T1-3/8S1-1/4,"1-1/4""",1500,SA-516-70,"1-3/8""",1.375,2.18,5.12,7.17,50,56
PB304L-C1500T1-3/8S1-1/4,"1-1/4""",1500,304L,"1-3/8""",1.375,6.01,5.35,7.49,80,88
PB316L-C1500T1-3/8S1-1/4,"1-1/4""",1500,316L,"1-3/8""",1.375,7.48,5.41,7.57,91,101
PBAL6061-C1500T1-3/8S1-1/4,"1-1/4""",1500,AL-6061,"1-3/8""",1.375,5.1,1.81,2.53,48,53
PB304-C1500T1-1/2S1-1/4,"1-1/4""",1500,304,"1-1/2""",1.5,5.55,5.84,8.18,80,88
PBSA36-C1500T1-1/2S1-1/4,"1-1/4""",1500,SA-36,"1-1/2""",1.5,1.87,5.59,7.83,49,54
PBSA516-70-C1500T1-1/2S1-1/4,"1-1/4""",1500,SA-516-70,"1-1/2""",1.5,2.18,5.59,7.83,52,58
PB304L-C1500T1-1/2S1-1/4,"1-1/4""",1500,304L,"1-1/2""",1.5,6.01,5.84,8.18,84,93
PB316L-C1500T1-1/2S1-1/4,"1-1/4""",1500,316L,"1-1/2""",1.5,7.48,5.91,8.27,97,107
PBAL6061-C1500T1-1/2S1-1/4,"1-1/4""",1500,AL-6061,"1-1/2""",1.5,5.1,1.97,2.76,49,54
PB304-C1500T1-5/8S1-1/4,"1-1/4""",1500,304,"1-5/8""",1.625,5.55,6.33,8.86,84,93
PBSA36-C1500T1-5/8S1-1/4,"1-1/4""",1500,SA-36,"1-5/8""",1.625,1.87,6.06,8.48,51,57
PBSA516-70-C1500T1-5/8S1-1/4,"1-1/4""",1500,SA-516-70,"1-5/8""",1.625,2.18,6.06,8.48,53,59
PB304L-C1500T1-5/8S1-1/4,"1-1/4""",1500,304L,"1-5/8""",1.625,6.01,6.33,8.86,88,97
PB316L-C1500T1-5/8S1-1/4,"1-1/4""",1500,316L,"1-5/8""",1.625,7.48,6.4,8.96,102,113
PBAL6061-C1500T1-5/8S1-1/4,"1-1/4""",1500,AL-6061,"1-5/8""",1.625,5.1,2.13,2.98,50,56
PB304-C1500T1-3/4S1-1/4,"1-1/4""",1500,304,"1-3/4""",1.75,5.55,6.81,9.53,88,97
PBSA36-C1500T1-3/4S1-1/4,"1-1/4""",1500,SA-36,"1-3/4""",1.75,1.87,6.52,9.13,52,58
PBSA516-70-C1500T1-3/4S1-1/4,"1-1/4""",1500,SA-516-70,"1-3/4""",1.75,2.18,6.52,9.13,55,61
PB304L-C1500T1-3/4S1-1/4,"1-1/4""",1500,304L,"1-3/4""",1.75,6.01,6.81,9.53,92,102
PB316L-C1500T1-3/4S1-1/4,"1-1/4""",1500,316L,"1-3/4""",1.75,7.48,6.89,9.65,107,118
PBAL6061-C1500T1-3/4S1-1/4,"1-1/4""",1500,AL-6061,"1-3/4""",1.75,5.1,2.3,3.22,51,57
PB304-C1500T1-7/8S1-1/4,"1-1/4""",1500,304,"1-7/8""",1.875,5.55,7.3,10.22,92,102
PBSA36-C1500T1-7/8S1-1/4,"1-1/4""",1500,SA-36,"1-7/8""",1.875,1.87,6.99,9.79,53,59
PBSA516-70-C1500T1-7/8S1-1/4,"1-1/4""",1500,SA-516-70,"1-7/8""",1.875,2.18,6.99,9.79,56,62
PB304L-C1500T1-7/8S1-1/4,"1-1/4""",1500,304L,"1-7/8""",1.875,6.01,7.3,10.22,96,106
PB316L-C1500T1-7/8S1-1/4,"1-1/4""",1500,316L,"1-7/8""",1.875,7.48,7.38,10.33,112,124
PBAL6061-C1500T1-7/8S1-1/4,"1-1/4""",1500,AL-6061,"1-7/8""",1.875,5.1,2.46,3.44,52,58
PB304-C1500T2S1-1/4,"1-1/4""",1500,304,"2""",2,5.55,7.79,10.91,95,105
PBSA36-C1500T2S1-1/4,"1-1/4""",1500,SA-36,"2""",2,1.87,7.45,10.43,54,60
PBSA516-70-C1500T2S1-1/4,"1-1/4""",1500,SA-516-70,"2""",2,2.18,7.45,10.43,58,64
PB304L-C1500T2S1-1/4,"1-1/4""",1500,304L,"2""",2,6.01,7.79,10.91,100,111
PB316L-C1500T2S1-1/4,"1-1/4""",1500,316L,"2""",2,7.48,7.87,11.02,117,129
PBAL6061-C1500T2S1-1/4,"1-1/4""",1500,AL-6061,"2""",2,5.1,2.63,3.68,54,60
PB304-C1500T2-1/4S1-1/4,"1-1/4""",1500,304,"2-1/4""",2.25,5.55,8.76,12.26,103,114
PBSA36-C1500T2-1/4S1-1/4,"1-1/4""",1500,SA-36,"2-1/4""",2.25,1.87,8.38,11.73,57,63
PBSA516-70-C1500T2-1/4S1-1/4,"1-1/4""",1500,SA-516-70,"2-1/4""",2.25,2.18,8.38,11.73,60,66
PB304L-C1500T2-1/4S1-1/4,"1-1/4""",1500,304L,"2-1/4""",2.25,6.01,8.76,12.26,109,120
PB316L-C1500T2-1/4S1-1/4,"1-1/4""",1500,316L,"2-1/4""",2.25,7.48,8.86,12.4,128,141
PBAL6061-C1500T2-1/4S1-1/4,"1-1/4""",1500,AL-6061,"2-1/4""",2.25,5.1,2.95,4.13,56,62
PB304-C1500T2-1/2S1-1/4,"1-1/4""",1500,304,"2-1/2""",2.5,5.55,9.73,13.62,110,122
PBSA36-C1500T2-1/2S1-1/4,"1-1/4""",1500,SA-36,"2-1/2""",2.5,1.87,9.32,13.05,59,65
PBSA516-70-C1500T2-1/2S1-1/4,"1-1/4""",1500,SA-516-70,"2-1/2""",2.5,2.18,9.32,13.05,63,70
PB304L-C1500T2-1/2S1-1/4,"1-1/4""",1500,304L,"2-1/2""",2.5,6.01,9.73,13.62,117,129
PB316L-C1500T2-1/2S1-1/4,"1-1/4""",1500,316L,"2-1/2""",2.5,7.48,9.84,13.78,138,152
PBAL6061-C1500T2-1/2S1-1/4,"1-1/4""",1500,AL-6061,"2-1/2""",2.5,5.1,3.28,4.59,58,64
PB304-C1500T3S1-1/4,"1-1/4""",1500,304,"3""",3,5.55,11.68,16.35,126,139
PBSA36-C1500T3S1-1/4,"1-1/4""",1500,SA-36,"3""",3,1.87,11.18,15.65,64,71
PBSA516-70-C1500T3S1-1/4,"1-1/4""",1500,SA-516-70,"3""",3,2.18,11.18,15.65,69,76
PB304L-C1500T3S1-1/4,"1-1/4""",1500,304L,"3""",3,6.01,11.68,16.35,133,147
PB316L-C1500T3S1-1/4,"1-1/4""",1500,316L,"3""",3,7.48,11.81,16.53,158,174
PBAL6061-C1500T3S1-1/4,"1-1/4""",1500,AL-6061,"3""",3,5.1,3.94,5.52,63,70
PB304-C1500T11GAS1-1/2,"1-1/2""",1500,304,11 Gauge,0.1196,5.55,0.55,0.77,39,43
PBSA36-C1500T11GAS1-1/2,"1-1/2""",1500,SA-36,11 Gauge,0.1196,1.87,0.53,0.74,36,40
PBSA516-70-C1500T11GAS1-1/2,"1-1/2""",1500,SA-516-70,11 Gauge,0.1196,2.18,0.53,0.74,36,40
PB304L-C1500T11GAS1-1/2,"1-1/2""",1500,304L,11 Gauge,0.1196,6.01,0.55,0.77,39,43
PB316L-C1500T11GAS1-1/2,"1-1/2""",1500,316L,11 Gauge,0.1196,7.48,0.56,0.78,41,46
PBAL6061-C1500T11GAS1-1/2,"1-1/2""",1500,AL-6061,11 Gauge,0.1196,5.1,0.19,0.27,36,40
PB304-C1500T1/8S1-1/2,"1-1/2""",1500,304,"1/8""",0.125,5.55,0.58,0.81,39,43
PBSA36-C1500T1/8S1-1/2,"1-1/2""",1500,SA-36,"1/8""",0.125,1.87,0.55,0.77,36,40
PBSA516-70-C1500T1/8S1-1/2,"1-1/2""",1500,SA-516-70,"1/8""",0.125,2.18,0.55,0.77,37,41
PB304L-C1500T1/8S1-1/2,"1-1/2""",1500,304L,"1/8""",0.125,6.01,0.58,0.81,40,44
PB316L-C1500T1/8S1-1/2,"1-1/2""",1500,316L,"1/8""",0.125,7.48,0.58,0.81,41,46
PBAL6061-C1500T1/8S1-1/2,"1-1/2""",1500,AL-6061,"1/8""",0.125,5.1,0.19,0.27,36,40
PB304-C1500T3/16S1-1/2,"1-1/2""",1500,304,"3/16""",0.1875,5.55,0.87,1.22,42,47
PBSA36-C1500T3/16S1-1/2,"1-1/2""",1500,SA-36,"3/16""",0.1875,1.87,0.83,1.16,37,41
PBSA516-70-C1500T3/16S1-1/2,"1-1/2""",1500,SA-516-70,"3/16""",0.1875,2.18,0.83,1.16,37,41
PB304L-C1500T3/16S1-1/2,"1-1/2""",1500,304L,"3/16""",0.1875,6.01,0.87,1.22,42,47
PB316L-C1500T3/16S1-1/2,"1-1/2""",1500,316L,"3/16""",0.1875,7.48,0.88,1.23,44,49
PBAL6061-C1500T3/16S1-1/2,"1-1/2""",1500,AL-6061,"3/16""",0.1875,5.1,0.29,0.41,37,41
PB304-C1500T1/4S1-1/2,"1-1/2""",1500,304,"1/4""",0.25,5.55,1.15,1.61,44,49
PBSA36-C1500T1/4S1-1/2,"1-1/2""",1500,SA-36,"1/4""",0.25,1.87,1.1,1.54,38,42
PBSA516-70-C1500T1/4S1-1/2,"1-1/2""",1500,SA-516-70,"1/4""",0.25,2.18,1.1,1.54,38,42
PB304L-C1500T1/4S1-1/2,"1-1/2""",1500,304L,"1/4""",0.25,6.01,1.15,1.61,45,50
PB316L-C1500T1/4S1-1/2,"1-1/2""",1500,316L,"1/4""",0.25,7.48,1.17,1.64,47,52
PBAL6061-C1500T1/4S1-1/2,"1-1/2""",1500,AL-6061,"1/4""",0.25,5.1,0.39,0.55,38,42
PB304-C1500T5/16S1-1/2,"1-1/2""",1500,304,"5/16""",0.3125,5.55,1.44,2.02,46,51
PBSA36-C1500T5/16S1-1/2,"1-1/2""",1500,SA-36,"5/16""",0.3125,1.87,1.38,1.93,38,42
PBSA516-70-C1500T5/16S1-1/2,"1-1/2""",1500,SA-516-70,"5/16""",0.3125,2.18,1.38,1.93,39,43
PB304L-C1500T5/16S1-1/2,"1-1/2""",1500,304L,"5/16""",0.3125,6.01,1.44,2.02,47,52
PB316L-C1500T5/16S1-1/2,"1-1/2""",1500,316L,"5/16""",0.3125,7.48,1.46,2.04,50,56
PBAL6061-C1500T5/16S1-1/2,"1-1/2""",1500,AL-6061,"5/16""",0.3125,5.1,0.49,0.69,38,42
PB304-C1500T3/8S1-1/2,"1-1/2""",1500,304,"3/8""",0.375,5.55,1.73,2.42,48,53
PBSA36-C1500T3/8S1-1/2,"1-1/2""",1500,SA-36,"3/8""",0.375,1.87,1.66,2.32,39,43
PBSA516-70-C1500T3/8S1-1/2,"1-1/2""",1500,SA-516-70,"3/8""",0.375,2.18,1.66,2.32,40,44
PB304L-C1500T3/8S1-1/2,"1-1/2""",1500,304L,"3/8""",0.375,6.01,1.73,2.42,49,54
PB316L-C1500T3/8S1-1/2,"1-1/2""",1500,316L,"3/8""",0.375,7.48,1.75,2.45,53,59
PBAL6061-C1500T3/8S1-1/2,"1-1/2""",1500,AL-6061,"3/8""",0.375,5.1,0.58,0.81,39,43
PB304-C1500T1/2S1-1/2,"1-1/2""",1500,304,"1/2""",0.5,5.55,2.31,3.23,53,59
PBSA36-C1500T1/2S1-1/2,"1-1/2""",1500,SA-36,"1/2""",0.5,1.87,2.21,3.09,41,46
PBSA516-70-C1500T1/2S1-1/2,"1-1/2""",1500,SA-516-70,"1/2""",0.5,2.18,2.21,3.09,42,47
PB304L-C1500T1/2S1-1/2,"1-1/2""",1500,304L,"1/2""",0.5,6.01,2.31,3.23,54,60
PB316L-C1500T1/2S1-1/2,"1-1/2""",1500,316L,"1/2""",0.5,7.48,2.33,3.26,59,65
PBAL6061-C1500T1/2S1-1/2,"1-1/2""",1500,AL-6061,"1/2""",0.5,5.1,0.78,1.09,40,44
PB304-C1500T5/8S1-1/2,"1-1/2""",1500,304,"5/8""",0.625,5.55,2.88,4.03,57,63
PBSA36-C1500T5/8S1-1/2,"1-1/2""",1500,SA-36,"5/8""",0.625,1.87,2.76,3.86,42,47
PBSA516-70-C1500T5/8S1-1/2,"1-1/2""",1500,SA-516-70,"5/8""",0.625,2.18,2.76,3.86,43,48
PB304L-C1500T5/8S1-1/2,"1-1/2""",1500,304L,"5/8""",0.625,6.01,2.88,4.03,59,65
PB316L-C1500T5/8S1-1/2,"1-1/2""",1500,316L,"5/8""",0.625,7.48,2.92,4.09,65,72
PBAL6061-C1500T5/8S1-1/2,"1-1/2""",1500,AL-6061,"5/8""",0.625,5.1,0.97,1.36,42,47
PB304-C1500T3/4S1-1/2,"1-1/2""",1500,304,"3/4""",0.75,5.55,3.46,4.84,62,69
PBSA36-C1500T3/4S1-1/2,"1-1/2""",1500,SA-36,"3/4""",0.75,1.87,3.31,4.63,44,49
PBSA516-70-C1500T3/4S1-1/2,"1-1/2""",1500,SA-516-70,"3/4""",0.75,2.18,3.31,4.63,45,50
PB304L-C1500T3/4S1-1/2,"1-1/2""",1500,304L,"3/4""",0.75,6.01,3.46,4.84,64,71
PB316L-C1500T3/4S1-1/2,"1-1/2""",1500,316L,"3/4""",0.75,7.48,3.5,4.9,71,79
PBAL6061-C1500T3/4S1-1/2,"1-1/2""",1500,AL-6061,"3/4""",0.75,5.1,1.17,1.64,43,48
PB304-C1500T7/8S1-1/2,"1-1/2""",1500,304,"7/8""",0.875,5.55,4.04,5.66,66,73
PBSA36-C1500T7/8S1-1/2,"1-1/2""",1500,SA-36,"7/8""",0.875,1.87,3.87,5.42,45,50
PBSA516-70-C1500T7/8S1-1/2,"1-1/2""",1500,SA-516-70,"7/8""",0.875,2.18,3.87,5.42,47,52
PB304L-C1500T7/8S1-1/2,"1-1/2""",1500,304L,"7/8""",0.875,6.01,4.04,5.66,69,76
PB316L-C1500T7/8S1-1/2,"1-1/2""",1500,316L,"7/8""",0.875,7.48,4.08,5.71,78,86
PBAL6061-C1500T7/8S1-1/2,"1-1/2""",1500,AL-6061,"7/8""",0.875,5.1,1.36,1.9,45,50
PB304-C1500T1S1-1/2,"1-1/2""",1500,304,"1""",1,5.55,4.62,6.47,71,79
PBSA36-C1500T1S1-1/2,"1-1/2""",1500,SA-36,"1""",1,1.87,4.42,6.19,46,51
PBSA516-70-C1500T1S1-1/2,"1-1/2""",1500,SA-516-70,"1""",1,2.18,4.42,6.19,48,53
PB304L-C1500T1S1-1/2,"1-1/2""",1500,304L,"1""",1,6.01,4.62,6.47,74,82
PB316L-C1500T1S1-1/2,"1-1/2""",1500,316L,"1""",1,7.48,4.67,6.54,84,93
PBAL6061-C1500T1S1-1/2,"1-1/2""",1500,AL-6061,"1""",1,5.1,1.56,2.18,46,51
PB304-C1500T1-1/8S1-1/2,"1-1/2""",1500,304,"1-1/8""",1.125,5.55,5.19,7.27,75,83
PBSA36-C1500T1-1/8S1-1/2,"1-1/2""",1500,SA-36,"1-1/8""",1.125,1.87,4.97,6.96,48,53
PBSA516-70-C1500T1-1/8S1-1/2,"1-1/2""",1500,SA-516-70,"1-1/8""",1.125,2.18,4.97,6.96,50,56
PB304L-C1500T1-1/8S1-1/2,"1-1/2""",1500,304L,"1-1/8""",1.125,6.01,5.19,7.27,79,87
PB316L-C1500T1-1/8S1-1/2,"1-1/2""",1500,316L,"1-1/8""",1.125,7.48,5.25,7.35,90,100
PBAL6061-C1500T1-1/8S1-1/2,"1-1/2""",1500,AL-6061,"1-1/8""",1.125,5.1,1.75,2.45,47,52
PB304-C1500T1-1/4S1-1/2,"1-1/2""",1500,304,"1-1/4""",1.25,5.55,5.77,8.08,80,88
PBSA36-C1500T1-1/4S1-1/2,"1-1/2""",1500,SA-36,"1-1/4""",1.25,1.87,5.52,7.73,49,54
PBSA516-70-C1500T1-1/4S1-1/2,"1-1/2""",1500,SA-516-70,"1-1/4""",1.25,2.18,5.52,7.73,52,58
PB304L-C1500T1-1/4S1-1/2,"1-1/2""",1500,304L,"1-1/4""",1.25,6.01,5.77,8.08,83,92
PB316L-C1500T1-1/4S1-1/2,"1-1/2""",1500,316L,"1-1/4""",1.25,7.48,5.83,8.16,96,106
PBAL6061-C1500T1-1/4S1-1/2,"1-1/2""",1500,AL-6061,"1-1/4""",1.25,5.1,1.95,2.73,49,54
PB304-C1500T1-3/8S1-1/2,"1-1/2""",1500,304,"1-3/8""",1.375,5.55,6.35,8.89,84,93
PBSA36-C1500T1-3/8S1-1/2,"1-1/2""",1500,SA-36,"1-3/8""",1.375,1.87,6.07,8.5,51,57
PBSA516-70-C1500T1-3/8S1-1/2,"1-1/2""",1500,SA-516-70,"1-3/8""",1.375,2.18,6.07,8.5,53,59
PB304L-C1500T1-3/8S1-1/2,"1-1/2""",1500,304L,"1-3/8""",1.375,6.01,6.35,8.89,88,97
PB316L-C1500T1-3/8S1-1/2,"1-1/2""",1500,316L,"1-3/8""",1.375,7.48,6.42,8.99,102,113
PBAL6061-C1500T1-3/8S1-1/2,"1-1/2""",1500,AL-6061,"1-3/8""",1.375,5.1,2.14,3,50,56
PB304-C1500T1-1/2S1-1/2,"1-1/2""",1500,304,"1-1/2""",1.5,5.55,6.92,9.69,89,98
PBSA36-C1500T1-1/2S1-1/2,"1-1/2""",1500,SA-36,"1-1/2""",1.5,1.87,6.63,9.28,52,58
PBSA516-70-C1500T1-1/2S1-1/2,"1-1/2""",1500,SA-516-70,"1-1/2""",1.5,2.18,6.63,9.28,55,61
PB304L-C1500T1-1/2S1-1/2,"1-1/2""",1500,304L,"1-1/2""",1.5,6.01,6.92,9.69,93,103
PB316L-C1500T1-1/2S1-1/2,"1-1/2""",1500,316L,"1-1/2""",1.5,7.48,7,9.8,108,119
PBAL6061-C1500T1-1/2S1-1/2,"1-1/2""",1500,AL-6061,"1-1/2""",1.5,5.1,2.33,3.26,51,57
PB304-C1500T1-5/8S1-1/2,"1-1/2""",1500,304,"1-5/8""",1.625,5.55,7.5,10.5,93,103
PBSA36-C1500T1-5/8S1-1/2,"1-1/2""",1500,SA-36,"1-5/8""",1.625,1.87,7.18,10.05,54,60
PBSA516-70-C1500T1-5/8S1-1/2,"1-1/2""",1500,SA-516-70,"1-5/8""",1.625,2.18,7.18,10.05,57,63
PB304L-C1500T1-5/8S1-1/2,"1-1/2""",1500,304L,"1-5/8""",1.625,6.01,7.5,10.5,98,108
PB316L-C1500T1-5/8S1-1/2,"1-1/2""",1500,316L,"1-5/8""",1.625,7.48,7.58,10.61,114,126
PBAL6061-C1500T1-5/8S1-1/2,"1-1/2""",1500,AL-6061,"1-5/8""",1.625,5.1,2.53,3.54,53,59
PB304-C1500T1-3/4S1-1/2,"1-1/2""",1500,304,"1-3/4""",1.75,5.55,8.08,11.31,98,108
PBSA36-C1500T1-3/4S1-1/2,"1-1/2""",1500,SA-36,"1-3/4""",1.75,1.87,7.73,10.82,55,61
PBSA516-70-C1500T1-3/4S1-1/2,"1-1/2""",1500,SA-516-70,"1-3/4""",1.75,2.18,7.73,10.82,58,64
PB304L-C1500T1-3/4S1-1/2,"1-1/2""",1500,304L,"1-3/4""",1.75,6.01,8.08,11.31,103,114
PB316L-C1500T1-3/4S1-1/2,"1-1/2""",1500,316L,"1-3/4""",1.75,7.48,8.17,11.44,120,132
PBAL6061-C1500T1-3/4S1-1/2,"1-1/2""",1500,AL-6061,"1-3/4""",1.75,5.1,2.72,3.81,54,60
PB304-C1500T1-7/8S1-1/2,"1-1/2""",1500,304,"1-7/8""",1.875,5.55,8.65,12.11,102,113
PBSA36-C1500T1-7/8S1-1/2,"1-1/2""",1500,SA-36,"1-7/8""",1.875,1.87,8.28,11.59,57,63
PBSA516-70-C1500T1-7/8S1-1/2,"1-1/2""",1500,SA-516-70,"1-7/8""",1.875,2.18,8.28,11.59,60,66
PB304L-C1500T1-7/8S1-1/2,"1-1/2""",1500,304L,"1-7/8""",1.875,6.01,8.65,12.11,108,119
PB316L-C1500T1-7/8S1-1/2,"1-1/2""",1500,316L,"1-7/8""",1.875,7.48,8.75,12.25,126,139
PBAL6061-C1500T1-7/8S1-1/2,"1-1/2""",1500,AL-6061,"1-7/8""",1.875,5.1,2.92,4.09,56,62
PB304-C1500T2S1-1/2,"1-1/2""",1500,304,"2""",2,5.55,9.23,12.92,107,118
PBSA36-C1500T2S1-1/2,"1-1/2""",1500,SA-36,"2""",2,1.87,8.84,12.38,58,64
PBSA516-70-C1500T2S1-1/2,"1-1/2""",1500,SA-516-70,"2""",2,2.18,8.84,12.38,62,69
PB304L-C1500T2S1-1/2,"1-1/2""",1500,304L,"2""",2,6.01,9.23,12.92,112,124
PB316L-C1500T2S1-1/2,"1-1/2""",1500,316L,"2""",2,7.48,9.34,13.08,133,147
PBAL6061-C1500T2S1-1/2,"1-1/2""",1500,AL-6061,"2""",2,5.1,3.11,4.35,57,63
PB304-C1500T2-1/4S1-1/2,"1-1/2""",1500,304,"2-1/4""",2.25,5.55,10.38,14.53,115,127
PBSA36-C1500T2-1/4S1-1/2,"1-1/2""",1500,SA-36,"2-1/4""",2.25,1.87,9.94,13.92,61,68
PBSA516-70-C1500T2-1/4S1-1/2,"1-1/2""",1500,SA-516-70,"2-1/4""",2.25,2.18,9.94,13.92,65,72
PB304L-C1500T2-1/4S1-1/2,"1-1/2""",1500,304L,"2-1/4""",2.25,6.01,10.38,14.53,122,135
PB316L-C1500T2-1/4S1-1/2,"1-1/2""",1500,316L,"2-1/4""",2.25,7.48,10.5,14.7,145,160
PBAL6061-C1500T2-1/4S1-1/2,"1-1/2""",1500,AL-6061,"2-1/4""",2.25,5.1,3.5,4.9,60,66
PB304-C1500T2-1/2S1-1/2,"1-1/2""",1500,304,"2-1/2""",2.5,5.55,11.54,16.16,125,138
PBSA36-C1500T2-1/2S1-1/2,"1-1/2""",1500,SA-36,"2-1/2""",2.5,1.87,11.04,15.46,64,71
PBSA516-70-C1500T2-1/2S1-1/2,"1-1/2""",1500,SA-516-70,"2-1/2""",2.5,2.18,11.04,15.46,69,76
PB304L-C1500T2-1/2S1-1/2,"1-1/2""",1500,304L,"2-1/2""",2.5,6.01,11.54,16.16,132,146
PB316L-C1500T2-1/2S1-1/2,"1-1/2""",1500,316L,"2-1/2""",2.5,7.48,11.67,16.34,157,173
PBAL6061-C1500T2-1/2S1-1/2,"1-1/2""",1500,AL-6061,"2-1/2""",2.5,5.1,3.89,5.45,63,70
PB304-C1500T3S1-1/2,"1-1/2""",1500,304,"3""",3,5.55,13.85,19.39,142,157
PBSA36-C1500T3S1-1/2,"1-1/2""",1500,SA-36,"3""",3,1.87,13.25,18.55,70,77
PBSA516-70-C1500T3S1-1/2,"1-1/2""",1500,SA-516-70,"3""",3,2.18,13.25,18.55,75,83
PB304L-C1500T3S1-1/2,"1-1/2""",1500,304L,"3""",3,6.01,13.85,19.39,151,167
PB316L-C1500T3S1-1/2,"1-1/2""",1500,316L,"3""",3,7.48,14,19.6,181,200
PBAL6061-C1500T3S1-1/2,"1-1/2""",1500,AL-6061,"3""",3,5.1,4.67,6.54,68,75
PB304-C1500T11GAS2,"2""",1500,304,11 Gauge,0.1196,5.55,1.1,1.54,43,48
PBSA36-C1500T11GAS2,"2""",1500,SA-36,11 Gauge,0.1196,1.87,1.05,1.47,38,42
PBSA516-70-C1500T11GAS2,"2""",1500,SA-516-70,11 Gauge,0.1196,2.18,1.05,1.47,38,42
PB304L-C1500T11GAS2,"2""",1500,304L,11 Gauge,0.1196,6.01,1.1,1.54,44,49
PB316L-C1500T11GAS2,"2""",1500,316L,11 Gauge,0.1196,7.48,1.11,1.55,46,51
PBAL6061-C1500T11GAS2,"2""",1500,AL-6061,11 Gauge,0.1196,5.1,0.37,0.52,37,41
PB304-C1500T1/8S2,"2""",1500,304,"1/8""",0.125,5.55,1.15,1.61,44,49
PBSA36-C1500T1/8S2,"2""",1500,SA-36,"1/8""",0.125,1.87,1.1,1.54,38,42
PBSA516-70-C1500T1/8S2,"2""",1500,SA-516-70,"1/8""",0.125,2.18,1.1,1.54,38,42
PB304L-C1500T1/8S2,"2""",1500,304L,"1/8""",0.125,6.01,1.15,1.61,45,50
PB316L-C1500T1/8S2,"2""",1500,316L,"1/8""",0.125,7.48,1.16,1.62,47,52
PBAL6061-C1500T1/8S2,"2""",1500,AL-6061,"1/8""",0.125,5.1,0.39,0.55,38,42
PB304-C1500T3/16S2,"2""",1500,304,"3/16""",0.1875,5.55,1.72,2.41,48,53
PBSA36-C1500T3/16S2,"2""",1500,SA-36,"3/16""",0.1875,1.87,1.65,2.31,39,43
PBSA516-70-C1500T3/16S2,"2""",1500,SA-516-70,"3/16""",0.1875,2.18,1.65,2.31,40,44
PB304L-C1500T3/16S2,"2""",1500,304L,"3/16""",0.1875,6.01,1.72,2.41,49,54
PB316L-C1500T3/16S2,"2""",1500,316L,"3/16""",0.1875,7.48,1.74,2.44,53,59
PBAL6061-C1500T3/16S2,"2""",1500,AL-6061,"3/16""",0.1875,5.1,0.58,0.81,39,43
PB304-C1500T1/4S2,"2""",1500,304,"1/4""",0.25,5.55,2.29,3.21,53,59
PBSA36-C1500T1/4S2,"2""",1500,SA-36,"1/4""",0.25,1.87,2.2,3.08,41,46
PBSA516-70-C1500T1/4S2,"2""",1500,SA-516-70,"1/4""",0.25,2.18,2.2,3.08,42,47
PB304L-C1500T1/4S2,"2""",1500,304L,"1/4""",0.25,6.01,2.29,3.21,54,60
PB316L-C1500T1/4S2,"2""",1500,316L,"1/4""",0.25,7.48,2.32,3.25,59,65
PBAL6061-C1500T1/4S2,"2""",1500,AL-6061,"1/4""",0.25,5.1,0.77,1.08,40,44
PB304-C1500T5/16S2,"2""",1500,304,"5/16""",0.3125,5.55,2.87,4.02,57,63
PBSA36-C1500T5/16S2,"2""",1500,SA-36,"5/16""",0.3125,1.87,2.75,3.85,42,47
PBSA516-70-C1500T5/16S2,"2""",1500,SA-516-70,"5/16""",0.3125,2.18,2.75,3.85,43,48
PB304L-C1500T5/16S2,"2""",1500,304L,"5/16""",0.3125,6.01,2.87,4.02,59,65
PB316L-C1500T5/16S2,"2""",1500,316L,"5/16""",0.3125,7.48,2.9,4.06,65,72
PBAL6061-C1500T5/16S2,"2""",1500,AL-6061,"5/16""",0.3125,5.1,0.97,1.36,42,47
PB304-C1500T3/8S2,"2""",1500,304,"3/8""",0.375,5.55,3.44,4.82,62,69
PBSA36-C1500T3/8S2,"2""",1500,SA-36,"3/8""",0.375,1.87,3.29,4.61,43,48
PBSA516-70-C1500T3/8S2,"2""",1500,SA-516-70,"3/8""",0.375,2.18,3.29,4.61,45,50
PB304L-C1500T3/8S2,"2""",1500,304L,"3/8""",0.375,6.01,3.44,4.82,64,71
PB316L-C1500T3/8S2,"2""",1500,316L,"3/8""",0.375,7.48,3.48,4.87,71,79
PBAL6061-C1500T3/8S2,"2""",1500,AL-6061,"3/8""",0.375,5.1,1.16,1.62,43,48
PB304-C1500T1/2S2,"2""",1500,304,"1/2""",0.5,5.55,4.59,6.43,71,79
PBSA36-C1500T1/2S2,"2""",1500,SA-36,"1/2""",0.5,1.87,4.39,6.15,46,51
PBSA516-70-C1500T1/2S2,"2""",1500,SA-516-70,"1/2""",0.5,2.18,4.39,6.15,48,53
PB304L-C1500T1/2S2,"2""",1500,304L,"1/2""",0.5,6.01,4.59,6.43,73,81
PB316L-C1500T1/2S2,"2""",1500,316L,"1/2""",0.5,7.48,4.64,6.5,83,92
PBAL6061-C1500T1/2S2,"2""",1500,AL-6061,"1/2""",0.5,5.1,1.55,2.17,46,51
PB304-C1500T5/8S2,"2""",1500,304,"5/8""",0.625,5.55,5.74,8.04,79,87
PBSA36-C1500T5/8S2,"2""",1500,SA-36,"5/8""",0.625,1.87,5.49,7.69,49,54
PBSA516-70-C1500T5/8S2,"2""",1500,SA-516-70,"5/8""",0.625,2.18,5.49,7.69,52,58
PB304L-C1500T5/8S2,"2""",1500,304L,"5/8""",0.625,6.01,5.74,8.04,83,92
PB316L-C1500T5/8S2,"2""",1500,316L,"5/8""",0.625,7.48,5.8,8.12,96,106
PBAL6061-C1500T5/8S2,"2""",1500,AL-6061,"5/8""",0.625,5.1,1.93,2.7,49,54
PB304-C1500T3/4S2,"2""",1500,304,"3/4""",0.75,5.55,6.88,9.63,88,97
PBSA36-C1500T3/4S2,"2""",1500,SA-36,"3/4""",0.75,1.87,6.59,9.23,52,58
PBSA516-70-C1500T3/4S2,"2""",1500,SA-516-70,"3/4""",0.75,2.18,6.59,9.23,55,61
PB304L-C1500T3/4S2,"2""",1500,304L,"3/4""",0.75,6.01,6.88,9.63,93,103
PB316L-C1500T3/4S2,"2""",1500,316L,"3/4""",0.75,7.48,6.96,9.74,108,119
PBAL6061-C1500T3/4S2,"2""",1500,AL-6061,"3/4""",0.75,5.1,2.32,3.25,51,57
PB304-C1500T7/8S2,"2""",1500,304,"7/8""",0.875,5.55,8.03,11.24,97,107
PBSA36-C1500T7/8S2,"2""",1500,SA-36,"7/8""",0.875,1.87,7.69,10.77,55,61
PBSA516-70-C1500T7/8S2,"2""",1500,SA-516-70,"7/8""",0.875,2.18,7.69,10.77,58,64
PB304L-C1500T7/8S2,"2""",1500,304L,"7/8""",0.875,6.01,8.03,11.24,102,113
PB316L-C1500T7/8S2,"2""",1500,316L,"7/8""",0.875,7.48,8.12,11.37,120,132
PBAL6061-C1500T7/8S2,"2""",1500,AL-6061,"7/8""",0.875,5.1,2.71,3.79,54,60
PB304-C1500T1S2,"2""",1500,304,"1""",1,5.55,9.18,12.85,106,117
PBSA36-C1500T1S2,"2""",1500,SA-36,"1""",1,1.87,8.79,12.31,58,64
PBSA516-70-C1500T1S2,"2""",1500,SA-516-70,"1""",1,2.18,8.79,12.31,62,69
PB304L-C1500T1S2,"2""",1500,304L,"1""",1,6.01,9.18,12.85,112,124
PB316L-C1500T1S2,"2""",1500,316L,"1""",1,7.48,9.28,12.99,132,146
PBAL6061-C1500T1S2,"2""",1500,AL-6061,"1""",1,5.1,3.1,4.34,57,63
PB304-C1500T1-1/8S2,"2""",1500,304,"1-1/8""",1.125,5.55,10.33,14.46,115,127
PBSA36-C1500T1-1/8S2,"2""",1500,SA-36,"1-1/8""",1.125,1.87,9.88,13.83,61,68
PBSA516-70-C1500T1-1/8S2,"2""",1500,SA-516-70,"1-1/8""",1.125,2.18,9.88,13.83,65,72
PB304L-C1500T1-1/8S2,"2""",1500,304L,"1-1/8""",1.125,6.01,10.33,14.46,122,135
PB316L-C1500T1-1/8S2,"2""",1500,316L,"1-1/8""",1.125,7.48,10.44,14.62,144,159
PBAL6061-C1500T1-1/8S2,"2""",1500,AL-6061,"1-1/8""",1.125,5.1,3.48,4.87,60,66
PB304-C1500T1-1/4S2,"2""",1500,304,"1-1/4""",1.25,5.55,11.47,16.06,124,137
PBSA36-C1500T1-1/4S2,"2""",1500,SA-36,"1-1/4""",1.25,1.87,10.98,15.37,64,71
PBSA516-70-C1500T1-1/4S2,"2""",1500,SA-516-70,"1-1/4""",1.25,2.18,10.98,15.37,68,75
PB304L-C1500T1-1/4S2,"2""",1500,304L,"1-1/4""",1.25,6.01,11.47,16.06,131,145
PB316L-C1500T1-1/4S2,"2""",1500,316L,"1-1/4""",1.25,7.48,11.6,16.24,156,172
PBAL6061-C1500T1-1/4S2,"2""",1500,AL-6061,"1-1/4""",1.25,5.1,3.87,5.42,62,69
PB304-C1500T1-3/8S2,"2""",1500,304,"1-3/8""",1.375,5.55,12.62,17.67,133,147
PBSA36-C1500T1-3/8S2,"2""",1500,SA-36,"1-3/8""",1.375,1.87,12.08,16.91,66,73
PBSA516-70-C1500T1-3/8S2,"2""",1500,SA-516-70,"1-3/8""",1.375,2.18,12.08,16.91,72,80
PB304L-C1500T1-3/8S2,"2""",1500,304L,"1-3/8""",1.375,6.01,12.62,17.67,141,156
PB316L-C1500T1-3/8S2,"2""",1500,316L,"1-3/8""",1.375,7.48,12.76,17.86,168,185
PBAL6061-C1500T1-3/8S2,"2""",1500,AL-6061,"1-3/8""",1.375,5.1,4.26,5.96,65,72
PB304-C1500T1-1/2S2,"2""",1500,304,"1-1/2""",1.5,5.55,13.77,19.28,142,157
PBSA36-C1500T1-1/2S2,"2""",1500,SA-36,"1-1/2""",1.5,1.87,13.18,18.45,69,76
PBSA516-70-C1500T1-1/2S2,"2""",1500,SA-516-70,"1-1/2""",1.5,2.18,13.18,18.45,75,83
PB304L-C1500T1-1/2S2,"2""",1500,304L,"1-1/2""",1.5,6.01,13.77,19.28,151,167
PB316L-C1500T1-1/2S2,"2""",1500,316L,"1-1/2""",1.5,7.48,13.92,19.49,181,200
PBAL6061-C1500T1-1/2S2,"2""",1500,AL-6061,"1-1/2""",1.5,5.1,4.64,6.5,68,75
PB304-C1500T1-5/8S2,"2""",1500,304,"1-5/8""",1.625,5.55,14.91,20.87,151,167
PBSA36-C1500T1-5/8S2,"2""",1500,SA-36,"1-5/8""",1.625,1.87,14.28,19.99,72,80
PBSA516-70-C1500T1-5/8S2,"2""",1500,SA-516-70,"1-5/8""",1.625,2.18,14.28,19.99,78,86
PB304L-C1500T1-5/8S2,"2""",1500,304L,"1-5/8""",1.625,6.01,14.91,20.87,160,176
PB316L-C1500T1-5/8S2,"2""",1500,316L,"1-5/8""",1.625,7.48,15.08,21.11,193,213
PBAL6061-C1500T1-5/8S2,"2""",1500,AL-6061,"1-5/8""",1.625,5.1,5.03,7.04,71,79
PB304-C1500T1-3/4S2,"2""",1500,304,"1-3/4""",1.75,5.55,16.06,22.48,160,176
PBSA36-C1500T1-3/4S2,"2""",1500,SA-36,"1-3/4""",1.75,1.87,15.37,21.52,75,83
PBSA516-70-C1500T1-3/4S2,"2""",1500,SA-516-70,"1-3/4""",1.75,2.18,15.37,21.52,82,91
PB304L-C1500T1-3/4S2,"2""",1500,304L,"1-3/4""",1.75,6.01,16.06,22.48,170,188
PB316L-C1500T1-3/4S2,"2""",1500,316L,"1-3/4""",1.75,7.48,16.24,22.74,205,226
PBAL6061-C1500T1-3/4S2,"2""",1500,AL-6061,"1-3/4""",1.75,5.1,5.42,7.59,74,82
PB304-C1500T1-7/8S2,"2""",1500,304,"1-7/8""",1.875,5.55,17.21,24.09,169,186
PBSA36-C1500T1-7/8S2,"2""",1500,SA-36,"1-7/8""",1.875,1.87,16.47,23.06,78,86
PBSA516-70-C1500T1-7/8S2,"2""",1500,SA-516-70,"1-7/8""",1.875,2.18,16.47,23.06,85,94
PB304L-C1500T1-7/8S2,"2""",1500,304L,"1-7/8""",1.875,6.01,17.21,24.09,180,199
PB316L-C1500T1-7/8S2,"2""",1500,316L,"1-7/8""",1.875,7.48,17.4,24.36,217,239
PBAL6061-C1500T1-7/8S2,"2""",1500,AL-6061,"1-7/8""",1.875,5.1,5.8,8.12,76,84
PB304-C1500T2S2,"2""",1500,304,"2""",2,5.55,18.36,25.7,177,195
PBSA36-C1500T2S2,"2""",1500,SA-36,"2""",2,1.87,17.57,24.6,81,90
PBSA516-70-C1500T2S2,"2""",1500,SA-516-70,"2""",2,2.18,17.57,24.6,88,97
PB304L-C1500T2S2,"2""",1500,304L,"2""",2,6.01,18.36,25.7,189,208
PB316L-C1500T2S2,"2""",1500,316L,"2""",2,7.48,18.56,25.98,229,252
PBAL6061-C1500T2S2,"2""",1500,AL-6061,"2""",2,5.1,6.19,8.67,79,87
PB304-C1500T2-1/4S2,"2""",1500,304,"2-1/4""",2.25,5.55,20.65,28.91,195,215
PBSA36-C1500T2-1/4S2,"2""",1500,SA-36,"2-1/4""",2.25,1.87,19.77,27.68,87,96
PBSA516-70-C1500T2-1/4S2,"2""",1500,SA-516-70,"2-1/4""",2.25,2.18,19.77,27.68,95,105
PB304L-C1500T2-1/4S2,"2""",1500,304L,"2-1/4""",2.25,6.01,20.65,28.91,209,230
PB316L-C1500T2-1/4S2,"2""",1500,316L,"2-1/4""",2.25,7.48,20.89,29.25,254,280
PBAL6061-C1500T2-1/4S2,"2""",1500,AL-6061,"2-1/4""",2.25,5.1,6.96,9.74,85,94
PB304-C1500T2-1/2S2,"2""",1500,304,"2-1/2""",2.5,5.55,22.95,32.13,213,235
PBSA36-C1500T2-1/2S2,"2""",1500,SA-36,"2-1/2""",2.5,1.87,21.96,30.74,92,102
PBSA516-70-C1500T2-1/2S2,"2""",1500,SA-516-70,"2-1/2""",2.5,2.18,21.96,30.74,102,113
PB304L-C1500T2-1/2S2,"2""",1500,304L,"2-1/2""",2.5,6.01,22.95,32.13,228,251
PB316L-C1500T2-1/2S2,"2""",1500,316L,"2-1/2""",2.5,7.48,23.21,32.49,278,306
PBAL6061-C1500T2-1/2S2,"2""",1500,AL-6061,"2-1/2""",2.5,5.1,7.74,10.84,90,100
PB304-C1500T3S2,"2""",1500,304,"3""",3,5.55,27.53,38.54,249,274
PBSA36-C1500T3S2,"2""",1500,SA-36,"3""",3,1.87,26.36,36.9,104,115
PBSA516-70-C1500T3S2,"2""",1500,SA-516-70,"3""",3,2.18,26.36,36.9,115,127
PB304L-C1500T3S2,"2""",1500,304L,"3""",3,6.01,27.53,38.54,266,293
PB316L-C1500T3S2,"2""",1500,316L,"3""",3,7.48,27.85,38.99,326,359
PBAL6061-C1500T3S2,"2""",1500,AL-6061,"3""",3,5.1,9.29,13.01,101,112
PB304-C1500T11GAS2-1/2,"2-1/2""",1500,304,11 Gauge,0.1196,5.55,1.46,2.04,46,51
PBSA36-C1500T11GAS2-1/2,"2-1/2""",1500,SA-36,11 Gauge,0.1196,1.87,1.4,1.96,39,43
PBSA516-70-C1500T11GAS2-1/2,"2-1/2""",1500,SA-516-70,11 Gauge,0.1196,2.18,1.4,1.96,39,43
PB304L-C1500T11GAS2-1/2,"2-1/2""",1500,304L,11 Gauge,0.1196,6.01,1.46,2.04,47,52
PB316L-C1500T11GAS2-1/2,"2-1/2""",1500,316L,11 Gauge,0.1196,7.48,1.48,2.07,50,56
PBAL6061-C1500T11GAS2-1/2,"2-1/2""",1500,AL-6061,11 Gauge,0.1196,5.1,0.49,0.69,38,42
PB304-C1500T1/8S2-1/2,"2-1/2""",1500,304,"1/8""",0.125,5.55,1.53,2.14,47,52
PBSA36-C1500T1/8S2-1/2,"2-1/2""",1500,SA-36,"1/8""",0.125,1.87,1.46,2.04,39,43
PBSA516-70-C1500T1/8S2-1/2,"2-1/2""",1500,SA-516-70,"1/8""",0.125,2.18,1.46,2.04,39,43
PB304L-C1500T1/8S2-1/2,"2-1/2""",1500,304L,"1/8""",0.125,6.01,1.53,2.14,48,53
PB316L-C1500T1/8S2-1/2,"2-1/2""",1500,316L,"1/8""",0.125,7.48,1.54,2.16,51,57
PBAL6061-C1500T1/8S2-1/2,"2-1/2""",1500,AL-6061,"1/8""",0.125,5.1,0.51,0.71,38,42
PB304-C1500T3/16S2-1/2,"2-1/2""",1500,304,"3/16""",0.1875,5.55,2.29,3.21,53,59
PBSA36-C1500T3/16S2-1/2,"2-1/2""",1500,SA-36,"3/16""",0.1875,1.87,2.19,3.07,41,46
PBSA516-70-C1500T3/16S2-1/2,"2-1/2""",1500,SA-516-70,"3/16""",0.1875,2.18,2.19,3.07,42,47
PB304L-C1500T3/16S2-1/2,"2-1/2""",1500,304L,"3/16""",0.1875,6.01,2.29,3.21,54,60
PB316L-C1500T3/16S2-1/2,"2-1/2""",1500,316L,"3/16""",0.1875,7.48,2.31,3.23,59,65
PBAL6061-C1500T3/16S2-1/2,"2-1/2""",1500,AL-6061,"3/16""",0.1875,5.1,0.77,1.08,40,44
PB304-C1500T1/4S2-1/2,"2-1/2""",1500,304,"1/4""",0.25,5.55,3.05,4.27,59,65
PBSA36-C1500T1/4S2-1/2,"2-1/2""",1500,SA-36,"1/4""",0.25,1.87,2.92,4.09,42,47
PBSA516-70-C1500T1/4S2-1/2,"2-1/2""",1500,SA-516-70,"1/4""",0.25,2.18,2.92,4.09,44,49
PB304L-C1500T1/4S2-1/2,"2-1/2""",1500,304L,"1/4""",0.25,6.01,3.05,4.27,61,68
PB316L-C1500T1/4S2-1/2,"2-1/2""",1500,316L,"1/4""",0.25,7.48,3.09,4.33,67,74
PBAL6061-C1500T1/4S2-1/2,"2-1/2""",1500,AL-6061,"1/4""",0.25,5.1,1.03,1.44,42,47
PB304-C1500T5/16S2-1/2,"2-1/2""",1500,304,"5/16""",0.3125,5.55,3.81,5.33,64,71
PBSA36-C1500T5/16S2-1/2,"2-1/2""",1500,SA-36,"5/16""",0.3125,1.87,3.65,5.11,44,49
PBSA516-70-C1500T5/16S2-1/2,"2-1/2""",1500,SA-516-70,"5/16""",0.3125,2.18,3.65,5.11,46,51
PB304L-C1500T5/16S2-1/2,"2-1/2""",1500,304L,"5/16""",0.3125,6.01,3.81,5.33,67,74
PB316L-C1500T5/16S2-1/2,"2-1/2""",1500,316L,"5/16""",0.3125,7.48,3.86,5.4,75,83
PBAL6061-C1500T5/16S2-1/2,"2-1/2""",1500,AL-6061,"5/16""",0.3125,5.1,1.29,1.81,44,49
PB304-C1500T3/8S2-1/2,"2-1/2""",1500,304,"3/8""",0.375,5.55,4.58,6.41,70,77
PBSA36-C1500T3/8S2-1/2,"2-1/2""",1500,SA-36,"3/8""",0.375,1.87,4.38,6.13,46,51
PBSA516-70-C1500T3/8S2-1/2,"2-1/2""",1500,SA-516-70,"3/8""",0.375,2.18,4.38,6.13,48,53
PB304L-C1500T3/8S2-1/2,"2-1/2""",1500,304L,"3/8""",0.375,6.01,4.58,6.41,73,81
PB316L-C1500T3/8S2-1/2,"2-1/2""",1500,316L,"3/8""",0.375,7.48,4.63,6.48,83,92
PBAL6061-C1500T3/8S2-1/2,"2-1/2""",1500,AL-6061,"3/8""",0.375,5.1,1.54,2.16,46,51
PB304-C1500T1/2S2-1/2,"2-1/2""",1500,304,"1/2""",0.5,5.55,6.1,8.54,82,91
PBSA36-C1500T1/2S2-1/2,"2-1/2""",1500,SA-36,"1/2""",0.5,1.87,5.84,8.18,50,56
PBSA516-70-C1500T1/2S2-1/2,"2-1/2""",1500,SA-516-70,"1/2""",0.5,2.18,5.84,8.18,53,59
PB304L-C1500T1/2S2-1/2,"2-1/2""",1500,304L,"1/2""",0.5,6.01,6.1,8.54,86,95
PB316L-C1500T1/2S2-1/2,"2-1/2""",1500,316L,"1/2""",0.5,7.48,6.17,8.64,99,109
PBAL6061-C1500T1/2S2-1/2,"2-1/2""",1500,AL-6061,"1/2""",0.5,5.1,2.06,2.88,50,56
PB304-C1500T5/8S2-1/2,"2-1/2""",1500,304,"5/8""",0.625,5.55,7.63,10.68,94,104
PBSA36-C1500T5/8S2-1/2,"2-1/2""",1500,SA-36,"5/8""",0.625,1.87,7.3,10.22,54,60
PBSA516-70-C1500T5/8S2-1/2,"2-1/2""",1500,SA-516-70,"5/8""",0.625,2.18,7.3,10.22,57,63
PB304L-C1500T5/8S2-1/2,"2-1/2""",1500,304L,"5/8""",0.625,6.01,7.63,10.68,99,109
PB316L-C1500T5/8S2-1/2,"2-1/2""",1500,316L,"5/8""",0.625,7.48,7.71,10.79,116,128
PBAL6061-C1500T5/8S2-1/2,"2-1/2""",1500,AL-6061,"5/8""",0.625,5.1,2.57,3.6,53,59
PB304-C1500T3/4S2-1/2,"2-1/2""",1500,304,"3/4""",0.75,5.55,9.15,12.81,106,117
PBSA36-C1500T3/4S2-1/2,"2-1/2""",1500,SA-36,"3/4""",0.75,1.87,8.76,12.26,58,64
PBSA516-70-C1500T3/4S2-1/2,"2-1/2""",1500,SA-516-70,"3/4""",0.75,2.18,8.76,12.26,62,69
PB304L-C1500T3/4S2-1/2,"2-1/2""",1500,304L,"3/4""",0.75,6.01,9.15,12.81,112,124
PB316L-C1500T3/4S2-1/2,"2-1/2""",1500,316L,"3/4""",0.75,7.48,9.26,12.96,132,146
PBAL6061-C1500T3/4S2-1/2,"2-1/2""",1500,AL-6061,"3/4""",0.75,5.1,3.09,4.33,57,63
PB304-C1500T7/8S2-1/2,"2-1/2""",1500,304,"7/8""",0.875,5.55,10.68,14.95,118,130
PBSA36-C1500T7/8S2-1/2,"2-1/2""",1500,SA-36,"7/8""",0.875,1.87,10.22,14.31,62,69
PBSA516-70-C1500T7/8S2-1/2,"2-1/2""",1500,SA-516-70,"7/8""",0.875,2.18,10.22,14.31,66,73
PB304L-C1500T7/8S2-1/2,"2-1/2""",1500,304L,"7/8""",0.875,6.01,10.68,14.95,125,138
PB316L-C1500T7/8S2-1/2,"2-1/2""",1500,316L,"7/8""",0.875,7.48,10.8,15.12,148,163
PBAL6061-C1500T7/8S2-1/2,"2-1/2""",1500,AL-6061,"7/8""",0.875,5.1,3.6,5.04,61,68
PB304-C1500T1S2-1/2,"2-1/2""",1500,304,"1""",1,5.55,12.2,17.08,130,143
PBSA36-C1500T1S2-1/2,"2-1/2""",1500,SA-36,"1""",1,1.87,11.68,16.35,65,72
PBSA516-70-C1500T1S2-1/2,"2-1/2""",1500,SA-516-70,"1""",1,2.18,11.68,16.35,70,77
PB304L-C1500T1S2-1/2,"2-1/2""",1500,304L,"1""",1,6.01,12.2,17.08,137,151
PB316L-C1500T1S2-1/2,"2-1/2""",1500,316L,"1""",1,7.48,12.34,17.28,164,181
PBAL6061-C1500T1S2-1/2,"2-1/2""",1500,AL-6061,"1""",1,5.1,4.12,5.77,64,71
PB304-C1500T1-1/8S2-1/2,"2-1/2""",1500,304,"1-1/8""",1.125,5.55,13.73,19.22,142,157
PBSA36-C1500T1-1/8S2-1/2,"2-1/2""",1500,SA-36,"1-1/8""",1.125,1.87,13.14,18.4,69,76
PBSA516-70-C1500T1-1/8S2-1/2,"2-1/2""",1500,SA-516-70,"1-1/8""",1.125,2.18,13.14,18.4,75,83
PB304L-C1500T1-1/8S2-1/2,"2-1/2""",1500,304L,"1-1/8""",1.125,6.01,13.73,19.22,150,165
PB316L-C1500T1-1/8S2-1/2,"2-1/2""",1500,316L,"1-1/8""",1.125,7.48,13.88,19.43,180,199
PBAL6061-C1500T1-1/8S2-1/2,"2-1/2""",1500,AL-6061,"1-1/8""",1.125,5.1,4.63,6.48,68,75
PB304-C1500T1-1/4S2-1/2,"2-1/2""",1500,304,"1-1/4""",1.25,5.55,15.25,21.35,153,169
PBSA36-C1500T1-1/4S2-1/2,"2-1/2""",1500,SA-36,"1-1/4""",1.25,1.87,14.6,20.44,73,81
PBSA516-70-C1500T1-1/4S2-1/2,"2-1/2""",1500,SA-516-70,"1-1/4""",1.25,2.18,14.6,20.44,79,87
PB304L-C1500T1-1/4S2-1/2,"2-1/2""",1500,304L,"1-1/4""",1.25,6.01,15.25,21.35,163,180
PB316L-C1500T1-1/4S2-1/2,"2-1/2""",1500,316L,"1-1/4""",1.25,7.48,15.43,21.6,196,216
PBAL6061-C1500T1-1/4S2-1/2,"2-1/2""",1500,AL-6061,"1-1/4""",1.25,5.1,5.14,7.2,72,80
PB304-C1500T1-3/8S2-1/2,"2-1/2""",1500,304,"1-3/8""",1.375,5.55,16.78,23.49,165,182
PBSA36-C1500T1-3/8S2-1/2,"2-1/2""",1500,SA-36,"1-3/8""",1.375,1.87,16.06,22.48,77,85
PBSA516-70-C1500T1-3/8S2-1/2,"2-1/2""",1500,SA-516-70,"1-3/8""",1.375,2.18,16.06,22.48,84,93
PB304L-C1500T1-3/8S2-1/2,"2-1/2""",1500,304L,"1-3/8""",1.375,6.01,16.78,23.49,176,194
PB316L-C1500T1-3/8S2-1/2,"2-1/2""",1500,316L,"1-3/8""",1.375,7.48,16.97,23.76,213,235
PBAL6061-C1500T1-3/8S2-1/2,"2-1/2""",1500,AL-6061,"1-3/8""",1.375,5.1,5.66,7.92,75,83
PB304-C1500T1-1/2S2-1/2,"2-1/2""",1500,304,"1-1/2""",1.5,5.55,18.3,25.62,177,195
PBSA36-C1500T1-1/2S2-1/2,"2-1/2""",1500,SA-36,"1-1/2""",1.5,1.87,17.52,24.53,81,90
PBSA516-70-C1500T1-1/2S2-1/2,"2-1/2""",1500,SA-516-70,"1-1/2""",1.5,2.18,17.52,24.53,88,97
PB304L-C1500T1-1/2S2-1/2,"2-1/2""",1500,304L,"1-1/2""",1.5,6.01,18.3,25.62,189,208
PB316L-C1500T1-1/2S2-1/2,"2-1/2""",1500,316L,"1-1/2""",1.5,7.48,18.51,25.91,229,252
PBAL6061-C1500T1-1/2S2-1/2,"2-1/2""",1500,AL-6061,"1-1/2""",1.5,5.1,6.17,8.64,79,87
PB304-C1500T1-5/8S2-1/2,"2-1/2""",1500,304,"1-5/8""",1.625,5.55,19.83,27.76,189,208
PBSA36-C1500T1-5/8S2-1/2,"2-1/2""",1500,SA-36,"1-5/8""",1.625,1.87,18.98,26.57,85,94
PBSA516-70-C1500T1-5/8S2-1/2,"2-1/2""",1500,SA-516-70,"1-5/8""",1.625,2.18,18.98,26.57,93,103
PB304L-C1500T1-5/8S2-1/2,"2-1/2""",1500,304L,"1-5/8""",1.625,6.01,19.83,27.76,202,223
PB316L-C1500T1-5/8S2-1/2,"2-1/2""",1500,316L,"1-5/8""",1.625,7.48,20.05,28.07,245,270
PBAL6061-C1500T1-5/8S2-1/2,"2-1/2""",1500,AL-6061,"1-5/8""",1.625,5.1,6.69,9.37,83,92
PB304-C1500T1-3/4S2-1/2,"2-1/2""",1500,304,"1-3/4""",1.75,5.55,21.35,29.89,201,222
PBSA36-C1500T1-3/4S2-1/2,"2-1/2""",1500,SA-36,"1-3/4""",1.75,1.87,20.44,28.62,88,97
PBSA516-70-C1500T1-3/4S2-1/2,"2-1/2""",1500,SA-516-70,"1-3/4""",1.75,2.18,20.44,28.62,97,107
PB304L-C1500T1-3/4S2-1/2,"2-1/2""",1500,304L,"1-3/4""",1.75,6.01,21.35,29.89,214,236
PB316L-C1500T1-3/4S2-1/2,"2-1/2""",1500,316L,"1-3/4""",1.75,7.48,21.6,30.24,261,288
PBAL6061-C1500T1-3/4S2-1/2,"2-1/2""",1500,AL-6061,"1-3/4""",1.75,5.1,7.2,10.08,86,95
PB304-C1500T1-7/8S2-1/2,"2-1/2""",1500,304,"1-7/8""",1.875,5.55,22.88,32.03,213,235
PBSA36-C1500T1-7/8S2-1/2,"2-1/2""",1500,SA-36,"1-7/8""",1.875,1.87,21.9,30.66,92,102
PBSA516-70-C1500T1-7/8S2-1/2,"2-1/2""",1500,SA-516-70,"1-7/8""",1.875,2.18,21.9,30.66,102,113
PB304L-C1500T1-7/8S2-1/2,"2-1/2""",1500,304L,"1-7/8""",1.875,6.01,22.88,32.03,227,250
PB316L-C1500T1-7/8S2-1/2,"2-1/2""",1500,316L,"1-7/8""",1.875,7.48,23.14,32.4,277,305
PBAL6061-C1500T1-7/8S2-1/2,"2-1/2""",1500,AL-6061,"1-7/8""",1.875,5.1,7.72,10.81,90,100
PB304-C1500T2S2-1/2,"2-1/2""",1500,304,"2""",2,5.55,24.4,34.16,224,247
PBSA36-C1500T2S2-1/2,"2-1/2""",1500,SA-36,"2""",2,1.87,23.36,32.7,96,106
PBSA516-70-C1500T2S2-1/2,"2-1/2""",1500,SA-516-70,"2""",2,2.18,23.36,32.7,106,117
PB304L-C1500T2S2-1/2,"2-1/2""",1500,304L,"2""",2,6.01,24.4,34.16,240,264
PB316L-C1500T2S2-1/2,"2-1/2""",1500,316L,"2""",2,7.48,24.68,34.55,293,323
PBAL6061-C1500T2S2-1/2,"2-1/2""",1500,AL-6061,"2""",2,5.1,8.23,11.52,94,104
PB304-C1500T2-1/4S2-1/2,"2-1/2""",1500,304,"2-1/4""",2.25,5.55,27.45,38.43,248,273
PBSA36-C1500T2-1/4S2-1/2,"2-1/2""",1500,SA-36,"2-1/4""",2.25,1.87,26.28,36.79,104,115
PBSA516-70-C1500T2-1/4S2-1/2,"2-1/2""",1500,SA-516-70,"2-1/4""",2.25,2.18,26.28,36.79,115,127
PB304L-C1500T2-1/4S2-1/2,"2-1/2""",1500,304L,"2-1/4""",2.25,6.01,27.45,38.43,266,293
PB316L-C1500T2-1/4S2-1/2,"2-1/2""",1500,316L,"2-1/4""",2.25,7.48,27.77,38.88,326,359
PBAL6061-C1500T2-1/4S2-1/2,"2-1/2""",1500,AL-6061,"2-1/4""",2.25,5.1,9.26,12.96,101,112
PB304-C1500T2-1/2S2-1/2,"2-1/2""",1500,304,"2-1/2""",2.5,5.55,30.5,42.7,272,300
PBSA36-C1500T2-1/2S2-1/2,"2-1/2""",1500,SA-36,"2-1/2""",2.5,1.87,29.2,40.88,111,123
PBSA516-70-C1500T2-1/2S2-1/2,"2-1/2""",1500,SA-516-70,"2-1/2""",2.5,2.18,29.2,40.88,124,137
PB304L-C1500T2-1/2S2-1/2,"2-1/2""",1500,304L,"2-1/2""",2.5,6.01,30.5,42.7,291,321
PB316L-C1500T2-1/2S2-1/2,"2-1/2""",1500,316L,"2-1/2""",2.5,7.48,30.85,43.19,358,394
PBAL6061-C1500T2-1/2S2-1/2,"2-1/2""",1500,AL-6061,"2-1/2""",2.5,5.1,10.29,14.41,108,119
PB304-C1500T3S2-1/2,"2-1/2""",1500,304,"3""",3,5.55,36.61,51.25,319,351
PBSA36-C1500T3S2-1/2,"2-1/2""",1500,SA-36,"3""",3,1.87,35.04,49.06,127,140
PBSA516-70-C1500T3S2-1/2,"2-1/2""",1500,SA-516-70,"3""",3,2.18,35.04,49.06,142,157
PB304L-C1500T3S2-1/2,"2-1/2""",1500,304L,"3""",3,6.01,36.61,51.25,343,378
PB316L-C1500T3S2-1/2,"2-1/2""",1500,316L,"3""",3,7.48,37.02,51.83,423,466
PBAL6061-C1500T3S2-1/2,"2-1/2""",1500,AL-6061,"3""",3,5.1,12.35,17.29,123,136
PB304-C1500T11GAS3,"3""",1500,304,11 Gauge,0.1196,5.55,1.63,2.28,48,53
PBSA36-C1500T11GAS3,"3""",1500,SA-36,11 Gauge,0.1196,1.87,1.56,2.18,39,43
PBSA516-70-C1500T11GAS3,"3""",1500,SA-516-70,11 Gauge,0.1196,2.18,1.56,2.18,40,44
PB304L-C1500T11GAS3,"3""",1500,304L,11 Gauge,0.1196,6.01,1.63,2.28,49,54
PB316L-C1500T11GAS3,"3""",1500,316L,11 Gauge,0.1196,7.48,1.65,2.31,52,58
PBAL6061-C1500T11GAS3,"3""",1500,AL-6061,11 Gauge,0.1196,5.1,0.55,0.77,39,43
PB304-C1500T1/8S3,"3""",1500,304,"1/8""",0.125,5.55,1.71,2.39,48,53
PBSA36-C1500T1/8S3,"3""",1500,SA-36,"1/8""",0.125,1.87,1.64,2.3,39,43
PBSA516-70-C1500T1/8S3,"3""",1500,SA-516-70,"1/8""",0.125,2.18,1.64,2.3,40,44
PB304L-C1500T1/8S3,"3""",1500,304L,"1/8""",0.125,6.01,1.71,2.39,49,54
PB316L-C1500T1/8S3,"3""",1500,316L,"1/8""",0.125,7.48,1.73,2.42,53,59
PBAL6061-C1500T1/8S3,"3""",1500,AL-6061,"1/8""",0.125,5.1,0.58,0.81,39,43
PB304-C1500T3/16S3,"3""",1500,304,"3/16""",0.1875,5.55,2.56,3.58,55,61
PBSA36-C1500T3/16S3,"3""",1500,SA-36,"3/16""",0.1875,1.87,2.45,3.43,41,46
PBSA516-70-C1500T3/16S3,"3""",1500,SA-516-70,"3/16""",0.1875,2.18,2.45,3.43,42,47
PB304L-C1500T3/16S3,"3""",1500,304L,"3/16""",0.1875,6.01,2.56,3.58,56,62
PB316L-C1500T3/16S3,"3""",1500,316L,"3/16""",0.1875,7.48,2.59,3.63,62,69
PBAL6061-C1500T3/16S3,"3""",1500,AL-6061,"3/16""",0.1875,5.1,0.86,1.2,41,46
PB304-C1500T1/4S3,"3""",1500,304,"1/4""",0.25,5.55,3.42,4.79,61,68
PBSA36-C1500T1/4S3,"3""",1500,SA-36,"1/4""",0.25,1.87,3.27,4.58,43,48
PBSA516-70-C1500T1/4S3,"3""",1500,SA-516-70,"1/4""",0.25,2.18,3.27,4.58,45,50
PB304L-C1500T1/4S3,"3""",1500,304L,"1/4""",0.25,6.01,3.42,4.79,64,71
PB316L-C1500T1/4S3,"3""",1500,316L,"1/4""",0.25,7.48,3.46,4.84,71,79
PBAL6061-C1500T1/4S3,"3""",1500,AL-6061,"1/4""",0.25,5.1,1.15,1.61,43,48
PB304-C1500T5/16S3,"3""",1500,304,"5/16""",0.3125,5.55,4.27,5.98,68,75
PBSA36-C1500T5/16S3,"3""",1500,SA-36,"5/16""",0.3125,1.87,4.09,5.73,46,51
PBSA516-70-C1500T5/16S3,"3""",1500,SA-516-70,"5/16""",0.3125,2.18,4.09,5.73,47,52
PB304L-C1500T5/16S3,"3""",1500,304L,"5/16""",0.3125,6.01,4.27,5.98,71,79
PB316L-C1500T5/16S3,"3""",1500,316L,"5/16""",0.3125,7.48,4.32,6.05,80,88
PBAL6061-C1500T5/16S3,"3""",1500,AL-6061,"5/16""",0.3125,5.1,1.44,2.02,45,50
PB304-C1500T3/8S3,"3""",1500,304,"3/8""",0.375,5.55,5.12,7.17,75,83
PBSA36-C1500T3/8S3,"3""",1500,SA-36,"3/8""",0.375,1.87,4.91,6.87,48,53
PBSA516-70-C1500T3/8S3,"3""",1500,SA-516-70,"3/8""",0.375,2.18,4.91,6.87,50,56
PB304L-C1500T3/8S3,"3""",1500,304L,"3/8""",0.375,6.01,5.12,7.17,78,86
PB316L-C1500T3/8S3,"3""",1500,316L,"3/8""",0.375,7.48,5.18,7.25,89,98
PBAL6061-C1500T3/8S3,"3""",1500,AL-6061,"3/8""",0.375,5.1,1.73,2.42,47,52
PB304-C1500T1/2S3,"3""",1500,304,"1/2""",0.5,5.55,6.83,9.56,88,97
PBSA36-C1500T1/2S3,"3""",1500,SA-36,"1/2""",0.5,1.87,6.54,9.16,52,58
PBSA516-70-C1500T1/2S3,"3""",1500,SA-516-70,"1/2""",0.5,2.18,6.54,9.16,55,61
PB304L-C1500T1/2S3,"3""",1500,304L,"1/2""",0.5,6.01,6.83,9.56,92,102
PB316L-C1500T1/2S3,"3""",1500,316L,"1/2""",0.5,7.48,6.91,9.67,107,118
PBAL6061-C1500T1/2S3,"3""",1500,AL-6061,"1/2""",0.5,5.1,2.3,3.22,51,57
PB304-C1500T5/8S3,"3""",1500,304,"5/8""",0.625,5.55,8.54,11.96,101,112
PBSA36-C1500T5/8S3,"3""",1500,SA-36,"5/8""",0.625,1.87,8.18,11.45,56,62
PBSA516-70-C1500T5/8S3,"3""",1500,SA-516-70,"5/8""",0.625,2.18,8.18,11.45,60,66
PB304L-C1500T5/8S3,"3""",1500,304L,"5/8""",0.625,6.01,8.54,11.96,107,118
PB316L-C1500T5/8S3,"3""",1500,316L,"5/8""",0.625,7.48,8.64,12.1,125,138
PBAL6061-C1500T5/8S3,"3""",1500,AL-6061,"5/8""",0.625,5.1,2.88,4.03,55,61
PB304-C1500T3/4S3,"3""",1500,304,"3/4""",0.75,5.55,10.25,14.35,114,126
PBSA36-C1500T3/4S3,"3""",1500,SA-36,"3/4""",0.75,1.87,9.81,13.73,61,68
PBSA516-70-C1500T3/4S3,"3""",1500,SA-516-70,"3/4""",0.75,2.18,9.81,13.73,65,72
PB304L-C1500T3/4S3,"3""",1500,304L,"3/4""",0.75,6.01,10.25,14.35,121,134
PB316L-C1500T3/4S3,"3""",1500,316L,"3/4""",0.75,7.48,10.37,14.52,143,158
PBAL6061-C1500T3/4S3,"3""",1500,AL-6061,"3/4""",0.75,5.1,3.46,4.84,60,66
PB304-C1500T7/8S3,"3""",1500,304,"7/8""",0.875,5.55,11.96,16.74,128,141
PBSA36-C1500T7/8S3,"3""",1500,SA-36,"7/8""",0.875,1.87,11.45,16.03,65,72
PBSA516-70-C1500T7/8S3,"3""",1500,SA-516-70,"7/8""",0.875,2.18,11.45,16.03,70,77
PB304L-C1500T7/8S3,"3""",1500,304L,"7/8""",0.875,6.01,11.96,16.74,135,149
PB316L-C1500T7/8S3,"3""",1500,316L,"7/8""",0.875,7.48,12.09,16.93,161,178
PBAL6061-C1500T7/8S3,"3""",1500,AL-6061,"7/8""",0.875,5.1,4.03,5.64,64,71
PB304-C1500T1S3,"3""",1500,304,"1""",1,5.55,13.66,19.12,141,156
PBSA36-C1500T1S3,"3""",1500,SA-36,"1""",1,1.87,13.08,18.31,69,76
PBSA516-70-C1500T1S3,"3""",1500,SA-516-70,"1""",1,2.18,13.08,18.31,75,83
PB304L-C1500T1S3,"3""",1500,304L,"1""",1,6.01,13.66,19.12,150,165
PB316L-C1500T1S3,"3""",1500,316L,"1""",1,7.48,13.82,19.35,180,199
PBAL6061-C1500T1S3,"3""",1500,AL-6061,"1""",1,5.1,4.61,6.45,68,75
PB304-C1500T1-1/8S3,"3""",1500,304,"1-1/8""",1.125,5.55,15.37,21.52,154,170
PBSA36-C1500T1-1/8S3,"3""",1500,SA-36,"1-1/8""",1.125,1.87,14.72,20.61,73,81
PBSA516-70-C1500T1-1/8S3,"3""",1500,SA-516-70,"1-1/8""",1.125,2.18,14.72,20.61,80,88
PB304L-C1500T1-1/8S3,"3""",1500,304L,"1-1/8""",1.125,6.01,15.37,21.52,164,181
PB316L-C1500T1-1/8S3,"3""",1500,316L,"1-1/8""",1.125,7.48,15.55,21.77,198,218
PBAL6061-C1500T1-1/8S3,"3""",1500,AL-6061,"1-1/8""",1.125,5.1,5.18,7.25,72,80
PB304-C1500T1-1/4S3,"3""",1500,304,"1-1/4""",1.25,5.55,17.08,23.91,168,185
PBSA36-C1500T1-1/4S3,"3""",1500,SA-36,"1-1/4""",1.25,1.87,16.35,22.89,78,86
PBSA516-70-C1500T1-1/4S3,"3""",1500,SA-516-70,"1-1/4""",1.25,2.18,16.35,22.89,85,94
PB304L-C1500T1-1/4S3,"3""",1500,304L,"1-1/4""",1.25,6.01,17.08,23.91,179,197
PB316L-C1500T1-1/4S3,"3""",1500,316L,"1-1/4""",1.25,7.48,17.28,24.19,216,238
PBAL6061-C1500T1-1/4S3,"3""",1500,AL-6061,"1-1/4""",1.25,5.1,5.76,8.06,76,84
PB304-C1500T1-3/8S3,"3""",1500,304,"1-3/8""",1.375,5.55,18.79,26.31,181,200
PBSA36-C1500T1-3/8S3,"3""",1500,SA-36,"1-3/8""",1.375,1.87,17.99,25.19,82,91
PBSA516-70-C1500T1-3/8S3,"3""",1500,SA-516-70,"1-3/8""",1.375,2.18,17.99,25.19,90,100
PB304L-C1500T1-3/8S3,"3""",1500,304L,"1-3/8""",1.375,6.01,18.79,26.31,193,213
PB316L-C1500T1-3/8S3,"3""",1500,316L,"1-3/8""",1.375,7.48,19,26.6,234,258
PBAL6061-C1500T1-3/8S3,"3""",1500,AL-6061,"1-3/8""",1.375,5.1,6.34,8.88,80,88
PB304-C1500T1-1/2S3,"3""",1500,304,"1-1/2""",1.5,5.55,20.5,28.7,194,214
PBSA36-C1500T1-1/2S3,"3""",1500,SA-36,"1-1/2""",1.5,1.87,19.62,27.47,86,95
PBSA516-70-C1500T1-1/2S3,"3""",1500,SA-516-70,"1-1/2""",1.5,2.18,19.62,27.47,95,105
PB304L-C1500T1-1/2S3,"3""",1500,304L,"1-1/2""",1.5,6.01,20.5,28.7,207,228
PB316L-C1500T1-1/2S3,"3""",1500,316L,"1-1/2""",1.5,7.48,20.73,29.02,252,278
PBAL6061-C1500T1-1/2S3,"3""",1500,AL-6061,"1-1/2""",1.5,5.1,6.91,9.67,84,93
PB304-C1500T1-5/8S3,"3""",1500,304,"1-5/8""",1.625,5.55,22.21,31.09,207,228
PBSA36-C1500T1-5/8S3,"3""",1500,SA-36,"1-5/8""",1.625,1.87,21.26,29.76,90,100
PBSA516-70-C1500T1-5/8S3,"3""",1500,SA-516-70,"1-5/8""",1.625,2.18,21.26,29.76,100,111
PB304L-C1500T1-5/8S3,"3""",1500,304L,"1-5/8""",1.625,6.01,22.21,31.09,222,245
PB316L-C1500T1-5/8S3,"3""",1500,316L,"1-5/8""",1.625,7.48,22.46,31.44,270,297
PBAL6061-C1500T1-5/8S3,"3""",1500,AL-6061,"1-5/8""",1.625,5.1,7.49,10.49,88,97
PB304-C1500T1-3/4S3,"3""",1500,304,"1-3/4""",1.75,5.55,23.91,33.47,221,244
PBSA36-C1500T1-3/4S3,"3""",1500,SA-36,"1-3/4""",1.75,1.87,22.89,32.05,95,105
PBSA516-70-C1500T1-3/4S3,"3""",1500,SA-516-70,"1-3/4""",1.75,2.18,22.89,32.05,105,116
PB304L-C1500T1-3/4S3,"3""",1500,304L,"1-3/4""",1.75,6.01,23.91,33.47,236,260
PB316L-C1500T1-3/4S3,"3""",1500,316L,"1-3/4""",1.75,7.48,24.19,33.87,288,317
PBAL6061-C1500T1-3/4S3,"3""",1500,AL-6061,"1-3/4""",1.75,5.1,8.07,11.3,92,102
PB304-C1500T1-7/8S3,"3""",1500,304,"1-7/8""",1.875,5.55,25.62,35.87,234,258
PBSA36-C1500T1-7/8S3,"3""",1500,SA-36,"1-7/8""",1.875,1.87,24.53,34.34,99,109
PBSA516-70-C1500T1-7/8S3,"3""",1500,SA-516-70,"1-7/8""",1.875,2.18,24.53,34.34,110,122
PB304L-C1500T1-7/8S3,"3""",1500,304L,"1-7/8""",1.875,6.01,25.62,35.87,250,275
PB316L-C1500T1-7/8S3,"3""",1500,316L,"1-7/8""",1.875,7.48,25.91,36.27,306,337
PBAL6061-C1500T1-7/8S3,"3""",1500,AL-6061,"1-7/8""",1.875,5.1,8.64,12.1,97,107
PB304-C1500T2S3,"3""",1500,304,"2""",2,5.55,27.33,38.26,247,272
PBSA36-C1500T2S3,"3""",1500,SA-36,"2""",2,1.87,26.16,36.62,103,114
PBSA516-70-C1500T2S3,"3""",1500,SA-516-70,"2""",2,2.18,26.16,36.62,115,127
PB304L-C1500T2S3,"3""",1500,304L,"2""",2,6.01,27.33,38.26,265,292
PB316L-C1500T2S3,"3""",1500,316L,"2""",2,7.48,27.64,38.7,324,357
PBAL6061-C1500T2S3,"3""",1500,AL-6061,"2""",2,5.1,9.22,12.91,101,112
PB304-C1500T2-1/4S3,"3""",1500,304,"2-1/4""",2.25,5.55,30.75,43.05,274,302
PBSA36-C1500T2-1/4S3,"3""",1500,SA-36,"2-1/4""",2.25,1.87,29.43,41.2,112,124
PBSA516-70-C1500T2-1/4S3,"3""",1500,SA-516-70,"2-1/4""",2.25,2.18,29.43,41.2,125,138
PB304L-C1500T2-1/4S3,"3""",1500,304L,"2-1/4""",2.25,6.01,30.75,43.05,294,324
PB316L-C1500T2-1/4S3,"3""",1500,316L,"2-1/4""",2.25,7.48,31.1,43.54,361,398
PBAL6061-C1500T2-1/4S3,"3""",1500,AL-6061,"2-1/4""",2.25,5.1,10.37,14.52,109,120
PB304-C1500T2-1/2S3,"3""",1500,304,"2-1/2""",2.5,5.55,34.16,47.82,300,330
PBSA36-C1500T2-1/2S3,"3""",1500,SA-36,"2-1/2""",2.5,1.87,32.7,45.78,120,132
PBSA516-70-C1500T2-1/2S3,"3""",1500,SA-516-70,"2-1/2""",2.5,2.18,32.7,45.78,135,149
PB304L-C1500T2-1/2S3,"3""",1500,304L,"2-1/2""",2.5,6.01,34.16,47.82,322,355
PB316L-C1500T2-1/2S3,"3""",1500,316L,"2-1/2""",2.5,7.48,34.55,48.37,397,437
PBAL6061-C1500T2-1/2S3,"3""",1500,AL-6061,"2-1/2""",2.5,5.1,11.52,16.13,117,129
PB304-C1500T3S3,"3""",1500,304,"3""",3,5.55,40.99,57.39,353,389
PBSA36-C1500T3S3,"3""",1500,SA-36,"3""",3,1.87,39.24,54.94,138,152
PBSA516-70-C1500T3S3,"3""",1500,SA-516-70,"3""",3,2.18,39.24,54.94,155,171
PB304L-C1500T3S3,"3""",1500,304L,"3""",3,6.01,40.99,57.39,380,419
PB316L-C1500T3S3,"3""",1500,316L,"3""",3,7.48,41.46,58.04,469,516
PBAL6061-C1500T3S3,"3""",1500,AL-6061,"3""",3,5.1,13.83,19.36,134,148
PB304-C1500T11GAS4,"4""",1500,304,11 Gauge,0.1196,5.55,2.34,3.28,53,59
PBSA36-C1500T11GAS4,"4""",1500,SA-36,11 Gauge,0.1196,1.87,2.24,3.14,41,46
PBSA516-70-C1500T11GAS4,"4""",1500,SA-516-70,11 Gauge,0.1196,2.18,2.24,3.14,42,47
PB304L-C1500T11GAS4,"4""",1500,304L,11 Gauge,0.1196,6.01,2.34,3.28,55,61
PB316L-C1500T11GAS4,"4""",1500,316L,11 Gauge,0.1196,7.48,2.36,3.3,60,66
PBAL6061-C1500T11GAS4,"4""",1500,AL-6061,11 Gauge,0.1196,5.1,0.79,1.11,41,46
PB304-C1500T1/8S4,"4""",1500,304,"1/8""",0.125,5.55,2.44,3.42,54,60
PBSA36-C1500T1/8S4,"4""",1500,SA-36,"1/8""",0.125,1.87,2.34,3.28,41,46
PBSA516-70-C1500T1/8S4,"4""",1500,SA-516-70,"1/8""",0.125,2.18,2.34,3.28,42,47
PB304L-C1500T1/8S4,"4""",1500,304L,"1/8""",0.125,6.01,2.44,3.42,55,61
PB316L-C1500T1/8S4,"4""",1500,316L,"1/8""",0.125,7.48,2.47,3.46,61,68
PBAL6061-C1500T1/8S4,"4""",1500,AL-6061,"1/8""",0.125,5.1,0.82,1.15,41,46
PB304-C1500T3/16S4,"4""",1500,304,"3/16""",0.1875,5.55,3.66,5.12,63,70
PBSA36-C1500T3/16S4,"4""",1500,SA-36,"3/16""",0.1875,1.87,3.51,4.91,44,49
PBSA516-70-C1500T3/16S4,"4""",1500,SA-516-70,"3/16""",0.1875,2.18,3.51,4.91,46,51
PB304L-C1500T3/16S4,"4""",1500,304L,"3/16""",0.1875,6.01,3.66,5.12,66,73
PB316L-C1500T3/16S4,"4""",1500,316L,"3/16""",0.1875,7.48,3.7,5.18,74,82
PBAL6061-C1500T3/16S4,"4""",1500,AL-6061,"3/16""",0.1875,5.1,1.24,1.74,44,49
PB304-C1500T1/4S4,"4""",1500,304,"1/4""",0.25,5.55,4.88,6.83,73,81
PBSA36-C1500T1/4S4,"4""",1500,SA-36,"1/4""",0.25,1.87,4.68,6.55,47,52
PBSA516-70-C1500T1/4S4,"4""",1500,SA-516-70,"1/4""",0.25,2.18,4.68,6.55,49,54
PB304L-C1500T1/4S4,"4""",1500,304L,"1/4""",0.25,6.01,4.88,6.83,76,84
PB316L-C1500T1/4S4,"4""",1500,316L,"1/4""",0.25,7.48,4.94,6.92,87,96
PBAL6061-C1500T1/4S4,"4""",1500,AL-6061,"1/4""",0.25,5.1,1.65,2.31,47,52
PB304-C1500T5/16S4,"4""",1500,304,"5/16""",0.3125,5.55,6.11,8.55,82,91
PBSA36-C1500T5/16S4,"4""",1500,SA-36,"5/16""",0.3125,1.87,5.84,8.18,50,56
PBSA516-70-C1500T5/16S4,"4""",1500,SA-516-70,"5/16""",0.3125,2.18,5.84,8.18,53,59
PB304L-C1500T5/16S4,"4""",1500,304L,"5/16""",0.3125,6.01,6.11,8.55,86,95
PB316L-C1500T5/16S4,"4""",1500,316L,"5/16""",0.3125,7.48,6.17,8.64,99,109
PBAL6061-C1500T5/16S4,"4""",1500,AL-6061,"5/16""",0.3125,5.1,2.06,2.88,50,56
PB304-C1500T3/8S4,"4""",1500,304,"3/8""",0.375,5.55,7.33,10.26,92,102
PBSA36-C1500T3/8S4,"4""",1500,SA-36,"3/8""",0.375,1.87,7.01,9.81,53,59
PBSA516-70-C1500T3/8S4,"4""",1500,SA-516-70,"3/8""",0.375,2.18,7.01,9.81,56,62
PB304L-C1500T3/8S4,"4""",1500,304L,"3/8""",0.375,6.01,7.33,10.26,97,107
PB316L-C1500T3/8S4,"4""",1500,316L,"3/8""",0.375,7.48,7.41,10.37,112,124
PBAL6061-C1500T3/8S4,"4""",1500,AL-6061,"3/8""",0.375,5.1,2.47,3.46,52,58
PB304-C1500T1/2S4,"4""",1500,304,"1/2""",0.5,5.55,9.77,13.68,111,123
PBSA36-C1500T1/2S4,"4""",1500,SA-36,"1/2""",0.5,1.87,9.35,13.09,59,65
PBSA516-70-C1500T1/2S4,"4""",1500,SA-516-70,"1/2""",0.5,2.18,9.35,13.09,63,70
PB304L-C1500T1/2S4,"4""",1500,304L,"1/2""",0.5,6.01,9.77,13.68,117,129
PB316L-C1500T1/2S4,"4""",1500,316L,"1/2""",0.5,7.48,9.88,13.83,138,152
PBAL6061-C1500T1/2S4,"4""",1500,AL-6061,"1/2""",0.5,5.1,3.29,4.61,58,64
PB304-C1500T5/8S4,"4""",1500,304,"5/8""",0.625,5.55,12.21,17.09,130,143
PBSA36-C1500T5/8S4,"4""",1500,SA-36,"5/8""",0.625,1.87,11.69,16.37,65,72
PBSA516-70-C1500T5/8S4,"4""",1500,SA-516-70,"5/8""",0.625,2.18,11.69,16.37,71,79
PB304L-C1500T5/8S4,"4""",1500,304L,"5/8""",0.625,6.01,12.21,17.09,138,152
PB316L-C1500T5/8S4,"4""",1500,316L,"5/8""",0.625,7.48,12.35,17.29,164,181
PBAL6061-C1500T5/8S4,"4""",1500,AL-6061,"5/8""",0.625,5.1,4.12,5.77,64,71
PB304-C1500T3/4S4,"4""",1500,304,"3/4""",0.75,5.55,14.65,20.51,149,164
PBSA36-C1500T3/4S4,"4""",1500,SA-36,"3/4""",0.75,1.87,14.03,19.64,72,80
PBSA516-70-C1500T3/4S4,"4""",1500,SA-516-70,"3/4""",0.75,2.18,14.03,19.64,78,86
PB304L-C1500T3/4S4,"4""",1500,304L,"3/4""",0.75,6.01,14.65,20.51,158,174
PB316L-C1500T3/4S4,"4""",1500,316L,"3/4""",0.75,7.48,14.82,20.75,190,210
PBAL6061-C1500T3/4S4,"4""",1500,AL-6061,"3/4""",0.75,5.1,4.94,6.92,70,77
PB304-C1500T7/8S4,"4""",1500,304,"7/8""",0.875,5.55,17.09,23.93,168,185
PBSA36-C1500T7/8S4,"4""",1500,SA-36,"7/8""",0.875,1.87,16.36,22.9,78,86
PBSA516-70-C1500T7/8S4,"4""",1500,SA-516-70,"7/8""",0.875,2.18,16.36,22.9,85,94
PB304L-C1500T7/8S4,"4""",1500,304L,"7/8""",0.875,6.01,17.09,23.93,179,197
PB316L-C1500T7/8S4,"4""",1500,316L,"7/8""",0.875,7.48,17.29,24.21,216,238
PBAL6061-C1500T7/8S4,"4""",1500,AL-6061,"7/8""",0.875,5.1,5.77,8.08,76,84
PB304-C1500T1S4,"4""",1500,304,"1""",1,5.55,19.54,27.36,187,206
PBSA36-C1500T1S4,"4""",1500,SA-36,"1""",1,1.87,18.7,26.18,84,93
PBSA516-70-C1500T1S4,"4""",1500,SA-516-70,"1""",1,2.18,18.7,26.18,92,102
PB304L-C1500T1S4,"4""",1500,304L,"1""",1,6.01,19.54,27.36,199,219
PB316L-C1500T1S4,"4""",1500,316L,"1""",1,7.48,19.76,27.66,242,267
PBAL6061-C1500T1S4,"4""",1500,AL-6061,"1""",1,5.1,6.59,9.23,82,91
PB304-C1500T1-1/8S4,"4""",1500,304,"1-1/8""",1.125,5.55,21.98,30.77,206,227
PBSA36-C1500T1-1/8S4,"4""",1500,SA-36,"1-1/8""",1.125,1.87,21.04,29.46,90,100
PBSA516-70-C1500T1-1/8S4,"4""",1500,SA-516-70,"1-1/8""",1.125,2.18,21.04,29.46,99,109
PB304L-C1500T1-1/8S4,"4""",1500,304L,"1-1/8""",1.125,6.01,21.98,30.77,220,243
PB316L-C1500T1-1/8S4,"4""",1500,316L,"1-1/8""",1.125,7.48,22.23,31.12,268,295
PBAL6061-C1500T1-1/8S4,"4""",1500,AL-6061,"1-1/8""",1.125,5.1,7.41,10.37,88,97
PB304-C1500T1-1/4S4,"4""",1500,304,"1-1/4""",1.25,5.55,24.42,34.19,225,248
PBSA36-C1500T1-1/4S4,"4""",1500,SA-36,"1-1/4""",1.25,1.87,23.38,32.73,96,106
PBSA516-70-C1500T1-1/4S4,"4""",1500,SA-516-70,"1-1/4""",1.25,2.18,23.38,32.73,106,117
PB304L-C1500T1-1/4S4,"4""",1500,304L,"1-1/4""",1.25,6.01,24.42,34.19,240,264
PB316L-C1500T1-1/4S4,"4""",1500,316L,"1-1/4""",1.25,7.48,24.7,34.58,294,324
PBAL6061-C1500T1-1/4S4,"4""",1500,AL-6061,"1-1/4""",1.25,5.1,8.24,11.54,94,104
PB304-C1500T1-3/8S4,"4""",1500,304,"1-3/8""",1.375,5.55,26.86,37.6,244,269
PBSA36-C1500T1-3/8S4,"4""",1500,SA-36,"1-3/8""",1.375,1.87,25.71,35.99,102,113
PBSA516-70-C1500T1-3/8S4,"4""",1500,SA-516-70,"1-3/8""",1.375,2.18,25.71,35.99,113,125
PB304L-C1500T1-3/8S4,"4""",1500,304L,"1-3/8""",1.375,6.01,26.86,37.6,261,288
PB316L-C1500T1-3/8S4,"4""",1500,316L,"1-3/8""",1.375,7.48,27.17,38.04,319,351
PBAL6061-C1500T1-3/8S4,"4""",1500,AL-6061,"1-3/8""",1.375,5.1,9.06,12.68,100,111
PB304-C1500T1-1/2S4,"4""",1500,304,"1-1/2""",1.5,5.55,29.31,41.03,263,290
PBSA36-C1500T1-1/2S4,"4""",1500,SA-36,"1-1/2""",1.5,1.87,28.05,39.27,108,119
PBSA516-70-C1500T1-1/2S4,"4""",1500,SA-516-70,"1-1/2""",1.5,2.18,28.05,39.27,120,132
PB304L-C1500T1-1/2S4,"4""",1500,304L,"1-1/2""",1.5,6.01,29.31,41.03,281,310
PB316L-C1500T1-1/2S4,"4""",1500,316L,"1-1/2""",1.5,7.48,29.64,41.5,345,380
PBAL6061-C1500T1-1/2S4,"4""",1500,AL-6061,"1-1/2""",1.5,5.1,9.88,13.83,105,116
PB304-C1500T1-5/8S4,"4""",1500,304,"1-5/8""",1.625,5.55,31.75,44.45,282,311
PBSA36-C1500T1-5/8S4,"4""",1500,SA-36,"1-5/8""",1.625,1.87,30.39,42.55,114,126
PBSA516-70-C1500T1-5/8S4,"4""",1500,SA-516-70,"1-5/8""",1.625,2.18,30.39,42.55,128,141
PB304L-C1500T1-5/8S4,"4""",1500,304L,"1-5/8""",1.625,6.01,31.75,44.45,302,333
PB316L-C1500T1-5/8S4,"4""",1500,316L,"1-5/8""",1.625,7.48,32.11,44.95,371,409
PBAL6061-C1500T1-5/8S4,"4""",1500,AL-6061,"1-5/8""",1.625,5.1,10.71,14.99,111,123
PB304-C1500T1-3/4S4,"4""",1500,304,"1-3/4""",1.75,5.55,34.19,47.87,301,332
PBSA36-C1500T1-3/4S4,"4""",1500,SA-36,"1-3/4""",1.75,1.87,32.73,45.82,121,134
PBSA516-70-C1500T1-3/4S4,"4""",1500,SA-516-70,"1-3/4""",1.75,2.18,32.73,45.82,135,149
PB304L-C1500T1-3/4S4,"4""",1500,304L,"1-3/4""",1.75,6.01,34.19,47.87,323,356
PB316L-C1500T1-3/4S4,"4""",1500,316L,"1-3/4""",1.75,7.48,34.58,48.41,397,437
PBAL6061-C1500T1-3/4S4,"4""",1500,AL-6061,"1-3/4""",1.75,5.1,11.53,16.14,117,129
PB304-C1500T1-7/8S4,"4""",1500,304,"1-7/8""",1.875,5.55,36.63,51.28,319,351
PBSA36-C1500T1-7/8S4,"4""",1500,SA-36,"1-7/8""",1.875,1.87,35.07,49.1,127,140
PBSA516-70-C1500T1-7/8S4,"4""",1500,SA-516-70,"1-7/8""",1.875,2.18,35.07,49.1,142,157
PB304L-C1500T1-7/8S4,"4""",1500,304L,"1-7/8""",1.875,6.01,36.63,51.28,343,378
PB316L-C1500T1-7/8S4,"4""",1500,316L,"1-7/8""",1.875,7.48,37.05,51.87,423,466
PBAL6061-C1500T1-7/8S4,"4""",1500,AL-6061,"1-7/8""",1.875,5.1,12.36,17.3,123,136
PB304-C1500T2S4,"4""",1500,304,"2""",2,5.55,39.07,54.7,338,372
PBSA36-C1500T2S4,"4""",1500,SA-36,"2""",2,1.87,37.4,52.36,133,147
PBSA516-70-C1500T2S4,"4""",1500,SA-516-70,"2""",2,2.18,37.4,52.36,149,164
PB304L-C1500T2S4,"4""",1500,304L,"2""",2,6.01,39.07,54.7,364,401
PB316L-C1500T2S4,"4""",1500,316L,"2""",2,7.48,39.52,55.33,449,494
PBAL6061-C1500T2S4,"4""",1500,AL-6061,"2""",2,5.1,13.18,18.45,129,142
PB304-C1500T2-1/4S4,"4""",1500,304,"2-1/4""",2.25,5.55,43.96,61.54,376,414
PBSA36-C1500T2-1/4S4,"4""",1500,SA-36,"2-1/4""",2.25,1.87,42.08,58.91,145,160
PBSA516-70-C1500T2-1/4S4,"4""",1500,SA-516-70,"2-1/4""",2.25,2.18,42.08,58.91,163,180
PB304L-C1500T2-1/4S4,"4""",1500,304L,"2-1/4""",2.25,6.01,43.96,61.54,405,446
PB316L-C1500T2-1/4S4,"4""",1500,316L,"2-1/4""",2.25,7.48,44.46,62.24,500,550
PBAL6061-C1500T2-1/4S4,"4""",1500,AL-6061,"2-1/4""",2.25,5.1,14.83,20.76,141,156
PB304-C1500T2-1/2S4,"4""",1500,304,"2-1/2""",2.5,5.55,48.84,68.38,414,456
PBSA36-C1500T2-1/2S4,"4""",1500,SA-36,"2-1/2""",2.5,1.87,46.75,65.45,157,173
PBSA516-70-C1500T2-1/2S4,"4""",1500,SA-516-70,"2-1/2""",2.5,2.18,46.75,65.45,178,196
PB304L-C1500T2-1/2S4,"4""",1500,304L,"2-1/2""",2.5,6.01,48.84,68.38,446,491
PB316L-C1500T2-1/2S4,"4""",1500,316L,"2-1/2""",2.5,7.48,49.4,69.16,552,608
PBAL6061-C1500T2-1/2S4,"4""",1500,AL-6061,"2-1/2""",2.5,5.1,16.47,23.06,152,168
PB304-C1500T3S4,"4""",1500,304,"3""",3,5.55,58.61,82.05,490,539
PBSA36-C1500T3S4,"4""",1500,SA-36,"3""",3,1.87,56.1,78.54,182,201
PBSA516-70-C1500T3S4,"4""",1500,SA-516-70,"3""",3,2.18,56.1,78.54,206,227
PB304L-C1500T3S4,"4""",1500,304L,"3""",3,6.01,58.61,82.05,528,581
PB316L-C1500T3S4,"4""",1500,316L,"3""",3,7.48,59.28,82.99,656,722
PBAL6061-C1500T3S4,"4""",1500,AL-6061,"3""",3,5.1,19.77,27.68,176,194
PB304-C1500T11GAS6,"6""",1500,304,11 Gauge,0.1196,5.55,4.2,5.88,67,74
PBSA36-C1500T11GAS6,"6""",1500,SA-36,11 Gauge,0.1196,1.87,4.02,5.63,45,50
PBSA516-70-C1500T11GAS6,"6""",1500,SA-516-70,11 Gauge,0.1196,2.18,4.02,5.63,47,52
PB304L-C1500T11GAS6,"6""",1500,304L,11 Gauge,0.1196,6.01,4.2,5.88,70,77
PB316L-C1500T11GAS6,"6""",1500,316L,11 Gauge,0.1196,7.48,4.24,5.94,79,87
PBAL6061-C1500T11GAS6,"6""",1500,AL-6061,11 Gauge,0.1196,5.1,1.42,1.99,45,50
PB304-C1500T1/8S6,"6""",1500,304,"1/8""",0.125,5.55,4.39,6.15,69,76
PBSA36-C1500T1/8S6,"6""",1500,SA-36,"1/8""",0.125,1.87,4.2,5.88,46,51
PBSA516-70-C1500T1/8S6,"6""",1500,SA-516-70,"1/8""",0.125,2.18,4.2,5.88,48,53
PB304L-C1500T1/8S6,"6""",1500,304L,"1/8""",0.125,6.01,4.39,6.15,72,80
PB316L-C1500T1/8S6,"6""",1500,316L,"1/8""",0.125,7.48,4.44,6.22,81,90
PBAL6061-C1500T1/8S6,"6""",1500,AL-6061,"1/8""",0.125,5.1,1.48,2.07,45,50
PB304-C1500T3/16S6,"6""",1500,304,"3/16""",0.1875,5.55,6.58,9.21,86,95
PBSA36-C1500T3/16S6,"6""",1500,SA-36,"3/16""",0.1875,1.87,6.3,8.82,51,57
PBSA516-70-C1500T3/16S6,"6""",1500,SA-516-70,"3/16""",0.1875,2.18,6.3,8.82,54,60
PB304L-C1500T3/16S6,"6""",1500,304L,"3/16""",0.1875,6.01,6.58,9.21,90,100
PB316L-C1500T3/16S6,"6""",1500,316L,"3/16""",0.1875,7.48,6.65,9.31,104,115
PBAL6061-C1500T3/16S6,"6""",1500,AL-6061,"3/16""",0.1875,5.1,2.22,3.11,51,57
PB304-C1500T1/4S6,"6""",1500,304,"1/4""",0.25,5.55,8.77,12.28,103,114
PBSA36-C1500T1/4S6,"6""",1500,SA-36,"1/4""",0.25,1.87,8.4,11.76,57,63
PBSA516-70-C1500T1/4S6,"6""",1500,SA-516-70,"1/4""",0.25,2.18,8.4,11.76,60,66
PB304L-C1500T1/4S6,"6""",1500,304L,"1/4""",0.25,6.01,8.77,12.28,109,120
PB316L-C1500T1/4S6,"6""",1500,316L,"1/4""",0.25,7.48,8.87,12.42,128,141
PBAL6061-C1500T1/4S6,"6""",1500,AL-6061,"1/4""",0.25,5.1,2.96,4.14,56,62
PB304-C1500T5/16S6,"6""",1500,304,"5/16""",0.3125,5.55,10.96,15.34,120,132
PBSA36-C1500T5/16S6,"6""",1500,SA-36,"5/16""",0.3125,1.87,10.49,14.69,62,69
PBSA516-70-C1500T5/16S6,"6""",1500,SA-516-70,"5/16""",0.3125,2.18,10.49,14.69,67,74
PB304L-C1500T5/16S6,"6""",1500,304L,"5/16""",0.3125,6.01,10.96,15.34,127,140
PB316L-C1500T5/16S6,"6""",1500,316L,"5/16""",0.3125,7.48,11.09,15.53,151,167
PBAL6061-C1500T5/16S6,"6""",1500,AL-6061,"5/16""",0.3125,5.1,3.7,5.18,61,68
PB304-C1500T3/8S6,"6""",1500,304,"3/8""",0.375,5.55,13.16,18.42,137,151
PBSA36-C1500T3/8S6,"6""",1500,SA-36,"3/8""",0.375,1.87,12.59,17.63,68,75
PBSA516-70-C1500T3/8S6,"6""",1500,SA-516-70,"3/8""",0.375,2.18,12.59,17.63,73,81
PB304L-C1500T3/8S6,"6""",1500,304L,"3/8""",0.375,6.01,13.16,18.42,146,161
PB316L-C1500T3/8S6,"6""",1500,316L,"3/8""",0.375,7.48,13.31,18.63,174,192
PBAL6061-C1500T3/8S6,"6""",1500,AL-6061,"3/8""",0.375,5.1,4.44,6.22,67,74
PB304-C1500T1/2S6,"6""",1500,304,"1/2""",0.5,5.55,17.54,24.56,171,189
PBSA36-C1500T1/2S6,"6""",1500,SA-36,"1/2""",0.5,1.87,16.79,23.51,79,87
PBSA516-70-C1500T1/2S6,"6""",1500,SA-516-70,"1/2""",0.5,2.18,16.79,23.51,86,95
PB304L-C1500T1/2S6,"6""",1500,304L,"1/2""",0.5,6.01,17.54,24.56,182,201
PB316L-C1500T1/2S6,"6""",1500,316L,"1/2""",0.5,7.48,17.74,24.84,221,244
PBAL6061-C1500T1/2S6,"6""",1500,AL-6061,"1/2""",0.5,5.1,5.92,8.29,77,85
PB304-C1500T5/8S6,"6""",1500,304,"5/8""",0.625,5.55,21.93,30.7,205,226
PBSA36-C1500T5/8S6,"6""",1500,SA-36,"5/8""",0.625,1.87,20.99,29.39,90,100
PBSA516-70-C1500T5/8S6,"6""",1500,SA-516-70,"5/8""",0.625,2.18,20.99,29.39,99,109
PB304L-C1500T5/8S6,"6""",1500,304L,"5/8""",0.625,6.01,21.93,30.7,219,241
PB316L-C1500T5/8S6,"6""",1500,316L,"5/8""",0.625,7.48,22.18,31.05,267,294
PBAL6061-C1500T5/8S6,"6""",1500,AL-6061,"5/8""",0.625,5.1,7.4,10.36,88,97
PB304-C1500T3/4S6,"6""",1500,304,"3/4""",0.75,5.55,26.31,36.83,239,263
PBSA36-C1500T3/4S6,"6""",1500,SA-36,"3/4""",0.75,1.87,25.19,35.27,101,112
PBSA516-70-C1500T3/4S6,"6""",1500,SA-516-70,"3/4""",0.75,2.18,25.19,35.27,112,124
PB304L-C1500T3/4S6,"6""",1500,304L,"3/4""",0.75,6.01,26.31,36.83,256,282
PB316L-C1500T3/4S6,"6""",1500,316L,"3/4""",0.75,7.48,26.61,37.25,313,345
PBAL6061-C1500T3/4S6,"6""",1500,AL-6061,"3/4""",0.75,5.1,8.87,12.42,98,108
PB304-C1500T7/8S6,"6""",1500,304,"7/8""",0.875,5.55,30.7,42.98,273,301
PBSA36-C1500T7/8S6,"6""",1500,SA-36,"7/8""",0.875,1.87,29.38,41.13,112,124
PBSA516-70-C1500T7/8S6,"6""",1500,SA-516-70,"7/8""",0.875,2.18,29.38,41.13,125,138
PB304L-C1500T7/8S6,"6""",1500,304L,"7/8""",0.875,6.01,30.7,42.98,293,323
PB316L-C1500T7/8S6,"6""",1500,316L,"7/8""",0.875,7.48,31.05,43.47,360,397
PBAL6061-C1500T7/8S6,"6""",1500,AL-6061,"7/8""",0.875,5.1,10.35,14.49,109,120
PB304-C1500T1S6,"6""",1500,304,"1""",1,5.55,35.08,49.11,307,338
PBSA36-C1500T1S6,"6""",1500,SA-36,"1""",1,1.87,33.58,47.01,123,136
PBSA516-70-C1500T1S6,"6""",1500,SA-516-70,"1""",1,2.18,33.58,47.01,137,151
PB304L-C1500T1S6,"6""",1500,304L,"1""",1,6.01,35.08,49.11,330,364
PB316L-C1500T1S6,"6""",1500,316L,"1""",1,7.48,35.48,49.67,406,447
PBAL6061-C1500T1S6,"6""",1500,AL-6061,"1""",1,5.1,11.83,16.56,119,131
PB304-C1500T1-1/8S6,"6""",1500,304,"1-1/8""",1.125,5.55,39.47,55.26,342,377
PBSA36-C1500T1-1/8S6,"6""",1500,SA-36,"1-1/8""",1.125,1.87,37.78,52.89,134,148
PBSA516-70-C1500T1-1/8S6,"6""",1500,SA-516-70,"1-1/8""",1.125,2.18,37.78,52.89,150,165
PB304L-C1500T1-1/8S6,"6""",1500,304L,"1-1/8""",1.125,6.01,39.47,55.26,367,404
PB316L-C1500T1-1/8S6,"6""",1500,316L,"1-1/8""",1.125,7.48,39.92,55.89,453,499
PBAL6061-C1500T1-1/8S6,"6""",1500,AL-6061,"1-1/8""",1.125,5.1,13.31,18.63,130,143
PB304-C1500T1-1/4S6,"6""",1500,304,"1-1/4""",1.25,5.55,43.85,61.39,376,414
PBSA36-C1500T1-1/4S6,"6""",1500,SA-36,"1-1/4""",1.25,1.87,41.98,58.77,145,160
PBSA516-70-C1500T1-1/4S6,"6""",1500,SA-516-70,"1-1/4""",1.25,2.18,41.98,58.77,163,180
PB304L-C1500T1-1/4S6,"6""",1500,304L,"1-1/4""",1.25,6.01,43.85,61.39,404,445
PB316L-C1500T1-1/4S6,"6""",1500,316L,"1-1/4""",1.25,7.48,44.35,62.09,499,549
PBAL6061-C1500T1-1/4S6,"6""",1500,AL-6061,"1-1/4""",1.25,5.1,14.79,20.71,140,154
PB304-C1500T1-3/8S6,"6""",1500,304,"1-3/8""",1.375,5.55,48.24,67.54,410,452
PBSA36-C1500T1-3/8S6,"6""",1500,SA-36,"1-3/8""",1.375,1.87,46.18,64.65,156,172
PBSA516-70-C1500T1-3/8S6,"6""",1500,SA-516-70,"1-3/8""",1.375,2.18,46.18,64.65,176,194
PB304L-C1500T1-3/8S6,"6""",1500,304L,"1-3/8""",1.375,6.01,48.24,67.54,441,486
PB316L-C1500T1-3/8S6,"6""",1500,316L,"1-3/8""",1.375,7.48,48.79,68.31,546,601
PBAL6061-C1500T1-3/8S6,"6""",1500,AL-6061,"1-3/8""",1.375,5.1,16.27,22.78,151,167
PB304-C1500T1-1/2S6,"6""",1500,304,"1-1/2""",1.5,5.55,52.62,73.67,444,489
PBSA36-C1500T1-1/2S6,"6""",1500,SA-36,"1-1/2""",1.5,1.87,50.37,70.52,167,184
PBSA516-70-C1500T1-1/2S6,"6""",1500,SA-516-70,"1-1/2""",1.5,2.18,50.37,70.52,189,208
PB304L-C1500T1-1/2S6,"6""",1500,304L,"1-1/2""",1.5,6.01,52.62,73.67,478,526
PB316L-C1500T1-1/2S6,"6""",1500,316L,"1-1/2""",1.5,7.48,53.22,74.51,592,652
PBAL6061-C1500T1-1/2S6,"6""",1500,AL-6061,"1-1/2""",1.5,5.1,17.75,24.85,162,179
PB304-C1500T1-5/8S6,"6""",1500,304,"1-5/8""",1.625,5.55,57.01,79.81,478,526
PBSA36-C1500T1-5/8S6,"6""",1500,SA-36,"1-5/8""",1.625,1.87,54.57,76.4,178,196
PBSA516-70-C1500T1-5/8S6,"6""",1500,SA-516-70,"1-5/8""",1.625,2.18,54.57,76.4,201,222
PB304L-C1500T1-5/8S6,"6""",1500,304L,"1-5/8""",1.625,6.01,57.01,79.81,515,567
PB316L-C1500T1-5/8S6,"6""",1500,316L,"1-5/8""",1.625,7.48,57.66,80.72,639,703
PBAL6061-C1500T1-5/8S6,"6""",1500,AL-6061,"1-5/8""",1.625,5.1,19.23,26.92,172,190
PB304-C1500T1-3/4S6,"6""",1500,304,"1-3/4""",1.75,5.55,61.39,85.95,512,564
PBSA36-C1500T1-3/4S6,"6""",1500,SA-36,"1-3/4""",1.75,1.87,58.77,82.28,189,208
PBSA516-70-C1500T1-3/4S6,"6""",1500,SA-516-70,"1-3/4""",1.75,2.18,58.77,82.28,214,236
PB304L-C1500T1-3/4S6,"6""",1500,304L,"1-3/4""",1.75,6.01,61.39,85.95,551,607
PB316L-C1500T1-3/4S6,"6""",1500,316L,"1-3/4""",1.75,7.48,62.09,86.93,685,754
PBAL6061-C1500T1-3/4S6,"6""",1500,AL-6061,"1-3/4""",1.75,5.1,20.71,28.99,183,202
PB304-C1500T1-7/8S6,"6""",1500,304,"1-7/8""",1.875,5.55,65.78,92.09,546,601
PBSA36-C1500T1-7/8S6,"6""",1500,SA-36,"1-7/8""",1.875,1.87,62.97,88.16,200,221
PBSA516-70-C1500T1-7/8S6,"6""",1500,SA-516-70,"1-7/8""",1.875,2.18,62.97,88.16,227,250
PB304L-C1500T1-7/8S6,"6""",1500,304L,"1-7/8""",1.875,6.01,65.78,92.09,588,647
PB316L-C1500T1-7/8S6,"6""",1500,316L,"1-7/8""",1.875,7.48,66.53,93.14,732,806
PBAL6061-C1500T1-7/8S6,"6""",1500,AL-6061,"1-7/8""",1.875,5.1,22.19,31.07,193,213
PB304-C1500T2S6,"6""",1500,304,"2""",2,5.55,70.17,98.24,580,638
PBSA36-C1500T2S6,"6""",1500,SA-36,"2""",2,1.87,67.16,94.02,211,233
PBSA516-70-C1500T2S6,"6""",1500,SA-516-70,"2""",2,2.18,67.16,94.02,240,264
PB304L-C1500T2S6,"6""",1500,304L,"2""",2,6.01,70.17,98.24,625,688
PB316L-C1500T2S6,"6""",1500,316L,"2""",2,7.48,70.96,99.34,778,856
PBAL6061-C1500T2S6,"6""",1500,AL-6061,"2""",2,5.1,23.67,33.14,204,225
PB304-C1500T2-1/4S6,"6""",1500,304,"2-1/4""",2.25,5.55,78.94,110.52,648,713
PBSA36-C1500T2-1/4S6,"6""",1500,SA-36,"2-1/4""",2.25,1.87,75.56,105.78,233,257
PBSA516-70-C1500T2-1/4S6,"6""",1500,SA-516-70,"2-1/4""",2.25,2.18,75.56,105.78,265,292
PB304L-C1500T2-1/4S6,"6""",1500,304L,"2-1/4""",2.25,6.01,78.94,110.52,699,769
PB316L-C1500T2-1/4S6,"6""",1500,316L,"2-1/4""",2.25,7.48,79.83,111.76,871,959
PBAL6061-C1500T2-1/4S6,"6""",1500,AL-6061,"2-1/4""",2.25,5.1,26.62,37.27,225,248
PB304-C1500T2-1/2S6,"6""",1500,304,"2-1/2""",2.5,5.55,87.71,122.79,716,788
PBSA36-C1500T2-1/2S6,"6""",1500,SA-36,"2-1/2""",2.5,1.87,83.95,117.53,255,281
PBSA516-70-C1500T2-1/2S6,"6""",1500,SA-516-70,"2-1/2""",2.5,2.18,83.95,117.53,291,321
PB304L-C1500T2-1/2S6,"6""",1500,304L,"2-1/2""",2.5,6.01,87.71,122.79,773,851
PB316L-C1500T2-1/2S6,"6""",1500,316L,"2-1/2""",2.5,7.48,88.7,124.18,964,1061
PBAL6061-C1500T2-1/2S6,"6""",1500,AL-6061,"2-1/2""",2.5,5.1,29.58,41.41,246,271
PB304-C1500T3S6,"6""",1500,304,"3""",3,5.55,105.25,147.35,853,939
PBSA36-C1500T3S6,"6""",1500,SA-36,"3""",3,1.87,100.75,141.05,299,329
PBSA516-70-C1500T3S6,"6""",1500,SA-516-70,"3""",3,2.18,100.75,141.05,342,377
PB304L-C1500T3S6,"6""",1500,304L,"3""",3,6.01,105.25,147.35,920,1013
PB316L-C1500T3S6,"6""",1500,316L,"3""",3,7.48,106.44,149.02,1150,1265
PBAL6061-C1500T3S6,"6""",1500,AL-6061,"3""",3,5.1,35.5,49.7,288,317
PB304-C1500T11GAS8,"8""",1500,304,11 Gauge,0.1196,5.55,6.5,9.1,85,94
PBSA36-C1500T11GAS8,"8""",1500,SA-36,11 Gauge,0.1196,1.87,6.22,8.71,51,57
PBSA516-70-C1500T11GAS8,"8""",1500,SA-516-70,11 Gauge,0.1196,2.18,6.22,8.71,54,60
PB304L-C1500T11GAS8,"8""",1500,304L,11 Gauge,0.1196,6.01,6.5,9.1,90,100
PB316L-C1500T11GAS8,"8""",1500,316L,11 Gauge,0.1196,7.48,6.57,9.2,104,115
PBAL6061-C1500T11GAS8,"8""",1500,AL-6061,11 Gauge,0.1196,5.1,2.19,3.07,51,57
PB304-C1500T1/8S8,"8""",1500,304,"1/8""",0.125,5.55,6.79,9.51,88,97
PBSA36-C1500T1/8S8,"8""",1500,SA-36,"1/8""",0.125,1.87,6.5,9.1,52,58
PBSA516-70-C1500T1/8S8,"8""",1500,SA-516-70,"1/8""",0.125,2.18,6.5,9.1,55,61
PB304L-C1500T1/8S8,"8""",1500,304L,"1/8""",0.125,6.01,6.79,9.51,92,102
PB316L-C1500T1/8S8,"8""",1500,316L,"1/8""",0.125,7.48,6.87,9.62,107,118
PBAL6061-C1500T1/8S8,"8""",1500,AL-6061,"1/8""",0.125,5.1,2.29,3.21,51,57
PB304-C1500T3/16S8,"8""",1500,304,"3/16""",0.1875,5.55,10.18,14.25,114,126
PBSA36-C1500T3/16S8,"8""",1500,SA-36,"3/16""",0.1875,1.87,9.75,13.65,60,66
PBSA516-70-C1500T3/16S8,"8""",1500,SA-516-70,"3/16""",0.1875,2.18,9.75,13.65,65,72
PB304L-C1500T3/16S8,"8""",1500,304L,"3/16""",0.1875,6.01,10.18,14.25,120,132
PB316L-C1500T3/16S8,"8""",1500,316L,"3/16""",0.1875,7.48,10.3,14.42,143,158
PBAL6061-C1500T3/16S8,"8""",1500,AL-6061,"3/16""",0.1875,5.1,3.43,4.8,59,65
PB304-C1500T1/4S8,"8""",1500,304,"1/4""",0.25,5.55,13.58,19.01,140,154
PBSA36-C1500T1/4S8,"8""",1500,SA-36,"1/4""",0.25,1.87,13,18.2,69,76
PBSA516-70-C1500T1/4S8,"8""",1500,SA-516-70,"1/4""",0.25,2.18,13,18.2,75,83
PB304L-C1500T1/4S8,"8""",1500,304L,"1/4""",0.25,6.01,13.58,19.01,149,164
PB316L-C1500T1/4S8,"8""",1500,316L,"1/4""",0.25,7.48,13.73,19.22,179,197
PBAL6061-C1500T1/4S8,"8""",1500,AL-6061,"1/4""",0.25,5.1,4.58,6.41,68,75
PB304-C1500T5/16S8,"8""",1500,304,"5/16""",0.3125,5.55,16.97,23.76,167,184
PBSA36-C1500T5/16S8,"8""",1500,SA-36,"5/16""",0.3125,1.87,16.25,22.75,77,85
PBSA516-70-C1500T5/16S8,"8""",1500,SA-516-70,"5/16""",0.3125,2.18,16.25,22.75,84,93
PB304L-C1500T5/16S8,"8""",1500,304L,"5/16""",0.3125,6.01,16.97,23.76,178,196
PB316L-C1500T5/16S8,"8""",1500,316L,"5/16""",0.3125,7.48,17.16,24.02,215,237
PBAL6061-C1500T5/16S8,"8""",1500,AL-6061,"5/16""",0.3125,5.1,5.72,8.01,76,84
PB304-C1500T3/8S8,"8""",1500,304,"3/8""",0.375,5.55,20.37,28.52,193,213
PBSA36-C1500T3/8S8,"8""",1500,SA-36,"3/8""",0.375,1.87,19.49,27.29,86,95
PBSA516-70-C1500T3/8S8,"8""",1500,SA-516-70,"3/8""",0.375,2.18,19.49,27.29,94,104
PB304L-C1500T3/8S8,"8""",1500,304L,"3/8""",0.375,6.01,20.37,28.52,206,227
PB316L-C1500T3/8S8,"8""",1500,316L,"3/8""",0.375,7.48,20.6,28.84,251,277
PBAL6061-C1500T3/8S8,"8""",1500,AL-6061,"3/8""",0.375,5.1,6.87,9.62,84,93
PB304-C1500T1/2S8,"8""",1500,304,"1/2""",0.5,5.55,27.15,38.01,246,271
PBSA36-C1500T1/2S8,"8""",1500,SA-36,"1/2""",0.5,1.87,25.99,36.39,103,114
PBSA516-70-C1500T1/2S8,"8""",1500,SA-516-70,"1/2""",0.5,2.18,25.99,36.39,114,126
PB304L-C1500T1/2S8,"8""",1500,304L,"1/2""",0.5,6.01,27.15,38.01,263,290
PB316L-C1500T1/2S8,"8""",1500,316L,"1/2""",0.5,7.48,27.46,38.44,322,355
PBAL6061-C1500T1/2S8,"8""",1500,AL-6061,"1/2""",0.5,5.1,9.16,12.82,100,111
PB304-C1500T5/8S8,"8""",1500,304,"5/8""",0.625,5.55,33.94,47.52,299,329
PBSA36-C1500T5/8S8,"8""",1500,SA-36,"5/8""",0.625,1.87,32.49,45.49,120,132
PBSA516-70-C1500T5/8S8,"8""",1500,SA-516-70,"5/8""",0.625,2.18,32.49,45.49,134,148
PB304L-C1500T5/8S8,"8""",1500,304L,"5/8""",0.625,6.01,33.94,47.52,320,352
PB316L-C1500T5/8S8,"8""",1500,316L,"5/8""",0.625,7.48,34.33,48.06,394,434
PBAL6061-C1500T5/8S8,"8""",1500,AL-6061,"5/8""",0.625,5.1,11.45,16.03,117,129
PB304-C1500T3/4S8,"8""",1500,304,"3/4""",0.75,5.55,40.73,57.02,351,387
PBSA36-C1500T3/4S8,"8""",1500,SA-36,"3/4""",0.75,1.87,38.99,54.59,137,151
PBSA516-70-C1500T3/4S8,"8""",1500,SA-516-70,"3/4""",0.75,2.18,38.99,54.59,154,170
PB304L-C1500T3/4S8,"8""",1500,304L,"3/4""",0.75,6.01,40.73,57.02,378,416
PB316L-C1500T3/4S8,"8""",1500,316L,"3/4""",0.75,7.48,41.19,57.67,466,513
PBAL6061-C1500T3/4S8,"8""",1500,AL-6061,"3/4""",0.75,5.1,13.74,19.24,133,147
PB304-C1500T7/8S8,"8""",1500,304,"7/8""",0.875,5.55,47.52,66.53,404,445
PBSA36-C1500T7/8S8,"8""",1500,SA-36,"7/8""",0.875,1.87,45.49,63.69,154,170
PBSA516-70-C1500T7/8S8,"8""",1500,SA-516-70,"7/8""",0.875,2.18,45.49,63.69,174,192
PB304L-C1500T7/8S8,"8""",1500,304L,"7/8""",0.875,6.01,47.52,66.53,435,479
PB316L-C1500T7/8S8,"8""",1500,316L,"7/8""",0.875,7.48,48.06,67.28,538,592
PBAL6061-C1500T7/8S8,"8""",1500,AL-6061,"7/8""",0.875,5.1,16.03,22.44,149,164
PB304-C1500T1S8,"8""",1500,304,"1""",1,5.55,54.31,76.03,457,503
PBSA36-C1500T1S8,"8""",1500,SA-36,"1""",1,1.87,51.98,72.77,171,189
PBSA516-70-C1500T1S8,"8""",1500,SA-516-70,"1""",1,2.18,51.98,72.77,193,213
PB304L-C1500T1S8,"8""",1500,304L,"1""",1,6.01,54.31,76.03,492,542
PB316L-C1500T1S8,"8""",1500,316L,"1""",1,7.48,54.92,76.89,610,671
PBAL6061-C1500T1S8,"8""",1500,AL-6061,"1""",1,5.1,18.32,25.65,166,183
PB304-C1500T1-1/8S8,"8""",1500,304,"1-1/8""",1.125,5.55,61.1,85.54,510,561
PBSA36-C1500T1-1/8S8,"8""",1500,SA-36,"1-1/8""",1.125,1.87,58.48,81.87,188,207
PBSA516-70-C1500T1-1/8S8,"8""",1500,SA-516-70,"1-1/8""",1.125,2.18,58.48,81.87,213,235
PB304L-C1500T1-1/8S8,"8""",1500,304L,"1-1/8""",1.125,6.01,61.1,85.54,549,604
PB316L-C1500T1-1/8S8,"8""",1500,316L,"1-1/8""",1.125,7.48,61.79,86.51,682,751
PBAL6061-C1500T1-1/8S8,"8""",1500,AL-6061,"1-1/8""",1.125,5.1,20.61,28.85,182,201
PB304-C1500T1-1/4S8,"8""",1500,304,"1-1/4""",1.25,5.55,67.88,95.03,562,619
PBSA36-C1500T1-1/4S8,"8""",1500,SA-36,"1-1/4""",1.25,1.87,64.98,90.97,205,226
PBSA516-70-C1500T1-1/4S8,"8""",1500,SA-516-70,"1-1/4""",1.25,2.18,64.98,90.97,233,257
PB304L-C1500T1-1/4S8,"8""",1500,304L,"1-1/4""",1.25,6.01,67.88,95.03,606,667
PB316L-C1500T1-1/4S8,"8""",1500,316L,"1-1/4""",1.25,7.48,68.66,96.12,754,830
PBAL6061-C1500T1-1/4S8,"8""",1500,AL-6061,"1-1/4""",1.25,5.1,22.9,32.06,198,218
PB304-C1500T1-3/8S8,"8""",1500,304,"1-3/8""",1.375,5.55,74.67,104.54,615,677
PBSA36-C1500T1-3/8S8,"8""",1500,SA-36,"1-3/8""",1.375,1.87,71.48,100.07,222,245
PBSA516-70-C1500T1-3/8S8,"8""",1500,SA-516-70,"1-3/8""",1.375,2.18,71.48,100.07,253,279
PB304L-C1500T1-3/8S8,"8""",1500,304L,"1-3/8""",1.375,6.01,74.67,104.54,663,730
PB316L-C1500T1-3/8S8,"8""",1500,316L,"1-3/8""",1.375,7.48,75.52,105.73,826,909
PBAL6061-C1500T1-3/8S8,"8""",1500,AL-6061,"1-3/8""",1.375,5.1,25.19,35.27,215,237
PB304-C1500T1-1/2S8,"8""",1500,304,"1-1/2""",1.5,5.55,81.46,114.04,668,735
PBSA36-C1500T1-1/2S8,"8""",1500,SA-36,"1-1/2""",1.5,1.87,77.98,109.17,239,263
PBSA516-70-C1500T1-1/2S8,"8""",1500,SA-516-70,"1-1/2""",1.5,2.18,77.98,109.17,273,301
PB304L-C1500T1-1/2S8,"8""",1500,304L,"1-1/2""",1.5,6.01,81.46,114.04,720,793
PB316L-C1500T1-1/2S8,"8""",1500,316L,"1-1/2""",1.5,7.48,82.39,115.35,898,988
PBAL6061-C1500T1-1/2S8,"8""",1500,AL-6061,"1-1/2""",1.5,5.1,27.48,38.47,231,255
PB304-C1500T1-5/8S8,"8""",1500,304,"1-5/8""",1.625,5.55,88.25,123.55,721,794
PBSA36-C1500T1-5/8S8,"8""",1500,SA-36,"1-5/8""",1.625,1.87,84.47,118.26,256,282
PBSA516-70-C1500T1-5/8S8,"8""",1500,SA-516-70,"1-5/8""",1.625,2.18,84.47,118.26,293,323
PB304L-C1500T1-5/8S8,"8""",1500,304L,"1-5/8""",1.625,6.01,88.25,123.55,777,855
PB316L-C1500T1-5/8S8,"8""",1500,316L,"1-5/8""",1.625,7.48,89.25,124.95,969,1066
PBAL6061-C1500T1-5/8S8,"8""",1500,AL-6061,"1-5/8""",1.625,5.1,29.76,41.66,247,272
PB304-C1500T1-3/4S8,"8""",1500,304,"1-3/4""",1.75,5.55,95.04,133.06,773,851
PBSA36-C1500T1-3/4S8,"8""",1500,SA-36,"1-3/4""",1.75,1.87,90.97,127.36,273,301
PBSA516-70-C1500T1-3/4S8,"8""",1500,SA-516-70,"1-3/4""",1.75,2.18,90.97,127.36,312,344
PB304L-C1500T1-3/4S8,"8""",1500,304L,"1-3/4""",1.75,6.01,95.04,133.06,835,919
PB316L-C1500T1-3/4S8,"8""",1500,316L,"1-3/4""",1.75,7.48,96.12,134.57,1041,1146
PBAL6061-C1500T1-3/4S8,"8""",1500,AL-6061,"1-3/4""",1.75,5.1,32.05,44.87,264,291
PB304-C1500T1-7/8S8,"8""",1500,304,"1-7/8""",1.875,5.55,101.83,142.56,826,909
PBSA36-C1500T1-7/8S8,"8""",1500,SA-36,"1-7/8""",1.875,1.87,97.47,136.46,290,319
PBSA516-70-C1500T1-7/8S8,"8""",1500,SA-516-70,"1-7/8""",1.875,2.18,97.47,136.46,332,366
PB304L-C1500T1-7/8S8,"8""",1500,304L,"1-7/8""",1.875,6.01,101.83,142.56,892,982
PB316L-C1500T1-7/8S8,"8""",1500,316L,"1-7/8""",1.875,7.48,102.98,144.17,1113,1225
PBAL6061-C1500T1-7/8S8,"8""",1500,AL-6061,"1-7/8""",1.875,5.1,34.34,48.08,280,308
PB304-C1500T2S8,"8""",1500,304,"2""",2,5.55,108.61,152.05,879,967
PBSA36-C1500T2S8,"8""",1500,SA-36,"2""",2,1.87,103.97,145.56,307,338
PBSA516-70-C1500T2S8,"8""",1500,SA-516-70,"2""",2,2.18,103.97,145.56,352,388
PB304L-C1500T2S8,"8""",1500,304L,"2""",2,6.01,108.61,152.05,949,1044
PB316L-C1500T2S8,"8""",1500,316L,"2""",2,7.48,109.85,153.79,1185,1304
PBAL6061-C1500T2S8,"8""",1500,AL-6061,"2""",2,5.1,36.63,51.28,296,326
PB304-C1500T2-1/4S8,"8""",1500,304,"2-1/4""",2.25,5.55,122.19,171.07,984,1083
PBSA36-C1500T2-1/4S8,"8""",1500,SA-36,"2-1/4""",2.25,1.87,116.96,163.74,341,376
PBSA516-70-C1500T2-1/4S8,"8""",1500,SA-516-70,"2-1/4""",2.25,2.18,116.96,163.74,392,432
PB304L-C1500T2-1/4S8,"8""",1500,304L,"2-1/4""",2.25,6.01,122.19,171.07,1063,1170
PB316L-C1500T2-1/4S8,"8""",1500,316L,"2-1/4""",2.25,7.48,123.58,173.01,1329,1462
PBAL6061-C1500T2-1/4S8,"8""",1500,AL-6061,"2-1/4""",2.25,5.1,41.21,57.69,329,362
PB304-C1500T2-1/2S8,"8""",1500,304,"2-1/2""",2.5,5.55,135.77,190.08,1090,1199
PBSA36-C1500T2-1/2S8,"8""",1500,SA-36,"2-1/2""",2.5,1.87,129.96,181.94,375,413
PBSA516-70-C1500T2-1/2S8,"8""",1500,SA-516-70,"2-1/2""",2.5,2.18,129.96,181.94,431,475
PB304L-C1500T2-1/2S8,"8""",1500,304L,"2-1/2""",2.5,6.01,135.77,190.08,1177,1295
PB316L-C1500T2-1/2S8,"8""",1500,316L,"2-1/2""",2.5,7.48,137.31,192.23,1473,1621
PBAL6061-C1500T2-1/2S8,"8""",1500,AL-6061,"2-1/2""",2.5,5.1,45.79,64.11,362,399
PB304-C1500T3S8,"8""",1500,304,"3""",3,5.55,162.92,228.09,1301,1432
PBSA36-C1500T3S8,"8""",1500,SA-36,"3""",3,1.87,155.95,218.33,443,488
PBSA516-70-C1500T3S8,"8""",1500,SA-516-70,"3""",3,2.18,155.95,218.33,511,563
PB304L-C1500T3S8,"8""",1500,304L,"3""",3,6.01,162.92,228.09,1406,1547
PB316L-C1500T3S8,"8""",1500,316L,"3""",3,7.48,164.77,230.68,1760,1937
PBAL6061-C1500T3S8,"8""",1500,AL-6061,"3""",3,5.1,54.95,76.93,427,470
PB304-C1500T11GAS10,"10""",1500,304,11 Gauge,0.1196,5.55,9.85,13.79,111,123
PBSA36-C1500T11GAS10,"10""",1500,SA-36,11 Gauge,0.1196,1.87,9.43,13.2,60,66
PBSA516-70-C1500T11GAS10,"10""",1500,SA-516-70,11 Gauge,0.1196,2.18,9.43,13.2,64,71
PB304L-C1500T11GAS10,"10""",1500,304L,11 Gauge,0.1196,6.01,9.85,13.79,118,130
PB316L-C1500T11GAS10,"10""",1500,316L,11 Gauge,0.1196,7.48,9.96,13.94,139,153
PBAL6061-C1500T11GAS10,"10""",1500,AL-6061,11 Gauge,0.1196,5.1,3.32,4.65,59,65
PB304-C1500T1/8S10,"10""",1500,304,"1/8""",0.125,5.55,10.3,14.42,115,127
PBSA36-C1500T1/8S10,"10""",1500,SA-36,"1/8""",0.125,1.87,9.85,13.79,61,68
PBSA516-70-C1500T1/8S10,"10""",1500,SA-516-70,"1/8""",0.125,2.18,9.85,13.79,65,72
PB304L-C1500T1/8S10,"10""",1500,304L,"1/8""",0.125,6.01,10.3,14.42,122,135
PB316L-C1500T1/8S10,"10""",1500,316L,"1/8""",0.125,7.48,10.41,14.57,144,159
PBAL6061-C1500T1/8S10,"10""",1500,AL-6061,"1/8""",0.125,5.1,3.47,4.86,60,66
PB304-C1500T3/16S10,"10""",1500,304,"3/16""",0.1875,5.55,15.44,21.62,155,171
PBSA36-C1500T3/16S10,"10""",1500,SA-36,"3/16""",0.1875,1.87,14.78,20.69,74,82
PBSA516-70-C1500T3/16S10,"10""",1500,SA-516-70,"3/16""",0.1875,2.18,14.78,20.69,80,88
PB304L-C1500T3/16S10,"10""",1500,304L,"3/16""",0.1875,6.01,15.44,21.62,165,182
PB316L-C1500T3/16S10,"10""",1500,316L,"3/16""",0.1875,7.48,15.62,21.87,198,218
PBAL6061-C1500T3/16S10,"10""",1500,AL-6061,"3/16""",0.1875,5.1,5.21,7.29,72,80
PB304-C1500T1/4S10,"10""",1500,304,"1/4""",0.25,5.55,20.59,28.83,195,215
PBSA36-C1500T1/4S10,"10""",1500,SA-36,"1/4""",0.25,1.87,19.71,27.59,86,95
PBSA516-70-C1500T1/4S10,"10""",1500,SA-516-70,"1/4""",0.25,2.18,19.71,27.59,95,105
PB304L-C1500T1/4S10,"10""",1500,304L,"1/4""",0.25,6.01,20.59,28.83,208,229
PB316L-C1500T1/4S10,"10""",1500,316L,"1/4""",0.25,7.48,20.82,29.15,253,279
PBAL6061-C1500T1/4S10,"10""",1500,AL-6061,"1/4""",0.25,5.1,6.94,9.72,84,93
PB304-C1500T5/16S10,"10""",1500,304,"5/16""",0.3125,5.55,25.74,36.04,235,259
PBSA36-C1500T5/16S10,"10""",1500,SA-36,"5/16""",0.3125,1.87,24.64,34.5,99,109
PBSA516-70-C1500T5/16S10,"10""",1500,SA-516-70,"5/16""",0.3125,2.18,24.64,34.5,110,122
PB304L-C1500T5/16S10,"10""",1500,304L,"5/16""",0.3125,6.01,25.74,36.04,251,277
PB316L-C1500T5/16S10,"10""",1500,316L,"5/16""",0.3125,7.48,26.03,36.44,307,338
PBAL6061-C1500T5/16S10,"10""",1500,AL-6061,"5/16""",0.3125,5.1,8.68,12.15,97,107
PB304-C1500T3/8S10,"10""",1500,304,"3/8""",0.375,5.55,30.89,43.25,275,303
PBSA36-C1500T3/8S10,"10""",1500,SA-36,"3/8""",0.375,1.87,29.56,41.38,112,124
PBSA516-70-C1500T3/8S10,"10""",1500,SA-516-70,"3/8""",0.375,2.18,29.56,41.38,125,138
PB304L-C1500T3/8S10,"10""",1500,304L,"3/8""",0.375,6.01,30.89,43.25,295,325
PB316L-C1500T3/8S10,"10""",1500,316L,"3/8""",0.375,7.48,31.24,43.74,362,399
PBAL6061-C1500T3/8S10,"10""",1500,AL-6061,"3/8""",0.375,5.1,10.42,14.59,109,120
PB304-C1500T1/2S10,"10""",1500,304,"1/2""",0.5,5.55,41.18,57.65,355,391
PBSA36-C1500T1/2S10,"10""",1500,SA-36,"1/2""",0.5,1.87,39.42,55.19,138,152
PBSA516-70-C1500T1/2S10,"10""",1500,SA-516-70,"1/2""",0.5,2.18,39.42,55.19,155,171
PB304L-C1500T1/2S10,"10""",1500,304L,"1/2""",0.5,6.01,41.18,57.65,381,420
PB316L-C1500T1/2S10,"10""",1500,316L,"1/2""",0.5,7.48,41.65,58.31,471,519
PBAL6061-C1500T1/2S10,"10""",1500,AL-6061,"1/2""",0.5,5.1,13.89,19.45,134,148
PB304-C1500T5/8S10,"10""",1500,304,"5/8""",0.625,5.55,51.48,72.07,435,479
PBSA36-C1500T5/8S10,"10""",1500,SA-36,"5/8""",0.625,1.87,49.27,68.98,164,181
PBSA516-70-C1500T5/8S10,"10""",1500,SA-516-70,"5/8""",0.625,2.18,49.27,68.98,185,204
PB304L-C1500T5/8S10,"10""",1500,304L,"5/8""",0.625,6.01,51.48,72.07,468,515
PB316L-C1500T5/8S10,"10""",1500,316L,"5/8""",0.625,7.48,52.06,72.88,580,638
PBAL6061-C1500T5/8S10,"10""",1500,AL-6061,"5/8""",0.625,5.1,17.36,24.3,159,175
PB304-C1500T3/4S10,"10""",1500,304,"3/4""",0.75,5.55,61.77,86.48,515,567
PBSA36-C1500T3/4S10,"10""",1500,SA-36,"3/4""",0.75,1.87,59.13,82.78,190,210
PBSA516-70-C1500T3/4S10,"10""",1500,SA-516-70,"3/4""",0.75,2.18,59.13,82.78,215,237
PB304L-C1500T3/4S10,"10""",1500,304L,"3/4""",0.75,6.01,61.77,86.48,555,611
PB316L-C1500T3/4S10,"10""",1500,316L,"3/4""",0.75,7.48,62.47,87.46,689,758
PBAL6061-C1500T3/4S10,"10""",1500,AL-6061,"3/4""",0.75,5.1,20.83,29.16,184,203
PB304-C1500T7/8S10,"10""",1500,304,"7/8""",0.875,5.55,72.07,100.9,595,655
PBSA36-C1500T7/8S10,"10""",1500,SA-36,"7/8""",0.875,1.87,68.98,96.57,215,237
PBSA516-70-C1500T7/8S10,"10""",1500,SA-516-70,"7/8""",0.875,2.18,68.98,96.57,245,270
PB304L-C1500T7/8S10,"10""",1500,304L,"7/8""",0.875,6.01,72.07,100.9,641,706
PB316L-C1500T7/8S10,"10""",1500,316L,"7/8""",0.875,7.48,72.89,102.05,798,878
PBAL6061-C1500T7/8S10,"10""",1500,AL-6061,"7/8""",0.875,5.1,24.31,34.03,208,229
PB304-C1500T1S10,"10""",1500,304,"1""",1,5.55,82.36,115.3,675,743
PBSA36-C1500T1S10,"10""",1500,SA-36,"1""",1,1.87,78.84,110.38,241,266
PBSA516-70-C1500T1S10,"10""",1500,SA-516-70,"1""",1,2.18,78.84,110.38,275,303
PB304L-C1500T1S10,"10""",1500,304L,"1""",1,6.01,82.36,115.3,728,801
PB316L-C1500T1S10,"10""",1500,316L,"1""",1,7.48,83.3,116.62,907,998
PBAL6061-C1500T1S10,"10""",1500,AL-6061,"1""",1,5.1,27.78,38.89,233,257
PB304-C1500T1-1/8S10,"10""",1500,304,"1-1/8""",1.125,5.55,92.66,129.72,755,831
PBSA36-C1500T1-1/8S10,"10""",1500,SA-36,"1-1/8""",1.125,1.87,88.69,124.17,267,294
PBSA516-70-C1500T1-1/8S10,"10""",1500,SA-516-70,"1-1/8""",1.125,2.18,88.69,124.17,306,337
PB304L-C1500T1-1/8S10,"10""",1500,304L,"1-1/8""",1.125,6.01,92.66,129.72,814,896
PB316L-C1500T1-1/8S10,"10""",1500,316L,"1-1/8""",1.125,7.48,93.71,131.19,1016,1118
PBAL6061-C1500T1-1/8S10,"10""",1500,AL-6061,"1-1/8""",1.125,5.1,31.25,43.75,258,284
PB304-C1500T1-1/4S10,"10""",1500,304,"1-1/4""",1.25,5.55,102.95,144.13,835,919
PBSA36-C1500T1-1/4S10,"10""",1500,SA-36,"1-1/4""",1.25,1.87,98.55,137.97,293,323
PBSA516-70-C1500T1-1/4S10,"10""",1500,SA-516-70,"1-1/4""",1.25,2.18,98.55,137.97,336,370
PB304L-C1500T1-1/4S10,"10""",1500,304L,"1-1/4""",1.25,6.01,102.95,144.13,901,992
PB316L-C1500T1-1/4S10,"10""",1500,316L,"1-1/4""",1.25,7.48,104.12,145.77,1125,1238
PBAL6061-C1500T1-1/4S10,"10""",1500,AL-6061,"1-1/4""",1.25,5.1,34.72,48.61,283,312
PB304-C1500T1-3/8S10,"10""",1500,304,"1-3/8""",1.375,5.55,113.25,158.55,915,1007
PBSA36-C1500T1-3/8S10,"10""",1500,SA-36,"1-3/8""",1.375,1.87,108.4,151.76,319,351
PBSA516-70-C1500T1-3/8S10,"10""",1500,SA-516-70,"1-3/8""",1.375,2.18,108.4,151.76,366,403
PB304L-C1500T1-3/8S10,"10""",1500,304L,"1-3/8""",1.375,6.01,113.25,158.55,988,1087
PB316L-C1500T1-3/8S10,"10""",1500,316L,"1-3/8""",1.375,7.48,114.53,160.34,1234,1358
PBAL6061-C1500T1-3/8S10,"10""",1500,AL-6061,"1-3/8""",1.375,5.1,38.2,53.48,308,339
PB304-C1500T1-1/2S10,"10""",1500,304,"1-1/2""",1.5,5.55,123.54,172.96,995,1095
PBSA36-C1500T1-1/2S10,"10""",1500,SA-36,"1-1/2""",1.5,1.87,118.26,165.56,344,379
PBSA516-70-C1500T1-1/2S10,"10""",1500,SA-516-70,"1-1/2""",1.5,2.18,118.26,165.56,396,436
PB304L-C1500T1-1/2S10,"10""",1500,304L,"1-1/2""",1.5,6.01,123.54,172.96,1074,1182
PB316L-C1500T1-1/2S10,"10""",1500,316L,"1-1/2""",1.5,7.48,124.95,174.93,1343,1478
PBAL6061-C1500T1-1/2S10,"10""",1500,AL-6061,"1-1/2""",1.5,5.1,41.67,58.34,332,366
PB304-C1500T1-5/8S10,"10""",1500,304,"1-5/8""",1.625,5.55,133.84,187.38,1075,1183
PBSA36-C1500T1-5/8S10,"10""",1500,SA-36,"1-5/8""",1.625,1.87,128.11,179.35,370,408
PBSA516-70-C1500T1-5/8S10,"10""",1500,SA-516-70,"1-5/8""",1.625,2.18,128.11,179.35,426,469
PB304L-C1500T1-5/8S10,"10""",1500,304L,"1-5/8""",1.625,6.01,133.84,187.38,1161,1278
PB316L-C1500T1-5/8S10,"10""",1500,316L,"1-5/8""",1.625,7.48,135.36,189.5,1452,1598
PBAL6061-C1500T1-5/8S10,"10""",1500,AL-6061,"1-5/8""",1.625,5.1,45.14,63.2,357,393
PB304-C1500T1-3/4S10,"10""",1500,304,"1-3/4""",1.75,5.55,144.13,201.78,1155,1271
PBSA36-C1500T1-3/4S10,"10""",1500,SA-36,"1-3/4""",1.75,1.87,137.97,193.16,396,436
PBSA516-70-C1500T1-3/4S10,"10""",1500,SA-516-70,"1-3/4""",1.75,2.18,137.97,193.16,456,502
PB304L-C1500T1-3/4S10,"10""",1500,304L,"1-3/4""",1.75,6.01,144.13,201.78,1248,1373
PB316L-C1500T1-3/4S10,"10""",1500,316L,"1-3/4""",1.75,7.48,145.77,204.08,1561,1718
PBAL6061-C1500T1-3/4S10,"10""",1500,AL-6061,"1-3/4""",1.75,5.1,48.61,68.05,382,421
PB304-C1500T1-7/8S10,"10""",1500,304,"1-7/8""",1.875,5.55,154.43,216.2,1235,1359
PBSA36-C1500T1-7/8S10,"10""",1500,SA-36,"1-7/8""",1.875,1.87,147.82,206.95,422,465
PBSA516-70-C1500T1-7/8S10,"10""",1500,SA-516-70,"1-7/8""",1.875,2.18,147.82,206.95,486,535
PB304L-C1500T1-7/8S10,"10""",1500,304L,"1-7/8""",1.875,6.01,154.43,216.2,1334,1468
PB316L-C1500T1-7/8S10,"10""",1500,316L,"1-7/8""",1.875,7.48,156.18,218.65,1670,1838
PBAL6061-C1500T1-7/8S10,"10""",1500,AL-6061,"1-7/8""",1.875,5.1,52.09,72.93,407,448
PB304-C1500T2S10,"10""",1500,304,"2""",2,5.55,164.72,230.61,1315,1447
PBSA36-C1500T2S10,"10""",1500,SA-36,"2""",2,1.87,157.68,220.75,448,493
PBSA516-70-C1500T2S10,"10""",1500,SA-516-70,"2""",2,2.18,157.68,220.75,516,568
PB304L-C1500T2S10,"10""",1500,304L,"2""",2,6.01,164.72,230.61,1421,1564
PB316L-C1500T2S10,"10""",1500,316L,"2""",2,7.48,166.59,233.23,1779,1957
PBAL6061-C1500T2S10,"10""",1500,AL-6061,"2""",2,5.1,55.56,77.78,432,476
PB304-C1500T2-1/4S10,"10""",1500,304,"2-1/4""",2.25,5.55,185.31,259.43,1475,1623
PBSA36-C1500T2-1/4S10,"10""",1500,SA-36,"2-1/4""",2.25,1.87,177.39,248.35,499,549
PBSA516-70-C1500T2-1/4S10,"10""",1500,SA-516-70,"2-1/4""",2.25,2.18,177.39,248.35,576,634
PB304L-C1500T2-1/4S10,"10""",1500,304L,"2-1/4""",2.25,6.01,185.31,259.43,1594,1754
PB316L-C1500T2-1/4S10,"10""",1500,316L,"2-1/4""",2.25,7.48,187.42,262.39,1998,2198
PBAL6061-C1500T2-1/4S10,"10""",1500,AL-6061,"2-1/4""",2.25,5.1,62.5,87.5,481,530
PB304-C1500T2-1/2S10,"10""",1500,304,"2-1/2""",2.5,5.55,205.9,288.26,1635,1799
PBSA36-C1500T2-1/2S10,"10""",1500,SA-36,"2-1/2""",2.5,1.87,197.1,275.94,551,607
PBSA516-70-C1500T2-1/2S10,"10""",1500,SA-516-70,"2-1/2""",2.5,2.18,197.1,275.94,636,700
PB304L-C1500T2-1/2S10,"10""",1500,304L,"2-1/2""",2.5,6.01,205.9,288.26,1767,1944
PB316L-C1500T2-1/2S10,"10""",1500,316L,"2-1/2""",2.5,7.48,208.24,291.54,2216,2438
PBAL6061-C1500T2-1/2S10,"10""",1500,AL-6061,"2-1/2""",2.5,5.1,69.45,97.23,531,585
PB304-C1500T3S10,"10""",1500,304,"3""",3,5.55,247.08,345.91,1955,2151
PBSA36-C1500T3S10,"10""",1500,SA-36,"3""",3,1.87,236.51,331.11,654,720
PBSA516-70-C1500T3S10,"10""",1500,SA-516-70,"3""",3,2.18,236.51,331.11,757,833
PB304L-C1500T3S10,"10""",1500,304L,"3""",3,6.01,247.08,345.91,2114,2326
PB316L-C1500T3S10,"10""",1500,316L,"3""",3,7.48,249.89,349.85,2652,2918
PBAL6061-C1500T3S10,"10""",1500,AL-6061,"3""",3,5.1,83.34,116.68,630,693
PB304-C1500T11GAS12,"12""",1500,304,11 Gauge,0.1196,5.55,14.05,19.67,147,162
PBSA36-C1500T11GAS12,"12""",1500,SA-36,11 Gauge,0.1196,1.87,13.45,18.83,73,81
PBSA516-70-C1500T11GAS12,"12""",1500,SA-516-70,11 Gauge,0.1196,2.18,13.45,18.83,78,86
PB304L-C1500T11GAS12,"12""",1500,304L,11 Gauge,0.1196,6.01,14.05,19.67,156,172
PB316L-C1500T11GAS12,"12""",1500,316L,11 Gauge,0.1196,7.48,14.21,19.89,186,205
PBAL6061-C1500T11GAS12,"12""",1500,AL-6061,11 Gauge,0.1196,5.1,4.74,6.64,71,79
PB304-C1500T1/8S12,"12""",1500,304,"1/8""",0.125,5.55,14.68,20.55,151,167
PBSA36-C1500T1/8S12,"12""",1500,SA-36,"1/8""",0.125,1.87,14.05,19.67,74,82
PBSA516-70-C1500T1/8S12,"12""",1500,SA-516-70,"1/8""",0.125,2.18,14.05,19.67,80,88
PB304L-C1500T1/8S12,"12""",1500,304L,"1/8""",0.125,6.01,14.68,20.55,161,178
PB316L-C1500T1/8S12,"12""",1500,316L,"1/8""",0.125,7.48,14.85,20.79,193,213
PBAL6061-C1500T1/8S12,"12""",1500,AL-6061,"1/8""",0.125,5.1,4.95,6.93,73,81
PB304-C1500T3/16S12,"12""",1500,304,"3/16""",0.1875,5.55,22.02,30.83,208,229
PBSA36-C1500T3/16S12,"12""",1500,SA-36,"3/16""",0.1875,1.87,21.08,29.51,93,103
PBSA516-70-C1500T3/16S12,"12""",1500,SA-516-70,"3/16""",0.1875,2.18,21.08,29.51,102,113
PB304L-C1500T3/16S12,"12""",1500,304L,"3/16""",0.1875,6.01,22.02,30.83,223,246
PB316L-C1500T3/16S12,"12""",1500,316L,"3/16""",0.1875,7.48,22.27,31.18,271,299
PBAL6061-C1500T3/16S12,"12""",1500,AL-6061,"3/16""",0.1875,5.1,7.43,10.4,90,100
PB304-C1500T1/4S12,"12""",1500,304,"1/4""",0.25,5.55,29.36,41.1,265,292
PBSA36-C1500T1/4S12,"12""",1500,SA-36,"1/4""",0.25,1.87,28.11,39.35,111,123
PBSA516-70-C1500T1/4S12,"12""",1500,SA-516-70,"1/4""",0.25,2.18,28.11,39.35,123,136
PB304L-C1500T1/4S12,"12""",1500,304L,"1/4""",0.25,6.01,29.36,41.1,284,313
PB316L-C1500T1/4S12,"12""",1500,316L,"1/4""",0.25,7.48,29.7,41.58,348,383
PBAL6061-C1500T1/4S12,"12""",1500,AL-6061,"1/4""",0.25,5.1,9.9,13.86,108,119
PB304-C1500T5/16S12,"12""",1500,304,"5/16""",0.3125,5.55,36.7,51.38,323,356
PBSA36-C1500T5/16S12,"12""",1500,SA-36,"5/16""",0.3125,1.87,35.13,49.18,129,142
PBSA516-70-C1500T5/16S12,"12""",1500,SA-516-70,"5/16""",0.3125,2.18,35.13,49.18,145,160
PB304L-C1500T5/16S12,"12""",1500,304L,"5/16""",0.3125,6.01,36.7,51.38,346,381
PB316L-C1500T5/16S12,"12""",1500,316L,"5/16""",0.3125,7.48,37.12,51.97,426,469
PBAL6061-C1500T5/16S12,"12""",1500,AL-6061,"5/16""",0.3125,5.1,12.38,17.33,126,139
PB304-C1500T3/8S12,"12""",1500,304,"3/8""",0.375,5.55,44.04,61.66,380,419
PBSA36-C1500T3/8S12,"12""",1500,SA-36,"3/8""",0.375,1.87,42.16,59.02,148,163
PBSA516-70-C1500T3/8S12,"12""",1500,SA-516-70,"3/8""",0.375,2.18,42.16,59.02,166,183
PB304L-C1500T3/8S12,"12""",1500,304L,"3/8""",0.375,6.01,44.04,61.66,408,449
PB316L-C1500T3/8S12,"12""",1500,316L,"3/8""",0.375,7.48,44.54,62.36,504,555
PBAL6061-C1500T3/8S12,"12""",1500,AL-6061,"3/8""",0.375,5.1,14.85,20.79,143,158
PB304-C1500T1/2S12,"12""",1500,304,"1/2""",0.5,5.55,58.72,82.21,494,544
PBSA36-C1500T1/2S12,"12""",1500,SA-36,"1/2""",0.5,1.87,56.21,78.69,185,204
PBSA516-70-C1500T1/2S12,"12""",1500,SA-516-70,"1/2""",0.5,2.18,56.21,78.69,209,230
PB304L-C1500T1/2S12,"12""",1500,304L,"1/2""",0.5,6.01,58.72,82.21,531,585
PB316L-C1500T1/2S12,"12""",1500,316L,"1/2""",0.5,7.48,59.39,83.15,659,725
PBAL6061-C1500T1/2S12,"12""",1500,AL-6061,"1/2""",0.5,5.1,19.81,27.73,179,197
PB304-C1500T5/8S12,"12""",1500,304,"5/8""",0.625,5.55,73.41,102.77,608,669
PBSA36-C1500T5/8S12,"12""",1500,SA-36,"5/8""",0.625,1.87,70.27,98.38,221,244
PBSA516-70-C1500T5/8S12,"12""",1500,SA-516-70,"5/8""",0.625,2.18,70.27,98.38,252,278
PB304L-C1500T5/8S12,"12""",1500,304L,"5/8""",0.625,6.01,73.41,102.77,655,721
PB316L-C1500T5/8S12,"12""",1500,316L,"5/8""",0.625,7.48,74.24,103.94,815,897
PBAL6061-C1500T5/8S12,"12""",1500,AL-6061,"5/8""",0.625,5.1,24.76,34.66,214,236
PB304-C1500T3/4S12,"12""",1500,304,"3/4""",0.75,5.55,88.09,123.33,722,795
PBSA36-C1500T3/4S12,"12""",1500,SA-36,"3/4""",0.75,1.87,84.32,118.05,258,284
PBSA516-70-C1500T3/4S12,"12""",1500,SA-516-70,"3/4""",0.75,2.18,84.32,118.05,295,325
PB304L-C1500T3/4S12,"12""",1500,304L,"3/4""",0.75,6.01,88.09,123.33,779,857
PB316L-C1500T3/4S12,"12""",1500,316L,"3/4""",0.75,7.48,89.09,124.73,970,1067
PBAL6061-C1500T3/4S12,"12""",1500,AL-6061,"3/4""",0.75,5.1,29.71,41.59,249,274
PB304-C1500T7/8S12,"12""",1500,304,"7/8""",0.875,5.55,102.77,143.88,836,920
PBSA36-C1500T7/8S12,"12""",1500,SA-36,"7/8""",0.875,1.87,98.37,137.72,295,325
PBSA516-70-C1500T7/8S12,"12""",1500,SA-516-70,"7/8""",0.875,2.18,98.37,137.72,338,372
PB304L-C1500T7/8S12,"12""",1500,304L,"7/8""",0.875,6.01,102.77,143.88,902,993
PB316L-C1500T7/8S12,"12""",1500,316L,"7/8""",0.875,7.48,103.94,145.52,1126,1239
PBAL6061-C1500T7/8S12,"12""",1500,AL-6061,"7/8""",0.875,5.1,34.66,48.52,285,314
PB304-C1500T1S12,"12""",1500,304,"1""",1,5.55,117.45,164.43,950,1045
PBSA36-C1500T1S12,"12""",1500,SA-36,"1""",1,1.87,112.43,157.4,332,366
PBSA516-70-C1500T1S12,"12""",1500,SA-516-70,"1""",1,2.18,112.43,157.4,380,419
PB304L-C1500T1S12,"12""",1500,304L,"1""",1,6.01,117.45,164.43,1026,1129
PB316L-C1500T1S12,"12""",1500,316L,"1""",1,7.48,118.78,166.29,1281,1410
PBAL6061-C1500T1S12,"12""",1500,AL-6061,"1""",1,5.1,39.61,55.45,320,352
PB304-C1500T1-1/8S12,"12""",1500,304,"1-1/8""",1.125,5.55,132.13,184.98,1064,1171
PBSA36-C1500T1-1/8S12,"12""",1500,SA-36,"1-1/8""",1.125,1.87,126.48,177.07,368,405
PBSA516-70-C1500T1-1/8S12,"12""",1500,SA-516-70,"1-1/8""",1.125,2.18,126.48,177.07,423,466
PB304L-C1500T1-1/8S12,"12""",1500,304L,"1-1/8""",1.125,6.01,132.13,184.98,1149,1264
PB316L-C1500T1-1/8S12,"12""",1500,316L,"1-1/8""",1.125,7.48,133.63,187.08,1437,1581
PBAL6061-C1500T1-1/8S12,"12""",1500,AL-6061,"1-1/8""",1.125,5.1,44.56,62.38,356,392
PB304-C1500T1-1/4S12,"12""",1500,304,"1-1/4""",1.25,5.55,146.81,205.53,1178,1296
PBSA36-C1500T1-1/4S12,"12""",1500,SA-36,"1-1/4""",1.25,1.87,140.53,196.74,405,446
PBSA516-70-C1500T1-1/4S12,"12""",1500,SA-516-70,"1-1/4""",1.25,2.18,140.53,196.74,466,513
PB304L-C1500T1-1/4S12,"12""",1500,304L,"1-1/4""",1.25,6.01,146.81,205.53,1273,1401
PB316L-C1500T1-1/4S12,"12""",1500,316L,"1-1/4""",1.25,7.48,148.48,207.87,1592,1752
PBAL6061-C1500T1-1/4S12,"12""",1500,AL-6061,"1-1/4""",1.25,5.1,49.52,69.33,391,431
PB304-C1500T1-3/8S12,"12""",1500,304,"1-3/8""",1.375,5.55,161.49,226.09,1292,1422
PBSA36-C1500T1-3/8S12,"12""",1500,SA-36,"1-3/8""",1.375,1.87,154.59,216.43,442,487
PBSA516-70-C1500T1-3/8S12,"12""",1500,SA-516-70,"1-3/8""",1.375,2.18,154.59,216.43,509,560
PB304L-C1500T1-3/8S12,"12""",1500,304L,"1-3/8""",1.375,6.01,161.49,226.09,1396,1536
PB316L-C1500T1-3/8S12,"12""",1500,316L,"1-3/8""",1.375,7.48,163.33,228.66,1748,1923
PBAL6061-C1500T1-3/8S12,"12""",1500,AL-6061,"1-3/8""",1.375,5.1,54.47,76.26,426,469
PB304-C1500T1-1/2S12,"12""",1500,304,"1-1/2""",1.5,5.55,176.17,246.64,1406,1547
PBSA36-C1500T1-1/2S12,"12""",1500,SA-36,"1-1/2""",1.5,1.87,168.64,236.1,479,527
PBSA516-70-C1500T1-1/2S12,"12""",1500,SA-516-70,"1-1/2""",1.5,2.18,168.64,236.1,552,608
PB304L-C1500T1-1/2S12,"12""",1500,304L,"1-1/2""",1.5,6.01,176.17,246.64,1520,1673
PB316L-C1500T1-1/2S12,"12""",1500,316L,"1-1/2""",1.5,7.48,178.18,249.45,1903,2094
PBAL6061-C1500T1-1/2S12,"12""",1500,AL-6061,"1-1/2""",1.5,5.1,59.42,83.19,462,509
PB304-C1500T1-5/8S12,"12""",1500,304,"1-5/8""",1.625,5.55,190.86,267.2,1520,1673
PBSA36-C1500T1-5/8S12,"12""",1500,SA-36,"1-5/8""",1.625,1.87,182.69,255.77,516,568
PBSA516-70-C1500T1-5/8S12,"12""",1500,SA-516-70,"1-5/8""",1.625,2.18,182.69,255.77,595,655
PB304L-C1500T1-5/8S12,"12""",1500,304L,"1-5/8""",1.625,6.01,190.86,267.2,1643,1808
PB316L-C1500T1-5/8S12,"12""",1500,316L,"1-5/8""",1.625,7.48,193.03,270.24,2059,2265
PBAL6061-C1500T1-5/8S12,"12""",1500,AL-6061,"1-5/8""",1.625,5.1,64.37,90.12,497,547
PB304-C1500T1-3/4S12,"12""",1500,304,"1-3/4""",1.75,5.55,205.54,287.76,1634,1798
PBSA36-C1500T1-3/4S12,"12""",1500,SA-36,"1-3/4""",1.75,1.87,196.75,275.45,552,608
PBSA516-70-C1500T1-3/4S12,"12""",1500,SA-516-70,"1-3/4""",1.75,2.18,196.75,275.45,638,702
PB304L-C1500T1-3/4S12,"12""",1500,304L,"1-3/4""",1.75,6.01,205.54,287.76,1767,1944
PB316L-C1500T1-3/4S12,"12""",1500,316L,"1-3/4""",1.75,7.48,207.87,291.02,2214,2436
PBAL6061-C1500T1-3/4S12,"12""",1500,AL-6061,"1-3/4""",1.75,5.1,69.32,97.05,532,586
PB304-C1500T1-7/8S12,"12""",1500,304,"1-7/8""",1.875,5.55,220.22,308.31,1748,1923
PBSA36-C1500T1-7/8S12,"12""",1500,SA-36,"1-7/8""",1.875,1.87,210.8,295.12,589,648
PBSA516-70-C1500T1-7/8S12,"12""",1500,SA-516-70,"1-7/8""",1.875,2.18,210.8,295.12,681,750
PB304L-C1500T1-7/8S12,"12""",1500,304L,"1-7/8""",1.875,6.01,220.22,308.31,1890,2079
PB316L-C1500T1-7/8S12,"12""",1500,316L,"1-7/8""",1.875,7.48,222.72,311.81,2370,2607
PBAL6061-C1500T1-7/8S12,"12""",1500,AL-6061,"1-7/8""",1.875,5.1,74.27,103.98,568,625
PB304-C1500T2S12,"12""",1500,304,"2""",2,5.55,234.9,328.86,1863,2050
PBSA36-C1500T2S12,"12""",1500,SA-36,"2""",2,1.87,224.85,314.79,626,689
PBSA516-70-C1500T2S12,"12""",1500,SA-516-70,"2""",2,2.18,224.85,314.79,724,797
PB304L-C1500T2S12,"12""",1500,304L,"2""",2,6.01,234.9,328.86,2014,2216
PB316L-C1500T2S12,"12""",1500,316L,"2""",2,7.48,237.57,332.6,2525,2778
PBAL6061-C1500T2S12,"12""",1500,AL-6061,"2""",2,5.1,79.23,110.92,603,664
PB304-C1500T2-1/4S12,"12""",1500,304,"2-1/4""",2.25,5.55,264.26,369.96,2091,2301
PBSA36-C1500T2-1/4S12,"12""",1500,SA-36,"2-1/4""",2.25,1.87,252.96,354.14,700,771
PBSA516-70-C1500T2-1/4S12,"12""",1500,SA-516-70,"2-1/4""",2.25,2.18,252.96,354.14,809,890
PB304L-C1500T2-1/4S12,"12""",1500,304L,"2-1/4""",2.25,6.01,264.26,369.96,2261,2488
PB316L-C1500T2-1/4S12,"12""",1500,316L,"2-1/4""",2.25,7.48,267.27,374.18,2836,3120
PBAL6061-C1500T2-1/4S12,"12""",1500,AL-6061,"2-1/4""",2.25,5.1,89.13,124.78,674,742
PB304-C1500T2-1/2S12,"12""",1500,304,"2-1/2""",2.5,5.55,293.62,411.07,2319,2551
PBSA36-C1500T2-1/2S12,"12""",1500,SA-36,"2-1/2""",2.5,1.87,281.06,393.48,773,851
PBSA516-70-C1500T2-1/2S12,"12""",1500,SA-516-70,"2-1/2""",2.5,2.18,281.06,393.48,895,985
PB304L-C1500T2-1/2S12,"12""",1500,304L,"2-1/2""",2.5,6.01,293.62,411.07,2508,2759
PB316L-C1500T2-1/2S12,"12""",1500,316L,"2-1/2""",2.5,7.48,296.96,415.74,3147,3462
PBAL6061-C1500T2-1/2S12,"12""",1500,AL-6061,"2-1/2""",2.5,5.1,99.03,138.64,744,819
PB304-C1500T3S12,"12""",1500,304,"3""",3,5.55,352.35,493.29,2775,3053
PBSA36-C1500T3S12,"12""",1500,SA-36,"3""",3,1.87,337.28,472.19,920,1013
PBSA516-70-C1500T3S12,"12""",1500,SA-516-70,"3""",3,2.18,337.28,472.19,1067,1174
PB304L-C1500T3S12,"12""",1500,304L,"3""",3,6.01,352.35,493.29,3002,3303
PB316L-C1500T3S12,"12""",1500,316L,"3""",3,7.48,356.35,498.89,3769,4146
PBAL6061-C1500T3S12,"12""",1500,AL-6061,"3""",3,5.1,118.84,166.38,886,975
PB304-C1500T11GAS14,"14""",1500,304,11 Gauge,0.1196,5.55,17.29,24.21,175,193
PBSA36-C1500T11GAS14,"14""",1500,SA-36,11 Gauge,0.1196,1.87,16.55,23.17,84,93
PBSA516-70-C1500T11GAS14,"14""",1500,SA-516-70,11 Gauge,0.1196,2.18,16.55,23.17,91,101
PB304L-C1500T11GAS14,"14""",1500,304L,11 Gauge,0.1196,6.01,17.29,24.21,186,205
PB316L-C1500T11GAS14,"14""",1500,316L,11 Gauge,0.1196,7.48,17.49,24.49,224,247
PBAL6061-C1500T11GAS14,"14""",1500,AL-6061,11 Gauge,0.1196,5.1,5.83,8.16,82,91
PB304-C1500T1/8S14,"14""",1500,304,"1/8""",0.125,5.55,18.07,25.3,181,200
PBSA36-C1500T1/8S14,"14""",1500,SA-36,"1/8""",0.125,1.87,17.3,24.22,86,95
PBSA516-70-C1500T1/8S14,"14""",1500,SA-516-70,"1/8""",0.125,2.18,17.3,24.22,94,104
PB304L-C1500T1/8S14,"14""",1500,304L,"1/8""",0.125,6.01,18.07,25.3,193,213
PB316L-C1500T1/8S14,"14""",1500,316L,"1/8""",0.125,7.48,18.28,25.59,232,256
PBAL6061-C1500T1/8S14,"14""",1500,AL-6061,"1/8""",0.125,5.1,6.1,8.54,84,93
PB304-C1500T3/16S14,"14""",1500,304,"3/16""",0.1875,5.55,27.11,37.95,251,277
PBSA36-C1500T3/16S14,"14""",1500,SA-36,"3/16""",0.1875,1.87,25.95,36.33,109,120
PBSA516-70-C1500T3/16S14,"14""",1500,SA-516-70,"3/16""",0.1875,2.18,25.95,36.33,120,132
PB304L-C1500T3/16S14,"14""",1500,304L,"3/16""",0.1875,6.01,27.11,37.95,269,296
PB316L-C1500T3/16S14,"14""",1500,316L,"3/16""",0.1875,7.48,27.41,38.37,328,361
PBAL6061-C1500T3/16S14,"14""",1500,AL-6061,"3/16""",0.1875,5.1,9.14,12.8,106,117
PB304-C1500T1/4S14,"14""",1500,304,"1/4""",0.25,5.55,36.14,50.6,322,355
PBSA36-C1500T1/4S14,"14""",1500,SA-36,"1/4""",0.25,1.87,34.6,48.44,131,145
PBSA516-70-C1500T1/4S14,"14""",1500,SA-516-70,"1/4""",0.25,2.18,34.6,48.44,146,161
PB304L-C1500T1/4S14,"14""",1500,304L,"1/4""",0.25,6.01,36.14,50.6,345,380
PB316L-C1500T1/4S14,"14""",1500,316L,"1/4""",0.25,7.48,36.55,51.17,423,466
PBAL6061-C1500T1/4S14,"14""",1500,AL-6061,"1/4""",0.25,5.1,12.19,17.07,128,141
PB304-C1500T5/16S14,"14""",1500,304,"5/16""",0.3125,5.55,45.18,63.25,392,432
PBSA36-C1500T5/16S14,"14""",1500,SA-36,"5/16""",0.3125,1.87,43.25,60.55,154,170
PBSA516-70-C1500T5/16S14,"14""",1500,SA-516-70,"5/16""",0.3125,2.18,43.25,60.55,173,191
PB304L-C1500T5/16S14,"14""",1500,304L,"5/16""",0.3125,6.01,45.18,63.25,421,464
PB316L-C1500T5/16S14,"14""",1500,316L,"5/16""",0.3125,7.48,45.69,63.97,519,571
PBAL6061-C1500T5/16S14,"14""",1500,AL-6061,"5/16""",0.3125,5.1,15.24,21.34,150,165
PB304-C1500T3/8S14,"14""",1500,304,"3/8""",0.375,5.55,54.21,75.89,462,509
PBSA36-C1500T3/8S14,"14""",1500,SA-36,"3/8""",0.375,1.87,51.89,72.65,177,195
PBSA516-70-C1500T3/8S14,"14""",1500,SA-516-70,"3/8""",0.375,2.18,51.89,72.65,199,219
PB304L-C1500T3/8S14,"14""",1500,304L,"3/8""",0.375,6.01,54.21,75.89,497,547
PB316L-C1500T3/8S14,"14""",1500,316L,"3/8""",0.375,7.48,54.83,76.76,615,677
PBAL6061-C1500T3/8S14,"14""",1500,AL-6061,"3/8""",0.375,5.1,18.29,25.61,171,189
PB304-C1500T1/2S14,"14""",1500,304,"1/2""",0.5,5.55,72.28,101.19,602,663
PBSA36-C1500T1/2S14,"14""",1500,SA-36,"1/2""",0.5,1.87,69.19,96.87,222,245
PBSA516-70-C1500T1/2S14,"14""",1500,SA-516-70,"1/2""",0.5,2.18,69.19,96.87,252,278
PB304L-C1500T1/2S14,"14""",1500,304L,"1/2""",0.5,6.01,72.28,101.19,649,714
PB316L-C1500T1/2S14,"14""",1500,316L,"1/2""",0.5,7.48,73.11,102.35,806,887
PBAL6061-C1500T1/2S14,"14""",1500,AL-6061,"1/2""",0.5,5.1,24.38,34.13,215,237
PB304-C1500T5/8S14,"14""",1500,304,"5/8""",0.625,5.55,90.36,126.5,743,818
PBSA36-C1500T5/8S14,"14""",1500,SA-36,"5/8""",0.625,1.87,86.49,121.09,267,294
PBSA516-70-C1500T5/8S14,"14""",1500,SA-516-70,"5/8""",0.625,2.18,86.49,121.09,305,336
PB304L-C1500T5/8S14,"14""",1500,304L,"5/8""",0.625,6.01,90.36,126.5,801,882
PB316L-C1500T5/8S14,"14""",1500,316L,"5/8""",0.625,7.48,91.38,127.93,998,1098
PBAL6061-C1500T5/8S14,"14""",1500,AL-6061,"5/8""",0.625,5.1,30.48,42.67,258,284
PB304-C1500T3/4S14,"14""",1500,304,"3/4""",0.75,5.55,108.43,151.8,883,972
PBSA36-C1500T3/4S14,"14""",1500,SA-36,"3/4""",0.75,1.87,103.79,145.31,312,344
PBSA516-70-C1500T3/4S14,"14""",1500,SA-516-70,"3/4""",0.75,2.18,103.79,145.31,357,393
PB304L-C1500T3/4S14,"14""",1500,304L,"3/4""",0.75,6.01,108.43,151.8,953,1049
PB316L-C1500T3/4S14,"14""",1500,316L,"3/4""",0.75,7.48,109.66,153.52,1189,1308
PBAL6061-C1500T3/4S14,"14""",1500,AL-6061,"3/4""",0.75,5.1,36.57,51.2,302,333
PB304-C1500T7/8S14,"14""",1500,304,"7/8""",0.875,5.55,126.5,177.1,1024,1127
PBSA36-C1500T7/8S14,"14""",1500,SA-36,"7/8""",0.875,1.87,121.09,169.53,358,394
PBSA516-70-C1500T7/8S14,"14""",1500,SA-516-70,"7/8""",0.875,2.18,121.09,169.53,410,452
PB304L-C1500T7/8S14,"14""",1500,304L,"7/8""",0.875,6.01,126.5,177.1,1105,1216
PB316L-C1500T7/8S14,"14""",1500,316L,"7/8""",0.875,7.48,127.94,179.12,1381,1520
PBAL6061-C1500T7/8S14,"14""",1500,AL-6061,"7/8""",0.875,5.1,42.67,59.74,345,380
PB304-C1500T1S14,"14""",1500,304,"1""",1,5.55,144.57,202.4,1164,1281
PBSA36-C1500T1S14,"14""",1500,SA-36,"1""",1,1.87,138.39,193.75,403,444
PBSA516-70-C1500T1S14,"14""",1500,SA-516-70,"1""",1,2.18,138.39,193.75,463,510
PB304L-C1500T1S14,"14""",1500,304L,"1""",1,6.01,144.57,202.4,1257,1383
PB316L-C1500T1S14,"14""",1500,316L,"1""",1,7.48,146.21,204.69,1572,1730
PBAL6061-C1500T1S14,"14""",1500,AL-6061,"1""",1,5.1,48.76,68.26,389,428
PB304-C1500T1-1/8S14,"14""",1500,304,"1-1/8""",1.125,5.55,162.64,227.7,1304,1435
PBSA36-C1500T1-1/8S14,"14""",1500,SA-36,"1-1/8""",1.125,1.87,155.68,217.95,448,493
PBSA516-70-C1500T1-1/8S14,"14""",1500,SA-516-70,"1-1/8""",1.125,2.18,155.68,217.95,516,568
PB304L-C1500T1-1/8S14,"14""",1500,304L,"1-1/8""",1.125,6.01,162.64,227.7,1409,1550
PB316L-C1500T1-1/8S14,"14""",1500,316L,"1-1/8""",1.125,7.48,164.49,230.29,1763,1940
PBAL6061-C1500T1-1/8S14,"14""",1500,AL-6061,"1-1/8""",1.125,5.1,54.86,76.8,432,476
PB304-C1500T1-1/4S14,"14""",1500,304,"1-1/4""",1.25,5.55,180.71,252.99,1445,1590
PBSA36-C1500T1-1/4S14,"14""",1500,SA-36,"1-1/4""",1.25,1.87,172.98,242.17,494,544
PBSA516-70-C1500T1-1/4S14,"14""",1500,SA-516-70,"1-1/4""",1.25,2.18,172.98,242.17,569,626
PB304L-C1500T1-1/4S14,"14""",1500,304L,"1-1/4""",1.25,6.01,180.71,252.99,1561,1718
PB316L-C1500T1-1/4S14,"14""",1500,316L,"1-1/4""",1.25,7.48,182.77,255.88,1955,2151
PBAL6061-C1500T1-1/4S14,"14""",1500,AL-6061,"1-1/4""",1.25,5.1,60.95,85.33,476,524
PB304-C1500T1-3/8S14,"14""",1500,304,"1-3/8""",1.375,5.55,198.78,278.29,1585,1744
PBSA36-C1500T1-3/8S14,"14""",1500,SA-36,"1-3/8""",1.375,1.87,190.28,266.39,539,593
PBSA516-70-C1500T1-3/8S14,"14""",1500,SA-516-70,"1-3/8""",1.375,2.18,190.28,266.39,621,684
PB304L-C1500T1-3/8S14,"14""",1500,304L,"1-3/8""",1.375,6.01,198.78,278.29,1713,1885
PB316L-C1500T1-3/8S14,"14""",1500,316L,"1-3/8""",1.375,7.48,201.04,281.46,2146,2361
PBAL6061-C1500T1-3/8S14,"14""",1500,AL-6061,"1-3/8""",1.375,5.1,67.05,93.87,519,571
PB304-C1500T1-1/2S14,"14""",1500,304,"1-1/2""",1.5,5.55,216.85,303.59,1726,1899
PBSA36-C1500T1-1/2S14,"14""",1500,SA-36,"1-1/2""",1.5,1.87,207.58,290.61,584,643
PBSA516-70-C1500T1-1/2S14,"14""",1500,SA-516-70,"1-1/2""",1.5,2.18,207.58,290.61,674,742
PB304L-C1500T1-1/2S14,"14""",1500,304L,"1-1/2""",1.5,6.01,216.85,303.59,1865,2052
PB316L-C1500T1-1/2S14,"14""",1500,316L,"1-1/2""",1.5,7.48,219.32,307.05,2337,2571
PBAL6061-C1500T1-1/2S14,"14""",1500,AL-6061,"1-1/2""",1.5,5.1,73.14,102.4,563,620
PB304-C1500T1-5/8S14,"14""",1500,304,"1-5/8""",1.625,5.55,234.93,328.9,1866,2053
PBSA36-C1500T1-5/8S14,"14""",1500,SA-36,"1-5/8""",1.625,1.87,224.88,314.83,629,692
PBSA516-70-C1500T1-5/8S14,"14""",1500,SA-516-70,"1-5/8""",1.625,2.18,224.88,314.83,727,800
PB304L-C1500T1-5/8S14,"14""",1500,304L,"1-5/8""",1.625,6.01,234.93,328.9,2017,2219
PB316L-C1500T1-5/8S14,"14""",1500,316L,"1-5/8""",1.625,7.48,237.6,332.64,2529,2782
PBAL6061-C1500T1-5/8S14,"14""",1500,AL-6061,"1-5/8""",1.625,5.1,79.24,110.94,607,668
PB304-C1500T1-3/4S14,"14""",1500,304,"1-3/4""",1.75,5.55,253,354.2,2007,2208
PBSA36-C1500T1-3/4S14,"14""",1500,SA-36,"1-3/4""",1.75,1.87,242.18,339.05,675,743
PBSA516-70-C1500T1-3/4S14,"14""",1500,SA-516-70,"1-3/4""",1.75,2.18,242.18,339.05,780,859
PB304L-C1500T1-3/4S14,"14""",1500,304L,"1-3/4""",1.75,6.01,253,354.2,2169,2386
PB316L-C1500T1-3/4S14,"14""",1500,316L,"1-3/4""",1.75,7.48,255.87,358.22,2720,2993
PBAL6061-C1500T1-3/4S14,"14""",1500,AL-6061,"1-3/4""",1.75,5.1,85.33,119.46,650,716
PB304-C1500T1-7/8S14,"14""",1500,304,"1-7/8""",1.875,5.55,271.07,379.5,2147,2362
PBSA36-C1500T1-7/8S14,"14""",1500,SA-36,"1-7/8""",1.875,1.87,259.47,363.26,720,793
PBSA516-70-C1500T1-7/8S14,"14""",1500,SA-516-70,"1-7/8""",1.875,2.18,259.47,363.26,833,917
PB304L-C1500T1-7/8S14,"14""",1500,304L,"1-7/8""",1.875,6.01,271.07,379.5,2322,2555
PB316L-C1500T1-7/8S14,"14""",1500,316L,"1-7/8""",1.875,7.48,274.15,383.81,2912,3204
PBAL6061-C1500T1-7/8S14,"14""",1500,AL-6061,"1-7/8""",1.875,5.1,91.43,128,694,764
PB304-C1500T2S14,"14""",1500,304,"2""",2,5.55,289.14,404.8,2287,2516
PBSA36-C1500T2S14,"14""",1500,SA-36,"2""",2,1.87,276.77,387.48,765,842
PBSA516-70-C1500T2S14,"14""",1500,SA-516-70,"2""",2,2.18,276.77,387.48,885,974
PB304L-C1500T2S14,"14""",1500,304L,"2""",2,6.01,289.14,404.8,2474,2722
PB316L-C1500T2S14,"14""",1500,316L,"2""",2,7.48,292.43,409.4,3103,3414
PBAL6061-C1500T2S14,"14""",1500,AL-6061,"2""",2,5.1,97.52,136.53,737,811
PB304-C1500T2-1/4S14,"14""",1500,304,"2-1/4""",2.25,5.55,325.28,455.39,2568,2825
PBSA36-C1500T2-1/4S14,"14""",1500,SA-36,"2-1/4""",2.25,1.87,311.37,435.92,856,942
PBSA516-70-C1500T2-1/4S14,"14""",1500,SA-516-70,"2-1/4""",2.25,2.18,311.37,435.92,991,1091
PB304L-C1500T2-1/4S14,"14""",1500,304L,"2-1/4""",2.25,6.01,325.28,455.39,2778,3056
PB316L-C1500T2-1/4S14,"14""",1500,316L,"2-1/4""",2.25,7.48,328.98,460.57,3486,3835
PBAL6061-C1500T2-1/4S14,"14""",1500,AL-6061,"2-1/4""",2.25,5.1,109.71,153.59,824,907
PB304-C1500T2-1/2S14,"14""",1500,304,"2-1/2""",2.5,5.55,361.42,505.99,2849,3134
PBSA36-C1500T2-1/2S14,"14""",1500,SA-36,"2-1/2""",2.5,1.87,345.96,484.34,946,1041
PBSA516-70-C1500T2-1/2S14,"14""",1500,SA-516-70,"2-1/2""",2.5,2.18,345.96,484.34,1097,1207
PB304L-C1500T2-1/2S14,"14""",1500,304L,"2-1/2""",2.5,6.01,361.42,505.99,3082,3391
PB316L-C1500T2-1/2S14,"14""",1500,316L,"2-1/2""",2.5,7.48,365.53,511.74,3869,4256
PBAL6061-C1500T2-1/2S14,"14""",1500,AL-6061,"2-1/2""",2.5,5.1,121.9,170.66,911,1003
PB304-C1500T3S14,"14""",1500,304,"3""",3,5.55,433.71,607.19,3411,3753
PBSA36-C1500T3S14,"14""",1500,SA-36,"3""",3,1.87,415.16,581.22,1128,1241
PBSA516-70-C1500T3S14,"14""",1500,SA-516-70,"3""",3,2.18,415.16,581.22,1308,1439
PB304L-C1500T3S14,"14""",1500,304L,"3""",3,6.01,433.71,607.19,3690,4060
PB316L-C1500T3S14,"14""",1500,316L,"3""",3,7.48,438.64,614.1,4634,5098
PBAL6061-C1500T3S14,"14""",1500,AL-6061,"3""",3,5.1,146.28,204.79,1085,1194
PB304-C1500T11GAS16,"16""",1500,304,11 Gauge,0.1196,5.55,21.28,29.79,210,232
PBSA36-C1500T11GAS16,"16""",1500,SA-36,11 Gauge,0.1196,1.87,20.37,28.52,98,108
PBSA516-70-C1500T11GAS16,"16""",1500,SA-516-70,11 Gauge,0.1196,2.18,20.37,28.52,107,118
PB304L-C1500T11GAS16,"16""",1500,304L,11 Gauge,0.1196,6.01,21.28,29.79,224,247
PB316L-C1500T11GAS16,"16""",1500,316L,11 Gauge,0.1196,7.48,21.53,30.14,270,297
PBAL6061-C1500T11GAS16,"16""",1500,AL-6061,11 Gauge,0.1196,5.1,7.18,10.05,96,106
PB304-C1500T1/8S16,"16""",1500,304,"1/8""",0.125,5.55,22.24,31.14,218,240
PBSA36-C1500T1/8S16,"16""",1500,SA-36,"1/8""",0.125,1.87,21.29,29.81,101,112
PBSA516-70-C1500T1/8S16,"16""",1500,SA-516-70,"1/8""",0.125,2.18,21.29,29.81,110,122
PB304L-C1500T1/8S16,"16""",1500,304L,"1/8""",0.125,6.01,22.24,31.14,232,256
PB316L-C1500T1/8S16,"16""",1500,316L,"1/8""",0.125,7.48,22.5,31.5,281,310
PBAL6061-C1500T1/8S16,"16""",1500,AL-6061,"1/8""",0.125,5.1,7.5,10.5,98,108
PB304-C1500T3/16S16,"16""",1500,304,"3/16""",0.1875,5.55,33.37,46.72,304,335
PBSA36-C1500T3/16S16,"16""",1500,SA-36,"3/16""",0.1875,1.87,31.94,44.72,129,142
PBSA516-70-C1500T3/16S16,"16""",1500,SA-516-70,"3/16""",0.1875,2.18,31.94,44.72,142,157
PB304L-C1500T3/16S16,"16""",1500,304L,"3/16""",0.1875,6.01,33.37,46.72,326,359
PB316L-C1500T3/16S16,"16""",1500,316L,"3/16""",0.1875,7.48,33.75,47.25,398,438
PBAL6061-C1500T3/16S16,"16""",1500,AL-6061,"3/16""",0.1875,5.1,11.25,15.75,125,138
PB304-C1500T1/4S16,"16""",1500,304,"1/4""",0.25,5.55,44.49,62.29,391,431
PBSA36-C1500T1/4S16,"16""",1500,SA-36,"1/4""",0.25,1.87,42.59,59.63,156,172
PBSA516-70-C1500T1/4S16,"16""",1500,SA-516-70,"1/4""",0.25,2.18,42.59,59.63,175,193
PB304L-C1500T1/4S16,"16""",1500,304L,"1/4""",0.25,6.01,44.49,62.29,419,461
PB316L-C1500T1/4S16,"16""",1500,316L,"1/4""",0.25,7.48,44.99,62.99,516,568
PBAL6061-C1500T1/4S16,"16""",1500,AL-6061,"1/4""",0.25,5.1,15,21,152,168
PB304-C1500T5/16S16,"16""",1500,304,"5/16""",0.3125,5.55,55.61,77.85,477,525
PBSA36-C1500T5/16S16,"16""",1500,SA-36,"5/16""",0.3125,1.87,53.23,74.52,184,203
PBSA516-70-C1500T5/16S16,"16""",1500,SA-516-70,"5/16""",0.3125,2.18,53.23,74.52,207,228
PB304L-C1500T5/16S16,"16""",1500,304L,"5/16""",0.3125,6.01,55.61,77.85,513,565
PB316L-C1500T5/16S16,"16""",1500,316L,"5/16""",0.3125,7.48,56.24,78.74,634,698
PBAL6061-C1500T5/16S16,"16""",1500,AL-6061,"5/16""",0.3125,5.1,18.76,26.26,179,197
PB304-C1500T3/8S16,"16""",1500,304,"3/8""",0.375,5.55,66.73,93.42,563,620
PBSA36-C1500T3/8S16,"16""",1500,SA-36,"3/8""",0.375,1.87,63.88,89.43,212,234
PBSA516-70-C1500T3/8S16,"16""",1500,SA-516-70,"3/8""",0.375,2.18,63.88,89.43,240,264
PB304L-C1500T3/8S16,"16""",1500,304L,"3/8""",0.375,6.01,66.73,93.42,606,667
PB316L-C1500T3/8S16,"16""",1500,316L,"3/8""",0.375,7.48,67.49,94.49,752,828
PBAL6061-C1500T3/8S16,"16""",1500,AL-6061,"3/8""",0.375,5.1,22.51,31.51,206,227
PB304-C1500T1/2S16,"16""",1500,304,"1/2""",0.5,5.55,88.98,124.57,736,810
PBSA36-C1500T1/2S16,"16""",1500,SA-36,"1/2""",0.5,1.87,85.17,119.24,268,295
PBSA516-70-C1500T1/2S16,"16""",1500,SA-516-70,"1/2""",0.5,2.18,85.17,119.24,305,336
PB304L-C1500T1/2S16,"16""",1500,304L,"1/2""",0.5,6.01,88.98,124.57,794,874
PB316L-C1500T1/2S16,"16""",1500,316L,"1/2""",0.5,7.48,89.99,125.99,987,1086
PBAL6061-C1500T1/2S16,"16""",1500,AL-6061,"1/2""",0.5,5.1,30.01,42.01,259,285
PB304-C1500T5/8S16,"16""",1500,304,"5/8""",0.625,5.55,111.22,155.71,909,1000
PBSA36-C1500T5/8S16,"16""",1500,SA-36,"5/8""",0.625,1.87,106.46,149.04,324,357
PBSA516-70-C1500T5/8S16,"16""",1500,SA-516-70,"5/8""",0.625,2.18,106.46,149.04,370,408
PB304L-C1500T5/8S16,"16""",1500,304L,"5/8""",0.625,6.01,111.22,155.71,981,1080
PB316L-C1500T5/8S16,"16""",1500,316L,"5/8""",0.625,7.48,112.48,157.47,1223,1346
PBAL6061-C1500T5/8S16,"16""",1500,AL-6061,"5/8""",0.625,5.1,37.51,52.51,313,345
PB304-C1500T3/4S16,"16""",1500,304,"3/4""",0.75,5.55,133.46,186.84,1082,1191
PBSA36-C1500T3/4S16,"16""",1500,SA-36,"3/4""",0.75,1.87,127.76,178.86,379,417
PBSA516-70-C1500T3/4S16,"16""",1500,SA-516-70,"3/4""",0.75,2.18,127.76,178.86,435,479
PB304L-C1500T3/4S16,"16""",1500,304L,"3/4""",0.75,6.01,133.46,186.84,1168,1285
PB316L-C1500T3/4S16,"16""",1500,316L,"3/4""",0.75,7.48,134.98,188.97,1458,1604
PBAL6061-C1500T3/4S16,"16""",1500,AL-6061,"3/4""",0.75,5.1,45.01,63.01,366,403
PB304-C1500T7/8S16,"16""",1500,304,"7/8""",0.875,5.55,155.71,217.99,1255,1381
PBSA36-C1500T7/8S16,"16""",1500,SA-36,"7/8""",0.875,1.87,149.05,208.67,435,479
PBSA516-70-C1500T7/8S16,"16""",1500,SA-516-70,"7/8""",0.875,2.18,149.05,208.67,500,550
PB304L-C1500T7/8S16,"16""",1500,304L,"7/8""",0.875,6.01,155.71,217.99,1355,1491
PB316L-C1500T7/8S16,"16""",1500,316L,"7/8""",0.875,7.48,157.48,220.47,1694,1864
PBAL6061-C1500T7/8S16,"16""",1500,AL-6061,"7/8""",0.875,5.1,52.52,73.53,420,463
PB304-C1500T1S16,"16""",1500,304,"1""",1,5.55,177.95,249.13,1428,1571
PBSA36-C1500T1S16,"16""",1500,SA-36,"1""",1,1.87,170.34,238.48,491,541
PBSA516-70-C1500T1S16,"16""",1500,SA-516-70,"1""",1,2.18,170.34,238.48,565,622
PB304L-C1500T1S16,"16""",1500,304L,"1""",1,6.01,177.95,249.13,1542,1697
PB316L-C1500T1S16,"16""",1500,316L,"1""",1,7.48,179.98,251.97,1930,2123
PBAL6061-C1500T1S16,"16""",1500,AL-6061,"1""",1,5.1,60.02,84.03,473,521
PB304-C1500T1-1/8S16,"16""",1500,304,"1-1/8""",1.125,5.55,200.2,280.28,1600,1761
PBSA36-C1500T1-1/8S16,"16""",1500,SA-36,"1-1/8""",1.125,1.87,191.63,268.28,547,602
PBSA516-70-C1500T1-1/8S16,"16""",1500,SA-516-70,"1-1/8""",1.125,2.18,191.63,268.28,630,693
PB304L-C1500T1-1/8S16,"16""",1500,304L,"1-1/8""",1.125,6.01,200.2,280.28,1729,1902
PB316L-C1500T1-1/8S16,"16""",1500,316L,"1-1/8""",1.125,7.48,202.47,283.46,2165,2382
PBAL6061-C1500T1-1/8S16,"16""",1500,AL-6061,"1-1/8""",1.125,5.1,67.52,94.53,527,580
PB304-C1500T1-1/4S16,"16""",1500,304,"1-1/4""",1.25,5.55,222.44,311.42,1773,1951
PBSA36-C1500T1-1/4S16,"16""",1500,SA-36,"1-1/4""",1.25,1.87,212.93,298.1,602,663
PBSA516-70-C1500T1-1/4S16,"16""",1500,SA-516-70,"1-1/4""",1.25,2.18,212.93,298.1,695,765
PB304L-C1500T1-1/4S16,"16""",1500,304L,"1-1/4""",1.25,6.01,222.44,311.42,1917,2109
PB316L-C1500T1-1/4S16,"16""",1500,316L,"1-1/4""",1.25,7.48,224.97,314.96,2401,2642
PBAL6061-C1500T1-1/4S16,"16""",1500,AL-6061,"1-1/4""",1.25,5.1,75.02,105.03,581,640
PB304-C1500T1-3/8S16,"16""",1500,304,"1-3/8""",1.375,5.55,244.68,342.55,1946,2141
PBSA36-C1500T1-3/8S16,"16""",1500,SA-36,"1-3/8""",1.375,1.87,234.22,327.91,658,724
PBSA516-70-C1500T1-3/8S16,"16""",1500,SA-516-70,"1-3/8""",1.375,2.18,234.22,327.91,760,837
PB304L-C1500T1-3/8S16,"16""",1500,304L,"1-3/8""",1.375,6.01,244.68,342.55,2104,2315
PB316L-C1500T1-3/8S16,"16""",1500,316L,"1-3/8""",1.375,7.48,247.47,346.46,2636,2900
PBAL6061-C1500T1-3/8S16,"16""",1500,AL-6061,"1-3/8""",1.375,5.1,82.53,115.54,634,698
PB304-C1500T1-1/2S16,"16""",1500,304,"1-1/2""",1.5,5.55,266.93,373.7,2119,2331
PBSA36-C1500T1-1/2S16,"16""",1500,SA-36,"1-1/2""",1.5,1.87,255.51,357.71,714,786
PBSA516-70-C1500T1-1/2S16,"16""",1500,SA-516-70,"1-1/2""",1.5,2.18,255.51,357.71,825,908
PB304L-C1500T1-1/2S16,"16""",1500,304L,"1-1/2""",1.5,6.01,266.93,373.7,2291,2521
PB316L-C1500T1-1/2S16,"16""",1500,316L,"1-1/2""",1.5,7.48,269.96,377.94,2872,3160
PBAL6061-C1500T1-1/2S16,"16""",1500,AL-6061,"1-1/2""",1.5,5.1,90.03,126.04,688,757
PB304-C1500T1-5/8S16,"16""",1500,304,"1-5/8""",1.625,5.55,289.17,404.84,2292,2522
PBSA36-C1500T1-5/8S16,"16""",1500,SA-36,"1-5/8""",1.625,1.87,276.8,387.52,770,848
PBSA516-70-C1500T1-5/8S16,"16""",1500,SA-516-70,"1-5/8""",1.625,2.18,276.8,387.52,890,980
PB304L-C1500T1-5/8S16,"16""",1500,304L,"1-5/8""",1.625,6.01,289.17,404.84,2478,2726
PB316L-C1500T1-5/8S16,"16""",1500,316L,"1-5/8""",1.625,7.48,292.46,409.44,3108,3419
PBAL6061-C1500T1-5/8S16,"16""",1500,AL-6061,"1-5/8""",1.625,5.1,97.53,136.54,741,816
PB304-C1500T1-3/4S16,"16""",1500,304,"1-3/4""",1.75,5.55,311.42,435.99,2465,2712
PBSA36-C1500T1-3/4S16,"16""",1500,SA-36,"1-3/4""",1.75,1.87,298.1,417.34,825,908
PBSA516-70-C1500T1-3/4S16,"16""",1500,SA-516-70,"1-3/4""",1.75,2.18,298.1,417.34,955,1051
PB304L-C1500T1-3/4S16,"16""",1500,304L,"1-3/4""",1.75,6.01,311.42,435.99,2665,2932
PB316L-C1500T1-3/4S16,"16""",1500,316L,"1-3/4""",1.75,7.48,314.96,440.94,3343,3678
PBAL6061-C1500T1-3/4S16,"16""",1500,AL-6061,"1-3/4""",1.75,5.1,105.03,147.04,795,875
PB304-C1500T1-7/8S16,"16""",1500,304,"1-7/8""",1.875,5.55,333.66,467.12,2637,2901
PBSA36-C1500T1-7/8S16,"16""",1500,SA-36,"1-7/8""",1.875,1.87,319.39,447.15,881,970
PBSA516-70-C1500T1-7/8S16,"16""",1500,SA-516-70,"1-7/8""",1.875,2.18,319.39,447.15,1020,1122
PB304L-C1500T1-7/8S16,"16""",1500,304L,"1-7/8""",1.875,6.01,333.66,467.12,2852,3138
PB316L-C1500T1-7/8S16,"16""",1500,316L,"1-7/8""",1.875,7.48,337.45,472.43,3579,3937
PBAL6061-C1500T1-7/8S16,"16""",1500,AL-6061,"1-7/8""",1.875,5.1,112.54,157.56,848,933
PB304-C1500T2S16,"16""",1500,304,"2""",2,5.55,355.91,498.27,2810,3092
PBSA36-C1500T2S16,"16""",1500,SA-36,"2""",2,1.87,340.68,476.95,937,1031
PBSA516-70-C1500T2S16,"16""",1500,SA-516-70,"2""",2,2.18,340.68,476.95,1085,1194
PB304L-C1500T2S16,"16""",1500,304L,"2""",2,6.01,355.91,498.27,3040,3345
PB316L-C1500T2S16,"16""",1500,316L,"2""",2,7.48,359.95,503.93,3814,4196
PBAL6061-C1500T2S16,"16""",1500,AL-6061,"2""",2,5.1,120.04,168.06,902,993
PB304-C1500T2-1/4S16,"16""",1500,304,"2-1/4""",2.25,5.55,400.39,560.55,3156,3472
PBSA36-C1500T2-1/4S16,"16""",1500,SA-36,"2-1/4""",2.25,1.87,383.27,536.58,1048,1153
PBSA516-70-C1500T2-1/4S16,"16""",1500,SA-516-70,"2-1/4""",2.25,2.18,383.27,536.58,1215,1337
PB304L-C1500T2-1/4S16,"16""",1500,304L,"2-1/4""",2.25,6.01,400.39,560.55,3414,3756
PB316L-C1500T2-1/4S16,"16""",1500,316L,"2-1/4""",2.25,7.48,404.94,566.92,4285,4714
PBAL6061-C1500T2-1/4S16,"16""",1500,AL-6061,"2-1/4""",2.25,5.1,135.04,189.06,1009,1110
PB304-C1500T2-1/2S16,"16""",1500,304,"2-1/2""",2.5,5.55,444.88,622.83,3502,3853
PBSA36-C1500T2-1/2S16,"16""",1500,SA-36,"2-1/2""",2.5,1.87,425.85,596.19,1160,1276
PBSA516-70-C1500T2-1/2S16,"16""",1500,SA-516-70,"2-1/2""",2.5,2.18,425.85,596.19,1345,1480
PB304L-C1500T2-1/2S16,"16""",1500,304L,"2-1/2""",2.5,6.01,444.88,622.83,3788,4167
PB316L-C1500T2-1/2S16,"16""",1500,316L,"2-1/2""",2.5,7.48,449.94,629.92,4757,5233
PBAL6061-C1500T2-1/2S16,"16""",1500,AL-6061,"2-1/2""",2.5,5.1,150.05,210.07,1116,1228
PB304-C1500T3S16,"16""",1500,304,"3""",3,5.55,533.86,747.4,4193,4613
PBSA36-C1500T3S16,"16""",1500,SA-36,"3""",3,1.87,511.02,715.43,1383,1522
PBSA516-70-C1500T3S16,"16""",1500,SA-516-70,"3""",3,2.18,511.02,715.43,1605,1766
PB304L-C1500T3S16,"16""",1500,304L,"3""",3,6.01,533.86,747.4,4537,4991
PB316L-C1500T3S16,"16""",1500,316L,"3""",3,7.48,539.93,755.9,5699,6269
PBAL6061-C1500T3S16,"16""",1500,AL-6061,"3""",3,5.1,180.06,252.08,1331,1465
PB304-C1500T11GAS18,"18""",1500,304,11 Gauge,0.1196,5.55,25.69,35.97,249,274
PBSA36-C1500T11GAS18,"18""",1500,SA-36,11 Gauge,0.1196,1.87,24.59,34.43,113,125
PBSA516-70-C1500T11GAS18,"18""",1500,SA-516-70,11 Gauge,0.1196,2.18,24.59,34.43,124,137
PB304L-C1500T11GAS18,"18""",1500,304L,11 Gauge,0.1196,6.01,25.69,35.97,265,292
PB316L-C1500T11GAS18,"18""",1500,316L,11 Gauge,0.1196,7.48,25.98,36.37,321,354
PBAL6061-C1500T11GAS18,"18""",1500,AL-6061,11 Gauge,0.1196,5.1,8.66,12.12,111,123
PB304-C1500T1/8S18,"18""",1500,304,"1/8""",0.125,5.55,26.85,37.59,258,284
PBSA36-C1500T1/8S18,"18""",1500,SA-36,"1/8""",0.125,1.87,25.7,35.98,116,128
PBSA516-70-C1500T1/8S18,"18""",1500,SA-516-70,"1/8""",0.125,2.18,25.7,35.98,128,141
PB304L-C1500T1/8S18,"18""",1500,304L,"1/8""",0.125,6.01,26.85,37.59,275,303
PB316L-C1500T1/8S18,"18""",1500,316L,"1/8""",0.125,7.48,27.16,38.02,333,367
PBAL6061-C1500T1/8S18,"18""",1500,AL-6061,"1/8""",0.125,5.1,9.06,12.68,114,126
PB304-C1500T3/16S18,"18""",1500,304,"3/16""",0.1875,5.55,40.27,56.38,362,399
PBSA36-C1500T3/16S18,"18""",1500,SA-36,"3/16""",0.1875,1.87,38.55,53.97,150,165
PBSA516-70-C1500T3/16S18,"18""",1500,SA-516-70,"3/16""",0.1875,2.18,38.55,53.97,167,184
PB304L-C1500T3/16S18,"18""",1500,304L,"3/16""",0.1875,6.01,40.27,56.38,388,427
PB316L-C1500T3/16S18,"18""",1500,316L,"3/16""",0.1875,7.48,40.73,57.02,476,524
PBAL6061-C1500T3/16S18,"18""",1500,AL-6061,"3/16""",0.1875,5.1,13.58,19.01,146,161
PB304-C1500T1/4S18,"18""",1500,304,"1/4""",0.25,5.55,53.7,75.18,466,513
PBSA36-C1500T1/4S18,"18""",1500,SA-36,"1/4""",0.25,1.87,51.4,71.96,184,203
PBSA516-70-C1500T1/4S18,"18""",1500,SA-516-70,"1/4""",0.25,2.18,51.4,71.96,206,227
PB304L-C1500T1/4S18,"18""",1500,304L,"1/4""",0.25,6.01,53.7,75.18,501,552
PB316L-C1500T1/4S18,"18""",1500,316L,"1/4""",0.25,7.48,54.31,76.03,618,680
PBAL6061-C1500T1/4S18,"18""",1500,AL-6061,"1/4""",0.25,5.1,18.11,25.35,178,196
PB304-C1500T5/16S18,"18""",1500,304,"5/16""",0.3125,5.55,67.12,93.97,571,629
PBSA36-C1500T5/16S18,"18""",1500,SA-36,"5/16""",0.3125,1.87,64.25,89.95,217,239
PBSA516-70-C1500T5/16S18,"18""",1500,SA-516-70,"5/16""",0.3125,2.18,64.25,89.95,245,270
PB304L-C1500T5/16S18,"18""",1500,304L,"5/16""",0.3125,6.01,67.12,93.97,614,676
PB316L-C1500T5/16S18,"18""",1500,316L,"5/16""",0.3125,7.48,67.89,95.05,760,837
PBAL6061-C1500T5/16S18,"18""",1500,AL-6061,"5/16""",0.3125,5.1,22.64,31.7,211,233
PB304-C1500T3/8S18,"18""",1500,304,"3/8""",0.375,5.55,80.55,112.77,675,743
PBSA36-C1500T3/8S18,"18""",1500,SA-36,"3/8""",0.375,1.87,77.1,107.94,251,277
PBSA516-70-C1500T3/8S18,"18""",1500,SA-516-70,"3/8""",0.375,2.18,77.1,107.94,284,313
PB304L-C1500T3/8S18,"18""",1500,304L,"3/8""",0.375,6.01,80.55,112.77,727,800
PB316L-C1500T3/8S18,"18""",1500,316L,"3/8""",0.375,7.48,81.47,114.06,902,993
PBAL6061-C1500T3/8S18,"18""",1500,AL-6061,"3/8""",0.375,5.1,27.17,38.04,243,268
PB304-C1500T1/2S18,"18""",1500,304,"1/2""",0.5,5.55,107.4,150.36,884,973
PBSA36-C1500T1/2S18,"18""",1500,SA-36,"1/2""",0.5,1.87,102.81,143.93,318,350
PBSA516-70-C1500T1/2S18,"18""",1500,SA-516-70,"1/2""",0.5,2.18,102.81,143.93,363,400
PB304L-C1500T1/2S18,"18""",1500,304L,"1/2""",0.5,6.01,107.4,150.36,953,1049
PB316L-C1500T1/2S18,"18""",1500,316L,"1/2""",0.5,7.48,108.62,152.07,1187,1306
PBAL6061-C1500T1/2S18,"18""",1500,AL-6061,"1/2""",0.5,5.1,36.22,50.71,308,339
PB304-C1500T5/8S18,"18""",1500,304,"5/8""",0.625,5.55,134.25,187.95,1092,1202
PBSA36-C1500T5/8S18,"18""",1500,SA-36,"5/8""",0.625,1.87,128.51,179.91,386,425
PBSA516-70-C1500T5/8S18,"18""",1500,SA-516-70,"5/8""",0.625,2.18,128.51,179.91,441,486
PB304L-C1500T5/8S18,"18""",1500,304L,"5/8""",0.625,6.01,134.25,187.95,1179,1297
PB316L-C1500T5/8S18,"18""",1500,316L,"5/8""",0.625,7.48,135.78,190.09,1471,1619
PBAL6061-C1500T5/8S18,"18""",1500,AL-6061,"5/8""",0.625,5.1,45.28,63.39,372,410
PB304-C1500T3/4S18,"18""",1500,304,"3/4""",0.75,5.55,161.1,225.54,1301,1432
PBSA36-C1500T3/4S18,"18""",1500,SA-36,"3/4""",0.75,1.87,154.21,215.89,453,499
PBSA516-70-C1500T3/4S18,"18""",1500,SA-516-70,"3/4""",0.75,2.18,154.21,215.89,520,572
PB304L-C1500T3/4S18,"18""",1500,304L,"3/4""",0.75,6.01,161.1,225.54,1405,1546
PB316L-C1500T3/4S18,"18""",1500,316L,"3/4""",0.75,7.48,162.93,228.1,1755,1931
PBAL6061-C1500T3/4S18,"18""",1500,AL-6061,"3/4""",0.75,5.1,54.34,76.08,437,481
PB304-C1500T7/8S18,"18""",1500,304,"7/8""",0.875,5.55,187.95,263.13,1509,1660
PBSA36-C1500T7/8S18,"18""",1500,SA-36,"7/8""",0.875,1.87,179.91,251.87,520,572
PBSA516-70-C1500T7/8S18,"18""",1500,SA-516-70,"7/8""",0.875,2.18,179.91,251.87,598,658
PB304L-C1500T7/8S18,"18""",1500,304L,"7/8""",0.875,6.01,187.95,263.13,1631,1795
PB316L-C1500T7/8S18,"18""",1500,316L,"7/8""",0.875,7.48,190.09,266.13,2040,2244
PBAL6061-C1500T7/8S18,"18""",1500,AL-6061,"7/8""",0.875,5.1,63.39,88.75,502,553
PB304-C1500T1S18,"18""",1500,304,"1""",1,5.55,214.8,300.72,1718,1890
PBSA36-C1500T1S18,"18""",1500,SA-36,"1""",1,1.87,205.61,287.85,587,646
PBSA516-70-C1500T1S18,"18""",1500,SA-516-70,"1""",1,2.18,205.61,287.85,677,745
PB304L-C1500T1S18,"18""",1500,304L,"1""",1,6.01,214.8,300.72,1856,2042
PB316L-C1500T1S18,"18""",1500,316L,"1""",1,7.48,217.24,304.14,2324,2557
PBAL6061-C1500T1S18,"18""",1500,AL-6061,"1""",1,5.1,72.45,101.43,566,623
PB304-C1500T1-1/8S18,"18""",1500,304,"1-1/8""",1.125,5.55,241.65,338.31,1927,2120
PBSA36-C1500T1-1/8S18,"18""",1500,SA-36,"1-1/8""",1.125,1.87,231.31,323.83,655,721
PBSA516-70-C1500T1-1/8S18,"18""",1500,SA-516-70,"1-1/8""",1.125,2.18,231.31,323.83,755,831
PB304L-C1500T1-1/8S18,"18""",1500,304L,"1-1/8""",1.125,6.01,241.65,338.31,2082,2291
PB316L-C1500T1-1/8S18,"18""",1500,316L,"1-1/8""",1.125,7.48,244.4,342.16,2608,2869
PBAL6061-C1500T1-1/8S18,"18""",1500,AL-6061,"1-1/8""",1.125,5.1,81.5,114.1,631,695
PB304-C1500T1-1/4S18,"18""",1500,304,"1-1/4""",1.25,5.55,268.5,375.9,2135,2349
PBSA36-C1500T1-1/4S18,"18""",1500,SA-36,"1-1/4""",1.25,1.87,257.01,359.81,722,795
PBSA516-70-C1500T1-1/4S18,"18""",1500,SA-516-70,"1-1/4""",1.25,2.18,257.01,359.81,833,917
PB304L-C1500T1-1/4S18,"18""",1500,304L,"1-1/4""",1.25,6.01,268.5,375.9,2308,2539
PB316L-C1500T1-1/4S18,"18""",1500,316L,"1-1/4""",1.25,7.48,271.55,380.17,2893,3183
PBAL6061-C1500T1-1/4S18,"18""",1500,AL-6061,"1-1/4""",1.25,5.1,90.56,126.78,696,766
PB304-C1500T1-3/8S18,"18""",1500,304,"1-3/8""",1.375,5.55,295.35,413.49,2344,2579
PBSA36-C1500T1-3/8S18,"18""",1500,SA-36,"1-3/8""",1.375,1.87,282.72,395.81,789,868
PBSA516-70-C1500T1-3/8S18,"18""",1500,SA-516-70,"1-3/8""",1.375,2.18,282.72,395.81,912,1004
PB304L-C1500T1-3/8S18,"18""",1500,304L,"1-3/8""",1.375,6.01,295.35,413.49,2534,2788
PB316L-C1500T1-3/8S18,"18""",1500,316L,"1-3/8""",1.375,7.48,298.71,418.19,3177,3495
PBAL6061-C1500T1-3/8S18,"18""",1500,AL-6061,"1-3/8""",1.375,5.1,99.62,139.47,760,837
PB304-C1500T1-1/2S18,"18""",1500,304,"1-1/2""",1.5,5.55,322.2,451.08,2553,2809
PBSA36-C1500T1-1/2S18,"18""",1500,SA-36,"1-1/2""",1.5,1.87,308.42,431.79,857,943
PBSA516-70-C1500T1-1/2S18,"18""",1500,SA-516-70,"1-1/2""",1.5,2.18,308.42,431.79,990,1089
PB304L-C1500T1-1/2S18,"18""",1500,304L,"1-1/2""",1.5,6.01,322.2,451.08,2760,3037
PB316L-C1500T1-1/2S18,"18""",1500,316L,"1-1/2""",1.5,7.48,325.86,456.2,3461,3808
PBAL6061-C1500T1-1/2S18,"18""",1500,AL-6061,"1-1/2""",1.5,5.1,108.67,152.14,825,908
PB304-C1500T1-5/8S18,"18""",1500,304,"1-5/8""",1.625,5.55,349.05,488.67,2761,3038
PBSA36-C1500T1-5/8S18,"18""",1500,SA-36,"1-5/8""",1.625,1.87,334.12,467.77,924,1017
PBSA516-70-C1500T1-5/8S18,"18""",1500,SA-516-70,"1-5/8""",1.625,2.18,334.12,467.77,1069,1176
PB304L-C1500T1-5/8S18,"18""",1500,304L,"1-5/8""",1.625,6.01,349.05,488.67,2986,3285
PB316L-C1500T1-5/8S18,"18""",1500,316L,"1-5/8""",1.625,7.48,353.02,494.23,3746,4121
PBAL6061-C1500T1-5/8S18,"18""",1500,AL-6061,"1-5/8""",1.625,5.1,117.73,164.82,890,980
PB304-C1500T1-3/4S18,"18""",1500,304,"1-3/4""",1.75,5.55,375.9,526.26,2970,3268
PBSA36-C1500T1-3/4S18,"18""",1500,SA-36,"1-3/4""",1.75,1.87,359.82,503.75,991,1091
PBSA516-70-C1500T1-3/4S18,"18""",1500,SA-516-70,"1-3/4""",1.75,2.18,359.82,503.75,1147,1262
PB304L-C1500T1-3/4S18,"18""",1500,304L,"1-3/4""",1.75,6.01,375.9,526.26,3212,3534
PB316L-C1500T1-3/4S18,"18""",1500,316L,"1-3/4""",1.75,7.48,380.17,532.24,4030,4433
PBAL6061-C1500T1-3/4S18,"18""",1500,AL-6061,"1-3/4""",1.75,5.1,126.78,177.49,954,1050
PB304-C1500T1-7/8S18,"18""",1500,304,"1-7/8""",1.875,5.55,402.75,563.85,3178,3496
PBSA36-C1500T1-7/8S18,"18""",1500,SA-36,"1-7/8""",1.875,1.87,385.52,539.73,1058,1164
PBSA516-70-C1500T1-7/8S18,"18""",1500,SA-516-70,"1-7/8""",1.875,2.18,385.52,539.73,1226,1349
PB304L-C1500T1-7/8S18,"18""",1500,304L,"1-7/8""",1.875,6.01,402.75,563.85,3438,3782
PB316L-C1500T1-7/8S18,"18""",1500,316L,"1-7/8""",1.875,7.48,407.33,570.26,4315,4747
PBAL6061-C1500T1-7/8S18,"18""",1500,AL-6061,"1-7/8""",1.875,5.1,135.84,190.18,1019,1121
PB304-C1500T2S18,"18""",1500,304,"2""",2,5.55,429.6,601.44,3387,3726
PBSA36-C1500T2S18,"18""",1500,SA-36,"2""",2,1.87,411.22,575.71,1126,1239
PBSA516-70-C1500T2S18,"18""",1500,SA-516-70,"2""",2,2.18,411.22,575.71,1304,1435
PB304L-C1500T2S18,"18""",1500,304L,"2""",2,6.01,429.6,601.44,3664,4031
PB316L-C1500T2S18,"18""",1500,316L,"2""",2,7.48,434.48,608.27,4599,5059
PBAL6061-C1500T2S18,"18""",1500,AL-6061,"2""",2,5.1,144.89,202.85,1084,1193
PB304-C1500T2-1/4S18,"18""",1500,304,"2-1/4""",2.25,5.55,483.3,676.62,3804,4185
PBSA36-C1500T2-1/4S18,"18""",1500,SA-36,"2-1/4""",2.25,1.87,462.63,647.68,1260,1386
PBSA516-70-C1500T2-1/4S18,"18""",1500,SA-516-70,"2-1/4""",2.25,2.18,462.63,647.68,1461,1608
PB304L-C1500T2-1/4S18,"18""",1500,304L,"2-1/4""",2.25,6.01,483.3,676.62,4116,4528
PB316L-C1500T2-1/4S18,"18""",1500,316L,"2-1/4""",2.25,7.48,488.79,684.31,5168,5685
PBAL6061-C1500T2-1/4S18,"18""",1500,AL-6061,"2-1/4""",2.25,5.1,163.01,228.21,1213,1335
PB304-C1500T2-1/2S18,"18""",1500,304,"2-1/2""",2.5,5.55,537,751.8,4222,4645
PBSA36-C1500T2-1/2S18,"18""",1500,SA-36,"2-1/2""",2.5,1.87,514.03,719.64,1395,1535
PBSA516-70-C1500T2-1/2S18,"18""",1500,SA-516-70,"2-1/2""",2.5,2.18,514.03,719.64,1618,1780
PB304L-C1500T2-1/2S18,"18""",1500,304L,"2-1/2""",2.5,6.01,537,751.8,4567,5024
PB316L-C1500T2-1/2S18,"18""",1500,316L,"2-1/2""",2.5,7.48,543.1,760.34,5736,6310
PBAL6061-C1500T2-1/2S18,"18""",1500,AL-6061,"2-1/2""",2.5,5.1,181.12,253.57,1342,1477
PB304-C1500T3S18,"18""",1500,304,"3""",3,5.55,644.4,902.16,5056,5562
PBSA36-C1500T3S18,"18""",1500,SA-36,"3""",3,1.87,616.83,863.56,1664,1831
PBSA516-70-C1500T3S18,"18""",1500,SA-516-70,"3""",3,2.18,616.83,863.56,1932,2126
PB304L-C1500T3S18,"18""",1500,304L,"3""",3,6.01,644.4,902.16,5471,6019
PB316L-C1500T3S18,"18""",1500,316L,"3""",3,7.48,651.72,912.41,6874,7562
PBAL6061-C1500T3S18,"18""",1500,AL-6061,"3""",3,5.1,217.34,304.28,1601,1762
PB304-C1500T11GAS20,"20""",1500,304,11 Gauge,0.1196,5.55,29.53,41.34,282,311
PBSA36-C1500T11GAS20,"20""",1500,SA-36,11 Gauge,0.1196,1.87,28.26,39.56,126,139
PBSA516-70-C1500T11GAS20,"20""",1500,SA-516-70,11 Gauge,0.1196,2.18,28.26,39.56,139,153
PB304L-C1500T11GAS20,"20""",1500,304L,11 Gauge,0.1196,6.01,29.53,41.34,301,332
PB316L-C1500T11GAS20,"20""",1500,316L,11 Gauge,0.1196,7.48,29.86,41.8,365,402
PBAL6061-C1500T11GAS20,"20""",1500,AL-6061,11 Gauge,0.1196,5.1,9.96,13.94,124,137
PB304-C1500T1/8S20,"20""",1500,304,"1/8""",0.125,5.55,30.86,43.2,292,322
PBSA36-C1500T1/8S20,"20""",1500,SA-36,"1/8""",0.125,1.87,29.54,41.36,130,143
PBSA516-70-C1500T1/8S20,"20""",1500,SA-516-70,"1/8""",0.125,2.18,29.54,41.36,143,158
PB304L-C1500T1/8S20,"20""",1500,304L,"1/8""",0.125,6.01,30.86,43.2,312,344
PB316L-C1500T1/8S20,"20""",1500,316L,"1/8""",0.125,7.48,31.21,43.69,379,417
PBAL6061-C1500T1/8S20,"20""",1500,AL-6061,"1/8""",0.125,5.1,10.41,14.57,127,140
PB304-C1500T3/16S20,"20""",1500,304,"3/16""",0.1875,5.55,46.29,64.81,412,454
PBSA36-C1500T3/16S20,"20""",1500,SA-36,"3/16""",0.1875,1.87,44.31,62.03,168,185
PBSA516-70-C1500T3/16S20,"20""",1500,SA-516-70,"3/16""",0.1875,2.18,44.31,62.03,188,207
PB304L-C1500T3/16S20,"20""",1500,304L,"3/16""",0.1875,6.01,46.29,64.81,442,487
PB316L-C1500T3/16S20,"20""",1500,316L,"3/16""",0.1875,7.48,46.82,65.55,543,598
PBAL6061-C1500T3/16S20,"20""",1500,AL-6061,"3/16""",0.1875,5.1,15.61,21.85,164,181
PB304-C1500T1/4S20,"20""",1500,304,"1/4""",0.25,5.55,61.72,86.41,532,586
PBSA36-C1500T1/4S20,"20""",1500,SA-36,"1/4""",0.25,1.87,59.08,82.71,207,228
PBSA516-70-C1500T1/4S20,"20""",1500,SA-516-70,"1/4""",0.25,2.18,59.08,82.71,233,257
PB304L-C1500T1/4S20,"20""",1500,304L,"1/4""",0.25,6.01,61.72,86.41,572,630
PB316L-C1500T1/4S20,"20""",1500,316L,"1/4""",0.25,7.48,62.42,87.39,706,777
PBAL6061-C1500T1/4S20,"20""",1500,AL-6061,"1/4""",0.25,5.1,20.82,29.15,201,222
PB304-C1500T5/16S20,"20""",1500,304,"5/16""",0.3125,5.55,77.15,108.01,652,718
PBSA36-C1500T5/16S20,"20""",1500,SA-36,"5/16""",0.3125,1.87,73.85,103.39,246,271
PBSA516-70-C1500T5/16S20,"20""",1500,SA-516-70,"5/16""",0.3125,2.18,73.85,103.39,278,306
PB304L-C1500T5/16S20,"20""",1500,304L,"5/16""",0.3125,6.01,77.15,108.01,702,773
PB316L-C1500T5/16S20,"20""",1500,316L,"5/16""",0.3125,7.48,78.03,109.24,870,958
PBAL6061-C1500T5/16S20,"20""",1500,AL-6061,"5/16""",0.3125,5.1,26.02,36.43,238,262
PB304-C1500T3/8S20,"20""",1500,304,"3/8""",0.375,5.55,92.58,129.61,772,850
PBSA36-C1500T3/8S20,"20""",1500,SA-36,"3/8""",0.375,1.87,88.62,124.07,284,313
PBSA516-70-C1500T3/8S20,"20""",1500,SA-516-70,"3/8""",0.375,2.18,88.62,124.07,323,356
PB304L-C1500T3/8S20,"20""",1500,304L,"3/8""",0.375,6.01,92.58,129.61,831,915
PB316L-C1500T3/8S20,"20""",1500,316L,"3/8""",0.375,7.48,93.63,131.08,1033,1137
PBAL6061-C1500T3/8S20,"20""",1500,AL-6061,"3/8""",0.375,5.1,31.23,43.72,275,303
PB304-C1500T1/2S20,"20""",1500,304,"1/2""",0.5,5.55,123.44,172.82,1012,1114
PBSA36-C1500T1/2S20,"20""",1500,SA-36,"1/2""",0.5,1.87,118.16,165.42,362,399
PBSA516-70-C1500T1/2S20,"20""",1500,SA-516-70,"1/2""",0.5,2.18,118.16,165.42,413,455
PB304L-C1500T1/2S20,"20""",1500,304L,"1/2""",0.5,6.01,123.44,172.82,1091,1201
PB316L-C1500T1/2S20,"20""",1500,316L,"1/2""",0.5,7.48,124.84,174.78,1360,1497
PBAL6061-C1500T1/2S20,"20""",1500,AL-6061,"1/2""",0.5,5.1,41.63,58.28,350,386
PB304-C1500T5/8S20,"20""",1500,304,"5/8""",0.625,5.55,154.3,216.02,1251,1377
PBSA36-C1500T5/8S20,"20""",1500,SA-36,"5/8""",0.625,1.87,147.7,206.78,439,483
PBSA516-70-C1500T5/8S20,"20""",1500,SA-516-70,"5/8""",0.625,2.18,147.7,206.78,503,554
PB304L-C1500T5/8S20,"20""",1500,304L,"5/8""",0.625,6.01,154.3,216.02,1351,1487
PB316L-C1500T5/8S20,"20""",1500,316L,"5/8""",0.625,7.48,156.05,218.47,1687,1856
PBAL6061-C1500T5/8S20,"20""",1500,AL-6061,"5/8""",0.625,5.1,52.04,72.86,424,467
PB304-C1500T3/4S20,"20""",1500,304,"3/4""",0.75,5.55,185.16,259.22,1491,1641
PBSA36-C1500T3/4S20,"20""",1500,SA-36,"3/4""",0.75,1.87,177.24,248.14,516,568
PBSA516-70-C1500T3/4S20,"20""",1500,SA-516-70,"3/4""",0.75,2.18,177.24,248.14,593,653
PB304L-C1500T3/4S20,"20""",1500,304L,"3/4""",0.75,6.01,185.16,259.22,1610,1772
PB316L-C1500T3/4S20,"20""",1500,316L,"3/4""",0.75,7.48,187.27,262.18,2014,2216
PBAL6061-C1500T3/4S20,"20""",1500,AL-6061,"3/4""",0.75,5.1,62.45,87.43,498,548
PB304-C1500T7/8S20,"20""",1500,304,"7/8""",0.875,5.55,216.02,302.43,1731,1905
PBSA36-C1500T7/8S20,"20""",1500,SA-36,"7/8""",0.875,1.87,206.78,289.49,594,654
PBSA516-70-C1500T7/8S20,"20""",1500,SA-516-70,"7/8""",0.875,2.18,206.78,289.49,684,753
PB304L-C1500T7/8S20,"20""",1500,304L,"7/8""",0.875,6.01,216.02,302.43,1870,2057
PB316L-C1500T7/8S20,"20""",1500,316L,"7/8""",0.875,7.48,218.48,305.87,2340,2574
PBAL6061-C1500T7/8S20,"20""",1500,AL-6061,"7/8""",0.875,5.1,72.86,102,573,631
PB304-C1500T1S20,"20""",1500,304,"1""",1,5.55,246.88,345.63,1971,2169
PBSA36-C1500T1S20,"20""",1500,SA-36,"1""",1,1.87,236.32,330.85,671,739
PBSA516-70-C1500T1S20,"20""",1500,SA-516-70,"1""",1,2.18,236.32,330.85,774,852
PB304L-C1500T1S20,"20""",1500,304L,"1""",1,6.01,246.88,345.63,2130,2343
PB316L-C1500T1S20,"20""",1500,316L,"1""",1,7.48,249.69,349.57,2667,2934
PBAL6061-C1500T1S20,"20""",1500,AL-6061,"1""",1,5.1,83.27,116.58,647,712
PB304-C1500T1-1/8S20,"20""",1500,304,"1-1/8""",1.125,5.55,277.74,388.84,2211,2433
PBSA36-C1500T1-1/8S20,"20""",1500,SA-36,"1-1/8""",1.125,1.87,265.86,372.2,748,823
PBSA516-70-C1500T1-1/8S20,"20""",1500,SA-516-70,"1-1/8""",1.125,2.18,265.86,372.2,864,951
PB304L-C1500T1-1/8S20,"20""",1500,304L,"1-1/8""",1.125,6.01,277.74,388.84,2389,2628
PB316L-C1500T1-1/8S20,"20""",1500,316L,"1-1/8""",1.125,7.48,280.9,393.26,2994,3294
PBAL6061-C1500T1-1/8S20,"20""",1500,AL-6061,"1-1/8""",1.125,5.1,93.68,131.15,721,794
PB304-C1500T1-1/4S20,"20""",1500,304,"1-1/4""",1.25,5.55,308.6,432.04,2450,2695
PBSA36-C1500T1-1/4S20,"20""",1500,SA-36,"1-1/4""",1.25,1.87,295.4,413.56,826,909
PBSA516-70-C1500T1-1/4S20,"20""",1500,SA-516-70,"1-1/4""",1.25,2.18,295.4,413.56,954,1050
PB304L-C1500T1-1/4S20,"20""",1500,304L,"1-1/4""",1.25,6.01,308.6,432.04,2649,2914
PB316L-C1500T1-1/4S20,"20""",1500,316L,"1-1/4""",1.25,7.48,312.11,436.95,3321,3654
PBAL6061-C1500T1-1/4S20,"20""",1500,AL-6061,"1-1/4""",1.25,5.1,104.08,145.71,796,876
PB304-C1500T1-3/8S20,"20""",1500,304,"1-3/8""",1.375,5.55,339.46,475.24,2690,2960
PBSA36-C1500T1-3/8S20,"20""",1500,SA-36,"1-3/8""",1.375,1.87,324.94,454.92,903,994
PBSA516-70-C1500T1-3/8S20,"20""",1500,SA-516-70,"1-3/8""",1.375,2.18,324.94,454.92,1044,1149
PB304L-C1500T1-3/8S20,"20""",1500,304L,"1-3/8""",1.375,6.01,339.46,475.24,2909,3200
PB316L-C1500T1-3/8S20,"20""",1500,316L,"1-3/8""",1.375,7.48,343.32,480.65,3648,4013
PBAL6061-C1500T1-3/8S20,"20""",1500,AL-6061,"1-3/8""",1.375,5.1,114.49,160.29,870,958
PB304-C1500T1-1/2S20,"20""",1500,304,"1-1/2""",1.5,5.55,370.32,518.45,2930,3224
PBSA36-C1500T1-1/2S20,"20""",1500,SA-36,"1-1/2""",1.5,1.87,354.48,496.27,980,1078
PBSA516-70-C1500T1-1/2S20,"20""",1500,SA-516-70,"1-1/2""",1.5,2.18,354.48,496.27,1134,1248
PB304L-C1500T1-1/2S20,"20""",1500,304L,"1-1/2""",1.5,6.01,370.32,518.45,3168,3485
PB316L-C1500T1-1/2S20,"20""",1500,316L,"1-1/2""",1.5,7.48,374.53,524.34,3975,4373
PBAL6061-C1500T1-1/2S20,"20""",1500,AL-6061,"1-1/2""",1.5,5.1,124.9,174.86,944,1039
PB304-C1500T1-5/8S20,"20""",1500,304,"1-5/8""",1.625,5.55,401.18,561.65,3170,3488
PBSA36-C1500T1-5/8S20,"20""",1500,SA-36,"1-5/8""",1.625,1.87,384.02,537.63,1058,1164
PBSA516-70-C1500T1-5/8S20,"20""",1500,SA-516-70,"1-5/8""",1.625,2.18,384.02,537.63,1224,1347
PB304L-C1500T1-5/8S20,"20""",1500,304L,"1-5/8""",1.625,6.01,401.18,561.65,3428,3771
PB316L-C1500T1-5/8S20,"20""",1500,316L,"1-5/8""",1.625,7.48,405.74,568.04,4301,4732
PBAL6061-C1500T1-5/8S20,"20""",1500,AL-6061,"1-5/8""",1.625,5.1,135.31,189.43,1019,1121
PB304-C1500T1-3/4S20,"20""",1500,304,"1-3/4""",1.75,5.55,432.04,604.86,3409,3750
PBSA36-C1500T1-3/4S20,"20""",1500,SA-36,"1-3/4""",1.75,1.87,413.56,578.98,1135,1249
PBSA516-70-C1500T1-3/4S20,"20""",1500,SA-516-70,"1-3/4""",1.75,2.18,413.56,578.98,1315,1447
PB304L-C1500T1-3/4S20,"20""",1500,304L,"1-3/4""",1.75,6.01,432.04,604.86,3688,4057
PB316L-C1500T1-3/4S20,"20""",1500,316L,"1-3/4""",1.75,7.48,436.95,611.73,4628,5091
PBAL6061-C1500T1-3/4S20,"20""",1500,AL-6061,"1-3/4""",1.75,5.1,145.72,204.01,1093,1203
PB304-C1500T1-7/8S20,"20""",1500,304,"1-7/8""",1.875,5.55,462.9,648.06,3649,4014
PBSA36-C1500T1-7/8S20,"20""",1500,SA-36,"1-7/8""",1.875,1.87,443.1,620.34,1212,1334
PBSA516-70-C1500T1-7/8S20,"20""",1500,SA-516-70,"1-7/8""",1.875,2.18,443.1,620.34,1405,1546
PB304L-C1500T1-7/8S20,"20""",1500,304L,"1-7/8""",1.875,6.01,462.9,648.06,3947,4342
PB316L-C1500T1-7/8S20,"20""",1500,316L,"1-7/8""",1.875,7.48,468.16,655.42,4955,5451
PBAL6061-C1500T1-7/8S20,"20""",1500,AL-6061,"1-7/8""",1.875,5.1,156.13,218.58,1167,1284
PB304-C1500T2S20,"20""",1500,304,"2""",2,5.55,493.76,691.26,3889,4278
PBSA36-C1500T2S20,"20""",1500,SA-36,"2""",2,1.87,472.64,661.7,1290,1420
PBSA516-70-C1500T2S20,"20""",1500,SA-516-70,"2""",2,2.18,472.64,661.7,1495,1645
PB304L-C1500T2S20,"20""",1500,304L,"2""",2,6.01,493.76,691.26,4207,4628
PB316L-C1500T2S20,"20""",1500,316L,"2""",2,7.48,499.38,699.13,5282,5811
PBAL6061-C1500T2S20,"20""",1500,AL-6061,"2""",2,5.1,166.54,233.16,1242,1367
PB304-C1500T2-1/4S20,"20""",1500,304,"2-1/4""",2.25,5.55,555.48,777.67,4369,4806
PBSA36-C1500T2-1/4S20,"20""",1500,SA-36,"2-1/4""",2.25,1.87,531.72,744.41,1445,1590
PBSA516-70-C1500T2-1/4S20,"20""",1500,SA-516-70,"2-1/4""",2.25,2.18,531.72,744.41,1675,1843
PB304L-C1500T2-1/4S20,"20""",1500,304L,"2-1/4""",2.25,6.01,555.48,777.67,4726,5199
PB316L-C1500T2-1/4S20,"20""",1500,316L,"2-1/4""",2.25,7.48,561.8,786.52,5936,6530
PBAL6061-C1500T2-1/4S20,"20""",1500,AL-6061,"2-1/4""",2.25,5.1,187.35,262.29,1390,1530
PB304-C1500T2-1/2S20,"20""",1500,304,"2-1/2""",2.5,5.55,617.2,864.08,4848,5333
PBSA36-C1500T2-1/2S20,"20""",1500,SA-36,"2-1/2""",2.5,1.87,590.8,827.12,1599,1759
PBSA516-70-C1500T2-1/2S20,"20""",1500,SA-516-70,"2-1/2""",2.5,2.18,590.8,827.12,1856,2042
PB304L-C1500T2-1/2S20,"20""",1500,304L,"2-1/2""",2.5,6.01,617.2,864.08,5246,5771
PB316L-C1500T2-1/2S20,"20""",1500,316L,"2-1/2""",2.5,7.48,624.22,873.91,6589,7248
PBAL6061-C1500T2-1/2S20,"20""",1500,AL-6061,"2-1/2""",2.5,5.1,208.17,291.44,1539,1693
PB304-C1500T3S20,"20""",1500,304,"3""",3,5.55,740.64,1036.9,5807,6388
PBSA36-C1500T3S20,"20""",1500,SA-36,"3""",3,1.87,708.96,992.54,1909,2100
PBSA516-70-C1500T3S20,"20""",1500,SA-516-70,"3""",3,2.18,708.96,992.54,2216,2438
PB304L-C1500T3S20,"20""",1500,304L,"3""",3,6.01,740.64,1036.9,6284,6913
PB316L-C1500T3S20,"20""",1500,316L,"3""",3,7.48,749.06,1048.68,7897,8687
PBAL6061-C1500T3S20,"20""",1500,AL-6061,"3""",3,5.1,249.8,349.72,1836,2020
PB304-C1500T11GAS24,"24""",1500,304,11 Gauge,0.1196,5.55,41.98,58.77,383,422
PBSA36-C1500T11GAS24,"24""",1500,SA-36,11 Gauge,0.1196,1.87,40.18,56.25,162,179
PBSA516-70-C1500T11GAS24,"24""",1500,SA-516-70,11 Gauge,0.1196,2.18,40.18,56.25,179,197
PB304L-C1500T11GAS24,"24""",1500,304L,11 Gauge,0.1196,6.01,41.98,58.77,410,452
PB316L-C1500T11GAS24,"24""",1500,316L,11 Gauge,0.1196,7.48,42.45,59.43,501,552
PBAL6061-C1500T11GAS24,"24""",1500,AL-6061,11 Gauge,0.1196,5.1,14.16,19.82,158,174
PB304-C1500T1/8S24,"24""",1500,304,"1/8""",0.125,5.55,43.87,61.42,398,438
PBSA36-C1500T1/8S24,"24""",1500,SA-36,"1/8""",0.125,1.87,42,58.8,167,184
PBSA516-70-C1500T1/8S24,"24""",1500,SA-516-70,"1/8""",0.125,2.18,42,58.8,185,204
PB304L-C1500T1/8S24,"24""",1500,304L,"1/8""",0.125,6.01,43.87,61.42,426,469
PB316L-C1500T1/8S24,"24""",1500,316L,"1/8""",0.125,7.48,44.37,62.12,521,574
PBAL6061-C1500T1/8S24,"24""",1500,AL-6061,"1/8""",0.125,5.1,14.8,20.72,162,179
PB304-C1500T3/16S24,"24""",1500,304,"3/16""",0.1875,5.55,65.81,92.13,568,625
PBSA36-C1500T3/16S24,"24""",1500,SA-36,"3/16""",0.1875,1.87,62.99,88.19,222,245
PBSA516-70-C1500T3/16S24,"24""",1500,SA-516-70,"3/16""",0.1875,2.18,62.99,88.19,249,274
PB304L-C1500T3/16S24,"24""",1500,304L,"3/16""",0.1875,6.01,65.81,92.13,610,671
PB316L-C1500T3/16S24,"24""",1500,316L,"3/16""",0.1875,7.48,66.56,93.18,754,830
PBAL6061-C1500T3/16S24,"24""",1500,AL-6061,"3/16""",0.1875,5.1,22.2,31.08,215,237
PB304-C1500T1/4S24,"24""",1500,304,"1/4""",0.25,5.55,87.74,122.84,738,812
PBSA36-C1500T1/4S24,"24""",1500,SA-36,"1/4""",0.25,1.87,83.99,117.59,277,305
PBSA516-70-C1500T1/4S24,"24""",1500,SA-516-70,"1/4""",0.25,2.18,83.99,117.59,313,345
PB304L-C1500T1/4S24,"24""",1500,304L,"1/4""",0.25,6.01,87.74,122.84,795,875
PB316L-C1500T1/4S24,"24""",1500,316L,"1/4""",0.25,7.48,88.74,124.24,986,1085
PBAL6061-C1500T1/4S24,"24""",1500,AL-6061,"1/4""",0.25,5.1,29.59,41.43,268,295
PB304-C1500T5/16S24,"24""",1500,304,"5/16""",0.3125,5.55,109.68,153.55,909,1000
PBSA36-C1500T5/16S24,"24""",1500,SA-36,"5/16""",0.3125,1.87,104.99,146.99,332,366
PBSA516-70-C1500T5/16S24,"24""",1500,SA-516-70,"5/16""",0.3125,2.18,104.99,146.99,377,415
PB304L-C1500T5/16S24,"24""",1500,304L,"5/16""",0.3125,6.01,109.68,153.55,979,1077
PB316L-C1500T5/16S24,"24""",1500,316L,"5/16""",0.3125,7.48,110.93,155.3,1218,1340
PBAL6061-C1500T5/16S24,"24""",1500,AL-6061,"5/16""",0.3125,5.1,36.99,51.79,321,354
PB304-C1500T3/8S24,"24""",1500,304,"3/8""",0.375,5.55,131.62,184.27,1079,1187
PBSA36-C1500T3/8S24,"24""",1500,SA-36,"3/8""",0.375,1.87,125.99,176.39,386,425
PBSA516-70-C1500T3/8S24,"24""",1500,SA-516-70,"3/8""",0.375,2.18,125.99,176.39,441,486
PB304L-C1500T3/8S24,"24""",1500,304L,"3/8""",0.375,6.01,131.62,184.27,1164,1281
PB316L-C1500T3/8S24,"24""",1500,316L,"3/8""",0.375,7.48,133.11,186.35,1451,1597
PBAL6061-C1500T3/8S24,"24""",1500,AL-6061,"3/8""",0.375,5.1,44.39,62.15,374,412
PB304-C1500T1/2S24,"24""",1500,304,"1/2""",0.5,5.55,175.49,245.69,1420,1563
PBSA36-C1500T1/2S24,"24""",1500,SA-36,"1/2""",0.5,1.87,167.98,235.17,496,546
PBSA516-70-C1500T1/2S24,"24""",1500,SA-516-70,"1/2""",0.5,2.18,167.98,235.17,569,626
PB304L-C1500T1/2S24,"24""",1500,304L,"1/2""",0.5,6.01,175.49,245.69,1533,1687
PB316L-C1500T1/2S24,"24""",1500,316L,"1/2""",0.5,7.48,177.48,248.47,1915,2107
PBAL6061-C1500T1/2S24,"24""",1500,AL-6061,"1/2""",0.5,5.1,59.19,82.87,479,527
PB304-C1500T5/8S24,"24""",1500,304,"5/8""",0.625,5.55,219.36,307.1,1761,1938
PBSA36-C1500T5/8S24,"24""",1500,SA-36,"5/8""",0.625,1.87,209.98,293.97,606,667
PBSA516-70-C1500T5/8S24,"24""",1500,SA-516-70,"5/8""",0.625,2.18,209.98,293.97,698,768
PB304L-C1500T5/8S24,"24""",1500,304L,"5/8""",0.625,6.01,219.36,307.1,1902,2093
PB316L-C1500T5/8S24,"24""",1500,316L,"5/8""",0.625,7.48,221.85,310.59,2380,2618
PBAL6061-C1500T5/8S24,"24""",1500,AL-6061,"5/8""",0.625,5.1,73.99,103.59,585,644
PB304-C1500T3/4S24,"24""",1500,304,"3/4""",0.75,5.55,263.23,368.52,2102,2313
PBSA36-C1500T3/4S24,"24""",1500,SA-36,"3/4""",0.75,1.87,251.97,352.76,716,788
PBSA516-70-C1500T3/4S24,"24""",1500,SA-516-70,"3/4""",0.75,2.18,251.97,352.76,826,909
PB304L-C1500T3/4S24,"24""",1500,304L,"3/4""",0.75,6.01,263.23,368.52,2271,2499
PB316L-C1500T3/4S24,"24""",1500,316L,"3/4""",0.75,7.48,266.22,372.71,2845,3130
PBAL6061-C1500T3/4S24,"24""",1500,AL-6061,"3/4""",0.75,5.1,88.78,124.29,691,761
PB304-C1500T7/8S24,"24""",1500,304,"7/8""",0.875,5.55,307.1,429.94,2443,2688
PBSA36-C1500T7/8S24,"24""",1500,SA-36,"7/8""",0.875,1.87,293.97,411.56,826,909
PBSA516-70-C1500T7/8S24,"24""",1500,SA-516-70,"7/8""",0.875,2.18,293.97,411.56,954,1050
PB304L-C1500T7/8S24,"24""",1500,304L,"7/8""",0.875,6.01,307.1,429.94,2641,2906
PB316L-C1500T7/8S24,"24""",1500,316L,"7/8""",0.875,7.48,310.59,434.83,3309,3640
PBAL6061-C1500T7/8S24,"24""",1500,AL-6061,"7/8""",0.875,5.1,103.58,145.01,796,876
PB304-C1500T1S24,"24""",1500,304,"1""",1,5.55,350.98,491.37,2784,3063
PBSA36-C1500T1S24,"24""",1500,SA-36,"1""",1,1.87,335.96,470.34,936,1030
PBSA516-70-C1500T1S24,"24""",1500,SA-516-70,"1""",1,2.18,335.96,470.34,1082,1191
PB304L-C1500T1S24,"24""",1500,304L,"1""",1,6.01,350.98,491.37,3010,3312
PB316L-C1500T1S24,"24""",1500,316L,"1""",1,7.48,354.97,496.96,3774,4152
PBAL6061-C1500T1S24,"24""",1500,AL-6061,"1""",1,5.1,118.38,165.73,902,993
PB304-C1500T1-1/8S24,"24""",1500,304,"1-1/8""",1.125,5.55,394.85,552.79,3125,3438
PBSA36-C1500T1-1/8S24,"24""",1500,SA-36,"1-1/8""",1.125,1.87,377.96,529.14,1046,1151
PBSA516-70-C1500T1-1/8S24,"24""",1500,SA-516-70,"1-1/8""",1.125,2.18,377.96,529.14,1210,1331
PB304L-C1500T1-1/8S24,"24""",1500,304L,"1-1/8""",1.125,6.01,394.85,552.79,3379,3717
PB316L-C1500T1-1/8S24,"24""",1500,316L,"1-1/8""",1.125,7.48,399.34,559.08,4239,4663
PBAL6061-C1500T1-1/8S24,"24""",1500,AL-6061,"1-1/8""",1.125,5.1,133.17,186.44,1007,1108
PB304-C1500T1-1/4S24,"24""",1500,304,"1-1/4""",1.25,5.55,438.72,614.21,3466,3813
PBSA36-C1500T1-1/4S24,"24""",1500,SA-36,"1-1/4""",1.25,1.87,419.95,587.93,1156,1272
PBSA516-70-C1500T1-1/4S24,"24""",1500,SA-516-70,"1-1/4""",1.25,2.18,419.95,587.93,1338,1472
PB304L-C1500T1-1/4S24,"24""",1500,304L,"1-1/4""",1.25,6.01,438.72,614.21,3748,4123
PB316L-C1500T1-1/4S24,"24""",1500,316L,"1-1/4""",1.25,7.48,443.71,621.19,4703,5174
PBAL6061-C1500T1-1/4S24,"24""",1500,AL-6061,"1-1/4""",1.25,5.1,147.97,207.16,1113,1225
PB304-C1500T1-3/8S24,"24""",1500,304,"1-3/8""",1.375,5.55,482.59,675.63,3806,4187
PBSA36-C1500T1-3/8S24,"24""",1500,SA-36,"1-3/8""",1.375,1.87,461.95,646.73,1266,1393
PBSA516-70-C1500T1-3/8S24,"24""",1500,SA-516-70,"1-3/8""",1.375,2.18,461.95,646.73,1467,1614
PB304L-C1500T1-3/8S24,"24""",1500,304L,"1-3/8""",1.375,6.01,482.59,675.63,4117,4529
PB316L-C1500T1-3/8S24,"24""",1500,316L,"1-3/8""",1.375,7.48,488.08,683.31,5168,5685
PBAL6061-C1500T1-3/8S24,"24""",1500,AL-6061,"1-3/8""",1.375,5.1,162.77,227.88,1219,1341
PB304-C1500T1-1/2S24,"24""",1500,304,"1-1/2""",1.5,5.55,526.46,737.04,4147,4562
PBSA36-C1500T1-1/2S24,"24""",1500,SA-36,"1-1/2""",1.5,1.87,503.94,705.52,1376,1514
PBSA516-70-C1500T1-1/2S24,"24""",1500,SA-516-70,"1-1/2""",1.5,2.18,503.94,705.52,1595,1755
PB304L-C1500T1-1/2S24,"24""",1500,304L,"1-1/2""",1.5,6.01,526.46,737.04,4486,4935
PB316L-C1500T1-1/2S24,"24""",1500,316L,"1-1/2""",1.5,7.48,532.45,745.43,5632,6196
PBAL6061-C1500T1-1/2S24,"24""",1500,AL-6061,"1-1/2""",1.5,5.1,177.56,248.58,1324,1457
PB304-C1500T1-5/8S24,"24""",1500,304,"1-5/8""",1.625,5.55,570.33,798.46,4488,4937
PBSA36-C1500T1-5/8S24,"24""",1500,SA-36,"1-5/8""",1.625,1.87,545.94,764.32,1486,1635
PBSA516-70-C1500T1-5/8S24,"24""",1500,SA-516-70,"1-5/8""",1.625,2.18,545.94,764.32,1723,1896
PB304L-C1500T1-5/8S24,"24""",1500,304L,"1-5/8""",1.625,6.01,570.33,798.46,4855,5341
PB316L-C1500T1-5/8S24,"24""",1500,316L,"1-5/8""",1.625,7.48,576.82,807.55,6097,6707
PBAL6061-C1500T1-5/8S24,"24""",1500,AL-6061,"1-5/8""",1.625,5.1,192.36,269.3,1430,1574
PB304-C1500T1-3/4S24,"24""",1500,304,"1-3/4""",1.75,5.55,614.21,859.89,4829,5312
PBSA36-C1500T1-3/4S24,"24""",1500,SA-36,"1-3/4""",1.75,1.87,587.93,823.1,1596,1756
PBSA516-70-C1500T1-3/4S24,"24""",1500,SA-516-70,"1-3/4""",1.75,2.18,587.93,823.1,1851,2037
PB304L-C1500T1-3/4S24,"24""",1500,304L,"1-3/4""",1.75,6.01,614.21,859.89,5225,5748
PB316L-C1500T1-3/4S24,"24""",1500,316L,"1-3/4""",1.75,7.48,621.19,869.67,6562,7219
PBAL6061-C1500T1-3/4S24,"24""",1500,AL-6061,"1-3/4""",1.75,5.1,207.16,290.02,1536,1690
PB304-C1500T1-7/8S24,"24""",1500,304,"1-7/8""",1.875,5.55,658.08,921.31,5170,5688
PBSA36-C1500T1-7/8S24,"24""",1500,SA-36,"1-7/8""",1.875,1.87,629.93,881.9,1706,1877
PBSA516-70-C1500T1-7/8S24,"24""",1500,SA-516-70,"1-7/8""",1.875,2.18,629.93,881.9,1979,2177
PB304L-C1500T1-7/8S24,"24""",1500,304L,"1-7/8""",1.875,6.01,658.08,921.31,5594,6154
PB316L-C1500T1-7/8S24,"24""",1500,316L,"1-7/8""",1.875,7.48,665.56,931.78,7026,7729
PBAL6061-C1500T1-7/8S24,"24""",1500,AL-6061,"1-7/8""",1.875,5.1,221.96,310.74,1641,1806
PB304-C1500T2S24,"24""",1500,304,"2""",2,5.55,701.95,982.73,5511,6063
PBSA36-C1500T2S24,"24""",1500,SA-36,"2""",2,1.87,671.92,940.69,1816,1998
PBSA516-70-C1500T2S24,"24""",1500,SA-516-70,"2""",2,2.18,671.92,940.69,2107,2318
PB304L-C1500T2S24,"24""",1500,304L,"2""",2,6.01,701.95,982.73,5963,6560
PB316L-C1500T2S24,"24""",1500,316L,"2""",2,7.48,709.93,993.9,7491,8241
PBAL6061-C1500T2S24,"24""",1500,AL-6061,"2""",2,5.1,236.75,331.45,1747,1922
PB304-C1500T2-1/4S24,"24""",1500,304,"2-1/4""",2.25,5.55,789.69,1105.57,6193,6813
PBSA36-C1500T2-1/4S24,"24""",1500,SA-36,"2-1/4""",2.25,1.87,755.92,1058.29,2036,2240
PBSA516-70-C1500T2-1/4S24,"24""",1500,SA-516-70,"2-1/4""",2.25,2.18,755.92,1058.29,2364,2601
PB304L-C1500T2-1/4S24,"24""",1500,304L,"2-1/4""",2.25,6.01,789.69,1105.57,6701,7372
PB316L-C1500T2-1/4S24,"24""",1500,316L,"2-1/4""",2.25,7.48,798.67,1118.14,8420,9262
PBAL6061-C1500T2-1/4S24,"24""",1500,AL-6061,"2-1/4""",2.25,5.1,266.35,372.89,1958,2154
PB304-C1500T2-1/2S24,"24""",1500,304,"2-1/2""",2.5,5.55,877.44,1228.42,6874,7562
PBSA36-C1500T2-1/2S24,"24""",1500,SA-36,"2-1/2""",2.5,1.87,839.91,1175.87,2256,2482
PBSA516-70-C1500T2-1/2S24,"24""",1500,SA-516-70,"2-1/2""",2.5,2.18,839.91,1175.87,2620,2883
PB304L-C1500T2-1/2S24,"24""",1500,304L,"2-1/2""",2.5,6.01,877.44,1228.42,7439,8183
PB316L-C1500T2-1/2S24,"24""",1500,316L,"2-1/2""",2.5,7.48,887.41,1242.37,9350,10285
PBAL6061-C1500T2-1/2S24,"24""",1500,AL-6061,"2-1/2""",2.5,5.1,295.94,414.32,2170,2387
PB304-C1500T3S24,"24""",1500,304,"3""",3,5.55,1052.93,1474.1,8238,9062
PBSA36-C1500T3S24,"24""",1500,SA-36,"3""",3,1.87,1007.89,1411.05,2695,2965
PBSA516-70-C1500T3S24,"24""",1500,SA-516-70,"3""",3,2.18,1007.89,1411.05,3133,3447
PB304L-C1500T3S24,"24""",1500,304L,"3""",3,6.01,1052.93,1474.1,8916,9808
PB316L-C1500T3S24,"24""",1500,316L,"3""",3,7.48,1064.9,1490.86,11208,12329
PBAL6061-C1500T3S24,"24""",1500,AL-6061,"3""",3,5.1,355.13,497.18,2592,2852