partNumber,nps,pressureClass,material,thicknessLabel,thicknessIn,pricePerLb,actualWeightLbs,adjustedWeightLbs,wholesalePrice,listPrice
PB304-CX150T11GAS1/2,"1/2""",150,304,11 Gauge,0.1196,5.5,0.21,0.29,36,40
PBSA36-CX150T11GAS1/2,"1/2""",150,SA-36,11 Gauge,0.1196,1.85,0.2,0.28,35,39
PBSA516-70-CX150T11GAS1/2,"1/2""",150,SA-516-70,11 Gauge,0.1196,2.15,0.2,0.28,35,39
PB304L-CX150T11GAS1/2,"1/2""",150,304L,11 Gauge,0.1196,5.95,0.21,0.29,37,41
PB316L-CX150T11GAS1/2,"1/2""",150,316L,11 Gauge,0.1196,7.4,0.21,0.29,37,41
PBAL6061-CX150T11GAS1/2,"1/2""",150,AL-6061,11 Gauge,0.1196,5,0.1,0.15,35,39
PB304-CX150T1/8S1/2,"1/2""",150,304,"1/8""",0.125,5.5,0.22,0.31,37,41
PBSA36-CX150T1/8S1/2,"1/2""",150,SA-36,"1/8""",0.125,1.85,0.21,0.29,35,39
PBSA516-70-CX150T1/8S1/2,"1/2""",150,SA-516-70,"1/8""",0.125,2.15,0.21,0.29,35,39
PB304L-CX150T1/8S1/2,"1/2""",150,304L,"1/8""",0.125,5.95,0.22,0.31,37,41
PB316L-CX150T1/8S1/2,"1/2""",150,316L,"1/8""",0.125,7.4,0.22,0.31,37,41
PBAL6061-CX150T1/8S1/2,"1/2""",150,AL-6061,"1/8""",0.125,5,0.1,0.15,35,39
PB304-CX150T3/16S1/2,"1/2""",150,304,"3/16""",0.1875,5.5,0.33,0.46,37,41
PBSA36-CX150T3/16S1/2,"1/2""",150,SA-36,"3/16""",0.1875,1.85,0.31,0.43,36,40
PBSA516-70-CX150T3/16S1/2,"1/2""",150,SA-516-70,"3/16""",0.1875,2.15,0.31,0.43,36,40
PB304L-CX150T3/16S1/2,"1/2""",150,304L,"3/16""",0.1875,5.95,0.33,0.46,38,42
PB316L-CX150T3/16S1/2,"1/2""",150,316L,"3/16""",0.1875,7.4,0.33,0.46,38,42
PBAL6061-CX150T3/16S1/2,"1/2""",150,AL-6061,"3/16""",0.1875,5,0.11,0.15,36,40
PB304-CX150T1/4S1/2,"1/2""",150,304,"1/4""",0.25,5.5,0.44,0.62,38,42
PBSA36-CX150T1/4S1/2,"1/2""",150,SA-36,"1/4""",0.25,1.85,0.42,0.59,36,40
PBSA516-70-CX150T1/4S1/2,"1/2""",150,SA-516-70,"1/4""",0.25,2.15,0.42,0.59,36,40
PB304L-CX150T1/4S1/2,"1/2""",150,304L,"1/4""",0.25,5.95,0.44,0.62,39,43
PB316L-CX150T1/4S1/2,"1/2""",150,316L,"1/4""",0.25,7.4,0.44,0.62,39,43
PBAL6061-CX150T1/4S1/2,"1/2""",150,AL-6061,"1/4""",0.25,5,0.15,0.21,36,40
PB304-CX150T5/16S1/2,"1/2""",150,304,"5/16""",0.3125,5.5,0.55,0.77,39,43
PBSA36-CX150T5/16S1/2,"1/2""",150,SA-36,"5/16""",0.3125,1.85,0.52,0.73,36,40
PBSA516-70-CX150T5/16S1/2,"1/2""",150,SA-516-70,"5/16""",0.3125,2.15,0.52,0.73,36,40
PB304L-CX150T5/16S1/2,"1/2""",150,304L,"5/16""",0.3125,5.95,0.55,0.77,39,43
PB316L-CX150T5/16S1/2,"1/2""",150,316L,"5/16""",0.3125,7.4,0.55,0.77,41,46
PBAL6061-CX150T5/16S1/2,"1/2""",150,AL-6061,"5/16""",0.3125,5,0.18,0.25,36,40
PB304-CX150T3/8S1/2,"1/2""",150,304,"3/8""",0.375,5.5,0.66,0.92,40,44
PBSA36-CX150T3/8S1/2,"1/2""",150,SA-36,"3/8""",0.375,1.85,0.63,0.88,36,40
PBSA516-70-CX150T3/8S1/2,"1/2""",150,SA-516-70,"3/8""",0.375,2.15,0.63,0.88,37,41
PB304L-CX150T3/8S1/2,"1/2""",150,304L,"3/8""",0.375,5.95,0.66,0.92,40,44
PB316L-CX150T3/8S1/2,"1/2""",150,316L,"3/8""",0.375,7.4,0.67,0.94,42,47
PBAL6061-CX150T3/8S1/2,"1/2""",150,AL-6061,"3/8""",0.375,5,0.22,0.31,36,40
PB304-CX150T1/2S1/2,"1/2""",150,304,"1/2""",0.5,5.5,0.88,1.23,42,47
PBSA36-CX150T1/2S1/2,"1/2""",150,SA-36,"1/2""",0.5,1.85,0.84,1.18,37,41
PBSA516-70-CX150T1/2S1/2,"1/2""",150,SA-516-70,"1/2""",0.5,2.15,0.84,1.18,37,41
PB304L-CX150T1/2S1/2,"1/2""",150,304L,"1/2""",0.5,5.95,0.88,1.23,42,47
PB316L-CX150T1/2S1/2,"1/2""",150,316L,"1/2""",0.5,7.4,0.89,1.25,44,49
PBAL6061-CX150T1/2S1/2,"1/2""",150,AL-6061,"1/2""",0.5,5,0.3,0.42,37,41
PB304-CX150T5/8S1/2,"1/2""",150,304,"5/8""",0.625,5.5,1.1,1.54,43,48
PBSA36-CX150T5/8S1/2,"1/2""",150,SA-36,"5/8""",0.625,1.85,1.05,1.47,38,42
PBSA516-70-CX150T5/8S1/2,"1/2""",150,SA-516-70,"5/8""",0.625,2.15,1.05,1.47,38,42
PB304L-CX150T5/8S1/2,"1/2""",150,304L,"5/8""",0.625,5.95,1.1,1.54,44,49
PB316L-CX150T5/8S1/2,"1/2""",150,316L,"5/8""",0.625,7.4,1.11,1.55,46,51
PBAL6061-CX150T5/8S1/2,"1/2""",150,AL-6061,"5/8""",0.625,5,0.37,0.52,37,41
PB304-CX150T3/4S1/2,"1/2""",150,304,"3/4""",0.75,5.5,1.32,1.85,45,50
PBSA36-CX150T3/4S1/2,"1/2""",150,SA-36,"3/4""",0.75,1.85,1.26,1.76,38,42
PBSA516-70-CX150T3/4S1/2,"1/2""",150,SA-516-70,"3/4""",0.75,2.15,1.26,1.76,39,43
PB304L-CX150T3/4S1/2,"1/2""",150,304L,"3/4""",0.75,5.95,1.32,1.85,46,51
PB316L-CX150T3/4S1/2,"1/2""",150,316L,"3/4""",0.75,7.4,1.33,1.86,49,54
PBAL6061-CX150T3/4S1/2,"1/2""",150,AL-6061,"3/4""",0.75,5,0.44,0.62,38,42
PB304-CX150T7/8S1/2,"1/2""",150,304,"7/8""",0.875,5.5,1.53,2.14,47,52
PBSA36-CX150T7/8S1/2,"1/2""",150,SA-36,"7/8""",0.875,1.85,1.47,2.06,39,43
PBSA516-70-CX150T7/8S1/2,"1/2""",150,SA-516-70,"7/8""",0.875,2.15,1.47,2.06,39,43
PB304L-CX150T7/8S1/2,"1/2""",150,304L,"7/8""",0.875,5.95,1.53,2.14,48,53
PB316L-CX150T7/8S1/2,"1/2""",150,316L,"7/8""",0.875,7.4,1.55,2.17,51,57
PBAL6061-CX150T7/8S1/2,"1/2""",150,AL-6061,"7/8""",0.875,5,0.52,0.73,38,42
PB304-CX150T1S1/2,"1/2""",150,304,"1""",1,5.5,1.75,2.45,48,53
PBSA36-CX150T1S1/2,"1/2""",150,SA-36,"1""",1,1.85,1.68,2.35,39,43
PBSA516-70-CX150T1S1/2,"1/2""",150,SA-516-70,"1""",1,2.15,1.68,2.35,40,44
PB304L-CX150T1S1/2,"1/2""",150,304L,"1""",1,5.95,1.75,2.45,49,54
PB316L-CX150T1S1/2,"1/2""",150,316L,"1""",1,7.4,1.77,2.48,53,59
PBAL6061-CX150T1S1/2,"1/2""",150,AL-6061,"1""",1,5,0.59,0.83,39,43
PB304-CX150T1-1/8S1/2,"1/2""",150,304,"1-1/8""",1.125,5.5,1.97,2.76,50,56
PBSA36-CX150T1-1/8S1/2,"1/2""",150,SA-36,"1-1/8""",1.125,1.85,1.89,2.65,40,44
PBSA516-70-CX150T1-1/8S1/2,"1/2""",150,SA-516-70,"1-1/8""",1.125,2.15,1.89,2.65,41,46
PB304L-CX150T1-1/8S1/2,"1/2""",150,304L,"1-1/8""",1.125,5.95,1.97,2.76,51,57
PB316L-CX150T1-1/8S1/2,"1/2""",150,316L,"1-1/8""",1.125,7.4,2,2.8,56,62
PBAL6061-CX150T1-1/8S1/2,"1/2""",150,AL-6061,"1-1/8""",1.125,5,0.67,0.94,40,44
PB304-CX150T1-1/4S1/2,"1/2""",150,304,"1-1/4""",1.25,5.5,2.19,3.07,52,58
PBSA36-CX150T1-1/4S1/2,"1/2""",150,SA-36,"1-1/4""",1.25,1.85,2.1,2.94,40,44
PBSA516-70-CX150T1-1/4S1/2,"1/2""",150,SA-516-70,"1-1/4""",1.25,2.15,2.1,2.94,41,46
PB304L-CX150T1-1/4S1/2,"1/2""",150,304L,"1-1/4""",1.25,5.95,2.19,3.07,53,59
PB316L-CX150T1-1/4S1/2,"1/2""",150,316L,"1-1/4""",1.25,7.4,2.22,3.11,58,64
PBAL6061-CX150T1-1/4S1/2,"1/2""",150,AL-6061,"1-1/4""",1.25,5,0.74,1.04,40,44
PB304-CX150T1-3/8S1/2,"1/2""",150,304,"1-3/8""",1.375,5.5,2.41,3.37,53,59
PBSA36-CX150T1-3/8S1/2,"1/2""",150,SA-36,"1-3/8""",1.375,1.85,2.31,3.23,41,46
PBSA516-70-CX150T1-3/8S1/2,"1/2""",150,SA-516-70,"1-3/8""",1.375,2.15,2.31,3.23,42,47
PB304L-CX150T1-3/8S1/2,"1/2""",150,304L,"1-3/8""",1.375,5.95,2.41,3.37,55,61
PB316L-CX150T1-3/8S1/2,"1/2""",150,316L,"1-3/8""",1.375,7.4,2.44,3.42,60,66
PBAL6061-CX150T1-3/8S1/2,"1/2""",150,AL-6061,"1-3/8""",1.375,5,0.81,1.13,40,44
PB304-CX150T1-1/2S1/2,"1/2""",150,304,"1-1/2""",1.5,5.5,2.63,3.68,55,61
PBSA36-CX150T1-1/2S1/2,"1/2""",150,SA-36,"1-1/2""",1.5,1.85,2.52,3.53,41,46
PBSA516-70-CX150T1-1/2S1/2,"1/2""",150,SA-516-70,"1-1/2""",1.5,2.15,2.52,3.53,42,47
PB304L-CX150T1-1/2S1/2,"1/2""",150,304L,"1-1/2""",1.5,5.95,2.63,3.68,57,63
PB316L-CX150T1-1/2S1/2,"1/2""",150,316L,"1-1/2""",1.5,7.4,2.66,3.72,62,69
PBAL6061-CX150T1-1/2S1/2,"1/2""",150,AL-6061,"1-1/2""",1.5,5,0.89,1.25,41,46
PB304-CX150T1-5/8S1/2,"1/2""",150,304,"1-5/8""",1.625,5.5,2.85,3.99,57,63
PBSA36-CX150T1-5/8S1/2,"1/2""",150,SA-36,"1-5/8""",1.625,1.85,2.73,3.82,42,47
PBSA516-70-CX150T1-5/8S1/2,"1/2""",150,SA-516-70,"1-5/8""",1.625,2.15,2.73,3.82,43,48
PB304L-CX150T1-5/8S1/2,"1/2""",150,304L,"1-5/8""",1.625,5.95,2.85,3.99,59,65
PB316L-CX150T1-5/8S1/2,"1/2""",150,316L,"1-5/8""",1.625,7.4,2.88,4.03,65,72
PBAL6061-CX150T1-5/8S1/2,"1/2""",150,AL-6061,"1-5/8""",1.625,5,0.96,1.34,42,47
PB304-CX150T1-3/4S1/2,"1/2""",150,304,"1-3/4""",1.75,5.5,3.07,4.3,58,64
PBSA36-CX150T1-3/4S1/2,"1/2""",150,SA-36,"1-3/4""",1.75,1.85,2.94,4.12,42,47
PBSA516-70-CX150T1-3/4S1/2,"1/2""",150,SA-516-70,"1-3/4""",1.75,2.15,2.94,4.12,44,49
PB304L-CX150T1-3/4S1/2,"1/2""",150,304L,"1-3/4""",1.75,5.95,3.07,4.3,60,66
PB316L-CX150T1-3/4S1/2,"1/2""",150,316L,"1-3/4""",1.75,7.4,3.1,4.34,67,74
PBAL6061-CX150T1-3/4S1/2,"1/2""",150,AL-6061,"1-3/4""",1.75,5,1.04,1.46,42,47
PB304-CX150T1-7/8S1/2,"1/2""",150,304,"1-7/8""",1.875,5.5,3.29,4.61,60,66
PBSA36-CX150T1-7/8S1/2,"1/2""",150,SA-36,"1-7/8""",1.875,1.85,3.15,4.41,43,48
PBSA516-70-CX150T1-7/8S1/2,"1/2""",150,SA-516-70,"1-7/8""",1.875,2.15,3.15,4.41,44,49
PB304L-CX150T1-7/8S1/2,"1/2""",150,304L,"1-7/8""",1.875,5.95,3.29,4.61,62,69
PB316L-CX150T1-7/8S1/2,"1/2""",150,316L,"1-7/8""",1.875,7.4,3.33,4.66,69,76
PBAL6061-CX150T1-7/8S1/2,"1/2""",150,AL-6061,"1-7/8""",1.875,5,1.11,1.55,43,48
PB304-CX150T2S1/2,"1/2""",150,304,"2""",2,5.5,3.51,4.91,62,69
PBSA36-CX150T2S1/2,"1/2""",150,SA-36,"2""",2,1.85,3.36,4.7,44,49
PBSA516-70-CX150T2S1/2,"1/2""",150,SA-516-70,"2""",2,2.15,3.36,4.7,45,50
PB304L-CX150T2S1/2,"1/2""",150,304L,"2""",2,5.95,3.51,4.91,64,71
PB316L-CX150T2S1/2,"1/2""",150,316L,"2""",2,7.4,3.55,4.97,72,80
PBAL6061-CX150T2S1/2,"1/2""",150,AL-6061,"2""",2,5,1.18,1.65,43,48
PB304-CX150T2-1/4S1/2,"1/2""",150,304,"2-1/4""",2.25,5.5,3.95,5.53,65,72
PBSA36-CX150T2-1/4S1/2,"1/2""",150,SA-36,"2-1/4""",2.25,1.85,3.78,5.29,45,50
PBSA516-70-CX150T2-1/4S1/2,"1/2""",150,SA-516-70,"2-1/4""",2.25,2.15,3.78,5.29,46,51
PB304L-CX150T2-1/4S1/2,"1/2""",150,304L,"2-1/4""",2.25,5.95,3.95,5.53,68,75
PB316L-CX150T2-1/4S1/2,"1/2""",150,316L,"2-1/4""",2.25,7.4,3.99,5.59,76,84
PBAL6061-CX150T2-1/4S1/2,"1/2""",150,AL-6061,"2-1/4""",2.25,5,1.33,1.86,44,49
PB304-CX150T2-1/2S1/2,"1/2""",150,304,"2-1/2""",2.5,5.5,4.38,6.13,69,76
PBSA36-CX150T2-1/2S1/2,"1/2""",150,SA-36,"2-1/2""",2.5,1.85,4.2,5.88,46,51
PBSA516-70-CX150T2-1/2S1/2,"1/2""",150,SA-516-70,"2-1/2""",2.5,2.15,4.2,5.88,47,52
PB304L-CX150T2-1/2S1/2,"1/2""",150,304L,"2-1/2""",2.5,5.95,4.38,6.13,71,79
PB316L-CX150T2-1/2S1/2,"1/2""",150,316L,"2-1/2""",2.5,7.4,4.43,6.2,81,90
PBAL6061-CX150T2-1/2S1/2,"1/2""",150,AL-6061,"2-1/2""",2.5,5,1.48,2.07,45,50
PB304-CX150T3S1/2,"1/2""",150,304,"3""",3,5.5,5.26,7.36,75,83
PBSA36-CX150T3S1/2,"1/2""",150,SA-36,"3""",3,1.85,5.04,7.06,48,53
PBSA516-70-CX150T3S1/2,"1/2""",150,SA-516-70,"3""",3,2.15,5.04,7.06,50,56
PB304L-CX150T3S1/2,"1/2""",150,304L,"3""",3,5.95,5.26,7.36,79,87
PB316L-CX150T3S1/2,"1/2""",150,316L,"3""",3,7.4,5.32,7.45,90,100
PBAL6061-CX150T3S1/2,"1/2""",150,AL-6061,"3""",3,5,1.77,2.48,47,52
PB304-CX150T11GAS3/4,"3/4""",150,304,11 Gauge,0.1196,5.5,0.25,0.35,37,41
PBSA36-CX150T11GAS3/4,"3/4""",150,SA-36,11 Gauge,0.1196,1.85,0.24,0.34,35,39
PBSA516-70-CX150T11GAS3/4,"3/4""",150,SA-516-70,11 Gauge,0.1196,2.15,0.24,0.34,36,40
PB304L-CX150T11GAS3/4,"3/4""",150,304L,11 Gauge,0.1196,5.95,0.25,0.35,37,41
PB316L-CX150T11GAS3/4,"3/4""",150,316L,11 Gauge,0.1196,7.4,0.25,0.35,37,41
PBAL6061-CX150T11GAS3/4,"3/4""",150,AL-6061,11 Gauge,0.1196,5,0.1,0.15,35,39
PB304-CX150T1/8S3/4,"3/4""",150,304,"1/8""",0.125,5.5,0.26,0.36,37,41
PBSA36-CX150T1/8S3/4,"3/4""",150,SA-36,"1/8""",0.125,1.85,0.25,0.35,35,39
PBSA516-70-CX150T1/8S3/4,"3/4""",150,SA-516-70,"1/8""",0.125,2.15,0.25,0.35,36,40
PB304L-CX150T1/8S3/4,"3/4""",150,304L,"1/8""",0.125,5.95,0.26,0.36,37,41
PB316L-CX150T1/8S3/4,"3/4""",150,316L,"1/8""",0.125,7.4,0.26,0.36,38,42
PBAL6061-CX150T1/8S3/4,"3/4""",150,AL-6061,"1/8""",0.125,5,0.1,0.15,35,39
PB304-CX150T3/16S3/4,"3/4""",150,304,"3/16""",0.1875,5.5,0.39,0.55,38,42
PBSA36-CX150T3/16S3/4,"3/4""",150,SA-36,"3/16""",0.1875,1.85,0.37,0.52,36,40
PBSA516-70-CX150T3/16S3/4,"3/4""",150,SA-516-70,"3/16""",0.1875,2.15,0.37,0.52,36,40
PB304L-CX150T3/16S3/4,"3/4""",150,304L,"3/16""",0.1875,5.95,0.39,0.55,38,42
PB316L-CX150T3/16S3/4,"3/4""",150,316L,"3/16""",0.1875,7.4,0.4,0.56,39,43
PBAL6061-CX150T3/16S3/4,"3/4""",150,AL-6061,"3/16""",0.1875,5,0.13,0.18,36,40
PB304-CX150T1/4S3/4,"3/4""",150,304,"1/4""",0.25,5.5,0.52,0.73,39,43
PBSA36-CX150T1/4S3/4,"3/4""",150,SA-36,"1/4""",0.25,1.85,0.5,0.7,36,40
PBSA516-70-CX150T1/4S3/4,"3/4""",150,SA-516-70,"1/4""",0.25,2.15,0.5,0.7,36,40
PB304L-CX150T1/4S3/4,"3/4""",150,304L,"1/4""",0.25,5.95,0.52,0.73,39,43
PB316L-CX150T1/4S3/4,"3/4""",150,316L,"1/4""",0.25,7.4,0.53,0.74,40,44
PBAL6061-CX150T1/4S3/4,"3/4""",150,AL-6061,"1/4""",0.25,5,0.18,0.25,36,40
PB304-CX150T5/16S3/4,"3/4""",150,304,"5/16""",0.3125,5.5,0.65,0.91,40,44
PBSA36-CX150T5/16S3/4,"3/4""",150,SA-36,"5/16""",0.3125,1.85,0.62,0.87,36,40
PBSA516-70-CX150T5/16S3/4,"3/4""",150,SA-516-70,"5/16""",0.3125,2.15,0.62,0.87,37,41
PB304L-CX150T5/16S3/4,"3/4""",150,304L,"5/16""",0.3125,5.95,0.65,0.91,40,44
PB316L-CX150T5/16S3/4,"3/4""",150,316L,"5/16""",0.3125,7.4,0.66,0.92,42,47
PBAL6061-CX150T5/16S3/4,"3/4""",150,AL-6061,"5/16""",0.3125,5,0.22,0.31,36,40
PB304-CX150T3/8S3/4,"3/4""",150,304,"3/8""",0.375,5.5,0.78,1.09,41,46
PBSA36-CX150T3/8S3/4,"3/4""",150,SA-36,"3/8""",0.375,1.85,0.75,1.05,37,41
PBSA516-70-CX150T3/8S3/4,"3/4""",150,SA-516-70,"3/8""",0.375,2.15,0.75,1.05,37,41
PB304L-CX150T3/8S3/4,"3/4""",150,304L,"3/8""",0.375,5.95,0.78,1.09,41,46
PB316L-CX150T3/8S3/4,"3/4""",150,316L,"3/8""",0.375,7.4,0.79,1.11,43,48
PBAL6061-CX150T3/8S3/4,"3/4""",150,AL-6061,"3/8""",0.375,5,0.26,0.36,37,41
PB304-CX150T1/2S3/4,"3/4""",150,304,"1/2""",0.5,5.5,1.04,1.46,43,48
PBSA36-CX150T1/2S3/4,"3/4""",150,SA-36,"1/2""",0.5,1.85,1,1.4,37,41
PBSA516-70-CX150T1/2S3/4,"3/4""",150,SA-516-70,"1/2""",0.5,2.15,1,1.4,38,42
PB304L-CX150T1/2S3/4,"3/4""",150,304L,"1/2""",0.5,5.95,1.04,1.46,44,49
PB316L-CX150T1/2S3/4,"3/4""",150,316L,"1/2""",0.5,7.4,1.06,1.48,46,51
PBAL6061-CX150T1/2S3/4,"3/4""",150,AL-6061,"1/2""",0.5,5,0.35,0.49,37,41
PB304-CX150T5/8S3/4,"3/4""",150,304,"5/8""",0.625,5.5,1.3,1.82,45,50
PBSA36-CX150T5/8S3/4,"3/4""",150,SA-36,"5/8""",0.625,1.85,1.25,1.75,38,42
PBSA516-70-CX150T5/8S3/4,"3/4""",150,SA-516-70,"5/8""",0.625,2.15,1.25,1.75,39,43
PB304L-CX150T5/8S3/4,"3/4""",150,304L,"5/8""",0.625,5.95,1.3,1.82,46,51
PB316L-CX150T5/8S3/4,"3/4""",150,316L,"5/8""",0.625,7.4,1.32,1.85,49,54
PBAL6061-CX150T5/8S3/4,"3/4""",150,AL-6061,"5/8""",0.625,5,0.44,0.62,38,42
PB304-CX150T3/4S3/4,"3/4""",150,304,"3/4""",0.75,5.5,1.57,2.2,47,52
PBSA36-CX150T3/4S3/4,"3/4""",150,SA-36,"3/4""",0.75,1.85,1.5,2.1,39,43
PBSA516-70-CX150T3/4S3/4,"3/4""",150,SA-516-70,"3/4""",0.75,2.15,1.5,2.1,39,43
PB304L-CX150T3/4S3/4,"3/4""",150,304L,"3/4""",0.75,5.95,1.57,2.2,48,53
PB316L-CX150T3/4S3/4,"3/4""",150,316L,"3/4""",0.75,7.4,1.58,2.21,51,57
PBAL6061-CX150T3/4S3/4,"3/4""",150,AL-6061,"3/4""",0.75,5,0.53,0.74,39,43
PB304-CX150T7/8S3/4,"3/4""",150,304,"7/8""",0.875,5.5,1.83,2.56,49,54
PBSA36-CX150T7/8S3/4,"3/4""",150,SA-36,"7/8""",0.875,1.85,1.75,2.45,39,43
PBSA516-70-CX150T7/8S3/4,"3/4""",150,SA-516-70,"7/8""",0.875,2.15,1.75,2.45,40,44
PB304L-CX150T7/8S3/4,"3/4""",150,304L,"7/8""",0.875,5.95,1.83,2.56,50,56
PB316L-CX150T7/8S3/4,"3/4""",150,316L,"7/8""",0.875,7.4,1.85,2.59,54,60
PBAL6061-CX150T7/8S3/4,"3/4""",150,AL-6061,"7/8""",0.875,5,0.62,0.87,39,43
PB304-CX150T1S3/4,"3/4""",150,304,"1""",1,5.5,2.09,2.93,51,57
PBSA36-CX150T1S3/4,"3/4""",150,SA-36,"1""",1,1.85,2,2.8,40,44
PBSA516-70-CX150T1S3/4,"3/4""",150,SA-516-70,"1""",1,2.15,2,2.8,41,46
PB304L-CX150T1S3/4,"3/4""",150,304L,"1""",1,5.95,2.09,2.93,52,58
PB316L-CX150T1S3/4,"3/4""",150,316L,"1""",1,7.4,2.11,2.95,57,63
PBAL6061-CX150T1S3/4,"3/4""",150,AL-6061,"1""",1,5,0.7,0.98,40,44
PB304-CX150T1-1/8S3/4,"3/4""",150,304,"1-1/8""",1.125,5.5,2.35,3.29,53,59
PBSA36-CX150T1-1/8S3/4,"3/4""",150,SA-36,"1-1/8""",1.125,1.85,2.25,3.15,41,46
PBSA516-70-CX150T1-1/8S3/4,"3/4""",150,SA-516-70,"1-1/8""",1.125,2.15,2.25,3.15,42,47
PB304L-CX150T1-1/8S3/4,"3/4""",150,304L,"1-1/8""",1.125,5.95,2.35,3.29,54,60
PB316L-CX150T1-1/8S3/4,"3/4""",150,316L,"1-1/8""",1.125,7.4,2.38,3.33,59,65
PBAL6061-CX150T1-1/8S3/4,"3/4""",150,AL-6061,"1-1/8""",1.125,5,0.79,1.11,40,44
PB304-CX150T1-1/4S3/4,"3/4""",150,304,"1-1/4""",1.25,5.5,2.61,3.65,55,61
PBSA36-CX150T1-1/4S3/4,"3/4""",150,SA-36,"1-1/4""",1.25,1.85,2.5,3.5,41,46
PBSA516-70-CX150T1-1/4S3/4,"3/4""",150,SA-516-70,"1-1/4""",1.25,2.15,2.5,3.5,42,47
PB304L-CX150T1-1/4S3/4,"3/4""",150,304L,"1-1/4""",1.25,5.95,2.61,3.65,57,63
PB316L-CX150T1-1/4S3/4,"3/4""",150,316L,"1-1/4""",1.25,7.4,2.64,3.7,62,69
PBAL6061-CX150T1-1/4S3/4,"3/4""",150,AL-6061,"1-1/4""",1.25,5,0.88,1.23,41,46
PB304-CX150T1-3/8S3/4,"3/4""",150,304,"1-3/8""",1.375,5.5,2.87,4.02,57,63
PBSA36-CX150T1-3/8S3/4,"3/4""",150,SA-36,"1-3/8""",1.375,1.85,2.75,3.85,42,47
PBSA516-70-CX150T1-3/8S3/4,"3/4""",150,SA-516-70,"1-3/8""",1.375,2.15,2.75,3.85,43,48
PB304L-CX150T1-3/8S3/4,"3/4""",150,304L,"1-3/8""",1.375,5.95,2.87,4.02,59,65
PB316L-CX150T1-3/8S3/4,"3/4""",150,316L,"1-3/8""",1.375,7.4,2.9,4.06,65,72
PBAL6061-CX150T1-3/8S3/4,"3/4""",150,AL-6061,"1-3/8""",1.375,5,0.97,1.36,42,47
PB304-CX150T1-1/2S3/4,"3/4""",150,304,"1-1/2""",1.5,5.5,3.13,4.38,59,65
PBSA36-CX150T1-1/2S3/4,"3/4""",150,SA-36,"1-1/2""",1.5,1.85,3,4.2,43,48
PBSA516-70-CX150T1-1/2S3/4,"3/4""",150,SA-516-70,"1-1/2""",1.5,2.15,3,4.2,44,49
PB304L-CX150T1-1/2S3/4,"3/4""",150,304L,"1-1/2""",1.5,5.95,3.13,4.38,61,68
PB316L-CX150T1-1/2S3/4,"3/4""",150,316L,"1-1/2""",1.5,7.4,3.17,4.44,68,75
PBAL6061-CX150T1-1/2S3/4,"3/4""",150,AL-6061,"1-1/2""",1.5,5,1.06,1.48,42,47
PB304-CX150T1-5/8S3/4,"3/4""",150,304,"1-5/8""",1.625,5.5,3.39,4.75,61,68
PBSA36-CX150T1-5/8S3/4,"3/4""",150,SA-36,"1-5/8""",1.625,1.85,3.25,4.55,43,48
PBSA516-70-CX150T1-5/8S3/4,"3/4""",150,SA-516-70,"1-5/8""",1.625,2.15,3.25,4.55,45,50
PB304L-CX150T1-5/8S3/4,"3/4""",150,304L,"1-5/8""",1.625,5.95,3.39,4.75,63,70
PB316L-CX150T1-5/8S3/4,"3/4""",150,316L,"1-5/8""",1.625,7.4,3.43,4.8,70,77
PBAL6061-CX150T1-5/8S3/4,"3/4""",150,AL-6061,"1-5/8""",1.625,5,1.14,1.6,43,48
PB304-CX150T1-3/4S3/4,"3/4""",150,304,"1-3/4""",1.75,5.5,3.65,5.11,63,70
PBSA36-CX150T1-3/4S3/4,"3/4""",150,SA-36,"1-3/4""",1.75,1.85,3.5,4.9,44,49
PBSA516-70-CX150T1-3/4S3/4,"3/4""",150,SA-516-70,"1-3/4""",1.75,2.15,3.5,4.9,45,50
PB304L-CX150T1-3/4S3/4,"3/4""",150,304L,"1-3/4""",1.75,5.95,3.65,5.11,65,72
PB316L-CX150T1-3/4S3/4,"3/4""",150,316L,"1-3/4""",1.75,7.4,3.7,5.18,73,81
PBAL6061-CX150T1-3/4S3/4,"3/4""",150,AL-6061,"1-3/4""",1.75,5,1.23,1.72,43,48
PB304-CX150T1-7/8S3/4,"3/4""",150,304,"1-7/8""",1.875,5.5,3.91,5.47,65,72
PBSA36-CX150T1-7/8S3/4,"3/4""",150,SA-36,"1-7/8""",1.875,1.85,3.75,5.25,45,50
PBSA516-70-CX150T1-7/8S3/4,"3/4""",150,SA-516-70,"1-7/8""",1.875,2.15,3.75,5.25,46,51
PB304L-CX150T1-7/8S3/4,"3/4""",150,304L,"1-7/8""",1.875,5.95,3.91,5.47,67,74
PB316L-CX150T1-7/8S3/4,"3/4""",150,316L,"1-7/8""",1.875,7.4,3.96,5.54,76,84
PBAL6061-CX150T1-7/8S3/4,"3/4""",150,AL-6061,"1-7/8""",1.875,5,1.32,1.85,44,49
PB304-CX150T2S3/4,"3/4""",150,304,"2""",2,5.5,4.18,5.85,67,74
PBSA36-CX150T2S3/4,"3/4""",150,SA-36,"2""",2,1.85,4,5.6,45,50
PBSA516-70-CX150T2S3/4,"3/4""",150,SA-516-70,"2""",2,2.15,4,5.6,47,52
PB304L-CX150T2S3/4,"3/4""",150,304L,"2""",2,5.95,4.18,5.85,70,77
PB316L-CX150T2S3/4,"3/4""",150,316L,"2""",2,7.4,4.22,5.91,79,87
PBAL6061-CX150T2S3/4,"3/4""",150,AL-6061,"2""",2,5,1.41,1.97,45,50
PB304-CX150T2-1/4S3/4,"3/4""",150,304,"2-1/4""",2.25,5.5,4.7,6.58,71,79
PBSA36-CX150T2-1/4S3/4,"3/4""",150,SA-36,"2-1/4""",2.25,1.85,4.5,6.3,47,52
PBSA516-70-CX150T2-1/4S3/4,"3/4""",150,SA-516-70,"2-1/4""",2.25,2.15,4.5,6.3,48,53
PB304L-CX150T2-1/4S3/4,"3/4""",150,304L,"2-1/4""",2.25,5.95,4.7,6.58,74,82
PB316L-CX150T2-1/4S3/4,"3/4""",150,316L,"2-1/4""",2.25,7.4,4.75,6.65,84,93
PBAL6061-CX150T2-1/4S3/4,"3/4""",150,AL-6061,"2-1/4""",2.25,5,1.58,2.21,46,51
PB304-CX150T2-1/2S3/4,"3/4""",150,304,"2-1/2""",2.5,5.5,5.22,7.31,75,83
PBSA36-CX150T2-1/2S3/4,"3/4""",150,SA-36,"2-1/2""",2.5,1.85,5,7,48,53
PBSA516-70-CX150T2-1/2S3/4,"3/4""",150,SA-516-70,"2-1/2""",2.5,2.15,5,7,50,56
PB304L-CX150T2-1/2S3/4,"3/4""",150,304L,"2-1/2""",2.5,5.95,5.22,7.31,78,86
PB316L-CX150T2-1/2S3/4,"3/4""",150,316L,"2-1/2""",2.5,7.4,5.28,7.39,90,100
PBAL6061-CX150T2-1/2S3/4,"3/4""",150,AL-6061,"2-1/2""",2.5,5,1.76,2.46,47,52
PB304-CX150T3S3/4,"3/4""",150,304,"3""",3,5.5,6.26,8.76,83,92
PBSA36-CX150T3S3/4,"3/4""",150,SA-36,"3""",3,1.85,6,8.4,50,56
PBSA516-70-CX150T3S3/4,"3/4""",150,SA-516-70,"3""",3,2.15,6,8.4,53,59
PB304L-CX150T3S3/4,"3/4""",150,304L,"3""",3,5.95,6.26,8.76,87,96
PB316L-CX150T3S3/4,"3/4""",150,316L,"3""",3,7.4,6.33,8.86,100,111
PBAL6061-CX150T3S3/4,"3/4""",150,AL-6061,"3""",3,5,2.11,2.95,50,56
PB304-CX150T11GAS1,"1""",150,304,11 Gauge,0.1196,5.5,0.3,0.42,37,41
PBSA36-CX150T11GAS1,"1""",150,SA-36,11 Gauge,0.1196,1.85,0.28,0.39,36,40
PBSA516-70-CX150T11GAS1,"1""",150,SA-516-70,11 Gauge,0.1196,2.15,0.28,0.39,36,40
PB304L-CX150T11GAS1,"1""",150,304L,11 Gauge,0.1196,5.95,0.3,0.42,37,41
PB316L-CX150T11GAS1,"1""",150,316L,11 Gauge,0.1196,7.4,0.3,0.42,38,42
PBAL6061-CX150T11GAS1,"1""",150,AL-6061,11 Gauge,0.1196,5,0.1,0.15,36,40
PB304-CX150T1/8S1,"1""",150,304,"1/8""",0.125,5.5,0.31,0.43,37,41
PBSA36-CX150T1/8S1,"1""",150,SA-36,"1/8""",0.125,1.85,0.3,0.42,36,40
PBSA516-70-CX150T1/8S1,"1""",150,SA-516-70,"1/8""",0.125,2.15,0.3,0.42,36,40
PB304L-CX150T1/8S1,"1""",150,304L,"1/8""",0.125,5.95,0.31,0.43,37,41
PB316L-CX150T1/8S1,"1""",150,316L,"1/8""",0.125,7.4,0.31,0.43,38,42
PBAL6061-CX150T1/8S1,"1""",150,AL-6061,"1/8""",0.125,5,0.1,0.15,36,40
PB304-CX150T3/16S1,"1""",150,304,"3/16""",0.1875,5.5,0.47,0.66,38,42
PBSA36-CX150T3/16S1,"1""",150,SA-36,"3/16""",0.1875,1.85,0.45,0.63,36,40
PBSA516-70-CX150T3/16S1,"1""",150,SA-516-70,"3/16""",0.1875,2.15,0.45,0.63,36,40
PB304L-CX150T3/16S1,"1""",150,304L,"3/16""",0.1875,5.95,0.47,0.66,39,43
PB316L-CX150T3/16S1,"1""",150,316L,"3/16""",0.1875,7.4,0.47,0.66,40,44
PBAL6061-CX150T3/16S1,"1""",150,AL-6061,"3/16""",0.1875,5,0.16,0.22,36,40
PB304-CX150T1/4S1,"1""",150,304,"1/4""",0.25,5.5,0.62,0.87,40,44
PBSA36-CX150T1/4S1,"1""",150,SA-36,"1/4""",0.25,1.85,0.59,0.83,36,40
PBSA516-70-CX150T1/4S1,"1""",150,SA-516-70,"1/4""",0.25,2.15,0.59,0.83,37,41
PB304L-CX150T1/4S1,"1""",150,304L,"1/4""",0.25,5.95,0.62,0.87,40,44
PB316L-CX150T1/4S1,"1""",150,316L,"1/4""",0.25,7.4,0.63,0.88,41,46
PBAL6061-CX150T1/4S1,"1""",150,AL-6061,"1/4""",0.25,5,0.21,0.29,36,40
PB304-CX150T5/16S1,"1""",150,304,"5/16""",0.3125,5.5,0.78,1.09,41,46
PBSA36-CX150T5/16S1,"1""",150,SA-36,"5/16""",0.3125,1.85,0.74,1.04,37,41
PBSA516-70-CX150T5/16S1,"1""",150,SA-516-70,"5/16""",0.3125,2.15,0.74,1.04,37,41
PB304L-CX150T5/16S1,"1""",150,304L,"5/16""",0.3125,5.95,0.78,1.09,41,46
PB316L-CX150T5/16S1,"1""",150,316L,"5/16""",0.3125,7.4,0.79,1.11,43,48
PBAL6061-CX150T5/16S1,"1""",150,AL-6061,"5/16""",0.3125,5,0.26,0.36,37,41
PB304-CX150T3/8S1,"1""",150,304,"3/8""",0.375,5.5,0.93,1.3,42,47
PBSA36-CX150T3/8S1,"1""",150,SA-36,"3/8""",0.375,1.85,0.89,1.25,37,41
PBSA516-70-CX150T3/8S1,"1""",150,SA-516-70,"3/8""",0.375,2.15,0.89,1.25,38,42
PB304L-CX150T3/8S1,"1""",150,304L,"3/8""",0.375,5.95,0.93,1.3,43,48
PB316L-CX150T3/8S1,"1""",150,316L,"3/8""",0.375,7.4,0.94,1.32,45,50
PBAL6061-CX150T3/8S1,"1""",150,AL-6061,"3/8""",0.375,5,0.31,0.43,37,41
PB304-CX150T1/2S1,"1""",150,304,"1/2""",0.5,5.5,1.24,1.74,44,49
PBSA36-CX150T1/2S1,"1""",150,SA-36,"1/2""",0.5,1.85,1.19,1.67,38,42
PBSA516-70-CX150T1/2S1,"1""",150,SA-516-70,"1/2""",0.5,2.15,1.19,1.67,38,42
PB304L-CX150T1/2S1,"1""",150,304L,"1/2""",0.5,5.95,1.24,1.74,45,50
PB316L-CX150T1/2S1,"1""",150,316L,"1/2""",0.5,7.4,1.26,1.76,48,53
PBAL6061-CX150T1/2S1,"1""",150,AL-6061,"1/2""",0.5,5,0.42,0.59,38,42
PB304-CX150T5/8S1,"1""",150,304,"5/8""",0.625,5.5,1.55,2.17,47,52
PBSA36-CX150T5/8S1,"1""",150,SA-36,"5/8""",0.625,1.85,1.49,2.09,39,43
PBSA516-70-CX150T5/8S1,"1""",150,SA-516-70,"5/8""",0.625,2.15,1.49,2.09,39,43
PB304L-CX150T5/8S1,"1""",150,304L,"5/8""",0.625,5.95,1.55,2.17,48,53
PB316L-CX150T5/8S1,"1""",150,316L,"5/8""",0.625,7.4,1.57,2.2,51,57
PBAL6061-CX150T5/8S1,"1""",150,AL-6061,"5/8""",0.625,5,0.52,0.73,38,42
PB304-CX150T3/4S1,"1""",150,304,"3/4""",0.75,5.5,1.86,2.6,49,54
PBSA36-CX150T3/4S1,"1""",150,SA-36,"3/4""",0.75,1.85,1.78,2.49,39,43
PBSA516-70-CX150T3/4S1,"1""",150,SA-516-70,"3/4""",0.75,2.15,1.78,2.49,40,44
PB304L-CX150T3/4S1,"1""",150,304L,"3/4""",0.75,5.95,1.86,2.6,50,56
PB316L-CX150T3/4S1,"1""",150,316L,"3/4""",0.75,7.4,1.89,2.65,54,60
PBAL6061-CX150T3/4S1,"1""",150,AL-6061,"3/4""",0.75,5,0.63,0.88,39,43
PB304-CX150T7/8S1,"1""",150,304,"7/8""",0.875,5.5,2.17,3.04,52,58
PBSA36-CX150T7/8S1,"1""",150,SA-36,"7/8""",0.875,1.85,2.08,2.91,40,44
PBSA516-70-CX150T7/8S1,"1""",150,SA-516-70,"7/8""",0.875,2.15,2.08,2.91,41,46
PB304L-CX150T7/8S1,"1""",150,304L,"7/8""",0.875,5.95,2.17,3.04,53,59
PB316L-CX150T7/8S1,"1""",150,316L,"7/8""",0.875,7.4,2.2,3.08,58,64
PBAL6061-CX150T7/8S1,"1""",150,AL-6061,"7/8""",0.875,5,0.73,1.02,40,44
PB304-CX150T1S1,"1""",150,304,"1""",1,5.5,2.49,3.49,54,60
PBSA36-CX150T1S1,"1""",150,SA-36,"1""",1,1.85,2.38,3.33,41,46
PBSA516-70-CX150T1S1,"1""",150,SA-516-70,"1""",1,2.15,2.38,3.33,42,47
PB304L-CX150T1S1,"1""",150,304L,"1""",1,5.95,2.49,3.49,56,62
PB316L-CX150T1S1,"1""",150,316L,"1""",1,7.4,2.51,3.51,61,68
PBAL6061-CX150T1S1,"1""",150,AL-6061,"1""",1,5,0.84,1.18,41,46
PB304-CX150T1-1/8S1,"1""",150,304,"1-1/8""",1.125,5.5,2.8,3.92,56,62
PBSA36-CX150T1-1/8S1,"1""",150,SA-36,"1-1/8""",1.125,1.85,2.68,3.75,42,47
PBSA516-70-CX150T1-1/8S1,"1""",150,SA-516-70,"1-1/8""",1.125,2.15,2.68,3.75,43,48
PB304L-CX150T1-1/8S1,"1""",150,304L,"1-1/8""",1.125,5.95,2.8,3.92,58,64
PB316L-CX150T1-1/8S1,"1""",150,316L,"1-1/8""",1.125,7.4,2.83,3.96,64,71
PBAL6061-CX150T1-1/8S1,"1""",150,AL-6061,"1-1/8""",1.125,5,0.94,1.32,41,46
PB304-CX150T1-1/4S1,"1""",150,304,"1-1/4""",1.25,5.5,3.11,4.35,59,65
PBSA36-CX150T1-1/4S1,"1""",150,SA-36,"1-1/4""",1.25,1.85,2.97,4.16,43,48
PBSA516-70-CX150T1-1/4S1,"1""",150,SA-516-70,"1-1/4""",1.25,2.15,2.97,4.16,44,49
PB304L-CX150T1-1/4S1,"1""",150,304L,"1-1/4""",1.25,5.95,3.11,4.35,61,68
PB316L-CX150T1-1/4S1,"1""",150,316L,"1-1/4""",1.25,7.4,3.14,4.4,67,74
PBAL6061-CX150T1-1/4S1,"1""",150,AL-6061,"1-1/4""",1.25,5,1.05,1.47,42,47
PB304-CX150T1-3/8S1,"1""",150,304,"1-3/8""",1.375,5.5,3.42,4.79,61,68
PBSA36-CX150T1-3/8S1,"1""",150,SA-36,"1-3/8""",1.375,1.85,3.27,4.58,43,48
PBSA516-70-CX150T1-3/8S1,"1""",150,SA-516-70,"1-3/8""",1.375,2.15,3.27,4.58,45,50
PB304L-CX150T1-3/8S1,"1""",150,304L,"1-3/8""",1.375,5.95,3.42,4.79,63,70
PB316L-CX150T1-3/8S1,"1""",150,316L,"1-3/8""",1.375,7.4,3.46,4.84,71,79
PBAL6061-CX150T1-3/8S1,"1""",150,AL-6061,"1-3/8""",1.375,5,1.15,1.61,43,48
PB304-CX150T1-1/2S1,"1""",150,304,"1-1/2""",1.5,5.5,3.73,5.22,64,71
PBSA36-CX150T1-1/2S1,"1""",150,SA-36,"1-1/2""",1.5,1.85,3.57,5,44,49
PBSA516-70-CX150T1-1/2S1,"1""",150,SA-516-70,"1-1/2""",1.5,2.15,3.57,5,46,51
PB304L-CX150T1-1/2S1,"1""",150,304L,"1-1/2""",1.5,5.95,3.73,5.22,66,73
PB316L-CX150T1-1/2S1,"1""",150,316L,"1-1/2""",1.5,7.4,3.77,5.28,74,82
PBAL6061-CX150T1-1/2S1,"1""",150,AL-6061,"1-1/2""",1.5,5,1.26,1.76,44,49
PB304-CX150T1-5/8S1,"1""",150,304,"1-5/8""",1.625,5.5,4.04,5.66,66,73
PBSA36-CX150T1-5/8S1,"1""",150,SA-36,"1-5/8""",1.625,1.85,3.87,5.42,45,50
PBSA516-70-CX150T1-5/8S1,"1""",150,SA-516-70,"1-5/8""",1.625,2.15,3.87,5.42,47,52
PB304L-CX150T1-5/8S1,"1""",150,304L,"1-5/8""",1.625,5.95,4.04,5.66,69,76
PB316L-CX150T1-5/8S1,"1""",150,316L,"1-5/8""",1.625,7.4,4.08,5.71,77,85
PBAL6061-CX150T1-5/8S1,"1""",150,AL-6061,"1-5/8""",1.625,5,1.36,1.9,44,49
PB304-CX150T1-3/4S1,"1""",150,304,"1-3/4""",1.75,5.5,4.35,6.09,68,75
PBSA36-CX150T1-3/4S1,"1""",150,SA-36,"1-3/4""",1.75,1.85,4.16,5.82,46,51
PBSA516-70-CX150T1-3/4S1,"1""",150,SA-516-70,"1-3/4""",1.75,2.15,4.16,5.82,47,52
PB304L-CX150T1-3/4S1,"1""",150,304L,"1-3/4""",1.75,5.95,4.35,6.09,71,79
PB316L-CX150T1-3/4S1,"1""",150,316L,"1-3/4""",1.75,7.4,4.4,6.16,80,88
PBAL6061-CX150T1-3/4S1,"1""",150,AL-6061,"1-3/4""",1.75,5,1.47,2.06,45,50
PB304-CX150T1-7/8S1,"1""",150,304,"1-7/8""",1.875,5.5,4.66,6.52,71,79
PBSA36-CX150T1-7/8S1,"1""",150,SA-36,"1-7/8""",1.875,1.85,4.46,6.24,46,51
PBSA516-70-CX150T1-7/8S1,"1""",150,SA-516-70,"1-7/8""",1.875,2.15,4.46,6.24,48,53
PB304L-CX150T1-7/8S1,"1""",150,304L,"1-7/8""",1.875,5.95,4.66,6.52,74,82
PB316L-CX150T1-7/8S1,"1""",150,316L,"1-7/8""",1.875,7.4,4.71,6.59,84,93
PBAL6061-CX150T1-7/8S1,"1""",150,AL-6061,"1-7/8""",1.875,5,1.57,2.2,46,51
PB304-CX150T2S1,"1""",150,304,"2""",2,5.5,4.97,6.96,73,81
PBSA36-CX150T2S1,"1""",150,SA-36,"2""",2,1.85,4.76,6.66,47,52
PBSA516-70-CX150T2S1,"1""",150,SA-516-70,"2""",2,2.15,4.76,6.66,49,54
PB304L-CX150T2S1,"1""",150,304L,"2""",2,5.95,4.97,6.96,76,84
PB316L-CX150T2S1,"1""",150,316L,"2""",2,7.4,5.03,7.04,87,96
PBAL6061-CX150T2S1,"1""",150,AL-6061,"2""",2,5,1.68,2.35,47,52
PB304-CX150T2-1/4S1,"1""",150,304,"2-1/4""",2.25,5.5,5.59,7.83,78,86
PBSA36-CX150T2-1/4S1,"1""",150,SA-36,"2-1/4""",2.25,1.85,5.35,7.49,49,54
PBSA516-70-CX150T2-1/4S1,"1""",150,SA-516-70,"2-1/4""",2.25,2.15,5.35,7.49,51,57
PB304L-CX150T2-1/4S1,"1""",150,304L,"2-1/4""",2.25,5.95,5.59,7.83,81,90
PB316L-CX150T2-1/4S1,"1""",150,316L,"2-1/4""",2.25,7.4,5.66,7.92,93,103
PBAL6061-CX150T2-1/4S1,"1""",150,AL-6061,"2-1/4""",2.25,5,1.89,2.65,48,53
PB304-CX150T2-1/2S1,"1""",150,304,"2-1/2""",2.5,5.5,6.21,8.69,83,92
PBSA36-CX150T2-1/2S1,"1""",150,SA-36,"2-1/2""",2.5,1.85,5.95,8.33,50,56
PBSA516-70-CX150T2-1/2S1,"1""",150,SA-516-70,"2-1/2""",2.5,2.15,5.95,8.33,53,59
PB304L-CX150T2-1/2S1,"1""",150,304L,"2-1/2""",2.5,5.95,6.21,8.69,87,96
PB316L-CX150T2-1/2S1,"1""",150,316L,"2-1/2""",2.5,7.4,6.28,8.79,100,111
PBAL6061-CX150T2-1/2S1,"1""",150,AL-6061,"2-1/2""",2.5,5,2.1,2.94,50,56
PB304-CX150T3S1,"1""",150,304,"3""",3,5.5,7.46,10.44,92,102
PBSA36-CX150T3S1,"1""",150,SA-36,"3""",3,1.85,7.14,10,53,59
PBSA516-70-CX150T3S1,"1""",150,SA-516-70,"3""",3,2.15,7.14,10,56,62
PB304L-CX150T3S1,"1""",150,304L,"3""",3,5.95,7.46,10.44,97,107
PB316L-CX150T3S1,"1""",150,316L,"3""",3,7.4,7.54,10.56,113,125
PBAL6061-CX150T3S1,"1""",150,AL-6061,"3""",3,5,2.51,3.51,52,58
PB304-CX150T11GAS1-1/4,"1-1/4""",150,304,11 Gauge,0.1196,5.5,0.36,0.5,38,42
PBSA36-CX150T11GAS1-1/4,"1-1/4""",150,SA-36,11 Gauge,0.1196,1.85,0.34,0.48,36,40
PBSA516-70-CX150T11GAS1-1/4,"1-1/4""",150,SA-516-70,11 Gauge,0.1196,2.15,0.34,0.48,36,40
PB304L-CX150T11GAS1-1/4,"1-1/4""",150,304L,11 Gauge,0.1196,5.95,0.36,0.5,38,42
PB316L-CX150T11GAS1-1/4,"1-1/4""",150,316L,11 Gauge,0.1196,7.4,0.36,0.5,39,43
PBAL6061-CX150T11GAS1-1/4,"1-1/4""",150,AL-6061,11 Gauge,0.1196,5,0.12,0.17,36,40
PB304-CX150T1/8S1-1/4,"1-1/4""",150,304,"1/8""",0.125,5.5,0.37,0.52,38,42
PBSA36-CX150T1/8S1-1/4,"1-1/4""",150,SA-36,"1/8""",0.125,1.85,0.36,0.5,36,40
PBSA516-70-CX150T1/8S1-1/4,"1-1/4""",150,SA-516-70,"1/8""",0.125,2.15,0.36,0.5,36,40
PB304L-CX150T1/8S1-1/4,"1-1/4""",150,304L,"1/8""",0.125,5.95,0.37,0.52,38,42
PB316L-CX150T1/8S1-1/4,"1-1/4""",150,316L,"1/8""",0.125,7.4,0.38,0.53,39,43
PBAL6061-CX150T1/8S1-1/4,"1-1/4""",150,AL-6061,"1/8""",0.125,5,0.13,0.18,36,40
PB304-CX150T3/16S1-1/4,"1-1/4""",150,304,"3/16""",0.1875,5.5,0.56,0.78,39,43
PBSA36-CX150T3/16S1-1/4,"1-1/4""",150,SA-36,"3/16""",0.1875,1.85,0.53,0.74,36,40
PBSA516-70-CX150T3/16S1-1/4,"1-1/4""",150,SA-516-70,"3/16""",0.1875,2.15,0.53,0.74,36,40
PB304L-CX150T3/16S1-1/4,"1-1/4""",150,304L,"3/16""",0.1875,5.95,0.56,0.78,39,43
PB316L-CX150T3/16S1-1/4,"1-1/4""",150,316L,"3/16""",0.1875,7.4,0.56,0.78,41,46
PBAL6061-CX150T3/16S1-1/4,"1-1/4""",150,AL-6061,"3/16""",0.1875,5,0.19,0.27,36,40
PB304-CX150T1/4S1-1/4,"1-1/4""",150,304,"1/4""",0.25,5.5,0.74,1.04,41,46
PBSA36-CX150T1/4S1-1/4,"1-1/4""",150,SA-36,"1/4""",0.25,1.85,0.71,0.99,37,41
PBSA516-70-CX150T1/4S1-1/4,"1-1/4""",150,SA-516-70,"1/4""",0.25,2.15,0.71,0.99,37,41
PB304L-CX150T1/4S1-1/4,"1-1/4""",150,304L,"1/4""",0.25,5.95,0.74,1.04,41,46
PB316L-CX150T1/4S1-1/4,"1-1/4""",150,316L,"1/4""",0.25,7.4,0.75,1.05,43,48
PBAL6061-CX150T1/4S1-1/4,"1-1/4""",150,AL-6061,"1/4""",0.25,5,0.25,0.35,37,41
PB304-CX150T5/16S1-1/4,"1-1/4""",150,304,"5/16""",0.3125,5.5,0.93,1.3,42,47
PBSA36-CX150T5/16S1-1/4,"1-1/4""",150,SA-36,"5/16""",0.3125,1.85,0.89,1.25,37,41
PBSA516-70-CX150T5/16S1-1/4,"1-1/4""",150,SA-516-70,"5/16""",0.3125,2.15,0.89,1.25,38,42
PB304L-CX150T5/16S1-1/4,"1-1/4""",150,304L,"5/16""",0.3125,5.95,0.93,1.3,43,48
PB316L-CX150T5/16S1-1/4,"1-1/4""",150,316L,"5/16""",0.3125,7.4,0.94,1.32,45,50
PBAL6061-CX150T5/16S1-1/4,"1-1/4""",150,AL-6061,"5/16""",0.3125,5,0.31,0.43,37,41
PB304-CX150T3/8S1-1/4,"1-1/4""",150,304,"3/8""",0.375,5.5,1.12,1.57,43,48
PBSA36-CX150T3/8S1-1/4,"1-1/4""",150,SA-36,"3/8""",0.375,1.85,1.07,1.5,38,42
PBSA516-70-CX150T3/8S1-1/4,"1-1/4""",150,SA-516-70,"3/8""",0.375,2.15,1.07,1.5,38,42
PB304L-CX150T3/8S1-1/4,"1-1/4""",150,304L,"3/8""",0.375,5.95,1.12,1.57,44,49
PB316L-CX150T3/8S1-1/4,"1-1/4""",150,316L,"3/8""",0.375,7.4,1.13,1.58,47,52
PBAL6061-CX150T3/8S1-1/4,"1-1/4""",150,AL-6061,"3/8""",0.375,5,0.38,0.53,37,41
PB304-CX150T1/2S1-1/4,"1-1/4""",150,304,"1/2""",0.5,5.5,1.49,2.09,46,51
PBSA36-CX150T1/2S1-1/4,"1-1/4""",150,SA-36,"1/2""",0.5,1.85,1.43,2,39,43
PBSA516-70-CX150T1/2S1-1/4,"1-1/4""",150,SA-516-70,"1/2""",0.5,2.15,1.43,2,39,43
PB304L-CX150T1/2S1-1/4,"1-1/4""",150,304L,"1/2""",0.5,5.95,1.49,2.09,47,52
PB316L-CX150T1/2S1-1/4,"1-1/4""",150,316L,"1/2""",0.5,7.4,1.51,2.11,50,56
PBAL6061-CX150T1/2S1-1/4,"1-1/4""",150,AL-6061,"1/2""",0.5,5,0.5,0.7,38,42
PB304-CX150T5/8S1-1/4,"1-1/4""",150,304,"5/8""",0.625,5.5,1.86,2.6,49,54
PBSA36-CX150T5/8S1-1/4,"1-1/4""",150,SA-36,"5/8""",0.625,1.85,1.78,2.49,39,43
PBSA516-70-CX150T5/8S1-1/4,"1-1/4""",150,SA-516-70,"5/8""",0.625,2.15,1.78,2.49,40,44
PB304L-CX150T5/8S1-1/4,"1-1/4""",150,304L,"5/8""",0.625,5.95,1.86,2.6,50,56
PB316L-CX150T5/8S1-1/4,"1-1/4""",150,316L,"5/8""",0.625,7.4,1.88,2.63,54,60
PBAL6061-CX150T5/8S1-1/4,"1-1/4""",150,AL-6061,"5/8""",0.625,5,0.63,0.88,39,43
PB304-CX150T3/4S1-1/4,"1-1/4""",150,304,"3/4""",0.75,5.5,2.23,3.12,52,58
PBSA36-CX150T3/4S1-1/4,"1-1/4""",150,SA-36,"3/4""",0.75,1.85,2.14,3,40,44
PBSA516-70-CX150T3/4S1-1/4,"1-1/4""",150,SA-516-70,"3/4""",0.75,2.15,2.14,3,41,46
PB304L-CX150T3/4S1-1/4,"1-1/4""",150,304L,"3/4""",0.75,5.95,2.23,3.12,53,59
PB316L-CX150T3/4S1-1/4,"1-1/4""",150,316L,"3/4""",0.75,7.4,2.26,3.16,58,64
PBAL6061-CX150T3/4S1-1/4,"1-1/4""",150,AL-6061,"3/4""",0.75,5,0.75,1.05,40,44
PB304-CX150T7/8S1-1/4,"1-1/4""",150,304,"7/8""",0.875,5.5,2.61,3.65,55,61
PBSA36-CX150T7/8S1-1/4,"1-1/4""",150,SA-36,"7/8""",0.875,1.85,2.5,3.5,41,46
PBSA516-70-CX150T7/8S1-1/4,"1-1/4""",150,SA-516-70,"7/8""",0.875,2.15,2.5,3.5,42,47
PB304L-CX150T7/8S1-1/4,"1-1/4""",150,304L,"7/8""",0.875,5.95,2.61,3.65,57,63
PB316L-CX150T7/8S1-1/4,"1-1/4""",150,316L,"7/8""",0.875,7.4,2.64,3.7,62,69
PBAL6061-CX150T7/8S1-1/4,"1-1/4""",150,AL-6061,"7/8""",0.875,5,0.88,1.23,41,46
PB304-CX150T1S1-1/4,"1-1/4""",150,304,"1""",1,5.5,2.98,4.17,58,64
PBSA36-CX150T1S1-1/4,"1-1/4""",150,SA-36,"1""",1,1.85,2.85,3.99,42,47
PBSA516-70-CX150T1S1-1/4,"1-1/4""",150,SA-516-70,"1""",1,2.15,2.85,3.99,43,48
PB304L-CX150T1S1-1/4,"1-1/4""",150,304L,"1""",1,5.95,2.98,4.17,60,66
PB316L-CX150T1S1-1/4,"1-1/4""",150,316L,"1""",1,7.4,3.01,4.21,66,73
PBAL6061-CX150T1S1-1/4,"1-1/4""",150,AL-6061,"1""",1,5,1,1.4,42,47
PB304-CX150T1-1/8S1-1/4,"1-1/4""",150,304,"1-1/8""",1.125,5.5,3.35,4.69,61,68
PBSA36-CX150T1-1/8S1-1/4,"1-1/4""",150,SA-36,"1-1/8""",1.125,1.85,3.21,4.49,43,48
PBSA516-70-CX150T1-1/8S1-1/4,"1-1/4""",150,SA-516-70,"1-1/8""",1.125,2.15,3.21,4.49,45,50
PB304L-CX150T1-1/8S1-1/4,"1-1/4""",150,304L,"1-1/8""",1.125,5.95,3.35,4.69,63,70
PB316L-CX150T1-1/8S1-1/4,"1-1/4""",150,316L,"1-1/8""",1.125,7.4,3.39,4.75,70,77
PBAL6061-CX150T1-1/8S1-1/4,"1-1/4""",150,AL-6061,"1-1/8""",1.125,5,1.13,1.58,43,48
PB304-CX150T1-1/4S1-1/4,"1-1/4""",150,304,"1-1/4""",1.25,5.5,3.72,5.21,64,71
PBSA36-CX150T1-1/4S1-1/4,"1-1/4""",150,SA-36,"1-1/4""",1.25,1.85,3.56,4.98,44,49
PBSA516-70-CX150T1-1/4S1-1/4,"1-1/4""",150,SA-516-70,"1-1/4""",1.25,2.15,3.56,4.98,46,51
PB304L-CX150T1-1/4S1-1/4,"1-1/4""",150,304L,"1-1/4""",1.25,5.95,3.72,5.21,66,73
PB316L-CX150T1-1/4S1-1/4,"1-1/4""",150,316L,"1-1/4""",1.25,7.4,3.77,5.28,74,82
PBAL6061-CX150T1-1/4S1-1/4,"1-1/4""",150,AL-6061,"1-1/4""",1.25,5,1.26,1.76,44,49
PB304-CX150T1-3/8S1-1/4,"1-1/4""",150,304,"1-3/8""",1.375,5.5,4.1,5.74,66,73
PBSA36-CX150T1-3/8S1-1/4,"1-1/4""",150,SA-36,"1-3/8""",1.375,1.85,3.92,5.49,45,50
PBSA516-70-CX150T1-3/8S1-1/4,"1-1/4""",150,SA-516-70,"1-3/8""",1.375,2.15,3.92,5.49,47,52
PB304L-CX150T1-3/8S1-1/4,"1-1/4""",150,304L,"1-3/8""",1.375,5.95,4.1,5.74,69,76
PB316L-CX150T1-3/8S1-1/4,"1-1/4""",150,316L,"1-3/8""",1.375,7.4,4.14,5.8,78,86
PBAL6061-CX150T1-3/8S1-1/4,"1-1/4""",150,AL-6061,"1-3/8""",1.375,5,1.38,1.93,44,49
PB304-CX150T1-1/2S1-1/4,"1-1/4""",150,304,"1-1/2""",1.5,5.5,4.47,6.26,69,76
PBSA36-CX150T1-1/2S1-1/4,"1-1/4""",150,SA-36,"1-1/2""",1.5,1.85,4.28,5.99,46,51
PBSA516-70-CX150T1-1/2S1-1/4,"1-1/4""",150,SA-516-70,"1-1/2""",1.5,2.15,4.28,5.99,48,53
PB304L-CX150T1-1/2S1-1/4,"1-1/4""",150,304L,"1-1/2""",1.5,5.95,4.47,6.26,72,80
PB316L-CX150T1-1/2S1-1/4,"1-1/4""",150,316L,"1-1/2""",1.5,7.4,4.52,6.33,82,91
PBAL6061-CX150T1-1/2S1-1/4,"1-1/4""",150,AL-6061,"1-1/2""",1.5,5,1.51,2.11,45,50
PB304-CX150T1-5/8S1-1/4,"1-1/4""",150,304,"1-5/8""",1.625,5.5,4.84,6.78,72,80
PBSA36-CX150T1-5/8S1-1/4,"1-1/4""",150,SA-36,"1-5/8""",1.625,1.85,4.63,6.48,47,52
PBSA516-70-CX150T1-5/8S1-1/4,"1-1/4""",150,SA-516-70,"1-5/8""",1.625,2.15,4.63,6.48,49,54
PB304L-CX150T1-5/8S1-1/4,"1-1/4""",150,304L,"1-5/8""",1.625,5.95,4.84,6.78,75,83
PB316L-CX150T1-5/8S1-1/4,"1-1/4""",150,316L,"1-5/8""",1.625,7.4,4.9,6.86,86,95
PBAL6061-CX150T1-5/8S1-1/4,"1-1/4""",150,AL-6061,"1-5/8""",1.625,5,1.63,2.28,46,51
PB304-CX150T1-3/4S1-1/4,"1-1/4""",150,304,"1-3/4""",1.75,5.5,5.21,7.29,75,83
PBSA36-CX150T1-3/4S1-1/4,"1-1/4""",150,SA-36,"1-3/4""",1.75,1.85,4.99,6.99,48,53
PBSA516-70-CX150T1-3/4S1-1/4,"1-1/4""",150,SA-516-70,"1-3/4""",1.75,2.15,4.99,6.99,50,56
PB304L-CX150T1-3/4S1-1/4,"1-1/4""",150,304L,"1-3/4""",1.75,5.95,5.21,7.29,78,86
PB316L-CX150T1-3/4S1-1/4,"1-1/4""",150,316L,"1-3/4""",1.75,7.4,5.27,7.38,89,98
PBAL6061-CX150T1-3/4S1-1/4,"1-1/4""",150,AL-6061,"1-3/4""",1.75,5,1.76,2.46,47,52
PB304-CX150T1-7/8S1-1/4,"1-1/4""",150,304,"1-7/8""",1.875,5.5,5.59,7.83,78,86
PBSA36-CX150T1-7/8S1-1/4,"1-1/4""",150,SA-36,"1-7/8""",1.875,1.85,5.35,7.49,49,54
PBSA516-70-CX150T1-7/8S1-1/4,"1-1/4""",150,SA-516-70,"1-7/8""",1.875,2.15,5.35,7.49,51,57
PB304L-CX150T1-7/8S1-1/4,"1-1/4""",150,304L,"1-7/8""",1.875,5.95,5.59,7.83,81,90
PB316L-CX150T1-7/8S1-1/4,"1-1/4""",150,316L,"1-7/8""",1.875,7.4,5.65,7.91,93,103
PBAL6061-CX150T1-7/8S1-1/4,"1-1/4""",150,AL-6061,"1-7/8""",1.875,5,1.88,2.63,48,53
PB304-CX150T2S1-1/4,"1-1/4""",150,304,"2""",2,5.5,5.96,8.34,81,90
PBSA36-CX150T2S1-1/4,"1-1/4""",150,SA-36,"2""",2,1.85,5.7,7.98,50,56
PBSA516-70-CX150T2S1-1/4,"1-1/4""",150,SA-516-70,"2""",2,2.15,5.7,7.98,52,58
PB304L-CX150T2S1-1/4,"1-1/4""",150,304L,"2""",2,5.95,5.96,8.34,84,93
PB316L-CX150T2S1-1/4,"1-1/4""",150,316L,"2""",2,7.4,6.03,8.44,97,107
PBAL6061-CX150T2S1-1/4,"1-1/4""",150,AL-6061,"2""",2,5,2.01,2.81,49,54
PB304-CX150T2-1/4S1-1/4,"1-1/4""",150,304,"2-1/4""",2.25,5.5,6.7,9.38,86,95
PBSA36-CX150T2-1/4S1-1/4,"1-1/4""",150,SA-36,"2-1/4""",2.25,1.85,6.42,8.99,51,57
PBSA516-70-CX150T2-1/4S1-1/4,"1-1/4""",150,SA-516-70,"2-1/4""",2.25,2.15,6.42,8.99,54,60
PB304L-CX150T2-1/4S1-1/4,"1-1/4""",150,304L,"2-1/4""",2.25,5.95,6.7,9.38,91,101
PB316L-CX150T2-1/4S1-1/4,"1-1/4""",150,316L,"2-1/4""",2.25,7.4,6.78,9.49,105,116
PBAL6061-CX150T2-1/4S1-1/4,"1-1/4""",150,AL-6061,"2-1/4""",2.25,5,2.26,3.16,51,57
PB304-CX150T2-1/2S1-1/4,"1-1/4""",150,304,"2-1/2""",2.5,5.5,7.45,10.43,92,102
PBSA36-CX150T2-1/2S1-1/4,"1-1/4""",150,SA-36,"2-1/2""",2.5,1.85,7.13,9.98,53,59
PBSA516-70-CX150T2-1/2S1-1/4,"1-1/4""",150,SA-516-70,"2-1/2""",2.5,2.15,7.13,9.98,56,62
PB304L-CX150T2-1/2S1-1/4,"1-1/4""",150,304L,"2-1/2""",2.5,5.95,7.45,10.43,97,107
PB316L-CX150T2-1/2S1-1/4,"1-1/4""",150,316L,"2-1/2""",2.5,7.4,7.53,10.54,113,125
PBAL6061-CX150T2-1/2S1-1/4,"1-1/4""",150,AL-6061,"2-1/2""",2.5,5,2.51,3.51,52,58
PB304-CX150T3S1-1/4,"1-1/4""",150,304,"3""",3,5.5,8.94,12.52,104,115
PBSA36-CX150T3S1-1/4,"1-1/4""",150,SA-36,"3""",3,1.85,8.55,11.97,57,63
PBSA516-70-CX150T3S1-1/4,"1-1/4""",150,SA-516-70,"3""",3,2.15,8.55,11.97,61,68
PB304L-CX150T3S1-1/4,"1-1/4""",150,304L,"3""",3,5.95,8.94,12.52,109,120
PB316L-CX150T3S1-1/4,"1-1/4""",150,316L,"3""",3,7.4,9.04,12.66,129,142
PBAL6061-CX150T3S1-1/4,"1-1/4""",150,AL-6061,"3""",3,5,3.01,4.21,56,62
PB304-CX150T11GAS1-1/2,"1-1/2""",150,304,11 Gauge,0.1196,5.5,0.43,0.6,38,42
PBSA36-CX150T11GAS1-1/2,"1-1/2""",150,SA-36,11 Gauge,0.1196,1.85,0.41,0.57,36,40
PBSA516-70-CX150T11GAS1-1/2,"1-1/2""",150,SA-516-70,11 Gauge,0.1196,2.15,0.41,0.57,36,40
PB304L-CX150T11GAS1-1/2,"1-1/2""",150,304L,11 Gauge,0.1196,5.95,0.43,0.6,38,42
PB316L-CX150T11GAS1-1/2,"1-1/2""",150,316L,11 Gauge,0.1196,7.4,0.43,0.6,39,43
PBAL6061-CX150T11GAS1-1/2,"1-1/2""",150,AL-6061,11 Gauge,0.1196,5,0.14,0.2,36,40
PB304-CX150T1/8S1-1/2,"1-1/2""",150,304,"1/8""",0.125,5.5,0.45,0.63,38,42
PBSA36-CX150T1/8S1-1/2,"1-1/2""",150,SA-36,"1/8""",0.125,1.85,0.43,0.6,36,40
PBSA516-70-CX150T1/8S1-1/2,"1-1/2""",150,SA-516-70,"1/8""",0.125,2.15,0.43,0.6,36,40
PB304L-CX150T1/8S1-1/2,"1-1/2""",150,304L,"1/8""",0.125,5.95,0.45,0.63,39,43
PB316L-CX150T1/8S1-1/2,"1-1/2""",150,316L,"1/8""",0.125,7.4,0.45,0.63,40,44
PBAL6061-CX150T1/8S1-1/2,"1-1/2""",150,AL-6061,"1/8""",0.125,5,0.15,0.21,36,40
PB304-CX150T3/16S1-1/2,"1-1/2""",150,304,"3/16""",0.1875,5.5,0.67,0.94,40,44
PBSA36-CX150T3/16S1-1/2,"1-1/2""",150,SA-36,"3/16""",0.1875,1.85,0.64,0.9,37,41
PBSA516-70-CX150T3/16S1-1/2,"1-1/2""",150,SA-516-70,"3/16""",0.1875,2.15,0.64,0.9,37,41
PB304L-CX150T3/16S1-1/2,"1-1/2""",150,304L,"3/16""",0.1875,5.95,0.67,0.94,40,44
PB316L-CX150T3/16S1-1/2,"1-1/2""",150,316L,"3/16""",0.1875,7.4,0.68,0.95,42,47
PBAL6061-CX150T3/16S1-1/2,"1-1/2""",150,AL-6061,"3/16""",0.1875,5,0.23,0.32,36,40
PB304-CX150T1/4S1-1/2,"1-1/2""",150,304,"1/4""",0.25,5.5,0.89,1.25,42,47
PBSA36-CX150T1/4S1-1/2,"1-1/2""",150,SA-36,"1/4""",0.25,1.85,0.86,1.2,37,41
PBSA516-70-CX150T1/4S1-1/2,"1-1/2""",150,SA-516-70,"1/4""",0.25,2.15,0.86,1.2,37,41
PB304L-CX150T1/4S1-1/2,"1-1/2""",150,304L,"1/4""",0.25,5.95,0.89,1.25,42,47
PB316L-CX150T1/4S1-1/2,"1-1/2""",150,316L,"1/4""",0.25,7.4,0.9,1.26,44,49
PBAL6061-CX150T1/4S1-1/2,"1-1/2""",150,AL-6061,"1/4""",0.25,5,0.3,0.42,37,41
PB304-CX150T5/16S1-1/2,"1-1/2""",150,304,"5/16""",0.3125,5.5,1.12,1.57,43,48
PBSA36-CX150T5/16S1-1/2,"1-1/2""",150,SA-36,"5/16""",0.3125,1.85,1.07,1.5,38,42
PBSA516-70-CX150T5/16S1-1/2,"1-1/2""",150,SA-516-70,"5/16""",0.3125,2.15,1.07,1.5,38,42
PB304L-CX150T5/16S1-1/2,"1-1/2""",150,304L,"5/16""",0.3125,5.95,1.12,1.57,44,49
PB316L-CX150T5/16S1-1/2,"1-1/2""",150,316L,"5/16""",0.3125,7.4,1.13,1.58,47,52
PBAL6061-CX150T5/16S1-1/2,"1-1/2""",150,AL-6061,"5/16""",0.3125,5,0.38,0.53,37,41
PB304-CX150T3/8S1-1/2,"1-1/2""",150,304,"3/8""",0.375,5.5,1.34,1.88,45,50
PBSA36-CX150T3/8S1-1/2,"1-1/2""",150,SA-36,"3/8""",0.375,1.85,1.28,1.79,38,42
PBSA516-70-CX150T3/8S1-1/2,"1-1/2""",150,SA-516-70,"3/8""",0.375,2.15,1.28,1.79,39,43
PB304L-CX150T3/8S1-1/2,"1-1/2""",150,304L,"3/8""",0.375,5.95,1.34,1.88,46,51
PB316L-CX150T3/8S1-1/2,"1-1/2""",150,316L,"3/8""",0.375,7.4,1.36,1.9,49,54
PBAL6061-CX150T3/8S1-1/2,"1-1/2""",150,AL-6061,"3/8""",0.375,5,0.45,0.63,38,42
PB304-CX150T1/2S1-1/2,"1-1/2""",150,304,"1/2""",0.5,5.5,1.79,2.51,49,54
PBSA36-CX150T1/2S1-1/2,"1-1/2""",150,SA-36,"1/2""",0.5,1.85,1.71,2.39,39,43
PBSA516-70-CX150T1/2S1-1/2,"1-1/2""",150,SA-516-70,"1/2""",0.5,2.15,1.71,2.39,40,44
PB304L-CX150T1/2S1-1/2,"1-1/2""",150,304L,"1/2""",0.5,5.95,1.79,2.51,50,56
PB316L-CX150T1/2S1-1/2,"1-1/2""",150,316L,"1/2""",0.5,7.4,1.81,2.53,54,60
PBAL6061-CX150T1/2S1-1/2,"1-1/2""",150,AL-6061,"1/2""",0.5,5,0.6,0.84,39,43
PB304-CX150T5/8S1-1/2,"1-1/2""",150,304,"5/8""",0.625,5.5,2.24,3.14,52,58
PBSA36-CX150T5/8S1-1/2,"1-1/2""",150,SA-36,"5/8""",0.625,1.85,2.14,3,40,44
PBSA516-70-CX150T5/8S1-1/2,"1-1/2""",150,SA-516-70,"5/8""",0.625,2.15,2.14,3,41,46
PB304L-CX150T5/8S1-1/2,"1-1/2""",150,304L,"5/8""",0.625,5.95,2.24,3.14,54,60
PB316L-CX150T5/8S1-1/2,"1-1/2""",150,316L,"5/8""",0.625,7.4,2.26,3.16,58,64
PBAL6061-CX150T5/8S1-1/2,"1-1/2""",150,AL-6061,"5/8""",0.625,5,0.75,1.05,40,44
PB304-CX150T3/4S1-1/2,"1-1/2""",150,304,"3/4""",0.75,5.5,2.68,3.75,55,61
PBSA36-CX150T3/4S1-1/2,"1-1/2""",150,SA-36,"3/4""",0.75,1.85,2.57,3.6,42,47
PBSA516-70-CX150T3/4S1-1/2,"1-1/2""",150,SA-516-70,"3/4""",0.75,2.15,2.57,3.6,43,48
PB304L-CX150T3/4S1-1/2,"1-1/2""",150,304L,"3/4""",0.75,5.95,2.68,3.75,57,63
PB316L-CX150T3/4S1-1/2,"1-1/2""",150,316L,"3/4""",0.75,7.4,2.71,3.79,63,70
PBAL6061-CX150T3/4S1-1/2,"1-1/2""",150,AL-6061,"3/4""",0.75,5,0.9,1.26,41,46
PB304-CX150T7/8S1-1/2,"1-1/2""",150,304,"7/8""",0.875,5.5,3.13,4.38,59,65
PBSA36-CX150T7/8S1-1/2,"1-1/2""",150,SA-36,"7/8""",0.875,1.85,3,4.2,43,48
PBSA516-70-CX150T7/8S1-1/2,"1-1/2""",150,SA-516-70,"7/8""",0.875,2.15,3,4.2,44,49
PB304L-CX150T7/8S1-1/2,"1-1/2""",150,304L,"7/8""",0.875,5.95,3.13,4.38,61,68
PB316L-CX150T7/8S1-1/2,"1-1/2""",150,316L,"7/8""",0.875,7.4,3.17,4.44,68,75
PBAL6061-CX150T7/8S1-1/2,"1-1/2""",150,AL-6061,"7/8""",0.875,5,1.06,1.48,42,47
PB304-CX150T1S1-1/2,"1-1/2""",150,304,"1""",1,5.5,3.58,5.01,62,69
PBSA36-CX150T1S1-1/2,"1-1/2""",150,SA-36,"1""",1,1.85,3.42,4.79,44,49
PBSA516-70-CX150T1S1-1/2,"1-1/2""",150,SA-516-70,"1""",1,2.15,3.42,4.79,45,50
PB304L-CX150T1S1-1/2,"1-1/2""",150,304L,"1""",1,5.95,3.58,5.01,65,72
PB316L-CX150T1S1-1/2,"1-1/2""",150,316L,"1""",1,7.4,3.62,5.07,72,80
PBAL6061-CX150T1S1-1/2,"1-1/2""",150,AL-6061,"1""",1,5,1.21,1.69,43,48
PB304-CX150T1-1/8S1-1/2,"1-1/2""",150,304,"1-1/8""",1.125,5.5,4.02,5.63,66,73
PBSA36-CX150T1-1/8S1-1/2,"1-1/2""",150,SA-36,"1-1/8""",1.125,1.85,3.85,5.39,45,50
PBSA516-70-CX150T1-1/8S1-1/2,"1-1/2""",150,SA-516-70,"1-1/8""",1.125,2.15,3.85,5.39,46,51
PB304L-CX150T1-1/8S1-1/2,"1-1/2""",150,304L,"1-1/8""",1.125,5.95,4.02,5.63,68,75
PB316L-CX150T1-1/8S1-1/2,"1-1/2""",150,316L,"1-1/8""",1.125,7.4,4.07,5.7,77,85
PBAL6061-CX150T1-1/8S1-1/2,"1-1/2""",150,AL-6061,"1-1/8""",1.125,5,1.36,1.9,44,49
PB304-CX150T1-1/4S1-1/2,"1-1/2""",150,304,"1-1/4""",1.25,5.5,4.47,6.26,69,76
PBSA36-CX150T1-1/4S1-1/2,"1-1/2""",150,SA-36,"1-1/4""",1.25,1.85,4.28,5.99,46,51
PBSA516-70-CX150T1-1/4S1-1/2,"1-1/2""",150,SA-516-70,"1-1/4""",1.25,2.15,4.28,5.99,48,53
PB304L-CX150T1-1/4S1-1/2,"1-1/2""",150,304L,"1-1/4""",1.25,5.95,4.47,6.26,72,80
PB316L-CX150T1-1/4S1-1/2,"1-1/2""",150,316L,"1-1/4""",1.25,7.4,4.52,6.33,82,91
PBAL6061-CX150T1-1/4S1-1/2,"1-1/2""",150,AL-6061,"1-1/4""",1.25,5,1.51,2.11,45,50
PB304-CX150T1-3/8S1-1/2,"1-1/2""",150,304,"1-3/8""",1.375,5.5,4.92,6.89,73,81
PBSA36-CX150T1-3/8S1-1/2,"1-1/2""",150,SA-36,"1-3/8""",1.375,1.85,4.71,6.59,47,52
PBSA516-70-CX150T1-3/8S1-1/2,"1-1/2""",150,SA-516-70,"1-3/8""",1.375,2.15,4.71,6.59,49,54
PB304L-CX150T1-3/8S1-1/2,"1-1/2""",150,304L,"1-3/8""",1.375,5.95,4.92,6.89,76,84
PB316L-CX150T1-3/8S1-1/2,"1-1/2""",150,316L,"1-3/8""",1.375,7.4,4.97,6.96,86,95
PBAL6061-CX150T1-3/8S1-1/2,"1-1/2""",150,AL-6061,"1-3/8""",1.375,5,1.66,2.32,46,51
PB304-CX150T1-1/2S1-1/2,"1-1/2""",150,304,"1-1/2""",1.5,5.5,5.37,7.52,76,84
PBSA36-CX150T1-1/2S1-1/2,"1-1/2""",150,SA-36,"1-1/2""",1.5,1.85,5.14,7.2,48,53
PBSA516-70-CX150T1-1/2S1-1/2,"1-1/2""",150,SA-516-70,"1-1/2""",1.5,2.15,5.14,7.2,50,56
PB304L-CX150T1-1/2S1-1/2,"1-1/2""",150,304L,"1-1/2""",1.5,5.95,5.37,7.52,80,88
PB316L-CX150T1-1/2S1-1/2,"1-1/2""",150,316L,"1-1/2""",1.5,7.4,5.43,7.6,91,101
PBAL6061-CX150T1-1/2S1-1/2,"1-1/2""",150,AL-6061,"1-1/2""",1.5,5,1.81,2.53,47,52
PB304-CX150T1-5/8S1-1/2,"1-1/2""",150,304,"1-5/8""",1.625,5.5,5.81,8.13,80,88
PBSA36-CX150T1-5/8S1-1/2,"1-1/2""",150,SA-36,"1-5/8""",1.625,1.85,5.56,7.78,49,54
PBSA516-70-CX150T1-5/8S1-1/2,"1-1/2""",150,SA-516-70,"1-5/8""",1.625,2.15,5.56,7.78,52,58
PB304L-CX150T1-5/8S1-1/2,"1-1/2""",150,304L,"1-5/8""",1.625,5.95,5.81,8.13,83,92
PB316L-CX150T1-5/8S1-1/2,"1-1/2""",150,316L,"1-5/8""",1.625,7.4,5.88,8.23,96,106
PBAL6061-CX150T1-5/8S1-1/2,"1-1/2""",150,AL-6061,"1-5/8""",1.625,5,1.96,2.74,49,54
PB304-CX150T1-3/4S1-1/2,"1-1/2""",150,304,"1-3/4""",1.75,5.5,6.26,8.76,83,92
PBSA36-CX150T1-3/4S1-1/2,"1-1/2""",150,SA-36,"1-3/4""",1.75,1.85,5.99,8.39,50,56
PBSA516-70-CX150T1-3/4S1-1/2,"1-1/2""",150,SA-516-70,"1-3/4""",1.75,2.15,5.99,8.39,53,59
PB304L-CX150T1-3/4S1-1/2,"1-1/2""",150,304L,"1-3/4""",1.75,5.95,6.26,8.76,87,96
PB316L-CX150T1-3/4S1-1/2,"1-1/2""",150,316L,"1-3/4""",1.75,7.4,6.33,8.86,100,111
PBAL6061-CX150T1-3/4S1-1/2,"1-1/2""",150,AL-6061,"1-3/4""",1.75,5,2.11,2.95,50,56
PB304-CX150T1-7/8S1-1/2,"1-1/2""",150,304,"1-7/8""",1.875,5.5,6.71,9.39,86,95
PBSA36-CX150T1-7/8S1-1/2,"1-1/2""",150,SA-36,"1-7/8""",1.875,1.85,6.42,8.99,51,57
PBSA516-70-CX150T1-7/8S1-1/2,"1-1/2""",150,SA-516-70,"1-7/8""",1.875,2.15,6.42,8.99,54,60
PB304L-CX150T1-7/8S1-1/2,"1-1/2""",150,304L,"1-7/8""",1.875,5.95,6.71,9.39,91,101
PB316L-CX150T1-7/8S1-1/2,"1-1/2""",150,316L,"1-7/8""",1.875,7.4,6.78,9.49,105,116
PBAL6061-CX150T1-7/8S1-1/2,"1-1/2""",150,AL-6061,"1-7/8""",1.875,5,2.26,3.16,51,57
PB304-CX150T2S1-1/2,"1-1/2""",150,304,"2""",2,5.5,7.15,10.01,90,100
PBSA36-CX150T2S1-1/2,"1-1/2""",150,SA-36,"2""",2,1.85,6.85,9.59,53,59
PBSA516-70-CX150T2S1-1/2,"1-1/2""",150,SA-516-70,"2""",2,2.15,6.85,9.59,55,61
PB304L-CX150T2S1-1/2,"1-1/2""",150,304L,"2""",2,5.95,7.15,10.01,94,104
PB316L-CX150T2S1-1/2,"1-1/2""",150,316L,"2""",2,7.4,7.24,10.14,110,122
PBAL6061-CX150T2S1-1/2,"1-1/2""",150,AL-6061,"2""",2,5,2.41,3.37,52,58
PB304-CX150T2-1/4S1-1/2,"1-1/2""",150,304,"2-1/4""",2.25,5.5,8.05,11.27,97,107
PBSA36-CX150T2-1/4S1-1/2,"1-1/2""",150,SA-36,"2-1/4""",2.25,1.85,7.7,10.78,55,61
PBSA516-70-CX150T2-1/4S1-1/2,"1-1/2""",150,SA-516-70,"2-1/4""",2.25,2.15,7.7,10.78,58,64
PB304L-CX150T2-1/4S1-1/2,"1-1/2""",150,304L,"2-1/4""",2.25,5.95,8.05,11.27,102,113
PB316L-CX150T2-1/4S1-1/2,"1-1/2""",150,316L,"2-1/4""",2.25,7.4,8.14,11.4,119,131
PBAL6061-CX150T2-1/4S1-1/2,"1-1/2""",150,AL-6061,"2-1/4""",2.25,5,2.71,3.79,54,60
PB304-CX150T2-1/2S1-1/2,"1-1/2""",150,304,"2-1/2""",2.5,5.5,8.94,12.52,104,115
PBSA36-CX150T2-1/2S1-1/2,"1-1/2""",150,SA-36,"2-1/2""",2.5,1.85,8.56,11.98,57,63
PBSA516-70-CX150T2-1/2S1-1/2,"1-1/2""",150,SA-516-70,"2-1/2""",2.5,2.15,8.56,11.98,61,68
PB304L-CX150T2-1/2S1-1/2,"1-1/2""",150,304L,"2-1/2""",2.5,5.95,8.94,12.52,109,120
PB316L-CX150T2-1/2S1-1/2,"1-1/2""",150,316L,"2-1/2""",2.5,7.4,9.04,12.66,129,142
PBAL6061-CX150T2-1/2S1-1/2,"1-1/2""",150,AL-6061,"2-1/2""",2.5,5,3.02,4.23,56,62
PB304-CX150T3S1-1/2,"1-1/2""",150,304,"3""",3,5.5,10.73,15.02,117,129
PBSA36-CX150T3S1-1/2,"1-1/2""",150,SA-36,"3""",3,1.85,10.27,14.38,61,68
PBSA516-70-CX150T3S1-1/2,"1-1/2""",150,SA-516-70,"3""",3,2.15,10.27,14.38,66,73
PB304L-CX150T3S1-1/2,"1-1/2""",150,304L,"3""",3,5.95,10.73,15.02,124,137
PB316L-CX150T3S1-1/2,"1-1/2""",150,316L,"3""",3,7.4,10.85,15.19,147,162
PBAL6061-CX150T3S1-1/2,"1-1/2""",150,AL-6061,"3""",3,5,3.62,5.07,60,66
PB304-CX150T11GAS2,"2""",150,304,11 Gauge,0.1196,5.5,0.6,0.84,39,43
PBSA36-CX150T11GAS2,"2""",150,SA-36,11 Gauge,0.1196,1.85,0.57,0.8,36,40
PBSA516-70-CX150T11GAS2,"2""",150,SA-516-70,11 Gauge,0.1196,2.15,0.57,0.8,37,41
PB304L-CX150T11GAS2,"2""",150,304L,11 Gauge,0.1196,5.95,0.6,0.84,40,44
PB316L-CX150T11GAS2,"2""",150,316L,11 Gauge,0.1196,7.4,0.6,0.84,41,46
PBAL6061-CX150T11GAS2,"2""",150,AL-6061,11 Gauge,0.1196,5,0.2,0.28,36,40
PB304-CX150T1/8S2,"2""",150,304,"1/8""",0.125,5.5,0.62,0.87,40,44
PBSA36-CX150T1/8S2,"2""",150,SA-36,"1/8""",0.125,1.85,0.6,0.84,36,40
PBSA516-70-CX150T1/8S2,"2""",150,SA-516-70,"1/8""",0.125,2.15,0.6,0.84,37,41
PB304L-CX150T1/8S2,"2""",150,304L,"1/8""",0.125,5.95,0.62,0.87,40,44
PB316L-CX150T1/8S2,"2""",150,316L,"1/8""",0.125,7.4,0.63,0.88,41,46
PBAL6061-CX150T1/8S2,"2""",150,AL-6061,"1/8""",0.125,5,0.21,0.29,36,40
PB304-CX150T3/16S2,"2""",150,304,"3/16""",0.1875,5.5,0.93,1.3,42,47
PBSA36-CX150T3/16S2,"2""",150,SA-36,"3/16""",0.1875,1.85,0.89,1.25,37,41
PBSA516-70-CX150T3/16S2,"2""",150,SA-516-70,"3/16""",0.1875,2.15,0.89,1.25,38,42
PB304L-CX150T3/16S2,"2""",150,304L,"3/16""",0.1875,5.95,0.93,1.3,43,48
PB316L-CX150T3/16S2,"2""",150,316L,"3/16""",0.1875,7.4,0.94,1.32,45,50
PBAL6061-CX150T3/16S2,"2""",150,AL-6061,"3/16""",0.1875,5,0.32,0.45,37,41
PB304-CX150T1/4S2,"2""",150,304,"1/4""",0.25,5.5,1.25,1.75,44,49
PBSA36-CX150T1/4S2,"2""",150,SA-36,"1/4""",0.25,1.85,1.19,1.67,38,42
PBSA516-70-CX150T1/4S2,"2""",150,SA-516-70,"1/4""",0.25,2.15,1.19,1.67,38,42
PB304L-CX150T1/4S2,"2""",150,304L,"1/4""",0.25,5.95,1.25,1.75,45,50
PB316L-CX150T1/4S2,"2""",150,316L,"1/4""",0.25,7.4,1.26,1.76,48,53
PBAL6061-CX150T1/4S2,"2""",150,AL-6061,"1/4""",0.25,5,0.42,0.59,38,42
PB304-CX150T5/16S2,"2""",150,304,"5/16""",0.3125,5.5,1.56,2.18,47,52
PBSA36-CX150T5/16S2,"2""",150,SA-36,"5/16""",0.3125,1.85,1.49,2.09,39,43
PBSA516-70-CX150T5/16S2,"2""",150,SA-516-70,"5/16""",0.3125,2.15,1.49,2.09,39,43
PB304L-CX150T5/16S2,"2""",150,304L,"5/16""",0.3125,5.95,1.56,2.18,48,53
PB316L-CX150T5/16S2,"2""",150,316L,"5/16""",0.3125,7.4,1.57,2.2,51,57
PBAL6061-CX150T5/16S2,"2""",150,AL-6061,"5/16""",0.3125,5,0.53,0.74,39,43
PB304-CX150T3/8S2,"2""",150,304,"3/8""",0.375,5.5,1.87,2.62,49,54
PBSA36-CX150T3/8S2,"2""",150,SA-36,"3/8""",0.375,1.85,1.79,2.51,39,43
PBSA516-70-CX150T3/8S2,"2""",150,SA-516-70,"3/8""",0.375,2.15,1.79,2.51,40,44
PB304L-CX150T3/8S2,"2""",150,304L,"3/8""",0.375,5.95,1.87,2.62,50,56
PB316L-CX150T3/8S2,"2""",150,316L,"3/8""",0.375,7.4,1.89,2.65,54,60
PBAL6061-CX150T3/8S2,"2""",150,AL-6061,"3/8""",0.375,5,0.63,0.88,39,43
PB304-CX150T1/2S2,"2""",150,304,"1/2""",0.5,5.5,2.49,3.49,54,60
PBSA36-CX150T1/2S2,"2""",150,SA-36,"1/2""",0.5,1.85,2.38,3.33,41,46
PBSA516-70-CX150T1/2S2,"2""",150,SA-516-70,"1/2""",0.5,2.15,2.38,3.33,42,47
PB304L-CX150T1/2S2,"2""",150,304L,"1/2""",0.5,5.95,2.49,3.49,56,62
PB316L-CX150T1/2S2,"2""",150,316L,"1/2""",0.5,7.4,2.52,3.53,61,68
PBAL6061-CX150T1/2S2,"2""",150,AL-6061,"1/2""",0.5,5,0.84,1.18,41,46
PB304-CX150T5/8S2,"2""",150,304,"5/8""",0.625,5.5,3.11,4.35,59,65
PBSA36-CX150T5/8S2,"2""",150,SA-36,"5/8""",0.625,1.85,2.98,4.17,43,48
PBSA516-70-CX150T5/8S2,"2""",150,SA-516-70,"5/8""",0.625,2.15,2.98,4.17,44,49
PB304L-CX150T5/8S2,"2""",150,304L,"5/8""",0.625,5.95,3.11,4.35,61,68
PB316L-CX150T5/8S2,"2""",150,316L,"5/8""",0.625,7.4,3.15,4.41,67,74
PBAL6061-CX150T5/8S2,"2""",150,AL-6061,"5/8""",0.625,5,1.05,1.47,42,47
PB304-CX150T3/4S2,"2""",150,304,"3/4""",0.75,5.5,3.74,5.24,64,71
PBSA36-CX150T3/4S2,"2""",150,SA-36,"3/4""",0.75,1.85,3.58,5.01,44,49
PBSA516-70-CX150T3/4S2,"2""",150,SA-516-70,"3/4""",0.75,2.15,3.58,5.01,46,51
PB304L-CX150T3/4S2,"2""",150,304L,"3/4""",0.75,5.95,3.74,5.24,66,73
PB316L-CX150T3/4S2,"2""",150,316L,"3/4""",0.75,7.4,3.78,5.29,74,82
PBAL6061-CX150T3/4S2,"2""",150,AL-6061,"3/4""",0.75,5,1.26,1.76,44,49
PB304-CX150T7/8S2,"2""",150,304,"7/8""",0.875,5.5,4.36,6.1,68,75
PBSA36-CX150T7/8S2,"2""",150,SA-36,"7/8""",0.875,1.85,4.17,5.84,46,51
PBSA516-70-CX150T7/8S2,"2""",150,SA-516-70,"7/8""",0.875,2.15,4.17,5.84,47,52
PB304L-CX150T7/8S2,"2""",150,304L,"7/8""",0.875,5.95,4.36,6.1,71,79
PB316L-CX150T7/8S2,"2""",150,316L,"7/8""",0.875,7.4,4.41,6.17,81,90
PBAL6061-CX150T7/8S2,"2""",150,AL-6061,"7/8""",0.875,5,1.47,2.06,45,50
PB304-CX150T1S2,"2""",150,304,"1""",1,5.5,4.98,6.97,73,81
PBSA36-CX150T1S2,"2""",150,SA-36,"1""",1,1.85,4.77,6.68,47,52
PBSA516-70-CX150T1S2,"2""",150,SA-516-70,"1""",1,2.15,4.77,6.68,49,54
PB304L-CX150T1S2,"2""",150,304L,"1""",1,5.95,4.98,6.97,76,84
PB316L-CX150T1S2,"2""",150,316L,"1""",1,7.4,5.04,7.06,87,96
PBAL6061-CX150T1S2,"2""",150,AL-6061,"1""",1,5,1.68,2.35,47,52
PB304-CX150T1-1/8S2,"2""",150,304,"1-1/8""",1.125,5.5,5.61,7.85,78,86
PBSA36-CX150T1-1/8S2,"2""",150,SA-36,"1-1/8""",1.125,1.85,5.37,7.52,49,54
PBSA516-70-CX150T1-1/8S2,"2""",150,SA-516-70,"1-1/8""",1.125,2.15,5.37,7.52,51,57
PB304L-CX150T1-1/8S2,"2""",150,304L,"1-1/8""",1.125,5.95,5.61,7.85,82,91
PB316L-CX150T1-1/8S2,"2""",150,316L,"1-1/8""",1.125,7.4,5.67,7.94,94,104
PBAL6061-CX150T1-1/8S2,"2""",150,AL-6061,"1-1/8""",1.125,5,1.89,2.65,48,53
PB304-CX150T1-1/4S2,"2""",150,304,"1-1/4""",1.25,5.5,6.23,8.72,83,92
PBSA36-CX150T1-1/4S2,"2""",150,SA-36,"1-1/4""",1.25,1.85,5.96,8.34,50,56
PBSA516-70-CX150T1-1/4S2,"2""",150,SA-516-70,"1-1/4""",1.25,2.15,5.96,8.34,53,59
PB304L-CX150T1-1/4S2,"2""",150,304L,"1-1/4""",1.25,5.95,6.23,8.72,87,96
PB316L-CX150T1-1/4S2,"2""",150,316L,"1-1/4""",1.25,7.4,6.3,8.82,100,111
PBAL6061-CX150T1-1/4S2,"2""",150,AL-6061,"1-1/4""",1.25,5,2.1,2.94,50,56
PB304-CX150T1-3/8S2,"2""",150,304,"1-3/8""",1.375,5.5,6.85,9.59,88,97
PBSA36-CX150T1-3/8S2,"2""",150,SA-36,"1-3/8""",1.375,1.85,6.56,9.18,52,58
PBSA516-70-CX150T1-3/8S2,"2""",150,SA-516-70,"1-3/8""",1.375,2.15,6.56,9.18,55,61
PB304L-CX150T1-3/8S2,"2""",150,304L,"1-3/8""",1.375,5.95,6.85,9.59,92,102
PB316L-CX150T1-3/8S2,"2""",150,316L,"1-3/8""",1.375,7.4,6.93,9.7,107,118
PBAL6061-CX150T1-3/8S2,"2""",150,AL-6061,"1-3/8""",1.375,5,2.31,3.23,51,57
PB304-CX150T1-1/2S2,"2""",150,304,"1-1/2""",1.5,5.5,7.47,10.46,92,102
PBSA36-CX150T1-1/2S2,"2""",150,SA-36,"1-1/2""",1.5,1.85,7.15,10.01,53,59
PBSA516-70-CX150T1-1/2S2,"2""",150,SA-516-70,"1-1/2""",1.5,2.15,7.15,10.01,56,62
PB304L-CX150T1-1/2S2,"2""",150,304L,"1-1/2""",1.5,5.95,7.47,10.46,97,107
PB316L-CX150T1-1/2S2,"2""",150,316L,"1-1/2""",1.5,7.4,7.56,10.58,113,125
PBAL6061-CX150T1-1/2S2,"2""",150,AL-6061,"1-1/2""",1.5,5,2.52,3.53,52,58
PB304-CX150T1-5/8S2,"2""",150,304,"1-5/8""",1.625,5.5,8.1,11.34,97,107
PBSA36-CX150T1-5/8S2,"2""",150,SA-36,"1-5/8""",1.625,1.85,7.75,10.85,55,61
PBSA516-70-CX150T1-5/8S2,"2""",150,SA-516-70,"1-5/8""",1.625,2.15,7.75,10.85,58,64
PB304L-CX150T1-5/8S2,"2""",150,304L,"1-5/8""",1.625,5.95,8.1,11.34,102,113
PB316L-CX150T1-5/8S2,"2""",150,316L,"1-5/8""",1.625,7.4,8.19,11.47,120,132
PBAL6061-CX150T1-5/8S2,"2""",150,AL-6061,"1-5/8""",1.625,5,2.73,3.82,54,60
PB304-CX150T1-3/4S2,"2""",150,304,"1-3/4""",1.75,5.5,8.72,12.21,102,113
PBSA36-CX150T1-3/4S2,"2""",150,SA-36,"1-3/4""",1.75,1.85,8.35,11.69,56,62
PBSA516-70-CX150T1-3/4S2,"2""",150,SA-516-70,"1-3/4""",1.75,2.15,8.35,11.69,60,66
PB304L-CX150T1-3/4S2,"2""",150,304L,"1-3/4""",1.75,5.95,8.72,12.21,107,118
PB316L-CX150T1-3/4S2,"2""",150,316L,"1-3/4""",1.75,7.4,8.82,12.35,126,139
PBAL6061-CX150T1-3/4S2,"2""",150,AL-6061,"1-3/4""",1.75,5,2.94,4.12,55,61
PB304-CX150T1-7/8S2,"2""",150,304,"1-7/8""",1.875,5.5,9.34,13.08,107,118
PBSA36-CX150T1-7/8S2,"2""",150,SA-36,"1-7/8""",1.875,1.85,8.94,12.52,58,64
PBSA516-70-CX150T1-7/8S2,"2""",150,SA-516-70,"1-7/8""",1.875,2.15,8.94,12.52,62,69
PB304L-CX150T1-7/8S2,"2""",150,304L,"1-7/8""",1.875,5.95,9.34,13.08,113,125
PB316L-CX150T1-7/8S2,"2""",150,316L,"1-7/8""",1.875,7.4,9.45,13.23,133,147
PBAL6061-CX150T1-7/8S2,"2""",150,AL-6061,"1-7/8""",1.875,5,3.15,4.41,57,63
PB304-CX150T2S2,"2""",150,304,"2""",2,5.5,9.96,13.94,112,124
PBSA36-CX150T2S2,"2""",150,SA-36,"2""",2,1.85,9.54,13.36,60,66
PBSA516-70-CX150T2S2,"2""",150,SA-516-70,"2""",2,2.15,9.54,13.36,64,71
PB304L-CX150T2S2,"2""",150,304L,"2""",2,5.95,9.96,13.94,118,130
PB316L-CX150T2S2,"2""",150,316L,"2""",2,7.4,10.08,14.11,139,153
PBAL6061-CX150T2S2,"2""",150,AL-6061,"2""",2,5,3.36,4.7,58,64
PB304-CX150T2-1/4S2,"2""",150,304,"2-1/4""",2.25,5.5,11.21,15.69,121,134
PBSA36-CX150T2-1/4S2,"2""",150,SA-36,"2-1/4""",2.25,1.85,10.73,15.02,63,70
PBSA516-70-CX150T2-1/4S2,"2""",150,SA-516-70,"2-1/4""",2.25,2.15,10.73,15.02,67,74
PB304L-CX150T2-1/4S2,"2""",150,304L,"2-1/4""",2.25,5.95,11.21,15.69,128,141
PB316L-CX150T2-1/4S2,"2""",150,316L,"2-1/4""",2.25,7.4,11.34,15.88,152,168
PBAL6061-CX150T2-1/4S2,"2""",150,AL-6061,"2-1/4""",2.25,5,3.78,5.29,61,68
PB304-CX150T2-1/2S2,"2""",150,304,"2-1/2""",2.5,5.5,12.46,17.44,131,145
PBSA36-CX150T2-1/2S2,"2""",150,SA-36,"2-1/2""",2.5,1.85,11.92,16.69,66,73
PBSA516-70-CX150T2-1/2S2,"2""",150,SA-516-70,"2-1/2""",2.5,2.15,11.92,16.69,71,79
PB304L-CX150T2-1/2S2,"2""",150,304L,"2-1/2""",2.5,5.95,12.46,17.44,139,153
PB316L-CX150T2-1/2S2,"2""",150,316L,"2-1/2""",2.5,7.4,12.6,17.64,165,182
PBAL6061-CX150T2-1/2S2,"2""",150,AL-6061,"2-1/2""",2.5,5,4.2,5.88,64,71
PB304-CX150T3S2,"2""",150,304,"3""",3,5.5,14.95,20.93,150,165
PBSA36-CX150T3S2,"2""",150,SA-36,"3""",3,1.85,14.31,20.03,72,80
PBSA516-70-CX150T3S2,"2""",150,SA-516-70,"3""",3,2.15,14.31,20.03,78,86
PB304L-CX150T3S2,"2""",150,304L,"3""",3,5.95,14.95,20.93,159,175
PB316L-CX150T3S2,"2""",150,316L,"3""",3,7.4,15.12,21.17,192,212
PBAL6061-CX150T3S2,"2""",150,AL-6061,"3""",3,5,5.04,7.06,70,77
PB304-CX150T11GAS2-1/2,"2-1/2""",150,304,11 Gauge,0.1196,5.5,0.82,1.15,41,46
PBSA36-CX150T11GAS2-1/2,"2-1/2""",150,SA-36,11 Gauge,0.1196,1.85,0.79,1.11,37,41
PBSA516-70-CX150T11GAS2-1/2,"2-1/2""",150,SA-516-70,11 Gauge,0.1196,2.15,0.79,1.11,37,41
PB304L-CX150T11GAS2-1/2,"2-1/2""",150,304L,11 Gauge,0.1196,5.95,0.82,1.15,42,47
PB316L-CX150T11GAS2-1/2,"2-1/2""",150,316L,11 Gauge,0.1196,7.4,0.83,1.16,43,48
PBAL6061-CX150T11GAS2-1/2,"2-1/2""",150,AL-6061,11 Gauge,0.1196,5,0.28,0.39,37,41
PB304-CX150T1/8S2-1/2,"2-1/2""",150,304,"1/8""",0.125,5.5,0.86,1.2,41,46
PBSA36-CX150T1/8S2-1/2,"2-1/2""",150,SA-36,"1/8""",0.125,1.85,0.82,1.15,37,41
PBSA516-70-CX150T1/8S2-1/2,"2-1/2""",150,SA-516-70,"1/8""",0.125,2.15,0.82,1.15,37,41
PB304L-CX150T1/8S2-1/2,"2-1/2""",150,304L,"1/8""",0.125,5.95,0.86,1.2,42,47
PB316L-CX150T1/8S2-1/2,"2-1/2""",150,316L,"1/8""",0.125,7.4,0.87,1.22,44,49
PBAL6061-CX150T1/8S2-1/2,"2-1/2""",150,AL-6061,"1/8""",0.125,5,0.29,0.41,37,41
PB304-CX150T3/16S2-1/2,"2-1/2""",150,304,"3/16""",0.1875,5.5,1.29,1.81,45,50
PBSA36-CX150T3/16S2-1/2,"2-1/2""",150,SA-36,"3/16""",0.1875,1.85,1.23,1.72,38,42
PBSA516-70-CX150T3/16S2-1/2,"2-1/2""",150,SA-516-70,"3/16""",0.1875,2.15,1.23,1.72,39,43
PB304L-CX150T3/16S2-1/2,"2-1/2""",150,304L,"3/16""",0.1875,5.95,1.29,1.81,46,51
PB316L-CX150T3/16S2-1/2,"2-1/2""",150,316L,"3/16""",0.1875,7.4,1.3,1.82,48,53
PBAL6061-CX150T3/16S2-1/2,"2-1/2""",150,AL-6061,"3/16""",0.1875,5,0.43,0.6,38,42
PB304-CX150T1/4S2-1/2,"2-1/2""",150,304,"1/4""",0.25,5.5,1.72,2.41,48,53
PBSA36-CX150T1/4S2-1/2,"2-1/2""",150,SA-36,"1/4""",0.25,1.85,1.65,2.31,39,43
PBSA516-70-CX150T1/4S2-1/2,"2-1/2""",150,SA-516-70,"1/4""",0.25,2.15,1.65,2.31,40,44
PB304L-CX150T1/4S2-1/2,"2-1/2""",150,304L,"1/4""",0.25,5.95,1.72,2.41,49,54
PB316L-CX150T1/4S2-1/2,"2-1/2""",150,316L,"1/4""",0.25,7.4,1.74,2.44,53,59
PBAL6061-CX150T1/4S2-1/2,"2-1/2""",150,AL-6061,"1/4""",0.25,5,0.58,0.81,39,43
PB304-CX150T5/16S2-1/2,"2-1/2""",150,304,"5/16""",0.3125,5.5,2.15,3.01,51,57
PBSA36-CX150T5/16S2-1/2,"2-1/2""",150,SA-36,"5/16""",0.3125,1.85,2.06,2.88,40,44
PBSA516-70-CX150T5/16S2-1/2,"2-1/2""",150,SA-516-70,"5/16""",0.3125,2.15,2.06,2.88,41,46
PB304L-CX150T5/16S2-1/2,"2-1/2""",150,304L,"5/16""",0.3125,5.95,2.15,3.01,53,59
PB316L-CX150T5/16S2-1/2,"2-1/2""",150,316L,"5/16""",0.3125,7.4,2.17,3.04,57,63
PBAL6061-CX150T5/16S2-1/2,"2-1/2""",150,AL-6061,"5/16""",0.3125,5,0.72,1.01,40,44
PB304-CX150T3/8S2-1/2,"2-1/2""",150,304,"3/8""",0.375,5.5,2.58,3.61,55,61
PBSA36-CX150T3/8S2-1/2,"2-1/2""",150,SA-36,"3/8""",0.375,1.85,2.47,3.46,41,46
PBSA516-70-CX150T3/8S2-1/2,"2-1/2""",150,SA-516-70,"3/8""",0.375,2.15,2.47,3.46,42,47
PB304L-CX150T3/8S2-1/2,"2-1/2""",150,304L,"3/8""",0.375,5.95,2.58,3.61,56,62
PB316L-CX150T3/8S2-1/2,"2-1/2""",150,316L,"3/8""",0.375,7.4,2.61,3.65,62,69
PBAL6061-CX150T3/8S2-1/2,"2-1/2""",150,AL-6061,"3/8""",0.375,5,0.87,1.22,41,46
PB304-CX150T1/2S2-1/2,"2-1/2""",150,304,"1/2""",0.5,5.5,3.44,4.82,61,68
PBSA36-CX150T1/2S2-1/2,"2-1/2""",150,SA-36,"1/2""",0.5,1.85,3.29,4.61,43,48
PBSA516-70-CX150T1/2S2-1/2,"2-1/2""",150,SA-516-70,"1/2""",0.5,2.15,3.29,4.61,45,50
PB304L-CX150T1/2S2-1/2,"2-1/2""",150,304L,"1/2""",0.5,5.95,3.44,4.82,64,71
PB316L-CX150T1/2S2-1/2,"2-1/2""",150,316L,"1/2""",0.5,7.4,3.48,4.87,71,79
PBAL6061-CX150T1/2S2-1/2,"2-1/2""",150,AL-6061,"1/2""",0.5,5,1.16,1.62,43,48
PB304-CX150T5/8S2-1/2,"2-1/2""",150,304,"5/8""",0.625,5.5,4.3,6.02,68,75
PBSA36-CX150T5/8S2-1/2,"2-1/2""",150,SA-36,"5/8""",0.625,1.85,4.11,5.75,45,50
PBSA516-70-CX150T5/8S2-1/2,"2-1/2""",150,SA-516-70,"5/8""",0.625,2.15,4.11,5.75,47,52
PB304L-CX150T5/8S2-1/2,"2-1/2""",150,304L,"5/8""",0.625,5.95,4.3,6.02,71,79
PB316L-CX150T5/8S2-1/2,"2-1/2""",150,316L,"5/8""",0.625,7.4,4.35,6.09,80,88
PBAL6061-CX150T5/8S2-1/2,"2-1/2""",150,AL-6061,"5/8""",0.625,5,1.45,2.03,45,50
PB304-CX150T3/4S2-1/2,"2-1/2""",150,304,"3/4""",0.75,5.5,5.16,7.22,75,83
PBSA36-CX150T3/4S2-1/2,"2-1/2""",150,SA-36,"3/4""",0.75,1.85,4.94,6.92,48,53
PBSA516-70-CX150T3/4S2-1/2,"2-1/2""",150,SA-516-70,"3/4""",0.75,2.15,4.94,6.92,50,56
PB304L-CX150T3/4S2-1/2,"2-1/2""",150,304L,"3/4""",0.75,5.95,5.16,7.22,78,86
PB316L-CX150T3/4S2-1/2,"2-1/2""",150,316L,"3/4""",0.75,7.4,5.22,7.31,89,98
PBAL6061-CX150T3/4S2-1/2,"2-1/2""",150,AL-6061,"3/4""",0.75,5,1.74,2.44,47,52
PB304-CX150T7/8S2-1/2,"2-1/2""",150,304,"7/8""",0.875,5.5,6.02,8.43,81,90
PBSA36-CX150T7/8S2-1/2,"2-1/2""",150,SA-36,"7/8""",0.875,1.85,5.76,8.06,50,56
PBSA516-70-CX150T7/8S2-1/2,"2-1/2""",150,SA-516-70,"7/8""",0.875,2.15,5.76,8.06,52,58
PB304L-CX150T7/8S2-1/2,"2-1/2""",150,304L,"7/8""",0.875,5.95,6.02,8.43,85,94
PB316L-CX150T7/8S2-1/2,"2-1/2""",150,316L,"7/8""",0.875,7.4,6.09,8.53,98,108
PBAL6061-CX150T7/8S2-1/2,"2-1/2""",150,AL-6061,"7/8""",0.875,5,2.03,2.84,49,54
PB304-CX150T1S2-1/2,"2-1/2""",150,304,"1""",1,5.5,6.88,9.63,88,97
PBSA36-CX150T1S2-1/2,"2-1/2""",150,SA-36,"1""",1,1.85,6.58,9.21,52,58
PBSA516-70-CX150T1S2-1/2,"2-1/2""",150,SA-516-70,"1""",1,2.15,6.58,9.21,55,61
PB304L-CX150T1S2-1/2,"2-1/2""",150,304L,"1""",1,5.95,6.88,9.63,92,102
PB316L-CX150T1S2-1/2,"2-1/2""",150,316L,"1""",1,7.4,6.96,9.74,107,118
PBAL6061-CX150T1S2-1/2,"2-1/2""",150,AL-6061,"1""",1,5,2.32,3.25,51,57
PB304-CX150T1-1/8S2-1/2,"2-1/2""",150,304,"1-1/8""",1.125,5.5,7.74,10.84,94,104
PBSA36-CX150T1-1/8S2-1/2,"2-1/2""",150,SA-36,"1-1/8""",1.125,1.85,7.41,10.37,54,60
PBSA516-70-CX150T1-1/8S2-1/2,"2-1/2""",150,SA-516-70,"1-1/8""",1.125,2.15,7.41,10.37,57,63
PB304L-CX150T1-1/8S2-1/2,"2-1/2""",150,304L,"1-1/8""",1.125,5.95,7.74,10.84,99,109
PB316L-CX150T1-1/8S2-1/2,"2-1/2""",150,316L,"1-1/8""",1.125,7.4,7.83,10.96,116,128
PBAL6061-CX150T1-1/8S2-1/2,"2-1/2""",150,AL-6061,"1-1/8""",1.125,5,2.61,3.65,53,59
PB304-CX150T1-1/4S2-1/2,"2-1/2""",150,304,"1-1/4""",1.25,5.5,8.6,12.04,101,112
PBSA36-CX150T1-1/4S2-1/2,"2-1/2""",150,SA-36,"1-1/4""",1.25,1.85,8.23,11.52,56,62
PBSA516-70-CX150T1-1/4S2-1/2,"2-1/2""",150,SA-516-70,"1-1/4""",1.25,2.15,8.23,11.52,60,66
PB304L-CX150T1-1/4S2-1/2,"2-1/2""",150,304L,"1-1/4""",1.25,5.95,8.6,12.04,106,117
PB316L-CX150T1-1/4S2-1/2,"2-1/2""",150,316L,"1-1/4""",1.25,7.4,8.69,12.17,125,138
PBAL6061-CX150T1-1/4S2-1/2,"2-1/2""",150,AL-6061,"1-1/4""",1.25,5,2.9,4.06,55,61
PB304-CX150T1-3/8S2-1/2,"2-1/2""",150,304,"1-3/8""",1.375,5.5,9.46,13.24,108,119
PBSA36-CX150T1-3/8S2-1/2,"2-1/2""",150,SA-36,"1-3/8""",1.375,1.85,9.05,12.67,58,64
PBSA516-70-CX150T1-3/8S2-1/2,"2-1/2""",150,SA-516-70,"1-3/8""",1.375,2.15,9.05,12.67,62,69
PB304L-CX150T1-3/8S2-1/2,"2-1/2""",150,304L,"1-3/8""",1.375,5.95,9.46,13.24,114,126
PB316L-CX150T1-3/8S2-1/2,"2-1/2""",150,316L,"1-3/8""",1.375,7.4,9.56,13.38,134,148
PBAL6061-CX150T1-3/8S2-1/2,"2-1/2""",150,AL-6061,"1-3/8""",1.375,5,3.19,4.47,57,63
PB304-CX150T1-1/2S2-1/2,"2-1/2""",150,304,"1-1/2""",1.5,5.5,10.32,14.45,114,126
PBSA36-CX150T1-1/2S2-1/2,"2-1/2""",150,SA-36,"1-1/2""",1.5,1.85,9.88,13.83,60,66
PBSA516-70-CX150T1-1/2S2-1/2,"2-1/2""",150,SA-516-70,"1-1/2""",1.5,2.15,9.88,13.83,65,72
PB304L-CX150T1-1/2S2-1/2,"2-1/2""",150,304L,"1-1/2""",1.5,5.95,10.32,14.45,121,134
PB316L-CX150T1-1/2S2-1/2,"2-1/2""",150,316L,"1-1/2""",1.5,7.4,10.43,14.6,143,158
PBAL6061-CX150T1-1/2S2-1/2,"2-1/2""",150,AL-6061,"1-1/2""",1.5,5,3.48,4.87,59,65
PB304-CX150T1-5/8S2-1/2,"2-1/2""",150,304,"1-5/8""",1.625,5.5,11.18,15.65,121,134
PBSA36-CX150T1-5/8S2-1/2,"2-1/2""",150,SA-36,"1-5/8""",1.625,1.85,10.7,14.98,63,70
PBSA516-70-CX150T1-5/8S2-1/2,"2-1/2""",150,SA-516-70,"1-5/8""",1.625,2.15,10.7,14.98,67,74
PB304L-CX150T1-5/8S2-1/2,"2-1/2""",150,304L,"1-5/8""",1.625,5.95,11.18,15.65,128,141
PB316L-CX150T1-5/8S2-1/2,"2-1/2""",150,316L,"1-5/8""",1.625,7.4,11.3,15.82,152,168
PBAL6061-CX150T1-5/8S2-1/2,"2-1/2""",150,AL-6061,"1-5/8""",1.625,5,3.77,5.28,61,68
PB304-CX150T1-3/4S2-1/2,"2-1/2""",150,304,"1-3/4""",1.75,5.5,12.04,16.86,128,141
PBSA36-CX150T1-3/4S2-1/2,"2-1/2""",150,SA-36,"1-3/4""",1.75,1.85,11.52,16.13,65,72
PBSA516-70-CX150T1-3/4S2-1/2,"2-1/2""",150,SA-516-70,"1-3/4""",1.75,2.15,11.52,16.13,70,77
PB304L-CX150T1-3/4S2-1/2,"2-1/2""",150,304L,"1-3/4""",1.75,5.95,12.04,16.86,135,149
PB316L-CX150T1-3/4S2-1/2,"2-1/2""",150,316L,"1-3/4""",1.75,7.4,12.17,17.04,161,178
PBAL6061-CX150T1-3/4S2-1/2,"2-1/2""",150,AL-6061,"1-3/4""",1.75,5,4.06,5.68,63,70
PB304-CX150T1-7/8S2-1/2,"2-1/2""",150,304,"1-7/8""",1.875,5.5,12.9,18.06,134,148
PBSA36-CX150T1-7/8S2-1/2,"2-1/2""",150,SA-36,"1-7/8""",1.875,1.85,12.34,17.28,67,74
PBSA516-70-CX150T1-7/8S2-1/2,"2-1/2""",150,SA-516-70,"1-7/8""",1.875,2.15,12.34,17.28,72,80
PB304L-CX150T1-7/8S2-1/2,"2-1/2""",150,304L,"1-7/8""",1.875,5.95,12.9,18.06,142,157
PB316L-CX150T1-7/8S2-1/2,"2-1/2""",150,316L,"1-7/8""",1.875,7.4,13.04,18.26,170,188
PBAL6061-CX150T1-7/8S2-1/2,"2-1/2""",150,AL-6061,"1-7/8""",1.875,5,4.35,6.09,65,72
PB304-CX150T2S2-1/2,"2-1/2""",150,304,"2""",2,5.5,13.76,19.26,141,156
PBSA36-CX150T2S2-1/2,"2-1/2""",150,SA-36,"2""",2,1.85,13.17,18.44,69,76
PBSA516-70-CX150T2S2-1/2,"2-1/2""",150,SA-516-70,"2""",2,2.15,13.17,18.44,74,82
PB304L-CX150T2S2-1/2,"2-1/2""",150,304L,"2""",2,5.95,13.76,19.26,149,164
PB316L-CX150T2S2-1/2,"2-1/2""",150,316L,"2""",2,7.4,13.91,19.47,179,197
PBAL6061-CX150T2S2-1/2,"2-1/2""",150,AL-6061,"2""",2,5,4.64,6.5,67,74
PB304-CX150T2-1/4S2-1/2,"2-1/2""",150,304,"2-1/4""",2.25,5.5,15.47,21.66,154,170
PBSA36-CX150T2-1/4S2-1/2,"2-1/2""",150,SA-36,"2-1/4""",2.25,1.85,14.81,20.73,73,81
PBSA516-70-CX150T2-1/4S2-1/2,"2-1/2""",150,SA-516-70,"2-1/4""",2.25,2.15,14.81,20.73,79,87
PB304L-CX150T2-1/4S2-1/2,"2-1/2""",150,304L,"2-1/4""",2.25,5.95,15.47,21.66,164,181
PB316L-CX150T2-1/4S2-1/2,"2-1/2""",150,316L,"2-1/4""",2.25,7.4,15.65,21.91,197,217
PBAL6061-CX150T2-1/4S2-1/2,"2-1/2""",150,AL-6061,"2-1/4""",2.25,5,5.22,7.31,71,79
PB304-CX150T2-1/2S2-1/2,"2-1/2""",150,304,"2-1/2""",2.5,5.5,17.19,24.07,167,184
PBSA36-CX150T2-1/2S2-1/2,"2-1/2""",150,SA-36,"2-1/2""",2.5,1.85,16.46,23.04,77,85
PBSA516-70-CX150T2-1/2S2-1/2,"2-1/2""",150,SA-516-70,"2-1/2""",2.5,2.15,16.46,23.04,84,93
PB304L-CX150T2-1/2S2-1/2,"2-1/2""",150,304L,"2-1/2""",2.5,5.95,17.19,24.07,178,196
PB316L-CX150T2-1/2S2-1/2,"2-1/2""",150,316L,"2-1/2""",2.5,7.4,17.39,24.35,215,237
PBAL6061-CX150T2-1/2S2-1/2,"2-1/2""",150,AL-6061,"2-1/2""",2.5,5,5.8,8.12,75,83
PB304-CX150T3S2-1/2,"2-1/2""",150,304,"3""",3,5.5,20.63,28.88,194,214
PBSA36-CX150T3S2-1/2,"2-1/2""",150,SA-36,"3""",3,1.85,19.75,27.65,86,95
PBSA516-70-CX150T3S2-1/2,"2-1/2""",150,SA-516-70,"3""",3,2.15,19.75,27.65,94,104
PB304L-CX150T3S2-1/2,"2-1/2""",150,304L,"3""",3,5.95,20.63,28.88,207,228
PB316L-CX150T3S2-1/2,"2-1/2""",150,316L,"3""",3,7.4,20.87,29.22,251,277
PBAL6061-CX150T3S2-1/2,"2-1/2""",150,AL-6061,"3""",3,5,6.96,9.74,84,93
PB304-CX150T11GAS3,"3""",150,304,11 Gauge,0.1196,5.5,0.99,1.39,42,47
PBSA36-CX150T11GAS3,"3""",150,SA-36,11 Gauge,0.1196,1.85,0.95,1.33,37,41
PBSA516-70-CX150T11GAS3,"3""",150,SA-516-70,11 Gauge,0.1196,2.15,0.95,1.33,38,42
PB304L-CX150T11GAS3,"3""",150,304L,11 Gauge,0.1196,5.95,0.99,1.39,43,48
PB316L-CX150T11GAS3,"3""",150,316L,11 Gauge,0.1196,7.4,1.01,1.41,45,50
PBAL6061-CX150T11GAS3,"3""",150,AL-6061,11 Gauge,0.1196,5,0.34,0.48,37,41
PB304-CX150T1/8S3,"3""",150,304,"1/8""",0.125,5.5,1.04,1.46,43,48
PBSA36-CX150T1/8S3,"3""",150,SA-36,"1/8""",0.125,1.85,0.99,1.39,37,41
PBSA516-70-CX150T1/8S3,"3""",150,SA-516-70,"1/8""",0.125,2.15,0.99,1.39,38,42
PB304L-CX150T1/8S3,"3""",150,304L,"1/8""",0.125,5.95,1.04,1.46,44,49
PB316L-CX150T1/8S3,"3""",150,316L,"1/8""",0.125,7.4,1.05,1.47,46,51
PBAL6061-CX150T1/8S3,"3""",150,AL-6061,"1/8""",0.125,5,0.35,0.49,37,41
PB304-CX150T3/16S3,"3""",150,304,"3/16""",0.1875,5.5,1.56,2.18,47,52
PBSA36-CX150T3/16S3,"3""",150,SA-36,"3/16""",0.1875,1.85,1.49,2.09,39,43
PBSA516-70-CX150T3/16S3,"3""",150,SA-516-70,"3/16""",0.1875,2.15,1.49,2.09,39,43
PB304L-CX150T3/16S3,"3""",150,304L,"3/16""",0.1875,5.95,1.56,2.18,48,53
PB316L-CX150T3/16S3,"3""",150,316L,"3/16""",0.1875,7.4,1.58,2.21,51,57
PBAL6061-CX150T3/16S3,"3""",150,AL-6061,"3/16""",0.1875,5,0.53,0.74,39,43
PB304-CX150T1/4S3,"3""",150,304,"1/4""",0.25,5.5,2.08,2.91,51,57
PBSA36-CX150T1/4S3,"3""",150,SA-36,"1/4""",0.25,1.85,1.99,2.79,40,44
PBSA516-70-CX150T1/4S3,"3""",150,SA-516-70,"1/4""",0.25,2.15,1.99,2.79,41,46
PB304L-CX150T1/4S3,"3""",150,304L,"1/4""",0.25,5.95,2.08,2.91,52,58
PB316L-CX150T1/4S3,"3""",150,316L,"1/4""",0.25,7.4,2.1,2.94,57,63
PBAL6061-CX150T1/4S3,"3""",150,AL-6061,"1/4""",0.25,5,0.7,0.98,40,44
PB304-CX150T5/16S3,"3""",150,304,"5/16""",0.3125,5.5,2.6,3.64,55,61
PBSA36-CX150T5/16S3,"3""",150,SA-36,"5/16""",0.3125,1.85,2.49,3.49,41,46
PBSA516-70-CX150T5/16S3,"3""",150,SA-516-70,"5/16""",0.3125,2.15,2.49,3.49,42,47
PB304L-CX150T5/16S3,"3""",150,304L,"5/16""",0.3125,5.95,2.6,3.64,57,63
PB316L-CX150T5/16S3,"3""",150,316L,"5/16""",0.3125,7.4,2.63,3.68,62,69
PBAL6061-CX150T5/16S3,"3""",150,AL-6061,"5/16""",0.3125,5,0.88,1.23,41,46
PB304-CX150T3/8S3,"3""",150,304,"3/8""",0.375,5.5,3.12,4.37,59,65
PBSA36-CX150T3/8S3,"3""",150,SA-36,"3/8""",0.375,1.85,2.98,4.17,43,48
PBSA516-70-CX150T3/8S3,"3""",150,SA-516-70,"3/8""",0.375,2.15,2.98,4.17,44,49
PB304L-CX150T3/8S3,"3""",150,304L,"3/8""",0.375,5.95,3.12,4.37,61,68
PB316L-CX150T3/8S3,"3""",150,316L,"3/8""",0.375,7.4,3.15,4.41,67,74
PBAL6061-CX150T3/8S3,"3""",150,AL-6061,"3/8""",0.375,5,1.05,1.47,42,47
PB304-CX150T1/2S3,"3""",150,304,"1/2""",0.5,5.5,4.15,5.81,67,74
PBSA36-CX150T1/2S3,"3""",150,SA-36,"1/2""",0.5,1.85,3.98,5.57,45,50
PBSA516-70-CX150T1/2S3,"3""",150,SA-516-70,"1/2""",0.5,2.15,3.98,5.57,47,52
PB304L-CX150T1/2S3,"3""",150,304L,"1/2""",0.5,5.95,4.15,5.81,69,76
PB316L-CX150T1/2S3,"3""",150,316L,"1/2""",0.5,7.4,4.2,5.88,78,86
PBAL6061-CX150T1/2S3,"3""",150,AL-6061,"1/2""",0.5,5,1.4,1.96,45,50
PB304-CX150T5/8S3,"3""",150,304,"5/8""",0.625,5.5,5.19,7.27,75,83
PBSA36-CX150T5/8S3,"3""",150,SA-36,"5/8""",0.625,1.85,4.97,6.96,48,53
PBSA516-70-CX150T5/8S3,"3""",150,SA-516-70,"5/8""",0.625,2.15,4.97,6.96,50,56
PB304L-CX150T5/8S3,"3""",150,304L,"5/8""",0.625,5.95,5.19,7.27,78,86
PB316L-CX150T5/8S3,"3""",150,316L,"5/8""",0.625,7.4,5.25,7.35,89,98
PBAL6061-CX150T5/8S3,"3""",150,AL-6061,"5/8""",0.625,5,1.75,2.45,47,52
PB304-CX150T3/4S3,"3""",150,304,"3/4""",0.75,5.5,6.23,8.72,83,92
PBSA36-CX150T3/4S3,"3""",150,SA-36,"3/4""",0.75,1.85,5.97,8.36,50,56
PBSA516-70-CX150T3/4S3,"3""",150,SA-516-70,"3/4""",0.75,2.15,5.97,8.36,53,59
PB304L-CX150T3/4S3,"3""",150,304L,"3/4""",0.75,5.95,6.23,8.72,87,96
PB316L-CX150T3/4S3,"3""",150,316L,"3/4""",0.75,7.4,6.3,8.82,100,111
PBAL6061-CX150T3/4S3,"3""",150,AL-6061,"3/4""",0.75,5,2.1,2.94,50,56
PB304-CX150T7/8S3,"3""",150,304,"7/8""",0.875,5.5,7.27,10.18,91,101
PBSA36-CX150T7/8S3,"3""",150,SA-36,"7/8""",0.875,1.85,6.96,9.74,53,59
PBSA516-70-CX150T7/8S3,"3""",150,SA-516-70,"7/8""",0.875,2.15,6.96,9.74,56,62
PB304L-CX150T7/8S3,"3""",150,304L,"7/8""",0.875,5.95,7.27,10.18,95,105
PB316L-CX150T7/8S3,"3""",150,316L,"7/8""",0.875,7.4,7.35,10.29,111,123
PBAL6061-CX150T7/8S3,"3""",150,AL-6061,"7/8""",0.875,5,2.45,3.43,52,58
PB304-CX150T1S3,"3""",150,304,"1""",1,5.5,8.31,11.63,99,109
PBSA36-CX150T1S3,"3""",150,SA-36,"1""",1,1.85,7.95,11.13,55,61
PBSA516-70-CX150T1S3,"3""",150,SA-516-70,"1""",1,2.15,7.95,11.13,59,65
PB304L-CX150T1S3,"3""",150,304L,"1""",1,5.95,8.31,11.63,104,115
PB316L-CX150T1S3,"3""",150,316L,"1""",1,7.4,8.4,11.76,122,135
PBAL6061-CX150T1S3,"3""",150,AL-6061,"1""",1,5,2.8,3.92,54,60
PB304-CX150T1-1/8S3,"3""",150,304,"1-1/8""",1.125,5.5,9.35,13.09,107,118
PBSA36-CX150T1-1/8S3,"3""",150,SA-36,"1-1/8""",1.125,1.85,8.95,12.53,58,64
PBSA516-70-CX150T1-1/8S3,"3""",150,SA-516-70,"1-1/8""",1.125,2.15,8.95,12.53,62,69
PB304L-CX150T1-1/8S3,"3""",150,304L,"1-1/8""",1.125,5.95,9.35,13.09,113,125
PB316L-CX150T1-1/8S3,"3""",150,316L,"1-1/8""",1.125,7.4,9.45,13.23,133,147
PBAL6061-CX150T1-1/8S3,"3""",150,AL-6061,"1-1/8""",1.125,5,3.15,4.41,57,63
PB304-CX150T1-1/4S3,"3""",150,304,"1-1/4""",1.25,5.5,10.39,14.55,115,127
PBSA36-CX150T1-1/4S3,"3""",150,SA-36,"1-1/4""",1.25,1.85,9.94,13.92,61,68
PBSA516-70-CX150T1-1/4S3,"3""",150,SA-516-70,"1-1/4""",1.25,2.15,9.94,13.92,65,72
PB304L-CX150T1-1/4S3,"3""",150,304L,"1-1/4""",1.25,5.95,10.39,14.55,121,134
PB316L-CX150T1-1/4S3,"3""",150,316L,"1-1/4""",1.25,7.4,10.51,14.71,144,159
PBAL6061-CX150T1-1/4S3,"3""",150,AL-6061,"1-1/4""",1.25,5,3.5,4.9,59,65
PB304-CX150T1-3/8S3,"3""",150,304,"1-3/8""",1.375,5.5,11.43,16,123,136
PBSA36-CX150T1-3/8S3,"3""",150,SA-36,"1-3/8""",1.375,1.85,10.94,15.32,63,70
PBSA516-70-CX150T1-3/8S3,"3""",150,SA-516-70,"1-3/8""",1.375,2.15,10.94,15.32,68,75
PB304L-CX150T1-3/8S3,"3""",150,304L,"1-3/8""",1.375,5.95,11.43,16,130,143
PB316L-CX150T1-3/8S3,"3""",150,316L,"1-3/8""",1.375,7.4,11.56,16.18,155,171
PBAL6061-CX150T1-3/8S3,"3""",150,AL-6061,"1-3/8""",1.375,5,3.85,5.39,62,69
PB304-CX150T1-1/2S3,"3""",150,304,"1-1/2""",1.5,5.5,12.46,17.44,131,145
PBSA36-CX150T1-1/2S3,"3""",150,SA-36,"1-1/2""",1.5,1.85,11.93,16.7,66,73
PBSA516-70-CX150T1-1/2S3,"3""",150,SA-516-70,"1-1/2""",1.5,2.15,11.93,16.7,71,79
PB304L-CX150T1-1/2S3,"3""",150,304L,"1-1/2""",1.5,5.95,12.46,17.44,139,153
PB316L-CX150T1-1/2S3,"3""",150,316L,"1-1/2""",1.5,7.4,12.61,17.65,165,182
PBAL6061-CX150T1-1/2S3,"3""",150,AL-6061,"1-1/2""",1.5,5,4.2,5.88,64,71
PB304-CX150T1-5/8S3,"3""",150,304,"1-5/8""",1.625,5.5,13.5,18.9,139,153
PBSA36-CX150T1-5/8S3,"3""",150,SA-36,"1-5/8""",1.625,1.85,12.93,18.1,68,75
PBSA516-70-CX150T1-5/8S3,"3""",150,SA-516-70,"1-5/8""",1.625,2.15,12.93,18.1,74,82
PB304L-CX150T1-5/8S3,"3""",150,304L,"1-5/8""",1.625,5.95,13.5,18.9,147,162
PB316L-CX150T1-5/8S3,"3""",150,316L,"1-5/8""",1.625,7.4,13.66,19.12,176,194
PBAL6061-CX150T1-5/8S3,"3""",150,AL-6061,"1-5/8""",1.625,5,4.55,6.37,67,74
PB304-CX150T1-3/4S3,"3""",150,304,"1-3/4""",1.75,5.5,14.54,20.36,147,162
PBSA36-CX150T1-3/4S3,"3""",150,SA-36,"1-3/4""",1.75,1.85,13.92,19.49,71,79
PBSA516-70-CX150T1-3/4S3,"3""",150,SA-516-70,"1-3/4""",1.75,2.15,13.92,19.49,77,85
PB304L-CX150T1-3/4S3,"3""",150,304L,"1-3/4""",1.75,5.95,14.54,20.36,156,172
PB316L-CX150T1-3/4S3,"3""",150,316L,"1-3/4""",1.75,7.4,14.71,20.59,187,206
PBAL6061-CX150T1-3/4S3,"3""",150,AL-6061,"1-3/4""",1.75,5,4.9,6.86,69,76
PB304-CX150T1-7/8S3,"3""",150,304,"1-7/8""",1.875,5.5,15.58,21.81,155,171
PBSA36-CX150T1-7/8S3,"3""",150,SA-36,"1-7/8""",1.875,1.85,14.91,20.87,73,81
PBSA516-70-CX150T1-7/8S3,"3""",150,SA-516-70,"1-7/8""",1.875,2.15,14.91,20.87,80,88
PB304L-CX150T1-7/8S3,"3""",150,304L,"1-7/8""",1.875,5.95,15.58,21.81,165,182
PB316L-CX150T1-7/8S3,"3""",150,316L,"1-7/8""",1.875,7.4,15.76,22.06,198,218
PBAL6061-CX150T1-7/8S3,"3""",150,AL-6061,"1-7/8""",1.875,5,5.25,7.35,72,80
PB304-CX150T2S3,"3""",150,304,"2""",2,5.5,16.62,23.27,163,180
PBSA36-CX150T2S3,"3""",150,SA-36,"2""",2,1.85,15.91,22.27,76,84
PBSA516-70-CX150T2S3,"3""",150,SA-516-70,"2""",2,2.15,15.91,22.27,83,92
PB304L-CX150T2S3,"3""",150,304L,"2""",2,5.95,16.62,23.27,173,191
PB316L-CX150T2S3,"3""",150,316L,"2""",2,7.4,16.81,23.53,209,230
PBAL6061-CX150T2S3,"3""",150,AL-6061,"2""",2,5,5.61,7.85,74,82
PB304-CX150T2-1/4S3,"3""",150,304,"2-1/4""",2.25,5.5,18.7,26.18,179,197
PBSA36-CX150T2-1/4S3,"3""",150,SA-36,"2-1/4""",2.25,1.85,17.9,25.06,81,90
PBSA516-70-CX150T2-1/4S3,"3""",150,SA-516-70,"2-1/4""",2.25,2.15,17.9,25.06,89,98
PB304L-CX150T2-1/4S3,"3""",150,304L,"2-1/4""",2.25,5.95,18.7,26.18,191,211
PB316L-CX150T2-1/4S3,"3""",150,316L,"2-1/4""",2.25,7.4,18.91,26.47,231,255
PBAL6061-CX150T2-1/4S3,"3""",150,AL-6061,"2-1/4""",2.25,5,6.31,8.83,79,87
PB304-CX150T2-1/2S3,"3""",150,304,"2-1/2""",2.5,5.5,20.77,29.08,195,215
PBSA36-CX150T2-1/2S3,"3""",150,SA-36,"2-1/2""",2.5,1.85,19.89,27.85,86,95
PBSA516-70-CX150T2-1/2S3,"3""",150,SA-516-70,"2-1/2""",2.5,2.15,19.89,27.85,95,105
PB304L-CX150T2-1/2S3,"3""",150,304L,"2-1/2""",2.5,5.95,20.77,29.08,208,229
PB316L-CX150T2-1/2S3,"3""",150,316L,"2-1/2""",2.5,7.4,21.01,29.41,252,278
PBAL6061-CX150T2-1/2S3,"3""",150,AL-6061,"2-1/2""",2.5,5,7.01,9.81,84,93
PB304-CX150T3S3,"3""",150,304,"3""",3,5.5,24.93,34.9,227,250
PBSA36-CX150T3S3,"3""",150,SA-36,"3""",3,1.85,23.86,33.4,97,107
PBSA516-70-CX150T3S3,"3""",150,SA-516-70,"3""",3,2.15,23.86,33.4,107,118
PB304L-CX150T3S3,"3""",150,304L,"3""",3,5.95,24.93,34.9,243,268
PB316L-CX150T3S3,"3""",150,316L,"3""",3,7.4,25.21,35.29,296,326
PBAL6061-CX150T3S3,"3""",150,AL-6061,"3""",3,5,8.41,11.77,94,104
PB304-CX150T11GAS4,"4""",150,304,11 Gauge,0.1196,5.5,1.6,2.24,47,52
PBSA36-CX150T11GAS4,"4""",150,SA-36,11 Gauge,0.1196,1.85,1.54,2.16,39,43
PBSA516-70-CX150T11GAS4,"4""",150,SA-516-70,11 Gauge,0.1196,2.15,1.54,2.16,39,43
PB304L-CX150T11GAS4,"4""",150,304L,11 Gauge,0.1196,5.95,1.6,2.24,48,53
PB316L-CX150T11GAS4,"4""",150,316L,11 Gauge,0.1196,7.4,1.62,2.27,52,58
PBAL6061-CX150T11GAS4,"4""",150,AL-6061,11 Gauge,0.1196,5,0.54,0.76,39,43
PB304-CX150T1/8S4,"4""",150,304,"1/8""",0.125,5.5,1.68,2.35,48,53
PBSA36-CX150T1/8S4,"4""",150,SA-36,"1/8""",0.125,1.85,1.61,2.25,39,43
PBSA516-70-CX150T1/8S4,"4""",150,SA-516-70,"1/8""",0.125,2.15,1.61,2.25,40,44
PB304L-CX150T1/8S4,"4""",150,304L,"1/8""",0.125,5.95,1.68,2.35,49,54
PB316L-CX150T1/8S4,"4""",150,316L,"1/8""",0.125,7.4,1.7,2.38,52,58
PBAL6061-CX150T1/8S4,"4""",150,AL-6061,"1/8""",0.125,5,0.57,0.8,39,43
PB304-CX150T3/16S4,"4""",150,304,"3/16""",0.1875,5.5,2.52,3.53,54,60
PBSA36-CX150T3/16S4,"4""",150,SA-36,"3/16""",0.1875,1.85,2.41,3.37,41,46
PBSA516-70-CX150T3/16S4,"4""",150,SA-516-70,"3/16""",0.1875,2.15,2.41,3.37,42,47
PB304L-CX150T3/16S4,"4""",150,304L,"3/16""",0.1875,5.95,2.52,3.53,56,62
PB316L-CX150T3/16S4,"4""",150,316L,"3/16""",0.1875,7.4,2.54,3.56,61,68
PBAL6061-CX150T3/16S4,"4""",150,AL-6061,"3/16""",0.1875,5,0.85,1.19,41,46
PB304-CX150T1/4S4,"4""",150,304,"1/4""",0.25,5.5,3.35,4.69,61,68
PBSA36-CX150T1/4S4,"4""",150,SA-36,"1/4""",0.25,1.85,3.21,4.49,43,48
PBSA516-70-CX150T1/4S4,"4""",150,SA-516-70,"1/4""",0.25,2.15,3.21,4.49,45,50
PB304L-CX150T1/4S4,"4""",150,304L,"1/4""",0.25,5.95,3.35,4.69,63,70
PB316L-CX150T1/4S4,"4""",150,316L,"1/4""",0.25,7.4,3.39,4.75,70,77
PBAL6061-CX150T1/4S4,"4""",150,AL-6061,"1/4""",0.25,5,1.13,1.58,43,48
PB304-CX150T5/16S4,"4""",150,304,"5/16""",0.3125,5.5,4.19,5.87,67,74
PBSA36-CX150T5/16S4,"4""",150,SA-36,"5/16""",0.3125,1.85,4.01,5.61,45,50
PBSA516-70-CX150T5/16S4,"4""",150,SA-516-70,"5/16""",0.3125,2.15,4.01,5.61,47,52
PB304L-CX150T5/16S4,"4""",150,304L,"5/16""",0.3125,5.95,4.19,5.87,70,77
PB316L-CX150T5/16S4,"4""",150,316L,"5/16""",0.3125,7.4,4.24,5.94,79,87
PBAL6061-CX150T5/16S4,"4""",150,AL-6061,"5/16""",0.3125,5,1.41,1.97,45,50
PB304-CX150T3/8S4,"4""",150,304,"3/8""",0.375,5.5,5.03,7.04,74,82
PBSA36-CX150T3/8S4,"4""",150,SA-36,"3/8""",0.375,1.85,4.82,6.75,47,52
PBSA516-70-CX150T3/8S4,"4""",150,SA-516-70,"3/8""",0.375,2.15,4.82,6.75,49,54
PB304L-CX150T3/8S4,"4""",150,304L,"3/8""",0.375,5.95,5.03,7.04,77,85
PB316L-CX150T3/8S4,"4""",150,316L,"3/8""",0.375,7.4,5.09,7.13,88,97
PBAL6061-CX150T3/8S4,"4""",150,AL-6061,"3/8""",0.375,5,1.7,2.38,47,52
PB304-CX150T1/2S4,"4""",150,304,"1/2""",0.5,5.5,6.71,9.39,86,95
PBSA36-CX150T1/2S4,"4""",150,SA-36,"1/2""",0.5,1.85,6.42,8.99,51,57
PBSA516-70-CX150T1/2S4,"4""",150,SA-516-70,"1/2""",0.5,2.15,6.42,8.99,54,60
PB304L-CX150T1/2S4,"4""",150,304L,"1/2""",0.5,5.95,6.71,9.39,91,101
PB316L-CX150T1/2S4,"4""",150,316L,"1/2""",0.5,7.4,6.78,9.49,105,116
PBAL6061-CX150T1/2S4,"4""",150,AL-6061,"1/2""",0.5,5,2.26,3.16,51,57
PB304-CX150T5/8S4,"4""",150,304,"5/8""",0.625,5.5,8.38,11.73,99,109
PBSA36-CX150T5/8S4,"4""",150,SA-36,"5/8""",0.625,1.85,8.03,11.24,56,62
PBSA516-70-CX150T5/8S4,"4""",150,SA-516-70,"5/8""",0.625,2.15,8.03,11.24,59,65
PB304L-CX150T5/8S4,"4""",150,304L,"5/8""",0.625,5.95,8.38,11.73,105,116
PB316L-CX150T5/8S4,"4""",150,316L,"5/8""",0.625,7.4,8.48,11.87,123,136
PBAL6061-CX150T5/8S4,"4""",150,AL-6061,"5/8""",0.625,5,2.83,3.96,55,61
PB304-CX150T3/4S4,"4""",150,304,"3/4""",0.75,5.5,10.06,14.08,112,124
PBSA36-CX150T3/4S4,"4""",150,SA-36,"3/4""",0.75,1.85,9.63,13.48,60,66
PBSA516-70-CX150T3/4S4,"4""",150,SA-516-70,"3/4""",0.75,2.15,9.63,13.48,64,71
PB304L-CX150T3/4S4,"4""",150,304L,"3/4""",0.75,5.95,10.06,14.08,119,131
PB316L-CX150T3/4S4,"4""",150,316L,"3/4""",0.75,7.4,10.18,14.25,140,154
PBAL6061-CX150T3/4S4,"4""",150,AL-6061,"3/4""",0.75,5,3.39,4.75,59,65
PB304-CX150T7/8S4,"4""",150,304,"7/8""",0.875,5.5,11.74,16.44,125,138
PBSA36-CX150T7/8S4,"4""",150,SA-36,"7/8""",0.875,1.85,11.24,15.74,64,71
PBSA516-70-CX150T7/8S4,"4""",150,SA-516-70,"7/8""",0.875,2.15,11.24,15.74,69,76
PB304L-CX150T7/8S4,"4""",150,304L,"7/8""",0.875,5.95,11.74,16.44,133,147
PB316L-CX150T7/8S4,"4""",150,316L,"7/8""",0.875,7.4,11.87,16.62,158,174
PBAL6061-CX150T7/8S4,"4""",150,AL-6061,"7/8""",0.875,5,3.96,5.54,63,70
PB304-CX150T1S4,"4""",150,304,"1""",1,5.5,13.41,18.77,138,152
PBSA36-CX150T1S4,"4""",150,SA-36,"1""",1,1.85,12.84,17.98,68,75
PBSA516-70-CX150T1S4,"4""",150,SA-516-70,"1""",1,2.15,12.84,17.98,74,82
PB304L-CX150T1S4,"4""",150,304L,"1""",1,5.95,13.41,18.77,147,162
PB316L-CX150T1S4,"4""",150,316L,"1""",1,7.4,13.57,19,175,193
PBAL6061-CX150T1S4,"4""",150,AL-6061,"1""",1,5,4.52,6.33,66,73
PB304-CX150T1-1/8S4,"4""",150,304,"1-1/8""",1.125,5.5,15.09,21.13,151,167
PBSA36-CX150T1-1/8S4,"4""",150,SA-36,"1-1/8""",1.125,1.85,14.45,20.23,72,80
PBSA516-70-CX150T1-1/8S4,"4""",150,SA-516-70,"1-1/8""",1.125,2.15,14.45,20.23,78,86
PB304L-CX150T1-1/8S4,"4""",150,304L,"1-1/8""",1.125,5.95,15.09,21.13,161,178
PB316L-CX150T1-1/8S4,"4""",150,316L,"1-1/8""",1.125,7.4,15.26,21.36,193,213
PBAL6061-CX150T1-1/8S4,"4""",150,AL-6061,"1-1/8""",1.125,5,5.09,7.13,70,77
PB304-CX150T1-1/4S4,"4""",150,304,"1-1/4""",1.25,5.5,16.77,23.48,164,181
PBSA36-CX150T1-1/4S4,"4""",150,SA-36,"1-1/4""",1.25,1.85,16.05,22.47,76,84
PBSA516-70-CX150T1-1/4S4,"4""",150,SA-516-70,"1-1/4""",1.25,2.15,16.05,22.47,83,92
PB304L-CX150T1-1/4S4,"4""",150,304L,"1-1/4""",1.25,5.95,16.77,23.48,175,193
PB316L-CX150T1-1/4S4,"4""",150,316L,"1-1/4""",1.25,7.4,16.96,23.74,211,233
PBAL6061-CX150T1-1/4S4,"4""",150,AL-6061,"1-1/4""",1.25,5,5.66,7.92,74,82
PB304-CX150T1-3/8S4,"4""",150,304,"1-3/8""",1.375,5.5,18.45,25.83,177,195
PBSA36-CX150T1-3/8S4,"4""",150,SA-36,"1-3/8""",1.375,1.85,17.66,24.72,81,90
PBSA516-70-CX150T1-3/8S4,"4""",150,SA-516-70,"1-3/8""",1.375,2.15,17.66,24.72,88,97
PB304L-CX150T1-3/8S4,"4""",150,304L,"1-3/8""",1.375,5.95,18.45,25.83,189,208
PB316L-CX150T1-3/8S4,"4""",150,316L,"1-3/8""",1.375,7.4,18.66,26.12,228,251
PBAL6061-CX150T1-3/8S4,"4""",150,AL-6061,"1-3/8""",1.375,5,6.22,8.71,78,86
PB304-CX150T1-1/2S4,"4""",150,304,"1-1/2""",1.5,5.5,20.12,28.17,190,210
PBSA36-CX150T1-1/2S4,"4""",150,SA-36,"1-1/2""",1.5,1.85,19.26,26.96,85,94
PBSA516-70-CX150T1-1/2S4,"4""",150,SA-516-70,"1-1/2""",1.5,2.15,19.26,26.96,93,103
PB304L-CX150T1-1/2S4,"4""",150,304L,"1-1/2""",1.5,5.95,20.12,28.17,202,223
PB316L-CX150T1-1/2S4,"4""",150,316L,"1-1/2""",1.5,7.4,20.35,28.49,246,271
PBAL6061-CX150T1-1/2S4,"4""",150,AL-6061,"1-1/2""",1.5,5,6.79,9.51,82,91
PB304-CX150T1-5/8S4,"4""",150,304,"1-5/8""",1.625,5.5,21.8,30.52,203,224
PBSA36-CX150T1-5/8S4,"4""",150,SA-36,"1-5/8""",1.625,1.85,20.87,29.22,89,98
PBSA516-70-CX150T1-5/8S4,"4""",150,SA-516-70,"1-5/8""",1.625,2.15,20.87,29.22,98,108
PB304L-CX150T1-5/8S4,"4""",150,304L,"1-5/8""",1.625,5.95,21.8,30.52,216,238
PB316L-CX150T1-5/8S4,"4""",150,316L,"1-5/8""",1.625,7.4,22.05,30.87,263,290
PBAL6061-CX150T1-5/8S4,"4""",150,AL-6061,"1-5/8""",1.625,5,7.35,10.29,86,95
PB304-CX150T1-3/4S4,"4""",150,304,"1-3/4""",1.75,5.5,23.48,32.87,216,238
PBSA36-CX150T1-3/4S4,"4""",150,SA-36,"1-3/4""",1.75,1.85,22.47,31.46,93,103
PBSA516-70-CX150T1-3/4S4,"4""",150,SA-516-70,"1-3/4""",1.75,2.15,22.47,31.46,102,113
PB304L-CX150T1-3/4S4,"4""",150,304L,"1-3/4""",1.75,5.95,23.48,32.87,230,254
PB316L-CX150T1-3/4S4,"4""",150,316L,"1-3/4""",1.75,7.4,23.74,33.24,281,310
PBAL6061-CX150T1-3/4S4,"4""",150,AL-6061,"1-3/4""",1.75,5,7.92,11.09,90,100
PB304-CX150T1-7/8S4,"4""",150,304,"1-7/8""",1.875,5.5,25.15,35.21,229,252
PBSA36-CX150T1-7/8S4,"4""",150,SA-36,"1-7/8""",1.875,1.85,24.08,33.71,97,107
PBSA516-70-CX150T1-7/8S4,"4""",150,SA-516-70,"1-7/8""",1.875,2.15,24.08,33.71,107,118
PB304L-CX150T1-7/8S4,"4""",150,304L,"1-7/8""",1.875,5.95,25.15,35.21,244,269
PB316L-CX150T1-7/8S4,"4""",150,316L,"1-7/8""",1.875,7.4,25.44,35.62,298,328
PBAL6061-CX150T1-7/8S4,"4""",150,AL-6061,"1-7/8""",1.875,5,8.48,11.87,94,104
PB304-CX150T2S4,"4""",150,304,"2""",2,5.5,26.83,37.56,241,266
PBSA36-CX150T2S4,"4""",150,SA-36,"2""",2,1.85,25.68,35.95,101,112
PBSA516-70-CX150T2S4,"4""",150,SA-516-70,"2""",2,2.15,25.68,35.95,112,124
PB304L-CX150T2S4,"4""",150,304L,"2""",2,5.95,26.83,37.56,258,284
PB316L-CX150T2S4,"4""",150,316L,"2""",2,7.4,27.13,37.98,316,348
PBAL6061-CX150T2S4,"4""",150,AL-6061,"2""",2,5,9.05,12.67,98,108
PB304-CX150T2-1/4S4,"4""",150,304,"2-1/4""",2.25,5.5,30.18,42.25,267,294
PBSA36-CX150T2-1/4S4,"4""",150,SA-36,"2-1/4""",2.25,1.85,28.89,40.45,110,122
PBSA516-70-CX150T2-1/4S4,"4""",150,SA-516-70,"2-1/4""",2.25,2.15,28.89,40.45,122,135
PB304L-CX150T2-1/4S4,"4""",150,304L,"2-1/4""",2.25,5.95,30.18,42.25,286,315
PB316L-CX150T2-1/4S4,"4""",150,316L,"2-1/4""",2.25,7.4,30.53,42.74,351,387
PBAL6061-CX150T2-1/4S4,"4""",150,AL-6061,"2-1/4""",2.25,5,10.18,14.25,106,117
PB304-CX150T2-1/2S4,"4""",150,304,"2-1/2""",2.5,5.5,33.54,46.96,293,323
PBSA36-CX150T2-1/2S4,"4""",150,SA-36,"2-1/2""",2.5,1.85,32.1,44.94,118,130
PBSA516-70-CX150T2-1/2S4,"4""",150,SA-516-70,"2-1/2""",2.5,2.15,32.1,44.94,131,145
PB304L-CX150T2-1/2S4,"4""",150,304L,"2-1/2""",2.5,5.95,33.54,46.96,314,346
PB316L-CX150T2-1/2S4,"4""",150,316L,"2-1/2""",2.5,7.4,33.92,47.49,386,425
PBAL6061-CX150T2-1/2S4,"4""",150,AL-6061,"2-1/2""",2.5,5,11.31,15.83,114,126
PB304-CX150T3S4,"4""",150,304,"3""",3,5.5,40.24,56.34,345,380
PBSA36-CX150T3S4,"4""",150,SA-36,"3""",3,1.85,38.52,53.93,135,149
PBSA516-70-CX150T3S4,"4""",150,SA-516-70,"3""",3,2.15,38.52,53.93,151,167
PB304L-CX150T3S4,"4""",150,304L,"3""",3,5.95,40.24,56.34,370,408
PB316L-CX150T3S4,"4""",150,316L,"3""",3,7.4,40.7,56.98,456,502
PBAL6061-CX150T3S4,"4""",150,AL-6061,"3""",3,5,13.57,19,130,143
PB304-CX150T11GAS6,"6""",150,304,11 Gauge,0.1196,5.5,2.58,3.61,55,61
PBSA36-CX150T11GAS6,"6""",150,SA-36,11 Gauge,0.1196,1.85,2.47,3.46,41,46
PBSA516-70-CX150T11GAS6,"6""",150,SA-516-70,11 Gauge,0.1196,2.15,2.47,3.46,42,47
PB304L-CX150T11GAS6,"6""",150,304L,11 Gauge,0.1196,5.95,2.58,3.61,56,62
PB316L-CX150T11GAS6,"6""",150,316L,11 Gauge,0.1196,7.4,2.61,3.65,62,69
PBAL6061-CX150T11GAS6,"6""",150,AL-6061,11 Gauge,0.1196,5,0.87,1.22,41,46
PB304-CX150T1/8S6,"6""",150,304,"1/8""",0.125,5.5,2.7,3.78,56,62
PBSA36-CX150T1/8S6,"6""",150,SA-36,"1/8""",0.125,1.85,2.58,3.61,42,47
PBSA516-70-CX150T1/8S6,"6""",150,SA-516-70,"1/8""",0.125,2.15,2.58,3.61,43,48
PB304L-CX150T1/8S6,"6""",150,304L,"1/8""",0.125,5.95,2.7,3.78,57,63
PB316L-CX150T1/8S6,"6""",150,316L,"1/8""",0.125,7.4,2.73,3.82,63,70
PBAL6061-CX150T1/8S6,"6""",150,AL-6061,"1/8""",0.125,5,0.91,1.27,41,46
PB304-CX150T3/16S6,"6""",150,304,"3/16""",0.1875,5.5,4.05,5.67,66,73
PBSA36-CX150T3/16S6,"6""",150,SA-36,"3/16""",0.1875,1.85,3.87,5.42,45,50
PBSA516-70-CX150T3/16S6,"6""",150,SA-516-70,"3/16""",0.1875,2.15,3.87,5.42,47,52
PB304L-CX150T3/16S6,"6""",150,304L,"3/16""",0.1875,5.95,4.05,5.67,69,76
PB316L-CX150T3/16S6,"6""",150,316L,"3/16""",0.1875,7.4,4.09,5.73,77,85
PBAL6061-CX150T3/16S6,"6""",150,AL-6061,"3/16""",0.1875,5,1.36,1.9,44,49
PB304-CX150T1/4S6,"6""",150,304,"1/4""",0.25,5.5,5.4,7.56,76,84
PBSA36-CX150T1/4S6,"6""",150,SA-36,"1/4""",0.25,1.85,5.16,7.22,48,53
PBSA516-70-CX150T1/4S6,"6""",150,SA-516-70,"1/4""",0.25,2.15,5.16,7.22,50,56
PB304L-CX150T1/4S6,"6""",150,304L,"1/4""",0.25,5.95,5.4,7.56,80,88
PB316L-CX150T1/4S6,"6""",150,316L,"1/4""",0.25,7.4,5.46,7.64,91,101
PBAL6061-CX150T1/4S6,"6""",150,AL-6061,"1/4""",0.25,5,1.82,2.55,48,53
PB304-CX150T5/16S6,"6""",150,304,"5/16""",0.3125,5.5,6.74,9.44,87,96
PBSA36-CX150T5/16S6,"6""",150,SA-36,"5/16""",0.3125,1.85,6.46,9.04,52,58
PBSA516-70-CX150T5/16S6,"6""",150,SA-516-70,"5/16""",0.3125,2.15,6.46,9.04,54,60
PB304L-CX150T5/16S6,"6""",150,304L,"5/16""",0.3125,5.95,6.74,9.44,91,101
PB316L-CX150T5/16S6,"6""",150,316L,"5/16""",0.3125,7.4,6.82,9.55,106,117
PBAL6061-CX150T5/16S6,"6""",150,AL-6061,"5/16""",0.3125,5,2.27,3.18,51,57
PB304-CX150T3/8S6,"6""",150,304,"3/8""",0.375,5.5,8.09,11.33,97,107
PBSA36-CX150T3/8S6,"6""",150,SA-36,"3/8""",0.375,1.85,7.75,10.85,55,61
PBSA516-70-CX150T3/8S6,"6""",150,SA-516-70,"3/8""",0.375,2.15,7.75,10.85,58,64
PB304L-CX150T3/8S6,"6""",150,304L,"3/8""",0.375,5.95,8.09,11.33,102,113
PB316L-CX150T3/8S6,"6""",150,316L,"3/8""",0.375,7.4,8.19,11.47,120,132
PBAL6061-CX150T3/8S6,"6""",150,AL-6061,"3/8""",0.375,5,2.73,3.82,54,60
PB304-CX150T1/2S6,"6""",150,304,"1/2""",0.5,5.5,10.79,15.11,118,130
PBSA36-CX150T1/2S6,"6""",150,SA-36,"1/2""",0.5,1.85,10.33,14.46,62,69
PBSA516-70-CX150T1/2S6,"6""",150,SA-516-70,"1/2""",0.5,2.15,10.33,14.46,66,73
PB304L-CX150T1/2S6,"6""",150,304L,"1/2""",0.5,5.95,10.79,15.11,125,138
PB316L-CX150T1/2S6,"6""",150,316L,"1/2""",0.5,7.4,10.91,15.27,148,163
PBAL6061-CX150T1/2S6,"6""",150,AL-6061,"1/2""",0.5,5,3.64,5.1,60,66
PB304-CX150T5/8S6,"6""",150,304,"5/8""",0.625,5.5,13.49,18.89,139,153
PBSA36-CX150T5/8S6,"6""",150,SA-36,"5/8""",0.625,1.85,12.91,18.07,68,75
PBSA516-70-CX150T5/8S6,"6""",150,SA-516-70,"5/8""",0.625,2.15,12.91,18.07,74,82
PB304L-CX150T5/8S6,"6""",150,304L,"5/8""",0.625,5.95,13.49,18.89,147,162
PB316L-CX150T5/8S6,"6""",150,316L,"5/8""",0.625,7.4,13.64,19.1,176,194
PBAL6061-CX150T5/8S6,"6""",150,AL-6061,"5/8""",0.625,5,4.55,6.37,67,74
PB304-CX150T3/4S6,"6""",150,304,"3/4""",0.75,5.5,16.19,22.67,160,176
PBSA36-CX150T3/4S6,"6""",150,SA-36,"3/4""",0.75,1.85,15.49,21.69,75,83
PBSA516-70-CX150T3/4S6,"6""",150,SA-516-70,"3/4""",0.75,2.15,15.49,21.69,81,90
PB304L-CX150T3/4S6,"6""",150,304L,"3/4""",0.75,5.95,16.19,22.67,170,188
PB316L-CX150T3/4S6,"6""",150,316L,"3/4""",0.75,7.4,16.37,22.92,204,225
PBAL6061-CX150T3/4S6,"6""",150,AL-6061,"3/4""",0.75,5,5.46,7.64,73,81
PB304-CX150T7/8S6,"6""",150,304,"7/8""",0.875,5.5,18.89,26.45,180,199
PBSA36-CX150T7/8S6,"6""",150,SA-36,"7/8""",0.875,1.85,18.08,25.31,82,91
PBSA516-70-CX150T7/8S6,"6""",150,SA-516-70,"7/8""",0.875,2.15,18.08,25.31,89,98
PB304L-CX150T7/8S6,"6""",150,304L,"7/8""",0.875,5.95,18.89,26.45,192,212
PB316L-CX150T7/8S6,"6""",150,316L,"7/8""",0.875,7.4,19.1,26.74,233,257
PBAL6061-CX150T7/8S6,"6""",150,AL-6061,"7/8""",0.875,5,6.37,8.92,79,87
PB304-CX150T1S6,"6""",150,304,"1""",1,5.5,21.58,30.21,201,222
PBSA36-CX150T1S6,"6""",150,SA-36,"1""",1,1.85,20.66,28.92,88,97
PBSA516-70-CX150T1S6,"6""",150,SA-516-70,"1""",1,2.15,20.66,28.92,97,107
PB304L-CX150T1S6,"6""",150,304L,"1""",1,5.95,21.58,30.21,215,237
PB316L-CX150T1S6,"6""",150,316L,"1""",1,7.4,21.83,30.56,261,288
PBAL6061-CX150T1S6,"6""",150,AL-6061,"1""",1,5,7.28,10.19,86,95
PB304-CX150T1-1/8S6,"6""",150,304,"1-1/8""",1.125,5.5,24.28,33.99,222,245
PBSA36-CX150T1-1/8S6,"6""",150,SA-36,"1-1/8""",1.125,1.85,23.24,32.54,95,105
PBSA516-70-CX150T1-1/8S6,"6""",150,SA-516-70,"1-1/8""",1.125,2.15,23.24,32.54,105,116
PB304L-CX150T1-1/8S6,"6""",150,304L,"1-1/8""",1.125,5.95,24.28,33.99,237,261
PB316L-CX150T1-1/8S6,"6""",150,316L,"1-1/8""",1.125,7.4,24.56,34.38,289,318
PBAL6061-CX150T1-1/8S6,"6""",150,AL-6061,"1-1/8""",1.125,5,8.19,11.47,92,102
PB304-CX150T1-1/4S6,"6""",150,304,"1-1/4""",1.25,5.5,26.98,37.77,243,268
PBSA36-CX150T1-1/4S6,"6""",150,SA-36,"1-1/4""",1.25,1.85,25.82,36.15,102,113
PBSA516-70-CX150T1-1/4S6,"6""",150,SA-516-70,"1-1/4""",1.25,2.15,25.82,36.15,113,125
PB304L-CX150T1-1/4S6,"6""",150,304L,"1-1/4""",1.25,5.95,26.98,37.77,260,286
PB316L-CX150T1-1/4S6,"6""",150,316L,"1-1/4""",1.25,7.4,27.29,38.21,318,350
PBAL6061-CX150T1-1/4S6,"6""",150,AL-6061,"1-1/4""",1.25,5,9.1,12.74,99,109
PB304-CX150T1-3/8S6,"6""",150,304,"1-3/8""",1.375,5.5,29.68,41.55,263,290
PBSA36-CX150T1-3/8S6,"6""",150,SA-36,"1-3/8""",1.375,1.85,28.41,39.77,108,119
PBSA516-70-CX150T1-3/8S6,"6""",150,SA-516-70,"1-3/8""",1.375,2.15,28.41,39.77,120,132
PB304L-CX150T1-3/8S6,"6""",150,304L,"1-3/8""",1.375,5.95,29.68,41.55,282,311
PB316L-CX150T1-3/8S6,"6""",150,316L,"1-3/8""",1.375,7.4,30.01,42.01,346,381
PBAL6061-CX150T1-3/8S6,"6""",150,AL-6061,"1-3/8""",1.375,5,10.01,14.01,105,116
PB304-CX150T1-1/2S6,"6""",150,304,"1-1/2""",1.5,5.5,32.37,45.32,284,313
PBSA36-CX150T1-1/2S6,"6""",150,SA-36,"1-1/2""",1.5,1.85,30.99,43.39,115,127
PBSA516-70-CX150T1-1/2S6,"6""",150,SA-516-70,"1-1/2""",1.5,2.15,30.99,43.39,128,141
PB304L-CX150T1-1/2S6,"6""",150,304L,"1-1/2""",1.5,5.95,32.37,45.32,305,336
PB316L-CX150T1-1/2S6,"6""",150,316L,"1-1/2""",1.5,7.4,32.74,45.84,374,412
PBAL6061-CX150T1-1/2S6,"6""",150,AL-6061,"1-1/2""",1.5,5,10.92,15.29,111,123
PB304-CX150T1-5/8S6,"6""",150,304,"1-5/8""",1.625,5.5,35.07,49.1,305,336
PBSA36-CX150T1-5/8S6,"6""",150,SA-36,"1-5/8""",1.625,1.85,33.57,47,122,135
PBSA516-70-CX150T1-5/8S6,"6""",150,SA-516-70,"1-5/8""",1.625,2.15,33.57,47,136,150
PB304L-CX150T1-5/8S6,"6""",150,304L,"1-5/8""",1.625,5.95,35.07,49.1,327,360
PB316L-CX150T1-5/8S6,"6""",150,316L,"1-5/8""",1.625,7.4,35.47,49.66,402,443
PBAL6061-CX150T1-5/8S6,"6""",150,AL-6061,"1-5/8""",1.625,5,11.83,16.56,118,130
PB304-CX150T1-3/4S6,"6""",150,304,"1-3/4""",1.75,5.5,37.77,52.88,326,359
PBSA36-CX150T1-3/4S6,"6""",150,SA-36,"1-3/4""",1.75,1.85,36.15,50.61,128,141
PBSA516-70-CX150T1-3/4S6,"6""",150,SA-516-70,"1-3/4""",1.75,2.15,36.15,50.61,144,159
PB304L-CX150T1-3/4S6,"6""",150,304L,"1-3/4""",1.75,5.95,37.77,52.88,349,384
PB316L-CX150T1-3/4S6,"6""",150,316L,"1-3/4""",1.75,7.4,38.2,53.48,431,475
PBAL6061-CX150T1-3/4S6,"6""",150,AL-6061,"1-3/4""",1.75,5,12.74,17.84,124,137
PB304-CX150T1-7/8S6,"6""",150,304,"1-7/8""",1.875,5.5,40.47,56.66,346,381
PBSA36-CX150T1-7/8S6,"6""",150,SA-36,"1-7/8""",1.875,1.85,38.74,54.24,135,149
PBSA516-70-CX150T1-7/8S6,"6""",150,SA-516-70,"1-7/8""",1.875,2.15,38.74,54.24,151,167
PB304L-CX150T1-7/8S6,"6""",150,304L,"1-7/8""",1.875,5.95,40.47,56.66,372,410
PB316L-CX150T1-7/8S6,"6""",150,316L,"1-7/8""",1.875,7.4,40.93,57.3,459,505
PBAL6061-CX150T1-7/8S6,"6""",150,AL-6061,"1-7/8""",1.875,5,13.65,19.11,130,143
PB304-CX150T2S6,"6""",150,304,"2""",2,5.5,43.17,60.44,367,404
PBSA36-CX150T2S6,"6""",150,SA-36,"2""",2,1.85,41.32,57.85,142,157
PBSA516-70-CX150T2S6,"6""",150,SA-516-70,"2""",2,2.15,41.32,57.85,159,175
PB304L-CX150T2S6,"6""",150,304L,"2""",2,5.95,43.17,60.44,394,434
PB316L-CX150T2S6,"6""",150,316L,"2""",2,7.4,43.66,61.12,487,536
PBAL6061-CX150T2S6,"6""",150,AL-6061,"2""",2,5,14.56,20.38,137,151
PB304-CX150T2-1/4S6,"6""",150,304,"2-1/4""",2.25,5.5,48.56,67.98,409,450
PBSA36-CX150T2-1/4S6,"6""",150,SA-36,"2-1/4""",2.25,1.85,46.48,65.07,155,171
PBSA516-70-CX150T2-1/4S6,"6""",150,SA-516-70,"2-1/4""",2.25,2.15,46.48,65.07,175,193
PB304L-CX150T2-1/4S6,"6""",150,304L,"2-1/4""",2.25,5.95,48.56,67.98,439,483
PB316L-CX150T2-1/4S6,"6""",150,316L,"2-1/4""",2.25,7.4,49.11,68.75,544,599
PBAL6061-CX150T2-1/4S6,"6""",150,AL-6061,"2-1/4""",2.25,5,16.38,22.93,149,164
PB304-CX150T2-1/2S6,"6""",150,304,"2-1/2""",2.5,5.5,53.96,75.54,450,496
PBSA36-CX150T2-1/2S6,"6""",150,SA-36,"2-1/2""",2.5,1.85,51.65,72.31,169,186
PBSA516-70-CX150T2-1/2S6,"6""",150,SA-516-70,"2-1/2""",2.5,2.15,51.65,72.31,190,210
PB304L-CX150T2-1/2S6,"6""",150,304L,"2-1/2""",2.5,5.95,53.96,75.54,484,533
PB316L-CX150T2-1/2S6,"6""",150,316L,"2-1/2""",2.5,7.4,54.57,76.4,600,660
PBAL6061-CX150T2-1/2S6,"6""",150,AL-6061,"2-1/2""",2.5,5,18.2,25.48,162,179
PB304-CX150T3S6,"6""",150,304,"3""",3,5.5,64.75,90.65,533,587
PBSA36-CX150T3S6,"6""",150,SA-36,"3""",3,1.85,61.98,86.77,195,215
PBSA516-70-CX150T3S6,"6""",150,SA-516-70,"3""",3,2.15,61.98,86.77,221,244
PB304L-CX150T3S6,"6""",150,304L,"3""",3,5.95,64.75,90.65,574,632
PB316L-CX150T3S6,"6""",150,316L,"3""",3,7.4,65.49,91.69,713,785
PBAL6061-CX150T3S6,"6""",150,AL-6061,"3""",3,5,21.84,30.58,188,207
PB304-CX150T11GAS8,"8""",150,304,11 Gauge,0.1196,5.5,4.04,5.66,66,73
PBSA36-CX150T11GAS8,"8""",150,SA-36,11 Gauge,0.1196,1.85,3.87,5.42,45,50
PBSA516-70-CX150T11GAS8,"8""",150,SA-516-70,11 Gauge,0.1196,2.15,3.87,5.42,47,52
PB304L-CX150T11GAS8,"8""",150,304L,11 Gauge,0.1196,5.95,4.04,5.66,69,76
PB316L-CX150T11GAS8,"8""",150,316L,11 Gauge,0.1196,7.4,4.09,5.73,77,85
PBAL6061-CX150T11GAS8,"8""",150,AL-6061,11 Gauge,0.1196,5,1.36,1.9,44,49
PB304-CX150T1/8S8,"8""",150,304,"1/8""",0.125,5.5,4.23,5.92,67,74
PBSA36-CX150T1/8S8,"8""",150,SA-36,"1/8""",0.125,1.85,4.05,5.67,45,50
PBSA516-70-CX150T1/8S8,"8""",150,SA-516-70,"1/8""",0.125,2.15,4.05,5.67,47,52
PB304L-CX150T1/8S8,"8""",150,304L,"1/8""",0.125,5.95,4.23,5.92,70,77
PB316L-CX150T1/8S8,"8""",150,316L,"1/8""",0.125,7.4,4.27,5.98,79,87
PBAL6061-CX150T1/8S8,"8""",150,AL-6061,"1/8""",0.125,5,1.43,2,45,50
PB304-CX150T3/16S8,"8""",150,304,"3/16""",0.1875,5.5,6.34,8.88,84,93
PBSA36-CX150T3/16S8,"8""",150,SA-36,"3/16""",0.1875,1.85,6.07,8.5,51,57
PBSA516-70-CX150T3/16S8,"8""",150,SA-516-70,"3/16""",0.1875,2.15,6.07,8.5,53,59
PB304L-CX150T3/16S8,"8""",150,304L,"3/16""",0.1875,5.95,6.34,8.88,88,97
PB316L-CX150T3/16S8,"8""",150,316L,"3/16""",0.1875,7.4,6.41,8.97,101,112
PBAL6061-CX150T3/16S8,"8""",150,AL-6061,"3/16""",0.1875,5,2.14,3,50,56
PB304-CX150T1/4S8,"8""",150,304,"1/4""",0.25,5.5,8.45,11.83,100,111
PBSA36-CX150T1/4S8,"8""",150,SA-36,"1/4""",0.25,1.85,8.09,11.33,56,62
PBSA516-70-CX150T1/4S8,"8""",150,SA-516-70,"1/4""",0.25,2.15,8.09,11.33,59,65
PB304L-CX150T1/4S8,"8""",150,304L,"1/4""",0.25,5.95,8.45,11.83,105,116
PB316L-CX150T1/4S8,"8""",150,316L,"1/4""",0.25,7.4,8.55,11.97,123,136
PBAL6061-CX150T1/4S8,"8""",150,AL-6061,"1/4""",0.25,5,2.85,3.99,55,61
PB304-CX150T5/16S8,"8""",150,304,"5/16""",0.3125,5.5,10.57,14.8,116,128
PBSA36-CX150T5/16S8,"8""",150,SA-36,"5/16""",0.3125,1.85,10.11,14.15,61,68
PBSA516-70-CX150T5/16S8,"8""",150,SA-516-70,"5/16""",0.3125,2.15,10.11,14.15,65,72
PB304L-CX150T5/16S8,"8""",150,304L,"5/16""",0.3125,5.95,10.57,14.8,123,136
PB316L-CX150T5/16S8,"8""",150,316L,"5/16""",0.3125,7.4,10.69,14.97,146,161
PBAL6061-CX150T5/16S8,"8""",150,AL-6061,"5/16""",0.3125,5,3.56,4.98,60,66
PB304-CX150T3/8S8,"8""",150,304,"3/8""",0.375,5.5,12.68,17.75,132,146
PBSA36-CX150T3/8S8,"8""",150,SA-36,"3/8""",0.375,1.85,12.14,17,66,73
PBSA516-70-CX150T3/8S8,"8""",150,SA-516-70,"3/8""",0.375,2.15,12.14,17,71,79
PB304L-CX150T3/8S8,"8""",150,304L,"3/8""",0.375,5.95,12.68,17.75,140,154
PB316L-CX150T3/8S8,"8""",150,316L,"3/8""",0.375,7.4,12.82,17.95,168,185
PBAL6061-CX150T3/8S8,"8""",150,AL-6061,"3/8""",0.375,5,4.28,5.99,65,72
PB304-CX150T1/2S8,"8""",150,304,"1/2""",0.5,5.5,16.91,23.67,165,182
PBSA36-CX150T1/2S8,"8""",150,SA-36,"1/2""",0.5,1.85,16.18,22.65,77,85
PBSA516-70-CX150T1/2S8,"8""",150,SA-516-70,"1/2""",0.5,2.15,16.18,22.65,84,93
PB304L-CX150T1/2S8,"8""",150,304L,"1/2""",0.5,5.95,16.91,23.67,176,194
PB316L-CX150T1/2S8,"8""",150,316L,"1/2""",0.5,7.4,17.1,23.94,212,234
PBAL6061-CX150T1/2S8,"8""",150,AL-6061,"1/2""",0.5,5,5.7,7.98,75,83
PB304-CX150T5/8S8,"8""",150,304,"5/8""",0.625,5.5,21.13,29.58,198,218
PBSA36-CX150T5/8S8,"8""",150,SA-36,"5/8""",0.625,1.85,20.23,28.32,87,96
PBSA516-70-CX150T5/8S8,"8""",150,SA-516-70,"5/8""",0.625,2.15,20.23,28.32,96,106
PB304L-CX150T5/8S8,"8""",150,304L,"5/8""",0.625,5.95,21.13,29.58,211,233
PB316L-CX150T5/8S8,"8""",150,316L,"5/8""",0.625,7.4,21.37,29.92,256,282
PBAL6061-CX150T5/8S8,"8""",150,AL-6061,"5/8""",0.625,5,7.13,9.98,85,94
PB304-CX150T3/4S8,"8""",150,304,"3/4""",0.75,5.5,25.36,35.5,230,254
PBSA36-CX150T3/4S8,"8""",150,SA-36,"3/4""",0.75,1.85,24.28,33.99,98,108
PBSA516-70-CX150T3/4S8,"8""",150,SA-516-70,"3/4""",0.75,2.15,24.28,33.99,108,119
PB304L-CX150T3/4S8,"8""",150,304L,"3/4""",0.75,5.95,25.36,35.5,246,271
PB316L-CX150T3/4S8,"8""",150,316L,"3/4""",0.75,7.4,25.65,35.91,301,332
PBAL6061-CX150T3/4S8,"8""",150,AL-6061,"3/4""",0.75,5,8.55,11.97,95,105
PB304-CX150T7/8S8,"8""",150,304,"7/8""",0.875,5.5,29.59,41.43,263,290
PBSA36-CX150T7/8S8,"8""",150,SA-36,"7/8""",0.875,1.85,28.32,39.65,108,119
PBSA516-70-CX150T7/8S8,"8""",150,SA-516-70,"7/8""",0.875,2.15,28.32,39.65,120,132
PB304L-CX150T7/8S8,"8""",150,304L,"7/8""",0.875,5.95,29.59,41.43,281,310
PB316L-CX150T7/8S8,"8""",150,316L,"7/8""",0.875,7.4,29.92,41.89,345,380
PBAL6061-CX150T7/8S8,"8""",150,AL-6061,"7/8""",0.875,5,9.98,13.97,105,116
PB304-CX150T1S8,"8""",150,304,"1""",1,5.5,33.81,47.33,295,325
PBSA36-CX150T1S8,"8""",150,SA-36,"1""",1,1.85,32.37,45.32,119,131
PBSA516-70-CX150T1S8,"8""",150,SA-516-70,"1""",1,2.15,32.37,45.32,132,146
PB304L-CX150T1S8,"8""",150,304L,"1""",1,5.95,33.81,47.33,316,348
PB316L-CX150T1S8,"8""",150,316L,"1""",1,7.4,34.2,47.88,389,428
PBAL6061-CX150T1S8,"8""",150,AL-6061,"1""",1,5,11.4,15.96,115,127
PB304-CX150T1-1/8S8,"8""",150,304,"1-1/8""",1.125,5.5,38.04,53.26,328,361
PBSA36-CX150T1-1/8S8,"8""",150,SA-36,"1-1/8""",1.125,1.85,36.41,50.97,129,142
PBSA516-70-CX150T1-1/8S8,"8""",150,SA-516-70,"1-1/8""",1.125,2.15,36.41,50.97,144,159
PB304L-CX150T1-1/8S8,"8""",150,304L,"1-1/8""",1.125,5.95,38.04,53.26,352,388
PB316L-CX150T1-1/8S8,"8""",150,316L,"1-1/8""",1.125,7.4,38.47,53.86,433,477
PBAL6061-CX150T1-1/8S8,"8""",150,AL-6061,"1-1/8""",1.125,5,12.83,17.96,125,138
PB304-CX150T1-1/4S8,"8""",150,304,"1-1/4""",1.25,5.5,42.27,59.18,360,397
PBSA36-CX150T1-1/4S8,"8""",150,SA-36,"1-1/4""",1.25,1.85,40.46,56.64,140,154
PBSA516-70-CX150T1-1/4S8,"8""",150,SA-516-70,"1-1/4""",1.25,2.15,40.46,56.64,157,173
PB304L-CX150T1-1/4S8,"8""",150,304L,"1-1/4""",1.25,5.95,42.27,59.18,387,426
PB316L-CX150T1-1/4S8,"8""",150,316L,"1-1/4""",1.25,7.4,42.75,59.85,478,526
PBAL6061-CX150T1-1/4S8,"8""",150,AL-6061,"1-1/4""",1.25,5,14.26,19.96,135,149
PB304-CX150T1-3/8S8,"8""",150,304,"1-3/8""",1.375,5.5,46.49,65.09,393,433
PBSA36-CX150T1-3/8S8,"8""",150,SA-36,"1-3/8""",1.375,1.85,44.51,62.31,150,165
PBSA516-70-CX150T1-3/8S8,"8""",150,SA-516-70,"1-3/8""",1.375,2.15,44.51,62.31,169,186
PB304L-CX150T1-3/8S8,"8""",150,304L,"1-3/8""",1.375,5.95,46.49,65.09,422,465
PB316L-CX150T1-3/8S8,"8""",150,316L,"1-3/8""",1.375,7.4,47.02,65.83,522,575
PBAL6061-CX150T1-3/8S8,"8""",150,AL-6061,"1-3/8""",1.375,5,15.68,21.95,145,160
PB304-CX150T1-1/2S8,"8""",150,304,"1-1/2""",1.5,5.5,50.72,71.01,425,468
PBSA36-CX150T1-1/2S8,"8""",150,SA-36,"1-1/2""",1.5,1.85,48.55,67.97,161,178
PBSA516-70-CX150T1-1/2S8,"8""",150,SA-516-70,"1-1/2""",1.5,2.15,48.55,67.97,181,200
PB304L-CX150T1-1/2S8,"8""",150,304L,"1-1/2""",1.5,5.95,50.72,71.01,457,503
PB316L-CX150T1-1/2S8,"8""",150,316L,"1-1/2""",1.5,7.4,51.3,71.82,566,623
PBAL6061-CX150T1-1/2S8,"8""",150,AL-6061,"1-1/2""",1.5,5,17.11,23.95,155,171
PB304-CX150T1-5/8S8,"8""",150,304,"1-5/8""",1.625,5.5,54.95,76.93,458,504
PBSA36-CX150T1-5/8S8,"8""",150,SA-36,"1-5/8""",1.625,1.85,52.6,73.64,171,189
PBSA516-70-CX150T1-5/8S8,"8""",150,SA-516-70,"1-5/8""",1.625,2.15,52.6,73.64,193,213
PB304L-CX150T1-5/8S8,"8""",150,304L,"1-5/8""",1.625,5.95,54.95,76.93,493,543
PB316L-CX150T1-5/8S8,"8""",150,316L,"1-5/8""",1.625,7.4,55.57,77.8,611,673
PBAL6061-CX150T1-5/8S8,"8""",150,AL-6061,"1-5/8""",1.625,5,18.53,25.94,165,182
PB304-CX150T1-3/4S8,"8""",150,304,"1-3/4""",1.75,5.5,59.17,82.84,490,539
PBSA36-CX150T1-3/4S8,"8""",150,SA-36,"1-3/4""",1.75,1.85,56.64,79.3,182,201
PBSA516-70-CX150T1-3/4S8,"8""",150,SA-516-70,"1-3/4""",1.75,2.15,56.64,79.3,205,226
PB304L-CX150T1-3/4S8,"8""",150,304L,"1-3/4""",1.75,5.95,59.17,82.84,528,581
PB316L-CX150T1-3/4S8,"8""",150,316L,"1-3/4""",1.75,7.4,59.85,83.79,655,721
PBAL6061-CX150T1-3/4S8,"8""",150,AL-6061,"1-3/4""",1.75,5,19.96,27.94,175,193
PB304-CX150T1-7/8S8,"8""",150,304,"1-7/8""",1.875,5.5,63.4,88.76,523,576
PBSA36-CX150T1-7/8S8,"8""",150,SA-36,"1-7/8""",1.875,1.85,60.69,84.97,192,212
PBSA516-70-CX150T1-7/8S8,"8""",150,SA-516-70,"1-7/8""",1.875,2.15,60.69,84.97,218,240
PB304L-CX150T1-7/8S8,"8""",150,304L,"1-7/8""",1.875,5.95,63.4,88.76,563,620
PB316L-CX150T1-7/8S8,"8""",150,316L,"1-7/8""",1.875,7.4,64.12,89.77,699,769
PBAL6061-CX150T1-7/8S8,"8""",150,AL-6061,"1-7/8""",1.875,5,21.38,29.93,184,203
PB304-CX150T2S8,"8""",150,304,"2""",2,5.5,67.63,94.68,556,612
PBSA36-CX150T2S8,"8""",150,SA-36,"2""",2,1.85,64.73,90.62,202,223
PBSA516-70-CX150T2S8,"8""",150,SA-516-70,"2""",2,2.15,64.73,90.62,230,254
PB304L-CX150T2S8,"8""",150,304L,"2""",2,5.95,67.63,94.68,598,658
PB316L-CX150T2S8,"8""",150,316L,"2""",2,7.4,68.4,95.76,743,818
PBAL6061-CX150T2S8,"8""",150,AL-6061,"2""",2,5,22.81,31.93,194,214
PB304-CX150T2-1/4S8,"8""",150,304,"2-1/4""",2.25,5.5,76.08,106.51,621,684
PBSA36-CX150T2-1/4S8,"8""",150,SA-36,"2-1/4""",2.25,1.85,72.83,101.96,223,246
PBSA516-70-CX150T2-1/4S8,"8""",150,SA-516-70,"2-1/4""",2.25,2.15,72.83,101.96,254,280
PB304L-CX150T2-1/4S8,"8""",150,304L,"2-1/4""",2.25,5.95,76.08,106.51,669,736
PB316L-CX150T2-1/4S8,"8""",150,316L,"2-1/4""",2.25,7.4,76.95,107.73,832,916
PBAL6061-CX150T2-1/4S8,"8""",150,AL-6061,"2-1/4""",2.25,5,25.66,35.92,214,236
PB304-CX150T2-1/2S8,"8""",150,304,"2-1/2""",2.5,5.5,84.53,118.34,686,755
PBSA36-CX150T2-1/2S8,"8""",150,SA-36,"2-1/2""",2.5,1.85,80.92,113.29,244,269
PBSA516-70-CX150T2-1/2S8,"8""",150,SA-516-70,"2-1/2""",2.5,2.15,80.92,113.29,278,306
PB304L-CX150T2-1/2S8,"8""",150,304L,"2-1/2""",2.5,5.95,84.53,118.34,739,813
PB316L-CX150T2-1/2S8,"8""",150,316L,"2-1/2""",2.5,7.4,85.5,119.7,921,1014
PBAL6061-CX150T2-1/2S8,"8""",150,AL-6061,"2-1/2""",2.5,5,28.51,39.91,234,258
PB304-CX150T3S8,"8""",150,304,"3""",3,5.5,101.44,142.02,816,898
PBSA36-CX150T3S8,"8""",150,SA-36,"3""",3,1.85,97.1,135.94,286,315
PBSA516-70-CX150T3S8,"8""",150,SA-516-70,"3""",3,2.15,97.1,135.94,327,360
PB304L-CX150T3S8,"8""",150,304L,"3""",3,5.95,101.44,142.02,880,969
PB316L-CX150T3S8,"8""",150,316L,"3""",3,7.4,102.59,143.63,1098,1208
PBAL6061-CX150T3S8,"8""",150,AL-6061,"3""",3,5,34.21,47.89,274,302
PB304-CX150T11GAS10,"10""",150,304,11 Gauge,0.1196,5.5,5.96,8.34,81,90
PBSA36-CX150T11GAS10,"10""",150,SA-36,11 Gauge,0.1196,1.85,5.7,7.98,50,56
PBSA516-70-CX150T11GAS10,"10""",150,SA-516-70,11 Gauge,0.1196,2.15,5.7,7.98,52,58
PB304L-CX150T11GAS10,"10""",150,304L,11 Gauge,0.1196,5.95,5.96,8.34,84,93
PB316L-CX150T11GAS10,"10""",150,316L,11 Gauge,0.1196,7.4,6.02,8.43,97,107
PBAL6061-CX150T11GAS10,"10""",150,AL-6061,11 Gauge,0.1196,5,2.01,2.81,49,54
PB304-CX150T1/8S10,"10""",150,304,"1/8""",0.125,5.5,6.23,8.72,83,92
PBSA36-CX150T1/8S10,"10""",150,SA-36,"1/8""",0.125,1.85,5.96,8.34,50,56
PBSA516-70-CX150T1/8S10,"10""",150,SA-516-70,"1/8""",0.125,2.15,5.96,8.34,53,59
PB304L-CX150T1/8S10,"10""",150,304L,"1/8""",0.125,5.95,6.23,8.72,87,96
PB316L-CX150T1/8S10,"10""",150,316L,"1/8""",0.125,7.4,6.3,8.82,100,111
PBAL6061-CX150T1/8S10,"10""",150,AL-6061,"1/8""",0.125,5,2.1,2.94,50,56
PB304-CX150T3/16S10,"10""",150,304,"3/16""",0.1875,5.5,9.34,13.08,107,118
PBSA36-CX150T3/16S10,"10""",150,SA-36,"3/16""",0.1875,1.85,8.94,12.52,58,64
PBSA516-70-CX150T3/16S10,"10""",150,SA-516-70,"3/16""",0.1875,2.15,8.94,12.52,62,69
PB304L-CX150T3/16S10,"10""",150,304L,"3/16""",0.1875,5.95,9.34,13.08,113,125
PB316L-CX150T3/16S10,"10""",150,316L,"3/16""",0.1875,7.4,9.45,13.23,133,147
PBAL6061-CX150T3/16S10,"10""",150,AL-6061,"3/16""",0.1875,5,3.15,4.41,57,63
PB304-CX150T1/4S10,"10""",150,304,"1/4""",0.25,5.5,12.45,17.43,131,145
PBSA36-CX150T1/4S10,"10""",150,SA-36,"1/4""",0.25,1.85,11.92,16.69,66,73
PBSA516-70-CX150T1/4S10,"10""",150,SA-516-70,"1/4""",0.25,2.15,11.92,16.69,71,79
PB304L-CX150T1/4S10,"10""",150,304L,"1/4""",0.25,5.95,12.45,17.43,139,153
PB316L-CX150T1/4S10,"10""",150,316L,"1/4""",0.25,7.4,12.59,17.63,165,182
PBAL6061-CX150T1/4S10,"10""",150,AL-6061,"1/4""",0.25,5,4.2,5.88,64,71
PB304-CX150T5/16S10,"10""",150,304,"5/16""",0.3125,5.5,15.57,21.8,155,171
PBSA36-CX150T5/16S10,"10""",150,SA-36,"5/16""",0.3125,1.85,14.9,20.86,73,81
PBSA516-70-CX150T5/16S10,"10""",150,SA-516-70,"5/16""",0.3125,2.15,14.9,20.86,80,88
PB304L-CX150T5/16S10,"10""",150,304L,"5/16""",0.3125,5.95,15.57,21.8,165,182
PB316L-CX150T5/16S10,"10""",150,316L,"5/16""",0.3125,7.4,15.74,22.04,198,218
PBAL6061-CX150T5/16S10,"10""",150,AL-6061,"5/16""",0.3125,5,5.25,7.35,72,80
PB304-CX150T3/8S10,"10""",150,304,"3/8""",0.375,5.5,18.68,26.15,179,197
PBSA36-CX150T3/8S10,"10""",150,SA-36,"3/8""",0.375,1.85,17.88,25.03,81,90
PBSA516-70-CX150T3/8S10,"10""",150,SA-516-70,"3/8""",0.375,2.15,17.88,25.03,89,98
PB304L-CX150T3/8S10,"10""",150,304L,"3/8""",0.375,5.95,18.68,26.15,190,210
PB316L-CX150T3/8S10,"10""",150,316L,"3/8""",0.375,7.4,18.89,26.45,231,255
PBAL6061-CX150T3/8S10,"10""",150,AL-6061,"3/8""",0.375,5,6.3,8.82,79,87
PB304-CX150T1/2S10,"10""",150,304,"1/2""",0.5,5.5,24.9,34.86,227,250
PBSA36-CX150T1/2S10,"10""",150,SA-36,"1/2""",0.5,1.85,23.84,33.38,97,107
PBSA516-70-CX150T1/2S10,"10""",150,SA-516-70,"1/2""",0.5,2.15,23.84,33.38,107,118
PB304L-CX150T1/2S10,"10""",150,304L,"1/2""",0.5,5.95,24.9,34.86,242,267
PB316L-CX150T1/2S10,"10""",150,316L,"1/2""",0.5,7.4,25.19,35.27,296,326
PBAL6061-CX150T1/2S10,"10""",150,AL-6061,"1/2""",0.5,5,8.4,11.76,94,104
PB304-CX150T5/8S10,"10""",150,304,"5/8""",0.625,5.5,31.13,43.58,275,303
PBSA36-CX150T5/8S10,"10""",150,SA-36,"5/8""",0.625,1.85,29.8,41.72,112,124
PBSA516-70-CX150T5/8S10,"10""",150,SA-516-70,"5/8""",0.625,2.15,29.8,41.72,125,138
PB304L-CX150T5/8S10,"10""",150,304L,"5/8""",0.625,5.95,31.13,43.58,294,324
PB316L-CX150T5/8S10,"10""",150,316L,"5/8""",0.625,7.4,31.48,44.07,361,398
PBAL6061-CX150T5/8S10,"10""",150,AL-6061,"5/8""",0.625,5,10.5,14.7,108,119
PB304-CX150T3/4S10,"10""",150,304,"3/4""",0.75,5.5,37.36,52.3,322,355
PBSA36-CX150T3/4S10,"10""",150,SA-36,"3/4""",0.75,1.85,35.76,50.06,127,140
PBSA516-70-CX150T3/4S10,"10""",150,SA-516-70,"3/4""",0.75,2.15,35.76,50.06,142,157
PB304L-CX150T3/4S10,"10""",150,304L,"3/4""",0.75,5.95,37.36,52.3,346,381
PB316L-CX150T3/4S10,"10""",150,316L,"3/4""",0.75,7.4,37.78,52.89,426,469
PBAL6061-CX150T3/4S10,"10""",150,AL-6061,"3/4""",0.75,5,12.6,17.64,123,136
PB304-CX150T7/8S10,"10""",150,304,"7/8""",0.875,5.5,43.58,61.01,370,408
PBSA36-CX150T7/8S10,"10""",150,SA-36,"7/8""",0.875,1.85,41.72,58.41,143,158
PBSA516-70-CX150T7/8S10,"10""",150,SA-516-70,"7/8""",0.875,2.15,41.72,58.41,160,176
PB304L-CX150T7/8S10,"10""",150,304L,"7/8""",0.875,5.95,43.58,61.01,398,438
PB316L-CX150T7/8S10,"10""",150,316L,"7/8""",0.875,7.4,44.08,61.71,492,542
PBAL6061-CX150T7/8S10,"10""",150,AL-6061,"7/8""",0.875,5,14.7,20.58,138,152
PB304-CX150T1S10,"10""",150,304,"1""",1,5.5,49.81,69.73,418,460
PBSA36-CX150T1S10,"10""",150,SA-36,"1""",1,1.85,47.68,66.75,158,174
PBSA516-70-CX150T1S10,"10""",150,SA-516-70,"1""",1,2.15,47.68,66.75,178,196
PB304L-CX150T1S10,"10""",150,304L,"1""",1,5.95,49.81,69.73,450,496
PB316L-CX150T1S10,"10""",150,316L,"1""",1,7.4,50.38,70.53,557,613
PBAL6061-CX150T1S10,"10""",150,AL-6061,"1""",1,5,16.8,23.52,152,168
PB304-CX150T1-1/8S10,"10""",150,304,"1-1/8""",1.125,5.5,56.04,78.46,466,513
PBSA36-CX150T1-1/8S10,"10""",150,SA-36,"1-1/8""",1.125,1.85,53.64,75.1,174,192
PBSA516-70-CX150T1-1/8S10,"10""",150,SA-516-70,"1-1/8""",1.125,2.15,53.64,75.1,196,216
PB304L-CX150T1-1/8S10,"10""",150,304L,"1-1/8""",1.125,5.95,56.04,78.46,502,553
PB316L-CX150T1-1/8S10,"10""",150,316L,"1-1/8""",1.125,7.4,56.67,79.34,622,685
PBAL6061-CX150T1-1/8S10,"10""",150,AL-6061,"1-1/8""",1.125,5,18.9,26.46,167,184
PB304-CX150T1-1/4S10,"10""",150,304,"1-1/4""",1.25,5.5,62.26,87.16,514,566
PBSA36-CX150T1-1/4S10,"10""",150,SA-36,"1-1/4""",1.25,1.85,59.6,83.44,189,208
PBSA516-70-CX150T1-1/4S10,"10""",150,SA-516-70,"1-1/4""",1.25,2.15,59.6,83.44,214,236
PB304L-CX150T1-1/4S10,"10""",150,304L,"1-1/4""",1.25,5.95,62.26,87.16,553,609
PB316L-CX150T1-1/4S10,"10""",150,316L,"1-1/4""",1.25,7.4,62.97,88.16,687,756
PBAL6061-CX150T1-1/4S10,"10""",150,AL-6061,"1-1/4""",1.25,5,21,29.4,182,201
PB304-CX150T1-3/8S10,"10""",150,304,"1-3/8""",1.375,5.5,68.49,95.89,562,619
PBSA36-CX150T1-3/8S10,"10""",150,SA-36,"1-3/8""",1.375,1.85,65.56,91.78,205,226
PBSA516-70-CX150T1-3/8S10,"10""",150,SA-516-70,"1-3/8""",1.375,2.15,65.56,91.78,232,256
PB304L-CX150T1-3/8S10,"10""",150,304L,"1-3/8""",1.375,5.95,68.49,95.89,605,666
PB316L-CX150T1-3/8S10,"10""",150,316L,"1-3/8""",1.375,7.4,69.27,96.98,752,828
PBAL6061-CX150T1-3/8S10,"10""",150,AL-6061,"1-3/8""",1.375,5,23.1,32.34,197,217
PB304-CX150T1-1/2S10,"10""",150,304,"1-1/2""",1.5,5.5,74.71,104.59,610,671
PBSA36-CX150T1-1/2S10,"10""",150,SA-36,"1-1/2""",1.5,1.85,71.52,100.13,220,243
PBSA516-70-CX150T1-1/2S10,"10""",150,SA-516-70,"1-1/2""",1.5,2.15,71.52,100.13,250,275
PB304L-CX150T1-1/2S10,"10""",150,304L,"1-1/2""",1.5,5.95,74.71,104.59,657,723
PB316L-CX150T1-1/2S10,"10""",150,316L,"1-1/2""",1.5,7.4,75.56,105.78,818,900
PBAL6061-CX150T1-1/2S10,"10""",150,AL-6061,"1-1/2""",1.5,5,25.2,35.28,211,233
PB304-CX150T1-5/8S10,"10""",150,304,"1-5/8""",1.625,5.5,80.94,113.32,658,724
PBSA36-CX150T1-5/8S10,"10""",150,SA-36,"1-5/8""",1.625,1.85,77.48,108.47,236,260
PBSA516-70-CX150T1-5/8S10,"10""",150,SA-516-70,"1-5/8""",1.625,2.15,77.48,108.47,268,295
PB304L-CX150T1-5/8S10,"10""",150,304L,"1-5/8""",1.625,5.95,80.94,113.32,709,780
PB316L-CX150T1-5/8S10,"10""",150,316L,"1-5/8""",1.625,7.4,81.86,114.6,883,972
PBAL6061-CX150T1-5/8S10,"10""",150,AL-6061,"1-5/8""",1.625,5,27.3,38.22,226,249
PB304-CX150T1-3/4S10,"10""",150,304,"1-3/4""",1.75,5.5,87.17,122.04,706,777
PBSA36-CX150T1-3/4S10,"10""",150,SA-36,"1-3/4""",1.75,1.85,83.44,116.82,251,277
PBSA516-70-CX150T1-3/4S10,"10""",150,SA-516-70,"1-3/4""",1.75,2.15,83.44,116.82,286,315
PB304L-CX150T1-3/4S10,"10""",150,304L,"1-3/4""",1.75,5.95,87.17,122.04,761,838
PB316L-CX150T1-3/4S10,"10""",150,316L,"1-3/4""",1.75,7.4,88.16,123.42,948,1043
PBAL6061-CX150T1-3/4S10,"10""",150,AL-6061,"1-3/4""",1.75,5,29.4,41.16,241,266
PB304-CX150T1-7/8S10,"10""",150,304,"1-7/8""",1.875,5.5,93.39,130.75,754,830
PBSA36-CX150T1-7/8S10,"10""",150,SA-36,"1-7/8""",1.875,1.85,89.4,125.16,266,293
PBSA516-70-CX150T1-7/8S10,"10""",150,SA-516-70,"1-7/8""",1.875,2.15,89.4,125.16,304,335
PB304L-CX150T1-7/8S10,"10""",150,304L,"1-7/8""",1.875,5.95,93.39,130.75,813,895
PB316L-CX150T1-7/8S10,"10""",150,316L,"1-7/8""",1.875,7.4,94.45,132.23,1013,1115
PBAL6061-CX150T1-7/8S10,"10""",150,AL-6061,"1-7/8""",1.875,5,31.5,44.1,255,281
PB304-CX150T2S10,"10""",150,304,"2""",2,5.5,99.62,139.47,802,883
PBSA36-CX150T2S10,"10""",150,SA-36,"2""",2,1.85,95.36,133.5,282,311
PBSA516-70-CX150T2S10,"10""",150,SA-516-70,"2""",2,2.15,95.36,133.5,322,355
PB304L-CX150T2S10,"10""",150,304L,"2""",2,5.95,99.62,139.47,865,952
PB316L-CX150T2S10,"10""",150,316L,"2""",2,7.4,100.75,141.05,1079,1187
PBAL6061-CX150T2S10,"10""",150,AL-6061,"2""",2,5,33.6,47.04,270,297
PB304-CX150T2-1/4S10,"10""",150,304,"2-1/4""",2.25,5.5,112.07,156.9,898,988
PBSA36-CX150T2-1/4S10,"10""",150,SA-36,"2-1/4""",2.25,1.85,107.28,150.19,313,345
PBSA516-70-CX150T2-1/4S10,"10""",150,SA-516-70,"2-1/4""",2.25,2.15,107.28,150.19,358,394
PB304L-CX150T2-1/4S10,"10""",150,304L,"2-1/4""",2.25,5.95,112.07,156.9,968,1065
PB316L-CX150T2-1/4S10,"10""",150,316L,"2-1/4""",2.25,7.4,113.34,158.68,1209,1330
PBAL6061-CX150T2-1/4S10,"10""",150,AL-6061,"2-1/4""",2.25,5,37.8,52.92,299,329
PB304-CX150T2-1/2S10,"10""",150,304,"2-1/2""",2.5,5.5,124.52,174.33,994,1094
PBSA36-CX150T2-1/2S10,"10""",150,SA-36,"2-1/2""",2.5,1.85,119.2,166.88,344,379
PBSA516-70-CX150T2-1/2S10,"10""",150,SA-516-70,"2-1/2""",2.5,2.15,119.2,166.88,394,434
PB304L-CX150T2-1/2S10,"10""",150,304L,"2-1/2""",2.5,5.95,124.52,174.33,1072,1180
PB316L-CX150T2-1/2S10,"10""",150,316L,"2-1/2""",2.5,7.4,125.94,176.32,1340,1475
PBAL6061-CX150T2-1/2S10,"10""",150,AL-6061,"2-1/2""",2.5,5,42,58.8,329,362
PB304-CX150T3S10,"10""",150,304,"3""",3,5.5,149.43,209.2,1185,1304
PBSA36-CX150T3S10,"10""",150,SA-36,"3""",3,1.85,143.04,200.26,405,446
PBSA516-70-CX150T3S10,"10""",150,SA-516-70,"3""",3,2.15,143.04,200.26,465,512
PB304L-CX150T3S10,"10""",150,304L,"3""",3,5.95,149.43,209.2,1280,1408
PB316L-CX150T3S10,"10""",150,316L,"3""",3,7.4,151.13,211.58,1601,1762
PBAL6061-CX150T3S10,"10""",150,AL-6061,"3""",3,5,50.4,70.56,388,427
PB304-CX150T11GAS12,"12""",150,304,11 Gauge,0.1196,5.5,8.61,12.05,104,115
PBSA36-CX150T11GAS12,"12""",150,SA-36,11 Gauge,0.1196,1.85,8.24,11.54,59,65
PBSA516-70-CX150T11GAS12,"12""",150,SA-516-70,11 Gauge,0.1196,2.15,8.24,11.54,62,69
PB304L-CX150T11GAS12,"12""",150,304L,11 Gauge,0.1196,5.95,8.61,12.05,109,120
PB316L-CX150T11GAS12,"12""",150,316L,11 Gauge,0.1196,7.4,8.71,12.19,128,141
PBAL6061-CX150T11GAS12,"12""",150,AL-6061,11 Gauge,0.1196,5,2.91,4.07,58,64
PB304-CX150T1/8S12,"12""",150,304,"1/8""",0.125,5.5,9,12.6,107,118
PBSA36-CX150T1/8S12,"12""",150,SA-36,"1/8""",0.125,1.85,8.62,12.07,60,66
PBSA516-70-CX150T1/8S12,"12""",150,SA-516-70,"1/8""",0.125,2.15,8.62,12.07,63,70
PB304L-CX150T1/8S12,"12""",150,304L,"1/8""",0.125,5.95,9,12.6,112,124
PB316L-CX150T1/8S12,"12""",150,316L,"1/8""",0.125,7.4,9.1,12.74,132,146
PBAL6061-CX150T1/8S12,"12""",150,AL-6061,"1/8""",0.125,5,3.04,4.26,59,65
PB304-CX150T3/16S12,"12""",150,304,"3/16""",0.1875,5.5,13.5,18.9,141,156
PBSA36-CX150T3/16S12,"12""",150,SA-36,"3/16""",0.1875,1.85,12.93,18.1,71,79
PBSA516-70-CX150T3/16S12,"12""",150,SA-516-70,"3/16""",0.1875,2.15,12.93,18.1,76,84
PB304L-CX150T3/16S12,"12""",150,304L,"3/16""",0.1875,5.95,13.5,18.9,150,165
PB316L-CX150T3/16S12,"12""",150,316L,"3/16""",0.1875,7.4,13.66,19.12,179,197
PBAL6061-CX150T3/16S12,"12""",150,AL-6061,"3/16""",0.1875,5,4.55,6.37,69,76
PB304-CX150T1/4S12,"12""",150,304,"1/4""",0.25,5.5,18,25.2,176,194
PBSA36-CX150T1/4S12,"12""",150,SA-36,"1/4""",0.25,1.85,17.23,24.12,82,91
PBSA516-70-CX150T1/4S12,"12""",150,SA-516-70,"1/4""",0.25,2.15,17.23,24.12,89,98
PB304L-CX150T1/4S12,"12""",150,304L,"1/4""",0.25,5.95,18,25.2,187,206
PB316L-CX150T1/4S12,"12""",150,316L,"1/4""",0.25,7.4,18.21,25.49,226,249
PBAL6061-CX150T1/4S12,"12""",150,AL-6061,"1/4""",0.25,5,6.07,8.5,80,88
PB304-CX150T5/16S12,"12""",150,304,"5/16""",0.3125,5.5,22.5,31.5,211,233
PBSA36-CX150T5/16S12,"12""",150,SA-36,"5/16""",0.3125,1.85,21.54,30.16,93,103
PBSA516-70-CX150T5/16S12,"12""",150,SA-516-70,"5/16""",0.3125,2.15,21.54,30.16,102,113
PB304L-CX150T5/16S12,"12""",150,304L,"5/16""",0.3125,5.95,22.5,31.5,225,248
PB316L-CX150T5/16S12,"12""",150,316L,"5/16""",0.3125,7.4,22.76,31.86,273,301
PBAL6061-CX150T5/16S12,"12""",150,AL-6061,"5/16""",0.3125,5,7.59,10.63,91,101
PB304-CX150T3/8S12,"12""",150,304,"3/8""",0.375,5.5,27.01,37.81,245,270
PBSA36-CX150T3/8S12,"12""",150,SA-36,"3/8""",0.375,1.85,25.85,36.19,104,115
PBSA516-70-CX150T3/8S12,"12""",150,SA-516-70,"3/8""",0.375,2.15,25.85,36.19,115,127
PB304L-CX150T3/8S12,"12""",150,304L,"3/8""",0.375,5.95,27.01,37.81,262,289
PB316L-CX150T3/8S12,"12""",150,316L,"3/8""",0.375,7.4,27.31,38.23,320,352
PBAL6061-CX150T3/8S12,"12""",150,AL-6061,"3/8""",0.375,5,9.11,12.75,101,112
PB304-CX150T1/2S12,"12""",150,304,"1/2""",0.5,5.5,36.01,50.41,315,347
PBSA36-CX150T1/2S12,"12""",150,SA-36,"1/2""",0.5,1.85,34.47,48.26,127,140
PBSA516-70-CX150T1/2S12,"12""",150,SA-516-70,"1/2""",0.5,2.15,34.47,48.26,141,156
PB304L-CX150T1/2S12,"12""",150,304L,"1/2""",0.5,5.95,36.01,50.41,337,371
PB316L-CX150T1/2S12,"12""",150,316L,"1/2""",0.5,7.4,36.42,50.99,415,457
PBAL6061-CX150T1/2S12,"12""",150,AL-6061,"1/2""",0.5,5,12.14,17,122,135
PB304-CX150T5/8S12,"12""",150,304,"5/8""",0.625,5.5,45.01,63.01,384,423
PBSA36-CX150T5/8S12,"12""",150,SA-36,"5/8""",0.625,1.85,43.08,60.31,149,164
PBSA516-70-CX150T5/8S12,"12""",150,SA-516-70,"5/8""",0.625,2.15,43.08,60.31,167,184
PB304L-CX150T5/8S12,"12""",150,304L,"5/8""",0.625,5.95,45.01,63.01,412,454
PB316L-CX150T5/8S12,"12""",150,316L,"5/8""",0.625,7.4,45.52,63.73,509,560
PBAL6061-CX150T5/8S12,"12""",150,AL-6061,"5/8""",0.625,5,15.18,21.25,144,159
PB304-CX150T3/4S12,"12""",150,304,"3/4""",0.75,5.5,54.01,75.61,453,499
PBSA36-CX150T3/4S12,"12""",150,SA-36,"3/4""",0.75,1.85,51.7,72.38,171,189
PBSA516-70-CX150T3/4S12,"12""",150,SA-516-70,"3/4""",0.75,2.15,51.7,72.38,193,213
PB304L-CX150T3/4S12,"12""",150,304L,"3/4""",0.75,5.95,54.01,75.61,487,536
PB316L-CX150T3/4S12,"12""",150,316L,"3/4""",0.75,7.4,54.63,76.48,603,664
PBAL6061-CX150T3/4S12,"12""",150,AL-6061,"3/4""",0.75,5,18.22,25.51,165,182
PB304-CX150T7/8S12,"12""",150,304,"7/8""",0.875,5.5,63.01,88.21,523,576
PBSA36-CX150T7/8S12,"12""",150,SA-36,"7/8""",0.875,1.85,60.32,84.45,194,214
PBSA516-70-CX150T7/8S12,"12""",150,SA-516-70,"7/8""",0.875,2.15,60.32,84.45,219,241
PB304L-CX150T7/8S12,"12""",150,304L,"7/8""",0.875,5.95,63.01,88.21,562,619
PB316L-CX150T7/8S12,"12""",150,316L,"7/8""",0.875,7.4,63.73,89.22,698,768
PBAL6061-CX150T7/8S12,"12""",150,AL-6061,"7/8""",0.875,5,21.25,29.75,186,205
PB304-CX150T1S12,"12""",150,304,"1""",1,5.5,72.02,100.83,592,652
PBSA36-CX150T1S12,"12""",150,SA-36,"1""",1,1.85,68.94,96.52,216,238
PBSA516-70-CX150T1S12,"12""",150,SA-516-70,"1""",1,2.15,68.94,96.52,245,270
PB304L-CX150T1S12,"12""",150,304L,"1""",1,5.95,72.02,100.83,637,701
PB316L-CX150T1S12,"12""",150,316L,"1""",1,7.4,72.83,101.96,792,872
PBAL6061-CX150T1S12,"12""",150,AL-6061,"1""",1,5,24.29,34.01,207,228
PB304-CX150T1-1/8S12,"12""",150,304,"1-1/8""",1.125,5.5,81.02,113.43,661,728
PBSA36-CX150T1-1/8S12,"12""",150,SA-36,"1-1/8""",1.125,1.85,77.55,108.57,238,262
PBSA516-70-CX150T1-1/8S12,"12""",150,SA-516-70,"1-1/8""",1.125,2.15,77.55,108.57,271,299
PB304L-CX150T1-1/8S12,"12""",150,304L,"1-1/8""",1.125,5.95,81.02,113.43,712,784
PB316L-CX150T1-1/8S12,"12""",150,316L,"1-1/8""",1.125,7.4,81.94,114.72,886,975
PBAL6061-CX150T1-1/8S12,"12""",150,AL-6061,"1-1/8""",1.125,5,27.33,38.26,229,252
PB304-CX150T1-1/4S12,"12""",150,304,"1-1/4""",1.25,5.5,90.02,126.03,731,805
PBSA36-CX150T1-1/4S12,"12""",150,SA-36,"1-1/4""",1.25,1.85,86.17,120.64,261,288
PBSA516-70-CX150T1-1/4S12,"12""",150,SA-516-70,"1-1/4""",1.25,2.15,86.17,120.64,297,327
PB304L-CX150T1-1/4S12,"12""",150,304L,"1-1/4""",1.25,5.95,90.02,126.03,787,866
PB316L-CX150T1-1/4S12,"12""",150,316L,"1-1/4""",1.25,7.4,91.04,127.46,981,1080
PBAL6061-CX150T1-1/4S12,"12""",150,AL-6061,"1-1/4""",1.25,5,30.36,42.5,250,275
PB304-CX150T1-3/8S12,"12""",150,304,"1-3/8""",1.375,5.5,99.02,138.63,800,881
PBSA36-CX150T1-3/8S12,"12""",150,SA-36,"1-3/8""",1.375,1.85,94.79,132.71,283,312
PBSA516-70-CX150T1-3/8S12,"12""",150,SA-516-70,"1-3/8""",1.375,2.15,94.79,132.71,323,356
PB304L-CX150T1-3/8S12,"12""",150,304L,"1-3/8""",1.375,5.95,99.02,138.63,862,949
PB316L-CX150T1-3/8S12,"12""",150,316L,"1-3/8""",1.375,7.4,100.15,140.21,1075,1183
PBAL6061-CX150T1-3/8S12,"12""",150,AL-6061,"1-3/8""",1.375,5,33.4,46.76,271,299
PB304-CX150T1-1/2S12,"12""",150,304,"1-1/2""",1.5,5.5,108.02,151.23,869,956
PBSA36-CX150T1-1/2S12,"12""",150,SA-36,"1-1/2""",1.5,1.85,103.4,144.76,305,336
PBSA516-70-CX150T1-1/2S12,"12""",150,SA-516-70,"1-1/2""",1.5,2.15,103.4,144.76,349,384
PB304L-CX150T1-1/2S12,"12""",150,304L,"1-1/2""",1.5,5.95,108.02,151.23,937,1031
PB316L-CX150T1-1/2S12,"12""",150,316L,"1-1/2""",1.5,7.4,109.25,152.95,1169,1286
PBAL6061-CX150T1-1/2S12,"12""",150,AL-6061,"1-1/2""",1.5,5,36.43,51,292,322
PB304-CX150T1-5/8S12,"12""",150,304,"1-5/8""",1.625,5.5,117.03,163.84,938,1032
PBSA36-CX150T1-5/8S12,"12""",150,SA-36,"1-5/8""",1.625,1.85,112.02,156.83,327,360
PBSA516-70-CX150T1-5/8S12,"12""",150,SA-516-70,"1-5/8""",1.625,2.15,112.02,156.83,375,413
PB304L-CX150T1-5/8S12,"12""",150,304L,"1-5/8""",1.625,5.95,117.03,163.84,1012,1114
PB316L-CX150T1-5/8S12,"12""",150,316L,"1-5/8""",1.625,7.4,118.36,165.7,1264,1391
PBAL6061-CX150T1-5/8S12,"12""",150,AL-6061,"1-5/8""",1.625,5,39.47,55.26,314,346
PB304-CX150T1-3/4S12,"12""",150,304,"1-3/4""",1.75,5.5,126.03,176.44,1008,1109
PBSA36-CX150T1-3/4S12,"12""",150,SA-36,"1-3/4""",1.75,1.85,120.64,168.9,350,386
PBSA516-70-CX150T1-3/4S12,"12""",150,SA-516-70,"1-3/4""",1.75,2.15,120.64,168.9,400,441
PB304L-CX150T1-3/4S12,"12""",150,304L,"1-3/4""",1.75,5.95,126.03,176.44,1087,1196
PB316L-CX150T1-3/4S12,"12""",150,316L,"1-3/4""",1.75,7.4,127.46,178.44,1358,1494
PBAL6061-CX150T1-3/4S12,"12""",150,AL-6061,"1-3/4""",1.75,5,42.51,59.51,335,369
PB304-CX150T1-7/8S12,"12""",150,304,"1-7/8""",1.875,5.5,135.03,189.04,1077,1185
PBSA36-CX150T1-7/8S12,"12""",150,SA-36,"1-7/8""",1.875,1.85,129.25,180.95,372,410
PBSA516-70-CX150T1-7/8S12,"12""",150,SA-516-70,"1-7/8""",1.875,2.15,129.25,180.95,426,469
PB304L-CX150T1-7/8S12,"12""",150,304L,"1-7/8""",1.875,5.95,135.03,189.04,1162,1279
PB316L-CX150T1-7/8S12,"12""",150,316L,"1-7/8""",1.875,7.4,136.56,191.18,1452,1598
PBAL6061-CX150T1-7/8S12,"12""",150,AL-6061,"1-7/8""",1.875,5,45.54,63.76,356,392
PB304-CX150T2S12,"12""",150,304,"2""",2,5.5,144.03,201.64,1146,1261
PBSA36-CX150T2S12,"12""",150,SA-36,"2""",2,1.85,137.87,193.02,394,434
PBSA516-70-CX150T2S12,"12""",150,SA-516-70,"2""",2,2.15,137.87,193.02,452,498
PB304L-CX150T2S12,"12""",150,304L,"2""",2,5.95,144.03,201.64,1237,1361
PB316L-CX150T2S12,"12""",150,316L,"2""",2,7.4,145.67,203.94,1547,1702
PBAL6061-CX150T2S12,"12""",150,AL-6061,"2""",2,5,48.58,68.01,377,415
PB304-CX150T2-1/4S12,"12""",150,304,"2-1/4""",2.25,5.5,162.03,226.84,1285,1414
PBSA36-CX150T2-1/4S12,"12""",150,SA-36,"2-1/4""",2.25,1.85,155.1,217.14,439,483
PBSA516-70-CX150T2-1/4S12,"12""",150,SA-516-70,"2-1/4""",2.25,2.15,155.1,217.14,504,555
PB304L-CX150T2-1/4S12,"12""",150,304L,"2-1/4""",2.25,5.95,162.03,226.84,1387,1526
PB316L-CX150T2-1/4S12,"12""",150,316L,"2-1/4""",2.25,7.4,163.88,229.43,1735,1909
PBAL6061-CX150T2-1/4S12,"12""",150,AL-6061,"2-1/4""",2.25,5,54.65,76.51,420,463
PB304-CX150T2-1/2S12,"12""",150,304,"2-1/2""",2.5,5.5,180.04,252.06,1424,1567
PBSA36-CX150T2-1/2S12,"12""",150,SA-36,"2-1/2""",2.5,1.85,172.34,241.28,484,533
PBSA516-70-CX150T2-1/2S12,"12""",150,SA-516-70,"2-1/2""",2.5,2.15,172.34,241.28,556,612
PB304L-CX150T2-1/2S12,"12""",150,304L,"2-1/2""",2.5,5.95,180.04,252.06,1537,1691
PB316L-CX150T2-1/2S12,"12""",150,316L,"2-1/2""",2.5,7.4,182.09,254.93,1924,2117
PBAL6061-CX150T2-1/2S12,"12""",150,AL-6061,"2-1/2""",2.5,5,60.72,85.01,462,509
PB304-CX150T3S12,"12""",150,304,"3""",3,5.5,216.05,302.47,1701,1872
PBSA36-CX150T3S12,"12""",150,SA-36,"3""",3,1.85,206.81,289.53,573,631
PBSA516-70-CX150T3S12,"12""",150,SA-516-70,"3""",3,2.15,206.81,289.53,660,727
PB304L-CX150T3S12,"12""",150,304L,"3""",3,5.95,216.05,302.47,1837,2021
PB316L-CX150T3S12,"12""",150,316L,"3""",3,7.4,218.5,305.9,2301,2532
PBAL6061-CX150T3S12,"12""",150,AL-6061,"3""",3,5,72.87,102.02,547,602
PB304-CX150T11GAS14,"14""",150,304,11 Gauge,0.1196,5.5,10.43,14.6,121,134
PBSA36-CX150T11GAS14,"14""",150,SA-36,11 Gauge,0.1196,1.85,9.99,13.99,67,74
PBSA516-70-CX150T11GAS14,"14""",150,SA-516-70,11 Gauge,0.1196,2.15,9.99,13.99,71,79
PB304L-CX150T11GAS14,"14""",150,304L,11 Gauge,0.1196,5.95,10.43,14.6,128,141
PB316L-CX150T11GAS14,"14""",150,316L,11 Gauge,0.1196,7.4,10.55,14.77,150,165
PBAL6061-CX150T11GAS14,"14""",150,AL-6061,11 Gauge,0.1196,5,3.52,4.93,65,72
PB304-CX150T1/8S14,"14""",150,304,"1/8""",0.125,5.5,10.9,15.26,125,138
PBSA36-CX150T1/8S14,"14""",150,SA-36,"1/8""",0.125,1.85,10.44,14.62,68,75
PBSA516-70-CX150T1/8S14,"14""",150,SA-516-70,"1/8""",0.125,2.15,10.44,14.62,72,80
PB304L-CX150T1/8S14,"14""",150,304L,"1/8""",0.125,5.95,10.9,15.26,132,146
PB316L-CX150T1/8S14,"14""",150,316L,"1/8""",0.125,7.4,11.03,15.44,155,171
PBAL6061-CX150T1/8S14,"14""",150,AL-6061,"1/8""",0.125,5,3.68,5.15,66,73
PB304-CX150T3/16S14,"14""",150,304,"3/16""",0.1875,5.5,16.35,22.89,167,184
PBSA36-CX150T3/16S14,"14""",150,SA-36,"3/16""",0.1875,1.85,15.65,21.91,81,90
PBSA516-70-CX150T3/16S14,"14""",150,SA-516-70,"3/16""",0.1875,2.15,15.65,21.91,88,97
PB304L-CX150T3/16S14,"14""",150,304L,"3/16""",0.1875,5.95,16.35,22.89,177,195
PB316L-CX150T3/16S14,"14""",150,316L,"3/16""",0.1875,7.4,16.54,23.16,212,234
PBAL6061-CX150T3/16S14,"14""",150,AL-6061,"3/16""",0.1875,5,5.52,7.73,79,87
PB304-CX150T1/4S14,"14""",150,304,"1/4""",0.25,5.5,21.8,30.52,209,230
PBSA36-CX150T1/4S14,"14""",150,SA-36,"1/4""",0.25,1.85,20.87,29.22,95,105
PBSA516-70-CX150T1/4S14,"14""",150,SA-516-70,"1/4""",0.25,2.15,20.87,29.22,104,115
PB304L-CX150T1/4S14,"14""",150,304L,"1/4""",0.25,5.95,21.8,30.52,222,245
PB316L-CX150T1/4S14,"14""",150,316L,"1/4""",0.25,7.4,22.05,30.87,269,296
PBAL6061-CX150T1/4S14,"14""",150,AL-6061,"1/4""",0.25,5,7.35,10.29,92,102
PB304-CX150T5/16S14,"14""",150,304,"5/16""",0.3125,5.5,27.26,38.16,251,277
PBSA36-CX150T5/16S14,"14""",150,SA-36,"5/16""",0.3125,1.85,26.09,36.53,108,119
PBSA516-70-CX150T5/16S14,"14""",150,SA-516-70,"5/16""",0.3125,2.15,26.09,36.53,119,131
PB304L-CX150T5/16S14,"14""",150,304L,"5/16""",0.3125,5.95,27.26,38.16,268,295
PB316L-CX150T5/16S14,"14""",150,316L,"5/16""",0.3125,7.4,27.57,38.6,326,359
PBAL6061-CX150T5/16S14,"14""",150,AL-6061,"5/16""",0.3125,5,9.19,12.87,105,116
PB304-CX150T3/8S14,"14""",150,304,"3/8""",0.375,5.5,32.71,45.79,293,323
PBSA36-CX150T3/8S14,"14""",150,SA-36,"3/8""",0.375,1.85,31.31,43.83,122,135
PBSA516-70-CX150T3/8S14,"14""",150,SA-516-70,"3/8""",0.375,2.15,31.31,43.83,135,149
PB304L-CX150T3/8S14,"14""",150,304L,"3/8""",0.375,5.95,32.71,45.79,313,345
PB316L-CX150T3/8S14,"14""",150,316L,"3/8""",0.375,7.4,33.08,46.31,383,422
PBAL6061-CX150T3/8S14,"14""",150,AL-6061,"3/8""",0.375,5,11.03,15.44,118,130
PB304-CX150T1/2S14,"14""",150,304,"1/2""",0.5,5.5,43.61,61.05,376,414
PBSA36-CX150T1/2S14,"14""",150,SA-36,"1/2""",0.5,1.85,41.74,58.44,149,164
PBSA516-70-CX150T1/2S14,"14""",150,SA-516-70,"1/2""",0.5,2.15,41.74,58.44,166,183
PB304L-CX150T1/2S14,"14""",150,304L,"1/2""",0.5,5.95,43.61,61.05,404,445
PB316L-CX150T1/2S14,"14""",150,316L,"1/2""",0.5,7.4,44.1,61.74,498,548
PBAL6061-CX150T1/2S14,"14""",150,AL-6061,"1/2""",0.5,5,14.71,20.59,144,159
PB304-CX150T5/8S14,"14""",150,304,"5/8""",0.625,5.5,54.51,76.31,460,507
PBSA36-CX150T5/8S14,"14""",150,SA-36,"5/8""",0.625,1.85,52.18,73.05,176,194
PBSA516-70-CX150T5/8S14,"14""",150,SA-516-70,"5/8""",0.625,2.15,52.18,73.05,198,218
PB304L-CX150T5/8S14,"14""",150,304L,"5/8""",0.625,5.95,54.51,76.31,495,545
PB316L-CX150T5/8S14,"14""",150,316L,"5/8""",0.625,7.4,55.13,77.18,612,674
PBAL6061-CX150T5/8S14,"14""",150,AL-6061,"5/8""",0.625,5,18.39,25.75,169,186
PB304-CX150T3/4S14,"14""",150,304,"3/4""",0.75,5.5,65.41,91.57,544,599
PBSA36-CX150T3/4S14,"14""",150,SA-36,"3/4""",0.75,1.85,62.62,87.67,203,224
PBSA516-70-CX150T3/4S14,"14""",150,SA-516-70,"3/4""",0.75,2.15,62.62,87.67,229,252
PB304L-CX150T3/4S14,"14""",150,304L,"3/4""",0.75,5.95,65.41,91.57,586,645
PB316L-CX150T3/4S14,"14""",150,316L,"3/4""",0.75,7.4,66.16,92.62,726,799
PBAL6061-CX150T3/4S14,"14""",150,AL-6061,"3/4""",0.75,5,22.06,30.88,195,215
PB304-CX150T7/8S14,"14""",150,304,"7/8""",0.875,5.5,76.32,106.85,628,691
PBSA36-CX150T7/8S14,"14""",150,SA-36,"7/8""",0.875,1.85,73.05,102.27,230,254
PBSA516-70-CX150T7/8S14,"14""",150,SA-516-70,"7/8""",0.875,2.15,73.05,102.27,261,288
PB304L-CX150T7/8S14,"14""",150,304L,"7/8""",0.875,5.95,76.32,106.85,676,744
PB316L-CX150T7/8S14,"14""",150,316L,"7/8""",0.875,7.4,77.18,108.05,840,925
PBAL6061-CX150T7/8S14,"14""",150,AL-6061,"7/8""",0.875,5,25.74,36.04,221,244
PB304-CX150T1S14,"14""",150,304,"1""",1,5.5,87.22,122.11,712,784
PBSA36-CX150T1S14,"14""",150,SA-36,"1""",1,1.85,83.49,116.89,257,283
PBSA516-70-CX150T1S14,"14""",150,SA-516-70,"1""",1,2.15,83.49,116.89,292,322
PB304L-CX150T1S14,"14""",150,304L,"1""",1,5.95,87.22,122.11,767,844
PB316L-CX150T1S14,"14""",150,316L,"1""",1,7.4,88.21,123.49,955,1051
PBAL6061-CX150T1S14,"14""",150,AL-6061,"1""",1,5,29.42,41.19,247,272
PB304-CX150T1-1/8S14,"14""",150,304,"1-1/8""",1.125,5.5,98.12,137.37,796,876
PBSA36-CX150T1-1/8S14,"14""",150,SA-36,"1-1/8""",1.125,1.85,93.92,131.49,284,313
PBSA516-70-CX150T1-1/8S14,"14""",150,SA-516-70,"1-1/8""",1.125,2.15,93.92,131.49,323,356
PB304L-CX150T1-1/8S14,"14""",150,304L,"1-1/8""",1.125,5.95,98.12,137.37,858,944
PB316L-CX150T1-1/8S14,"14""",150,316L,"1-1/8""",1.125,7.4,99.24,138.94,1069,1176
PBAL6061-CX150T1-1/8S14,"14""",150,AL-6061,"1-1/8""",1.125,5,33.09,46.33,272,300
PB304-CX150T1-1/4S14,"14""",150,304,"1-1/4""",1.25,5.5,109.02,152.63,880,969
PBSA36-CX150T1-1/4S14,"14""",150,SA-36,"1-1/4""",1.25,1.85,104.36,146.1,311,343
PBSA516-70-CX150T1-1/4S14,"14""",150,SA-516-70,"1-1/4""",1.25,2.15,104.36,146.1,355,391
PB304L-CX150T1-1/4S14,"14""",150,304L,"1-1/4""",1.25,5.95,109.02,152.63,949,1044
PB316L-CX150T1-1/4S14,"14""",150,316L,"1-1/4""",1.25,7.4,110.26,154.36,1183,1302
PBAL6061-CX150T1-1/4S14,"14""",150,AL-6061,"1-1/4""",1.25,5,36.77,51.48,298,328
PB304-CX150T1-3/8S14,"14""",150,304,"1-3/8""",1.375,5.5,119.93,167.9,964,1061
PBSA36-CX150T1-3/8S14,"14""",150,SA-36,"1-3/8""",1.375,1.85,114.8,160.72,338,372
PBSA516-70-CX150T1-3/8S14,"14""",150,SA-516-70,"1-3/8""",1.375,2.15,114.8,160.72,386,425
PB304L-CX150T1-3/8S14,"14""",150,304L,"1-3/8""",1.375,5.95,119.93,167.9,1040,1144
PB316L-CX150T1-3/8S14,"14""",150,316L,"1-3/8""",1.375,7.4,121.29,169.81,1297,1427
PBAL6061-CX150T1-3/8S14,"14""",150,AL-6061,"1-3/8""",1.375,5,40.45,56.63,324,357
PB304-CX150T1-1/2S14,"14""",150,304,"1-1/2""",1.5,5.5,130.83,183.16,1048,1153
PBSA36-CX150T1-1/2S14,"14""",150,SA-36,"1-1/2""",1.5,1.85,125.23,175.32,365,402
PBSA516-70-CX150T1-1/2S14,"14""",150,SA-516-70,"1-1/2""",1.5,2.15,125.23,175.32,418,460
PB304L-CX150T1-1/2S14,"14""",150,304L,"1-1/2""",1.5,5.95,130.83,183.16,1131,1245
PB316L-CX150T1-1/2S14,"14""",150,316L,"1-1/2""",1.5,7.4,132.31,185.23,1411,1553
PBAL6061-CX150T1-1/2S14,"14""",150,AL-6061,"1-1/2""",1.5,5,44.13,61.78,350,386
PB304-CX150T1-5/8S14,"14""",150,304,"1-5/8""",1.625,5.5,141.73,198.42,1132,1246
PBSA36-CX150T1-5/8S14,"14""",150,SA-36,"1-5/8""",1.625,1.85,135.67,189.94,392,432
PBSA516-70-CX150T1-5/8S14,"14""",150,SA-516-70,"1-5/8""",1.625,2.15,135.67,189.94,449,494
PB304L-CX150T1-5/8S14,"14""",150,304L,"1-5/8""",1.625,5.95,141.73,198.42,1221,1344
PB316L-CX150T1-5/8S14,"14""",150,316L,"1-5/8""",1.625,7.4,143.34,200.68,1526,1679
PBAL6061-CX150T1-5/8S14,"14""",150,AL-6061,"1-5/8""",1.625,5,47.8,66.92,375,413
PB304-CX150T1-3/4S14,"14""",150,304,"1-3/4""",1.75,5.5,152.63,213.68,1216,1338
PBSA36-CX150T1-3/4S14,"14""",150,SA-36,"1-3/4""",1.75,1.85,146.1,204.54,419,461
PBSA516-70-CX150T1-3/4S14,"14""",150,SA-516-70,"1-3/4""",1.75,2.15,146.1,204.54,480,528
PB304L-CX150T1-3/4S14,"14""",150,304L,"1-3/4""",1.75,5.95,152.63,213.68,1312,1444
PB316L-CX150T1-3/4S14,"14""",150,316L,"1-3/4""",1.75,7.4,154.37,216.12,1640,1805
PBAL6061-CX150T1-3/4S14,"14""",150,AL-6061,"1-3/4""",1.75,5,51.48,72.07,401,442
PB304-CX150T1-7/8S14,"14""",150,304,"1-7/8""",1.875,5.5,163.53,228.94,1300,1431
PBSA36-CX150T1-7/8S14,"14""",150,SA-36,"1-7/8""",1.875,1.85,156.54,219.16,446,491
PBSA516-70-CX150T1-7/8S14,"14""",150,SA-516-70,"1-7/8""",1.875,2.15,156.54,219.16,512,564
PB304L-CX150T1-7/8S14,"14""",150,304L,"1-7/8""",1.875,5.95,163.53,228.94,1403,1544
PB316L-CX150T1-7/8S14,"14""",150,316L,"1-7/8""",1.875,7.4,165.39,231.55,1754,1930
PBAL6061-CX150T1-7/8S14,"14""",150,AL-6061,"1-7/8""",1.875,5,55.16,77.22,427,470
PB304-CX150T2S14,"14""",150,304,"2""",2,5.5,174.44,244.22,1384,1523
PBSA36-CX150T2S14,"14""",150,SA-36,"2""",2,1.85,166.97,233.76,473,521
PBSA516-70-CX150T2S14,"14""",150,SA-516-70,"2""",2,2.15,166.97,233.76,543,598
PB304L-CX150T2S14,"14""",150,304L,"2""",2,5.95,174.44,244.22,1494,1644
PB316L-CX150T2S14,"14""",150,316L,"2""",2,7.4,176.42,246.99,1868,2055
PBAL6061-CX150T2S14,"14""",150,AL-6061,"2""",2,5,58.83,82.36,453,499
PB304-CX150T2-1/4S14,"14""",150,304,"2-1/4""",2.25,5.5,196.24,274.74,1552,1708
PBSA36-CX150T2-1/4S14,"14""",150,SA-36,"2-1/4""",2.25,1.85,187.85,262.99,527,580
PBSA516-70-CX150T2-1/4S14,"14""",150,SA-516-70,"2-1/4""",2.25,2.15,187.85,262.99,606,667
PB304L-CX150T2-1/4S14,"14""",150,304L,"2-1/4""",2.25,5.95,196.24,274.74,1675,1843
PB316L-CX150T2-1/4S14,"14""",150,316L,"2-1/4""",2.25,7.4,198.47,277.86,2097,2307
PBAL6061-CX150T2-1/4S14,"14""",150,AL-6061,"2-1/4""",2.25,5,66.19,92.67,504,555
PB304-CX150T2-1/2S14,"14""",150,304,"2-1/2""",2.5,5.5,218.05,305.27,1720,1893
PBSA36-CX150T2-1/2S14,"14""",150,SA-36,"2-1/2""",2.5,1.85,208.72,292.21,581,640
PBSA516-70-CX150T2-1/2S14,"14""",150,SA-516-70,"2-1/2""",2.5,2.15,208.72,292.21,669,736
PB304L-CX150T2-1/2S14,"14""",150,304L,"2-1/2""",2.5,5.95,218.05,305.27,1857,2043
PB316L-CX150T2-1/2S14,"14""",150,316L,"2-1/2""",2.5,7.4,220.52,308.73,2325,2558
PBAL6061-CX150T2-1/2S14,"14""",150,AL-6061,"2-1/2""",2.5,5,73.54,102.96,556,612
PB304-CX150T3S14,"14""",150,304,"3""",3,5.5,261.65,366.31,2055,2261
PBSA36-CX150T3S14,"14""",150,SA-36,"3""",3,1.85,250.46,350.64,689,758
PBSA516-70-CX150T3S14,"14""",150,SA-516-70,"3""",3,2.15,250.46,350.64,795,875
PB304L-CX150T3S14,"14""",150,304L,"3""",3,5.95,261.65,366.31,2220,2442
PB316L-CX150T3S14,"14""",150,316L,"3""",3,7.4,264.63,370.48,2782,3061
PBAL6061-CX150T3S14,"14""",150,AL-6061,"3""",3,5,88.25,123.55,658,724
PB304-CX150T11GAS16,"16""",150,304,11 Gauge,0.1196,5.5,13.53,18.94,149,164
PBSA36-CX150T11GAS16,"16""",150,SA-36,11 Gauge,0.1196,1.85,12.96,18.14,78,86
PBSA516-70-CX150T11GAS16,"16""",150,SA-516-70,11 Gauge,0.1196,2.15,12.96,18.14,84,93
PB304L-CX150T11GAS16,"16""",150,304L,11 Gauge,0.1196,5.95,13.53,18.94,158,174
PB316L-CX150T11GAS16,"16""",150,316L,11 Gauge,0.1196,7.4,13.69,19.17,187,206
PBAL6061-CX150T11GAS16,"16""",150,AL-6061,11 Gauge,0.1196,5,4.56,6.38,77,85
PB304-CX150T1/8S16,"16""",150,304,"1/8""",0.125,5.5,14.15,19.81,154,170
PBSA36-CX150T1/8S16,"16""",150,SA-36,"1/8""",0.125,1.85,13.54,18.96,80,88
PBSA516-70-CX150T1/8S16,"16""",150,SA-516-70,"1/8""",0.125,2.15,13.54,18.96,86,95
PB304L-CX150T1/8S16,"16""",150,304L,"1/8""",0.125,5.95,14.15,19.81,163,180
PB316L-CX150T1/8S16,"16""",150,316L,"1/8""",0.125,7.4,14.31,20.03,193,213
PBAL6061-CX150T1/8S16,"16""",150,AL-6061,"1/8""",0.125,5,4.77,6.68,78,86
PB304-CX150T3/16S16,"16""",150,304,"3/16""",0.1875,5.5,21.22,29.71,208,229
PBSA36-CX150T3/16S16,"16""",150,SA-36,"3/16""",0.1875,1.85,20.31,28.43,98,108
PBSA516-70-CX150T3/16S16,"16""",150,SA-516-70,"3/16""",0.1875,2.15,20.31,28.43,106,117
PB304L-CX150T3/16S16,"16""",150,304L,"3/16""",0.1875,5.95,21.22,29.71,222,245
PB316L-CX150T3/16S16,"16""",150,316L,"3/16""",0.1875,7.4,21.46,30.04,267,294
PBAL6061-CX150T3/16S16,"16""",150,AL-6061,"3/16""",0.1875,5,7.16,10.02,95,105
PB304-CX150T1/4S16,"16""",150,304,"1/4""",0.25,5.5,28.29,39.61,263,290
PBSA36-CX150T1/4S16,"16""",150,SA-36,"1/4""",0.25,1.85,27.08,37.91,115,127
PBSA516-70-CX150T1/4S16,"16""",150,SA-516-70,"1/4""",0.25,2.15,27.08,37.91,126,139
PB304L-CX150T1/4S16,"16""",150,304L,"1/4""",0.25,5.95,28.29,39.61,281,310
PB316L-CX150T1/4S16,"16""",150,316L,"1/4""",0.25,7.4,28.61,40.05,341,376
PBAL6061-CX150T1/4S16,"16""",150,AL-6061,"1/4""",0.25,5,9.54,13.36,112,124
PB304-CX150T5/16S16,"16""",150,304,"5/16""",0.3125,5.5,35.36,49.5,317,349
PBSA36-CX150T5/16S16,"16""",150,SA-36,"5/16""",0.3125,1.85,33.85,47.39,133,147
PBSA516-70-CX150T5/16S16,"16""",150,SA-516-70,"5/16""",0.3125,2.15,33.85,47.39,147,162
PB304L-CX150T5/16S16,"16""",150,304L,"5/16""",0.3125,5.95,35.36,49.5,339,373
PB316L-CX150T5/16S16,"16""",150,316L,"5/16""",0.3125,7.4,35.76,50.06,415,457
PBAL6061-CX150T5/16S16,"16""",150,AL-6061,"5/16""",0.3125,5,11.93,16.7,128,141
PB304-CX150T3/8S16,"16""",150,304,"3/8""",0.375,5.5,42.44,59.42,372,410
PBSA36-CX150T3/8S16,"16""",150,SA-36,"3/8""",0.375,1.85,40.62,56.87,150,165
PBSA516-70-CX150T3/8S16,"16""",150,SA-516-70,"3/8""",0.375,2.15,40.62,56.87,167,184
PB304L-CX150T3/8S16,"16""",150,304L,"3/8""",0.375,5.95,42.44,59.42,398,438
PB316L-CX150T3/8S16,"16""",150,316L,"3/8""",0.375,7.4,42.92,60.09,490,539
PBAL6061-CX150T3/8S16,"16""",150,AL-6061,"3/8""",0.375,5,14.31,20.03,145,160
PB304-CX150T1/2S16,"16""",150,304,"1/2""",0.5,5.5,56.58,79.21,481,530
PBSA36-CX150T1/2S16,"16""",150,SA-36,"1/2""",0.5,1.85,54.16,75.82,185,204
PBSA516-70-CX150T1/2S16,"16""",150,SA-516-70,"1/2""",0.5,2.15,54.16,75.82,208,229
PB304L-CX150T1/2S16,"16""",150,304L,"1/2""",0.5,5.95,56.58,79.21,516,568
PB316L-CX150T1/2S16,"16""",150,316L,"1/2""",0.5,7.4,57.22,80.11,638,702
PBAL6061-CX150T1/2S16,"16""",150,AL-6061,"1/2""",0.5,5,19.08,26.71,178,196
PB304-CX150T5/8S16,"16""",150,304,"5/8""",0.625,5.5,70.73,99.02,590,649
PBSA36-CX150T5/8S16,"16""",150,SA-36,"5/8""",0.625,1.85,67.7,94.78,220,243
PBSA516-70-CX150T5/8S16,"16""",150,SA-516-70,"5/8""",0.625,2.15,67.7,94.78,249,274
PB304L-CX150T5/8S16,"16""",150,304L,"5/8""",0.625,5.95,70.73,99.02,634,698
PB316L-CX150T5/8S16,"16""",150,316L,"5/8""",0.625,7.4,71.53,100.14,786,865
PBAL6061-CX150T5/8S16,"16""",150,AL-6061,"5/8""",0.625,5,23.85,33.39,212,234
PB304-CX150T3/4S16,"16""",150,304,"3/4""",0.75,5.5,84.87,118.82,698,768
PBSA36-CX150T3/4S16,"16""",150,SA-36,"3/4""",0.75,1.85,81.24,113.74,255,281
PBSA516-70-CX150T3/4S16,"16""",150,SA-516-70,"3/4""",0.75,2.15,81.24,113.74,289,318
PB304L-CX150T3/4S16,"16""",150,304L,"3/4""",0.75,5.95,84.87,118.82,752,828
PB316L-CX150T3/4S16,"16""",150,316L,"3/4""",0.75,7.4,85.84,120.18,934,1028
PBAL6061-CX150T3/4S16,"16""",150,AL-6061,"3/4""",0.75,5,28.63,40.08,245,270
PB304-CX150T7/8S16,"16""",150,304,"7/8""",0.875,5.5,99.02,138.63,807,888
PBSA36-CX150T7/8S16,"16""",150,SA-36,"7/8""",0.875,1.85,94.78,132.69,290,319
PBSA516-70-CX150T7/8S16,"16""",150,SA-516-70,"7/8""",0.875,2.15,94.78,132.69,330,364
PB304L-CX150T7/8S16,"16""",150,304L,"7/8""",0.875,5.95,99.02,138.63,870,958
PB316L-CX150T7/8S16,"16""",150,316L,"7/8""",0.875,7.4,100.14,140.2,1082,1191
PBAL6061-CX150T7/8S16,"16""",150,AL-6061,"7/8""",0.875,5,33.4,46.76,279,307
PB304-CX150T1S16,"16""",150,304,"1""",1,5.5,113.16,158.42,916,1008
PBSA36-CX150T1S16,"16""",150,SA-36,"1""",1,1.85,108.32,151.65,325,358
PBSA516-70-CX150T1S16,"16""",150,SA-516-70,"1""",1,2.15,108.32,151.65,371,409
PB304L-CX150T1S16,"16""",150,304L,"1""",1,5.95,113.16,158.42,988,1087
PB316L-CX150T1S16,"16""",150,316L,"1""",1,7.4,114.45,160.23,1231,1355
PBAL6061-CX150T1S16,"16""",150,AL-6061,"1""",1,5,38.17,53.44,312,344
PB304-CX150T1-1/8S16,"16""",150,304,"1-1/8""",1.125,5.5,127.31,178.23,1025,1128
PBSA36-CX150T1-1/8S16,"16""",150,SA-36,"1-1/8""",1.125,1.85,121.86,170.6,361,398
PBSA516-70-CX150T1-1/8S16,"16""",150,SA-516-70,"1-1/8""",1.125,2.15,121.86,170.6,412,454
PB304L-CX150T1-1/8S16,"16""",150,304L,"1-1/8""",1.125,5.95,127.31,178.23,1105,1216
PB316L-CX150T1-1/8S16,"16""",150,316L,"1-1/8""",1.125,7.4,128.75,180.25,1379,1517
PBAL6061-CX150T1-1/8S16,"16""",150,AL-6061,"1-1/8""",1.125,5,42.94,60.12,346,381
PB304-CX150T1-1/4S16,"16""",150,304,"1-1/4""",1.25,5.5,141.45,198.03,1134,1248
PBSA36-CX150T1-1/4S16,"16""",150,SA-36,"1-1/4""",1.25,1.85,135.4,189.56,396,436
PBSA516-70-CX150T1-1/4S16,"16""",150,SA-516-70,"1-1/4""",1.25,2.15,135.4,189.56,452,498
PB304L-CX150T1-1/4S16,"16""",150,304L,"1-1/4""",1.25,5.95,141.45,198.03,1223,1346
PB316L-CX150T1-1/4S16,"16""",150,316L,"1-1/4""",1.25,7.4,143.06,200.28,1527,1680
PBAL6061-CX150T1-1/4S16,"16""",150,AL-6061,"1-1/4""",1.25,5,47.71,66.79,379,417
PB304-CX150T1-3/8S16,"16""",150,304,"1-3/8""",1.375,5.5,155.6,217.84,1243,1368
PBSA36-CX150T1-3/8S16,"16""",150,SA-36,"1-3/8""",1.375,1.85,148.94,208.52,431,475
PBSA516-70-CX150T1-3/8S16,"16""",150,SA-516-70,"1-3/8""",1.375,2.15,148.94,208.52,493,543
PB304L-CX150T1-3/8S16,"16""",150,304L,"1-3/8""",1.375,5.95,155.6,217.84,1341,1476
PB316L-CX150T1-3/8S16,"16""",150,316L,"1-3/8""",1.375,7.4,157.36,220.3,1675,1843
PBAL6061-CX150T1-3/8S16,"16""",150,AL-6061,"1-3/8""",1.375,5,52.48,73.47,412,454
PB304-CX150T1-1/2S16,"16""",150,304,"1-1/2""",1.5,5.5,169.74,237.64,1352,1488
PBSA36-CX150T1-1/2S16,"16""",150,SA-36,"1-1/2""",1.5,1.85,162.48,227.47,466,513
PBSA516-70-CX150T1-1/2S16,"16""",150,SA-516-70,"1-1/2""",1.5,2.15,162.48,227.47,534,588
PB304L-CX150T1-1/2S16,"16""",150,304L,"1-1/2""",1.5,5.95,169.74,237.64,1459,1605
PB316L-CX150T1-1/2S16,"16""",150,316L,"1-1/2""",1.5,7.4,171.67,240.34,1823,2006
PBAL6061-CX150T1-1/2S16,"16""",150,AL-6061,"1-1/2""",1.5,5,57.25,80.15,446,491
PB304-CX150T1-5/8S16,"16""",150,304,"1-5/8""",1.625,5.5,183.89,257.45,1461,1608
PBSA36-CX150T1-5/8S16,"16""",150,SA-36,"1-5/8""",1.625,1.85,176.02,246.43,501,552
PBSA516-70-CX150T1-5/8S16,"16""",150,SA-516-70,"1-5/8""",1.625,2.15,176.02,246.43,575,633
PB304L-CX150T1-5/8S16,"16""",150,304L,"1-5/8""",1.625,5.95,183.89,257.45,1577,1735
PB316L-CX150T1-5/8S16,"16""",150,316L,"1-5/8""",1.625,7.4,185.98,260.37,1972,2170
PBAL6061-CX150T1-5/8S16,"16""",150,AL-6061,"1-5/8""",1.625,5,62.02,86.83,479,527
PB304-CX150T1-3/4S16,"16""",150,304,"1-3/4""",1.75,5.5,198.03,277.24,1570,1728
PBSA36-CX150T1-3/4S16,"16""",150,SA-36,"1-3/4""",1.75,1.85,189.56,265.38,536,590
PBSA516-70-CX150T1-3/4S16,"16""",150,SA-516-70,"1-3/4""",1.75,2.15,189.56,265.38,615,677
PB304L-CX150T1-3/4S16,"16""",150,304L,"1-3/4""",1.75,5.95,198.03,277.24,1694,1864
PB316L-CX150T1-3/4S16,"16""",150,316L,"1-3/4""",1.75,7.4,200.28,280.39,2120,2332
PBAL6061-CX150T1-3/4S16,"16""",150,AL-6061,"1-3/4""",1.75,5,66.79,93.51,512,564
PB304-CX150T1-7/8S16,"16""",150,304,"1-7/8""",1.875,5.5,212.18,297.05,1679,1847
PBSA36-CX150T1-7/8S16,"16""",150,SA-36,"1-7/8""",1.875,1.85,203.1,284.34,571,629
PBSA516-70-CX150T1-7/8S16,"16""",150,SA-516-70,"1-7/8""",1.875,2.15,203.1,284.34,656,722
PB304L-CX150T1-7/8S16,"16""",150,304L,"1-7/8""",1.875,5.95,212.18,297.05,1812,1994
PB316L-CX150T1-7/8S16,"16""",150,316L,"1-7/8""",1.875,7.4,214.59,300.43,2268,2495
PBAL6061-CX150T1-7/8S16,"16""",150,AL-6061,"1-7/8""",1.875,5,71.56,100.18,546,601
PB304-CX150T2S16,"16""",150,304,"2""",2,5.5,226.32,316.85,1788,1967
PBSA36-CX150T2S16,"16""",150,SA-36,"2""",2,1.85,216.64,303.3,606,667
PBSA516-70-CX150T2S16,"16""",150,SA-516-70,"2""",2,2.15,216.64,303.3,697,767
PB304L-CX150T2S16,"16""",150,304L,"2""",2,5.95,226.32,316.85,1930,2123
PB316L-CX150T2S16,"16""",150,316L,"2""",2,7.4,228.89,320.45,2416,2658
PBAL6061-CX150T2S16,"16""",150,AL-6061,"2""",2,5,76.33,106.86,579,637
PB304-CX150T2-1/4S16,"16""",150,304,"2-1/4""",2.25,5.5,254.61,356.45,2005,2206
PBSA36-CX150T2-1/4S16,"16""",150,SA-36,"2-1/4""",2.25,1.85,243.72,341.21,676,744
PBSA516-70-CX150T2-1/4S16,"16""",150,SA-516-70,"2-1/4""",2.25,2.15,243.72,341.21,779,857
PB304L-CX150T2-1/4S16,"16""",150,304L,"2-1/4""",2.25,5.95,254.61,356.45,2166,2383
PB316L-CX150T2-1/4S16,"16""",150,316L,"2-1/4""",2.25,7.4,257.51,360.51,2713,2985
PBAL6061-CX150T2-1/4S16,"16""",150,AL-6061,"2-1/4""",2.25,5,85.88,120.23,646,711
PB304-CX150T2-1/2S16,"16""",150,304,"2-1/2""",2.5,5.5,282.9,396.06,2223,2446
PBSA36-CX150T2-1/2S16,"16""",150,SA-36,"2-1/2""",2.5,1.85,270.8,379.12,746,821
PBSA516-70-CX150T2-1/2S16,"16""",150,SA-516-70,"2-1/2""",2.5,2.15,270.8,379.12,860,947
PB304L-CX150T2-1/2S16,"16""",150,304L,"2-1/2""",2.5,5.95,282.9,396.06,2401,2642
PB316L-CX150T2-1/2S16,"16""",150,316L,"2-1/2""",2.5,7.4,286.12,400.57,3009,3310
PBAL6061-CX150T2-1/2S16,"16""",150,AL-6061,"2-1/2""",2.5,5,95.42,133.59,713,785
PB304-CX150T3S16,"16""",150,304,"3""",3,5.5,339.48,475.27,2659,2925
PBSA36-CX150T3S16,"16""",150,SA-36,"3""",3,1.85,324.96,454.94,887,976
PBSA516-70-CX150T3S16,"16""",150,SA-516-70,"3""",3,2.15,324.96,454.94,1023,1126
PB304L-CX150T3S16,"16""",150,304L,"3""",3,5.95,339.48,475.27,2873,3161
PB316L-CX150T3S16,"16""",150,316L,"3""",3,7.4,343.34,480.68,3602,3963
PBAL6061-CX150T3S16,"16""",150,AL-6061,"3""",3,5,114.5,160.3,846,931
PB304-CX150T11GAS18,"18""",150,304,11 Gauge,0.1196,5.5,15.44,21.62,168,185
PBSA36-CX150T11GAS18,"18""",150,SA-36,11 Gauge,0.1196,1.85,14.78,20.69,87,96
PBSA516-70-CX150T11GAS18,"18""",150,SA-516-70,11 Gauge,0.1196,2.15,14.78,20.69,94,104
PB304L-CX150T11GAS18,"18""",150,304L,11 Gauge,0.1196,5.95,15.44,21.62,178,196
PB316L-CX150T11GAS18,"18""",150,316L,11 Gauge,0.1196,7.4,15.61,21.85,211,233
PBAL6061-CX150T11GAS18,"18""",150,AL-6061,11 Gauge,0.1196,5,5.21,7.29,86,95
PB304-CX150T1/8S18,"18""",150,304,"1/8""",0.125,5.5,16.13,22.58,173,191
PBSA36-CX150T1/8S18,"18""",150,SA-36,"1/8""",0.125,1.85,15.44,21.62,89,98
PBSA516-70-CX150T1/8S18,"18""",150,SA-516-70,"1/8""",0.125,2.15,15.44,21.62,96,106
PB304L-CX150T1/8S18,"18""",150,304L,"1/8""",0.125,5.95,16.13,22.58,183,202
PB316L-CX150T1/8S18,"18""",150,316L,"1/8""",0.125,7.4,16.32,22.85,218,240
PBAL6061-CX150T1/8S18,"18""",150,AL-6061,"1/8""",0.125,5,5.44,7.62,87,96
PB304-CX150T3/16S18,"18""",150,304,"3/16""",0.1875,5.5,24.2,33.88,235,259
PBSA36-CX150T3/16S18,"18""",150,SA-36,"3/16""",0.1875,1.85,23.16,32.42,109,120
PBSA516-70-CX150T3/16S18,"18""",150,SA-516-70,"3/16""",0.1875,2.15,23.16,32.42,119,131
PB304L-CX150T3/16S18,"18""",150,304L,"3/16""",0.1875,5.95,24.2,33.88,251,277
PB316L-CX150T3/16S18,"18""",150,316L,"3/16""",0.1875,7.4,24.47,34.26,303,334
PBAL6061-CX150T3/16S18,"18""",150,AL-6061,"3/16""",0.1875,5,8.16,11.42,106,117
PB304-CX150T1/4S18,"18""",150,304,"1/4""",0.25,5.5,32.27,45.18,298,328
PBSA36-CX150T1/4S18,"18""",150,SA-36,"1/4""",0.25,1.85,30.89,43.25,129,142
PBSA516-70-CX150T1/4S18,"18""",150,SA-516-70,"1/4""",0.25,2.15,30.89,43.25,142,157
PB304L-CX150T1/4S18,"18""",150,304L,"1/4""",0.25,5.95,32.27,45.18,318,350
PB316L-CX150T1/4S18,"18""",150,316L,"1/4""",0.25,7.4,32.63,45.68,387,426
PBAL6061-CX150T1/4S18,"18""",150,AL-6061,"1/4""",0.25,5,10.88,15.23,125,138
PB304-CX150T5/16S18,"18""",150,304,"5/16""",0.3125,5.5,40.33,56.46,360,397
PBSA36-CX150T5/16S18,"18""",150,SA-36,"5/16""",0.3125,1.85,38.61,54.05,149,164
PBSA516-70-CX150T5/16S18,"18""",150,SA-516-70,"5/16""",0.3125,2.15,38.61,54.05,165,182
PB304L-CX150T5/16S18,"18""",150,304L,"5/16""",0.3125,5.95,40.33,56.46,385,424
PB316L-CX150T5/16S18,"18""",150,316L,"5/16""",0.3125,7.4,40.79,57.11,472,520
PBAL6061-CX150T5/16S18,"18""",150,AL-6061,"5/16""",0.3125,5,13.6,19.04,144,159
PB304-CX150T3/8S18,"18""",150,304,"3/8""",0.375,5.5,48.4,67.76,422,465
PBSA36-CX150T3/8S18,"18""",150,SA-36,"3/8""",0.375,1.85,46.33,64.86,169,186
PBSA516-70-CX150T3/8S18,"18""",150,SA-516-70,"3/8""",0.375,2.15,46.33,64.86,189,208
PB304L-CX150T3/8S18,"18""",150,304L,"3/8""",0.375,5.95,48.4,67.76,452,498
PB316L-CX150T3/8S18,"18""",150,316L,"3/8""",0.375,7.4,48.95,68.53,556,612
PBAL6061-CX150T3/8S18,"18""",150,AL-6061,"3/8""",0.375,5,16.32,22.85,163,180
PB304-CX150T1/2S18,"18""",150,304,"1/2""",0.5,5.5,64.53,90.34,546,601
PBSA36-CX150T1/2S18,"18""",150,SA-36,"1/2""",0.5,1.85,61.77,86.48,209,230
PBSA516-70-CX150T1/2S18,"18""",150,SA-516-70,"1/2""",0.5,2.15,61.77,86.48,235,259
PB304L-CX150T1/2S18,"18""",150,304L,"1/2""",0.5,5.95,64.53,90.34,587,646
PB316L-CX150T1/2S18,"18""",150,316L,"1/2""",0.5,7.4,65.27,91.38,725,798
PBAL6061-CX150T1/2S18,"18""",150,AL-6061,"1/2""",0.5,5,21.77,30.48,202,223
PB304-CX150T5/8S18,"18""",150,304,"5/8""",0.625,5.5,80.67,112.94,670,738
PBSA36-CX150T5/8S18,"18""",150,SA-36,"5/8""",0.625,1.85,77.22,108.11,249,274
PBSA516-70-CX150T5/8S18,"18""",150,SA-516-70,"5/8""",0.625,2.15,77.22,108.11,282,311
PB304L-CX150T5/8S18,"18""",150,304L,"5/8""",0.625,5.95,80.67,112.94,721,794
PB316L-CX150T5/8S18,"18""",150,316L,"5/8""",0.625,7.4,81.58,114.21,894,984
PBAL6061-CX150T5/8S18,"18""",150,AL-6061,"5/8""",0.625,5,27.21,38.09,240,264
PB304-CX150T3/4S18,"18""",150,304,"3/4""",0.75,5.5,96.8,135.52,794,874
PBSA36-CX150T3/4S18,"18""",150,SA-36,"3/4""",0.75,1.85,92.66,129.72,289,318
PBSA516-70-CX150T3/4S18,"18""",150,SA-516-70,"3/4""",0.75,2.15,92.66,129.72,328,361
PB304L-CX150T3/4S18,"18""",150,304L,"3/4""",0.75,5.95,96.8,135.52,855,941
PB316L-CX150T3/4S18,"18""",150,316L,"3/4""",0.75,7.4,97.9,137.06,1063,1170
PBAL6061-CX150T3/4S18,"18""",150,AL-6061,"3/4""",0.75,5,32.65,45.71,278,306
PB304-CX150T7/8S18,"18""",150,304,"7/8""",0.875,5.5,112.93,158.1,919,1011
PBSA36-CX150T7/8S18,"18""",150,SA-36,"7/8""",0.875,1.85,108.1,151.34,329,362
PBSA516-70-CX150T7/8S18,"18""",150,SA-516-70,"7/8""",0.875,2.15,108.1,151.34,374,412
PB304L-CX150T7/8S18,"18""",150,304L,"7/8""",0.875,5.95,112.93,158.1,990,1089
PB316L-CX150T7/8S18,"18""",150,316L,"7/8""",0.875,7.4,114.22,159.91,1232,1356
PBAL6061-CX150T7/8S18,"18""",150,AL-6061,"7/8""",0.875,5,38.09,53.33,316,348
PB304-CX150T1S18,"18""",150,304,"1""",1,5.5,129.07,180.7,1043,1148
PBSA36-CX150T1S18,"18""",150,SA-36,"1""",1,1.85,123.54,172.96,369,406
PBSA516-70-CX150T1S18,"18""",150,SA-516-70,"1""",1,2.15,123.54,172.96,421,464
PB304L-CX150T1S18,"18""",150,304L,"1""",1,5.95,129.07,180.7,1124,1237
PB316L-CX150T1S18,"18""",150,316L,"1""",1,7.4,130.53,182.74,1401,1542
PBAL6061-CX150T1S18,"18""",150,AL-6061,"1""",1,5,43.53,60.94,354,390
PB304-CX150T1-1/8S18,"18""",150,304,"1-1/8""",1.125,5.5,145.2,203.28,1167,1284
PBSA36-CX150T1-1/8S18,"18""",150,SA-36,"1-1/8""",1.125,1.85,138.99,194.59,409,450
PBSA516-70-CX150T1-1/8S18,"18""",150,SA-516-70,"1-1/8""",1.125,2.15,138.99,194.59,467,514
PB304L-CX150T1-1/8S18,"18""",150,304L,"1-1/8""",1.125,5.95,145.2,203.28,1259,1385
PB316L-CX150T1-1/8S18,"18""",150,316L,"1-1/8""",1.125,7.4,146.85,205.59,1570,1728
PBAL6061-CX150T1-1/8S18,"18""",150,AL-6061,"1-1/8""",1.125,5,48.97,68.56,392,432
PB304-CX150T1-1/4S18,"18""",150,304,"1-1/4""",1.25,5.5,161.33,225.86,1291,1421
PBSA36-CX150T1-1/4S18,"18""",150,SA-36,"1-1/4""",1.25,1.85,154.43,216.2,449,494
PBSA516-70-CX150T1-1/4S18,"18""",150,SA-516-70,"1-1/4""",1.25,2.15,154.43,216.2,514,566
PB304L-CX150T1-1/4S18,"18""",150,304L,"1-1/4""",1.25,5.95,161.33,225.86,1393,1533
PB316L-CX150T1-1/4S18,"18""",150,316L,"1-1/4""",1.25,7.4,163.17,228.44,1740,1915
PBAL6061-CX150T1-1/4S18,"18""",150,AL-6061,"1-1/4""",1.25,5,54.41,76.17,430,474
PB304-CX150T1-3/8S18,"18""",150,304,"1-3/8""",1.375,5.5,177.46,248.44,1416,1558
PBSA36-CX150T1-3/8S18,"18""",150,SA-36,"1-3/8""",1.375,1.85,169.87,237.82,489,538
PBSA516-70-CX150T1-3/8S18,"18""",150,SA-516-70,"1-3/8""",1.375,2.15,169.87,237.82,560,616
PB304L-CX150T1-3/8S18,"18""",150,304L,"1-3/8""",1.375,5.95,177.46,248.44,1527,1680
PB316L-CX150T1-3/8S18,"18""",150,316L,"1-3/8""",1.375,7.4,179.48,251.27,1909,2100
PBAL6061-CX150T1-3/8S18,"18""",150,AL-6061,"1-3/8""",1.375,5,59.86,83.8,468,515
PB304-CX150T1-1/2S18,"18""",150,304,"1-1/2""",1.5,5.5,193.6,271.04,1540,1695
PBSA36-CX150T1-1/2S18,"18""",150,SA-36,"1-1/2""",1.5,1.85,185.32,259.45,529,582
PBSA516-70-CX150T1-1/2S18,"18""",150,SA-516-70,"1-1/2""",1.5,2.15,185.32,259.45,607,668
PB304L-CX150T1-1/2S18,"18""",150,304L,"1-1/2""",1.5,5.95,193.6,271.04,1662,1829
PB316L-CX150T1-1/2S18,"18""",150,316L,"1-1/2""",1.5,7.4,195.8,274.12,2078,2286
PBAL6061-CX150T1-1/2S18,"18""",150,AL-6061,"1-1/2""",1.5,5,65.3,91.42,506,557
PB304-CX150T1-5/8S18,"18""",150,304,"1-5/8""",1.625,5.5,209.73,293.62,1664,1831
PBSA36-CX150T1-5/8S18,"18""",150,SA-36,"1-5/8""",1.625,1.85,200.76,281.06,569,626
PBSA516-70-CX150T1-5/8S18,"18""",150,SA-516-70,"1-5/8""",1.625,2.15,200.76,281.06,653,719
PB304L-CX150T1-5/8S18,"18""",150,304L,"1-5/8""",1.625,5.95,209.73,293.62,1796,1976
PB316L-CX150T1-5/8S18,"18""",150,316L,"1-5/8""",1.625,7.4,212.12,296.97,2247,2472
PBAL6061-CX150T1-5/8S18,"18""",150,AL-6061,"1-5/8""",1.625,5,70.74,99.04,544,599
PB304-CX150T1-3/4S18,"18""",150,304,"1-3/4""",1.75,5.5,225.86,316.2,1788,1967
PBSA36-CX150T1-3/4S18,"18""",150,SA-36,"1-3/4""",1.75,1.85,216.2,302.68,609,670
PBSA516-70-CX150T1-3/4S18,"18""",150,SA-516-70,"1-3/4""",1.75,2.15,216.2,302.68,700,771
PB304L-CX150T1-3/4S18,"18""",150,304L,"1-3/4""",1.75,5.95,225.86,316.2,1930,2123
PB316L-CX150T1-3/4S18,"18""",150,316L,"1-3/4""",1.75,7.4,228.43,319.8,2416,2658
PBAL6061-CX150T1-3/4S18,"18""",150,AL-6061,"1-3/4""",1.75,5,76.18,106.65,582,641
PB304-CX150T1-7/8S18,"18""",150,304,"1-7/8""",1.875,5.5,242,338.8,1913,2105
PBSA36-CX150T1-7/8S18,"18""",150,SA-36,"1-7/8""",1.875,1.85,231.65,324.31,649,714
PBSA516-70-CX150T1-7/8S18,"18""",150,SA-516-70,"1-7/8""",1.875,2.15,231.65,324.31,746,821
PB304L-CX150T1-7/8S18,"18""",150,304L,"1-7/8""",1.875,5.95,242,338.8,2065,2272
PB316L-CX150T1-7/8S18,"18""",150,316L,"1-7/8""",1.875,7.4,244.75,342.65,2585,2844
PBAL6061-CX150T1-7/8S18,"18""",150,AL-6061,"1-7/8""",1.875,5,81.62,114.27,620,682
PB304-CX150T2S18,"18""",150,304,"2""",2,5.5,258.13,361.38,2037,2241
PBSA36-CX150T2S18,"18""",150,SA-36,"2""",2,1.85,247.09,345.93,689,758
PBSA516-70-CX150T2S18,"18""",150,SA-516-70,"2""",2,2.15,247.09,345.93,793,873
PB304L-CX150T2S18,"18""",150,304L,"2""",2,5.95,258.13,361.38,2199,2419
PB316L-CX150T2S18,"18""",150,316L,"2""",2,7.4,261.07,365.5,2754,3030
PBAL6061-CX150T2S18,"18""",150,AL-6061,"2""",2,5,87.06,121.88,659,725
PB304-CX150T2-1/4S18,"18""",150,304,"2-1/4""",2.25,5.5,290.4,406.56,2285,2514
PBSA36-CX150T2-1/4S18,"18""",150,SA-36,"2-1/4""",2.25,1.85,277.98,389.17,769,846
PBSA516-70-CX150T2-1/4S18,"18""",150,SA-516-70,"2-1/4""",2.25,2.15,277.98,389.17,886,975
PB304L-CX150T2-1/4S18,"18""",150,304L,"2-1/4""",2.25,5.95,290.4,406.56,2468,2715
PB316L-CX150T2-1/4S18,"18""",150,316L,"2-1/4""",2.25,7.4,293.7,411.18,3092,3402
PBAL6061-CX150T2-1/4S18,"18""",150,AL-6061,"2-1/4""",2.25,5,97.94,137.12,735,809
PB304-CX150T2-1/2S18,"18""",150,304,"2-1/2""",2.5,5.5,322.66,451.72,2534,2788
PBSA36-CX150T2-1/2S18,"18""",150,SA-36,"2-1/2""",2.5,1.85,308.86,432.4,849,934
PBSA516-70-CX150T2-1/2S18,"18""",150,SA-516-70,"2-1/2""",2.5,2.15,308.86,432.4,979,1077
PB304L-CX150T2-1/2S18,"18""",150,304L,"2-1/2""",2.5,5.95,322.66,451.72,2737,3011
PB316L-CX150T2-1/2S18,"18""",150,316L,"2-1/2""",2.5,7.4,326.33,456.86,3430,3774
PBAL6061-CX150T2-1/2S18,"18""",150,AL-6061,"2-1/2""",2.5,5,108.83,152.36,811,893
PB304-CX150T3S18,"18""",150,304,"3""",3,5.5,387.2,542.08,3031,3335
PBSA36-CX150T3S18,"18""",150,SA-36,"3""",3,1.85,370.63,518.88,1009,1110
PBSA516-70-CX150T3S18,"18""",150,SA-516-70,"3""",3,2.15,370.63,518.88,1165,1282
PB304L-CX150T3S18,"18""",150,304L,"3""",3,5.95,387.2,542.08,3274,3602
PB316L-CX150T3S18,"18""",150,316L,"3""",3,7.4,391.6,548.24,4106,4517
PBAL6061-CX150T3S18,"18""",150,AL-6061,"3""",3,5,130.59,182.83,963,1060
PB304-CX150T11GAS20,"20""",150,304,11 Gauge,0.1196,5.5,18.78,26.29,197,217
PBSA36-CX150T11GAS20,"20""",150,SA-36,11 Gauge,0.1196,1.85,17.97,25.16,99,109
PBSA516-70-CX150T11GAS20,"20""",150,SA-516-70,11 Gauge,0.1196,2.15,17.97,25.16,107,118
PB304L-CX150T11GAS20,"20""",150,304L,11 Gauge,0.1196,5.95,18.78,26.29,209,230
PB316L-CX150T11GAS20,"20""",150,316L,11 Gauge,0.1196,7.4,18.99,26.59,249,274
PBAL6061-CX150T11GAS20,"20""",150,AL-6061,11 Gauge,0.1196,5,6.33,8.86,97,107
PB304-CX150T1/8S20,"20""",150,304,"1/8""",0.125,5.5,19.62,27.47,204,225
PBSA36-CX150T1/8S20,"20""",150,SA-36,"1/8""",0.125,1.85,18.78,26.29,101,112
PBSA516-70-CX150T1/8S20,"20""",150,SA-516-70,"1/8""",0.125,2.15,18.78,26.29,109,120
PB304L-CX150T1/8S20,"20""",150,304L,"1/8""",0.125,5.95,19.62,27.47,216,238
PB316L-CX150T1/8S20,"20""",150,316L,"1/8""",0.125,7.4,19.85,27.79,258,284
PBAL6061-CX150T1/8S20,"20""",150,AL-6061,"1/8""",0.125,5,6.62,9.27,99,109
PB304-CX150T3/16S20,"20""",150,304,"3/16""",0.1875,5.5,29.43,41.2,279,307
PBSA36-CX150T3/16S20,"20""",150,SA-36,"3/16""",0.1875,1.85,28.18,39.45,125,138
PBSA516-70-CX150T3/16S20,"20""",150,SA-516-70,"3/16""",0.1875,2.15,28.18,39.45,137,151
PB304L-CX150T3/16S20,"20""",150,304L,"3/16""",0.1875,5.95,29.43,41.2,298,328
PB316L-CX150T3/16S20,"20""",150,316L,"3/16""",0.1875,7.4,29.77,41.68,361,398
PBAL6061-CX150T3/16S20,"20""",150,AL-6061,"3/16""",0.1875,5,9.93,13.9,122,135
PB304-CX150T1/4S20,"20""",150,304,"1/4""",0.25,5.5,39.25,54.95,355,391
PBSA36-CX150T1/4S20,"20""",150,SA-36,"1/4""",0.25,1.85,37.57,52.6,150,165
PBSA516-70-CX150T1/4S20,"20""",150,SA-516-70,"1/4""",0.25,2.15,37.57,52.6,166,183
PB304L-CX150T1/4S20,"20""",150,304L,"1/4""",0.25,5.95,39.25,54.95,379,417
PB316L-CX150T1/4S20,"20""",150,316L,"1/4""",0.25,7.4,39.69,55.57,464,511
PBAL6061-CX150T1/4S20,"20""",150,AL-6061,"1/4""",0.25,5,13.24,18.54,145,160
PB304-CX150T5/16S20,"20""",150,304,"5/16""",0.3125,5.5,49.06,68.68,430,474
PBSA36-CX150T5/16S20,"20""",150,SA-36,"5/16""",0.3125,1.85,46.96,65.74,174,192
PBSA516-70-CX150T5/16S20,"20""",150,SA-516-70,"5/16""",0.3125,2.15,46.96,65.74,194,214
PB304L-CX150T5/16S20,"20""",150,304L,"5/16""",0.3125,5.95,49.06,68.68,461,508
PB316L-CX150T5/16S20,"20""",150,316L,"5/16""",0.3125,7.4,49.62,69.47,567,624
PBAL6061-CX150T5/16S20,"20""",150,AL-6061,"5/16""",0.3125,5,16.55,23.17,168,185
PB304-CX150T3/8S20,"20""",150,304,"3/8""",0.375,5.5,58.87,82.42,506,557
PBSA36-CX150T3/8S20,"20""",150,SA-36,"3/8""",0.375,1.85,56.35,78.89,198,218
PBSA516-70-CX150T3/8S20,"20""",150,SA-516-70,"3/8""",0.375,2.15,56.35,78.89,222,245
PB304L-CX150T3/8S20,"20""",150,304L,"3/8""",0.375,5.95,58.87,82.42,543,598
PB316L-CX150T3/8S20,"20""",150,316L,"3/8""",0.375,7.4,59.54,83.36,669,736
PBAL6061-CX150T3/8S20,"20""",150,AL-6061,"3/8""",0.375,5,19.86,27.8,191,211
PB304-CX150T1/2S20,"20""",150,304,"1/2""",0.5,5.5,78.49,109.89,657,723
PBSA36-CX150T1/2S20,"20""",150,SA-36,"1/2""",0.5,1.85,75.14,105.2,247,272
PBSA516-70-CX150T1/2S20,"20""",150,SA-516-70,"1/2""",0.5,2.15,75.14,105.2,279,307
PB304L-CX150T1/2S20,"20""",150,304L,"1/2""",0.5,5.95,78.49,109.89,706,777
PB316L-CX150T1/2S20,"20""",150,316L,"1/2""",0.5,7.4,79.39,111.15,875,963
PBAL6061-CX150T1/2S20,"20""",150,AL-6061,"1/2""",0.5,5,26.47,37.06,238,262
PB304-CX150T5/8S20,"20""",150,304,"5/8""",0.625,5.5,98.12,137.37,808,889
PBSA36-CX150T5/8S20,"20""",150,SA-36,"5/8""",0.625,1.85,93.92,131.49,296,326
PBSA516-70-CX150T5/8S20,"20""",150,SA-516-70,"5/8""",0.625,2.15,93.92,131.49,335,369
PB304L-CX150T5/8S20,"20""",150,304L,"5/8""",0.625,5.95,98.12,137.37,870,958
PB316L-CX150T5/8S20,"20""",150,316L,"5/8""",0.625,7.4,99.23,138.92,1080,1188
PBAL6061-CX150T5/8S20,"20""",150,AL-6061,"5/8""",0.625,5,33.09,46.33,284,313
PB304-CX150T3/4S20,"20""",150,304,"3/4""",0.75,5.5,117.74,164.84,959,1055
PBSA36-CX150T3/4S20,"20""",150,SA-36,"3/4""",0.75,1.85,112.7,157.78,344,379
PBSA516-70-CX150T3/4S20,"20""",150,SA-516-70,"3/4""",0.75,2.15,112.7,157.78,392,432
PB304L-CX150T3/4S20,"20""",150,304L,"3/4""",0.75,5.95,117.74,164.84,1033,1137
PB316L-CX150T3/4S20,"20""",150,316L,"3/4""",0.75,7.4,119.08,166.71,1286,1415
PBAL6061-CX150T3/4S20,"20""",150,AL-6061,"3/4""",0.75,5,39.71,55.59,330,364
PB304-CX150T7/8S20,"20""",150,304,"7/8""",0.875,5.5,137.36,192.3,1110,1221
PBSA36-CX150T7/8S20,"20""",150,SA-36,"7/8""",0.875,1.85,131.49,184.09,393,433
PBSA516-70-CX150T7/8S20,"20""",150,SA-516-70,"7/8""",0.875,2.15,131.49,184.09,448,493
PB304L-CX150T7/8S20,"20""",150,304L,"7/8""",0.875,5.95,137.36,192.3,1197,1317
PB316L-CX150T7/8S20,"20""",150,316L,"7/8""",0.875,7.4,138.92,194.49,1492,1642
PBAL6061-CX150T7/8S20,"20""",150,AL-6061,"7/8""",0.875,5,46.33,64.86,377,415
PB304-CX150T1S20,"20""",150,304,"1""",1,5.5,156.99,219.79,1261,1388
PBSA36-CX150T1S20,"20""",150,SA-36,"1""",1,1.85,150.27,210.38,442,487
PBSA516-70-CX150T1S20,"20""",150,SA-516-70,"1""",1,2.15,150.27,210.38,505,556
PB304L-CX150T1S20,"20""",150,304L,"1""",1,5.95,156.99,219.79,1360,1497
PB316L-CX150T1S20,"20""",150,316L,"1""",1,7.4,158.77,222.28,1697,1867
PBAL6061-CX150T1S20,"20""",150,AL-6061,"1""",1,5,52.95,74.13,423,466
PB304-CX150T1-1/8S20,"20""",150,304,"1-1/8""",1.125,5.5,176.61,247.25,1412,1554
PBSA36-CX150T1-1/8S20,"20""",150,SA-36,"1-1/8""",1.125,1.85,169.06,236.68,490,539
PBSA516-70-CX150T1-1/8S20,"20""",150,SA-516-70,"1-1/8""",1.125,2.15,169.06,236.68,561,618
PB304L-CX150T1-1/8S20,"20""",150,304L,"1-1/8""",1.125,5.95,176.61,247.25,1524,1677
PB316L-CX150T1-1/8S20,"20""",150,316L,"1-1/8""",1.125,7.4,178.62,250.07,1903,2094
PBAL6061-CX150T1-1/8S20,"20""",150,AL-6061,"1-1/8""",1.125,5,59.57,83.4,469,516
PB304-CX150T1-1/4S20,"20""",150,304,"1-1/4""",1.25,5.5,196.23,274.72,1563,1720
PBSA36-CX150T1-1/4S20,"20""",150,SA-36,"1-1/4""",1.25,1.85,187.84,262.98,539,593
PBSA516-70-CX150T1-1/4S20,"20""",150,SA-516-70,"1-1/4""",1.25,2.15,187.84,262.98,618,680
PB304L-CX150T1-1/4S20,"20""",150,304L,"1-1/4""",1.25,5.95,196.23,274.72,1687,1856
PB316L-CX150T1-1/4S20,"20""",150,316L,"1-1/4""",1.25,7.4,198.46,277.84,2108,2319
PBAL6061-CX150T1-1/4S20,"20""",150,AL-6061,"1-1/4""",1.25,5,66.19,92.67,516,568
PB304-CX150T1-3/8S20,"20""",150,304,"1-3/8""",1.375,5.5,215.86,302.2,1715,1887
PBSA36-CX150T1-3/8S20,"20""",150,SA-36,"1-3/8""",1.375,1.85,206.62,289.27,588,647
PBSA516-70-CX150T1-3/8S20,"20""",150,SA-516-70,"1-3/8""",1.375,2.15,206.62,289.27,674,742
PB304L-CX150T1-3/8S20,"20""",150,304L,"1-3/8""",1.375,5.95,215.86,302.2,1851,2037
PB316L-CX150T1-3/8S20,"20""",150,316L,"1-3/8""",1.375,7.4,218.31,305.63,2314,2546
PBAL6061-CX150T1-3/8S20,"20""",150,AL-6061,"1-3/8""",1.375,5,72.8,101.92,562,619
PB304-CX150T1-1/2S20,"20""",150,304,"1-1/2""",1.5,5.5,235.48,329.67,1866,2053
PBSA36-CX150T1-1/2S20,"20""",150,SA-36,"1-1/2""",1.5,1.85,225.41,315.57,636,700
PBSA516-70-CX150T1-1/2S20,"20""",150,SA-516-70,"1-1/2""",1.5,2.15,225.41,315.57,731,805
PB304L-CX150T1-1/2S20,"20""",150,304L,"1-1/2""",1.5,5.95,235.48,329.67,2014,2216
PB316L-CX150T1-1/2S20,"20""",150,316L,"1-1/2""",1.5,7.4,238.16,333.42,2520,2772
PBAL6061-CX150T1-1/2S20,"20""",150,AL-6061,"1-1/2""",1.5,5,79.42,111.19,608,669
PB304-CX150T1-5/8S20,"20""",150,304,"1-5/8""",1.625,5.5,255.1,357.14,2017,2219
PBSA36-CX150T1-5/8S20,"20""",150,SA-36,"1-5/8""",1.625,1.85,244.19,341.87,685,754
PBSA516-70-CX150T1-5/8S20,"20""",150,SA-516-70,"1-5/8""",1.625,2.15,244.19,341.87,787,866
PB304L-CX150T1-5/8S20,"20""",150,304L,"1-5/8""",1.625,5.95,255.1,357.14,2177,2395
PB316L-CX150T1-5/8S20,"20""",150,316L,"1-5/8""",1.625,7.4,258,361.2,2725,2998
PBAL6061-CX150T1-5/8S20,"20""",150,AL-6061,"1-5/8""",1.625,5,86.04,120.46,655,721
PB304-CX150T1-3/4S20,"20""",150,304,"1-3/4""",1.75,5.5,274.73,384.62,2168,2385
PBSA36-CX150T1-3/4S20,"20""",150,SA-36,"1-3/4""",1.75,1.85,262.97,368.16,734,808
PBSA516-70-CX150T1-3/4S20,"20""",150,SA-516-70,"1-3/4""",1.75,2.15,262.97,368.16,844,929
PB304L-CX150T1-3/4S20,"20""",150,304L,"1-3/4""",1.75,5.95,274.73,384.62,2341,2576
PB316L-CX150T1-3/4S20,"20""",150,316L,"1-3/4""",1.75,7.4,277.85,388.99,2931,3225
PBAL6061-CX150T1-3/4S20,"20""",150,AL-6061,"1-3/4""",1.75,5,92.66,129.72,701,772
PB304-CX150T1-7/8S20,"20""",150,304,"1-7/8""",1.875,5.5,294.35,412.09,2319,2551
PBSA36-CX150T1-7/8S20,"20""",150,SA-36,"1-7/8""",1.875,1.85,281.76,394.46,782,861
PBSA516-70-CX150T1-7/8S20,"20""",150,SA-516-70,"1-7/8""",1.875,2.15,281.76,394.46,901,992
PB304L-CX150T1-7/8S20,"20""",150,304L,"1-7/8""",1.875,5.95,294.35,412.09,2504,2755
PB316L-CX150T1-7/8S20,"20""",150,316L,"1-7/8""",1.875,7.4,297.7,416.78,3137,3451
PBAL6061-CX150T1-7/8S20,"20""",150,AL-6061,"1-7/8""",1.875,5,99.28,138.99,747,822
PB304-CX150T2S20,"20""",150,304,"2""",2,5.5,313.97,439.56,2470,2717
PBSA36-CX150T2S20,"20""",150,SA-36,"2""",2,1.85,300.54,420.76,831,915
PBSA516-70-CX150T2S20,"20""",150,SA-516-70,"2""",2,2.15,300.54,420.76,957,1053
PB304L-CX150T2S20,"20""",150,304L,"2""",2,5.95,313.97,439.56,2668,2935
PB316L-CX150T2S20,"20""",150,316L,"2""",2,7.4,317.54,444.56,3342,3677
PBAL6061-CX150T2S20,"20""",150,AL-6061,"2""",2,5,105.9,148.26,794,874
PB304-CX150T2-1/4S20,"20""",150,304,"2-1/4""",2.25,5.5,353.22,494.51,2772,3050
PBSA36-CX150T2-1/4S20,"20""",150,SA-36,"2-1/4""",2.25,1.85,338.11,473.35,928,1021
PBSA516-70-CX150T2-1/4S20,"20""",150,SA-516-70,"2-1/4""",2.25,2.15,338.11,473.35,1070,1177
PB304L-CX150T2-1/4S20,"20""",150,304L,"2-1/4""",2.25,5.95,353.22,494.51,2995,3295
PB316L-CX150T2-1/4S20,"20""",150,316L,"2-1/4""",2.25,7.4,357.23,500.12,3753,4129
PBAL6061-CX150T2-1/4S20,"20""",150,AL-6061,"2-1/4""",2.25,5,119.13,166.78,886,975
PB304-CX150T2-1/2S20,"20""",150,304,"2-1/2""",2.5,5.5,392.47,549.46,3074,3382
PBSA36-CX150T2-1/2S20,"20""",150,SA-36,"2-1/2""",2.5,1.85,375.68,525.95,1025,1128
PBSA516-70-CX150T2-1/2S20,"20""",150,SA-516-70,"2-1/2""",2.5,2.15,375.68,525.95,1183,1302
PB304L-CX150T2-1/2S20,"20""",150,304L,"2-1/2""",2.5,5.95,392.47,549.46,3322,3655
PB316L-CX150T2-1/2S20,"20""",150,316L,"2-1/2""",2.5,7.4,396.93,555.7,4165,4582
PBAL6061-CX150T2-1/2S20,"20""",150,AL-6061,"2-1/2""",2.5,5,132.37,185.32,979,1077
PB304-CX150T3S20,"20""",150,304,"3""",3,5.5,470.96,659.34,3679,4047
PBSA36-CX150T3S20,"20""",150,SA-36,"3""",3,1.85,450.81,631.13,1220,1342
PBSA516-70-CX150T3S20,"20""",150,SA-516-70,"3""",3,2.15,450.81,631.13,1409,1550
PB304L-CX150T3S20,"20""",150,304L,"3""",3,5.95,470.96,659.34,3976,4374
PB316L-CX150T3S20,"20""",150,316L,"3""",3,7.4,476.31,666.83,4987,5486
PBAL6061-CX150T3S20,"20""",150,AL-6061,"3""",3,5,158.84,222.38,1164,1281
PB304-CX150T11GAS24,"24""",150,304,11 Gauge,0.1196,5.5,26.23,36.72,259,285
PBSA36-CX150T11GAS24,"24""",150,SA-36,11 Gauge,0.1196,1.85,25.11,35.15,122,135
PBSA516-70-CX150T11GAS24,"24""",150,SA-516-70,11 Gauge,0.1196,2.15,25.11,35.15,132,146
PB304L-CX150T11GAS24,"24""",150,304L,11 Gauge,0.1196,5.95,26.23,36.72,275,303
PB316L-CX150T11GAS24,"24""",150,316L,11 Gauge,0.1196,7.4,26.53,37.14,331,365
PBAL6061-CX150T11GAS24,"24""",150,AL-6061,11 Gauge,0.1196,5,8.85,12.39,119,131
PB304-CX150T1/8S24,"24""",150,304,"1/8""",0.125,5.5,27.42,38.39,268,295
PBSA36-CX150T1/8S24,"24""",150,SA-36,"1/8""",0.125,1.85,26.25,36.75,125,138
PBSA516-70-CX150T1/8S24,"24""",150,SA-516-70,"1/8""",0.125,2.15,26.25,36.75,136,150
PB304L-CX150T1/8S24,"24""",150,304L,"1/8""",0.125,5.95,27.42,38.39,285,314
PB316L-CX150T1/8S24,"24""",150,316L,"1/8""",0.125,7.4,27.73,38.82,344,379
PBAL6061-CX150T1/8S24,"24""",150,AL-6061,"1/8""",0.125,5,9.25,12.95,121,134
PB304-CX150T3/16S24,"24""",150,304,"3/16""",0.1875,5.5,41.13,57.58,373,411
PBSA36-CX150T3/16S24,"24""",150,SA-36,"3/16""",0.1875,1.85,39.37,55.12,159,175
PBSA516-70-CX150T3/16S24,"24""",150,SA-516-70,"3/16""",0.1875,2.15,39.37,55.12,175,193
PB304L-CX150T3/16S24,"24""",150,304L,"3/16""",0.1875,5.95,41.13,57.58,399,439
PB316L-CX150T3/16S24,"24""",150,316L,"3/16""",0.1875,7.4,41.6,58.24,488,537
PBAL6061-CX150T3/16S24,"24""",150,AL-6061,"3/16""",0.1875,5,13.87,19.42,154,170
PB304-CX150T1/4S24,"24""",150,304,"1/4""",0.25,5.5,54.84,76.78,479,527
PBSA36-CX150T1/4S24,"24""",150,SA-36,"1/4""",0.25,1.85,52.49,73.49,193,213
PBSA516-70-CX150T1/4S24,"24""",150,SA-516-70,"1/4""",0.25,2.15,52.49,73.49,215,237
PB304L-CX150T1/4S24,"24""",150,304L,"1/4""",0.25,5.95,54.84,76.78,513,565
PB316L-CX150T1/4S24,"24""",150,316L,"1/4""",0.25,7.4,55.46,77.64,631,695
PBAL6061-CX150T1/4S24,"24""",150,AL-6061,"1/4""",0.25,5,18.5,25.9,186,205
PB304-CX150T5/16S24,"24""",150,304,"5/16""",0.3125,5.5,68.55,95.97,584,643
PBSA36-CX150T5/16S24,"24""",150,SA-36,"5/16""",0.3125,1.85,65.62,91.87,227,250
PBSA516-70-CX150T5/16S24,"24""",150,SA-516-70,"5/16""",0.3125,2.15,65.62,91.87,254,280
PB304L-CX150T5/16S24,"24""",150,304L,"5/16""",0.3125,5.95,68.55,95.97,628,691
PB316L-CX150T5/16S24,"24""",150,316L,"5/16""",0.3125,7.4,69.33,97.06,775,853
PBAL6061-CX150T5/16S24,"24""",150,AL-6061,"5/16""",0.3125,5,23.12,32.37,218,240
PB304-CX150T3/8S24,"24""",150,304,"3/8""",0.375,5.5,82.26,115.16,690,760
PBSA36-CX150T3/8S24,"24""",150,SA-36,"3/8""",0.375,1.85,78.74,110.24,261,288
PBSA516-70-CX150T3/8S24,"24""",150,SA-516-70,"3/8""",0.375,2.15,78.74,110.24,294,324
PB304L-CX150T3/8S24,"24""",150,304L,"3/8""",0.375,5.95,82.26,115.16,742,817
PB316L-CX150T3/8S24,"24""",150,316L,"3/8""",0.375,7.4,83.19,116.47,919,1011
PBAL6061-CX150T3/8S24,"24""",150,AL-6061,"3/8""",0.375,5,27.74,38.84,251,277
PB304-CX150T1/2S24,"24""",150,304,"1/2""",0.5,5.5,109.68,153.55,901,992
PBSA36-CX150T1/2S24,"24""",150,SA-36,"1/2""",0.5,1.85,104.99,146.99,329,362
PBSA516-70-CX150T1/2S24,"24""",150,SA-516-70,"1/2""",0.5,2.15,104.99,146.99,373,411
PB304L-CX150T1/2S24,"24""",150,304L,"1/2""",0.5,5.95,109.68,153.55,970,1067
PB316L-CX150T1/2S24,"24""",150,316L,"1/2""",0.5,7.4,110.92,155.29,1206,1327
PBAL6061-CX150T1/2S24,"24""",150,AL-6061,"1/2""",0.5,5,36.99,51.79,316,348
PB304-CX150T5/8S24,"24""",150,304,"5/8""",0.625,5.5,137.1,191.94,1112,1224
PBSA36-CX150T5/8S24,"24""",150,SA-36,"5/8""",0.625,1.85,131.23,183.72,397,437
PBSA516-70-CX150T5/8S24,"24""",150,SA-516-70,"5/8""",0.625,2.15,131.23,183.72,452,498
PB304L-CX150T5/8S24,"24""",150,304L,"5/8""",0.625,5.95,137.1,191.94,1199,1319
PB316L-CX150T5/8S24,"24""",150,316L,"5/8""",0.625,7.4,138.66,194.12,1493,1643
PBAL6061-CX150T5/8S24,"24""",150,AL-6061,"5/8""",0.625,5,46.24,64.74,380,419
PB304-CX150T3/4S24,"24""",150,304,"3/4""",0.75,5.5,164.52,230.33,1323,1456
PBSA36-CX150T3/4S24,"24""",150,SA-36,"3/4""",0.75,1.85,157.48,220.47,465,512
PBSA516-70-CX150T3/4S24,"24""",150,SA-516-70,"3/4""",0.75,2.15,157.48,220.47,531,585
PB304L-CX150T3/4S24,"24""",150,304L,"3/4""",0.75,5.95,164.52,230.33,1427,1570
PB316L-CX150T3/4S24,"24""",150,316L,"3/4""",0.75,7.4,166.39,232.95,1780,1959
PBAL6061-CX150T3/4S24,"24""",150,AL-6061,"3/4""",0.75,5,55.49,77.69,445,490
PB304-CX150T7/8S24,"24""",150,304,"7/8""",0.875,5.5,191.94,268.72,1535,1689
PBSA36-CX150T7/8S24,"24""",150,SA-36,"7/8""",0.875,1.85,183.73,257.22,533,587
PBSA516-70-CX150T7/8S24,"24""",150,SA-516-70,"7/8""",0.875,2.15,183.73,257.22,610,671
PB304L-CX150T7/8S24,"24""",150,304L,"7/8""",0.875,5.95,191.94,268.72,1656,1822
PB316L-CX150T7/8S24,"24""",150,316L,"7/8""",0.875,7.4,194.12,271.77,2068,2275
PBAL6061-CX150T7/8S24,"24""",150,AL-6061,"7/8""",0.875,5,64.74,90.64,510,561
PB304-CX150T1S24,"24""",150,304,"1""",1,5.5,219.36,307.1,1746,1921
PBSA36-CX150T1S24,"24""",150,SA-36,"1""",1,1.85,209.97,293.96,600,660
PBSA516-70-CX150T1S24,"24""",150,SA-516-70,"1""",1,2.15,209.97,293.96,689,758
PB304L-CX150T1S24,"24""",150,304L,"1""",1,5.95,219.36,307.1,1884,2073
PB316L-CX150T1S24,"24""",150,316L,"1""",1,7.4,221.85,310.59,2355,2591
PBAL6061-CX150T1S24,"24""",150,AL-6061,"1""",1,5,73.98,103.57,574,632
PB304-CX150T1-1/8S24,"24""",150,304,"1-1/8""",1.125,5.5,246.78,345.49,1957,2153
PBSA36-CX150T1-1/8S24,"24""",150,SA-36,"1-1/8""",1.125,1.85,236.22,330.71,668,735
PBSA516-70-CX150T1-1/8S24,"24""",150,SA-516-70,"1-1/8""",1.125,2.15,236.22,330.71,768,845
PB304L-CX150T1-1/8S24,"24""",150,304L,"1-1/8""",1.125,5.95,246.78,345.49,2112,2324
PB316L-CX150T1-1/8S24,"24""",150,316L,"1-1/8""",1.125,7.4,249.58,349.41,2642,2907
PBAL6061-CX150T1-1/8S24,"24""",150,AL-6061,"1-1/8""",1.125,5,83.23,116.52,639,703
PB304-CX150T1-1/4S24,"24""",150,304,"1-1/4""",1.25,5.5,274.19,383.87,2168,2385
PBSA36-CX150T1-1/4S24,"24""",150,SA-36,"1-1/4""",1.25,1.85,262.47,367.46,736,810
PBSA516-70-CX150T1-1/4S24,"24""",150,SA-516-70,"1-1/4""",1.25,2.15,262.47,367.46,847,932
PB304L-CX150T1-1/4S24,"24""",150,304L,"1-1/4""",1.25,5.95,274.19,383.87,2341,2576
PB316L-CX150T1-1/4S24,"24""",150,316L,"1-1/4""",1.25,7.4,277.31,388.23,2930,3224
PBAL6061-CX150T1-1/4S24,"24""",150,AL-6061,"1-1/4""",1.25,5,92.48,129.47,704,775
PB304-CX150T1-3/8S24,"24""",150,304,"1-3/8""",1.375,5.5,301.61,422.25,2379,2617
PBSA36-CX150T1-3/8S24,"24""",150,SA-36,"1-3/8""",1.375,1.85,288.71,404.19,804,885
PBSA516-70-CX150T1-3/8S24,"24""",150,SA-516-70,"1-3/8""",1.375,2.15,288.71,404.19,926,1019
PB304L-CX150T1-3/8S24,"24""",150,304L,"1-3/8""",1.375,5.95,301.61,422.25,2569,2826
PB316L-CX150T1-3/8S24,"24""",150,316L,"1-3/8""",1.375,7.4,305.04,427.06,3217,3539
PBAL6061-CX150T1-3/8S24,"24""",150,AL-6061,"1-3/8""",1.375,5,101.73,142.42,769,846
PB304-CX150T1-1/2S24,"24""",150,304,"1-1/2""",1.5,5.5,329.03,460.64,2590,2850
PBSA36-CX150T1-1/2S24,"24""",150,SA-36,"1-1/2""",1.5,1.85,314.96,440.94,872,960
PBSA516-70-CX150T1-1/2S24,"24""",150,SA-516-70,"1-1/2""",1.5,2.15,314.96,440.94,1005,1106
PB304L-CX150T1-1/2S24,"24""",150,304L,"1-1/2""",1.5,5.95,329.03,460.64,2797,3077
PB316L-CX150T1-1/2S24,"24""",150,316L,"1-1/2""",1.5,7.4,332.77,465.88,3504,3855
PBAL6061-CX150T1-1/2S24,"24""",150,AL-6061,"1-1/2""",1.5,5,110.98,155.37,833,917
PB304-CX150T1-5/8S24,"24""",150,304,"1-5/8""",1.625,5.5,356.45,499.03,2801,3082
PBSA36-CX150T1-5/8S24,"24""",150,SA-36,"1-5/8""",1.625,1.85,341.21,477.69,940,1034
PBSA516-70-CX150T1-5/8S24,"24""",150,SA-516-70,"1-5/8""",1.625,2.15,341.21,477.69,1084,1193
PB304L-CX150T1-5/8S24,"24""",150,304L,"1-5/8""",1.625,5.95,356.45,499.03,3026,3329
PB316L-CX150T1-5/8S24,"24""",150,316L,"1-5/8""",1.625,7.4,360.5,504.7,3791,4171
PBAL6061-CX150T1-5/8S24,"24""",150,AL-6061,"1-5/8""",1.625,5,120.22,168.31,898,988
PB304-CX150T1-3/4S24,"24""",150,304,"1-3/4""",1.75,5.5,383.87,537.42,3012,3314
PBSA36-CX150T1-3/4S24,"24""",150,SA-36,"1-3/4""",1.75,1.85,367.45,514.43,1008,1109
PBSA516-70-CX150T1-3/4S24,"24""",150,SA-516-70,"1-3/4""",1.75,2.15,367.45,514.43,1163,1280
PB304L-CX150T1-3/4S24,"24""",150,304L,"1-3/4""",1.75,5.95,383.87,537.42,3254,3580
PB316L-CX150T1-3/4S24,"24""",150,316L,"1-3/4""",1.75,7.4,388.24,543.54,4079,4487
PBAL6061-CX150T1-3/4S24,"24""",150,AL-6061,"1-3/4""",1.75,5,129.47,181.26,963,1060
PB304-CX150T1-7/8S24,"24""",150,304,"1-7/8""",1.875,5.5,411.29,575.81,3224,3547
PBSA36-CX150T1-7/8S24,"24""",150,SA-36,"1-7/8""",1.875,1.85,393.7,551.18,1076,1184
PBSA516-70-CX150T1-7/8S24,"24""",150,SA-516-70,"1-7/8""",1.875,2.15,393.7,551.18,1242,1367
PB304L-CX150T1-7/8S24,"24""",150,304L,"1-7/8""",1.875,5.95,411.29,575.81,3483,3832
PB316L-CX150T1-7/8S24,"24""",150,316L,"1-7/8""",1.875,7.4,415.97,582.36,4366,4803
PBAL6061-CX150T1-7/8S24,"24""",150,AL-6061,"1-7/8""",1.875,5,138.72,194.21,1028,1131
PB304-CX150T2S24,"24""",150,304,"2""",2,5.5,438.71,614.19,3435,3779
PBSA36-CX150T2S24,"24""",150,SA-36,"2""",2,1.85,419.95,587.93,1144,1259
PBSA516-70-CX150T2S24,"24""",150,SA-516-70,"2""",2,2.15,419.95,587.93,1321,1454
PB304L-CX150T2S24,"24""",150,304L,"2""",2,5.95,438.71,614.19,3711,4083
PB316L-CX150T2S24,"24""",150,316L,"2""",2,7.4,443.7,621.18,4653,5119
PBAL6061-CX150T2S24,"24""",150,AL-6061,"2""",2,5,147.97,207.16,1092,1202
PB304-CX150T2-1/4S24,"24""",150,304,"2-1/4""",2.25,5.5,493.55,690.97,3857,4243
PBSA36-CX150T2-1/4S24,"24""",150,SA-36,"2-1/4""",2.25,1.85,472.44,661.42,1280,1408
PBSA516-70-CX150T2-1/4S24,"24""",150,SA-516-70,"2-1/4""",2.25,2.15,472.44,661.42,1479,1627
PB304L-CX150T2-1/4S24,"24""",150,304L,"2-1/4""",2.25,5.95,493.55,690.97,4168,4585
PB316L-CX150T2-1/4S24,"24""",150,316L,"2-1/4""",2.25,7.4,499.16,698.82,5228,5751
PBAL6061-CX150T2-1/4S24,"24""",150,AL-6061,"2-1/4""",2.25,5,166.46,233.04,1222,1345
PB304-CX150T2-1/2S24,"24""",150,304,"2-1/2""",2.5,5.5,548.39,767.75,4279,4707
PBSA36-CX150T2-1/2S24,"24""",150,SA-36,"2-1/2""",2.5,1.85,524.93,734.9,1416,1558
PBSA516-70-CX150T2-1/2S24,"24""",150,SA-516-70,"2-1/2""",2.5,2.15,524.93,734.9,1637,1801
PB304L-CX150T2-1/2S24,"24""",150,304L,"2-1/2""",2.5,5.95,548.39,767.75,4625,5088
PB316L-CX150T2-1/2S24,"24""",150,316L,"2-1/2""",2.5,7.4,554.62,776.47,5803,6384
PBAL6061-CX150T2-1/2S24,"24""",150,AL-6061,"2-1/2""",2.5,5,184.96,258.94,1351,1487
PB304-CX150T3S24,"24""",150,304,"3""",3,5.5,658.07,921.3,5124,5637
PBSA36-CX150T3S24,"24""",150,SA-36,"3""",3,1.85,629.92,881.89,1688,1857
PBSA516-70-CX150T3S24,"24""",150,SA-516-70,"3""",3,2.15,629.92,881.89,1953,2149
PB304L-CX150T3S24,"24""",150,304L,"3""",3,5.95,658.07,921.3,5538,6092
PB316L-CX150T3S24,"24""",150,316L,"3""",3,7.4,665.55,931.77,6952,7648
PBAL6061-CX150T3S24,"24""",150,AL-6061,"3""",3,5,221.95,310.73,1610,1772
PB304-CX300T11GAS1/2,"1/2""",300,304,11 Gauge,0.1196,5.5,0.23,0.32,37,41
PBSA36-CX300T11GAS1/2,"1/2""",300,SA-36,11 Gauge,0.1196,1.85,0.22,0.31,35,39
PBSA516-70-CX300T11GAS1/2,"1/2""",300,SA-516-70,11 Gauge,0.1196,2.15,0.22,0.31,36,40
PB304L-CX300T11GAS1/2,"1/2""",300,304L,11 Gauge,0.1196,5.95,0.23,0.32,37,41
PB316L-CX300T11GAS1/2,"1/2""",300,316L,11 Gauge,0.1196,7.4,0.24,0.34,37,41
PBAL6061-CX300T11GAS1/2,"1/2""",300,AL-6061,11 Gauge,0.1196,5,0.1,0.15,35,39
PB304-CX300T1/8S1/2,"1/2""",300,304,"1/8""",0.125,5.5,0.25,0.35,37,41
PBSA36-CX300T1/8S1/2,"1/2""",300,SA-36,"1/8""",0.125,1.85,0.23,0.32,35,39
PBSA516-70-CX300T1/8S1/2,"1/2""",300,SA-516-70,"1/8""",0.125,2.15,0.23,0.32,36,40
PB304L-CX300T1/8S1/2,"1/2""",300,304L,"1/8""",0.125,5.95,0.25,0.35,37,41
PB316L-CX300T1/8S1/2,"1/2""",300,316L,"1/8""",0.125,7.4,0.25,0.35,37,41
PBAL6061-CX300T1/8S1/2,"1/2""",300,AL-6061,"1/8""",0.125,5,0.1,0.15,35,39
PB304-CX300T3/16S1/2,"1/2""",300,304,"3/16""",0.1875,5.5,0.37,0.52,38,42
PBSA36-CX300T3/16S1/2,"1/2""",300,SA-36,"3/16""",0.1875,1.85,0.35,0.49,36,40
PBSA516-70-CX300T3/16S1/2,"1/2""",300,SA-516-70,"3/16""",0.1875,2.15,0.35,0.49,36,40
PB304L-CX300T3/16S1/2,"1/2""",300,304L,"3/16""",0.1875,5.95,0.37,0.52,38,42
PB316L-CX300T3/16S1/2,"1/2""",300,316L,"3/16""",0.1875,7.4,0.37,0.52,39,43
PBAL6061-CX300T3/16S1/2,"1/2""",300,AL-6061,"3/16""",0.1875,5,0.12,0.17,36,40
PB304-CX300T1/4S1/2,"1/2""",300,304,"1/4""",0.25,5.5,0.49,0.69,39,43
PBSA36-CX300T1/4S1/2,"1/2""",300,SA-36,"1/4""",0.25,1.85,0.47,0.66,36,40
PBSA516-70-CX300T1/4S1/2,"1/2""",300,SA-516-70,"1/4""",0.25,2.15,0.47,0.66,36,40
PB304L-CX300T1/4S1/2,"1/2""",300,304L,"1/4""",0.25,5.95,0.49,0.69,39,43
PB316L-CX300T1/4S1/2,"1/2""",300,316L,"1/4""",0.25,7.4,0.5,0.7,40,44
PBAL6061-CX300T1/4S1/2,"1/2""",300,AL-6061,"1/4""",0.25,5,0.17,0.24,36,40
PB304-CX300T5/16S1/2,"1/2""",300,304,"5/16""",0.3125,5.5,0.61,0.85,40,44
PBSA36-CX300T5/16S1/2,"1/2""",300,SA-36,"5/16""",0.3125,1.85,0.59,0.83,36,40
PBSA516-70-CX300T5/16S1/2,"1/2""",300,SA-516-70,"5/16""",0.3125,2.15,0.59,0.83,37,41
PB304L-CX300T5/16S1/2,"1/2""",300,304L,"5/16""",0.3125,5.95,0.61,0.85,40,44
PB316L-CX300T5/16S1/2,"1/2""",300,316L,"5/16""",0.3125,7.4,0.62,0.87,41,46
PBAL6061-CX300T5/16S1/2,"1/2""",300,AL-6061,"5/16""",0.3125,5,0.21,0.29,36,40
PB304-CX300T3/8S1/2,"1/2""",300,304,"3/8""",0.375,5.5,0.74,1.04,41,46
PBSA36-CX300T3/8S1/2,"1/2""",300,SA-36,"3/8""",0.375,1.85,0.7,0.98,37,41
PBSA516-70-CX300T3/8S1/2,"1/2""",300,SA-516-70,"3/8""",0.375,2.15,0.7,0.98,37,41
PB304L-CX300T3/8S1/2,"1/2""",300,304L,"3/8""",0.375,5.95,0.74,1.04,41,46
PB316L-CX300T3/8S1/2,"1/2""",300,316L,"3/8""",0.375,7.4,0.74,1.04,43,48
PBAL6061-CX300T3/8S1/2,"1/2""",300,AL-6061,"3/8""",0.375,5,0.25,0.35,37,41
PB304-CX300T1/2S1/2,"1/2""",300,304,"1/2""",0.5,5.5,0.98,1.37,42,47
PBSA36-CX300T1/2S1/2,"1/2""",300,SA-36,"1/2""",0.5,1.85,0.94,1.32,37,41
PBSA516-70-CX300T1/2S1/2,"1/2""",300,SA-516-70,"1/2""",0.5,2.15,0.94,1.32,38,42
PB304L-CX300T1/2S1/2,"1/2""",300,304L,"1/2""",0.5,5.95,0.98,1.37,43,48
PB316L-CX300T1/2S1/2,"1/2""",300,316L,"1/2""",0.5,7.4,0.99,1.39,45,50
PBAL6061-CX300T1/2S1/2,"1/2""",300,AL-6061,"1/2""",0.5,5,0.33,0.46,37,41
PB304-CX300T5/8S1/2,"1/2""",300,304,"5/8""",0.625,5.5,1.23,1.72,44,49
PBSA36-CX300T5/8S1/2,"1/2""",300,SA-36,"5/8""",0.625,1.85,1.17,1.64,38,42
PBSA516-70-CX300T5/8S1/2,"1/2""",300,SA-516-70,"5/8""",0.625,2.15,1.17,1.64,38,42
PB304L-CX300T5/8S1/2,"1/2""",300,304L,"5/8""",0.625,5.95,1.23,1.72,45,50
PB316L-CX300T5/8S1/2,"1/2""",300,316L,"5/8""",0.625,7.4,1.24,1.74,48,53
PBAL6061-CX300T5/8S1/2,"1/2""",300,AL-6061,"5/8""",0.625,5,0.41,0.57,38,42
PB304-CX300T3/4S1/2,"1/2""",300,304,"3/4""",0.75,5.5,1.47,2.06,46,51
PBSA36-CX300T3/4S1/2,"1/2""",300,SA-36,"3/4""",0.75,1.85,1.41,1.97,38,42
PBSA516-70-CX300T3/4S1/2,"1/2""",300,SA-516-70,"3/4""",0.75,2.15,1.41,1.97,39,43
PB304L-CX300T3/4S1/2,"1/2""",300,304L,"3/4""",0.75,5.95,1.47,2.06,47,52
PB316L-CX300T3/4S1/2,"1/2""",300,316L,"3/4""",0.75,7.4,1.49,2.09,50,56
PBAL6061-CX300T3/4S1/2,"1/2""",300,AL-6061,"3/4""",0.75,5,0.5,0.7,38,42
PB304-CX300T7/8S1/2,"1/2""",300,304,"7/8""",0.875,5.5,1.72,2.41,48,53
PBSA36-CX300T7/8S1/2,"1/2""",300,SA-36,"7/8""",0.875,1.85,1.64,2.3,39,43
PBSA516-70-CX300T7/8S1/2,"1/2""",300,SA-516-70,"7/8""",0.875,2.15,1.64,2.3,40,44
PB304L-CX300T7/8S1/2,"1/2""",300,304L,"7/8""",0.875,5.95,1.72,2.41,49,54
PB316L-CX300T7/8S1/2,"1/2""",300,316L,"7/8""",0.875,7.4,1.74,2.44,53,59
PBAL6061-CX300T7/8S1/2,"1/2""",300,AL-6061,"7/8""",0.875,5,0.58,0.81,39,43
PB304-CX300T1S1/2,"1/2""",300,304,"1""",1,5.5,1.96,2.74,50,56
PBSA36-CX300T1S1/2,"1/2""",300,SA-36,"1""",1,1.85,1.88,2.63,40,44
PBSA516-70-CX300T1S1/2,"1/2""",300,SA-516-70,"1""",1,2.15,1.88,2.63,41,46
PB304L-CX300T1S1/2,"1/2""",300,304L,"1""",1,5.95,1.96,2.74,51,57
PB316L-CX300T1S1/2,"1/2""",300,316L,"1""",1,7.4,1.99,2.79,55,61
PBAL6061-CX300T1S1/2,"1/2""",300,AL-6061,"1""",1,5,0.66,0.92,39,43
PB304-CX300T1-1/8S1/2,"1/2""",300,304,"1-1/8""",1.125,5.5,2.21,3.09,52,58
PBSA36-CX300T1-1/8S1/2,"1/2""",300,SA-36,"1-1/8""",1.125,1.85,2.11,2.95,40,44
PBSA516-70-CX300T1-1/8S1/2,"1/2""",300,SA-516-70,"1-1/8""",1.125,2.15,2.11,2.95,41,46
PB304L-CX300T1-1/8S1/2,"1/2""",300,304L,"1-1/8""",1.125,5.95,2.21,3.09,53,59
PB316L-CX300T1-1/8S1/2,"1/2""",300,316L,"1-1/8""",1.125,7.4,2.23,3.12,58,64
PBAL6061-CX300T1-1/8S1/2,"1/2""",300,AL-6061,"1-1/8""",1.125,5,0.74,1.04,40,44
PB304-CX300T1-1/4S1/2,"1/2""",300,304,"1-1/4""",1.25,5.5,2.45,3.43,54,60
PBSA36-CX300T1-1/4S1/2,"1/2""",300,SA-36,"1-1/4""",1.25,1.85,2.35,3.29,41,46
PBSA516-70-CX300T1-1/4S1/2,"1/2""",300,SA-516-70,"1-1/4""",1.25,2.15,2.35,3.29,42,47
PB304L-CX300T1-1/4S1/2,"1/2""",300,304L,"1-1/4""",1.25,5.95,2.45,3.43,55,61
PB316L-CX300T1-1/4S1/2,"1/2""",300,316L,"1-1/4""",1.25,7.4,2.48,3.47,61,68
PBAL6061-CX300T1-1/4S1/2,"1/2""",300,AL-6061,"1-1/4""",1.25,5,0.83,1.16,41,46
PB304-CX300T1-3/8S1/2,"1/2""",300,304,"1-3/8""",1.375,5.5,2.7,3.78,56,62
PBSA36-CX300T1-3/8S1/2,"1/2""",300,SA-36,"1-3/8""",1.375,1.85,2.58,3.61,42,47
PBSA516-70-CX300T1-3/8S1/2,"1/2""",300,SA-516-70,"1-3/8""",1.375,2.15,2.58,3.61,43,48
PB304L-CX300T1-3/8S1/2,"1/2""",300,304L,"1-3/8""",1.375,5.95,2.7,3.78,57,63
PB316L-CX300T1-3/8S1/2,"1/2""",300,316L,"1-3/8""",1.375,7.4,2.73,3.82,63,70
PBAL6061-CX300T1-3/8S1/2,"1/2""",300,AL-6061,"1-3/8""",1.375,5,0.91,1.27,41,46
PB304-CX300T1-1/2S1/2,"1/2""",300,304,"1-1/2""",1.5,5.5,2.94,4.12,58,64
PBSA36-CX300T1-1/2S1/2,"1/2""",300,SA-36,"1-1/2""",1.5,1.85,2.82,3.95,42,47
PBSA516-70-CX300T1-1/2S1/2,"1/2""",300,SA-516-70,"1-1/2""",1.5,2.15,2.82,3.95,43,48
PB304L-CX300T1-1/2S1/2,"1/2""",300,304L,"1-1/2""",1.5,5.95,2.94,4.12,59,65
PB316L-CX300T1-1/2S1/2,"1/2""",300,316L,"1-1/2""",1.5,7.4,2.98,4.17,66,73
PBAL6061-CX300T1-1/2S1/2,"1/2""",300,AL-6061,"1-1/2""",1.5,5,0.99,1.39,42,47
PB304-CX300T1-5/8S1/2,"1/2""",300,304,"1-5/8""",1.625,5.5,3.19,4.47,59,65
PBSA36-CX300T1-5/8S1/2,"1/2""",300,SA-36,"1-5/8""",1.625,1.85,3.05,4.27,43,48
PBSA516-70-CX300T1-5/8S1/2,"1/2""",300,SA-516-70,"1-5/8""",1.625,2.15,3.05,4.27,44,49
PB304L-CX300T1-5/8S1/2,"1/2""",300,304L,"1-5/8""",1.625,5.95,3.19,4.47,61,68
PB316L-CX300T1-5/8S1/2,"1/2""",300,316L,"1-5/8""",1.625,7.4,3.23,4.52,68,75
PBAL6061-CX300T1-5/8S1/2,"1/2""",300,AL-6061,"1-5/8""",1.625,5,1.08,1.51,42,47
PB304-CX300T1-3/4S1/2,"1/2""",300,304,"1-3/4""",1.75,5.5,3.44,4.82,61,68
PBSA36-CX300T1-3/4S1/2,"1/2""",300,SA-36,"1-3/4""",1.75,1.85,3.29,4.61,43,48
PBSA516-70-CX300T1-3/4S1/2,"1/2""",300,SA-516-70,"1-3/4""",1.75,2.15,3.29,4.61,45,50
PB304L-CX300T1-3/4S1/2,"1/2""",300,304L,"1-3/4""",1.75,5.95,3.44,4.82,64,71
PB316L-CX300T1-3/4S1/2,"1/2""",300,316L,"1-3/4""",1.75,7.4,3.47,4.86,71,79
PBAL6061-CX300T1-3/4S1/2,"1/2""",300,AL-6061,"1-3/4""",1.75,5,1.16,1.62,43,48
PB304-CX300T1-7/8S1/2,"1/2""",300,304,"1-7/8""",1.875,5.5,3.68,5.15,63,70
PBSA36-CX300T1-7/8S1/2,"1/2""",300,SA-36,"1-7/8""",1.875,1.85,3.52,4.93,44,49
PBSA516-70-CX300T1-7/8S1/2,"1/2""",300,SA-516-70,"1-7/8""",1.875,2.15,3.52,4.93,45,50
PB304L-CX300T1-7/8S1/2,"1/2""",300,304L,"1-7/8""",1.875,5.95,3.68,5.15,65,72
PB316L-CX300T1-7/8S1/2,"1/2""",300,316L,"1-7/8""",1.875,7.4,3.72,5.21,73,81
PBAL6061-CX300T1-7/8S1/2,"1/2""",300,AL-6061,"1-7/8""",1.875,5,1.24,1.74,44,49
PB304-CX300T2S1/2,"1/2""",300,304,"2""",2,5.5,3.93,5.5,65,72
PBSA36-CX300T2S1/2,"1/2""",300,SA-36,"2""",2,1.85,3.76,5.26,45,50
PBSA516-70-CX300T2S1/2,"1/2""",300,SA-516-70,"2""",2,2.15,3.76,5.26,46,51
PB304L-CX300T2S1/2,"1/2""",300,304L,"2""",2,5.95,3.93,5.5,68,75
PB316L-CX300T2S1/2,"1/2""",300,316L,"2""",2,7.4,3.97,5.56,76,84
PBAL6061-CX300T2S1/2,"1/2""",300,AL-6061,"2""",2,5,1.32,1.85,44,49
PB304-CX300T2-1/4S1/2,"1/2""",300,304,"2-1/4""",2.25,5.5,4.42,6.19,69,76
PBSA36-CX300T2-1/4S1/2,"1/2""",300,SA-36,"2-1/4""",2.25,1.85,4.23,5.92,46,51
PBSA516-70-CX300T2-1/4S1/2,"1/2""",300,SA-516-70,"2-1/4""",2.25,2.15,4.23,5.92,48,53
PB304L-CX300T2-1/4S1/2,"1/2""",300,304L,"2-1/4""",2.25,5.95,4.42,6.19,72,80
PB316L-CX300T2-1/4S1/2,"1/2""",300,316L,"2-1/4""",2.25,7.4,4.47,6.26,81,90
PBAL6061-CX300T2-1/4S1/2,"1/2""",300,AL-6061,"2-1/4""",2.25,5,1.49,2.09,45,50
PB304-CX300T2-1/2S1/2,"1/2""",300,304,"2-1/2""",2.5,5.5,4.91,6.87,73,81
PBSA36-CX300T2-1/2S1/2,"1/2""",300,SA-36,"2-1/2""",2.5,1.85,4.7,6.58,47,52
PBSA516-70-CX300T2-1/2S1/2,"1/2""",300,SA-516-70,"2-1/2""",2.5,2.15,4.7,6.58,49,54
PB304L-CX300T2-1/2S1/2,"1/2""",300,304L,"2-1/2""",2.5,5.95,4.91,6.87,76,84
PB316L-CX300T2-1/2S1/2,"1/2""",300,316L,"2-1/2""",2.5,7.4,4.96,6.94,86,95
PBAL6061-CX300T2-1/2S1/2,"1/2""",300,AL-6061,"2-1/2""",2.5,5,1.66,2.32,46,51
PB304-CX300T3S1/2,"1/2""",300,304,"3""",3,5.5,5.89,8.25,80,88
PBSA36-CX300T3S1/2,"1/2""",300,SA-36,"3""",3,1.85,5.64,7.9,49,54
PBSA516-70-CX300T3S1/2,"1/2""",300,SA-516-70,"3""",3,2.15,5.64,7.9,52,58
PB304L-CX300T3S1/2,"1/2""",300,304L,"3""",3,5.95,5.89,8.25,84,93
PB316L-CX300T3S1/2,"1/2""",300,316L,"3""",3,7.4,5.96,8.34,97,107
PBAL6061-CX300T3S1/2,"1/2""",300,AL-6061,"3""",3,5,1.99,2.79,49,54
PB304-CX300T11GAS3/4,"3/4""",300,304,11 Gauge,0.1196,5.5,0.3,0.42,37,41
PBSA36-CX300T11GAS3/4,"3/4""",300,SA-36,11 Gauge,0.1196,1.85,0.29,0.41,36,40
PBSA516-70-CX300T11GAS3/4,"3/4""",300,SA-516-70,11 Gauge,0.1196,2.15,0.29,0.41,36,40
PB304L-CX300T11GAS3/4,"3/4""",300,304L,11 Gauge,0.1196,5.95,0.3,0.42,37,41
PB316L-CX300T11GAS3/4,"3/4""",300,316L,11 Gauge,0.1196,7.4,0.3,0.42,38,42
PBAL6061-CX300T11GAS3/4,"3/4""",300,AL-6061,11 Gauge,0.1196,5,0.1,0.15,36,40
PB304-CX300T1/8S3/4,"3/4""",300,304,"1/8""",0.125,5.5,0.31,0.43,37,41
PBSA36-CX300T1/8S3/4,"3/4""",300,SA-36,"1/8""",0.125,1.85,0.3,0.42,36,40
PBSA516-70-CX300T1/8S3/4,"3/4""",300,SA-516-70,"1/8""",0.125,2.15,0.3,0.42,36,40
PB304L-CX300T1/8S3/4,"3/4""",300,304L,"1/8""",0.125,5.95,0.31,0.43,37,41
PB316L-CX300T1/8S3/4,"3/4""",300,316L,"1/8""",0.125,7.4,0.31,0.43,38,42
PBAL6061-CX300T1/8S3/4,"3/4""",300,AL-6061,"1/8""",0.125,5,0.11,0.15,36,40
PB304-CX300T3/16S3/4,"3/4""",300,304,"3/16""",0.1875,5.5,0.47,0.66,38,42
PBSA36-CX300T3/16S3/4,"3/4""",300,SA-36,"3/16""",0.1875,1.85,0.45,0.63,36,40
PBSA516-70-CX300T3/16S3/4,"3/4""",300,SA-516-70,"3/16""",0.1875,2.15,0.45,0.63,36,40
PB304L-CX300T3/16S3/4,"3/4""",300,304L,"3/16""",0.1875,5.95,0.47,0.66,39,43
PB316L-CX300T3/16S3/4,"3/4""",300,316L,"3/16""",0.1875,7.4,0.47,0.66,40,44
PBAL6061-CX300T3/16S3/4,"3/4""",300,AL-6061,"3/16""",0.1875,5,0.16,0.22,36,40
PB304-CX300T1/4S3/4,"3/4""",300,304,"1/4""",0.25,5.5,0.62,0.87,40,44
PBSA36-CX300T1/4S3/4,"3/4""",300,SA-36,"1/4""",0.25,1.85,0.6,0.84,36,40
PBSA516-70-CX300T1/4S3/4,"3/4""",300,SA-516-70,"1/4""",0.25,2.15,0.6,0.84,37,41
PB304L-CX300T1/4S3/4,"3/4""",300,304L,"1/4""",0.25,5.95,0.62,0.87,40,44
PB316L-CX300T1/4S3/4,"3/4""",300,316L,"1/4""",0.25,7.4,0.63,0.88,41,46
PBAL6061-CX300T1/4S3/4,"3/4""",300,AL-6061,"1/4""",0.25,5,0.21,0.29,36,40
PB304-CX300T5/16S3/4,"3/4""",300,304,"5/16""",0.3125,5.5,0.78,1.09,41,46
PBSA36-CX300T5/16S3/4,"3/4""",300,SA-36,"5/16""",0.3125,1.85,0.75,1.05,37,41
PBSA516-70-CX300T5/16S3/4,"3/4""",300,SA-516-70,"5/16""",0.3125,2.15,0.75,1.05,37,41
PB304L-CX300T5/16S3/4,"3/4""",300,304L,"5/16""",0.3125,5.95,0.78,1.09,41,46
PB316L-CX300T5/16S3/4,"3/4""",300,316L,"5/16""",0.3125,7.4,0.79,1.11,43,48
PBAL6061-CX300T5/16S3/4,"3/4""",300,AL-6061,"5/16""",0.3125,5,0.26,0.36,37,41
PB304-CX300T3/8S3/4,"3/4""",300,304,"3/8""",0.375,5.5,0.93,1.3,42,47
PBSA36-CX300T3/8S3/4,"3/4""",300,SA-36,"3/8""",0.375,1.85,0.89,1.25,37,41
PBSA516-70-CX300T3/8S3/4,"3/4""",300,SA-516-70,"3/8""",0.375,2.15,0.89,1.25,38,42
PB304L-CX300T3/8S3/4,"3/4""",300,304L,"3/8""",0.375,5.95,0.93,1.3,43,48
PB316L-CX300T3/8S3/4,"3/4""",300,316L,"3/8""",0.375,7.4,0.94,1.32,45,50
PBAL6061-CX300T3/8S3/4,"3/4""",300,AL-6061,"3/8""",0.375,5,0.32,0.45,37,41
PB304-CX300T1/2S3/4,"3/4""",300,304,"1/2""",0.5,5.5,1.25,1.75,44,49
PBSA36-CX300T1/2S3/4,"3/4""",300,SA-36,"1/2""",0.5,1.85,1.19,1.67,38,42
PBSA516-70-CX300T1/2S3/4,"3/4""",300,SA-516-70,"1/2""",0.5,2.15,1.19,1.67,38,42
PB304L-CX300T1/2S3/4,"3/4""",300,304L,"1/2""",0.5,5.95,1.25,1.75,45,50
PB316L-CX300T1/2S3/4,"3/4""",300,316L,"1/2""",0.5,7.4,1.26,1.76,48,53
PBAL6061-CX300T1/2S3/4,"3/4""",300,AL-6061,"1/2""",0.5,5,0.42,0.59,38,42
PB304-CX300T5/8S3/4,"3/4""",300,304,"5/8""",0.625,5.5,1.56,2.18,47,52
PBSA36-CX300T5/8S3/4,"3/4""",300,SA-36,"5/8""",0.625,1.85,1.49,2.09,39,43
PBSA516-70-CX300T5/8S3/4,"3/4""",300,SA-516-70,"5/8""",0.625,2.15,1.49,2.09,39,43
PB304L-CX300T5/8S3/4,"3/4""",300,304L,"5/8""",0.625,5.95,1.56,2.18,48,53
PB316L-CX300T5/8S3/4,"3/4""",300,316L,"5/8""",0.625,7.4,1.57,2.2,51,57
PBAL6061-CX300T5/8S3/4,"3/4""",300,AL-6061,"5/8""",0.625,5,0.53,0.74,39,43
PB304-CX300T3/4S3/4,"3/4""",300,304,"3/4""",0.75,5.5,1.87,2.62,49,54
PBSA36-CX300T3/4S3/4,"3/4""",300,SA-36,"3/4""",0.75,1.85,1.79,2.51,39,43
PBSA516-70-CX300T3/4S3/4,"3/4""",300,SA-516-70,"3/4""",0.75,2.15,1.79,2.51,40,44
PB304L-CX300T3/4S3/4,"3/4""",300,304L,"3/4""",0.75,5.95,1.87,2.62,50,56
PB316L-CX300T3/4S3/4,"3/4""",300,316L,"3/4""",0.75,7.4,1.89,2.65,54,60
PBAL6061-CX300T3/4S3/4,"3/4""",300,AL-6061,"3/4""",0.75,5,0.63,0.88,39,43
PB304-CX300T7/8S3/4,"3/4""",300,304,"7/8""",0.875,5.5,2.18,3.05,52,58
PBSA36-CX300T7/8S3/4,"3/4""",300,SA-36,"7/8""",0.875,1.85,2.09,2.93,40,44
PBSA516-70-CX300T7/8S3/4,"3/4""",300,SA-516-70,"7/8""",0.875,2.15,2.09,2.93,41,46
PB304L-CX300T7/8S3/4,"3/4""",300,304L,"7/8""",0.875,5.95,2.18,3.05,53,59
PB316L-CX300T7/8S3/4,"3/4""",300,316L,"7/8""",0.875,7.4,2.2,3.08,58,64
PBAL6061-CX300T7/8S3/4,"3/4""",300,AL-6061,"7/8""",0.875,5,0.74,1.04,40,44
PB304-CX300T1S3/4,"3/4""",300,304,"1""",1,5.5,2.49,3.49,54,60
PBSA36-CX300T1S3/4,"3/4""",300,SA-36,"1""",1,1.85,2.38,3.33,41,46
PBSA516-70-CX300T1S3/4,"3/4""",300,SA-516-70,"1""",1,2.15,2.38,3.33,42,47
PB304L-CX300T1S3/4,"3/4""",300,304L,"1""",1,5.95,2.49,3.49,56,62
PB316L-CX300T1S3/4,"3/4""",300,316L,"1""",1,7.4,2.52,3.53,61,68
PBAL6061-CX300T1S3/4,"3/4""",300,AL-6061,"1""",1,5,0.84,1.18,41,46
PB304-CX300T1-1/8S3/4,"3/4""",300,304,"1-1/8""",1.125,5.5,2.8,3.92,56,62
PBSA36-CX300T1-1/8S3/4,"3/4""",300,SA-36,"1-1/8""",1.125,1.85,2.68,3.75,42,47
PBSA516-70-CX300T1-1/8S3/4,"3/4""",300,SA-516-70,"1-1/8""",1.125,2.15,2.68,3.75,43,48
PB304L-CX300T1-1/8S3/4,"3/4""",300,304L,"1-1/8""",1.125,5.95,2.8,3.92,58,64
PB316L-CX300T1-1/8S3/4,"3/4""",300,316L,"1-1/8""",1.125,7.4,2.83,3.96,64,71
PBAL6061-CX300T1-1/8S3/4,"3/4""",300,AL-6061,"1-1/8""",1.125,5,0.95,1.33,41,46
PB304-CX300T1-1/4S3/4,"3/4""",300,304,"1-1/4""",1.25,5.5,3.11,4.35,59,65
PBSA36-CX300T1-1/4S3/4,"3/4""",300,SA-36,"1-1/4""",1.25,1.85,2.98,4.17,43,48
PBSA516-70-CX300T1-1/4S3/4,"3/4""",300,SA-516-70,"1-1/4""",1.25,2.15,2.98,4.17,44,49
PB304L-CX300T1-1/4S3/4,"3/4""",300,304L,"1-1/4""",1.25,5.95,3.11,4.35,61,68
PB316L-CX300T1-1/4S3/4,"3/4""",300,316L,"1-1/4""",1.25,7.4,3.15,4.41,67,74
PBAL6061-CX300T1-1/4S3/4,"3/4""",300,AL-6061,"1-1/4""",1.25,5,1.05,1.47,42,47
PB304-CX300T1-3/8S3/4,"3/4""",300,304,"1-3/8""",1.375,5.5,3.43,4.8,61,68
PBSA36-CX300T1-3/8S3/4,"3/4""",300,SA-36,"1-3/8""",1.375,1.85,3.28,4.59,43,48
PBSA516-70-CX300T1-3/8S3/4,"3/4""",300,SA-516-70,"1-3/8""",1.375,2.15,3.28,4.59,45,50
PB304L-CX300T1-3/8S3/4,"3/4""",300,304L,"1-3/8""",1.375,5.95,3.43,4.8,63,70
PB316L-CX300T1-3/8S3/4,"3/4""",300,316L,"1-3/8""",1.375,7.4,3.46,4.84,71,79
PBAL6061-CX300T1-3/8S3/4,"3/4""",300,AL-6061,"1-3/8""",1.375,5,1.16,1.62,43,48
PB304-CX300T1-1/2S3/4,"3/4""",300,304,"1-1/2""",1.5,5.5,3.74,5.24,64,71
PBSA36-CX300T1-1/2S3/4,"3/4""",300,SA-36,"1-1/2""",1.5,1.85,3.58,5.01,44,49
PBSA516-70-CX300T1-1/2S3/4,"3/4""",300,SA-516-70,"1-1/2""",1.5,2.15,3.58,5.01,46,51
PB304L-CX300T1-1/2S3/4,"3/4""",300,304L,"1-1/2""",1.5,5.95,3.74,5.24,66,73
PB316L-CX300T1-1/2S3/4,"3/4""",300,316L,"1-1/2""",1.5,7.4,3.78,5.29,74,82
PBAL6061-CX300T1-1/2S3/4,"3/4""",300,AL-6061,"1-1/2""",1.5,5,1.26,1.76,44,49
PB304-CX300T1-5/8S3/4,"3/4""",300,304,"1-5/8""",1.625,5.5,4.05,5.67,66,73
PBSA36-CX300T1-5/8S3/4,"3/4""",300,SA-36,"1-5/8""",1.625,1.85,3.88,5.43,45,50
PBSA516-70-CX300T1-5/8S3/4,"3/4""",300,SA-516-70,"1-5/8""",1.625,2.15,3.88,5.43,47,52
PB304L-CX300T1-5/8S3/4,"3/4""",300,304L,"1-5/8""",1.625,5.95,4.05,5.67,69,76
PB316L-CX300T1-5/8S3/4,"3/4""",300,316L,"1-5/8""",1.625,7.4,4.09,5.73,77,85
PBAL6061-CX300T1-5/8S3/4,"3/4""",300,AL-6061,"1-5/8""",1.625,5,1.37,1.92,44,49
PB304-CX300T1-3/4S3/4,"3/4""",300,304,"1-3/4""",1.75,5.5,4.36,6.1,68,75
PBSA36-CX300T1-3/4S3/4,"3/4""",300,SA-36,"1-3/4""",1.75,1.85,4.17,5.84,46,51
PBSA516-70-CX300T1-3/4S3/4,"3/4""",300,SA-516-70,"1-3/4""",1.75,2.15,4.17,5.84,47,52
PB304L-CX300T1-3/4S3/4,"3/4""",300,304L,"1-3/4""",1.75,5.95,4.36,6.1,71,79
PB316L-CX300T1-3/4S3/4,"3/4""",300,316L,"1-3/4""",1.75,7.4,4.41,6.17,81,90
PBAL6061-CX300T1-3/4S3/4,"3/4""",300,AL-6061,"1-3/4""",1.75,5,1.47,2.06,45,50
PB304-CX300T1-7/8S3/4,"3/4""",300,304,"1-7/8""",1.875,5.5,4.67,6.54,71,79
PBSA36-CX300T1-7/8S3/4,"3/4""",300,SA-36,"1-7/8""",1.875,1.85,4.47,6.26,46,51
PBSA516-70-CX300T1-7/8S3/4,"3/4""",300,SA-516-70,"1-7/8""",1.875,2.15,4.47,6.26,48,53
PB304L-CX300T1-7/8S3/4,"3/4""",300,304L,"1-7/8""",1.875,5.95,4.67,6.54,74,82
PB316L-CX300T1-7/8S3/4,"3/4""",300,316L,"1-7/8""",1.875,7.4,4.72,6.61,84,93
PBAL6061-CX300T1-7/8S3/4,"3/4""",300,AL-6061,"1-7/8""",1.875,5,1.58,2.21,46,51
PB304-CX300T2S3/4,"3/4""",300,304,"2""",2,5.5,4.98,6.97,73,81
PBSA36-CX300T2S3/4,"3/4""",300,SA-36,"2""",2,1.85,4.77,6.68,47,52
PBSA516-70-CX300T2S3/4,"3/4""",300,SA-516-70,"2""",2,2.15,4.77,6.68,49,54
PB304L-CX300T2S3/4,"3/4""",300,304L,"2""",2,5.95,4.98,6.97,76,84
PB316L-CX300T2S3/4,"3/4""",300,316L,"2""",2,7.4,5.04,7.06,87,96
PBAL6061-CX300T2S3/4,"3/4""",300,AL-6061,"2""",2,5,1.68,2.35,47,52
PB304-CX300T2-1/4S3/4,"3/4""",300,304,"2-1/4""",2.25,5.5,5.61,7.85,78,86
PBSA36-CX300T2-1/4S3/4,"3/4""",300,SA-36,"2-1/4""",2.25,1.85,5.37,7.52,49,54
PBSA516-70-CX300T2-1/4S3/4,"3/4""",300,SA-516-70,"2-1/4""",2.25,2.15,5.37,7.52,51,57
PB304L-CX300T2-1/4S3/4,"3/4""",300,304L,"2-1/4""",2.25,5.95,5.61,7.85,82,91
PB316L-CX300T2-1/4S3/4,"3/4""",300,316L,"2-1/4""",2.25,7.4,5.67,7.94,94,104
PBAL6061-CX300T2-1/4S3/4,"3/4""",300,AL-6061,"2-1/4""",2.25,5,1.89,2.65,48,53
PB304-CX300T2-1/2S3/4,"3/4""",300,304,"2-1/2""",2.5,5.5,6.23,8.72,83,92
PBSA36-CX300T2-1/2S3/4,"3/4""",300,SA-36,"2-1/2""",2.5,1.85,5.96,8.34,50,56
PBSA516-70-CX300T2-1/2S3/4,"3/4""",300,SA-516-70,"2-1/2""",2.5,2.15,5.96,8.34,53,59
PB304L-CX300T2-1/2S3/4,"3/4""",300,304L,"2-1/2""",2.5,5.95,6.23,8.72,87,96
PB316L-CX300T2-1/2S3/4,"3/4""",300,316L,"2-1/2""",2.5,7.4,6.3,8.82,100,111
PBAL6061-CX300T2-1/2S3/4,"3/4""",300,AL-6061,"2-1/2""",2.5,5,2.1,2.94,50,56
PB304-CX300T3S3/4,"3/4""",300,304,"3""",3,5.5,7.47,10.46,92,102
PBSA36-CX300T3S3/4,"3/4""",300,SA-36,"3""",3,1.85,7.15,10.01,53,59
PBSA516-70-CX300T3S3/4,"3/4""",300,SA-516-70,"3""",3,2.15,7.15,10.01,56,62
PB304L-CX300T3S3/4,"3/4""",300,304L,"3""",3,5.95,7.47,10.46,97,107
PB316L-CX300T3S3/4,"3/4""",300,316L,"3""",3,7.4,7.56,10.58,113,125
PBAL6061-CX300T3S3/4,"3/4""",300,AL-6061,"3""",3,5,2.52,3.53,52,58
PB304-CX300T11GAS1,"1""",300,304,11 Gauge,0.1196,5.5,0.34,0.48,37,41
PBSA36-CX300T11GAS1,"1""",300,SA-36,11 Gauge,0.1196,1.85,0.32,0.45,36,40
PBSA516-70-CX300T11GAS1,"1""",300,SA-516-70,11 Gauge,0.1196,2.15,0.32,0.45,36,40
PB304L-CX300T11GAS1,"1""",300,304L,11 Gauge,0.1196,5.95,0.34,0.48,38,42
PB316L-CX300T11GAS1,"1""",300,316L,11 Gauge,0.1196,7.4,0.34,0.48,38,42
PBAL6061-CX300T11GAS1,"1""",300,AL-6061,11 Gauge,0.1196,5,0.11,0.15,36,40
PB304-CX300T1/8S1,"1""",300,304,"1/8""",0.125,5.5,0.35,0.49,38,42
PBSA36-CX300T1/8S1,"1""",300,SA-36,"1/8""",0.125,1.85,0.34,0.48,36,40
PBSA516-70-CX300T1/8S1,"1""",300,SA-516-70,"1/8""",0.125,2.15,0.34,0.48,36,40
PB304L-CX300T1/8S1,"1""",300,304L,"1/8""",0.125,5.95,0.35,0.49,38,42
PB316L-CX300T1/8S1,"1""",300,316L,"1/8""",0.125,7.4,0.36,0.5,39,43
PBAL6061-CX300T1/8S1,"1""",300,AL-6061,"1/8""",0.125,5,0.12,0.17,36,40
PB304-CX300T3/16S1,"1""",300,304,"3/16""",0.1875,5.5,0.53,0.74,39,43
PBSA36-CX300T3/16S1,"1""",300,SA-36,"3/16""",0.1875,1.85,0.51,0.71,36,40
PBSA516-70-CX300T3/16S1,"1""",300,SA-516-70,"3/16""",0.1875,2.15,0.51,0.71,36,40
PB304L-CX300T3/16S1,"1""",300,304L,"3/16""",0.1875,5.95,0.53,0.74,39,43
PB316L-CX300T3/16S1,"1""",300,316L,"3/16""",0.1875,7.4,0.54,0.76,40,44
PBAL6061-CX300T3/16S1,"1""",300,AL-6061,"3/16""",0.1875,5,0.18,0.25,36,40
PB304-CX300T1/4S1,"1""",300,304,"1/4""",0.25,5.5,0.71,0.99,40,44
PBSA36-CX300T1/4S1,"1""",300,SA-36,"1/4""",0.25,1.85,0.68,0.95,37,41
PBSA516-70-CX300T1/4S1,"1""",300,SA-516-70,"1/4""",0.25,2.15,0.68,0.95,37,41
PB304L-CX300T1/4S1,"1""",300,304L,"1/4""",0.25,5.95,0.71,0.99,41,46
PB316L-CX300T1/4S1,"1""",300,316L,"1/4""",0.25,7.4,0.72,1.01,42,47
PBAL6061-CX300T1/4S1,"1""",300,AL-6061,"1/4""",0.25,5,0.24,0.34,37,41
PB304-CX300T5/16S1,"1""",300,304,"5/16""",0.3125,5.5,0.89,1.25,42,47
PBSA36-CX300T5/16S1,"1""",300,SA-36,"5/16""",0.3125,1.85,0.85,1.19,37,41
PBSA516-70-CX300T5/16S1,"1""",300,SA-516-70,"5/16""",0.3125,2.15,0.85,1.19,37,41
PB304L-CX300T5/16S1,"1""",300,304L,"5/16""",0.3125,5.95,0.89,1.25,42,47
PB316L-CX300T5/16S1,"1""",300,316L,"5/16""",0.3125,7.4,0.9,1.26,44,49
PBAL6061-CX300T5/16S1,"1""",300,AL-6061,"5/16""",0.3125,5,0.3,0.42,37,41
PB304-CX300T3/8S1,"1""",300,304,"3/8""",0.375,5.5,1.06,1.48,43,48
PBSA36-CX300T3/8S1,"1""",300,SA-36,"3/8""",0.375,1.85,1.02,1.43,37,41
PBSA516-70-CX300T3/8S1,"1""",300,SA-516-70,"3/8""",0.375,2.15,1.02,1.43,38,42
PB304L-CX300T3/8S1,"1""",300,304L,"3/8""",0.375,5.95,1.06,1.48,44,49
PB316L-CX300T3/8S1,"1""",300,316L,"3/8""",0.375,7.4,1.07,1.5,46,51
PBAL6061-CX300T3/8S1,"1""",300,AL-6061,"3/8""",0.375,5,0.36,0.5,37,41
PB304-CX300T1/2S1,"1""",300,304,"1/2""",0.5,5.5,1.42,1.99,46,51
PBSA36-CX300T1/2S1,"1""",300,SA-36,"1/2""",0.5,1.85,1.36,1.9,38,42
PBSA516-70-CX300T1/2S1,"1""",300,SA-516-70,"1/2""",0.5,2.15,1.36,1.9,39,43
PB304L-CX300T1/2S1,"1""",300,304L,"1/2""",0.5,5.95,1.42,1.99,47,52
PB316L-CX300T1/2S1,"1""",300,316L,"1/2""",0.5,7.4,1.43,2,50,56
PBAL6061-CX300T1/2S1,"1""",300,AL-6061,"1/2""",0.5,5,0.48,0.67,38,42
PB304-CX300T5/8S1,"1""",300,304,"5/8""",0.625,5.5,1.77,2.48,48,53
PBSA36-CX300T5/8S1,"1""",300,SA-36,"5/8""",0.625,1.85,1.7,2.38,39,43
PBSA516-70-CX300T5/8S1,"1""",300,SA-516-70,"5/8""",0.625,2.15,1.7,2.38,40,44
PB304L-CX300T5/8S1,"1""",300,304L,"5/8""",0.625,5.95,1.77,2.48,50,56
PB316L-CX300T5/8S1,"1""",300,316L,"5/8""",0.625,7.4,1.79,2.51,53,59
PBAL6061-CX300T5/8S1,"1""",300,AL-6061,"5/8""",0.625,5,0.6,0.84,39,43
PB304-CX300T3/4S1,"1""",300,304,"3/4""",0.75,5.5,2.13,2.98,51,57
PBSA36-CX300T3/4S1,"1""",300,SA-36,"3/4""",0.75,1.85,2.03,2.84,40,44
PBSA516-70-CX300T3/4S1,"1""",300,SA-516-70,"3/4""",0.75,2.15,2.03,2.84,41,46
PB304L-CX300T3/4S1,"1""",300,304L,"3/4""",0.75,5.95,2.13,2.98,53,59
PB316L-CX300T3/4S1,"1""",300,316L,"3/4""",0.75,7.4,2.15,3.01,57,63
PBAL6061-CX300T3/4S1,"1""",300,AL-6061,"3/4""",0.75,5,0.72,1.01,40,44
PB304-CX300T7/8S1,"1""",300,304,"7/8""",0.875,5.5,2.48,3.47,54,60
PBSA36-CX300T7/8S1,"1""",300,SA-36,"7/8""",0.875,1.85,2.37,3.32,41,46
PBSA516-70-CX300T7/8S1,"1""",300,SA-516-70,"7/8""",0.875,2.15,2.37,3.32,42,47
PB304L-CX300T7/8S1,"1""",300,304L,"7/8""",0.875,5.95,2.48,3.47,55,61
PB316L-CX300T7/8S1,"1""",300,316L,"7/8""",0.875,7.4,2.51,3.51,61,68
PBAL6061-CX300T7/8S1,"1""",300,AL-6061,"7/8""",0.875,5,0.84,1.18,41,46
PB304-CX300T1S1,"1""",300,304,"1""",1,5.5,2.83,3.96,57,63
PBSA36-CX300T1S1,"1""",300,SA-36,"1""",1,1.85,2.71,3.79,42,47
PBSA516-70-CX300T1S1,"1""",300,SA-516-70,"1""",1,2.15,2.71,3.79,43,48
PB304L-CX300T1S1,"1""",300,304L,"1""",1,5.95,2.83,3.96,58,64
PB316L-CX300T1S1,"1""",300,316L,"1""",1,7.4,2.87,4.02,65,72
PBAL6061-CX300T1S1,"1""",300,AL-6061,"1""",1,5,0.96,1.34,42,47
PB304-CX300T1-1/8S1,"1""",300,304,"1-1/8""",1.125,5.5,3.19,4.47,59,65
PBSA36-CX300T1-1/8S1,"1""",300,SA-36,"1-1/8""",1.125,1.85,3.05,4.27,43,48
PBSA516-70-CX300T1-1/8S1,"1""",300,SA-516-70,"1-1/8""",1.125,2.15,3.05,4.27,44,49
PB304L-CX300T1-1/8S1,"1""",300,304L,"1-1/8""",1.125,5.95,3.19,4.47,61,68
PB316L-CX300T1-1/8S1,"1""",300,316L,"1-1/8""",1.125,7.4,3.22,4.51,68,75
PBAL6061-CX300T1-1/8S1,"1""",300,AL-6061,"1-1/8""",1.125,5,1.08,1.51,42,47
PB304-CX300T1-1/4S1,"1""",300,304,"1-1/4""",1.25,5.5,3.54,4.96,62,69
PBSA36-CX300T1-1/4S1,"1""",300,SA-36,"1-1/4""",1.25,1.85,3.39,4.75,44,49
PBSA516-70-CX300T1-1/4S1,"1""",300,SA-516-70,"1-1/4""",1.25,2.15,3.39,4.75,45,50
PB304L-CX300T1-1/4S1,"1""",300,304L,"1-1/4""",1.25,5.95,3.54,4.96,64,71
PB316L-CX300T1-1/4S1,"1""",300,316L,"1-1/4""",1.25,7.4,3.58,5.01,72,80
PBAL6061-CX300T1-1/4S1,"1""",300,AL-6061,"1-1/4""",1.25,5,1.19,1.67,43,48
PB304-CX300T1-3/8S1,"1""",300,304,"1-3/8""",1.375,5.5,3.9,5.46,65,72
PBSA36-CX300T1-3/8S1,"1""",300,SA-36,"1-3/8""",1.375,1.85,3.73,5.22,45,50
PBSA516-70-CX300T1-3/8S1,"1""",300,SA-516-70,"1-3/8""",1.375,2.15,3.73,5.22,46,51
PB304L-CX300T1-3/8S1,"1""",300,304L,"1-3/8""",1.375,5.95,3.9,5.46,67,74
PB316L-CX300T1-3/8S1,"1""",300,316L,"1-3/8""",1.375,7.4,3.94,5.52,76,84
PBAL6061-CX300T1-3/8S1,"1""",300,AL-6061,"1-3/8""",1.375,5,1.31,1.83,44,49
PB304-CX300T1-1/2S1,"1""",300,304,"1-1/2""",1.5,5.5,4.25,5.95,68,75
PBSA36-CX300T1-1/2S1,"1""",300,SA-36,"1-1/2""",1.5,1.85,4.07,5.7,45,50
PBSA516-70-CX300T1-1/2S1,"1""",300,SA-516-70,"1-1/2""",1.5,2.15,4.07,5.7,47,52
PB304L-CX300T1-1/2S1,"1""",300,304L,"1-1/2""",1.5,5.95,4.25,5.95,70,77
PB316L-CX300T1-1/2S1,"1""",300,316L,"1-1/2""",1.5,7.4,4.3,6.02,79,87
PBAL6061-CX300T1-1/2S1,"1""",300,AL-6061,"1-1/2""",1.5,5,1.43,2,45,50
PB304-CX300T1-5/8S1,"1""",300,304,"1-5/8""",1.625,5.5,4.6,6.44,70,77
PBSA36-CX300T1-5/8S1,"1""",300,SA-36,"1-5/8""",1.625,1.85,4.41,6.17,46,51
PBSA516-70-CX300T1-5/8S1,"1""",300,SA-516-70,"1-5/8""",1.625,2.15,4.41,6.17,48,53
PB304L-CX300T1-5/8S1,"1""",300,304L,"1-5/8""",1.625,5.95,4.6,6.44,73,81
PB316L-CX300T1-5/8S1,"1""",300,316L,"1-5/8""",1.625,7.4,4.66,6.52,83,92
PBAL6061-CX300T1-5/8S1,"1""",300,AL-6061,"1-5/8""",1.625,5,1.55,2.17,46,51
PB304-CX300T1-3/4S1,"1""",300,304,"1-3/4""",1.75,5.5,4.96,6.94,73,81
PBSA36-CX300T1-3/4S1,"1""",300,SA-36,"1-3/4""",1.75,1.85,4.75,6.65,47,52
PBSA516-70-CX300T1-3/4S1,"1""",300,SA-516-70,"1-3/4""",1.75,2.15,4.75,6.65,49,54
PB304L-CX300T1-3/4S1,"1""",300,304L,"1-3/4""",1.75,5.95,4.96,6.94,76,84
PB316L-CX300T1-3/4S1,"1""",300,316L,"1-3/4""",1.75,7.4,5.02,7.03,87,96
PBAL6061-CX300T1-3/4S1,"1""",300,AL-6061,"1-3/4""",1.75,5,1.67,2.34,47,52
PB304-CX300T1-7/8S1,"1""",300,304,"1-7/8""",1.875,5.5,5.31,7.43,76,84
PBSA36-CX300T1-7/8S1,"1""",300,SA-36,"1-7/8""",1.875,1.85,5.09,7.13,48,53
PBSA516-70-CX300T1-7/8S1,"1""",300,SA-516-70,"1-7/8""",1.875,2.15,5.09,7.13,50,56
PB304L-CX300T1-7/8S1,"1""",300,304L,"1-7/8""",1.875,5.95,5.31,7.43,79,87
PB316L-CX300T1-7/8S1,"1""",300,316L,"1-7/8""",1.875,7.4,5.37,7.52,90,100
PBAL6061-CX300T1-7/8S1,"1""",300,AL-6061,"1-7/8""",1.875,5,1.79,2.51,47,52
PB304-CX300T2S1,"1""",300,304,"2""",2,5.5,5.67,7.94,79,87
PBSA36-CX300T2S1,"1""",300,SA-36,"2""",2,1.85,5.43,7.6,49,54
PBSA516-70-CX300T2S1,"1""",300,SA-516-70,"2""",2,2.15,5.43,7.6,51,57
PB304L-CX300T2S1,"1""",300,304L,"2""",2,5.95,5.67,7.94,82,91
PB316L-CX300T2S1,"1""",300,316L,"2""",2,7.4,5.73,8.02,94,104
PBAL6061-CX300T2S1,"1""",300,AL-6061,"2""",2,5,1.91,2.67,48,53
PB304-CX300T2-1/4S1,"1""",300,304,"2-1/4""",2.25,5.5,6.38,8.93,84,93
PBSA36-CX300T2-1/4S1,"1""",300,SA-36,"2-1/4""",2.25,1.85,6.1,8.54,51,57
PBSA516-70-CX300T2-1/4S1,"1""",300,SA-516-70,"2-1/4""",2.25,2.15,6.1,8.54,53,59
PB304L-CX300T2-1/4S1,"1""",300,304L,"2-1/4""",2.25,5.95,6.38,8.93,88,97
PB316L-CX300T2-1/4S1,"1""",300,316L,"2-1/4""",2.25,7.4,6.45,9.03,102,113
PBAL6061-CX300T2-1/4S1,"1""",300,AL-6061,"2-1/4""",2.25,5,2.15,3.01,50,56
PB304-CX300T2-1/2S1,"1""",300,304,"2-1/2""",2.5,5.5,7.08,9.91,89,98
PBSA36-CX300T2-1/2S1,"1""",300,SA-36,"2-1/2""",2.5,1.85,6.78,9.49,52,58
PBSA516-70-CX300T2-1/2S1,"1""",300,SA-516-70,"2-1/2""",2.5,2.15,6.78,9.49,55,61
PB304L-CX300T2-1/2S1,"1""",300,304L,"2-1/2""",2.5,5.95,7.08,9.91,94,104
PB316L-CX300T2-1/2S1,"1""",300,316L,"2-1/2""",2.5,7.4,7.17,10.04,109,120
PBAL6061-CX300T2-1/2S1,"1""",300,AL-6061,"2-1/2""",2.5,5,2.39,3.35,52,58
PB304-CX300T3S1,"1""",300,304,"3""",3,5.5,8.5,11.9,100,111
PBSA36-CX300T3S1,"1""",300,SA-36,"3""",3,1.85,8.14,11.4,56,62
PBSA516-70-CX300T3S1,"1""",300,SA-516-70,"3""",3,2.15,8.14,11.4,59,65
PB304L-CX300T3S1,"1""",300,304L,"3""",3,5.95,8.5,11.9,106,117
PB316L-CX300T3S1,"1""",300,316L,"3""",3,7.4,8.6,12.04,124,137
PBAL6061-CX300T3S1,"1""",300,AL-6061,"3""",3,5,2.87,4.02,55,61
PB304-CX300T11GAS1-1/4,"1-1/4""",300,304,11 Gauge,0.1196,5.5,0.41,0.57,38,42
PBSA36-CX300T11GAS1-1/4,"1-1/4""",300,SA-36,11 Gauge,0.1196,1.85,0.39,0.55,36,40
PBSA516-70-CX300T11GAS1-1/4,"1-1/4""",300,SA-516-70,11 Gauge,0.1196,2.15,0.39,0.55,36,40
PB304L-CX300T11GAS1-1/4,"1-1/4""",300,304L,11 Gauge,0.1196,5.95,0.41,0.57,38,42
PB316L-CX300T11GAS1-1/4,"1-1/4""",300,316L,11 Gauge,0.1196,7.4,0.41,0.57,39,43
PBAL6061-CX300T11GAS1-1/4,"1-1/4""",300,AL-6061,11 Gauge,0.1196,5,0.14,0.2,36,40
PB304-CX300T1/8S1-1/4,"1-1/4""",300,304,"1/8""",0.125,5.5,0.43,0.6,38,42
PBSA36-CX300T1/8S1-1/4,"1-1/4""",300,SA-36,"1/8""",0.125,1.85,0.41,0.57,36,40
PBSA516-70-CX300T1/8S1-1/4,"1-1/4""",300,SA-516-70,"1/8""",0.125,2.15,0.41,0.57,36,40
PB304L-CX300T1/8S1-1/4,"1-1/4""",300,304L,"1/8""",0.125,5.95,0.43,0.6,38,42
PB316L-CX300T1/8S1-1/4,"1-1/4""",300,316L,"1/8""",0.125,7.4,0.43,0.6,39,43
PBAL6061-CX300T1/8S1-1/4,"1-1/4""",300,AL-6061,"1/8""",0.125,5,0.14,0.2,36,40
PB304-CX300T3/16S1-1/4,"1-1/4""",300,304,"3/16""",0.1875,5.5,0.64,0.9,40,44
PBSA36-CX300T3/16S1-1/4,"1-1/4""",300,SA-36,"3/16""",0.1875,1.85,0.61,0.85,36,40
PBSA516-70-CX300T3/16S1-1/4,"1-1/4""",300,SA-516-70,"3/16""",0.1875,2.15,0.61,0.85,37,41
PB304L-CX300T3/16S1-1/4,"1-1/4""",300,304L,"3/16""",0.1875,5.95,0.64,0.9,40,44
PB316L-CX300T3/16S1-1/4,"1-1/4""",300,316L,"3/16""",0.1875,7.4,0.65,0.91,42,47
PBAL6061-CX300T3/16S1-1/4,"1-1/4""",300,AL-6061,"3/16""",0.1875,5,0.22,0.31,36,40
PB304-CX300T1/4S1-1/4,"1-1/4""",300,304,"1/4""",0.25,5.5,0.85,1.19,41,46
PBSA36-CX300T1/4S1-1/4,"1-1/4""",300,SA-36,"1/4""",0.25,1.85,0.81,1.13,37,41
PBSA516-70-CX300T1/4S1-1/4,"1-1/4""",300,SA-516-70,"1/4""",0.25,2.15,0.81,1.13,37,41
PB304L-CX300T1/4S1-1/4,"1-1/4""",300,304L,"1/4""",0.25,5.95,0.85,1.19,42,47
PB316L-CX300T1/4S1-1/4,"1-1/4""",300,316L,"1/4""",0.25,7.4,0.86,1.2,44,49
PBAL6061-CX300T1/4S1-1/4,"1-1/4""",300,AL-6061,"1/4""",0.25,5,0.29,0.41,37,41
PB304-CX300T5/16S1-1/4,"1-1/4""",300,304,"5/16""",0.3125,5.5,1.06,1.48,43,48
PBSA36-CX300T5/16S1-1/4,"1-1/4""",300,SA-36,"5/16""",0.3125,1.85,1.02,1.43,37,41
PBSA516-70-CX300T5/16S1-1/4,"1-1/4""",300,SA-516-70,"5/16""",0.3125,2.15,1.02,1.43,38,42
PB304L-CX300T5/16S1-1/4,"1-1/4""",300,304L,"5/16""",0.3125,5.95,1.06,1.48,44,49
PB316L-CX300T5/16S1-1/4,"1-1/4""",300,316L,"5/16""",0.3125,7.4,1.08,1.51,46,51
PBAL6061-CX300T5/16S1-1/4,"1-1/4""",300,AL-6061,"5/16""",0.3125,5,0.36,0.5,37,41
PB304-CX300T3/8S1-1/4,"1-1/4""",300,304,"3/8""",0.375,5.5,1.28,1.79,45,50
PBSA36-CX300T3/8S1-1/4,"1-1/4""",300,SA-36,"3/8""",0.375,1.85,1.22,1.71,38,42
PBSA516-70-CX300T3/8S1-1/4,"1-1/4""",300,SA-516-70,"3/8""",0.375,2.15,1.22,1.71,39,43
PB304L-CX300T3/8S1-1/4,"1-1/4""",300,304L,"3/8""",0.375,5.95,1.28,1.79,45,50
PB316L-CX300T3/8S1-1/4,"1-1/4""",300,316L,"3/8""",0.375,7.4,1.29,1.81,48,53
PBAL6061-CX300T3/8S1-1/4,"1-1/4""",300,AL-6061,"3/8""",0.375,5,0.43,0.6,38,42
PB304-CX300T1/2S1-1/4,"1-1/4""",300,304,"1/2""",0.5,5.5,1.7,2.38,48,53
PBSA36-CX300T1/2S1-1/4,"1-1/4""",300,SA-36,"1/2""",0.5,1.85,1.63,2.28,39,43
PBSA516-70-CX300T1/2S1-1/4,"1-1/4""",300,SA-516-70,"1/2""",0.5,2.15,1.63,2.28,40,44
PB304L-CX300T1/2S1-1/4,"1-1/4""",300,304L,"1/2""",0.5,5.95,1.7,2.38,49,54
PB316L-CX300T1/2S1-1/4,"1-1/4""",300,316L,"1/2""",0.5,7.4,1.72,2.41,53,59
PBAL6061-CX300T1/2S1-1/4,"1-1/4""",300,AL-6061,"1/2""",0.5,5,0.57,0.8,39,43
PB304-CX300T5/8S1-1/4,"1-1/4""",300,304,"5/8""",0.625,5.5,2.13,2.98,51,57
PBSA36-CX300T5/8S1-1/4,"1-1/4""",300,SA-36,"5/8""",0.625,1.85,2.04,2.86,40,44
PBSA516-70-CX300T5/8S1-1/4,"1-1/4""",300,SA-516-70,"5/8""",0.625,2.15,2.04,2.86,41,46
PB304L-CX300T5/8S1-1/4,"1-1/4""",300,304L,"5/8""",0.625,5.95,2.13,2.98,53,59
PB316L-CX300T5/8S1-1/4,"1-1/4""",300,316L,"5/8""",0.625,7.4,2.15,3.01,57,63
PBAL6061-CX300T5/8S1-1/4,"1-1/4""",300,AL-6061,"5/8""",0.625,5,0.72,1.01,40,44
PB304-CX300T3/4S1-1/4,"1-1/4""",300,304,"3/4""",0.75,5.5,2.55,3.57,54,60
PBSA36-CX300T3/4S1-1/4,"1-1/4""",300,SA-36,"3/4""",0.75,1.85,2.44,3.42,41,46
PBSA516-70-CX300T3/4S1-1/4,"1-1/4""",300,SA-516-70,"3/4""",0.75,2.15,2.44,3.42,42,47
PB304L-CX300T3/4S1-1/4,"1-1/4""",300,304L,"3/4""",0.75,5.95,2.55,3.57,56,62
PB316L-CX300T3/4S1-1/4,"1-1/4""",300,316L,"3/4""",0.75,7.4,2.58,3.61,62,69
PBAL6061-CX300T3/4S1-1/4,"1-1/4""",300,AL-6061,"3/4""",0.75,5,0.86,1.2,41,46
PB304-CX300T7/8S1-1/4,"1-1/4""",300,304,"7/8""",0.875,5.5,2.98,4.17,58,64
PBSA36-CX300T7/8S1-1/4,"1-1/4""",300,SA-36,"7/8""",0.875,1.85,2.85,3.99,42,47
PBSA516-70-CX300T7/8S1-1/4,"1-1/4""",300,SA-516-70,"7/8""",0.875,2.15,2.85,3.99,43,48
PB304L-CX300T7/8S1-1/4,"1-1/4""",300,304L,"7/8""",0.875,5.95,2.98,4.17,60,66
PB316L-CX300T7/8S1-1/4,"1-1/4""",300,316L,"7/8""",0.875,7.4,3.01,4.21,66,73
PBAL6061-CX300T7/8S1-1/4,"1-1/4""",300,AL-6061,"7/8""",0.875,5,1,1.4,42,47
PB304-CX300T1S1-1/4,"1-1/4""",300,304,"1""",1,5.5,3.4,4.76,61,68
PBSA36-CX300T1S1-1/4,"1-1/4""",300,SA-36,"1""",1,1.85,3.26,4.56,43,48
PBSA516-70-CX300T1S1-1/4,"1-1/4""",300,SA-516-70,"1""",1,2.15,3.26,4.56,45,50
PB304L-CX300T1S1-1/4,"1-1/4""",300,304L,"1""",1,5.95,3.4,4.76,63,70
PB316L-CX300T1S1-1/4,"1-1/4""",300,316L,"1""",1,7.4,3.44,4.82,71,79
PBAL6061-CX300T1S1-1/4,"1-1/4""",300,AL-6061,"1""",1,5,1.15,1.61,43,48
PB304-CX300T1-1/8S1-1/4,"1-1/4""",300,304,"1-1/8""",1.125,5.5,3.83,5.36,64,71
PBSA36-CX300T1-1/8S1-1/4,"1-1/4""",300,SA-36,"1-1/8""",1.125,1.85,3.67,5.14,44,49
PBSA516-70-CX300T1-1/8S1-1/4,"1-1/4""",300,SA-516-70,"1-1/8""",1.125,2.15,3.67,5.14,46,51
PB304L-CX300T1-1/8S1-1/4,"1-1/4""",300,304L,"1-1/8""",1.125,5.95,3.83,5.36,67,74
PB316L-CX300T1-1/8S1-1/4,"1-1/4""",300,316L,"1-1/8""",1.125,7.4,3.87,5.42,75,83
PBAL6061-CX300T1-1/8S1-1/4,"1-1/4""",300,AL-6061,"1-1/8""",1.125,5,1.29,1.81,44,49
PB304-CX300T1-1/4S1-1/4,"1-1/4""",300,304,"1-1/4""",1.25,5.5,4.25,5.95,68,75
PBSA36-CX300T1-1/4S1-1/4,"1-1/4""",300,SA-36,"1-1/4""",1.25,1.85,4.07,5.7,45,50
PBSA516-70-CX300T1-1/4S1-1/4,"1-1/4""",300,SA-516-70,"1-1/4""",1.25,2.15,4.07,5.7,47,52
PB304L-CX300T1-1/4S1-1/4,"1-1/4""",300,304L,"1-1/4""",1.25,5.95,4.25,5.95,70,77
PB316L-CX300T1-1/4S1-1/4,"1-1/4""",300,316L,"1-1/4""",1.25,7.4,4.3,6.02,79,87
PBAL6061-CX300T1-1/4S1-1/4,"1-1/4""",300,AL-6061,"1-1/4""",1.25,5,1.43,2,45,50
PB304-CX300T1-3/8S1-1/4,"1-1/4""",300,304,"1-3/8""",1.375,5.5,4.68,6.55,71,79
PBSA36-CX300T1-3/8S1-1/4,"1-1/4""",300,SA-36,"1-3/8""",1.375,1.85,4.48,6.27,46,51
PBSA516-70-CX300T1-3/8S1-1/4,"1-1/4""",300,SA-516-70,"1-3/8""",1.375,2.15,4.48,6.27,48,53
PB304L-CX300T1-3/8S1-1/4,"1-1/4""",300,304L,"1-3/8""",1.375,5.95,4.68,6.55,74,82
PB316L-CX300T1-3/8S1-1/4,"1-1/4""",300,316L,"1-3/8""",1.375,7.4,4.73,6.62,84,93
PBAL6061-CX300T1-3/8S1-1/4,"1-1/4""",300,AL-6061,"1-3/8""",1.375,5,1.58,2.21,46,51
PB304-CX300T1-1/2S1-1/4,"1-1/4""",300,304,"1-1/2""",1.5,5.5,5.11,7.15,74,82
PBSA36-CX300T1-1/2S1-1/4,"1-1/4""",300,SA-36,"1-1/2""",1.5,1.85,4.89,6.85,48,53
PBSA516-70-CX300T1-1/2S1-1/4,"1-1/4""",300,SA-516-70,"1-1/2""",1.5,2.15,4.89,6.85,50,56
PB304L-CX300T1-1/2S1-1/4,"1-1/4""",300,304L,"1-1/2""",1.5,5.95,5.11,7.15,77,85
PB316L-CX300T1-1/2S1-1/4,"1-1/4""",300,316L,"1-1/2""",1.5,7.4,5.16,7.22,88,97
PBAL6061-CX300T1-1/2S1-1/4,"1-1/4""",300,AL-6061,"1-1/2""",1.5,5,1.72,2.41,47,52
PB304-CX300T1-5/8S1-1/4,"1-1/4""",300,304,"1-5/8""",1.625,5.5,5.53,7.74,77,85
PBSA36-CX300T1-5/8S1-1/4,"1-1/4""",300,SA-36,"1-5/8""",1.625,1.85,5.29,7.41,49,54
PBSA516-70-CX300T1-5/8S1-1/4,"1-1/4""",300,SA-516-70,"1-5/8""",1.625,2.15,5.29,7.41,51,57
PB304L-CX300T1-5/8S1-1/4,"1-1/4""",300,304L,"1-5/8""",1.625,5.95,5.53,7.74,81,90
PB316L-CX300T1-5/8S1-1/4,"1-1/4""",300,316L,"1-5/8""",1.625,7.4,5.59,7.83,93,103
PBAL6061-CX300T1-5/8S1-1/4,"1-1/4""",300,AL-6061,"1-5/8""",1.625,5,1.87,2.62,48,53
PB304-CX300T1-3/4S1-1/4,"1-1/4""",300,304,"1-3/4""",1.75,5.5,5.96,8.34,81,90
PBSA36-CX300T1-3/4S1-1/4,"1-1/4""",300,SA-36,"1-3/4""",1.75,1.85,5.7,7.98,50,56
PBSA516-70-CX300T1-3/4S1-1/4,"1-1/4""",300,SA-516-70,"1-3/4""",1.75,2.15,5.7,7.98,52,58
PB304L-CX300T1-3/4S1-1/4,"1-1/4""",300,304L,"1-3/4""",1.75,5.95,5.96,8.34,84,93
PB316L-CX300T1-3/4S1-1/4,"1-1/4""",300,316L,"1-3/4""",1.75,7.4,6.02,8.43,97,107
PBAL6061-CX300T1-3/4S1-1/4,"1-1/4""",300,AL-6061,"1-3/4""",1.75,5,2.01,2.81,49,54
PB304-CX300T1-7/8S1-1/4,"1-1/4""",300,304,"1-7/8""",1.875,5.5,6.38,8.93,84,93
PBSA36-CX300T1-7/8S1-1/4,"1-1/4""",300,SA-36,"1-7/8""",1.875,1.85,6.11,8.55,51,57
PBSA516-70-CX300T1-7/8S1-1/4,"1-1/4""",300,SA-516-70,"1-7/8""",1.875,2.15,6.11,8.55,53,59
PB304L-CX300T1-7/8S1-1/4,"1-1/4""",300,304L,"1-7/8""",1.875,5.95,6.38,8.93,88,97
PB316L-CX300T1-7/8S1-1/4,"1-1/4""",300,316L,"1-7/8""",1.875,7.4,6.45,9.03,102,113
PBAL6061-CX300T1-7/8S1-1/4,"1-1/4""",300,AL-6061,"1-7/8""",1.875,5,2.15,3.01,50,56
PB304-CX300T2S1-1/4,"1-1/4""",300,304,"2""",2,5.5,6.81,9.53,87,96
PBSA36-CX300T2S1-1/4,"1-1/4""",300,SA-36,"2""",2,1.85,6.52,9.13,52,58
PBSA516-70-CX300T2S1-1/4,"1-1/4""",300,SA-516-70,"2""",2,2.15,6.52,9.13,54,60
PB304L-CX300T2S1-1/4,"1-1/4""",300,304L,"2""",2,5.95,6.81,9.53,92,102
PB316L-CX300T2S1-1/4,"1-1/4""",300,316L,"2""",2,7.4,6.88,9.63,106,117
PBAL6061-CX300T2S1-1/4,"1-1/4""",300,AL-6061,"2""",2,5,2.3,3.22,51,57
PB304-CX300T2-1/4S1-1/4,"1-1/4""",300,304,"2-1/4""",2.25,5.5,7.66,10.72,94,104
PBSA36-CX300T2-1/4S1-1/4,"1-1/4""",300,SA-36,"2-1/4""",2.25,1.85,7.33,10.26,54,60
PBSA516-70-CX300T2-1/4S1-1/4,"1-1/4""",300,SA-516-70,"2-1/4""",2.25,2.15,7.33,10.26,57,63
PB304L-CX300T2-1/4S1-1/4,"1-1/4""",300,304L,"2-1/4""",2.25,5.95,7.66,10.72,99,109
PB316L-CX300T2-1/4S1-1/4,"1-1/4""",300,316L,"2-1/4""",2.25,7.4,7.75,10.85,115,127
PBAL6061-CX300T2-1/4S1-1/4,"1-1/4""",300,AL-6061,"2-1/4""",2.25,5,2.58,3.61,53,59
PB304-CX300T2-1/2S1-1/4,"1-1/4""",300,304,"2-1/2""",2.5,5.5,8.51,11.91,100,111
PBSA36-CX300T2-1/2S1-1/4,"1-1/4""",300,SA-36,"2-1/2""",2.5,1.85,8.14,11.4,56,62
PBSA516-70-CX300T2-1/2S1-1/4,"1-1/4""",300,SA-516-70,"2-1/2""",2.5,2.15,8.14,11.4,59,65
PB304L-CX300T2-1/2S1-1/4,"1-1/4""",300,304L,"2-1/2""",2.5,5.95,8.51,11.91,106,117
PB316L-CX300T2-1/2S1-1/4,"1-1/4""",300,316L,"2-1/2""",2.5,7.4,8.61,12.05,124,137
PBAL6061-CX300T2-1/2S1-1/4,"1-1/4""",300,AL-6061,"2-1/2""",2.5,5,2.87,4.02,55,61
PB304-CX300T3S1-1/4,"1-1/4""",300,304,"3""",3,5.5,10.21,14.29,113,125
PBSA36-CX300T3S1-1/4,"1-1/4""",300,SA-36,"3""",3,1.85,9.77,13.68,60,66
PBSA516-70-CX300T3S1-1/4,"1-1/4""",300,SA-516-70,"3""",3,2.15,9.77,13.68,64,71
PB304L-CX300T3S1-1/4,"1-1/4""",300,304L,"3""",3,5.95,10.21,14.29,120,132
PB316L-CX300T3S1-1/4,"1-1/4""",300,316L,"3""",3,7.4,10.33,14.46,142,157
PBAL6061-CX300T3S1-1/4,"1-1/4""",300,AL-6061,"3""",3,5,3.44,4.82,59,65
PB304-CX300T11GAS1-1/2,"1-1/2""",300,304,11 Gauge,0.1196,5.5,0.51,0.71,39,43
PBSA36-CX300T11GAS1-1/2,"1-1/2""",300,SA-36,11 Gauge,0.1196,1.85,0.49,0.69,36,40
PBSA516-70-CX300T11GAS1-1/2,"1-1/2""",300,SA-516-70,11 Gauge,0.1196,2.15,0.49,0.69,36,40
PB304L-CX300T11GAS1-1/2,"1-1/2""",300,304L,11 Gauge,0.1196,5.95,0.51,0.71,39,43
PB316L-CX300T11GAS1-1/2,"1-1/2""",300,316L,11 Gauge,0.1196,7.4,0.52,0.73,40,44
PBAL6061-CX300T11GAS1-1/2,"1-1/2""",300,AL-6061,11 Gauge,0.1196,5,0.17,0.24,36,40
PB304-CX300T1/8S1-1/2,"1-1/2""",300,304,"1/8""",0.125,5.5,0.54,0.76,39,43
PBSA36-CX300T1/8S1-1/2,"1-1/2""",300,SA-36,"1/8""",0.125,1.85,0.51,0.71,36,40
PBSA516-70-CX300T1/8S1-1/2,"1-1/2""",300,SA-516-70,"1/8""",0.125,2.15,0.51,0.71,36,40
PB304L-CX300T1/8S1-1/2,"1-1/2""",300,304L,"1/8""",0.125,5.95,0.54,0.76,39,43
PB316L-CX300T1/8S1-1/2,"1-1/2""",300,316L,"1/8""",0.125,7.4,0.54,0.76,40,44
PBAL6061-CX300T1/8S1-1/2,"1-1/2""",300,AL-6061,"1/8""",0.125,5,0.18,0.25,36,40
PB304-CX300T3/16S1-1/2,"1-1/2""",300,304,"3/16""",0.1875,5.5,0.81,1.13,41,46
PBSA36-CX300T3/16S1-1/2,"1-1/2""",300,SA-36,"3/16""",0.1875,1.85,0.77,1.08,37,41
PBSA516-70-CX300T3/16S1-1/2,"1-1/2""",300,SA-516-70,"3/16""",0.1875,2.15,0.77,1.08,37,41
PB304L-CX300T3/16S1-1/2,"1-1/2""",300,304L,"3/16""",0.1875,5.95,0.81,1.13,42,47
PB316L-CX300T3/16S1-1/2,"1-1/2""",300,316L,"3/16""",0.1875,7.4,0.82,1.15,43,48
PBAL6061-CX300T3/16S1-1/2,"1-1/2""",300,AL-6061,"3/16""",0.1875,5,0.27,0.38,37,41
PB304-CX300T1/4S1-1/2,"1-1/2""",300,304,"1/4""",0.25,5.5,1.07,1.5,43,48
PBSA36-CX300T1/4S1-1/2,"1-1/2""",300,SA-36,"1/4""",0.25,1.85,1.03,1.44,38,42
PBSA516-70-CX300T1/4S1-1/2,"1-1/2""",300,SA-516-70,"1/4""",0.25,2.15,1.03,1.44,38,42
PB304L-CX300T1/4S1-1/2,"1-1/2""",300,304L,"1/4""",0.25,5.95,1.07,1.5,44,49
PB316L-CX300T1/4S1-1/2,"1-1/2""",300,316L,"1/4""",0.25,7.4,1.09,1.53,46,51
PBAL6061-CX300T1/4S1-1/2,"1-1/2""",300,AL-6061,"1/4""",0.25,5,0.36,0.5,37,41
PB304-CX300T5/16S1-1/2,"1-1/2""",300,304,"5/16""",0.3125,5.5,1.34,1.88,45,50
PBSA36-CX300T5/16S1-1/2,"1-1/2""",300,SA-36,"5/16""",0.3125,1.85,1.29,1.81,38,42
PBSA516-70-CX300T5/16S1-1/2,"1-1/2""",300,SA-516-70,"5/16""",0.3125,2.15,1.29,1.81,39,43
PB304L-CX300T5/16S1-1/2,"1-1/2""",300,304L,"5/16""",0.3125,5.95,1.34,1.88,46,51
PB316L-CX300T5/16S1-1/2,"1-1/2""",300,316L,"5/16""",0.3125,7.4,1.36,1.9,49,54
PBAL6061-CX300T5/16S1-1/2,"1-1/2""",300,AL-6061,"5/16""",0.3125,5,0.45,0.63,38,42
PB304-CX300T3/8S1-1/2,"1-1/2""",300,304,"3/8""",0.375,5.5,1.61,2.25,47,52
PBSA36-CX300T3/8S1-1/2,"1-1/2""",300,SA-36,"3/8""",0.375,1.85,1.54,2.16,39,43
PBSA516-70-CX300T3/8S1-1/2,"1-1/2""",300,SA-516-70,"3/8""",0.375,2.15,1.54,2.16,39,43
PB304L-CX300T3/8S1-1/2,"1-1/2""",300,304L,"3/8""",0.375,5.95,1.61,2.25,48,53
PB316L-CX300T3/8S1-1/2,"1-1/2""",300,316L,"3/8""",0.375,7.4,1.63,2.28,52,58
PBAL6061-CX300T3/8S1-1/2,"1-1/2""",300,AL-6061,"3/8""",0.375,5,0.54,0.76,39,43
PB304-CX300T1/2S1-1/2,"1-1/2""",300,304,"1/2""",0.5,5.5,2.15,3.01,51,57
PBSA36-CX300T1/2S1-1/2,"1-1/2""",300,SA-36,"1/2""",0.5,1.85,2.06,2.88,40,44
PBSA516-70-CX300T1/2S1-1/2,"1-1/2""",300,SA-516-70,"1/2""",0.5,2.15,2.06,2.88,41,46
PB304L-CX300T1/2S1-1/2,"1-1/2""",300,304L,"1/2""",0.5,5.95,2.15,3.01,53,59
PB316L-CX300T1/2S1-1/2,"1-1/2""",300,316L,"1/2""",0.5,7.4,2.17,3.04,57,63
PBAL6061-CX300T1/2S1-1/2,"1-1/2""",300,AL-6061,"1/2""",0.5,5,0.72,1.01,40,44
PB304-CX300T5/8S1-1/2,"1-1/2""",300,304,"5/8""",0.625,5.5,2.69,3.77,56,62
PBSA36-CX300T5/8S1-1/2,"1-1/2""",300,SA-36,"5/8""",0.625,1.85,2.57,3.6,42,47
PBSA516-70-CX300T5/8S1-1/2,"1-1/2""",300,SA-516-70,"5/8""",0.625,2.15,2.57,3.6,43,48
PB304L-CX300T5/8S1-1/2,"1-1/2""",300,304L,"5/8""",0.625,5.95,2.69,3.77,57,63
PB316L-CX300T5/8S1-1/2,"1-1/2""",300,316L,"5/8""",0.625,7.4,2.72,3.81,63,70
PBAL6061-CX300T5/8S1-1/2,"1-1/2""",300,AL-6061,"5/8""",0.625,5,0.91,1.27,41,46
PB304-CX300T3/4S1-1/2,"1-1/2""",300,304,"3/4""",0.75,5.5,3.22,4.51,60,66
PBSA36-CX300T3/4S1-1/2,"1-1/2""",300,SA-36,"3/4""",0.75,1.85,3.09,4.33,43,48
PBSA516-70-CX300T3/4S1-1/2,"1-1/2""",300,SA-516-70,"3/4""",0.75,2.15,3.09,4.33,44,49
PB304L-CX300T3/4S1-1/2,"1-1/2""",300,304L,"3/4""",0.75,5.95,3.22,4.51,62,69
PB316L-CX300T3/4S1-1/2,"1-1/2""",300,316L,"3/4""",0.75,7.4,3.26,4.56,69,76
PBAL6061-CX300T3/4S1-1/2,"1-1/2""",300,AL-6061,"3/4""",0.75,5,1.09,1.53,42,47
PB304-CX300T7/8S1-1/2,"1-1/2""",300,304,"7/8""",0.875,5.5,3.76,5.26,64,71
PBSA36-CX300T7/8S1-1/2,"1-1/2""",300,SA-36,"7/8""",0.875,1.85,3.6,5.04,44,49
PBSA516-70-CX300T7/8S1-1/2,"1-1/2""",300,SA-516-70,"7/8""",0.875,2.15,3.6,5.04,46,51
PB304L-CX300T7/8S1-1/2,"1-1/2""",300,304L,"7/8""",0.875,5.95,3.76,5.26,66,73
PB316L-CX300T7/8S1-1/2,"1-1/2""",300,316L,"7/8""",0.875,7.4,3.8,5.32,74,82
PBAL6061-CX300T7/8S1-1/2,"1-1/2""",300,AL-6061,"7/8""",0.875,5,1.27,1.78,44,49
PB304-CX300T1S1-1/2,"1-1/2""",300,304,"1""",1,5.5,4.3,6.02,68,75
PBSA36-CX300T1S1-1/2,"1-1/2""",300,SA-36,"1""",1,1.85,4.11,5.75,45,50
PBSA516-70-CX300T1S1-1/2,"1-1/2""",300,SA-516-70,"1""",1,2.15,4.11,5.75,47,52
PB304L-CX300T1S1-1/2,"1-1/2""",300,304L,"1""",1,5.95,4.3,6.02,71,79
PB316L-CX300T1S1-1/2,"1-1/2""",300,316L,"1""",1,7.4,4.35,6.09,80,88
PBAL6061-CX300T1S1-1/2,"1-1/2""",300,AL-6061,"1""",1,5,1.45,2.03,45,50
PB304-CX300T1-1/8S1-1/2,"1-1/2""",300,304,"1-1/8""",1.125,5.5,4.84,6.78,72,80
PBSA36-CX300T1-1/8S1-1/2,"1-1/2""",300,SA-36,"1-1/8""",1.125,1.85,4.63,6.48,47,52
PBSA516-70-CX300T1-1/8S1-1/2,"1-1/2""",300,SA-516-70,"1-1/8""",1.125,2.15,4.63,6.48,49,54
PB304L-CX300T1-1/8S1-1/2,"1-1/2""",300,304L,"1-1/8""",1.125,5.95,4.84,6.78,75,83
PB316L-CX300T1-1/8S1-1/2,"1-1/2""",300,316L,"1-1/8""",1.125,7.4,4.89,6.85,86,95
PBAL6061-CX300T1-1/8S1-1/2,"1-1/2""",300,AL-6061,"1-1/8""",1.125,5,1.63,2.28,46,51
PB304-CX300T1-1/4S1-1/2,"1-1/2""",300,304,"1-1/4""",1.25,5.5,5.37,7.52,76,84
PBSA36-CX300T1-1/4S1-1/2,"1-1/2""",300,SA-36,"1-1/4""",1.25,1.85,5.14,7.2,48,53
PBSA516-70-CX300T1-1/4S1-1/2,"1-1/2""",300,SA-516-70,"1-1/4""",1.25,2.15,5.14,7.2,50,56
PB304L-CX300T1-1/4S1-1/2,"1-1/2""",300,304L,"1-1/4""",1.25,5.95,5.37,7.52,80,88
PB316L-CX300T1-1/4S1-1/2,"1-1/2""",300,316L,"1-1/4""",1.25,7.4,5.43,7.6,91,101
PBAL6061-CX300T1-1/4S1-1/2,"1-1/2""",300,AL-6061,"1-1/4""",1.25,5,1.81,2.53,47,52
PB304-CX300T1-3/8S1-1/2,"1-1/2""",300,304,"1-3/8""",1.375,5.5,5.91,8.27,80,88
PBSA36-CX300T1-3/8S1-1/2,"1-1/2""",300,SA-36,"1-3/8""",1.375,1.85,5.66,7.92,49,54
PBSA516-70-CX300T1-3/8S1-1/2,"1-1/2""",300,SA-516-70,"1-3/8""",1.375,2.15,5.66,7.92,52,58
PB304L-CX300T1-3/8S1-1/2,"1-1/2""",300,304L,"1-3/8""",1.375,5.95,5.91,8.27,84,93
PB316L-CX300T1-3/8S1-1/2,"1-1/2""",300,316L,"1-3/8""",1.375,7.4,5.98,8.37,97,107
PBAL6061-CX300T1-3/8S1-1/2,"1-1/2""",300,AL-6061,"1-3/8""",1.375,5,1.99,2.79,49,54
PB304-CX300T1-1/2S1-1/2,"1-1/2""",300,304,"1-1/2""",1.5,5.5,6.45,9.03,85,94
PBSA36-CX300T1-1/2S1-1/2,"1-1/2""",300,SA-36,"1-1/2""",1.5,1.85,6.17,8.64,51,57
PBSA516-70-CX300T1-1/2S1-1/2,"1-1/2""",300,SA-516-70,"1-1/2""",1.5,2.15,6.17,8.64,53,59
PB304L-CX300T1-1/2S1-1/2,"1-1/2""",300,304L,"1-1/2""",1.5,5.95,6.45,9.03,89,98
PB316L-CX300T1-1/2S1-1/2,"1-1/2""",300,316L,"1-1/2""",1.5,7.4,6.52,9.13,102,113
PBAL6061-CX300T1-1/2S1-1/2,"1-1/2""",300,AL-6061,"1-1/2""",1.5,5,2.17,3.04,50,56
PB304-CX300T1-5/8S1-1/2,"1-1/2""",300,304,"1-5/8""",1.625,5.5,6.99,9.79,89,98
PBSA36-CX300T1-5/8S1-1/2,"1-1/2""",300,SA-36,"1-5/8""",1.625,1.85,6.69,9.37,52,58
PBSA516-70-CX300T1-5/8S1-1/2,"1-1/2""",300,SA-516-70,"1-5/8""",1.625,2.15,6.69,9.37,55,61
PB304L-CX300T1-5/8S1-1/2,"1-1/2""",300,304L,"1-5/8""",1.625,5.95,6.99,9.79,93,103
PB316L-CX300T1-5/8S1-1/2,"1-1/2""",300,316L,"1-5/8""",1.625,7.4,7.06,9.88,108,119
PBAL6061-CX300T1-5/8S1-1/2,"1-1/2""",300,AL-6061,"1-5/8""",1.625,5,2.36,3.3,51,57
PB304-CX300T1-3/4S1-1/2,"1-1/2""",300,304,"1-3/4""",1.75,5.5,7.52,10.53,93,103
PBSA36-CX300T1-3/4S1-1/2,"1-1/2""",300,SA-36,"1-3/4""",1.75,1.85,7.2,10.08,53,59
PBSA516-70-CX300T1-3/4S1-1/2,"1-1/2""",300,SA-516-70,"1-3/4""",1.75,2.15,7.2,10.08,57,63
PB304L-CX300T1-3/4S1-1/2,"1-1/2""",300,304L,"1-3/4""",1.75,5.95,7.52,10.53,98,108
PB316L-CX300T1-3/4S1-1/2,"1-1/2""",300,316L,"1-3/4""",1.75,7.4,7.61,10.65,114,126
PBAL6061-CX300T1-3/4S1-1/2,"1-1/2""",300,AL-6061,"1-3/4""",1.75,5,2.54,3.56,53,59
PB304-CX300T1-7/8S1-1/2,"1-1/2""",300,304,"1-7/8""",1.875,5.5,8.06,11.28,97,107
PBSA36-CX300T1-7/8S1-1/2,"1-1/2""",300,SA-36,"1-7/8""",1.875,1.85,7.71,10.79,55,61
PBSA516-70-CX300T1-7/8S1-1/2,"1-1/2""",300,SA-516-70,"1-7/8""",1.875,2.15,7.71,10.79,58,64
PB304L-CX300T1-7/8S1-1/2,"1-1/2""",300,304L,"1-7/8""",1.875,5.95,8.06,11.28,102,113
PB316L-CX300T1-7/8S1-1/2,"1-1/2""",300,316L,"1-7/8""",1.875,7.4,8.15,11.41,119,131
PBAL6061-CX300T1-7/8S1-1/2,"1-1/2""",300,AL-6061,"1-7/8""",1.875,5,2.72,3.81,54,60
PB304-CX300T2S1-1/2,"1-1/2""",300,304,"2""",2,5.5,8.6,12.04,101,112
PBSA36-CX300T2S1-1/2,"1-1/2""",300,SA-36,"2""",2,1.85,8.23,11.52,56,62
PBSA516-70-CX300T2S1-1/2,"1-1/2""",300,SA-516-70,"2""",2,2.15,8.23,11.52,60,66
PB304L-CX300T2S1-1/2,"1-1/2""",300,304L,"2""",2,5.95,8.6,12.04,106,117
PB316L-CX300T2S1-1/2,"1-1/2""",300,316L,"2""",2,7.4,8.69,12.17,125,138
PBAL6061-CX300T2S1-1/2,"1-1/2""",300,AL-6061,"2""",2,5,2.9,4.06,55,61
PB304-CX300T2-1/4S1-1/2,"1-1/2""",300,304,"2-1/4""",2.25,5.5,9.67,13.54,109,120
PBSA36-CX300T2-1/4S1-1/2,"1-1/2""",300,SA-36,"2-1/4""",2.25,1.85,9.26,12.96,59,65
PBSA516-70-CX300T2-1/4S1-1/2,"1-1/2""",300,SA-516-70,"2-1/4""",2.25,2.15,9.26,12.96,63,70
PB304L-CX300T2-1/4S1-1/2,"1-1/2""",300,304L,"2-1/4""",2.25,5.95,9.67,13.54,115,127
PB316L-CX300T2-1/4S1-1/2,"1-1/2""",300,316L,"2-1/4""",2.25,7.4,9.78,13.69,136,150
PBAL6061-CX300T2-1/4S1-1/2,"1-1/2""",300,AL-6061,"2-1/4""",2.25,5,3.26,4.56,58,64
PB304-CX300T2-1/2S1-1/2,"1-1/2""",300,304,"2-1/2""",2.5,5.5,10.75,15.05,118,130
PBSA36-CX300T2-1/2S1-1/2,"1-1/2""",300,SA-36,"2-1/2""",2.5,1.85,10.29,14.41,62,69
PBSA516-70-CX300T2-1/2S1-1/2,"1-1/2""",300,SA-516-70,"2-1/2""",2.5,2.15,10.29,14.41,66,73
PB304L-CX300T2-1/2S1-1/2,"1-1/2""",300,304L,"2-1/2""",2.5,5.95,10.75,15.05,124,137
PB316L-CX300T2-1/2S1-1/2,"1-1/2""",300,316L,"2-1/2""",2.5,7.4,10.87,15.22,147,162
PBAL6061-CX300T2-1/2S1-1/2,"1-1/2""",300,AL-6061,"2-1/2""",2.5,5,3.62,5.07,60,66
PB304-CX300T3S1-1/2,"1-1/2""",300,304,"3""",3,5.5,12.9,18.06,134,148
PBSA36-CX300T3S1-1/2,"1-1/2""",300,SA-36,"3""",3,1.85,12.34,17.28,67,74
PBSA516-70-CX300T3S1-1/2,"1-1/2""",300,SA-516-70,"3""",3,2.15,12.34,17.28,72,80
PB304L-CX300T3S1-1/2,"1-1/2""",300,304L,"3""",3,5.95,12.9,18.06,142,157
PB316L-CX300T3S1-1/2,"1-1/2""",300,316L,"3""",3,7.4,13.04,18.26,170,188
PBAL6061-CX300T3S1-1/2,"1-1/2""",300,AL-6061,"3""",3,5,4.35,6.09,65,72
PB304-CX300T11GAS2,"2""",300,304,11 Gauge,0.1196,5.5,0.67,0.94,40,44
PBSA36-CX300T11GAS2,"2""",300,SA-36,11 Gauge,0.1196,1.85,0.64,0.9,37,41
PBSA516-70-CX300T11GAS2,"2""",300,SA-516-70,11 Gauge,0.1196,2.15,0.64,0.9,37,41
PB304L-CX300T11GAS2,"2""",300,304L,11 Gauge,0.1196,5.95,0.67,0.94,40,44
PB316L-CX300T11GAS2,"2""",300,316L,11 Gauge,0.1196,7.4,0.68,0.95,42,47
PBAL6061-CX300T11GAS2,"2""",300,AL-6061,11 Gauge,0.1196,5,0.23,0.32,36,40
PB304-CX300T1/8S2,"2""",300,304,"1/8""",0.125,5.5,0.7,0.98,40,44
PBSA36-CX300T1/8S2,"2""",300,SA-36,"1/8""",0.125,1.85,0.67,0.94,37,41
PBSA516-70-CX300T1/8S2,"2""",300,SA-516-70,"1/8""",0.125,2.15,0.67,0.94,37,41
PB304L-CX300T1/8S2,"2""",300,304L,"1/8""",0.125,5.95,0.7,0.98,41,46
PB316L-CX300T1/8S2,"2""",300,316L,"1/8""",0.125,7.4,0.71,0.99,42,47
PBAL6061-CX300T1/8S2,"2""",300,AL-6061,"1/8""",0.125,5,0.24,0.34,37,41
PB304-CX300T3/16S2,"2""",300,304,"3/16""",0.1875,5.5,1.05,1.47,43,48
PBSA36-CX300T3/16S2,"2""",300,SA-36,"3/16""",0.1875,1.85,1,1.4,37,41
PBSA516-70-CX300T3/16S2,"2""",300,SA-516-70,"3/16""",0.1875,2.15,1,1.4,38,42
PB304L-CX300T3/16S2,"2""",300,304L,"3/16""",0.1875,5.95,1.05,1.47,44,49
PB316L-CX300T3/16S2,"2""",300,316L,"3/16""",0.1875,7.4,1.06,1.48,46,51
PBAL6061-CX300T3/16S2,"2""",300,AL-6061,"3/16""",0.1875,5,0.35,0.49,37,41
PB304-CX300T1/4S2,"2""",300,304,"1/4""",0.25,5.5,1.4,1.96,46,51
PBSA36-CX300T1/4S2,"2""",300,SA-36,"1/4""",0.25,1.85,1.34,1.88,38,42
PBSA516-70-CX300T1/4S2,"2""",300,SA-516-70,"1/4""",0.25,2.15,1.34,1.88,39,43
PB304L-CX300T1/4S2,"2""",300,304L,"1/4""",0.25,5.95,1.4,1.96,47,52
PB316L-CX300T1/4S2,"2""",300,316L,"1/4""",0.25,7.4,1.41,1.97,49,54
PBAL6061-CX300T1/4S2,"2""",300,AL-6061,"1/4""",0.25,5,0.47,0.66,38,42
PB304-CX300T5/16S2,"2""",300,304,"5/16""",0.3125,5.5,1.74,2.44,48,53
PBSA36-CX300T5/16S2,"2""",300,SA-36,"5/16""",0.3125,1.85,1.67,2.34,39,43
PBSA516-70-CX300T5/16S2,"2""",300,SA-516-70,"5/16""",0.3125,2.15,1.67,2.34,40,44
PB304L-CX300T5/16S2,"2""",300,304L,"5/16""",0.3125,5.95,1.74,2.44,49,54
PB316L-CX300T5/16S2,"2""",300,316L,"5/16""",0.3125,7.4,1.76,2.46,53,59
PBAL6061-CX300T5/16S2,"2""",300,AL-6061,"5/16""",0.3125,5,0.59,0.83,39,43
PB304-CX300T3/8S2,"2""",300,304,"3/8""",0.375,5.5,2.09,2.93,51,57
PBSA36-CX300T3/8S2,"2""",300,SA-36,"3/8""",0.375,1.85,2,2.8,40,44
PBSA516-70-CX300T3/8S2,"2""",300,SA-516-70,"3/8""",0.375,2.15,2,2.8,41,46
PB304L-CX300T3/8S2,"2""",300,304L,"3/8""",0.375,5.95,2.09,2.93,52,58
PB316L-CX300T3/8S2,"2""",300,316L,"3/8""",0.375,7.4,2.12,2.97,57,63
PBAL6061-CX300T3/8S2,"2""",300,AL-6061,"3/8""",0.375,5,0.71,0.99,40,44
PB304-CX300T1/2S2,"2""",300,304,"1/2""",0.5,5.5,2.79,3.91,56,62
PBSA36-CX300T1/2S2,"2""",300,SA-36,"1/2""",0.5,1.85,2.67,3.74,42,47
PBSA516-70-CX300T1/2S2,"2""",300,SA-516-70,"1/2""",0.5,2.15,2.67,3.74,43,48
PB304L-CX300T1/2S2,"2""",300,304L,"1/2""",0.5,5.95,2.79,3.91,58,64
PB316L-CX300T1/2S2,"2""",300,316L,"1/2""",0.5,7.4,2.82,3.95,64,71
PBAL6061-CX300T1/2S2,"2""",300,AL-6061,"1/2""",0.5,5,0.94,1.32,41,46
PB304-CX300T5/8S2,"2""",300,304,"5/8""",0.625,5.5,3.49,4.89,62,69
PBSA36-CX300T5/8S2,"2""",300,SA-36,"5/8""",0.625,1.85,3.34,4.68,44,49
PBSA516-70-CX300T5/8S2,"2""",300,SA-516-70,"5/8""",0.625,2.15,3.34,4.68,45,50
PB304L-CX300T5/8S2,"2""",300,304L,"5/8""",0.625,5.95,3.49,4.89,64,71
PB316L-CX300T5/8S2,"2""",300,316L,"5/8""",0.625,7.4,3.53,4.94,71,79
PBAL6061-CX300T5/8S2,"2""",300,AL-6061,"5/8""",0.625,5,1.18,1.65,43,48
PB304-CX300T3/4S2,"2""",300,304,"3/4""",0.75,5.5,4.19,5.87,67,74
PBSA36-CX300T3/4S2,"2""",300,SA-36,"3/4""",0.75,1.85,4.01,5.61,45,50
PBSA516-70-CX300T3/4S2,"2""",300,SA-516-70,"3/4""",0.75,2.15,4.01,5.61,47,52
PB304L-CX300T3/4S2,"2""",300,304L,"3/4""",0.75,5.95,4.19,5.87,70,77
PB316L-CX300T3/4S2,"2""",300,316L,"3/4""",0.75,7.4,4.23,5.92,79,87
PBAL6061-CX300T3/4S2,"2""",300,AL-6061,"3/4""",0.75,5,1.41,1.97,45,50
PB304-CX300T7/8S2,"2""",300,304,"7/8""",0.875,5.5,4.88,6.83,72,80
PBSA36-CX300T7/8S2,"2""",300,SA-36,"7/8""",0.875,1.85,4.67,6.54,47,52
PBSA516-70-CX300T7/8S2,"2""",300,SA-516-70,"7/8""",0.875,2.15,4.67,6.54,49,54
PB304L-CX300T7/8S2,"2""",300,304L,"7/8""",0.875,5.95,4.88,6.83,75,83
PB316L-CX300T7/8S2,"2""",300,316L,"7/8""",0.875,7.4,4.94,6.92,86,95
PBAL6061-CX300T7/8S2,"2""",300,AL-6061,"7/8""",0.875,5,1.65,2.31,46,51
PB304-CX300T1S2,"2""",300,304,"1""",1,5.5,5.58,7.81,78,86
PBSA36-CX300T1S2,"2""",300,SA-36,"1""",1,1.85,5.34,7.48,49,54
PBSA516-70-CX300T1S2,"2""",300,SA-516-70,"1""",1,2.15,5.34,7.48,51,57
PB304L-CX300T1S2,"2""",300,304L,"1""",1,5.95,5.58,7.81,81,90
PB316L-CX300T1S2,"2""",300,316L,"1""",1,7.4,5.64,7.9,93,103
PBAL6061-CX300T1S2,"2""",300,AL-6061,"1""",1,5,1.88,2.63,48,53
PB304-CX300T1-1/8S2,"2""",300,304,"1-1/8""",1.125,5.5,6.28,8.79,83,92
PBSA36-CX300T1-1/8S2,"2""",300,SA-36,"1-1/8""",1.125,1.85,6.01,8.41,50,56
PBSA516-70-CX300T1-1/8S2,"2""",300,SA-516-70,"1-1/8""",1.125,2.15,6.01,8.41,53,59
PB304L-CX300T1-1/8S2,"2""",300,304L,"1-1/8""",1.125,5.95,6.28,8.79,87,96
PB316L-CX300T1-1/8S2,"2""",300,316L,"1-1/8""",1.125,7.4,6.35,8.89,101,112
PBAL6061-CX300T1-1/8S2,"2""",300,AL-6061,"1-1/8""",1.125,5,2.12,2.97,50,56
PB304-CX300T1-1/4S2,"2""",300,304,"1-1/4""",1.25,5.5,6.98,9.77,89,98
PBSA36-CX300T1-1/4S2,"2""",300,SA-36,"1-1/4""",1.25,1.85,6.68,9.35,52,58
PBSA516-70-CX300T1-1/4S2,"2""",300,SA-516-70,"1-1/4""",1.25,2.15,6.68,9.35,55,61
PB304L-CX300T1-1/4S2,"2""",300,304L,"1-1/4""",1.25,5.95,6.98,9.77,93,103
PB316L-CX300T1-1/4S2,"2""",300,316L,"1-1/4""",1.25,7.4,7.05,9.87,108,119
PBAL6061-CX300T1-1/4S2,"2""",300,AL-6061,"1-1/4""",1.25,5,2.35,3.29,51,57
PB304-CX300T1-3/8S2,"2""",300,304,"1-3/8""",1.375,5.5,7.67,10.74,94,104
PBSA36-CX300T1-3/8S2,"2""",300,SA-36,"1-3/8""",1.375,1.85,7.34,10.28,54,60
PBSA516-70-CX300T1-3/8S2,"2""",300,SA-516-70,"1-3/8""",1.375,2.15,7.34,10.28,57,63
PB304L-CX300T1-3/8S2,"2""",300,304L,"1-3/8""",1.375,5.95,7.67,10.74,99,109
PB316L-CX300T1-3/8S2,"2""",300,316L,"1-3/8""",1.375,7.4,7.76,10.86,115,127
PBAL6061-CX300T1-3/8S2,"2""",300,AL-6061,"1-3/8""",1.375,5,2.59,3.63,53,59
PB304-CX300T1-1/2S2,"2""",300,304,"1-1/2""",1.5,5.5,8.37,11.72,99,109
PBSA36-CX300T1-1/2S2,"2""",300,SA-36,"1-1/2""",1.5,1.85,8.01,11.21,56,62
PBSA516-70-CX300T1-1/2S2,"2""",300,SA-516-70,"1-1/2""",1.5,2.15,8.01,11.21,59,65
PB304L-CX300T1-1/2S2,"2""",300,304L,"1-1/2""",1.5,5.95,8.37,11.72,105,116
PB316L-CX300T1-1/2S2,"2""",300,316L,"1-1/2""",1.5,7.4,8.47,11.86,123,136
PBAL6061-CX300T1-1/2S2,"2""",300,AL-6061,"1-1/2""",1.5,5,2.82,3.95,55,61
PB304-CX300T1-5/8S2,"2""",300,304,"1-5/8""",1.625,5.5,9.07,12.7,105,116
PBSA36-CX300T1-5/8S2,"2""",300,SA-36,"1-5/8""",1.625,1.85,8.68,12.15,57,63
PBSA516-70-CX300T1-5/8S2,"2""",300,SA-516-70,"1-5/8""",1.625,2.15,8.68,12.15,61,68
PB304L-CX300T1-5/8S2,"2""",300,304L,"1-5/8""",1.625,5.95,9.07,12.7,110,122
PB316L-CX300T1-5/8S2,"2""",300,316L,"1-5/8""",1.625,7.4,9.17,12.84,130,143
PBAL6061-CX300T1-5/8S2,"2""",300,AL-6061,"1-5/8""",1.625,5,3.06,4.28,56,62
PB304-CX300T1-3/4S2,"2""",300,304,"1-3/4""",1.75,5.5,9.77,13.68,110,122
PBSA36-CX300T1-3/4S2,"2""",300,SA-36,"1-3/4""",1.75,1.85,9.35,13.09,59,65
PBSA516-70-CX300T1-3/4S2,"2""",300,SA-516-70,"1-3/4""",1.75,2.15,9.35,13.09,63,70
PB304L-CX300T1-3/4S2,"2""",300,304L,"1-3/4""",1.75,5.95,9.77,13.68,116,128
PB316L-CX300T1-3/4S2,"2""",300,316L,"1-3/4""",1.75,7.4,9.88,13.83,137,151
PBAL6061-CX300T1-3/4S2,"2""",300,AL-6061,"1-3/4""",1.75,5,3.29,4.61,58,64
PB304-CX300T1-7/8S2,"2""",300,304,"1-7/8""",1.875,5.5,10.46,14.64,115,127
PBSA36-CX300T1-7/8S2,"2""",300,SA-36,"1-7/8""",1.875,1.85,10.02,14.03,61,68
PBSA516-70-CX300T1-7/8S2,"2""",300,SA-516-70,"1-7/8""",1.875,2.15,10.02,14.03,65,72
PB304L-CX300T1-7/8S2,"2""",300,304L,"1-7/8""",1.875,5.95,10.46,14.64,122,135
PB316L-CX300T1-7/8S2,"2""",300,316L,"1-7/8""",1.875,7.4,10.58,14.81,144,159
PBAL6061-CX300T1-7/8S2,"2""",300,AL-6061,"1-7/8""",1.875,5,3.53,4.94,60,66
PB304-CX300T2S2,"2""",300,304,"2""",2,5.5,11.16,15.62,121,134
PBSA36-CX300T2S2,"2""",300,SA-36,"2""",2,1.85,10.68,14.95,63,70
PBSA516-70-CX300T2S2,"2""",300,SA-516-70,"2""",2,2.15,10.68,14.95,67,74
PB304L-CX300T2S2,"2""",300,304L,"2""",2,5.95,11.16,15.62,128,141
PB316L-CX300T2S2,"2""",300,316L,"2""",2,7.4,11.29,15.81,152,168
PBAL6061-CX300T2S2,"2""",300,AL-6061,"2""",2,5,3.76,5.26,61,68
PB304-CX300T2-1/4S2,"2""",300,304,"2-1/4""",2.25,5.5,12.56,17.58,132,146
PBSA36-CX300T2-1/4S2,"2""",300,SA-36,"2-1/4""",2.25,1.85,12.02,16.83,66,73
PBSA516-70-CX300T2-1/4S2,"2""",300,SA-516-70,"2-1/4""",2.25,2.15,12.02,16.83,71,79
PB304L-CX300T2-1/4S2,"2""",300,304L,"2-1/4""",2.25,5.95,12.56,17.58,139,153
PB316L-CX300T2-1/4S2,"2""",300,316L,"2-1/4""",2.25,7.4,12.7,17.78,166,183
PBAL6061-CX300T2-1/4S2,"2""",300,AL-6061,"2-1/4""",2.25,5,4.23,5.92,64,71
PB304-CX300T2-1/2S2,"2""",300,304,"2-1/2""",2.5,5.5,13.95,19.53,142,157
PBSA36-CX300T2-1/2S2,"2""",300,SA-36,"2-1/2""",2.5,1.85,13.35,18.69,69,76
PBSA516-70-CX300T2-1/2S2,"2""",300,SA-516-70,"2-1/2""",2.5,2.15,13.35,18.69,75,83
PB304L-CX300T2-1/2S2,"2""",300,304L,"2-1/2""",2.5,5.95,13.95,19.53,151,167
PB316L-CX300T2-1/2S2,"2""",300,316L,"2-1/2""",2.5,7.4,14.11,19.75,181,200
PBAL6061-CX300T2-1/2S2,"2""",300,AL-6061,"2-1/2""",2.5,5,4.71,6.59,68,75
PB304-CX300T3S2,"2""",300,304,"3""",3,5.5,16.74,23.44,164,181
PBSA36-CX300T3S2,"2""",300,SA-36,"3""",3,1.85,16.03,22.44,76,84
PBSA516-70-CX300T3S2,"2""",300,SA-516-70,"3""",3,2.15,16.03,22.44,83,92
PB304L-CX300T3S2,"2""",300,304L,"3""",3,5.95,16.74,23.44,174,192
PB316L-CX300T3S2,"2""",300,316L,"3""",3,7.4,16.93,23.7,210,232
PBAL6061-CX300T3S2,"2""",300,AL-6061,"3""",3,5,5.65,7.91,74,82
PB304-CX300T11GAS2-1/2,"2-1/2""",300,304,11 Gauge,0.1196,5.5,0.91,1.27,42,47
PBSA36-CX300T11GAS2-1/2,"2-1/2""",300,SA-36,11 Gauge,0.1196,1.85,0.87,1.22,37,41
PBSA516-70-CX300T11GAS2-1/2,"2-1/2""",300,SA-516-70,11 Gauge,0.1196,2.15,0.87,1.22,37,41
PB304L-CX300T11GAS2-1/2,"2-1/2""",300,304L,11 Gauge,0.1196,5.95,0.91,1.27,42,47
PB316L-CX300T11GAS2-1/2,"2-1/2""",300,316L,11 Gauge,0.1196,7.4,0.92,1.29,44,49
PBAL6061-CX300T11GAS2-1/2,"2-1/2""",300,AL-6061,11 Gauge,0.1196,5,0.31,0.43,37,41
PB304-CX300T1/8S2-1/2,"2-1/2""",300,304,"1/8""",0.125,5.5,0.95,1.33,42,47
PBSA36-CX300T1/8S2-1/2,"2-1/2""",300,SA-36,"1/8""",0.125,1.85,0.91,1.27,37,41
PBSA516-70-CX300T1/8S2-1/2,"2-1/2""",300,SA-516-70,"1/8""",0.125,2.15,0.91,1.27,38,42
PB304L-CX300T1/8S2-1/2,"2-1/2""",300,304L,"1/8""",0.125,5.95,0.95,1.33,43,48
PB316L-CX300T1/8S2-1/2,"2-1/2""",300,316L,"1/8""",0.125,7.4,0.97,1.36,45,50
PBAL6061-CX300T1/8S2-1/2,"2-1/2""",300,AL-6061,"1/8""",0.125,5,0.32,0.45,37,41
PB304-CX300T3/16S2-1/2,"2-1/2""",300,304,"3/16""",0.1875,5.5,1.43,2,46,51
PBSA36-CX300T3/16S2-1/2,"2-1/2""",300,SA-36,"3/16""",0.1875,1.85,1.37,1.92,38,42
PBSA516-70-CX300T3/16S2-1/2,"2-1/2""",300,SA-516-70,"3/16""",0.1875,2.15,1.37,1.92,39,43
PB304L-CX300T3/16S2-1/2,"2-1/2""",300,304L,"3/16""",0.1875,5.95,1.43,2,47,52
PB316L-CX300T3/16S2-1/2,"2-1/2""",300,316L,"3/16""",0.1875,7.4,1.45,2.03,50,56
PBAL6061-CX300T3/16S2-1/2,"2-1/2""",300,AL-6061,"3/16""",0.1875,5,0.48,0.67,38,42
PB304-CX300T1/4S2-1/2,"2-1/2""",300,304,"1/4""",0.25,5.5,1.91,2.67,50,56
PBSA36-CX300T1/4S2-1/2,"2-1/2""",300,SA-36,"1/4""",0.25,1.85,1.83,2.56,40,44
PBSA516-70-CX300T1/4S2-1/2,"2-1/2""",300,SA-516-70,"1/4""",0.25,2.15,1.83,2.56,40,44
PB304L-CX300T1/4S2-1/2,"2-1/2""",300,304L,"1/4""",0.25,5.95,1.91,2.67,51,57
PB316L-CX300T1/4S2-1/2,"2-1/2""",300,316L,"1/4""",0.25,7.4,1.93,2.7,55,61
PBAL6061-CX300T1/4S2-1/2,"2-1/2""",300,AL-6061,"1/4""",0.25,5,0.64,0.9,39,43
PB304-CX300T5/16S2-1/2,"2-1/2""",300,304,"5/16""",0.3125,5.5,2.39,3.35,53,59
PBSA36-CX300T5/16S2-1/2,"2-1/2""",300,SA-36,"5/16""",0.3125,1.85,2.28,3.19,41,46
PBSA516-70-CX300T5/16S2-1/2,"2-1/2""",300,SA-516-70,"5/16""",0.3125,2.15,2.28,3.19,42,47
PB304L-CX300T5/16S2-1/2,"2-1/2""",300,304L,"5/16""",0.3125,5.95,2.39,3.35,55,61
PB316L-CX300T5/16S2-1/2,"2-1/2""",300,316L,"5/16""",0.3125,7.4,2.41,3.37,60,66
PBAL6061-CX300T5/16S2-1/2,"2-1/2""",300,AL-6061,"5/16""",0.3125,5,0.8,1.12,40,44
PB304-CX300T3/8S2-1/2,"2-1/2""",300,304,"3/8""",0.375,5.5,2.86,4,57,63
PBSA36-CX300T3/8S2-1/2,"2-1/2""",300,SA-36,"3/8""",0.375,1.85,2.74,3.84,42,47
PBSA516-70-CX300T3/8S2-1/2,"2-1/2""",300,SA-516-70,"3/8""",0.375,2.15,2.74,3.84,43,48
PB304L-CX300T3/8S2-1/2,"2-1/2""",300,304L,"3/8""",0.375,5.95,2.86,4,59,65
PB316L-CX300T3/8S2-1/2,"2-1/2""",300,316L,"3/8""",0.375,7.4,2.9,4.06,65,72
PBAL6061-CX300T3/8S2-1/2,"2-1/2""",300,AL-6061,"3/8""",0.375,5,0.97,1.36,42,47
PB304-CX300T1/2S2-1/2,"2-1/2""",300,304,"1/2""",0.5,5.5,3.82,5.35,64,71
PBSA36-CX300T1/2S2-1/2,"2-1/2""",300,SA-36,"1/2""",0.5,1.85,3.66,5.12,44,49
PBSA516-70-CX300T1/2S2-1/2,"2-1/2""",300,SA-516-70,"1/2""",0.5,2.15,3.66,5.12,46,51
PB304L-CX300T1/2S2-1/2,"2-1/2""",300,304L,"1/2""",0.5,5.95,3.82,5.35,67,74
PB316L-CX300T1/2S2-1/2,"2-1/2""",300,316L,"1/2""",0.5,7.4,3.86,5.4,75,83
PBAL6061-CX300T1/2S2-1/2,"2-1/2""",300,AL-6061,"1/2""",0.5,5,1.29,1.81,44,49
PB304-CX300T5/8S2-1/2,"2-1/2""",300,304,"5/8""",0.625,5.5,4.77,6.68,72,80
PBSA36-CX300T5/8S2-1/2,"2-1/2""",300,SA-36,"5/8""",0.625,1.85,4.57,6.4,47,52
PBSA516-70-CX300T5/8S2-1/2,"2-1/2""",300,SA-516-70,"5/8""",0.625,2.15,4.57,6.4,49,54
PB304L-CX300T5/8S2-1/2,"2-1/2""",300,304L,"5/8""",0.625,5.95,4.77,6.68,75,83
PB316L-CX300T5/8S2-1/2,"2-1/2""",300,316L,"5/8""",0.625,7.4,4.83,6.76,85,94
PBAL6061-CX300T5/8S2-1/2,"2-1/2""",300,AL-6061,"5/8""",0.625,5,1.61,2.25,46,51
PB304-CX300T3/4S2-1/2,"2-1/2""",300,304,"3/4""",0.75,5.5,5.73,8.02,79,87
PBSA36-CX300T3/4S2-1/2,"2-1/2""",300,SA-36,"3/4""",0.75,1.85,5.48,7.67,49,54
PBSA516-70-CX300T3/4S2-1/2,"2-1/2""",300,SA-516-70,"3/4""",0.75,2.15,5.48,7.67,51,57
PB304L-CX300T3/4S2-1/2,"2-1/2""",300,304L,"3/4""",0.75,5.95,5.73,8.02,83,92
PB316L-CX300T3/4S2-1/2,"2-1/2""",300,316L,"3/4""",0.75,7.4,5.79,8.11,95,105
PBAL6061-CX300T3/4S2-1/2,"2-1/2""",300,AL-6061,"3/4""",0.75,5,1.93,2.7,48,53
PB304-CX300T7/8S2-1/2,"2-1/2""",300,304,"7/8""",0.875,5.5,6.68,9.35,86,95
PBSA36-CX300T7/8S2-1/2,"2-1/2""",300,SA-36,"7/8""",0.875,1.85,6.4,8.96,51,57
PBSA516-70-CX300T7/8S2-1/2,"2-1/2""",300,SA-516-70,"7/8""",0.875,2.15,6.4,8.96,54,60
PB304L-CX300T7/8S2-1/2,"2-1/2""",300,304L,"7/8""",0.875,5.95,6.68,9.35,90,100
PB316L-CX300T7/8S2-1/2,"2-1/2""",300,316L,"7/8""",0.875,7.4,6.76,9.46,105,116
PBAL6061-CX300T7/8S2-1/2,"2-1/2""",300,AL-6061,"7/8""",0.875,5,2.25,3.15,51,57
PB304-CX300T1S2-1/2,"2-1/2""",300,304,"1""",1,5.5,7.64,10.7,94,104
PBSA36-CX300T1S2-1/2,"2-1/2""",300,SA-36,"1""",1,1.85,7.31,10.23,54,60
PBSA516-70-CX300T1S2-1/2,"2-1/2""",300,SA-516-70,"1""",1,2.15,7.31,10.23,57,63
PB304L-CX300T1S2-1/2,"2-1/2""",300,304L,"1""",1,5.95,7.64,10.7,99,109
PB316L-CX300T1S2-1/2,"2-1/2""",300,316L,"1""",1,7.4,7.72,10.81,115,127
PBAL6061-CX300T1S2-1/2,"2-1/2""",300,AL-6061,"1""",1,5,2.58,3.61,53,59
PB304-CX300T1-1/8S2-1/2,"2-1/2""",300,304,"1-1/8""",1.125,5.5,8.59,12.03,101,112
PBSA36-CX300T1-1/8S2-1/2,"2-1/2""",300,SA-36,"1-1/8""",1.125,1.85,8.22,11.51,56,62
PBSA516-70-CX300T1-1/8S2-1/2,"2-1/2""",300,SA-516-70,"1-1/8""",1.125,2.15,8.22,11.51,60,66
PB304L-CX300T1-1/8S2-1/2,"2-1/2""",300,304L,"1-1/8""",1.125,5.95,8.59,12.03,106,117
PB316L-CX300T1-1/8S2-1/2,"2-1/2""",300,316L,"1-1/8""",1.125,7.4,8.69,12.17,125,138
PBAL6061-CX300T1-1/8S2-1/2,"2-1/2""",300,AL-6061,"1-1/8""",1.125,5,2.9,4.06,55,61
PB304-CX300T1-1/4S2-1/2,"2-1/2""",300,304,"1-1/4""",1.25,5.5,9.55,13.37,108,119
PBSA36-CX300T1-1/4S2-1/2,"2-1/2""",300,SA-36,"1-1/4""",1.25,1.85,9.14,12.8,59,65
PBSA516-70-CX300T1-1/4S2-1/2,"2-1/2""",300,SA-516-70,"1-1/4""",1.25,2.15,9.14,12.8,62,69
PB304L-CX300T1-1/4S2-1/2,"2-1/2""",300,304L,"1-1/4""",1.25,5.95,9.55,13.37,114,126
PB316L-CX300T1-1/4S2-1/2,"2-1/2""",300,316L,"1-1/4""",1.25,7.4,9.66,13.52,135,149
PBAL6061-CX300T1-1/4S2-1/2,"2-1/2""",300,AL-6061,"1-1/4""",1.25,5,3.22,4.51,57,63
PB304-CX300T1-3/8S2-1/2,"2-1/2""",300,304,"1-3/8""",1.375,5.5,10.5,14.7,116,128
PBSA36-CX300T1-3/8S2-1/2,"2-1/2""",300,SA-36,"1-3/8""",1.375,1.85,10.05,14.07,61,68
PBSA516-70-CX300T1-3/8S2-1/2,"2-1/2""",300,SA-516-70,"1-3/8""",1.375,2.15,10.05,14.07,65,72
PB304L-CX300T1-3/8S2-1/2,"2-1/2""",300,304L,"1-3/8""",1.375,5.95,10.5,14.7,122,135
PB316L-CX300T1-3/8S2-1/2,"2-1/2""",300,316L,"1-3/8""",1.375,7.4,10.62,14.87,145,160
PBAL6061-CX300T1-3/8S2-1/2,"2-1/2""",300,AL-6061,"1-3/8""",1.375,5,3.54,4.96,60,66
PB304-CX300T1-1/2S2-1/2,"2-1/2""",300,304,"1-1/2""",1.5,5.5,11.46,16.04,123,136
PBSA36-CX300T1-1/2S2-1/2,"2-1/2""",300,SA-36,"1-1/2""",1.5,1.85,10.97,15.36,63,70
PBSA516-70-CX300T1-1/2S2-1/2,"2-1/2""",300,SA-516-70,"1-1/2""",1.5,2.15,10.97,15.36,68,75
PB304L-CX300T1-1/2S2-1/2,"2-1/2""",300,304L,"1-1/2""",1.5,5.95,11.46,16.04,130,143
PB316L-CX300T1-1/2S2-1/2,"2-1/2""",300,316L,"1-1/2""",1.5,7.4,11.59,16.23,155,171
PBAL6061-CX300T1-1/2S2-1/2,"2-1/2""",300,AL-6061,"1-1/2""",1.5,5,3.86,5.4,62,69
PB304-CX300T1-5/8S2-1/2,"2-1/2""",300,304,"1-5/8""",1.625,5.5,12.41,17.37,130,143
PBSA36-CX300T1-5/8S2-1/2,"2-1/2""",300,SA-36,"1-5/8""",1.625,1.85,11.88,16.63,66,73
PBSA516-70-CX300T1-5/8S2-1/2,"2-1/2""",300,SA-516-70,"1-5/8""",1.625,2.15,11.88,16.63,71,79
PB304L-CX300T1-5/8S2-1/2,"2-1/2""",300,304L,"1-5/8""",1.625,5.95,12.41,17.37,138,152
PB316L-CX300T1-5/8S2-1/2,"2-1/2""",300,316L,"1-5/8""",1.625,7.4,12.55,17.57,165,182
PBAL6061-CX300T1-5/8S2-1/2,"2-1/2""",300,AL-6061,"1-5/8""",1.625,5,4.19,5.87,64,71
PB304-CX300T1-3/4S2-1/2,"2-1/2""",300,304,"1-3/4""",1.75,5.5,13.37,18.72,138,152
PBSA36-CX300T1-3/4S2-1/2,"2-1/2""",300,SA-36,"1-3/4""",1.75,1.85,12.79,17.91,68,75
PBSA516-70-CX300T1-3/4S2-1/2,"2-1/2""",300,SA-516-70,"1-3/4""",1.75,2.15,12.79,17.91,73,81
PB304L-CX300T1-3/4S2-1/2,"2-1/2""",300,304L,"1-3/4""",1.75,5.95,13.37,18.72,146,161
PB316L-CX300T1-3/4S2-1/2,"2-1/2""",300,316L,"1-3/4""",1.75,7.4,13.52,18.93,175,193
PBAL6061-CX300T1-3/4S2-1/2,"2-1/2""",300,AL-6061,"1-3/4""",1.75,5,4.51,6.31,66,73
PB304-CX300T1-7/8S2-1/2,"2-1/2""",300,304,"1-7/8""",1.875,5.5,14.32,20.05,145,160
PBSA36-CX300T1-7/8S2-1/2,"2-1/2""",300,SA-36,"1-7/8""",1.875,1.85,13.71,19.19,70,77
PBSA516-70-CX300T1-7/8S2-1/2,"2-1/2""",300,SA-516-70,"1-7/8""",1.875,2.15,13.71,19.19,76,84
PB304L-CX300T1-7/8S2-1/2,"2-1/2""",300,304L,"1-7/8""",1.875,5.95,14.32,20.05,154,170
PB316L-CX300T1-7/8S2-1/2,"2-1/2""",300,316L,"1-7/8""",1.875,7.4,14.48,20.27,185,204
PBAL6061-CX300T1-7/8S2-1/2,"2-1/2""",300,AL-6061,"1-7/8""",1.875,5,4.83,6.76,69,76
PB304-CX300T2S2-1/2,"2-1/2""",300,304,"2""",2,5.5,15.27,21.38,152,168
PBSA36-CX300T2S2-1/2,"2-1/2""",300,SA-36,"2""",2,1.85,14.62,20.47,73,81
PBSA516-70-CX300T2S2-1/2,"2-1/2""",300,SA-516-70,"2""",2,2.15,14.62,20.47,79,87
PB304L-CX300T2S2-1/2,"2-1/2""",300,304L,"2""",2,5.95,15.27,21.38,162,179
PB316L-CX300T2S2-1/2,"2-1/2""",300,316L,"2""",2,7.4,15.45,21.63,195,215
PBAL6061-CX300T2S2-1/2,"2-1/2""",300,AL-6061,"2""",2,5,5.15,7.21,71,79
PB304-CX300T2-1/4S2-1/2,"2-1/2""",300,304,"2-1/4""",2.25,5.5,17.18,24.05,167,184
PBSA36-CX300T2-1/4S2-1/2,"2-1/2""",300,SA-36,"2-1/4""",2.25,1.85,16.45,23.03,77,85
PBSA516-70-CX300T2-1/4S2-1/2,"2-1/2""",300,SA-516-70,"2-1/4""",2.25,2.15,16.45,23.03,84,93
PB304L-CX300T2-1/4S2-1/2,"2-1/2""",300,304L,"2-1/4""",2.25,5.95,17.18,24.05,178,196
PB316L-CX300T2-1/4S2-1/2,"2-1/2""",300,316L,"2-1/4""",2.25,7.4,17.38,24.33,215,237
PBAL6061-CX300T2-1/4S2-1/2,"2-1/2""",300,AL-6061,"2-1/4""",2.25,5,5.8,8.12,75,83
PB304-CX300T2-1/2S2-1/2,"2-1/2""",300,304,"2-1/2""",2.5,5.5,19.09,26.73,182,201
PBSA36-CX300T2-1/2S2-1/2,"2-1/2""",300,SA-36,"2-1/2""",2.5,1.85,18.28,25.59,82,91
PBSA516-70-CX300T2-1/2S2-1/2,"2-1/2""",300,SA-516-70,"2-1/2""",2.5,2.15,18.28,25.59,90,100
PB304L-CX300T2-1/2S2-1/2,"2-1/2""",300,304L,"2-1/2""",2.5,5.95,19.09,26.73,194,214
PB316L-CX300T2-1/2S2-1/2,"2-1/2""",300,316L,"2-1/2""",2.5,7.4,19.31,27.03,235,259
PBAL6061-CX300T2-1/2S2-1/2,"2-1/2""",300,AL-6061,"2-1/2""",2.5,5,6.44,9.02,80,88
PB304-CX300T3S2-1/2,"2-1/2""",300,304,"3""",3,5.5,22.91,32.07,211,233
PBSA36-CX300T3S2-1/2,"2-1/2""",300,SA-36,"3""",3,1.85,21.93,30.7,92,102
PBSA516-70-CX300T3S2-1/2,"2-1/2""",300,SA-516-70,"3""",3,2.15,21.93,30.7,101,112
PB304L-CX300T3S2-1/2,"2-1/2""",300,304L,"3""",3,5.95,22.91,32.07,226,249
PB316L-CX300T3S2-1/2,"2-1/2""",300,316L,"3""",3,7.4,23.17,32.44,275,303
PBAL6061-CX300T3S2-1/2,"2-1/2""",300,AL-6061,"3""",3,5,7.73,10.82,89,98
PB304-CX300T11GAS3,"3""",300,304,11 Gauge,0.1196,5.5,1.19,1.67,44,49
PBSA36-CX300T11GAS3,"3""",300,SA-36,11 Gauge,0.1196,1.85,1.13,1.58,38,42
PBSA516-70-CX300T11GAS3,"3""",300,SA-516-70,11 Gauge,0.1196,2.15,1.13,1.58,38,42
PB304L-CX300T11GAS3,"3""",300,304L,11 Gauge,0.1196,5.95,1.19,1.67,45,50
PB316L-CX300T11GAS3,"3""",300,316L,11 Gauge,0.1196,7.4,1.2,1.68,47,52
PBAL6061-CX300T11GAS3,"3""",300,AL-6061,11 Gauge,0.1196,5,0.4,0.56,38,42
PB304-CX300T1/8S3,"3""",300,304,"1/8""",0.125,5.5,1.24,1.74,44,49
PBSA36-CX300T1/8S3,"3""",300,SA-36,"1/8""",0.125,1.85,1.19,1.67,38,42
PBSA516-70-CX300T1/8S3,"3""",300,SA-516-70,"1/8""",0.125,2.15,1.19,1.67,38,42
PB304L-CX300T1/8S3,"3""",300,304L,"1/8""",0.125,5.95,1.24,1.74,45,50
PB316L-CX300T1/8S3,"3""",300,316L,"1/8""",0.125,7.4,1.25,1.75,48,53
PBAL6061-CX300T1/8S3,"3""",300,AL-6061,"1/8""",0.125,5,0.42,0.59,38,42
PB304-CX300T3/16S3,"3""",300,304,"3/16""",0.1875,5.5,1.86,2.6,49,54
PBSA36-CX300T3/16S3,"3""",300,SA-36,"3/16""",0.1875,1.85,1.78,2.49,39,43
PBSA516-70-CX300T3/16S3,"3""",300,SA-516-70,"3/16""",0.1875,2.15,1.78,2.49,40,44
PB304L-CX300T3/16S3,"3""",300,304L,"3/16""",0.1875,5.95,1.86,2.6,50,56
PB316L-CX300T3/16S3,"3""",300,316L,"3/16""",0.1875,7.4,1.88,2.63,54,60
PBAL6061-CX300T3/16S3,"3""",300,AL-6061,"3/16""",0.1875,5,0.63,0.88,39,43
PB304-CX300T1/4S3,"3""",300,304,"1/4""",0.25,5.5,2.48,3.47,54,60
PBSA36-CX300T1/4S3,"3""",300,SA-36,"1/4""",0.25,1.85,2.37,3.32,41,46
PBSA516-70-CX300T1/4S3,"3""",300,SA-516-70,"1/4""",0.25,2.15,2.37,3.32,42,47
PB304L-CX300T1/4S3,"3""",300,304L,"1/4""",0.25,5.95,2.48,3.47,55,61
PB316L-CX300T1/4S3,"3""",300,316L,"1/4""",0.25,7.4,2.51,3.51,61,68
PBAL6061-CX300T1/4S3,"3""",300,AL-6061,"1/4""",0.25,5,0.84,1.18,41,46
PB304-CX300T5/16S3,"3""",300,304,"5/16""",0.3125,5.5,3.1,4.34,59,65
PBSA36-CX300T5/16S3,"3""",300,SA-36,"5/16""",0.3125,1.85,2.97,4.16,43,48
PBSA516-70-CX300T5/16S3,"3""",300,SA-516-70,"5/16""",0.3125,2.15,2.97,4.16,44,49
PB304L-CX300T5/16S3,"3""",300,304L,"5/16""",0.3125,5.95,3.1,4.34,61,68
PB316L-CX300T5/16S3,"3""",300,316L,"5/16""",0.3125,7.4,3.13,4.38,67,74
PBAL6061-CX300T5/16S3,"3""",300,AL-6061,"5/16""",0.3125,5,1.04,1.46,42,47
PB304-CX300T3/8S3,"3""",300,304,"3/8""",0.375,5.5,3.72,5.21,64,71
PBSA36-CX300T3/8S3,"3""",300,SA-36,"3/8""",0.375,1.85,3.56,4.98,44,49
PBSA516-70-CX300T3/8S3,"3""",300,SA-516-70,"3/8""",0.375,2.15,3.56,4.98,46,51
PB304L-CX300T3/8S3,"3""",300,304L,"3/8""",0.375,5.95,3.72,5.21,66,73
PB316L-CX300T3/8S3,"3""",300,316L,"3/8""",0.375,7.4,3.76,5.26,74,82
PBAL6061-CX300T3/8S3,"3""",300,AL-6061,"3/8""",0.375,5,1.25,1.75,44,49
PB304-CX300T1/2S3,"3""",300,304,"1/2""",0.5,5.5,4.96,6.94,73,81
PBSA36-CX300T1/2S3,"3""",300,SA-36,"1/2""",0.5,1.85,4.74,6.64,47,52
PBSA516-70-CX300T1/2S3,"3""",300,SA-516-70,"1/2""",0.5,2.15,4.74,6.64,49,54
PB304L-CX300T1/2S3,"3""",300,304L,"1/2""",0.5,5.95,4.96,6.94,76,84
PB316L-CX300T1/2S3,"3""",300,316L,"1/2""",0.5,7.4,5.01,7.01,87,96
PBAL6061-CX300T1/2S3,"3""",300,AL-6061,"1/2""",0.5,5,1.67,2.34,47,52
PB304-CX300T5/8S3,"3""",300,304,"5/8""",0.625,5.5,6.2,8.68,83,92
PBSA36-CX300T5/8S3,"3""",300,SA-36,"5/8""",0.625,1.85,5.93,8.3,50,56
PBSA516-70-CX300T5/8S3,"3""",300,SA-516-70,"5/8""",0.625,2.15,5.93,8.3,53,59
PB304L-CX300T5/8S3,"3""",300,304L,"5/8""",0.625,5.95,6.2,8.68,86,95
PB316L-CX300T5/8S3,"3""",300,316L,"5/8""",0.625,7.4,6.27,8.78,100,111
PBAL6061-CX300T5/8S3,"3""",300,AL-6061,"5/8""",0.625,5,2.09,2.93,49,54
PB304-CX300T3/4S3,"3""",300,304,"3/4""",0.75,5.5,7.44,10.42,92,102
PBSA36-CX300T3/4S3,"3""",300,SA-36,"3/4""",0.75,1.85,7.12,9.97,53,59
PBSA516-70-CX300T3/4S3,"3""",300,SA-516-70,"3/4""",0.75,2.15,7.12,9.97,56,62
PB304L-CX300T3/4S3,"3""",300,304L,"3/4""",0.75,5.95,7.44,10.42,97,107
PB316L-CX300T3/4S3,"3""",300,316L,"3/4""",0.75,7.4,7.52,10.53,113,125
PBAL6061-CX300T3/4S3,"3""",300,AL-6061,"3/4""",0.75,5,2.51,3.51,52,58
PB304-CX300T7/8S3,"3""",300,304,"7/8""",0.875,5.5,8.67,12.14,102,113
PBSA36-CX300T7/8S3,"3""",300,SA-36,"7/8""",0.875,1.85,8.3,11.62,56,62
PBSA516-70-CX300T7/8S3,"3""",300,SA-516-70,"7/8""",0.875,2.15,8.3,11.62,60,66
PB304L-CX300T7/8S3,"3""",300,304L,"7/8""",0.875,5.95,8.67,12.14,107,118
PB316L-CX300T7/8S3,"3""",300,316L,"7/8""",0.875,7.4,8.77,12.28,126,139
PBAL6061-CX300T7/8S3,"3""",300,AL-6061,"7/8""",0.875,5,2.93,4.1,55,61
PB304-CX300T1S3,"3""",300,304,"1""",1,5.5,9.91,13.87,111,123
PBSA36-CX300T1S3,"3""",300,SA-36,"1""",1,1.85,9.49,13.29,59,65
PBSA516-70-CX300T1S3,"3""",300,SA-516-70,"1""",1,2.15,9.49,13.29,63,70
PB304L-CX300T1S3,"3""",300,304L,"1""",1,5.95,9.91,13.87,117,129
PB316L-CX300T1S3,"3""",300,316L,"1""",1,7.4,10.03,14.04,139,153
PBAL6061-CX300T1S3,"3""",300,AL-6061,"1""",1,5,3.34,4.68,58,64
PB304-CX300T1-1/8S3,"3""",300,304,"1-1/8""",1.125,5.5,11.15,15.61,121,134
PBSA36-CX300T1-1/8S3,"3""",300,SA-36,"1-1/8""",1.125,1.85,10.68,14.95,63,70
PBSA516-70-CX300T1-1/8S3,"3""",300,SA-516-70,"1-1/8""",1.125,2.15,10.68,14.95,67,74
PB304L-CX300T1-1/8S3,"3""",300,304L,"1-1/8""",1.125,5.95,11.15,15.61,128,141
PB316L-CX300T1-1/8S3,"3""",300,316L,"1-1/8""",1.125,7.4,11.28,15.79,152,168
PBAL6061-CX300T1-1/8S3,"3""",300,AL-6061,"1-1/8""",1.125,5,3.76,5.26,61,68
PB304-CX300T1-1/4S3,"3""",300,304,"1-1/4""",1.25,5.5,12.39,17.35,130,143
PBSA36-CX300T1-1/4S3,"3""",300,SA-36,"1-1/4""",1.25,1.85,11.86,16.6,66,73
PBSA516-70-CX300T1-1/4S3,"3""",300,SA-516-70,"1-1/4""",1.25,2.15,11.86,16.6,71,79
PB304L-CX300T1-1/4S3,"3""",300,304L,"1-1/4""",1.25,5.95,12.39,17.35,138,152
PB316L-CX300T1-1/4S3,"3""",300,316L,"1-1/4""",1.25,7.4,12.53,17.54,165,182
PBAL6061-CX300T1-1/4S3,"3""",300,AL-6061,"1-1/4""",1.25,5,4.18,5.85,64,71
PB304-CX300T1-3/8S3,"3""",300,304,"1-3/8""",1.375,5.5,13.63,19.08,140,154
PBSA36-CX300T1-3/8S3,"3""",300,SA-36,"1-3/8""",1.375,1.85,13.05,18.27,69,76
PBSA516-70-CX300T1-3/8S3,"3""",300,SA-516-70,"1-3/8""",1.375,2.15,13.05,18.27,74,82
PB304L-CX300T1-3/8S3,"3""",300,304L,"1-3/8""",1.375,5.95,13.63,19.08,148,163
PB316L-CX300T1-3/8S3,"3""",300,316L,"1-3/8""",1.375,7.4,13.79,19.31,178,196
PBAL6061-CX300T1-3/8S3,"3""",300,AL-6061,"1-3/8""",1.375,5,4.6,6.44,67,74
PB304-CX300T1-1/2S3,"3""",300,304,"1-1/2""",1.5,5.5,14.87,20.82,149,164
PBSA36-CX300T1-1/2S3,"3""",300,SA-36,"1-1/2""",1.5,1.85,14.23,19.92,72,80
PBSA516-70-CX300T1-1/2S3,"3""",300,SA-516-70,"1-1/2""",1.5,2.15,14.23,19.92,78,86
PB304L-CX300T1-1/2S3,"3""",300,304L,"1-1/2""",1.5,5.95,14.87,20.82,159,175
PB316L-CX300T1-1/2S3,"3""",300,316L,"1-1/2""",1.5,7.4,15.04,21.06,191,211
PBAL6061-CX300T1-1/2S3,"3""",300,AL-6061,"1-1/2""",1.5,5,5.02,7.03,70,77
PB304-CX300T1-5/8S3,"3""",300,304,"1-5/8""",1.625,5.5,16.11,22.55,159,175
PBSA36-CX300T1-5/8S3,"3""",300,SA-36,"1-5/8""",1.625,1.85,15.42,21.59,75,83
PBSA516-70-CX300T1-5/8S3,"3""",300,SA-516-70,"1-5/8""",1.625,2.15,15.42,21.59,81,90
PB304L-CX300T1-5/8S3,"3""",300,304L,"1-5/8""",1.625,5.95,16.11,22.55,169,186
PB316L-CX300T1-5/8S3,"3""",300,316L,"1-5/8""",1.625,7.4,16.29,22.81,204,225
PBAL6061-CX300T1-5/8S3,"3""",300,AL-6061,"1-5/8""",1.625,5,5.43,7.6,73,81
PB304-CX300T1-3/4S3,"3""",300,304,"1-3/4""",1.75,5.5,17.35,24.29,168,185
PBSA36-CX300T1-3/4S3,"3""",300,SA-36,"1-3/4""",1.75,1.85,16.61,23.25,78,86
PBSA516-70-CX300T1-3/4S3,"3""",300,SA-516-70,"1-3/4""",1.75,2.15,16.61,23.25,85,94
PB304L-CX300T1-3/4S3,"3""",300,304L,"1-3/4""",1.75,5.95,17.35,24.29,179,197
PB316L-CX300T1-3/4S3,"3""",300,316L,"1-3/4""",1.75,7.4,17.55,24.57,217,239
PBAL6061-CX300T1-3/4S3,"3""",300,AL-6061,"1-3/4""",1.75,5,5.85,8.19,76,84
PB304-CX300T1-7/8S3,"3""",300,304,"1-7/8""",1.875,5.5,18.59,26.03,178,196
PBSA36-CX300T1-7/8S3,"3""",300,SA-36,"1-7/8""",1.875,1.85,17.79,24.91,81,90
PBSA516-70-CX300T1-7/8S3,"3""",300,SA-516-70,"1-7/8""",1.875,2.15,17.79,24.91,88,97
PB304L-CX300T1-7/8S3,"3""",300,304L,"1-7/8""",1.875,5.95,18.59,26.03,190,210
PB316L-CX300T1-7/8S3,"3""",300,316L,"1-7/8""",1.875,7.4,18.8,26.32,230,254
PBAL6061-CX300T1-7/8S3,"3""",300,AL-6061,"1-7/8""",1.875,5,6.27,8.78,79,87
PB304-CX300T2S3,"3""",300,304,"2""",2,5.5,19.83,27.76,188,207
PBSA36-CX300T2S3,"3""",300,SA-36,"2""",2,1.85,18.98,26.57,84,93
PBSA516-70-CX300T2S3,"3""",300,SA-516-70,"2""",2,2.15,18.98,26.57,92,102
PB304L-CX300T2S3,"3""",300,304L,"2""",2,5.95,19.83,27.76,200,221
PB316L-CX300T2S3,"3""",300,316L,"2""",2,7.4,20.05,28.07,243,268
PBAL6061-CX300T2S3,"3""",300,AL-6061,"2""",2,5,6.69,9.37,82,91
PB304-CX300T2-1/4S3,"3""",300,304,"2-1/4""",2.25,5.5,22.31,31.23,207,228
PBSA36-CX300T2-1/4S3,"3""",300,SA-36,"2-1/4""",2.25,1.85,21.35,29.89,90,100
PBSA516-70-CX300T2-1/4S3,"3""",300,SA-516-70,"2-1/4""",2.25,2.15,21.35,29.89,99,109
PB304L-CX300T2-1/4S3,"3""",300,304L,"2-1/4""",2.25,5.95,22.31,31.23,221,244
PB316L-CX300T2-1/4S3,"3""",300,316L,"2-1/4""",2.25,7.4,22.56,31.58,269,296
PBAL6061-CX300T2-1/4S3,"3""",300,AL-6061,"2-1/4""",2.25,5,7.52,10.53,87,96
PB304-CX300T2-1/2S3,"3""",300,304,"2-1/2""",2.5,5.5,24.78,34.69,226,249
PBSA36-CX300T2-1/2S3,"3""",300,SA-36,"2-1/2""",2.5,1.85,23.72,33.21,96,106
PBSA516-70-CX300T2-1/2S3,"3""",300,SA-516-70,"2-1/2""",2.5,2.15,23.72,33.21,106,117
PB304L-CX300T2-1/2S3,"3""",300,304L,"2-1/2""",2.5,5.95,24.78,34.69,241,266
PB316L-CX300T2-1/2S3,"3""",300,316L,"2-1/2""",2.5,7.4,25.07,35.1,295,325
PBAL6061-CX300T2-1/2S3,"3""",300,AL-6061,"2-1/2""",2.5,5,8.36,11.7,93,103
PB304-CX300T3S3,"3""",300,304,"3""",3,5.5,29.74,41.64,264,291
PBSA36-CX300T3S3,"3""",300,SA-36,"3""",3,1.85,28.47,39.86,109,120
PBSA516-70-CX300T3S3,"3""",300,SA-516-70,"3""",3,2.15,28.47,39.86,121,134
PB304L-CX300T3S3,"3""",300,304L,"3""",3,5.95,29.74,41.64,283,312
PB316L-CX300T3S3,"3""",300,316L,"3""",3,7.4,30.08,42.11,346,381
PBAL6061-CX300T3S3,"3""",300,AL-6061,"3""",3,5,10.03,14.04,105,116
PB304-CX300T11GAS4,"4""",300,304,11 Gauge,0.1196,5.5,1.73,2.42,48,53
PBSA36-CX300T11GAS4,"4""",300,SA-36,11 Gauge,0.1196,1.85,1.66,2.32,39,43
PBSA516-70-CX300T11GAS4,"4""",300,SA-516-70,11 Gauge,0.1196,2.15,1.66,2.32,40,44
PB304L-CX300T11GAS4,"4""",300,304L,11 Gauge,0.1196,5.95,1.73,2.42,49,54
PB316L-CX300T11GAS4,"4""",300,316L,11 Gauge,0.1196,7.4,1.75,2.45,53,59
PBAL6061-CX300T11GAS4,"4""",300,AL-6061,11 Gauge,0.1196,5,0.58,0.81,39,43
PB304-CX300T1/8S4,"4""",300,304,"1/8""",0.125,5.5,1.81,2.53,49,54
PBSA36-CX300T1/8S4,"4""",300,SA-36,"1/8""",0.125,1.85,1.73,2.42,39,43
PBSA516-70-CX300T1/8S4,"4""",300,SA-516-70,"1/8""",0.125,2.15,1.73,2.42,40,44
PB304L-CX300T1/8S4,"4""",300,304L,"1/8""",0.125,5.95,1.81,2.53,50,56
PB316L-CX300T1/8S4,"4""",300,316L,"1/8""",0.125,7.4,1.83,2.56,54,60
PBAL6061-CX300T1/8S4,"4""",300,AL-6061,"1/8""",0.125,5,0.61,0.85,39,43
PB304-CX300T3/16S4,"4""",300,304,"3/16""",0.1875,5.5,2.71,3.79,56,62
PBSA36-CX300T3/16S4,"4""",300,SA-36,"3/16""",0.1875,1.85,2.6,3.64,42,47
PBSA516-70-CX300T3/16S4,"4""",300,SA-516-70,"3/16""",0.1875,2.15,2.6,3.64,43,48
PB304L-CX300T3/16S4,"4""",300,304L,"3/16""",0.1875,5.95,2.71,3.79,57,63
PB316L-CX300T3/16S4,"4""",300,316L,"3/16""",0.1875,7.4,2.74,3.84,63,70
PBAL6061-CX300T3/16S4,"4""",300,AL-6061,"3/16""",0.1875,5,0.91,1.27,41,46
PB304-CX300T1/4S4,"4""",300,304,"1/4""",0.25,5.5,3.62,5.07,63,70
PBSA36-CX300T1/4S4,"4""",300,SA-36,"1/4""",0.25,1.85,3.46,4.84,44,49
PBSA516-70-CX300T1/4S4,"4""",300,SA-516-70,"1/4""",0.25,2.15,3.46,4.84,45,50
PB304L-CX300T1/4S4,"4""",300,304L,"1/4""",0.25,5.95,3.62,5.07,65,72
PB316L-CX300T1/4S4,"4""",300,316L,"1/4""",0.25,7.4,3.66,5.12,73,81
PBAL6061-CX300T1/4S4,"4""",300,AL-6061,"1/4""",0.25,5,1.22,1.71,43,48
PB304-CX300T5/16S4,"4""",300,304,"5/16""",0.3125,5.5,4.52,6.33,70,77
PBSA36-CX300T5/16S4,"4""",300,SA-36,"5/16""",0.3125,1.85,4.33,6.06,46,51
PBSA516-70-CX300T5/16S4,"4""",300,SA-516-70,"5/16""",0.3125,2.15,4.33,6.06,48,53
PB304L-CX300T5/16S4,"4""",300,304L,"5/16""",0.3125,5.95,4.52,6.33,73,81
PB316L-CX300T5/16S4,"4""",300,316L,"5/16""",0.3125,7.4,4.57,6.4,82,91
PBAL6061-CX300T5/16S4,"4""",300,AL-6061,"5/16""",0.3125,5,1.52,2.13,45,50
PB304-CX300T3/8S4,"4""",300,304,"3/8""",0.375,5.5,5.43,7.6,77,85
PBSA36-CX300T3/8S4,"4""",300,SA-36,"3/8""",0.375,1.85,5.19,7.27,48,53
PBSA516-70-CX300T3/8S4,"4""",300,SA-516-70,"3/8""",0.375,2.15,5.19,7.27,50,56
PB304L-CX300T3/8S4,"4""",300,304L,"3/8""",0.375,5.95,5.43,7.6,80,88
PB316L-CX300T3/8S4,"4""",300,316L,"3/8""",0.375,7.4,5.49,7.69,92,102
PBAL6061-CX300T3/8S4,"4""",300,AL-6061,"3/8""",0.375,5,1.83,2.56,48,53
PB304-CX300T1/2S4,"4""",300,304,"1/2""",0.5,5.5,7.23,10.12,91,101
PBSA36-CX300T1/2S4,"4""",300,SA-36,"1/2""",0.5,1.85,6.92,9.69,53,59
PBSA516-70-CX300T1/2S4,"4""",300,SA-516-70,"1/2""",0.5,2.15,6.92,9.69,56,62
PB304L-CX300T1/2S4,"4""",300,304L,"1/2""",0.5,5.95,7.23,10.12,95,105
PB316L-CX300T1/2S4,"4""",300,316L,"1/2""",0.5,7.4,7.32,10.25,111,123
PBAL6061-CX300T1/2S4,"4""",300,AL-6061,"1/2""",0.5,5,2.44,3.42,52,58
PB304-CX300T5/8S4,"4""",300,304,"5/8""",0.625,5.5,9.04,12.66,104,115
PBSA36-CX300T5/8S4,"4""",300,SA-36,"5/8""",0.625,1.85,8.66,12.12,57,63
PBSA516-70-CX300T5/8S4,"4""",300,SA-516-70,"5/8""",0.625,2.15,8.66,12.12,61,68
PB304L-CX300T5/8S4,"4""",300,304L,"5/8""",0.625,5.95,9.04,12.66,110,122
PB316L-CX300T5/8S4,"4""",300,316L,"5/8""",0.625,7.4,9.15,12.81,130,143
PBAL6061-CX300T5/8S4,"4""",300,AL-6061,"5/8""",0.625,5,3.05,4.27,56,62
PB304-CX300T3/4S4,"4""",300,304,"3/4""",0.75,5.5,10.85,15.19,118,130
PBSA36-CX300T3/4S4,"4""",300,SA-36,"3/4""",0.75,1.85,10.39,14.55,62,69
PBSA516-70-CX300T3/4S4,"4""",300,SA-516-70,"3/4""",0.75,2.15,10.39,14.55,66,73
PB304L-CX300T3/4S4,"4""",300,304L,"3/4""",0.75,5.95,10.85,15.19,125,138
PB316L-CX300T3/4S4,"4""",300,316L,"3/4""",0.75,7.4,10.97,15.36,149,164
PBAL6061-CX300T3/4S4,"4""",300,AL-6061,"3/4""",0.75,5,3.66,5.12,60,66
PB304-CX300T7/8S4,"4""",300,304,"7/8""",0.875,5.5,12.66,17.72,132,146
PBSA36-CX300T7/8S4,"4""",300,SA-36,"7/8""",0.875,1.85,12.12,16.97,66,73
PBSA516-70-CX300T7/8S4,"4""",300,SA-516-70,"7/8""",0.875,2.15,12.12,16.97,71,79
PB304L-CX300T7/8S4,"4""",300,304L,"7/8""",0.875,5.95,12.66,17.72,140,154
PB316L-CX300T7/8S4,"4""",300,316L,"7/8""",0.875,7.4,12.8,17.92,167,184
PBAL6061-CX300T7/8S4,"4""",300,AL-6061,"7/8""",0.875,5,4.27,5.98,65,72
PB304-CX300T1S4,"4""",300,304,"1""",1,5.5,14.47,20.26,146,161
PBSA36-CX300T1S4,"4""",300,SA-36,"1""",1,1.85,13.85,19.39,71,79
PBSA516-70-CX300T1S4,"4""",300,SA-516-70,"1""",1,2.15,13.85,19.39,77,85
PB304L-CX300T1S4,"4""",300,304L,"1""",1,5.95,14.47,20.26,155,171
PB316L-CX300T1S4,"4""",300,316L,"1""",1,7.4,14.63,20.48,186,205
PBAL6061-CX300T1S4,"4""",300,AL-6061,"1""",1,5,4.88,6.83,69,76
PB304-CX300T1-1/8S4,"4""",300,304,"1-1/8""",1.125,5.5,16.28,22.79,160,176
PBSA36-CX300T1-1/8S4,"4""",300,SA-36,"1-1/8""",1.125,1.85,15.58,21.81,75,83
PBSA516-70-CX300T1-1/8S4,"4""",300,SA-516-70,"1-1/8""",1.125,2.15,15.58,21.81,82,91
PB304L-CX300T1-1/8S4,"4""",300,304L,"1-1/8""",1.125,5.95,16.28,22.79,170,188
PB316L-CX300T1-1/8S4,"4""",300,316L,"1-1/8""",1.125,7.4,16.46,23.04,205,226
PBAL6061-CX300T1-1/8S4,"4""",300,AL-6061,"1-1/8""",1.125,5,5.49,7.69,73,81
PB304-CX300T1-1/4S4,"4""",300,304,"1-1/4""",1.25,5.5,18.09,25.33,174,192
PBSA36-CX300T1-1/4S4,"4""",300,SA-36,"1-1/4""",1.25,1.85,17.31,24.23,80,88
PBSA516-70-CX300T1-1/4S4,"4""",300,SA-516-70,"1-1/4""",1.25,2.15,17.31,24.23,87,96
PB304L-CX300T1-1/4S4,"4""",300,304L,"1-1/4""",1.25,5.95,18.09,25.33,186,205
PB316L-CX300T1-1/4S4,"4""",300,316L,"1-1/4""",1.25,7.4,18.29,25.61,224,247
PBAL6061-CX300T1-1/4S4,"4""",300,AL-6061,"1-1/4""",1.25,5,6.1,8.54,78,86
PB304-CX300T1-3/8S4,"4""",300,304,"1-3/8""",1.375,5.5,19.89,27.85,188,207
PBSA36-CX300T1-3/8S4,"4""",300,SA-36,"1-3/8""",1.375,1.85,19.04,26.66,84,93
PBSA516-70-CX300T1-3/8S4,"4""",300,SA-516-70,"1-3/8""",1.375,2.15,19.04,26.66,92,102
PB304L-CX300T1-3/8S4,"4""",300,304L,"1-3/8""",1.375,5.95,19.89,27.85,201,222
PB316L-CX300T1-3/8S4,"4""",300,316L,"1-3/8""",1.375,7.4,20.12,28.17,243,268
PBAL6061-CX300T1-3/8S4,"4""",300,AL-6061,"1-3/8""",1.375,5,6.71,9.39,82,91
PB304-CX300T1-1/2S4,"4""",300,304,"1-1/2""",1.5,5.5,21.7,30.38,202,223
PBSA36-CX300T1-1/2S4,"4""",300,SA-36,"1-1/2""",1.5,1.85,20.77,29.08,89,98
PBSA516-70-CX300T1-1/2S4,"4""",300,SA-516-70,"1-1/2""",1.5,2.15,20.77,29.08,97,107
PB304L-CX300T1-1/2S4,"4""",300,304L,"1-1/2""",1.5,5.95,21.7,30.38,216,238
PB316L-CX300T1-1/2S4,"4""",300,316L,"1-1/2""",1.5,7.4,21.95,30.73,262,289
PBAL6061-CX300T1-1/2S4,"4""",300,AL-6061,"1-1/2""",1.5,5,7.32,10.25,86,95
PB304-CX300T1-5/8S4,"4""",300,304,"1-5/8""",1.625,5.5,23.51,32.91,216,238
PBSA36-CX300T1-5/8S4,"4""",300,SA-36,"1-5/8""",1.625,1.85,22.51,31.51,93,103
PBSA516-70-CX300T1-5/8S4,"4""",300,SA-516-70,"1-5/8""",1.625,2.15,22.51,31.51,103,114
PB304L-CX300T1-5/8S4,"4""",300,304L,"1-5/8""",1.625,5.95,23.51,32.91,231,255
PB316L-CX300T1-5/8S4,"4""",300,316L,"1-5/8""",1.625,7.4,23.78,33.29,281,310
PBAL6061-CX300T1-5/8S4,"4""",300,AL-6061,"1-5/8""",1.625,5,7.93,11.1,90,100
PB304-CX300T1-3/4S4,"4""",300,304,"1-3/4""",1.75,5.5,25.32,35.45,230,254
PBSA36-CX300T1-3/4S4,"4""",300,SA-36,"1-3/4""",1.75,1.85,24.24,33.94,98,108
PBSA516-70-CX300T1-3/4S4,"4""",300,SA-516-70,"1-3/4""",1.75,2.15,24.24,33.94,108,119
PB304L-CX300T1-3/4S4,"4""",300,304L,"1-3/4""",1.75,5.95,25.32,35.45,246,271
PB316L-CX300T1-3/4S4,"4""",300,316L,"1-3/4""",1.75,7.4,25.61,35.85,300,330
PBAL6061-CX300T1-3/4S4,"4""",300,AL-6061,"1-3/4""",1.75,5,8.54,11.96,95,105
PB304-CX300T1-7/8S4,"4""",300,304,"1-7/8""",1.875,5.5,27.13,37.98,244,269
PBSA36-CX300T1-7/8S4,"4""",300,SA-36,"1-7/8""",1.875,1.85,25.97,36.36,102,113
PBSA516-70-CX300T1-7/8S4,"4""",300,SA-516-70,"1-7/8""",1.875,2.15,25.97,36.36,113,125
PB304L-CX300T1-7/8S4,"4""",300,304L,"1-7/8""",1.875,5.95,27.13,37.98,261,288
PB316L-CX300T1-7/8S4,"4""",300,316L,"1-7/8""",1.875,7.4,27.44,38.42,319,351
PBAL6061-CX300T1-7/8S4,"4""",300,AL-6061,"1-7/8""",1.875,5,9.15,12.81,99,109
PB304-CX300T2S4,"4""",300,304,"2""",2,5.5,28.94,40.52,258,284
PBSA36-CX300T2S4,"4""",300,SA-36,"2""",2,1.85,27.7,38.78,107,118
PBSA516-70-CX300T2S4,"4""",300,SA-516-70,"2""",2,2.15,27.7,38.78,118,130
PB304L-CX300T2S4,"4""",300,304L,"2""",2,5.95,28.94,40.52,276,304
PB316L-CX300T2S4,"4""",300,316L,"2""",2,7.4,29.27,40.98,338,372
PBAL6061-CX300T2S4,"4""",300,AL-6061,"2""",2,5,9.76,13.66,103,114
PB304-CX300T2-1/4S4,"4""",300,304,"2-1/4""",2.25,5.5,32.55,45.57,285,314
PBSA36-CX300T2-1/4S4,"4""",300,SA-36,"2-1/4""",2.25,1.85,31.16,43.62,116,128
PBSA516-70-CX300T2-1/4S4,"4""",300,SA-516-70,"2-1/4""",2.25,2.15,31.16,43.62,129,142
PB304L-CX300T2-1/4S4,"4""",300,304L,"2-1/4""",2.25,5.95,32.55,45.57,306,337
PB316L-CX300T2-1/4S4,"4""",300,316L,"2-1/4""",2.25,7.4,32.92,46.09,376,414
PBAL6061-CX300T2-1/4S4,"4""",300,AL-6061,"2-1/4""",2.25,5,10.98,15.37,112,124
PB304-CX300T2-1/2S4,"4""",300,304,"2-1/2""",2.5,5.5,36.17,50.64,313,345
PBSA36-CX300T2-1/2S4,"4""",300,SA-36,"2-1/2""",2.5,1.85,34.62,48.47,125,138
PBSA516-70-CX300T2-1/2S4,"4""",300,SA-516-70,"2-1/2""",2.5,2.15,34.62,48.47,139,153
PB304L-CX300T2-1/2S4,"4""",300,304L,"2-1/2""",2.5,5.95,36.17,50.64,336,370
PB316L-CX300T2-1/2S4,"4""",300,316L,"2-1/2""",2.5,7.4,36.58,51.21,414,456
PBAL6061-CX300T2-1/2S4,"4""",300,AL-6061,"2-1/2""",2.5,5,12.2,17.08,120,132
PB304-CX300T3S4,"4""",300,304,"3""",3,5.5,43.4,60.76,369,406
PBSA36-CX300T3S4,"4""",300,SA-36,"3""",3,1.85,41.55,58.17,142,157
PBSA516-70-CX300T3S4,"4""",300,SA-516-70,"3""",3,2.15,41.55,58.17,160,176
PB304L-CX300T3S4,"4""",300,304L,"3""",3,5.95,43.4,60.76,396,436
PB316L-CX300T3S4,"4""",300,316L,"3""",3,7.4,43.9,61.46,490,539
PBAL6061-CX300T3S4,"4""",300,AL-6061,"3""",3,5,14.64,20.5,137,151
PB304-CX300T11GAS6,"6""",300,304,11 Gauge,0.1196,5.5,3.27,4.58,60,66
PBSA36-CX300T11GAS6,"6""",300,SA-36,11 Gauge,0.1196,1.85,3.13,4.38,43,48
PBSA516-70-CX300T11GAS6,"6""",300,SA-516-70,11 Gauge,0.1196,2.15,3.13,4.38,44,49
PB304L-CX300T11GAS6,"6""",300,304L,11 Gauge,0.1196,5.95,3.27,4.58,62,69
PB316L-CX300T11GAS6,"6""",300,316L,11 Gauge,0.1196,7.4,3.31,4.63,69,76
PBAL6061-CX300T11GAS6,"6""",300,AL-6061,11 Gauge,0.1196,5,1.1,1.54,43,48
PB304-CX300T1/8S6,"6""",300,304,"1/8""",0.125,5.5,3.42,4.79,61,68
PBSA36-CX300T1/8S6,"6""",300,SA-36,"1/8""",0.125,1.85,3.27,4.58,43,48
PBSA516-70-CX300T1/8S6,"6""",300,SA-516-70,"1/8""",0.125,2.15,3.27,4.58,45,50
PB304L-CX300T1/8S6,"6""",300,304L,"1/8""",0.125,5.95,3.42,4.79,63,70
PB316L-CX300T1/8S6,"6""",300,316L,"1/8""",0.125,7.4,3.46,4.84,71,79
PBAL6061-CX300T1/8S6,"6""",300,AL-6061,"1/8""",0.125,5,1.15,1.61,43,48
PB304-CX300T3/16S6,"6""",300,304,"3/16""",0.1875,5.5,5.12,7.17,74,82
PBSA36-CX300T3/16S6,"6""",300,SA-36,"3/16""",0.1875,1.85,4.91,6.87,48,53
PBSA516-70-CX300T3/16S6,"6""",300,SA-516-70,"3/16""",0.1875,2.15,4.91,6.87,50,56
PB304L-CX300T3/16S6,"6""",300,304L,"3/16""",0.1875,5.95,5.12,7.17,78,86
PB316L-CX300T3/16S6,"6""",300,316L,"3/16""",0.1875,7.4,5.18,7.25,88,97
PBAL6061-CX300T3/16S6,"6""",300,AL-6061,"3/16""",0.1875,5,1.73,2.42,47,52
PB304-CX300T1/4S6,"6""",300,304,"1/4""",0.25,5.5,6.83,9.56,87,96
PBSA36-CX300T1/4S6,"6""",300,SA-36,"1/4""",0.25,1.85,6.54,9.16,52,58
PBSA516-70-CX300T1/4S6,"6""",300,SA-516-70,"1/4""",0.25,2.15,6.54,9.16,55,61
PB304L-CX300T1/4S6,"6""",300,304L,"1/4""",0.25,5.95,6.83,9.56,92,102
PB316L-CX300T1/4S6,"6""",300,316L,"1/4""",0.25,7.4,6.91,9.67,106,117
PBAL6061-CX300T1/4S6,"6""",300,AL-6061,"1/4""",0.25,5,2.3,3.22,51,57
PB304-CX300T5/16S6,"6""",300,304,"5/16""",0.3125,5.5,8.54,11.96,101,112
PBSA36-CX300T5/16S6,"6""",300,SA-36,"5/16""",0.3125,1.85,8.18,11.45,56,62
PBSA516-70-CX300T5/16S6,"6""",300,SA-516-70,"5/16""",0.3125,2.15,8.18,11.45,59,65
PB304L-CX300T5/16S6,"6""",300,304L,"5/16""",0.3125,5.95,8.54,11.96,106,117
PB316L-CX300T5/16S6,"6""",300,316L,"5/16""",0.3125,7.4,8.64,12.1,124,137
PBAL6061-CX300T5/16S6,"6""",300,AL-6061,"5/16""",0.3125,5,2.88,4.03,55,61
PB304-CX300T3/8S6,"6""",300,304,"3/8""",0.375,5.5,10.25,14.35,114,126
PBSA36-CX300T3/8S6,"6""",300,SA-36,"3/8""",0.375,1.85,9.81,13.73,60,66
PBSA516-70-CX300T3/8S6,"6""",300,SA-516-70,"3/8""",0.375,2.15,9.81,13.73,64,71
PB304L-CX300T3/8S6,"6""",300,304L,"3/8""",0.375,5.95,10.25,14.35,120,132
PB316L-CX300T3/8S6,"6""",300,316L,"3/8""",0.375,7.4,10.37,14.52,142,157
PBAL6061-CX300T3/8S6,"6""",300,AL-6061,"3/8""",0.375,5,3.46,4.84,59,65
PB304-CX300T1/2S6,"6""",300,304,"1/2""",0.5,5.5,13.66,19.12,140,154
PBSA36-CX300T1/2S6,"6""",300,SA-36,"1/2""",0.5,1.85,13.08,18.31,69,76
PBSA516-70-CX300T1/2S6,"6""",300,SA-516-70,"1/2""",0.5,2.15,13.08,18.31,74,82
PB304L-CX300T1/2S6,"6""",300,304L,"1/2""",0.5,5.95,13.66,19.12,149,164
PB316L-CX300T1/2S6,"6""",300,316L,"1/2""",0.5,7.4,13.82,19.35,178,196
PBAL6061-CX300T1/2S6,"6""",300,AL-6061,"1/2""",0.5,5,4.61,6.45,67,74
PB304-CX300T5/8S6,"6""",300,304,"5/8""",0.625,5.5,17.08,23.91,166,183
PBSA36-CX300T5/8S6,"6""",300,SA-36,"5/8""",0.625,1.85,16.35,22.89,77,85
PBSA516-70-CX300T5/8S6,"6""",300,SA-516-70,"5/8""",0.625,2.15,16.35,22.89,84,93
PB304L-CX300T5/8S6,"6""",300,304L,"5/8""",0.625,5.95,17.08,23.91,177,195
PB316L-CX300T5/8S6,"6""",300,316L,"5/8""",0.625,7.4,17.28,24.19,214,236
PBAL6061-CX300T5/8S6,"6""",300,AL-6061,"5/8""",0.625,5,5.76,8.06,75,83
PB304-CX300T3/4S6,"6""",300,304,"3/4""",0.75,5.5,20.5,28.7,193,213
PBSA36-CX300T3/4S6,"6""",300,SA-36,"3/4""",0.75,1.85,19.62,27.47,86,95
PBSA516-70-CX300T3/4S6,"6""",300,SA-516-70,"3/4""",0.75,2.15,19.62,27.47,94,104
PB304L-CX300T3/4S6,"6""",300,304L,"3/4""",0.75,5.95,20.5,28.7,206,227
PB316L-CX300T3/4S6,"6""",300,316L,"3/4""",0.75,7.4,20.73,29.02,250,275
PBAL6061-CX300T3/4S6,"6""",300,AL-6061,"3/4""",0.75,5,6.91,9.67,83,92
PB304-CX300T7/8S6,"6""",300,304,"7/8""",0.875,5.5,23.91,33.47,219,241
PBSA36-CX300T7/8S6,"6""",300,SA-36,"7/8""",0.875,1.85,22.89,32.05,94,104
PBSA516-70-CX300T7/8S6,"6""",300,SA-516-70,"7/8""",0.875,2.15,22.89,32.05,104,115
PB304L-CX300T7/8S6,"6""",300,304L,"7/8""",0.875,5.95,23.91,33.47,234,258
PB316L-CX300T7/8S6,"6""",300,316L,"7/8""",0.875,7.4,24.19,33.87,285,314
PBAL6061-CX300T7/8S6,"6""",300,AL-6061,"7/8""",0.875,5,8.07,11.3,91,101
PB304-CX300T1S6,"6""",300,304,"1""",1,5.5,27.33,38.26,245,270
PBSA36-CX300T1S6,"6""",300,SA-36,"1""",1,1.85,26.16,36.62,103,114
PBSA516-70-CX300T1S6,"6""",300,SA-516-70,"1""",1,2.15,26.16,36.62,114,126
PB304L-CX300T1S6,"6""",300,304L,"1""",1,5.95,27.33,38.26,262,289
PB316L-CX300T1S6,"6""",300,316L,"1""",1,7.4,27.64,38.7,321,354
PBAL6061-CX300T1S6,"6""",300,AL-6061,"1""",1,5,9.22,12.91,99,109
PB304-CX300T1-1/8S6,"6""",300,304,"1-1/8""",1.125,5.5,30.75,43.05,272,300
PBSA36-CX300T1-1/8S6,"6""",300,SA-36,"1-1/8""",1.125,1.85,29.43,41.2,111,123
PBSA516-70-CX300T1-1/8S6,"6""",300,SA-516-70,"1-1/8""",1.125,2.15,29.43,41.2,123,136
PB304L-CX300T1-1/8S6,"6""",300,304L,"1-1/8""",1.125,5.95,30.75,43.05,291,321
PB316L-CX300T1-1/8S6,"6""",300,316L,"1-1/8""",1.125,7.4,31.1,43.54,357,393
PBAL6061-CX300T1-1/8S6,"6""",300,AL-6061,"1-1/8""",1.125,5,10.37,14.52,107,118
PB304-CX300T1-1/4S6,"6""",300,304,"1-1/4""",1.25,5.5,34.16,47.82,298,328
PBSA36-CX300T1-1/4S6,"6""",300,SA-36,"1-1/4""",1.25,1.85,32.7,45.78,120,132
PBSA516-70-CX300T1-1/4S6,"6""",300,SA-516-70,"1-1/4""",1.25,2.15,32.7,45.78,133,147
PB304L-CX300T1-1/4S6,"6""",300,304L,"1-1/4""",1.25,5.95,34.16,47.82,319,351
PB316L-CX300T1-1/4S6,"6""",300,316L,"1-1/4""",1.25,7.4,34.55,48.37,393,433
PBAL6061-CX300T1-1/4S6,"6""",300,AL-6061,"1-1/4""",1.25,5,11.52,16.13,115,127
PB304-CX300T1-3/8S6,"6""",300,304,"1-3/8""",1.375,5.5,37.58,52.61,324,357
PBSA36-CX300T1-3/8S6,"6""",300,SA-36,"1-3/8""",1.375,1.85,35.97,50.36,128,141
PBSA516-70-CX300T1-3/8S6,"6""",300,SA-516-70,"1-3/8""",1.375,2.15,35.97,50.36,143,158
PB304L-CX300T1-3/8S6,"6""",300,304L,"1-3/8""",1.375,5.95,37.58,52.61,348,383
PB316L-CX300T1-3/8S6,"6""",300,316L,"1-3/8""",1.375,7.4,38.01,53.21,429,472
PBAL6061-CX300T1-3/8S6,"6""",300,AL-6061,"1-3/8""",1.375,5,12.67,17.74,124,137
PB304-CX300T1-1/2S6,"6""",300,304,"1-1/2""",1.5,5.5,40.99,57.39,350,386
PBSA36-CX300T1-1/2S6,"6""",300,SA-36,"1-1/2""",1.5,1.85,39.24,54.94,136,150
PBSA516-70-CX300T1-1/2S6,"6""",300,SA-516-70,"1-1/2""",1.5,2.15,39.24,54.94,153,169
PB304L-CX300T1-1/2S6,"6""",300,304L,"1-1/2""",1.5,5.95,40.99,57.39,376,414
PB316L-CX300T1-1/2S6,"6""",300,316L,"1-1/2""",1.5,7.4,41.46,58.04,464,511
PBAL6061-CX300T1-1/2S6,"6""",300,AL-6061,"1-1/2""",1.5,5,13.83,19.36,132,146
PB304-CX300T1-5/8S6,"6""",300,304,"1-5/8""",1.625,5.5,44.41,62.17,377,415
PBSA36-CX300T1-5/8S6,"6""",300,SA-36,"1-5/8""",1.625,1.85,42.51,59.51,145,160
PBSA516-70-CX300T1-5/8S6,"6""",300,SA-516-70,"1-5/8""",1.625,2.15,42.51,59.51,163,180
PB304L-CX300T1-5/8S6,"6""",300,304L,"1-5/8""",1.625,5.95,44.41,62.17,405,446
PB316L-CX300T1-5/8S6,"6""",300,316L,"1-5/8""",1.625,7.4,44.92,62.89,500,550
PBAL6061-CX300T1-5/8S6,"6""",300,AL-6061,"1-5/8""",1.625,5,14.98,20.97,140,154
PB304-CX300T1-3/4S6,"6""",300,304,"1-3/4""",1.75,5.5,47.83,66.96,403,444
PBSA36-CX300T1-3/4S6,"6""",300,SA-36,"1-3/4""",1.75,1.85,45.78,64.09,153,169
PBSA516-70-CX300T1-3/4S6,"6""",300,SA-516-70,"1-3/4""",1.75,2.15,45.78,64.09,173,191
PB304L-CX300T1-3/4S6,"6""",300,304L,"1-3/4""",1.75,5.95,47.83,66.96,433,477
PB316L-CX300T1-3/4S6,"6""",300,316L,"1-3/4""",1.75,7.4,48.37,67.72,536,590
PBAL6061-CX300T1-3/4S6,"6""",300,AL-6061,"1-3/4""",1.75,5,16.13,22.58,148,163
PB304-CX300T1-7/8S6,"6""",300,304,"1-7/8""",1.875,5.5,51.24,71.74,429,472
PBSA36-CX300T1-7/8S6,"6""",300,SA-36,"1-7/8""",1.875,1.85,49.05,68.67,162,179
PBSA516-70-CX300T1-7/8S6,"6""",300,SA-516-70,"1-7/8""",1.875,2.15,49.05,68.67,182,201
PB304L-CX300T1-7/8S6,"6""",300,304L,"1-7/8""",1.875,5.95,51.24,71.74,462,509
PB316L-CX300T1-7/8S6,"6""",300,316L,"1-7/8""",1.875,7.4,51.83,72.56,572,630
PBAL6061-CX300T1-7/8S6,"6""",300,AL-6061,"1-7/8""",1.875,5,17.28,24.19,156,172
PB304-CX300T2S6,"6""",300,304,"2""",2,5.5,54.66,76.52,456,502
PBSA36-CX300T2S6,"6""",300,SA-36,"2""",2,1.85,52.32,73.25,170,188
PBSA516-70-CX300T2S6,"6""",300,SA-516-70,"2""",2,2.15,52.32,73.25,192,212
PB304L-CX300T2S6,"6""",300,304L,"2""",2,5.95,54.66,76.52,490,539
PB316L-CX300T2S6,"6""",300,316L,"2""",2,7.4,55.28,77.39,608,669
PBAL6061-CX300T2S6,"6""",300,AL-6061,"2""",2,5,18.44,25.82,164,181
PB304-CX300T2-1/4S6,"6""",300,304,"2-1/4""",2.25,5.5,61.49,86.09,508,559
PBSA36-CX300T2-1/4S6,"6""",300,SA-36,"2-1/4""",2.25,1.85,58.86,82.4,187,206
PBSA516-70-CX300T2-1/4S6,"6""",300,SA-516-70,"2-1/4""",2.25,2.15,58.86,82.4,212,234
PB304L-CX300T2-1/4S6,"6""",300,304L,"2-1/4""",2.25,5.95,61.49,86.09,547,602
PB316L-CX300T2-1/4S6,"6""",300,316L,"2-1/4""",2.25,7.4,62.19,87.07,679,747
PBAL6061-CX300T2-1/4S6,"6""",300,AL-6061,"2-1/4""",2.25,5,20.74,29.04,180,199
PB304-CX300T2-1/2S6,"6""",300,304,"2-1/2""",2.5,5.5,68.32,95.65,561,618
PBSA36-CX300T2-1/2S6,"6""",300,SA-36,"2-1/2""",2.5,1.85,65.4,91.56,204,225
PBSA516-70-CX300T2-1/2S6,"6""",300,SA-516-70,"2-1/2""",2.5,2.15,65.4,91.56,232,256
PB304L-CX300T2-1/2S6,"6""",300,304L,"2-1/2""",2.5,5.95,68.32,95.65,604,665
PB316L-CX300T2-1/2S6,"6""",300,316L,"2-1/2""",2.5,7.4,69.1,96.74,751,827
PBAL6061-CX300T2-1/2S6,"6""",300,AL-6061,"2-1/2""",2.5,5,23.04,32.26,196,216
PB304-CX300T3S6,"6""",300,304,"3""",3,5.5,81.99,114.79,666,733
PBSA36-CX300T3S6,"6""",300,SA-36,"3""",3,1.85,78.48,109.87,238,262
PBSA516-70-CX300T3S6,"6""",300,SA-516-70,"3""",3,2.15,78.48,109.87,271,299
PB304L-CX300T3S6,"6""",300,304L,"3""",3,5.95,81.99,114.79,718,790
PB316L-CX300T3S6,"6""",300,316L,"3""",3,7.4,82.92,116.09,894,984
PBAL6061-CX300T3S6,"6""",300,AL-6061,"3""",3,5,27.65,38.71,228,251
PB304-CX300T11GAS8,"8""",300,304,11 Gauge,0.1196,5.5,4.91,6.87,73,81
PBSA36-CX300T11GAS8,"8""",300,SA-36,11 Gauge,0.1196,1.85,4.7,6.58,47,52
PBSA516-70-CX300T11GAS8,"8""",300,SA-516-70,11 Gauge,0.1196,2.15,4.7,6.58,49,54
PB304L-CX300T11GAS8,"8""",300,304L,11 Gauge,0.1196,5.95,4.91,6.87,76,84
PB316L-CX300T11GAS8,"8""",300,316L,11 Gauge,0.1196,7.4,4.97,6.96,86,95
PBAL6061-CX300T11GAS8,"8""",300,AL-6061,11 Gauge,0.1196,5,1.66,2.32,46,51
PB304-CX300T1/8S8,"8""",300,304,"1/8""",0.125,5.5,5.13,7.18,74,82
PBSA36-CX300T1/8S8,"8""",300,SA-36,"1/8""",0.125,1.85,4.91,6.87,48,53
PBSA516-70-CX300T1/8S8,"8""",300,SA-516-70,"1/8""",0.125,2.15,4.91,6.87,50,56
PB304L-CX300T1/8S8,"8""",300,304L,"1/8""",0.125,5.95,5.13,7.18,78,86
PB316L-CX300T1/8S8,"8""",300,316L,"1/8""",0.125,7.4,5.19,7.27,89,98
PBAL6061-CX300T1/8S8,"8""",300,AL-6061,"1/8""",0.125,5,1.73,2.42,47,52
PB304-CX300T3/16S8,"8""",300,304,"3/16""",0.1875,5.5,7.7,10.78,94,104
PBSA36-CX300T3/16S8,"8""",300,SA-36,"3/16""",0.1875,1.85,7.37,10.32,54,60
PBSA516-70-CX300T3/16S8,"8""",300,SA-516-70,"3/16""",0.1875,2.15,7.37,10.32,57,63
PB304L-CX300T3/16S8,"8""",300,304L,"3/16""",0.1875,5.95,7.7,10.78,99,109
PB316L-CX300T3/16S8,"8""",300,316L,"3/16""",0.1875,7.4,7.79,10.91,116,128
PBAL6061-CX300T3/16S8,"8""",300,AL-6061,"3/16""",0.1875,5,2.6,3.64,53,59
PB304-CX300T1/4S8,"8""",300,304,"1/4""",0.25,5.5,10.27,14.38,114,126
PBSA36-CX300T1/4S8,"8""",300,SA-36,"1/4""",0.25,1.85,9.83,13.76,60,66
PBSA516-70-CX300T1/4S8,"8""",300,SA-516-70,"1/4""",0.25,2.15,9.83,13.76,64,71
PB304L-CX300T1/4S8,"8""",300,304L,"1/4""",0.25,5.95,10.27,14.38,120,132
PB316L-CX300T1/4S8,"8""",300,316L,"1/4""",0.25,7.4,10.38,14.53,142,157
PBAL6061-CX300T1/4S8,"8""",300,AL-6061,"1/4""",0.25,5,3.46,4.84,59,65
PB304-CX300T5/16S8,"8""",300,304,"5/16""",0.3125,5.5,12.83,17.96,134,148
PBSA36-CX300T5/16S8,"8""",300,SA-36,"5/16""",0.3125,1.85,12.28,17.19,67,74
PBSA516-70-CX300T5/16S8,"8""",300,SA-516-70,"5/16""",0.3125,2.15,12.28,17.19,72,80
PB304L-CX300T5/16S8,"8""",300,304L,"5/16""",0.3125,5.95,12.83,17.96,142,157
PB316L-CX300T5/16S8,"8""",300,316L,"5/16""",0.3125,7.4,12.98,18.17,169,186
PBAL6061-CX300T5/16S8,"8""",300,AL-6061,"5/16""",0.3125,5,4.33,6.06,65,72
PB304-CX300T3/8S8,"8""",300,304,"3/8""",0.375,5.5,15.4,21.56,153,169
PBSA36-CX300T3/8S8,"8""",300,SA-36,"3/8""",0.375,1.85,14.74,20.64,73,81
PBSA516-70-CX300T3/8S8,"8""",300,SA-516-70,"3/8""",0.375,2.15,14.74,20.64,79,87
PB304L-CX300T3/8S8,"8""",300,304L,"3/8""",0.375,5.95,15.4,21.56,163,180
PB316L-CX300T3/8S8,"8""",300,316L,"3/8""",0.375,7.4,15.57,21.8,196,216
PBAL6061-CX300T3/8S8,"8""",300,AL-6061,"3/8""",0.375,5,5.19,7.27,71,79
PB304-CX300T1/2S8,"8""",300,304,"1/2""",0.5,5.5,20.53,28.74,193,213
PBSA36-CX300T1/2S8,"8""",300,SA-36,"1/2""",0.5,1.85,19.65,27.51,86,95
PBSA516-70-CX300T1/2S8,"8""",300,SA-516-70,"1/2""",0.5,2.15,19.65,27.51,94,104
PB304L-CX300T1/2S8,"8""",300,304L,"1/2""",0.5,5.95,20.53,28.74,206,227
PB316L-CX300T1/2S8,"8""",300,316L,"1/2""",0.5,7.4,20.77,29.08,250,275
PBAL6061-CX300T1/2S8,"8""",300,AL-6061,"1/2""",0.5,5,6.93,9.7,83,92
PB304-CX300T5/8S8,"8""",300,304,"5/8""",0.625,5.5,25.67,35.94,233,257
PBSA36-CX300T5/8S8,"8""",300,SA-36,"5/8""",0.625,1.85,24.57,34.4,98,108
PBSA516-70-CX300T5/8S8,"8""",300,SA-516-70,"5/8""",0.625,2.15,24.57,34.4,109,120
PB304L-CX300T5/8S8,"8""",300,304L,"5/8""",0.625,5.95,25.67,35.94,249,274
PB316L-CX300T5/8S8,"8""",300,316L,"5/8""",0.625,7.4,25.96,36.34,304,335
PBAL6061-CX300T5/8S8,"8""",300,AL-6061,"5/8""",0.625,5,8.66,12.12,95,105
PB304-CX300T3/4S8,"8""",300,304,"3/4""",0.75,5.5,30.8,43.12,272,300
PBSA36-CX300T3/4S8,"8""",300,SA-36,"3/4""",0.75,1.85,29.48,41.27,111,123
PBSA516-70-CX300T3/4S8,"8""",300,SA-516-70,"3/4""",0.75,2.15,29.48,41.27,124,137
PB304L-CX300T3/4S8,"8""",300,304L,"3/4""",0.75,5.95,30.8,43.12,291,321
PB316L-CX300T3/4S8,"8""",300,316L,"3/4""",0.75,7.4,31.15,43.61,358,394
PBAL6061-CX300T3/4S8,"8""",300,AL-6061,"3/4""",0.75,5,10.39,14.55,108,119
PB304-CX300T7/8S8,"8""",300,304,"7/8""",0.875,5.5,35.93,50.3,311,343
PBSA36-CX300T7/8S8,"8""",300,SA-36,"7/8""",0.875,1.85,34.39,48.15,124,137
PBSA516-70-CX300T7/8S8,"8""",300,SA-516-70,"7/8""",0.875,2.15,34.39,48.15,138,152
PB304L-CX300T7/8S8,"8""",300,304L,"7/8""",0.875,5.95,35.93,50.3,334,368
PB316L-CX300T7/8S8,"8""",300,316L,"7/8""",0.875,7.4,36.34,50.88,411,453
PBAL6061-CX300T7/8S8,"8""",300,AL-6061,"7/8""",0.875,5,12.12,16.97,120,132
PB304-CX300T1S8,"8""",300,304,"1""",1,5.5,41.06,57.48,351,387
PBSA36-CX300T1S8,"8""",300,SA-36,"1""",1,1.85,39.31,55.03,137,151
PBSA516-70-CX300T1S8,"8""",300,SA-516-70,"1""",1,2.15,39.31,55.03,153,169
PB304L-CX300T1S8,"8""",300,304L,"1""",1,5.95,41.06,57.48,377,415
PB316L-CX300T1S8,"8""",300,316L,"1""",1,7.4,41.53,58.14,465,512
PBAL6061-CX300T1S8,"8""",300,AL-6061,"1""",1,5,13.85,19.39,132,146
PB304-CX300T1-1/8S8,"8""",300,304,"1-1/8""",1.125,5.5,46.2,64.68,391,431
PBSA36-CX300T1-1/8S8,"8""",300,SA-36,"1-1/8""",1.125,1.85,44.22,61.91,149,164
PBSA516-70-CX300T1-1/8S8,"8""",300,SA-516-70,"1-1/8""",1.125,2.15,44.22,61.91,168,185
PB304L-CX300T1-1/8S8,"8""",300,304L,"1-1/8""",1.125,5.95,46.2,64.68,420,463
PB316L-CX300T1-1/8S8,"8""",300,316L,"1-1/8""",1.125,7.4,46.72,65.41,519,571
PBAL6061-CX300T1-1/8S8,"8""",300,AL-6061,"1-1/8""",1.125,5,15.58,21.81,144,159
PB304-CX300T1-1/4S8,"8""",300,304,"1-1/4""",1.25,5.5,51.33,71.86,430,474
PBSA36-CX300T1-1/4S8,"8""",300,SA-36,"1-1/4""",1.25,1.85,49.13,68.78,162,179
PBSA516-70-CX300T1-1/4S8,"8""",300,SA-516-70,"1-1/4""",1.25,2.15,49.13,68.78,183,202
PB304L-CX300T1-1/4S8,"8""",300,304L,"1-1/4""",1.25,5.95,51.33,71.86,462,509
PB316L-CX300T1-1/4S8,"8""",300,316L,"1-1/4""",1.25,7.4,51.91,72.67,573,631
PBAL6061-CX300T1-1/4S8,"8""",300,AL-6061,"1-1/4""",1.25,5,17.31,24.23,156,172
PB304-CX300T1-3/8S8,"8""",300,304,"1-3/8""",1.375,5.5,56.46,79.04,470,517
PBSA36-CX300T1-3/8S8,"8""",300,SA-36,"1-3/8""",1.375,1.85,54.05,75.67,175,193
PBSA516-70-CX300T1-3/8S8,"8""",300,SA-516-70,"1-3/8""",1.375,2.15,54.05,75.67,198,218
PB304L-CX300T1-3/8S8,"8""",300,304L,"1-3/8""",1.375,5.95,56.46,79.04,505,556
PB316L-CX300T1-3/8S8,"8""",300,316L,"1-3/8""",1.375,7.4,57.11,79.95,626,689
PBAL6061-CX300T1-3/8S8,"8""",300,AL-6061,"1-3/8""",1.375,5,19.04,26.66,168,185
PB304-CX300T1-1/2S8,"8""",300,304,"1-1/2""",1.5,5.5,61.6,86.24,509,560
PBSA36-CX300T1-1/2S8,"8""",300,SA-36,"1-1/2""",1.5,1.85,58.96,82.54,188,207
PBSA516-70-CX300T1-1/2S8,"8""",300,SA-516-70,"1-1/2""",1.5,2.15,58.96,82.54,212,234
PB304L-CX300T1-1/2S8,"8""",300,304L,"1-1/2""",1.5,5.95,61.6,86.24,548,603
PB316L-CX300T1-1/2S8,"8""",300,316L,"1-1/2""",1.5,7.4,62.3,87.22,680,749
PBAL6061-CX300T1-1/2S8,"8""",300,AL-6061,"1-1/2""",1.5,5,20.78,29.09,180,199
PB304-CX300T1-5/8S8,"8""",300,304,"1-5/8""",1.625,5.5,66.73,93.42,549,604
PBSA36-CX300T1-5/8S8,"8""",300,SA-36,"1-5/8""",1.625,1.85,63.88,89.43,200,221
PBSA516-70-CX300T1-5/8S8,"8""",300,SA-516-70,"1-5/8""",1.625,2.15,63.88,89.43,227,250
PB304L-CX300T1-5/8S8,"8""",300,304L,"1-5/8""",1.625,5.95,66.73,93.42,591,651
PB316L-CX300T1-5/8S8,"8""",300,316L,"1-5/8""",1.625,7.4,67.49,94.49,734,808
PBAL6061-CX300T1-5/8S8,"8""",300,AL-6061,"1-5/8""",1.625,5,22.51,31.51,192,212
PB304-CX300T1-3/4S8,"8""",300,304,"1-3/4""",1.75,5.5,71.86,100.6,588,647
PBSA36-CX300T1-3/4S8,"8""",300,SA-36,"1-3/4""",1.75,1.85,68.79,96.31,213,235
PBSA516-70-CX300T1-3/4S8,"8""",300,SA-516-70,"1-3/4""",1.75,2.15,68.79,96.31,242,267
PB304L-CX300T1-3/4S8,"8""",300,304L,"1-3/4""",1.75,5.95,71.86,100.6,633,697
PB316L-CX300T1-3/4S8,"8""",300,316L,"1-3/4""",1.75,7.4,72.68,101.75,788,867
PBAL6061-CX300T1-3/4S8,"8""",300,AL-6061,"1-3/4""",1.75,5,24.24,33.94,205,226
PB304-CX300T1-7/8S8,"8""",300,304,"1-7/8""",1.875,5.5,77,107.8,628,691
PBSA36-CX300T1-7/8S8,"8""",300,SA-36,"1-7/8""",1.875,1.85,73.7,103.18,226,249
PBSA516-70-CX300T1-7/8S8,"8""",300,SA-516-70,"1-7/8""",1.875,2.15,73.7,103.18,257,283
PB304L-CX300T1-7/8S8,"8""",300,304L,"1-7/8""",1.875,5.95,77,107.8,676,744
PB316L-CX300T1-7/8S8,"8""",300,316L,"1-7/8""",1.875,7.4,77.87,109.02,842,927
PBAL6061-CX300T1-7/8S8,"8""",300,AL-6061,"1-7/8""",1.875,5,25.97,36.36,217,239
PB304-CX300T2S8,"8""",300,304,"2""",2,5.5,82.13,114.98,667,734
PBSA36-CX300T2S8,"8""",300,SA-36,"2""",2,1.85,78.62,110.07,238,262
PBSA516-70-CX300T2S8,"8""",300,SA-516-70,"2""",2,2.15,78.62,110.07,271,299
PB304L-CX300T2S8,"8""",300,304L,"2""",2,5.95,82.13,114.98,719,791
PB316L-CX300T2S8,"8""",300,316L,"2""",2,7.4,83.06,116.28,895,985
PBAL6061-CX300T2S8,"8""",300,AL-6061,"2""",2,5,27.7,38.78,229,252
PB304-CX300T2-1/4S8,"8""",300,304,"2-1/4""",2.25,5.5,92.39,129.35,746,821
PBSA36-CX300T2-1/4S8,"8""",300,SA-36,"2-1/4""",2.25,1.85,88.44,123.82,264,291
PBSA516-70-CX300T2-1/4S8,"8""",300,SA-516-70,"2-1/4""",2.25,2.15,88.44,123.82,301,332
PB304L-CX300T2-1/4S8,"8""",300,304L,"2-1/4""",2.25,5.95,92.39,129.35,804,885
PB316L-CX300T2-1/4S8,"8""",300,316L,"2-1/4""",2.25,7.4,93.44,130.82,1003,1104
PBAL6061-CX300T2-1/4S8,"8""",300,AL-6061,"2-1/4""",2.25,5,31.16,43.62,253,279
PB304-CX300T2-1/2S8,"8""",300,304,"2-1/2""",2.5,5.5,102.66,143.72,825,908
PBSA36-CX300T2-1/2S8,"8""",300,SA-36,"2-1/2""",2.5,1.85,98.27,137.58,289,318
PBSA516-70-CX300T2-1/2S8,"8""",300,SA-516-70,"2-1/2""",2.5,2.15,98.27,137.58,331,365
PB304L-CX300T2-1/2S8,"8""",300,304L,"2-1/2""",2.5,5.95,102.66,143.72,890,980
PB316L-CX300T2-1/2S8,"8""",300,316L,"2-1/2""",2.5,7.4,103.83,145.36,1111,1223
PBAL6061-CX300T2-1/2S8,"8""",300,AL-6061,"2-1/2""",2.5,5,34.63,48.48,277,305
PB304-CX300T3S8,"8""",300,304,"3""",3,5.5,123.19,172.47,983,1082
PBSA36-CX300T3S8,"8""",300,SA-36,"3""",3,1.85,117.92,165.09,340,375
PBSA516-70-CX300T3S8,"8""",300,SA-516-70,"3""",3,2.15,117.92,165.09,390,430
PB304L-CX300T3S8,"8""",300,304L,"3""",3,5.95,123.19,172.47,1061,1168
PB316L-CX300T3S8,"8""",300,316L,"3""",3,7.4,124.59,174.43,1326,1459
PBAL6061-CX300T3S8,"8""",300,AL-6061,"3""",3,5,41.55,58.17,326,359
PB304-CX300T11GAS10,"10""",300,304,11 Gauge,0.1196,5.5,6.76,9.46,87,96
PBSA36-CX300T11GAS10,"10""",300,SA-36,11 Gauge,0.1196,1.85,6.48,9.07,52,58
PBSA516-70-CX300T11GAS10,"10""",300,SA-516-70,11 Gauge,0.1196,2.15,6.48,9.07,54,60
PB304L-CX300T11GAS10,"10""",300,304L,11 Gauge,0.1196,5.95,6.76,9.46,91,101
PB316L-CX300T11GAS10,"10""",300,316L,11 Gauge,0.1196,7.4,6.84,9.58,106,117
PBAL6061-CX300T11GAS10,"10""",300,AL-6061,11 Gauge,0.1196,5,2.28,3.19,51,57
PB304-CX300T1/8S10,"10""",300,304,"1/8""",0.125,5.5,7.07,9.9,89,98
PBSA36-CX300T1/8S10,"10""",300,SA-36,"1/8""",0.125,1.85,6.77,9.48,52,58
PBSA516-70-CX300T1/8S10,"10""",300,SA-516-70,"1/8""",0.125,2.15,6.77,9.48,55,61
PB304L-CX300T1/8S10,"10""",300,304L,"1/8""",0.125,5.95,7.07,9.9,94,104
PB316L-CX300T1/8S10,"10""",300,316L,"1/8""",0.125,7.4,7.15,10.01,109,120
PBAL6061-CX300T1/8S10,"10""",300,AL-6061,"1/8""",0.125,5,2.38,3.33,51,57
PB304-CX300T3/16S10,"10""",300,304,"3/16""",0.1875,5.5,10.61,14.85,117,129
PBSA36-CX300T3/16S10,"10""",300,SA-36,"3/16""",0.1875,1.85,10.15,14.21,61,68
PBSA516-70-CX300T3/16S10,"10""",300,SA-516-70,"3/16""",0.1875,2.15,10.15,14.21,65,72
PB304L-CX300T3/16S10,"10""",300,304L,"3/16""",0.1875,5.95,10.61,14.85,123,136
PB316L-CX300T3/16S10,"10""",300,316L,"3/16""",0.1875,7.4,10.73,15.02,146,161
PBAL6061-CX300T3/16S10,"10""",300,AL-6061,"3/16""",0.1875,5,3.58,5.01,60,66
PB304-CX300T1/4S10,"10""",300,304,"1/4""",0.25,5.5,14.14,19.8,144,159
PBSA36-CX300T1/4S10,"10""",300,SA-36,"1/4""",0.25,1.85,13.54,18.96,70,77
PBSA516-70-CX300T1/4S10,"10""",300,SA-516-70,"1/4""",0.25,2.15,13.54,18.96,76,84
PB304L-CX300T1/4S10,"10""",300,304L,"1/4""",0.25,5.95,14.14,19.8,153,169
PB316L-CX300T1/4S10,"10""",300,316L,"1/4""",0.25,7.4,14.3,20.02,183,202
PBAL6061-CX300T1/4S10,"10""",300,AL-6061,"1/4""",0.25,5,4.77,6.68,68,75
PB304-CX300T5/16S10,"10""",300,304,"5/16""",0.3125,5.5,17.68,24.75,171,189
PBSA36-CX300T5/16S10,"10""",300,SA-36,"5/16""",0.3125,1.85,16.92,23.69,79,87
PBSA516-70-CX300T5/16S10,"10""",300,SA-516-70,"5/16""",0.3125,2.15,16.92,23.69,86,95
PB304L-CX300T5/16S10,"10""",300,304L,"5/16""",0.3125,5.95,17.68,24.75,182,201
PB316L-CX300T5/16S10,"10""",300,316L,"5/16""",0.3125,7.4,17.88,25.03,220,243
PBAL6061-CX300T5/16S10,"10""",300,AL-6061,"5/16""",0.3125,5,5.96,8.34,77,85
PB304-CX300T3/8S10,"10""",300,304,"3/8""",0.375,5.5,21.21,29.69,198,218
PBSA36-CX300T3/8S10,"10""",300,SA-36,"3/8""",0.375,1.85,20.3,28.42,87,96
PBSA516-70-CX300T3/8S10,"10""",300,SA-516-70,"3/8""",0.375,2.15,20.3,28.42,96,106
PB304L-CX300T3/8S10,"10""",300,304L,"3/8""",0.375,5.95,21.21,29.69,212,234
PB316L-CX300T3/8S10,"10""",300,316L,"3/8""",0.375,7.4,21.45,30.03,257,283
PBAL6061-CX300T3/8S10,"10""",300,AL-6061,"3/8""",0.375,5,7.15,10.01,85,94
PB304-CX300T1/2S10,"10""",300,304,"1/2""",0.5,5.5,28.28,39.59,253,279
PBSA36-CX300T1/2S10,"10""",300,SA-36,"1/2""",0.5,1.85,27.07,37.9,105,116
PBSA516-70-CX300T1/2S10,"10""",300,SA-516-70,"1/2""",0.5,2.15,27.07,37.9,116,128
PB304L-CX300T1/2S10,"10""",300,304L,"1/2""",0.5,5.95,28.28,39.59,270,297
PB316L-CX300T1/2S10,"10""",300,316L,"1/2""",0.5,7.4,28.6,40.04,331,365
PBAL6061-CX300T1/2S10,"10""",300,AL-6061,"1/2""",0.5,5,9.54,13.36,102,113
PB304-CX300T5/8S10,"10""",300,304,"5/8""",0.625,5.5,35.35,49.49,307,338
PBSA36-CX300T5/8S10,"10""",300,SA-36,"5/8""",0.625,1.85,33.84,47.38,123,136
PBSA516-70-CX300T5/8S10,"10""",300,SA-516-70,"5/8""",0.625,2.15,33.84,47.38,137,151
PB304L-CX300T5/8S10,"10""",300,304L,"5/8""",0.625,5.95,35.35,49.49,329,362
PB316L-CX300T5/8S10,"10""",300,316L,"5/8""",0.625,7.4,35.75,50.05,405,446
PBAL6061-CX300T5/8S10,"10""",300,AL-6061,"5/8""",0.625,5,11.92,16.69,118,130
PB304-CX300T3/4S10,"10""",300,304,"3/4""",0.75,5.5,42.42,59.39,361,398
PBSA36-CX300T3/4S10,"10""",300,SA-36,"3/4""",0.75,1.85,40.61,56.85,140,154
PBSA516-70-CX300T3/4S10,"10""",300,SA-516-70,"3/4""",0.75,2.15,40.61,56.85,157,173
PB304L-CX300T3/4S10,"10""",300,304L,"3/4""",0.75,5.95,42.42,59.39,388,427
PB316L-CX300T3/4S10,"10""",300,316L,"3/4""",0.75,7.4,42.9,60.06,479,527
PBAL6061-CX300T3/4S10,"10""",300,AL-6061,"3/4""",0.75,5,14.31,20.03,135,149
PB304-CX300T7/8S10,"10""",300,304,"7/8""",0.875,5.5,49.49,69.29,416,458
PBSA36-CX300T7/8S10,"10""",300,SA-36,"7/8""",0.875,1.85,47.38,66.33,158,174
PBSA516-70-CX300T7/8S10,"10""",300,SA-516-70,"7/8""",0.875,2.15,47.38,66.33,177,195
PB304L-CX300T7/8S10,"10""",300,304L,"7/8""",0.875,5.95,49.49,69.29,447,492
PB316L-CX300T7/8S10,"10""",300,316L,"7/8""",0.875,7.4,50.06,70.08,553,609
PBAL6061-CX300T7/8S10,"10""",300,AL-6061,"7/8""",0.875,5,16.69,23.37,152,168
PB304-CX300T1S10,"10""",300,304,"1""",1,5.5,56.56,79.18,470,517
PBSA36-CX300T1S10,"10""",300,SA-36,"1""",1,1.85,54.14,75.8,175,193
PBSA516-70-CX300T1S10,"10""",300,SA-516-70,"1""",1,2.15,54.14,75.8,198,218
PB304L-CX300T1S10,"10""",300,304L,"1""",1,5.95,56.56,79.18,506,557
PB316L-CX300T1S10,"10""",300,316L,"1""",1,7.4,57.21,80.09,628,691
PBAL6061-CX300T1S10,"10""",300,AL-6061,"1""",1,5,19.08,26.71,168,185
PB304-CX300T1-1/8S10,"10""",300,304,"1-1/8""",1.125,5.5,63.63,89.08,525,578
PBSA36-CX300T1-1/8S10,"10""",300,SA-36,"1-1/8""",1.125,1.85,60.91,85.27,193,213
PBSA516-70-CX300T1-1/8S10,"10""",300,SA-516-70,"1-1/8""",1.125,2.15,60.91,85.27,218,240
PB304L-CX300T1-1/8S10,"10""",300,304L,"1-1/8""",1.125,5.95,63.63,89.08,565,622
PB316L-CX300T1-1/8S10,"10""",300,316L,"1-1/8""",1.125,7.4,64.36,90.1,702,773
PBAL6061-CX300T1-1/8S10,"10""",300,AL-6061,"1-1/8""",1.125,5,21.46,30.04,185,204
PB304-CX300T1-1/4S10,"10""",300,304,"1-1/4""",1.25,5.5,70.7,98.98,579,637
PBSA36-CX300T1-1/4S10,"10""",300,SA-36,"1-1/4""",1.25,1.85,67.68,94.75,210,232
PBSA516-70-CX300T1-1/4S10,"10""",300,SA-516-70,"1-1/4""",1.25,2.15,67.68,94.75,239,263
PB304L-CX300T1-1/4S10,"10""",300,304L,"1-1/4""",1.25,5.95,70.7,98.98,624,687
PB316L-CX300T1-1/4S10,"10""",300,316L,"1-1/4""",1.25,7.4,71.51,100.11,776,854
PBAL6061-CX300T1-1/4S10,"10""",300,AL-6061,"1-1/4""",1.25,5,23.85,33.39,202,223
PB304-CX300T1-3/8S10,"10""",300,304,"1-3/8""",1.375,5.5,77.77,108.88,634,698
PBSA36-CX300T1-3/8S10,"10""",300,SA-36,"1-3/8""",1.375,1.85,74.45,104.23,228,251
PBSA516-70-CX300T1-3/8S10,"10""",300,SA-516-70,"1-3/8""",1.375,2.15,74.45,104.23,259,285
PB304L-CX300T1-3/8S10,"10""",300,304L,"1-3/8""",1.375,5.95,77.77,108.88,683,752
PB316L-CX300T1-3/8S10,"10""",300,316L,"1-3/8""",1.375,7.4,78.66,110.12,850,936
PBAL6061-CX300T1-3/8S10,"10""",300,AL-6061,"1-3/8""",1.375,5,26.23,36.72,218,240
PB304-CX300T1-1/2S10,"10""",300,304,"1-1/2""",1.5,5.5,84.84,118.78,688,757
PBSA36-CX300T1-1/2S10,"10""",300,SA-36,"1-1/2""",1.5,1.85,81.22,113.71,245,270
PBSA516-70-CX300T1-1/2S10,"10""",300,SA-516-70,"1-1/2""",1.5,2.15,81.22,113.71,279,307
PB304L-CX300T1-1/2S10,"10""",300,304L,"1-1/2""",1.5,5.95,84.84,118.78,742,817
PB316L-CX300T1-1/2S10,"10""",300,316L,"1-1/2""",1.5,7.4,85.81,120.13,924,1017
PBAL6061-CX300T1-1/2S10,"10""",300,AL-6061,"1-1/2""",1.5,5,28.62,40.07,235,259
PB304-CX300T1-5/8S10,"10""",300,304,"1-5/8""",1.625,5.5,91.92,128.69,743,818
PBSA36-CX300T1-5/8S10,"10""",300,SA-36,"1-5/8""",1.625,1.85,87.98,123.17,263,290
PBSA516-70-CX300T1-5/8S10,"10""",300,SA-516-70,"1-5/8""",1.625,2.15,87.98,123.17,300,330
PB304L-CX300T1-5/8S10,"10""",300,304L,"1-5/8""",1.625,5.95,91.92,128.69,801,882
PB316L-CX300T1-5/8S10,"10""",300,316L,"1-5/8""",1.625,7.4,92.96,130.14,998,1098
PBAL6061-CX300T1-5/8S10,"10""",300,AL-6061,"1-5/8""",1.625,5,31,43.4,252,278
PB304-CX300T1-3/4S10,"10""",300,304,"1-3/4""",1.75,5.5,98.99,138.59,797,877
PBSA36-CX300T1-3/4S10,"10""",300,SA-36,"1-3/4""",1.75,1.85,94.75,132.65,280,308
PBSA516-70-CX300T1-3/4S10,"10""",300,SA-516-70,"1-3/4""",1.75,2.15,94.75,132.65,320,352
PB304L-CX300T1-3/4S10,"10""",300,304L,"1-3/4""",1.75,5.95,98.99,138.59,859,945
PB316L-CX300T1-3/4S10,"10""",300,316L,"1-3/4""",1.75,7.4,100.11,140.15,1072,1180
PBAL6061-CX300T1-3/4S10,"10""",300,AL-6061,"1-3/4""",1.75,5,33.39,46.75,269,296
PB304-CX300T1-7/8S10,"10""",300,304,"1-7/8""",1.875,5.5,106.06,148.48,851,937
PBSA36-CX300T1-7/8S10,"10""",300,SA-36,"1-7/8""",1.875,1.85,101.52,142.13,298,328
PBSA516-70-CX300T1-7/8S10,"10""",300,SA-516-70,"1-7/8""",1.875,2.15,101.52,142.13,340,375
PB304L-CX300T1-7/8S10,"10""",300,304L,"1-7/8""",1.875,5.95,106.06,148.48,918,1010
PB316L-CX300T1-7/8S10,"10""",300,316L,"1-7/8""",1.875,7.4,107.26,150.16,1146,1261
PBAL6061-CX300T1-7/8S10,"10""",300,AL-6061,"1-7/8""",1.875,5,35.77,50.08,285,314
PB304-CX300T2S10,"10""",300,304,"2""",2,5.5,113.13,158.38,906,997
PBSA36-CX300T2S10,"10""",300,SA-36,"2""",2,1.85,108.29,151.61,315,347
PBSA516-70-CX300T2S10,"10""",300,SA-516-70,"2""",2,2.15,108.29,151.61,361,398
PB304L-CX300T2S10,"10""",300,304L,"2""",2,5.95,113.13,158.38,977,1075
PB316L-CX300T2S10,"10""",300,316L,"2""",2,7.4,114.41,160.17,1220,1342
PBAL6061-CX300T2S10,"10""",300,AL-6061,"2""",2,5,38.16,53.42,302,333
PB304-CX300T2-1/4S10,"10""",300,304,"2-1/4""",2.25,5.5,127.27,178.18,1015,1117
PBSA36-CX300T2-1/4S10,"10""",300,SA-36,"2-1/4""",2.25,1.85,121.82,170.55,350,386
PBSA516-70-CX300T2-1/4S10,"10""",300,SA-516-70,"2-1/4""",2.25,2.15,121.82,170.55,402,443
PB304L-CX300T2-1/4S10,"10""",300,304L,"2-1/4""",2.25,5.95,127.27,178.18,1095,1205
PB316L-CX300T2-1/4S10,"10""",300,316L,"2-1/4""",2.25,7.4,128.71,180.19,1368,1505
PBAL6061-CX300T2-1/4S10,"10""",300,AL-6061,"2-1/4""",2.25,5,42.92,60.09,335,369
PB304-CX300T2-1/2S10,"10""",300,304,"2-1/2""",2.5,5.5,141.41,197.97,1124,1237
PBSA36-CX300T2-1/2S10,"10""",300,SA-36,"2-1/2""",2.5,1.85,135.36,189.5,385,424
PBSA516-70-CX300T2-1/2S10,"10""",300,SA-516-70,"2-1/2""",2.5,2.15,135.36,189.5,442,487
PB304L-CX300T2-1/2S10,"10""",300,304L,"2-1/2""",2.5,5.95,141.41,197.97,1213,1335
PB316L-CX300T2-1/2S10,"10""",300,316L,"2-1/2""",2.5,7.4,143.02,200.23,1517,1669
PBAL6061-CX300T2-1/2S10,"10""",300,AL-6061,"2-1/2""",2.5,5,47.69,66.77,369,406
PB304-CX300T3S10,"10""",300,304,"3""",3,5.5,169.69,237.57,1341,1476
PBSA36-CX300T3S10,"10""",300,SA-36,"3""",3,1.85,162.43,227.4,456,502
PBSA516-70-CX300T3S10,"10""",300,SA-516-70,"3""",3,2.15,162.43,227.4,524,577
PB304L-CX300T3S10,"10""",300,304L,"3""",3,5.95,169.69,237.57,1448,1593
PB316L-CX300T3S10,"10""",300,316L,"3""",3,7.4,171.62,240.27,1813,1995
PBAL6061-CX300T3S10,"10""",300,AL-6061,"3""",3,5,57.23,80.12,435,479
PB304-CX300T11GAS12,"12""",300,304,11 Gauge,0.1196,5.5,9.18,12.85,108,119
PBSA36-CX300T11GAS12,"12""",300,SA-36,11 Gauge,0.1196,1.85,8.79,12.31,60,66
PBSA516-70-CX300T11GAS12,"12""",300,SA-516-70,11 Gauge,0.1196,2.15,8.79,12.31,64,71
PB304L-CX300T11GAS12,"12""",300,304L,11 Gauge,0.1196,5.95,9.18,12.85,114,126
PB316L-CX300T11GAS12,"12""",300,316L,11 Gauge,0.1196,7.4,9.29,13.01,134,148
PBAL6061-CX300T11GAS12,"12""",300,AL-6061,11 Gauge,0.1196,5,3.1,4.34,59,65
PB304-CX300T1/8S12,"12""",300,304,"1/8""",0.125,5.5,9.6,13.44,111,123
PBSA36-CX300T1/8S12,"12""",300,SA-36,"1/8""",0.125,1.85,9.19,12.87,61,68
PBSA516-70-CX300T1/8S12,"12""",300,SA-516-70,"1/8""",0.125,2.15,9.19,12.87,65,72
PB304L-CX300T1/8S12,"12""",300,304L,"1/8""",0.125,5.95,9.6,13.44,117,129
PB316L-CX300T1/8S12,"12""",300,316L,"1/8""",0.125,7.4,9.71,13.59,138,152
PBAL6061-CX300T1/8S12,"12""",300,AL-6061,"1/8""",0.125,5,3.24,4.54,60,66
PB304-CX300T3/16S12,"12""",300,304,"3/16""",0.1875,5.5,14.4,20.16,148,163
PBSA36-CX300T3/16S12,"12""",300,SA-36,"3/16""",0.1875,1.85,13.78,19.29,73,81
PBSA516-70-CX300T3/16S12,"12""",300,SA-516-70,"3/16""",0.1875,2.15,13.78,19.29,79,87
PB304L-CX300T3/16S12,"12""",300,304L,"3/16""",0.1875,5.95,14.4,20.16,157,173
PB316L-CX300T3/16S12,"12""",300,316L,"3/16""",0.1875,7.4,14.56,20.38,188,207
PBAL6061-CX300T3/16S12,"12""",300,AL-6061,"3/16""",0.1875,5,4.86,6.8,71,79
PB304-CX300T1/4S12,"12""",300,304,"1/4""",0.25,5.5,19.2,26.88,185,204
PBSA36-CX300T1/4S12,"12""",300,SA-36,"1/4""",0.25,1.85,18.38,25.73,85,94
PBSA516-70-CX300T1/4S12,"12""",300,SA-516-70,"1/4""",0.25,2.15,18.38,25.73,93,103
PB304L-CX300T1/4S12,"12""",300,304L,"1/4""",0.25,5.95,19.2,26.88,197,217
PB316L-CX300T1/4S12,"12""",300,316L,"1/4""",0.25,7.4,19.42,27.19,239,263
PBAL6061-CX300T1/4S12,"12""",300,AL-6061,"1/4""",0.25,5,6.48,9.07,83,92
PB304-CX300T5/16S12,"12""",300,304,"5/16""",0.3125,5.5,24,33.6,222,245
PBSA36-CX300T5/16S12,"12""",300,SA-36,"5/16""",0.3125,1.85,22.97,32.16,97,107
PBSA516-70-CX300T5/16S12,"12""",300,SA-516-70,"5/16""",0.3125,2.15,22.97,32.16,107,118
PB304L-CX300T5/16S12,"12""",300,304L,"5/16""",0.3125,5.95,24,33.6,237,261
PB316L-CX300T5/16S12,"12""",300,316L,"5/16""",0.3125,7.4,24.27,33.98,289,318
PBAL6061-CX300T5/16S12,"12""",300,AL-6061,"5/16""",0.3125,5,8.09,11.33,94,104
PB304-CX300T3/8S12,"12""",300,304,"3/8""",0.375,5.5,28.8,40.32,259,285
PBSA36-CX300T3/8S12,"12""",300,SA-36,"3/8""",0.375,1.85,27.57,38.6,109,120
PBSA516-70-CX300T3/8S12,"12""",300,SA-516-70,"3/8""",0.375,2.15,27.57,38.6,120,132
PB304L-CX300T3/8S12,"12""",300,304L,"3/8""",0.375,5.95,28.8,40.32,277,305
PB316L-CX300T3/8S12,"12""",300,316L,"3/8""",0.375,7.4,29.13,40.78,339,373
PBAL6061-CX300T3/8S12,"12""",300,AL-6061,"3/8""",0.375,5,9.71,13.59,105,116
PB304-CX300T1/2S12,"12""",300,304,"1/2""",0.5,5.5,38.4,53.76,333,367
PBSA36-CX300T1/2S12,"12""",300,SA-36,"1/2""",0.5,1.85,36.76,51.46,133,147
PBSA516-70-CX300T1/2S12,"12""",300,SA-516-70,"1/2""",0.5,2.15,36.76,51.46,148,163
PB304L-CX300T1/2S12,"12""",300,304L,"1/2""",0.5,5.95,38.4,53.76,357,393
PB316L-CX300T1/2S12,"12""",300,316L,"1/2""",0.5,7.4,38.83,54.36,440,485
PBAL6061-CX300T1/2S12,"12""",300,AL-6061,"1/2""",0.5,5,12.95,18.13,128,141
PB304-CX300T5/8S12,"12""",300,304,"5/8""",0.625,5.5,48,67.2,407,448
PBSA36-CX300T5/8S12,"12""",300,SA-36,"5/8""",0.625,1.85,45.94,64.32,156,172
PBSA516-70-CX300T5/8S12,"12""",300,SA-516-70,"5/8""",0.625,2.15,45.94,64.32,176,194
PB304L-CX300T5/8S12,"12""",300,304L,"5/8""",0.625,5.95,48,67.2,437,481
PB316L-CX300T5/8S12,"12""",300,316L,"5/8""",0.625,7.4,48.54,67.96,540,594
PBAL6061-CX300T5/8S12,"12""",300,AL-6061,"5/8""",0.625,5,16.19,22.67,151,167
PB304-CX300T3/4S12,"12""",300,304,"3/4""",0.75,5.5,57.6,80.64,481,530
PBSA36-CX300T3/4S12,"12""",300,SA-36,"3/4""",0.75,1.85,55.13,77.18,180,199
PBSA516-70-CX300T3/4S12,"12""",300,SA-516-70,"3/4""",0.75,2.15,55.13,77.18,203,224
PB304L-CX300T3/4S12,"12""",300,304L,"3/4""",0.75,5.95,57.6,80.64,517,569
PB316L-CX300T3/4S12,"12""",300,316L,"3/4""",0.75,7.4,58.25,81.55,641,706
PBAL6061-CX300T3/4S12,"12""",300,AL-6061,"3/4""",0.75,5,19.43,27.2,173,191
PB304-CX300T7/8S12,"12""",300,304,"7/8""",0.875,5.5,67.2,94.08,555,611
PBSA36-CX300T7/8S12,"12""",300,SA-36,"7/8""",0.875,1.85,64.32,90.05,204,225
PBSA516-70-CX300T7/8S12,"12""",300,SA-516-70,"7/8""",0.875,2.15,64.32,90.05,231,255
PB304L-CX300T7/8S12,"12""",300,304L,"7/8""",0.875,5.95,67.2,94.08,597,657
PB316L-CX300T7/8S12,"12""",300,316L,"7/8""",0.875,7.4,67.96,95.14,741,816
PBAL6061-CX300T7/8S12,"12""",300,AL-6061,"7/8""",0.875,5,22.66,31.72,196,216
PB304-CX300T1S12,"12""",300,304,"1""",1,5.5,76.8,107.52,629,692
PBSA36-CX300T1S12,"12""",300,SA-36,"1""",1,1.85,73.51,102.91,228,251
PBSA516-70-CX300T1S12,"12""",300,SA-516-70,"1""",1,2.15,73.51,102.91,259,285
PB304L-CX300T1S12,"12""",300,304L,"1""",1,5.95,76.8,107.52,677,745
PB316L-CX300T1S12,"12""",300,316L,"1""",1,7.4,77.67,108.74,842,927
PBAL6061-CX300T1S12,"12""",300,AL-6061,"1""",1,5,25.9,36.26,219,241
PB304-CX300T1-1/8S12,"12""",300,304,"1-1/8""",1.125,5.5,86.4,120.96,703,774
PBSA36-CX300T1-1/8S12,"12""",300,SA-36,"1-1/8""",1.125,1.85,82.7,115.78,252,278
PBSA516-70-CX300T1-1/8S12,"12""",300,SA-516-70,"1-1/8""",1.125,2.15,82.7,115.78,286,315
PB304L-CX300T1-1/8S12,"12""",300,304L,"1-1/8""",1.125,5.95,86.4,120.96,757,833
PB316L-CX300T1-1/8S12,"12""",300,316L,"1-1/8""",1.125,7.4,87.38,122.33,943,1038
PBAL6061-CX300T1-1/8S12,"12""",300,AL-6061,"1-1/8""",1.125,5,29.14,40.8,241,266
PB304-CX300T1-1/4S12,"12""",300,304,"1-1/4""",1.25,5.5,96,134.4,777,855
PBSA36-CX300T1-1/4S12,"12""",300,SA-36,"1-1/4""",1.25,1.85,91.89,128.65,275,303
PBSA516-70-CX300T1-1/4S12,"12""",300,SA-516-70,"1-1/4""",1.25,2.15,91.89,128.65,314,346
PB304L-CX300T1-1/4S12,"12""",300,304L,"1-1/4""",1.25,5.95,96,134.4,837,921
PB316L-CX300T1-1/4S12,"12""",300,316L,"1-1/4""",1.25,7.4,97.09,135.93,1043,1148
PBAL6061-CX300T1-1/4S12,"12""",300,AL-6061,"1-1/4""",1.25,5,32.38,45.33,264,291
PB304-CX300T1-3/8S12,"12""",300,304,"1-3/8""",1.375,5.5,105.6,147.84,850,936
PBSA36-CX300T1-3/8S12,"12""",300,SA-36,"1-3/8""",1.375,1.85,101.08,141.51,299,329
PBSA516-70-CX300T1-3/8S12,"12""",300,SA-516-70,"1-3/8""",1.375,2.15,101.08,141.51,342,377
PB304L-CX300T1-3/8S12,"12""",300,304L,"1-3/8""",1.375,5.95,105.6,147.84,917,1009
PB316L-CX300T1-3/8S12,"12""",300,316L,"1-3/8""",1.375,7.4,106.8,149.52,1144,1259
PBAL6061-CX300T1-3/8S12,"12""",300,AL-6061,"1-3/8""",1.375,5,35.62,49.87,287,316
PB304-CX300T1-1/2S12,"12""",300,304,"1-1/2""",1.5,5.5,115.2,161.28,924,1017
PBSA36-CX300T1-1/2S12,"12""",300,SA-36,"1-1/2""",1.5,1.85,110.27,154.38,323,356
PBSA516-70-CX300T1-1/2S12,"12""",300,SA-516-70,"1-1/2""",1.5,2.15,110.27,154.38,369,406
PB304L-CX300T1-1/2S12,"12""",300,304L,"1-1/2""",1.5,5.95,115.2,161.28,997,1097
PB316L-CX300T1-1/2S12,"12""",300,316L,"1-1/2""",1.5,7.4,116.5,163.1,1244,1369
PBAL6061-CX300T1-1/2S12,"12""",300,AL-6061,"1-1/2""",1.5,5,38.85,54.39,309,340
PB304-CX300T1-5/8S12,"12""",300,304,"1-5/8""",1.625,5.5,124.79,174.71,998,1098
PBSA36-CX300T1-5/8S12,"12""",300,SA-36,"1-5/8""",1.625,1.85,119.46,167.24,347,382
PBSA516-70-CX300T1-5/8S12,"12""",300,SA-516-70,"1-5/8""",1.625,2.15,119.46,167.24,397,437
PB304L-CX300T1-5/8S12,"12""",300,304L,"1-5/8""",1.625,5.95,124.79,174.71,1077,1185
PB316L-CX300T1-5/8S12,"12""",300,316L,"1-5/8""",1.625,7.4,126.21,176.69,1345,1480
PBAL6061-CX300T1-5/8S12,"12""",300,AL-6061,"1-5/8""",1.625,5,42.09,58.93,332,366
PB304-CX300T1-3/4S12,"12""",300,304,"1-3/4""",1.75,5.5,134.39,188.15,1072,1180
PBSA36-CX300T1-3/4S12,"12""",300,SA-36,"1-3/4""",1.75,1.85,128.65,180.11,371,409
PBSA516-70-CX300T1-3/4S12,"12""",300,SA-516-70,"1-3/4""",1.75,2.15,128.65,180.11,425,468
PB304L-CX300T1-3/4S12,"12""",300,304L,"1-3/4""",1.75,5.95,134.39,188.15,1157,1273
PB316L-CX300T1-3/4S12,"12""",300,316L,"1-3/4""",1.75,7.4,135.92,190.29,1446,1591
PBAL6061-CX300T1-3/4S12,"12""",300,AL-6061,"1-3/4""",1.75,5,45.33,63.46,355,391
PB304-CX300T1-7/8S12,"12""",300,304,"1-7/8""",1.875,5.5,143.99,201.59,1146,1261
PBSA36-CX300T1-7/8S12,"12""",300,SA-36,"1-7/8""",1.875,1.85,137.83,192.96,394,434
PBSA516-70-CX300T1-7/8S12,"12""",300,SA-516-70,"1-7/8""",1.875,2.15,137.83,192.96,452,498
PB304L-CX300T1-7/8S12,"12""",300,304L,"1-7/8""",1.875,5.95,143.99,201.59,1237,1361
PB316L-CX300T1-7/8S12,"12""",300,316L,"1-7/8""",1.875,7.4,145.63,203.88,1546,1701
PBAL6061-CX300T1-7/8S12,"12""",300,AL-6061,"1-7/8""",1.875,5,48.57,68,377,415
PB304-CX300T2S12,"12""",300,304,"2""",2,5.5,153.59,215.03,1220,1342
PBSA36-CX300T2S12,"12""",300,SA-36,"2""",2,1.85,147.02,205.83,418,460
PBSA516-70-CX300T2S12,"12""",300,SA-516-70,"2""",2,2.15,147.02,205.83,480,528
PB304L-CX300T2S12,"12""",300,304L,"2""",2,5.95,153.59,215.03,1317,1449
PB316L-CX300T2S12,"12""",300,316L,"2""",2,7.4,155.34,217.48,1647,1812
PBAL6061-CX300T2S12,"12""",300,AL-6061,"2""",2,5,51.8,72.52,400,441
PB304-CX300T2-1/4S12,"12""",300,304,"2-1/4""",2.25,5.5,172.79,241.91,1368,1505
PBSA36-CX300T2-1/4S12,"12""",300,SA-36,"2-1/4""",2.25,1.85,165.4,231.56,466,513
PBSA516-70-CX300T2-1/4S12,"12""",300,SA-516-70,"2-1/4""",2.25,2.15,165.4,231.56,535,589
PB304L-CX300T2-1/4S12,"12""",300,304L,"2-1/4""",2.25,5.95,172.79,241.91,1477,1625
PB316L-CX300T2-1/4S12,"12""",300,316L,"2-1/4""",2.25,7.4,174.76,244.66,1848,2033
PBAL6061-CX300T2-1/4S12,"12""",300,AL-6061,"2-1/4""",2.25,5,58.28,81.59,445,490
PB304-CX300T2-1/2S12,"12""",300,304,"2-1/2""",2.5,5.5,191.99,268.79,1516,1668
PBSA36-CX300T2-1/2S12,"12""",300,SA-36,"2-1/2""",2.5,1.85,183.78,257.29,513,565
PBSA516-70-CX300T2-1/2S12,"12""",300,SA-516-70,"2-1/2""",2.5,2.15,183.78,257.29,591,651
PB304L-CX300T2-1/2S12,"12""",300,304L,"2-1/2""",2.5,5.95,191.99,268.79,1637,1801
PB316L-CX300T2-1/2S12,"12""",300,316L,"2-1/2""",2.5,7.4,194.17,271.84,2049,2254
PBAL6061-CX300T2-1/2S12,"12""",300,AL-6061,"2-1/2""",2.5,5,64.75,90.65,491,541
PB304-CX300T3S12,"12""",300,304,"3""",3,5.5,230.39,322.55,1811,1993
PBSA36-CX300T3S12,"12""",300,SA-36,"3""",3,1.85,220.54,308.76,609,670
PBSA516-70-CX300T3S12,"12""",300,SA-516-70,"3""",3,2.15,220.54,308.76,701,772
PB304L-CX300T3S12,"12""",300,304L,"3""",3,5.95,230.39,322.55,1957,2153
PB316L-CX300T3S12,"12""",300,316L,"3""",3,7.4,233.01,326.21,2451,2697
PBAL6061-CX300T3S12,"12""",300,AL-6061,"3""",3,5,77.71,108.79,581,640
PB304-CX300T11GAS14,"14""",300,304,11 Gauge,0.1196,5.5,12.11,16.95,134,148
PBSA36-CX300T11GAS14,"14""",300,SA-36,11 Gauge,0.1196,1.85,11.59,16.23,71,79
PBSA516-70-CX300T11GAS14,"14""",300,SA-516-70,11 Gauge,0.1196,2.15,11.59,16.23,76,84
PB304L-CX300T11GAS14,"14""",300,304L,11 Gauge,0.1196,5.95,12.11,16.95,142,157
PB316L-CX300T11GAS14,"14""",300,316L,11 Gauge,0.1196,7.4,12.25,17.15,168,185
PBAL6061-CX300T11GAS14,"14""",300,AL-6061,11 Gauge,0.1196,5,4.08,5.71,69,76
PB304-CX300T1/8S14,"14""",300,304,"1/8""",0.125,5.5,12.66,17.72,138,152
PBSA36-CX300T1/8S14,"14""",300,SA-36,"1/8""",0.125,1.85,12.11,16.95,72,80
PBSA516-70-CX300T1/8S14,"14""",300,SA-516-70,"1/8""",0.125,2.15,12.11,16.95,77,85
PB304L-CX300T1/8S14,"14""",300,304L,"1/8""",0.125,5.95,12.66,17.72,146,161
PB316L-CX300T1/8S14,"14""",300,316L,"1/8""",0.125,7.4,12.8,17.92,173,191
PBAL6061-CX300T1/8S14,"14""",300,AL-6061,"1/8""",0.125,5,4.27,5.98,71,79
PB304-CX300T3/16S14,"14""",300,304,"3/16""",0.1875,5.5,18.98,26.57,187,206
PBSA36-CX300T3/16S14,"14""",300,SA-36,"3/16""",0.1875,1.85,18.17,25.44,88,97
PBSA516-70-CX300T3/16S14,"14""",300,SA-516-70,"3/16""",0.1875,2.15,18.17,25.44,95,105
PB304L-CX300T3/16S14,"14""",300,304L,"3/16""",0.1875,5.95,18.98,26.57,199,219
PB316L-CX300T3/16S14,"14""",300,316L,"3/16""",0.1875,7.4,19.2,26.88,240,264
PBAL6061-CX300T3/16S14,"14""",300,AL-6061,"3/16""",0.1875,5,6.4,8.96,86,95
PB304-CX300T1/4S14,"14""",300,304,"1/4""",0.25,5.5,25.31,35.43,236,260
PBSA36-CX300T1/4S14,"14""",300,SA-36,"1/4""",0.25,1.85,24.23,33.92,103,114
PBSA516-70-CX300T1/4S14,"14""",300,SA-516-70,"1/4""",0.25,2.15,24.23,33.92,114,126
PB304L-CX300T1/4S14,"14""",300,304L,"1/4""",0.25,5.95,25.31,35.43,252,278
PB316L-CX300T1/4S14,"14""",300,316L,"1/4""",0.25,7.4,25.6,35.84,306,337
PBAL6061-CX300T1/4S14,"14""",300,AL-6061,"1/4""",0.25,5,8.54,11.96,101,112
PB304-CX300T5/16S14,"14""",300,304,"5/16""",0.3125,5.5,31.64,44.3,284,313
PBSA36-CX300T5/16S14,"14""",300,SA-36,"5/16""",0.3125,1.85,30.29,42.41,119,131
PBSA516-70-CX300T5/16S14,"14""",300,SA-516-70,"5/16""",0.3125,2.15,30.29,42.41,132,146
PB304L-CX300T5/16S14,"14""",300,304L,"5/16""",0.3125,5.95,31.64,44.3,304,335
PB316L-CX300T5/16S14,"14""",300,316L,"5/16""",0.3125,7.4,32,44.8,372,410
PBAL6061-CX300T5/16S14,"14""",300,AL-6061,"5/16""",0.3125,5,10.67,14.94,115,127
PB304-CX300T3/8S14,"14""",300,304,"3/8""",0.375,5.5,37.97,53.16,333,367
PBSA36-CX300T3/8S14,"14""",300,SA-36,"3/8""",0.375,1.85,36.34,50.88,135,149
PBSA516-70-CX300T3/8S14,"14""",300,SA-516-70,"3/8""",0.375,2.15,36.34,50.88,150,165
PB304L-CX300T3/8S14,"14""",300,304L,"3/8""",0.375,5.95,37.97,53.16,357,393
PB316L-CX300T3/8S14,"14""",300,316L,"3/8""",0.375,7.4,38.4,53.76,439,483
PBAL6061-CX300T3/8S14,"14""",300,AL-6061,"3/8""",0.375,5,12.81,17.93,130,143
PB304-CX300T1/2S14,"14""",300,304,"1/2""",0.5,5.5,50.62,70.87,431,475
PBSA36-CX300T1/2S14,"14""",300,SA-36,"1/2""",0.5,1.85,48.46,67.84,166,183
PBSA516-70-CX300T1/2S14,"14""",300,SA-516-70,"1/2""",0.5,2.15,48.46,67.84,187,206
PB304L-CX300T1/2S14,"14""",300,304L,"1/2""",0.5,5.95,50.62,70.87,462,509
PB316L-CX300T1/2S14,"14""",300,316L,"1/2""",0.5,7.4,51.2,71.68,571,629
PBAL6061-CX300T1/2S14,"14""",300,AL-6061,"1/2""",0.5,5,17.07,23.9,160,176
PB304-CX300T5/8S14,"14""",300,304,"5/8""",0.625,5.5,63.28,88.59,528,581
PBSA36-CX300T5/8S14,"14""",300,SA-36,"5/8""",0.625,1.85,60.57,84.8,198,218
PBSA516-70-CX300T5/8S14,"14""",300,SA-516-70,"5/8""",0.625,2.15,60.57,84.8,223,246
PB304L-CX300T5/8S14,"14""",300,304L,"5/8""",0.625,5.95,63.28,88.59,568,625
PB316L-CX300T5/8S14,"14""",300,316L,"5/8""",0.625,7.4,64,89.6,704,775
PBAL6061-CX300T5/8S14,"14""",300,AL-6061,"5/8""",0.625,5,21.34,29.88,190,210
PB304-CX300T3/4S14,"14""",300,304,"3/4""",0.75,5.5,75.93,106.3,625,688
PBSA36-CX300T3/4S14,"14""",300,SA-36,"3/4""",0.75,1.85,72.69,101.77,229,252
PBSA516-70-CX300T3/4S14,"14""",300,SA-516-70,"3/4""",0.75,2.15,72.69,101.77,260,286
PB304L-CX300T3/4S14,"14""",300,304L,"3/4""",0.75,5.95,75.93,106.3,673,741
PB316L-CX300T3/4S14,"14""",300,316L,"3/4""",0.75,7.4,76.8,107.52,836,920
PBAL6061-CX300T3/4S14,"14""",300,AL-6061,"3/4""",0.75,5,25.61,35.85,220,243
PB304-CX300T7/8S14,"14""",300,304,"7/8""",0.875,5.5,88.59,124.03,723,796
PBSA36-CX300T7/8S14,"14""",300,SA-36,"7/8""",0.875,1.85,84.8,118.72,260,286
PBSA516-70-CX300T7/8S14,"14""",300,SA-516-70,"7/8""",0.875,2.15,84.8,118.72,296,326
PB304L-CX300T7/8S14,"14""",300,304L,"7/8""",0.875,5.95,88.59,124.03,779,857
PB316L-CX300T7/8S14,"14""",300,316L,"7/8""",0.875,7.4,89.6,125.44,969,1066
PBAL6061-CX300T7/8S14,"14""",300,AL-6061,"7/8""",0.875,5,29.88,41.83,250,275
PB304-CX300T1S14,"14""",300,304,"1""",1,5.5,101.25,141.75,820,903
PBSA36-CX300T1S14,"14""",300,SA-36,"1""",1,1.85,96.91,135.67,292,322
PBSA516-70-CX300T1S14,"14""",300,SA-516-70,"1""",1,2.15,96.91,135.67,332,366
PB304L-CX300T1S14,"14""",300,304L,"1""",1,5.95,101.25,141.75,884,973
PB316L-CX300T1S14,"14""",300,316L,"1""",1,7.4,102.4,143.36,1102,1213
PBAL6061-CX300T1S14,"14""",300,AL-6061,"1""",1,5,34.15,47.81,280,308
PB304-CX300T1-1/8S14,"14""",300,304,"1-1/8""",1.125,5.5,113.9,159.46,918,1010
PBSA36-CX300T1-1/8S14,"14""",300,SA-36,"1-1/8""",1.125,1.85,109.03,152.64,323,356
PBSA516-70-CX300T1-1/8S14,"14""",300,SA-516-70,"1-1/8""",1.125,2.15,109.03,152.64,369,406
PB304L-CX300T1-1/8S14,"14""",300,304L,"1-1/8""",1.125,5.95,113.9,159.46,990,1089
PB316L-CX300T1-1/8S14,"14""",300,316L,"1-1/8""",1.125,7.4,115.2,161.28,1234,1358
PBAL6061-CX300T1-1/8S14,"14""",300,AL-6061,"1-1/8""",1.125,5,38.42,53.79,310,341
PB304-CX300T1-1/4S14,"14""",300,304,"1-1/4""",1.25,5.5,126.56,177.18,1015,1117
PBSA36-CX300T1-1/4S14,"14""",300,SA-36,"1-1/4""",1.25,1.85,121.14,169.6,354,390
PBSA516-70-CX300T1-1/4S14,"14""",300,SA-516-70,"1-1/4""",1.25,2.15,121.14,169.6,405,446
PB304L-CX300T1-1/4S14,"14""",300,304L,"1-1/4""",1.25,5.95,126.56,177.18,1095,1205
PB316L-CX300T1-1/4S14,"14""",300,316L,"1-1/4""",1.25,7.4,128,179.2,1367,1504
PBAL6061-CX300T1-1/4S14,"14""",300,AL-6061,"1-1/4""",1.25,5,42.68,59.75,339,373
PB304-CX300T1-3/8S14,"14""",300,304,"1-3/8""",1.375,5.5,139.21,194.89,1113,1225
PBSA36-CX300T1-3/8S14,"14""",300,SA-36,"1-3/8""",1.375,1.85,133.26,186.56,386,425
PBSA516-70-CX300T1-3/8S14,"14""",300,SA-516-70,"1-3/8""",1.375,2.15,133.26,186.56,442,487
PB304L-CX300T1-3/8S14,"14""",300,304L,"1-3/8""",1.375,5.95,139.21,194.89,1200,1320
PB316L-CX300T1-3/8S14,"14""",300,316L,"1-3/8""",1.375,7.4,140.79,197.11,1499,1649
PBAL6061-CX300T1-3/8S14,"14""",300,AL-6061,"1-3/8""",1.375,5,46.95,65.73,369,406
PB304-CX300T1-1/2S14,"14""",300,304,"1-1/2""",1.5,5.5,151.87,212.62,1210,1331
PBSA36-CX300T1-1/2S14,"14""",300,SA-36,"1-1/2""",1.5,1.85,145.37,203.52,417,459
PBSA516-70-CX300T1-1/2S14,"14""",300,SA-516-70,"1-1/2""",1.5,2.15,145.37,203.52,478,526
PB304L-CX300T1-1/2S14,"14""",300,304L,"1-1/2""",1.5,5.95,151.87,212.62,1306,1437
PB316L-CX300T1-1/2S14,"14""",300,316L,"1-1/2""",1.5,7.4,153.59,215.03,1632,1796
PBAL6061-CX300T1-1/2S14,"14""",300,AL-6061,"1-1/2""",1.5,5,51.22,71.71,399,439
PB304-CX300T1-5/8S14,"14""",300,304,"1-5/8""",1.625,5.5,164.52,230.33,1308,1439
PBSA36-CX300T1-5/8S14,"14""",300,SA-36,"1-5/8""",1.625,1.85,157.49,220.49,449,494
PBSA516-70-CX300T1-5/8S14,"14""",300,SA-516-70,"1-5/8""",1.625,2.15,157.49,220.49,515,567
PB304L-CX300T1-5/8S14,"14""",300,304L,"1-5/8""",1.625,5.95,164.52,230.33,1411,1553
PB316L-CX300T1-5/8S14,"14""",300,316L,"1-5/8""",1.625,7.4,166.39,232.95,1765,1942
PBAL6061-CX300T1-5/8S14,"14""",300,AL-6061,"1-5/8""",1.625,5,55.49,77.69,429,472
PB304-CX300T1-3/4S14,"14""",300,304,"1-3/4""",1.75,5.5,177.18,248.05,1405,1546
PBSA36-CX300T1-3/4S14,"14""",300,SA-36,"1-3/4""",1.75,1.85,169.6,237.44,480,528
PBSA516-70-CX300T1-3/4S14,"14""",300,SA-516-70,"1-3/4""",1.75,2.15,169.6,237.44,551,607
PB304L-CX300T1-3/4S14,"14""",300,304L,"1-3/4""",1.75,5.95,177.18,248.05,1517,1669
PB316L-CX300T1-3/4S14,"14""",300,316L,"1-3/4""",1.75,7.4,179.19,250.87,1897,2087
PBAL6061-CX300T1-3/4S14,"14""",300,AL-6061,"1-3/4""",1.75,5,59.76,83.66,459,505
PB304-CX300T1-7/8S14,"14""",300,304,"1-7/8""",1.875,5.5,189.83,265.76,1502,1653
PBSA36-CX300T1-7/8S14,"14""",300,SA-36,"1-7/8""",1.875,1.85,181.71,254.39,511,563
PBSA516-70-CX300T1-7/8S14,"14""",300,SA-516-70,"1-7/8""",1.875,2.15,181.71,254.39,588,647
PB304L-CX300T1-7/8S14,"14""",300,304L,"1-7/8""",1.875,5.95,189.83,265.76,1622,1785
PB316L-CX300T1-7/8S14,"14""",300,316L,"1-7/8""",1.875,7.4,191.99,268.79,2030,2233
PBAL6061-CX300T1-7/8S14,"14""",300,AL-6061,"1-7/8""",1.875,5,64.03,89.64,489,538
PB304-CX300T2S14,"14""",300,304,"2""",2,5.5,202.49,283.49,1600,1761
PBSA36-CX300T2S14,"14""",300,SA-36,"2""",2,1.85,193.83,271.36,543,598
PBSA516-70-CX300T2S14,"14""",300,SA-516-70,"2""",2,2.15,193.83,271.36,624,687
PB304L-CX300T2S14,"14""",300,304L,"2""",2,5.95,202.49,283.49,1727,1900
PB316L-CX300T2S14,"14""",300,316L,"2""",2,7.4,204.79,286.71,2162,2379
PBAL6061-CX300T2S14,"14""",300,AL-6061,"2""",2,5,68.3,95.62,519,571
PB304-CX300T2-1/4S14,"14""",300,304,"2-1/4""",2.25,5.5,227.8,318.92,1795,1975
PBSA36-CX300T2-1/4S14,"14""",300,SA-36,"2-1/4""",2.25,1.85,218.06,305.28,605,666
PBSA516-70-CX300T2-1/4S14,"14""",300,SA-516-70,"2-1/4""",2.25,2.15,218.06,305.28,697,767
PB304L-CX300T2-1/4S14,"14""",300,304L,"2-1/4""",2.25,5.95,227.8,318.92,1938,2132
PB316L-CX300T2-1/4S14,"14""",300,316L,"2-1/4""",2.25,7.4,230.39,322.55,2428,2671
PBAL6061-CX300T2-1/4S14,"14""",300,AL-6061,"2-1/4""",2.25,5,76.83,107.56,579,637
PB304-CX300T2-1/2S14,"14""",300,304,"2-1/2""",2.5,5.5,253.11,354.35,1990,2189
PBSA36-CX300T2-1/2S14,"14""",300,SA-36,"2-1/2""",2.5,1.85,242.29,339.21,668,735
PBSA516-70-CX300T2-1/2S14,"14""",300,SA-516-70,"2-1/2""",2.5,2.15,242.29,339.21,770,848
PB304L-CX300T2-1/2S14,"14""",300,304L,"2-1/2""",2.5,5.95,253.11,354.35,2149,2364
PB316L-CX300T2-1/2S14,"14""",300,316L,"2-1/2""",2.5,7.4,255.99,358.39,2693,2963
PBAL6061-CX300T2-1/2S14,"14""",300,AL-6061,"2-1/2""",2.5,5,85.37,119.52,638,702
PB304-CX300T3S14,"14""",300,304,"3""",3,5.5,303.74,425.24,2380,2618
PBSA36-CX300T3S14,"14""",300,SA-36,"3""",3,1.85,290.74,407.04,794,874
PBSA516-70-CX300T3S14,"14""",300,SA-516-70,"3""",3,2.15,290.74,407.04,916,1008
PB304L-CX300T3S14,"14""",300,304L,"3""",3,5.95,303.74,425.24,2571,2829
PB316L-CX300T3S14,"14""",300,316L,"3""",3,7.4,307.19,430.07,3223,3546
PBAL6061-CX300T3S14,"14""",300,AL-6061,"3""",3,5,102.44,143.42,758,834
PB304-CX300T11GAS16,"16""",300,304,11 Gauge,0.1196,5.5,14.93,20.9,160,176
PBSA36-CX300T11GAS16,"16""",300,SA-36,11 Gauge,0.1196,1.85,14.3,20.02,82,91
PBSA516-70-CX300T11GAS16,"16""",300,SA-516-70,11 Gauge,0.1196,2.15,14.3,20.02,88,97
PB304L-CX300T11GAS16,"16""",300,304L,11 Gauge,0.1196,5.95,14.93,20.9,169,186
PB316L-CX300T11GAS16,"16""",300,316L,11 Gauge,0.1196,7.4,15.1,21.14,201,222
PBAL6061-CX300T11GAS16,"16""",300,AL-6061,11 Gauge,0.1196,5,5.04,7.06,80,88
PB304-CX300T1/8S16,"16""",300,304,"1/8""",0.125,5.5,15.61,21.85,165,182
PBSA36-CX300T1/8S16,"16""",300,SA-36,"1/8""",0.125,1.85,14.94,20.92,84,93
PBSA516-70-CX300T1/8S16,"16""",300,SA-516-70,"1/8""",0.125,2.15,14.94,20.92,90,100
PB304L-CX300T1/8S16,"16""",300,304L,"1/8""",0.125,5.95,15.61,21.85,175,193
PB316L-CX300T1/8S16,"16""",300,316L,"1/8""",0.125,7.4,15.79,22.11,209,230
PBAL6061-CX300T1/8S16,"16""",300,AL-6061,"1/8""",0.125,5,5.26,7.36,82,91
PB304-CX300T3/16S16,"16""",300,304,"3/16""",0.1875,5.5,23.41,32.77,225,248
PBSA36-CX300T3/16S16,"16""",300,SA-36,"3/16""",0.1875,1.85,22.41,31.37,103,114
PBSA516-70-CX300T3/16S16,"16""",300,SA-516-70,"3/16""",0.1875,2.15,22.41,31.37,112,124
PB304L-CX300T3/16S16,"16""",300,304L,"3/16""",0.1875,5.95,23.41,32.77,240,264
PB316L-CX300T3/16S16,"16""",300,316L,"3/16""",0.1875,7.4,23.68,33.15,290,319
PBAL6061-CX300T3/16S16,"16""",300,AL-6061,"3/16""",0.1875,5,7.9,11.06,100,111
PB304-CX300T1/4S16,"16""",300,304,"1/4""",0.25,5.5,31.22,43.71,285,314
PBSA36-CX300T1/4S16,"16""",300,SA-36,"1/4""",0.25,1.85,29.88,41.83,122,135
PBSA516-70-CX300T1/4S16,"16""",300,SA-516-70,"1/4""",0.25,2.15,29.88,41.83,135,149
PB304L-CX300T1/4S16,"16""",300,304L,"1/4""",0.25,5.95,31.22,43.71,305,336
PB316L-CX300T1/4S16,"16""",300,316L,"1/4""",0.25,7.4,31.57,44.2,372,410
PBAL6061-CX300T1/4S16,"16""",300,AL-6061,"1/4""",0.25,5,10.53,14.74,119,131
PB304-CX300T5/16S16,"16""",300,304,"5/16""",0.3125,5.5,39.02,54.63,345,380
PBSA36-CX300T5/16S16,"16""",300,SA-36,"5/16""",0.3125,1.85,37.35,52.29,142,157
PBSA516-70-CX300T5/16S16,"16""",300,SA-516-70,"5/16""",0.3125,2.15,37.35,52.29,157,173
PB304L-CX300T5/16S16,"16""",300,304L,"5/16""",0.3125,5.95,39.02,54.63,370,408
PB316L-CX300T5/16S16,"16""",300,316L,"5/16""",0.3125,7.4,39.47,55.26,454,500
PBAL6061-CX300T5/16S16,"16""",300,AL-6061,"5/16""",0.3125,5,13.16,18.42,137,151
PB304-CX300T3/8S16,"16""",300,304,"3/8""",0.375,5.5,46.83,65.56,405,446
PBSA36-CX300T3/8S16,"16""",300,SA-36,"3/8""",0.375,1.85,44.82,62.75,161,178
PBSA516-70-CX300T3/8S16,"16""",300,SA-516-70,"3/8""",0.375,2.15,44.82,62.75,180,199
PB304L-CX300T3/8S16,"16""",300,304L,"3/8""",0.375,5.95,46.83,65.56,435,479
PB316L-CX300T3/8S16,"16""",300,316L,"3/8""",0.375,7.4,47.36,66.3,536,590
PBAL6061-CX300T3/8S16,"16""",300,AL-6061,"3/8""",0.375,5,15.79,22.11,155,171
PB304-CX300T1/2S16,"16""",300,304,"1/2""",0.5,5.5,62.44,87.42,526,579
PBSA36-CX300T1/2S16,"16""",300,SA-36,"1/2""",0.5,1.85,59.77,83.68,200,221
PBSA516-70-CX300T1/2S16,"16""",300,SA-516-70,"1/2""",0.5,2.15,59.77,83.68,225,248
PB304L-CX300T1/2S16,"16""",300,304L,"1/2""",0.5,5.95,62.44,87.42,565,622
PB316L-CX300T1/2S16,"16""",300,316L,"1/2""",0.5,7.4,63.15,88.41,699,769
PBAL6061-CX300T1/2S16,"16""",300,AL-6061,"1/2""",0.5,5,21.06,29.48,192,212
PB304-CX300T5/8S16,"16""",300,304,"5/8""",0.625,5.5,78.05,109.27,646,711
PBSA36-CX300T5/8S16,"16""",300,SA-36,"5/8""",0.625,1.85,74.71,104.59,238,262
PBSA516-70-CX300T5/8S16,"16""",300,SA-516-70,"5/8""",0.625,2.15,74.71,104.59,270,297
PB304L-CX300T5/8S16,"16""",300,304L,"5/8""",0.625,5.95,78.05,109.27,695,765
PB316L-CX300T5/8S16,"16""",300,316L,"5/8""",0.625,7.4,78.93,110.5,863,950
PBAL6061-CX300T5/8S16,"16""",300,AL-6061,"5/8""",0.625,5,26.32,36.85,229,252
PB304-CX300T3/4S16,"16""",300,304,"3/4""",0.75,5.5,93.65,131.11,766,843
PBSA36-CX300T3/4S16,"16""",300,SA-36,"3/4""",0.75,1.85,89.65,125.51,277,305
PBSA516-70-CX300T3/4S16,"16""",300,SA-516-70,"3/4""",0.75,2.15,89.65,125.51,315,347
PB304L-CX300T3/4S16,"16""",300,304L,"3/4""",0.75,5.95,93.65,131.11,825,908
PB316L-CX300T3/4S16,"16""",300,316L,"3/4""",0.75,7.4,94.72,132.61,1026,1129
PBAL6061-CX300T3/4S16,"16""",300,AL-6061,"3/4""",0.75,5,31.59,44.23,266,293
PB304-CX300T7/8S16,"16""",300,304,"7/8""",0.875,5.5,109.26,152.96,886,975
PBSA36-CX300T7/8S16,"16""",300,SA-36,"7/8""",0.875,1.85,104.59,146.43,316,348
PBSA516-70-CX300T7/8S16,"16""",300,SA-516-70,"7/8""",0.875,2.15,104.59,146.43,360,397
PB304L-CX300T7/8S16,"16""",300,304L,"7/8""",0.875,5.95,109.26,152.96,955,1051
PB316L-CX300T7/8S16,"16""",300,316L,"7/8""",0.875,7.4,110.51,154.71,1190,1309
PBAL6061-CX300T7/8S16,"16""",300,AL-6061,"7/8""",0.875,5,36.85,51.59,303,334
PB304-CX300T1S16,"16""",300,304,"1""",1,5.5,124.87,174.82,1006,1107
PBSA36-CX300T1S16,"16""",300,SA-36,"1""",1,1.85,119.53,167.34,354,390
PBSA516-70-CX300T1S16,"16""",300,SA-516-70,"1""",1,2.15,119.53,167.34,405,446
PB304L-CX300T1S16,"16""",300,304L,"1""",1,5.95,124.87,174.82,1085,1194
PB316L-CX300T1S16,"16""",300,316L,"1""",1,7.4,126.29,176.81,1353,1489
PBAL6061-CX300T1S16,"16""",300,AL-6061,"1""",1,5,42.12,58.97,340,375
PB304-CX300T1-1/8S16,"16""",300,304,"1-1/8""",1.125,5.5,140.48,196.67,1127,1240
PBSA36-CX300T1-1/8S16,"16""",300,SA-36,"1-1/8""",1.125,1.85,134.47,188.26,393,433
PBSA516-70-CX300T1-1/8S16,"16""",300,SA-516-70,"1-1/8""",1.125,2.15,134.47,188.26,450,496
PB304L-CX300T1-1/8S16,"16""",300,304L,"1-1/8""",1.125,5.95,140.48,196.67,1215,1337
PB316L-CX300T1-1/8S16,"16""",300,316L,"1-1/8""",1.125,7.4,142.08,198.91,1517,1669
PBAL6061-CX300T1-1/8S16,"16""",300,AL-6061,"1-1/8""",1.125,5,47.38,66.33,377,415
PB304-CX300T1-1/4S16,"16""",300,304,"1-1/4""",1.25,5.5,156.09,218.53,1247,1372
PBSA36-CX300T1-1/4S16,"16""",300,SA-36,"1-1/4""",1.25,1.85,149.41,209.17,432,476
PBSA516-70-CX300T1-1/4S16,"16""",300,SA-516-70,"1-1/4""",1.25,2.15,149.41,209.17,495,545
PB304L-CX300T1-1/4S16,"16""",300,304L,"1-1/4""",1.25,5.95,156.09,218.53,1345,1480
PB316L-CX300T1-1/4S16,"16""",300,316L,"1-1/4""",1.25,7.4,157.87,221.02,1680,1849
PBAL6061-CX300T1-1/4S16,"16""",300,AL-6061,"1-1/4""",1.25,5,52.65,73.71,413,455
PB304-CX300T1-3/8S16,"16""",300,304,"1-3/8""",1.375,5.5,171.7,240.38,1367,1504
PBSA36-CX300T1-3/8S16,"16""",300,SA-36,"1-3/8""",1.375,1.85,164.36,230.1,471,519
PBSA516-70-CX300T1-3/8S16,"16""",300,SA-516-70,"1-3/8""",1.375,2.15,164.36,230.1,540,594
PB304L-CX300T1-3/8S16,"16""",300,304L,"1-3/8""",1.375,5.95,171.7,240.38,1475,1623
PB316L-CX300T1-3/8S16,"16""",300,316L,"1-3/8""",1.375,7.4,173.65,243.11,1844,2029
PBAL6061-CX300T1-3/8S16,"16""",300,AL-6061,"1-3/8""",1.375,5,57.91,81.07,450,496
PB304-CX300T1-1/2S16,"16""",300,304,"1-1/2""",1.5,5.5,187.31,262.23,1487,1636
PBSA36-CX300T1-1/2S16,"16""",300,SA-36,"1-1/2""",1.5,1.85,179.3,251.02,509,560
PBSA516-70-CX300T1-1/2S16,"16""",300,SA-516-70,"1-1/2""",1.5,2.15,179.3,251.02,585,644
PB304L-CX300T1-1/2S16,"16""",300,304L,"1-1/2""",1.5,5.95,187.31,262.23,1605,1766
PB316L-CX300T1-1/2S16,"16""",300,316L,"1-1/2""",1.5,7.4,189.44,265.22,2008,2209
PBAL6061-CX300T1-1/2S16,"16""",300,AL-6061,"1-1/2""",1.5,5,63.18,88.45,487,536
PB304-CX300T1-5/8S16,"16""",300,304,"1-5/8""",1.625,5.5,202.92,284.09,1607,1768
PBSA36-CX300T1-5/8S16,"16""",300,SA-36,"1-5/8""",1.625,1.85,194.24,271.94,548,603
PBSA516-70-CX300T1-5/8S16,"16""",300,SA-516-70,"1-5/8""",1.625,2.15,194.24,271.94,630,693
PB304L-CX300T1-5/8S16,"16""",300,304L,"1-5/8""",1.625,5.95,202.92,284.09,1735,1909
PB316L-CX300T1-5/8S16,"16""",300,316L,"1-5/8""",1.625,7.4,205.23,287.32,2171,2389
PBAL6061-CX300T1-5/8S16,"16""",300,AL-6061,"1-5/8""",1.625,5,68.44,95.82,524,577
PB304-CX300T1-3/4S16,"16""",300,304,"1-3/4""",1.75,5.5,218.53,305.94,1728,1901
PBSA36-CX300T1-3/4S16,"16""",300,SA-36,"1-3/4""",1.75,1.85,209.18,292.85,587,646
PBSA516-70-CX300T1-3/4S16,"16""",300,SA-516-70,"1-3/4""",1.75,2.15,209.18,292.85,675,743
PB304L-CX300T1-3/4S16,"16""",300,304L,"1-3/4""",1.75,5.95,218.53,305.94,1865,2052
PB316L-CX300T1-3/4S16,"16""",300,316L,"1-3/4""",1.75,7.4,221.01,309.41,2335,2569
PBAL6061-CX300T1-3/4S16,"16""",300,AL-6061,"1-3/4""",1.75,5,73.7,103.18,561,618
PB304-CX300T1-7/8S16,"16""",300,304,"1-7/8""",1.875,5.5,234.14,327.8,1848,2033
PBSA36-CX300T1-7/8S16,"16""",300,SA-36,"1-7/8""",1.875,1.85,224.12,313.77,625,688
PBSA516-70-CX300T1-7/8S16,"16""",300,SA-516-70,"1-7/8""",1.875,2.15,224.12,313.77,720,793
PB304L-CX300T1-7/8S16,"16""",300,304L,"1-7/8""",1.875,5.95,234.14,327.8,1995,2195
PB316L-CX300T1-7/8S16,"16""",300,316L,"1-7/8""",1.875,7.4,236.8,331.52,2498,2748
PBAL6061-CX300T1-7/8S16,"16""",300,AL-6061,"1-7/8""",1.875,5,78.97,110.56,598,658
PB304-CX300T2S16,"16""",300,304,"2""",2,5.5,249.75,349.65,1968,2165
PBSA36-CX300T2S16,"16""",300,SA-36,"2""",2,1.85,239.06,334.68,664,731
PBSA516-70-CX300T2S16,"16""",300,SA-516-70,"2""",2,2.15,239.06,334.68,764,841
PB304L-CX300T2S16,"16""",300,304L,"2""",2,5.95,249.75,349.65,2125,2338
PB316L-CX300T2S16,"16""",300,316L,"2""",2,7.4,252.59,353.63,2662,2929
PBAL6061-CX300T2S16,"16""",300,AL-6061,"2""",2,5,84.23,117.92,635,699
PB304-CX300T2-1/4S16,"16""",300,304,"2-1/4""",2.25,5.5,280.96,393.34,2208,2429
PBSA36-CX300T2-1/4S16,"16""",300,SA-36,"2-1/4""",2.25,1.85,268.95,376.53,741,816
PBSA516-70-CX300T2-1/4S16,"16""",300,SA-516-70,"2-1/4""",2.25,2.15,268.95,376.53,854,940
PB304L-CX300T2-1/4S16,"16""",300,304L,"2-1/4""",2.25,5.95,280.96,393.34,2385,2624
PB316L-CX300T2-1/4S16,"16""",300,316L,"2-1/4""",2.25,7.4,284.16,397.82,2989,3288
PBAL6061-CX300T2-1/4S16,"16""",300,AL-6061,"2-1/4""",2.25,5,94.76,132.66,708,779
PB304-CX300T2-1/2S16,"16""",300,304,"2-1/2""",2.5,5.5,312.18,437.05,2449,2694
PBSA36-CX300T2-1/2S16,"16""",300,SA-36,"2-1/2""",2.5,1.85,298.83,418.36,819,901
PBSA516-70-CX300T2-1/2S16,"16""",300,SA-516-70,"2-1/2""",2.5,2.15,298.83,418.36,944,1039
PB304L-CX300T2-1/2S16,"16""",300,304L,"2-1/2""",2.5,5.95,312.18,437.05,2645,2910
PB316L-CX300T2-1/2S16,"16""",300,316L,"2-1/2""",2.5,7.4,315.73,442.02,3316,3648
PBAL6061-CX300T2-1/2S16,"16""",300,AL-6061,"2-1/2""",2.5,5,105.29,147.41,782,861
PB304-CX300T3S16,"16""",300,304,"3""",3,5.5,374.62,524.47,2929,3222
PBSA36-CX300T3S16,"16""",300,SA-36,"3""",3,1.85,358.59,502.03,974,1072
PBSA516-70-CX300T3S16,"16""",300,SA-516-70,"3""",3,2.15,358.59,502.03,1124,1237
PB304L-CX300T3S16,"16""",300,304L,"3""",3,5.95,374.62,524.47,3166,3483
PB316L-CX300T3S16,"16""",300,316L,"3""",3,7.4,378.88,530.43,3970,4367
PBAL6061-CX300T3S16,"16""",300,AL-6061,"3""",3,5,126.35,176.89,929,1022
PB304-CX300T11GAS18,"18""",300,304,11 Gauge,0.1196,5.5,18.22,25.51,189,208
PBSA36-CX300T11GAS18,"18""",300,SA-36,11 Gauge,0.1196,1.85,17.44,24.42,94,104
PBSA516-70-CX300T11GAS18,"18""",300,SA-516-70,11 Gauge,0.1196,2.15,17.44,24.42,102,113
PB304L-CX300T11GAS18,"18""",300,304L,11 Gauge,0.1196,5.95,18.22,25.51,201,222
PB316L-CX300T11GAS18,"18""",300,316L,11 Gauge,0.1196,7.4,18.43,25.8,240,264
PBAL6061-CX300T11GAS18,"18""",300,AL-6061,11 Gauge,0.1196,5,6.15,8.61,92,102
PB304-CX300T1/8S18,"18""",300,304,"1/8""",0.125,5.5,19.04,26.66,196,216
PBSA36-CX300T1/8S18,"18""",300,SA-36,"1/8""",0.125,1.85,18.23,25.52,96,106
PBSA516-70-CX300T1/8S18,"18""",300,SA-516-70,"1/8""",0.125,2.15,18.23,25.52,104,115
PB304L-CX300T1/8S18,"18""",300,304L,"1/8""",0.125,5.95,19.04,26.66,208,229
PB316L-CX300T1/8S18,"18""",300,316L,"1/8""",0.125,7.4,19.26,26.96,249,274
PBAL6061-CX300T1/8S18,"18""",300,AL-6061,"1/8""",0.125,5,6.42,8.99,94,104
PB304-CX300T3/16S18,"18""",300,304,"3/16""",0.1875,5.5,28.57,40,269,296
PBSA36-CX300T3/16S18,"18""",300,SA-36,"3/16""",0.1875,1.85,27.35,38.29,120,132
PBSA516-70-CX300T3/16S18,"18""",300,SA-516-70,"3/16""",0.1875,2.15,27.35,38.29,131,145
PB304L-CX300T3/16S18,"18""",300,304L,"3/16""",0.1875,5.95,28.57,40,287,316
PB316L-CX300T3/16S18,"18""",300,316L,"3/16""",0.1875,7.4,28.89,40.45,348,383
PBAL6061-CX300T3/16S18,"18""",300,AL-6061,"3/16""",0.1875,5,9.64,13.5,117,129
PB304-CX300T1/4S18,"18""",300,304,"1/4""",0.25,5.5,38.09,53.33,342,377
PBSA36-CX300T1/4S18,"18""",300,SA-36,"1/4""",0.25,1.85,36.46,51.04,144,159
PBSA516-70-CX300T1/4S18,"18""",300,SA-516-70,"1/4""",0.25,2.15,36.46,51.04,159,175
PB304L-CX300T1/4S18,"18""",300,304L,"1/4""",0.25,5.95,38.09,53.33,366,403
PB316L-CX300T1/4S18,"18""",300,316L,"1/4""",0.25,7.4,38.52,53.93,448,493
PBAL6061-CX300T1/4S18,"18""",300,AL-6061,"1/4""",0.25,5,12.85,17.99,139,153
PB304-CX300T5/16S18,"18""",300,304,"5/16""",0.3125,5.5,47.61,66.65,416,458
PBSA36-CX300T5/16S18,"18""",300,SA-36,"5/16""",0.3125,1.85,45.58,63.81,167,184
PBSA516-70-CX300T5/16S18,"18""",300,SA-516-70,"5/16""",0.3125,2.15,45.58,63.81,186,205
PB304L-CX300T5/16S18,"18""",300,304L,"5/16""",0.3125,5.95,47.61,66.65,446,491
PB316L-CX300T5/16S18,"18""",300,316L,"5/16""",0.3125,7.4,48.15,67.41,548,603
PBAL6061-CX300T5/16S18,"18""",300,AL-6061,"5/16""",0.3125,5,16.06,22.48,162,179
PB304-CX300T3/8S18,"18""",300,304,"3/8""",0.375,5.5,57.13,79.98,489,538
PBSA36-CX300T3/8S18,"18""",300,SA-36,"3/8""",0.375,1.85,54.69,76.57,191,211
PBSA516-70-CX300T3/8S18,"18""",300,SA-516-70,"3/8""",0.375,2.15,54.69,76.57,214,236
PB304L-CX300T3/8S18,"18""",300,304L,"3/8""",0.375,5.95,57.13,79.98,525,578
PB316L-CX300T3/8S18,"18""",300,316L,"3/8""",0.375,7.4,57.78,80.89,648,713
PBAL6061-CX300T3/8S18,"18""",300,AL-6061,"3/8""",0.375,5,19.27,26.98,184,203
PB304-CX300T1/2S18,"18""",300,304,"1/2""",0.5,5.5,76.18,106.65,636,700
PBSA36-CX300T1/2S18,"18""",300,SA-36,"1/2""",0.5,1.85,72.92,102.09,238,262
PBSA516-70-CX300T1/2S18,"18""",300,SA-516-70,"1/2""",0.5,2.15,72.92,102.09,269,296
PB304L-CX300T1/2S18,"18""",300,304L,"1/2""",0.5,5.95,76.18,106.65,684,753
PB316L-CX300T1/2S18,"18""",300,316L,"1/2""",0.5,7.4,77.05,107.87,847,932
PBAL6061-CX300T1/2S18,"18""",300,AL-6061,"1/2""",0.5,5,25.69,35.97,229,252
PB304-CX300T5/8S18,"18""",300,304,"5/8""",0.625,5.5,95.22,133.31,782,861
PBSA36-CX300T5/8S18,"18""",300,SA-36,"5/8""",0.625,1.85,91.15,127.61,285,314
PBSA516-70-CX300T5/8S18,"18""",300,SA-516-70,"5/8""",0.625,2.15,91.15,127.61,323,356
PB304L-CX300T5/8S18,"18""",300,304L,"5/8""",0.625,5.95,95.22,133.31,842,927
PB316L-CX300T5/8S18,"18""",300,316L,"5/8""",0.625,7.4,96.31,134.83,1047,1152
PBAL6061-CX300T5/8S18,"18""",300,AL-6061,"5/8""",0.625,5,32.12,44.97,274,302
PB304-CX300T3/4S18,"18""",300,304,"3/4""",0.75,5.5,114.27,159.98,929,1022
PBSA36-CX300T3/4S18,"18""",300,SA-36,"3/4""",0.75,1.85,109.38,153.13,332,366
PBSA516-70-CX300T3/4S18,"18""",300,SA-516-70,"3/4""",0.75,2.15,109.38,153.13,378,416
PB304L-CX300T3/4S18,"18""",300,304L,"3/4""",0.75,5.95,114.27,159.98,1001,1102
PB316L-CX300T3/4S18,"18""",300,316L,"3/4""",0.75,7.4,115.57,161.8,1246,1371
PBAL6061-CX300T3/4S18,"18""",300,AL-6061,"3/4""",0.75,5,38.54,53.96,319,351
PB304-CX300T7/8S18,"18""",300,304,"7/8""",0.875,5.5,133.31,186.63,1076,1184
PBSA36-CX300T7/8S18,"18""",300,SA-36,"7/8""",0.875,1.85,127.61,178.65,380,419
PBSA516-70-CX300T7/8S18,"18""",300,SA-516-70,"7/8""",0.875,2.15,127.61,178.65,433,477
PB304L-CX300T7/8S18,"18""",300,304L,"7/8""",0.875,5.95,133.31,186.63,1160,1276
PB316L-CX300T7/8S18,"18""",300,316L,"7/8""",0.875,7.4,134.83,188.76,1446,1591
PBAL6061-CX300T7/8S18,"18""",300,AL-6061,"7/8""",0.875,5,44.96,62.94,364,401
PB304-CX300T1S18,"18""",300,304,"1""",1,5.5,152.36,213.3,1222,1345
PBSA36-CX300T1S18,"18""",300,SA-36,"1""",1,1.85,145.84,204.18,427,470
PBSA516-70-CX300T1S18,"18""",300,SA-516-70,"1""",1,2.15,145.84,204.18,488,537
PB304L-CX300T1S18,"18""",300,304L,"1""",1,5.95,152.36,213.3,1318,1450
PB316L-CX300T1S18,"18""",300,316L,"1""",1,7.4,154.09,215.73,1646,1811
PBAL6061-CX300T1S18,"18""",300,AL-6061,"1""",1,5,51.39,71.95,409,450
PB304-CX300T1-1/8S18,"18""",300,304,"1-1/8""",1.125,5.5,171.4,239.96,1369,1506
PBSA36-CX300T1-1/8S18,"18""",300,SA-36,"1-1/8""",1.125,1.85,164.07,229.7,474,522
PBSA516-70-CX300T1-1/8S18,"18""",300,SA-516-70,"1-1/8""",1.125,2.15,164.07,229.7,543,598
PB304L-CX300T1-1/8S18,"18""",300,304L,"1-1/8""",1.125,5.95,171.4,239.96,1477,1625
PB316L-CX300T1-1/8S18,"18""",300,316L,"1-1/8""",1.125,7.4,173.35,242.69,1845,2030
PBAL6061-CX300T1-1/8S18,"18""",300,AL-6061,"1-1/8""",1.125,5,57.81,80.93,454,500
PB304-CX300T1-1/4S18,"18""",300,304,"1-1/4""",1.25,5.5,190.45,266.63,1516,1668
PBSA36-CX300T1-1/4S18,"18""",300,SA-36,"1-1/4""",1.25,1.85,182.3,255.22,521,574
PBSA516-70-CX300T1-1/4S18,"18""",300,SA-516-70,"1-1/4""",1.25,2.15,182.3,255.22,598,658
PB304L-CX300T1-1/4S18,"18""",300,304L,"1-1/4""",1.25,5.95,190.45,266.63,1636,1800
PB316L-CX300T1-1/4S18,"18""",300,316L,"1-1/4""",1.25,7.4,192.61,269.65,2045,2250
PBAL6061-CX300T1-1/4S18,"18""",300,AL-6061,"1-1/4""",1.25,5,64.23,89.92,499,549
PB304-CX300T1-3/8S18,"18""",300,304,"1-3/8""",1.375,5.5,209.49,293.29,1662,1829
PBSA36-CX300T1-3/8S18,"18""",300,SA-36,"1-3/8""",1.375,1.85,200.53,280.74,568,625
PBSA516-70-CX300T1-3/8S18,"18""",300,SA-516-70,"1-3/8""",1.375,2.15,200.53,280.74,653,719
PB304L-CX300T1-3/8S18,"18""",300,304L,"1-3/8""",1.375,5.95,209.49,293.29,1794,1974
PB316L-CX300T1-3/8S18,"18""",300,316L,"1-3/8""",1.375,7.4,211.88,296.63,2244,2469
PBAL6061-CX300T1-3/8S18,"18""",300,AL-6061,"1-3/8""",1.375,5,70.66,98.92,544,599
PB304-CX300T1-1/2S18,"18""",300,304,"1-1/2""",1.5,5.5,228.54,319.96,1809,1990
PBSA36-CX300T1-1/2S18,"18""",300,SA-36,"1-1/2""",1.5,1.85,218.76,306.26,616,678
PBSA516-70-CX300T1-1/2S18,"18""",300,SA-516-70,"1-1/2""",1.5,2.15,218.76,306.26,708,779
PB304L-CX300T1-1/2S18,"18""",300,304L,"1-1/2""",1.5,5.95,228.54,319.96,1953,2149
PB316L-CX300T1-1/2S18,"18""",300,316L,"1-1/2""",1.5,7.4,231.14,323.6,2444,2689
PBAL6061-CX300T1-1/2S18,"18""",300,AL-6061,"1-1/2""",1.5,5,77.08,107.91,589,648
PB304-CX300T1-5/8S18,"18""",300,304,"1-5/8""",1.625,5.5,247.58,346.61,1955,2151
PBSA36-CX300T1-5/8S18,"18""",300,SA-36,"1-5/8""",1.625,1.85,236.99,331.79,663,730
PBSA516-70-CX300T1-5/8S18,"18""",300,SA-516-70,"1-5/8""",1.625,2.15,236.99,331.79,762,839
PB304L-CX300T1-5/8S18,"18""",300,304L,"1-5/8""",1.625,5.95,247.58,346.61,2111,2323
PB316L-CX300T1-5/8S18,"18""",300,316L,"1-5/8""",1.625,7.4,250.4,350.56,2643,2908
PBAL6061-CX300T1-5/8S18,"18""",300,AL-6061,"1-5/8""",1.625,5,83.5,116.9,634,698
PB304-CX300T1-3/4S18,"18""",300,304,"1-3/4""",1.75,5.5,266.63,373.28,2102,2313
PBSA36-CX300T1-3/4S18,"18""",300,SA-36,"1-3/4""",1.75,1.85,255.22,357.31,710,782
PBSA516-70-CX300T1-3/4S18,"18""",300,SA-516-70,"1-3/4""",1.75,2.15,255.22,357.31,817,899
PB304L-CX300T1-3/4S18,"18""",300,304L,"1-3/4""",1.75,5.95,266.63,373.28,2270,2497
PB316L-CX300T1-3/4S18,"18""",300,316L,"1-3/4""",1.75,7.4,269.66,377.52,2843,3128
PBAL6061-CX300T1-3/4S18,"18""",300,AL-6061,"1-3/4""",1.75,5,89.93,125.9,679,747
PB304-CX300T1-7/8S18,"18""",300,304,"1-7/8""",1.875,5.5,285.67,399.94,2249,2474
PBSA36-CX300T1-7/8S18,"18""",300,SA-36,"1-7/8""",1.875,1.85,273.45,382.83,757,833
PBSA516-70-CX300T1-7/8S18,"18""",300,SA-516-70,"1-7/8""",1.875,2.15,273.45,382.83,872,960
PB304L-CX300T1-7/8S18,"18""",300,304L,"1-7/8""",1.875,5.95,285.67,399.94,2429,2672
PB316L-CX300T1-7/8S18,"18""",300,316L,"1-7/8""",1.875,7.4,288.92,404.49,3042,3347
PBAL6061-CX300T1-7/8S18,"18""",300,AL-6061,"1-7/8""",1.875,5,96.35,134.89,724,797
PB304-CX300T2S18,"18""",300,304,"2""",2,5.5,304.72,426.61,2395,2635
PBSA36-CX300T2S18,"18""",300,SA-36,"2""",2,1.85,291.68,408.35,805,886
PBSA516-70-CX300T2S18,"18""",300,SA-516-70,"2""",2,2.15,291.68,408.35,927,1020
PB304L-CX300T2S18,"18""",300,304L,"2""",2,5.95,304.72,426.61,2587,2846
PB316L-CX300T2S18,"18""",300,316L,"2""",2,7.4,308.18,431.45,3242,3567
PBAL6061-CX300T2S18,"18""",300,AL-6061,"2""",2,5,102.78,143.89,769,846
PB304-CX300T2-1/4S18,"18""",300,304,"2-1/4""",2.25,5.5,342.81,479.93,2689,2958
PBSA36-CX300T2-1/4S18,"18""",300,SA-36,"2-1/4""",2.25,1.85,328.15,459.41,899,989
PBSA516-70-CX300T2-1/4S18,"18""",300,SA-516-70,"2-1/4""",2.25,2.15,328.15,459.41,1037,1141
PB304L-CX300T2-1/4S18,"18""",300,304L,"2-1/4""",2.25,5.95,342.81,479.93,2905,3196
PB316L-CX300T2-1/4S18,"18""",300,316L,"2-1/4""",2.25,7.4,346.71,485.39,3641,4006
PBAL6061-CX300T2-1/4S18,"18""",300,AL-6061,"2-1/4""",2.25,5,115.62,161.87,858,944
PB304-CX300T2-1/2S18,"18""",300,304,"2-1/2""",2.5,5.5,380.9,533.26,2982,3281
PBSA36-CX300T2-1/2S18,"18""",300,SA-36,"2-1/2""",2.5,1.85,364.61,510.45,993,1093
PBSA516-70-CX300T2-1/2S18,"18""",300,SA-516-70,"2-1/2""",2.5,2.15,364.61,510.45,1147,1262
PB304L-CX300T2-1/2S18,"18""",300,304L,"2-1/2""",2.5,5.95,380.9,533.26,3222,3545
PB316L-CX300T2-1/2S18,"18""",300,316L,"2-1/2""",2.5,7.4,385.23,539.32,4040,4444
PBAL6061-CX300T2-1/2S18,"18""",300,AL-6061,"2-1/2""",2.5,5,128.47,179.86,948,1043
PB304-CX300T3S18,"18""",300,304,"3""",3,5.5,457.08,639.91,3569,3926
PBSA36-CX300T3S18,"18""",300,SA-36,"3""",3,1.85,437.53,612.54,1182,1301
PBSA516-70-CX300T3S18,"18""",300,SA-516-70,"3""",3,2.15,437.53,612.54,1366,1503
PB304L-CX300T3S18,"18""",300,304L,"3""",3,5.95,457.08,639.91,3857,4243
PB316L-CX300T3S18,"18""",300,316L,"3""",3,7.4,462.27,647.18,4838,5322
PBAL6061-CX300T3S18,"18""",300,AL-6061,"3""",3,5,154.16,215.82,1128,1241
PB304-CX300T11GAS20,"20""",300,304,11 Gauge,0.1196,5.5,21.84,30.58,221,244
PBSA36-CX300T11GAS20,"20""",300,SA-36,11 Gauge,0.1196,1.85,20.9,29.26,107,118
PBSA516-70-CX300T11GAS20,"20""",300,SA-516-70,11 Gauge,0.1196,2.15,20.9,29.26,115,127
PB304L-CX300T11GAS20,"20""",300,304L,11 Gauge,0.1196,5.95,21.84,30.58,234,258
PB316L-CX300T11GAS20,"20""",300,316L,11 Gauge,0.1196,7.4,22.08,30.91,281,310
PBAL6061-CX300T11GAS20,"20""",300,AL-6061,11 Gauge,0.1196,5,7.36,10.3,104,115
PB304-CX300T1/8S20,"20""",300,304,"1/8""",0.125,5.5,22.82,31.95,228,251
PBSA36-CX300T1/8S20,"20""",300,SA-36,"1/8""",0.125,1.85,21.85,30.59,109,120
PBSA516-70-CX300T1/8S20,"20""",300,SA-516-70,"1/8""",0.125,2.15,21.85,30.59,118,130
PB304L-CX300T1/8S20,"20""",300,304L,"1/8""",0.125,5.95,22.82,31.95,243,268
PB316L-CX300T1/8S20,"20""",300,316L,"1/8""",0.125,7.4,23.08,32.31,292,322
PBAL6061-CX300T1/8S20,"20""",300,AL-6061,"1/8""",0.125,5,7.7,10.78,106,117
PB304-CX300T3/16S20,"20""",300,304,"3/16""",0.1875,5.5,34.23,47.92,316,348
PBSA36-CX300T3/16S20,"20""",300,SA-36,"3/16""",0.1875,1.85,32.77,45.88,137,151
PBSA516-70-CX300T3/16S20,"20""",300,SA-516-70,"3/16""",0.1875,2.15,32.77,45.88,151,167
PB304L-CX300T3/16S20,"20""",300,304L,"3/16""",0.1875,5.95,34.23,47.92,338,372
PB316L-CX300T3/16S20,"20""",300,316L,"3/16""",0.1875,7.4,34.62,48.47,411,453
PBAL6061-CX300T3/16S20,"20""",300,AL-6061,"3/16""",0.1875,5,11.55,16.17,133,147
PB304-CX300T1/4S20,"20""",300,304,"1/4""",0.25,5.5,45.64,63.9,404,445
PBSA36-CX300T1/4S20,"20""",300,SA-36,"1/4""",0.25,1.85,43.69,61.17,166,183
PBSA516-70-CX300T1/4S20,"20""",300,SA-516-70,"1/4""",0.25,2.15,43.69,61.17,184,203
PB304L-CX300T1/4S20,"20""",300,304L,"1/4""",0.25,5.95,45.64,63.9,433,477
PB316L-CX300T1/4S20,"20""",300,316L,"1/4""",0.25,7.4,46.16,64.62,531,585
PBAL6061-CX300T1/4S20,"20""",300,AL-6061,"1/4""",0.25,5,15.39,21.55,160,176
PB304-CX300T5/16S20,"20""",300,304,"5/16""",0.3125,5.5,57.06,79.88,492,542
PBSA36-CX300T5/16S20,"20""",300,SA-36,"5/16""",0.3125,1.85,54.61,76.45,194,214
PBSA516-70-CX300T5/16S20,"20""",300,SA-516-70,"5/16""",0.3125,2.15,54.61,76.45,217,239
PB304L-CX300T5/16S20,"20""",300,304L,"5/16""",0.3125,5.95,57.06,79.88,528,581
PB316L-CX300T5/16S20,"20""",300,316L,"5/16""",0.3125,7.4,57.7,80.78,650,716
PBAL6061-CX300T5/16S20,"20""",300,AL-6061,"5/16""",0.3125,5,19.24,26.94,187,206
PB304-CX300T3/8S20,"20""",300,304,"3/8""",0.375,5.5,68.47,95.86,580,638
PBSA36-CX300T3/8S20,"20""",300,SA-36,"3/8""",0.375,1.85,65.54,91.76,222,245
PBSA516-70-CX300T3/8S20,"20""",300,SA-516-70,"3/8""",0.375,2.15,65.54,91.76,250,275
PB304L-CX300T3/8S20,"20""",300,304L,"3/8""",0.375,5.95,68.47,95.86,623,686
PB316L-CX300T3/8S20,"20""",300,316L,"3/8""",0.375,7.4,69.24,96.94,770,848
PBAL6061-CX300T3/8S20,"20""",300,AL-6061,"3/8""",0.375,5,23.09,32.33,214,236
PB304-CX300T1/2S20,"20""",300,304,"1/2""",0.5,5.5,91.29,127.81,755,831
PBSA36-CX300T1/2S20,"20""",300,SA-36,"1/2""",0.5,1.85,87.38,122.33,279,307
PBSA516-70-CX300T1/2S20,"20""",300,SA-516-70,"1/2""",0.5,2.15,87.38,122.33,315,347
PB304L-CX300T1/2S20,"20""",300,304L,"1/2""",0.5,5.95,91.29,127.81,813,895
PB316L-CX300T1/2S20,"20""",300,316L,"1/2""",0.5,7.4,92.33,129.26,1009,1110
PBAL6061-CX300T1/2S20,"20""",300,AL-6061,"1/2""",0.5,5,30.79,43.11,268,295
PB304-CX300T5/8S20,"20""",300,304,"5/8""",0.625,5.5,114.11,159.75,931,1025
PBSA36-CX300T5/8S20,"20""",300,SA-36,"5/8""",0.625,1.85,109.23,152.92,335,369
PBSA516-70-CX300T5/8S20,"20""",300,SA-516-70,"5/8""",0.625,2.15,109.23,152.92,381,420
PB304L-CX300T5/8S20,"20""",300,304L,"5/8""",0.625,5.95,114.11,159.75,1003,1104
PB316L-CX300T5/8S20,"20""",300,316L,"5/8""",0.625,7.4,115.41,161.57,1248,1373
PBAL6061-CX300T5/8S20,"20""",300,AL-6061,"5/8""",0.625,5,38.49,53.89,322,355
PB304-CX300T3/4S20,"20""",300,304,"3/4""",0.75,5.5,136.93,191.7,1107,1218
PBSA36-CX300T3/4S20,"20""",300,SA-36,"3/4""",0.75,1.85,131.08,183.51,392,432
PBSA516-70-CX300T3/4S20,"20""",300,SA-516-70,"3/4""",0.75,2.15,131.08,183.51,447,492
PB304L-CX300T3/4S20,"20""",300,304L,"3/4""",0.75,5.95,136.93,191.7,1193,1313
PB316L-CX300T3/4S20,"20""",300,316L,"3/4""",0.75,7.4,138.49,193.89,1487,1636
PBAL6061-CX300T3/4S20,"20""",300,AL-6061,"3/4""",0.75,5,46.18,64.65,376,414
PB304-CX300T7/8S20,"20""",300,304,"7/8""",0.875,5.5,159.76,223.66,1283,1412
PBSA36-CX300T7/8S20,"20""",300,SA-36,"7/8""",0.875,1.85,152.92,214.09,449,494
PBSA516-70-CX300T7/8S20,"20""",300,SA-516-70,"7/8""",0.875,2.15,152.92,214.09,513,565
PB304L-CX300T7/8S20,"20""",300,304L,"7/8""",0.875,5.95,159.76,223.66,1383,1522
PB316L-CX300T7/8S20,"20""",300,316L,"7/8""",0.875,7.4,161.57,226.2,1726,1899
PBAL6061-CX300T7/8S20,"20""",300,AL-6061,"7/8""",0.875,5,53.88,75.43,430,474
PB304-CX300T1S20,"20""",300,304,"1""",1,5.5,182.58,255.61,1458,1604
PBSA36-CX300T1S20,"20""",300,SA-36,"1""",1,1.85,174.77,244.68,505,556
PBSA516-70-CX300T1S20,"20""",300,SA-516-70,"1""",1,2.15,174.77,244.68,579,637
PB304L-CX300T1S20,"20""",300,304L,"1""",1,5.95,182.58,255.61,1573,1731
PB316L-CX300T1S20,"20""",300,316L,"1""",1,7.4,184.65,258.51,1965,2162
PBAL6061-CX300T1S20,"20""",300,AL-6061,"1""",1,5,61.58,86.21,484,533
PB304-CX300T1-1/8S20,"20""",300,304,"1-1/8""",1.125,5.5,205.4,287.56,1634,1798
PBSA36-CX300T1-1/8S20,"20""",300,SA-36,"1-1/8""",1.125,1.85,196.61,275.25,562,619
PBSA516-70-CX300T1-1/8S20,"20""",300,SA-516-70,"1-1/8""",1.125,2.15,196.61,275.25,644,709
PB304L-CX300T1-1/8S20,"20""",300,304L,"1-1/8""",1.125,5.95,205.4,287.56,1763,1940
PB316L-CX300T1-1/8S20,"20""",300,316L,"1-1/8""",1.125,7.4,207.73,290.82,2205,2426
PBAL6061-CX300T1-1/8S20,"20""",300,AL-6061,"1-1/8""",1.125,5,69.28,96.99,537,591
PB304-CX300T1-1/4S20,"20""",300,304,"1-1/4""",1.25,5.5,228.22,319.51,1810,1992
PBSA36-CX300T1-1/4S20,"20""",300,SA-36,"1-1/4""",1.25,1.85,218.46,305.84,618,680
PBSA516-70-CX300T1-1/4S20,"20""",300,SA-516-70,"1-1/4""",1.25,2.15,218.46,305.84,710,782
PB304L-CX300T1-1/4S20,"20""",300,304L,"1-1/4""",1.25,5.95,228.22,319.51,1954,2150
PB316L-CX300T1-1/4S20,"20""",300,316L,"1-1/4""",1.25,7.4,230.82,323.15,2444,2689
PBAL6061-CX300T1-1/4S20,"20""",300,AL-6061,"1-1/4""",1.25,5,76.97,107.76,591,651
PB304-CX300T1-3/8S20,"20""",300,304,"1-3/8""",1.375,5.5,251.04,351.46,1985,2184
PBSA36-CX300T1-3/8S20,"20""",300,SA-36,"1-3/8""",1.375,1.85,240.31,336.43,675,743
PBSA516-70-CX300T1-3/8S20,"20""",300,SA-516-70,"1-3/8""",1.375,2.15,240.31,336.43,776,854
PB304L-CX300T1-3/8S20,"20""",300,304L,"1-3/8""",1.375,5.95,251.04,351.46,2144,2359
PB316L-CX300T1-3/8S20,"20""",300,316L,"1-3/8""",1.375,7.4,253.9,355.46,2683,2952
PBAL6061-CX300T1-3/8S20,"20""",300,AL-6061,"1-3/8""",1.375,5,84.67,118.54,645,710
PB304-CX300T1-1/2S20,"20""",300,304,"1-1/2""",1.5,5.5,273.87,383.42,2161,2378
PBSA36-CX300T1-1/2S20,"20""",300,SA-36,"1-1/2""",1.5,1.85,262.15,367.01,731,805
PBSA516-70-CX300T1-1/2S20,"20""",300,SA-516-70,"1-1/2""",1.5,2.15,262.15,367.01,842,927
PB304L-CX300T1-1/2S20,"20""",300,304L,"1-1/2""",1.5,5.95,273.87,383.42,2334,2568
PB316L-CX300T1-1/2S20,"20""",300,316L,"1-1/2""",1.5,7.4,276.98,387.77,2922,3215
PBAL6061-CX300T1-1/2S20,"20""",300,AL-6061,"1-1/2""",1.5,5,92.37,129.32,699,769
PB304-CX300T1-5/8S20,"20""",300,304,"1-5/8""",1.625,5.5,296.69,415.37,2337,2571
PBSA36-CX300T1-5/8S20,"20""",300,SA-36,"1-5/8""",1.625,1.85,284,397.6,788,867
PBSA516-70-CX300T1-5/8S20,"20""",300,SA-516-70,"1-5/8""",1.625,2.15,284,397.6,907,998
PB304L-CX300T1-5/8S20,"20""",300,304L,"1-5/8""",1.625,5.95,296.69,415.37,2524,2777
PB316L-CX300T1-5/8S20,"20""",300,316L,"1-5/8""",1.625,7.4,300.06,420.08,3161,3478
PBAL6061-CX300T1-5/8S20,"20""",300,AL-6061,"1-5/8""",1.625,5,100.07,140.1,753,829
PB304-CX300T1-3/4S20,"20""",300,304,"1-3/4""",1.75,5.5,319.51,447.31,2513,2765
PBSA36-CX300T1-3/4S20,"20""",300,SA-36,"1-3/4""",1.75,1.85,305.84,428.18,845,930
PBSA516-70-CX300T1-3/4S20,"20""",300,SA-516-70,"1-3/4""",1.75,2.15,305.84,428.18,973,1071
PB304L-CX300T1-3/4S20,"20""",300,304L,"1-3/4""",1.75,5.95,319.51,447.31,2714,2986
PB316L-CX300T1-3/4S20,"20""",300,316L,"1-3/4""",1.75,7.4,323.14,452.4,3400,3741
PBAL6061-CX300T1-3/4S20,"20""",300,AL-6061,"1-3/4""",1.75,5,107.76,150.86,807,888
PB304-CX300T1-7/8S20,"20""",300,304,"1-7/8""",1.875,5.5,342.33,479.26,2688,2957
PBSA36-CX300T1-7/8S20,"20""",300,SA-36,"1-7/8""",1.875,1.85,327.69,458.77,901,992
PBSA516-70-CX300T1-7/8S20,"20""",300,SA-516-70,"1-7/8""",1.875,2.15,327.69,458.77,1039,1143
PB304L-CX300T1-7/8S20,"20""",300,304L,"1-7/8""",1.875,5.95,342.33,479.26,2904,3195
PB316L-CX300T1-7/8S20,"20""",300,316L,"1-7/8""",1.875,7.4,346.22,484.71,3639,4003
PBAL6061-CX300T1-7/8S20,"20""",300,AL-6061,"1-7/8""",1.875,5,115.46,161.64,861,948
PB304-CX300T2S20,"20""",300,304,"2""",2,5.5,365.15,511.21,2864,3151
PBSA36-CX300T2S20,"20""",300,SA-36,"2""",2,1.85,349.54,489.36,958,1054
PBSA516-70-CX300T2S20,"20""",300,SA-516-70,"2""",2,2.15,349.54,489.36,1105,1216
PB304L-CX300T2S20,"20""",300,304L,"2""",2,5.95,365.15,511.21,3094,3404
PB316L-CX300T2S20,"20""",300,316L,"2""",2,7.4,369.31,517.03,3878,4266
PBAL6061-CX300T2S20,"20""",300,AL-6061,"2""",2,5,123.16,172.42,915,1007
PB304-CX300T2-1/4S20,"20""",300,304,"2-1/4""",2.25,5.5,410.8,575.12,3216,3538
PBSA36-CX300T2-1/4S20,"20""",300,SA-36,"2-1/4""",2.25,1.85,393.23,550.52,1071,1179
PBSA516-70-CX300T2-1/4S20,"20""",300,SA-516-70,"2-1/4""",2.25,2.15,393.23,550.52,1236,1360
PB304L-CX300T2-1/4S20,"20""",300,304L,"2-1/4""",2.25,5.95,410.8,575.12,3474,3822
PB316L-CX300T2-1/4S20,"20""",300,316L,"2-1/4""",2.25,7.4,415.47,581.66,4357,4793
PBAL6061-CX300T2-1/4S20,"20""",300,AL-6061,"2-1/4""",2.25,5,138.55,193.97,1022,1125
PB304-CX300T2-1/2S20,"20""",300,304,"2-1/2""",2.5,5.5,456.44,639.02,3567,3924
PBSA36-CX300T2-1/2S20,"20""",300,SA-36,"2-1/2""",2.5,1.85,436.92,611.69,1184,1303
PBSA516-70-CX300T2-1/2S20,"20""",300,SA-516-70,"2-1/2""",2.5,2.15,436.92,611.69,1368,1505
PB304L-CX300T2-1/2S20,"20""",300,304L,"2-1/2""",2.5,5.95,456.44,639.02,3855,4241
PB316L-CX300T2-1/2S20,"20""",300,316L,"2-1/2""",2.5,7.4,461.63,646.28,4835,5319
PBAL6061-CX300T2-1/2S20,"20""",300,AL-6061,"2-1/2""",2.5,5,153.95,215.53,1130,1243
PB304-CX300T3S20,"20""",300,304,"3""",3,5.5,547.73,766.82,4270,4697
PBSA36-CX300T3S20,"20""",300,SA-36,"3""",3,1.85,524.3,734.02,1410,1552
PBSA516-70-CX300T3S20,"20""",300,SA-516-70,"3""",3,2.15,524.3,734.02,1631,1795
PB304L-CX300T3S20,"20""",300,304L,"3""",3,5.95,547.73,766.82,4615,5077
PB316L-CX300T3S20,"20""",300,316L,"3""",3,7.4,553.96,775.54,5791,6371
PBAL6061-CX300T3S20,"20""",300,AL-6061,"3""",3,5,184.74,258.64,1346,1481
PB304-CX300T11GAS24,"24""",300,304,11 Gauge,0.1196,5.5,30.61,42.85,292,322
PBSA36-CX300T11GAS24,"24""",300,SA-36,11 Gauge,0.1196,1.85,29.3,41.02,133,147
PBSA516-70-CX300T11GAS24,"24""",300,SA-516-70,11 Gauge,0.1196,2.15,29.3,41.02,145,160
PB304L-CX300T11GAS24,"24""",300,304L,11 Gauge,0.1196,5.95,30.61,42.85,312,344
PB316L-CX300T11GAS24,"24""",300,316L,11 Gauge,0.1196,7.4,30.95,43.33,377,415
PBAL6061-CX300T11GAS24,"24""",300,AL-6061,11 Gauge,0.1196,5,10.32,14.45,129,142
PB304-CX300T1/8S24,"24""",300,304,"1/8""",0.125,5.5,31.99,44.79,303,334
PBSA36-CX300T1/8S24,"24""",300,SA-36,"1/8""",0.125,1.85,30.62,42.87,136,150
PBSA516-70-CX300T1/8S24,"24""",300,SA-516-70,"1/8""",0.125,2.15,30.62,42.87,149,164
PB304L-CX300T1/8S24,"24""",300,304L,"1/8""",0.125,5.95,31.99,44.79,323,356
PB316L-CX300T1/8S24,"24""",300,316L,"1/8""",0.125,7.4,32.35,45.29,392,432
PBAL6061-CX300T1/8S24,"24""",300,AL-6061,"1/8""",0.125,5,10.79,15.11,132,146
PB304-CX300T3/16S24,"24""",300,304,"3/16""",0.1875,5.5,47.98,67.17,426,469
PBSA36-CX300T3/16S24,"24""",300,SA-36,"3/16""",0.1875,1.85,45.93,64.3,176,194
PBSA516-70-CX300T3/16S24,"24""",300,SA-516-70,"3/16""",0.1875,2.15,45.93,64.3,195,215
PB304L-CX300T3/16S24,"24""",300,304L,"3/16""",0.1875,5.95,47.98,67.17,456,502
PB316L-CX300T3/16S24,"24""",300,316L,"3/16""",0.1875,7.4,48.53,67.94,559,615
PBAL6061-CX300T3/16S24,"24""",300,AL-6061,"3/16""",0.1875,5,16.18,22.65,170,188
PB304-CX300T1/4S24,"24""",300,304,"1/4""",0.25,5.5,63.98,89.57,549,604
PBSA36-CX300T1/4S24,"24""",300,SA-36,"1/4""",0.25,1.85,61.24,85.74,215,237
PBSA516-70-CX300T1/4S24,"24""",300,SA-516-70,"1/4""",0.25,2.15,61.24,85.74,241,266
PB304L-CX300T1/4S24,"24""",300,304L,"1/4""",0.25,5.95,63.98,89.57,590,649
PB316L-CX300T1/4S24,"24""",300,316L,"1/4""",0.25,7.4,64.7,90.58,727,800
PBAL6061-CX300T1/4S24,"24""",300,AL-6061,"1/4""",0.25,5,21.58,30.21,208,229
PB304-CX300T5/16S24,"24""",300,304,"5/16""",0.3125,5.5,79.97,111.96,672,740
PBSA36-CX300T5/16S24,"24""",300,SA-36,"5/16""",0.3125,1.85,76.55,107.17,255,281
PBSA516-70-CX300T5/16S24,"24""",300,SA-516-70,"5/16""",0.3125,2.15,76.55,107.17,287,316
PB304L-CX300T5/16S24,"24""",300,304L,"5/16""",0.3125,5.95,79.97,111.96,723,796
PB316L-CX300T5/16S24,"24""",300,316L,"5/16""",0.3125,7.4,80.88,113.23,895,985
PBAL6061-CX300T5/16S24,"24""",300,AL-6061,"5/16""",0.3125,5,26.97,37.76,245,270
PB304-CX300T3/8S24,"24""",300,304,"3/8""",0.375,5.5,95.96,134.34,796,876
PBSA36-CX300T3/8S24,"24""",300,SA-36,"3/8""",0.375,1.85,91.86,128.6,295,325
PBSA516-70-CX300T3/8S24,"24""",300,SA-516-70,"3/8""",0.375,2.15,91.86,128.6,333,367
PB304L-CX300T3/8S24,"24""",300,304L,"3/8""",0.375,5.95,95.96,134.34,856,942
PB316L-CX300T3/8S24,"24""",300,316L,"3/8""",0.375,7.4,97.05,135.87,1062,1169
PBAL6061-CX300T3/8S24,"24""",300,AL-6061,"3/8""",0.375,5,32.37,45.32,283,312
PB304-CX300T1/2S24,"24""",300,304,"1/2""",0.5,5.5,127.95,179.13,1042,1147
PBSA36-CX300T1/2S24,"24""",300,SA-36,"1/2""",0.5,1.85,122.48,171.47,374,412
PBSA516-70-CX300T1/2S24,"24""",300,SA-516-70,"1/2""",0.5,2.15,122.48,171.47,425,468
PB304L-CX300T1/2S24,"24""",300,304L,"1/2""",0.5,5.95,127.95,179.13,1122,1235
PB316L-CX300T1/2S24,"24""",300,316L,"1/2""",0.5,7.4,129.41,181.17,1397,1537
PBAL6061-CX300T1/2S24,"24""",300,AL-6061,"1/2""",0.5,5,43.16,60.42,359,395
PB304-CX300T5/8S24,"24""",300,304,"5/8""",0.625,5.5,159.94,223.92,1288,1417
PBSA36-CX300T5/8S24,"24""",300,SA-36,"5/8""",0.625,1.85,153.1,214.34,453,499
PBSA516-70-CX300T5/8S24,"24""",300,SA-516-70,"5/8""",0.625,2.15,153.1,214.34,517,569
PB304L-CX300T5/8S24,"24""",300,304L,"5/8""",0.625,5.95,159.94,223.92,1389,1528
PB316L-CX300T5/8S24,"24""",300,316L,"5/8""",0.625,7.4,161.76,226.46,1732,1906
PBAL6061-CX300T5/8S24,"24""",300,AL-6061,"5/8""",0.625,5,53.94,75.52,434,478
PB304-CX300T3/4S24,"24""",300,304,"3/4""",0.75,5.5,191.93,268.7,1534,1688
PBSA36-CX300T3/4S24,"24""",300,SA-36,"3/4""",0.75,1.85,183.72,257.21,532,586
PBSA516-70-CX300T3/4S24,"24""",300,SA-516-70,"3/4""",0.75,2.15,183.72,257.21,610,671
PB304L-CX300T3/4S24,"24""",300,304L,"3/4""",0.75,5.95,191.93,268.7,1655,1821
PB316L-CX300T3/4S24,"24""",300,316L,"3/4""",0.75,7.4,194.11,271.75,2068,2275
PBAL6061-CX300T3/4S24,"24""",300,AL-6061,"3/4""",0.75,5,64.73,90.62,510,561
PB304-CX300T7/8S24,"24""",300,304,"7/8""",0.875,5.5,223.91,313.47,1781,1960
PBSA36-CX300T7/8S24,"24""",300,SA-36,"7/8""",0.875,1.85,214.34,300.08,612,674
PBSA516-70-CX300T7/8S24,"24""",300,SA-516-70,"7/8""",0.875,2.15,214.34,300.08,702,773
PB304L-CX300T7/8S24,"24""",300,304L,"7/8""",0.875,5.95,223.91,313.47,1922,2115
PB316L-CX300T7/8S24,"24""",300,316L,"7/8""",0.875,7.4,226.46,317.04,2403,2644
PBAL6061-CX300T7/8S24,"24""",300,AL-6061,"7/8""",0.875,5,75.52,105.73,585,644
PB304-CX300T1S24,"24""",300,304,"1""",1,5.5,255.9,358.26,2027,2230
PBSA36-CX300T1S24,"24""",300,SA-36,"1""",1,1.85,244.96,342.94,691,761
PBSA516-70-CX300T1S24,"24""",300,SA-516-70,"1""",1,2.15,244.96,342.94,794,874
PB304L-CX300T1S24,"24""",300,304L,"1""",1,5.95,255.9,358.26,2188,2407
PB316L-CX300T1S24,"24""",300,316L,"1""",1,7.4,258.81,362.33,2738,3012
PBAL6061-CX300T1S24,"24""",300,AL-6061,"1""",1,5,86.31,120.83,661,728
PB304-CX300T1-1/8S24,"24""",300,304,"1-1/8""",1.125,5.5,287.89,403.05,2273,2501
PBSA36-CX300T1-1/8S24,"24""",300,SA-36,"1-1/8""",1.125,1.85,275.57,385.8,770,848
PBSA516-70-CX300T1-1/8S24,"24""",300,SA-516-70,"1-1/8""",1.125,2.15,275.57,385.8,886,975
PB304L-CX300T1-1/8S24,"24""",300,304L,"1-1/8""",1.125,5.95,287.89,403.05,2455,2701
PB316L-CX300T1-1/8S24,"24""",300,316L,"1-1/8""",1.125,7.4,291.16,407.62,3073,3381
PBAL6061-CX300T1-1/8S24,"24""",300,AL-6061,"1-1/8""",1.125,5,97.1,135.94,736,810
PB304-CX300T1-1/4S24,"24""",300,304,"1-1/4""",1.25,5.5,319.88,447.83,2520,2772
PBSA36-CX300T1-1/4S24,"24""",300,SA-36,"1-1/4""",1.25,1.85,306.19,428.67,850,936
PBSA516-70-CX300T1-1/4S24,"24""",300,SA-516-70,"1-1/4""",1.25,2.15,306.19,428.67,978,1076
PB304L-CX300T1-1/4S24,"24""",300,304L,"1-1/4""",1.25,5.95,319.88,447.83,2721,2994
PB316L-CX300T1-1/4S24,"24""",300,316L,"1-1/4""",1.25,7.4,323.51,452.91,3408,3749
PBAL6061-CX300T1-1/4S24,"24""",300,AL-6061,"1-1/4""",1.25,5,107.89,151.05,812,894
PB304-CX300T1-3/8S24,"24""",300,304,"1-3/8""",1.375,5.5,351.86,492.6,2766,3043
PBSA36-CX300T1-3/8S24,"24""",300,SA-36,"1-3/8""",1.375,1.85,336.81,471.53,929,1022
PBSA516-70-CX300T1-3/8S24,"24""",300,SA-516-70,"1-3/8""",1.375,2.15,336.81,471.53,1070,1177
PB304L-CX300T1-3/8S24,"24""",300,304L,"1-3/8""",1.375,5.95,351.86,492.6,2988,3287
PB316L-CX300T1-3/8S24,"24""",300,316L,"1-3/8""",1.375,7.4,355.86,498.2,3743,4118
PBAL6061-CX300T1-3/8S24,"24""",300,AL-6061,"1-3/8""",1.375,5,118.68,166.15,887,976
PB304-CX300T1-1/2S24,"24""",300,304,"1-1/2""",1.5,5.5,383.85,537.39,3012,3314
PBSA36-CX300T1-1/2S24,"24""",300,SA-36,"1-1/2""",1.5,1.85,367.43,514.4,1008,1109
PBSA516-70-CX300T1-1/2S24,"24""",300,SA-516-70,"1-1/2""",1.5,2.15,367.43,514.4,1163,1280
PB304L-CX300T1-1/2S24,"24""",300,304L,"1-1/2""",1.5,5.95,383.85,537.39,3254,3580
PB316L-CX300T1-1/2S24,"24""",300,316L,"1-1/2""",1.5,7.4,388.22,543.51,4079,4487
PBAL6061-CX300T1-1/2S24,"24""",300,AL-6061,"1-1/2""",1.5,5,129.47,181.26,963,1060
PB304-CX300T1-5/8S24,"24""",300,304,"1-5/8""",1.625,5.5,415.84,582.18,3259,3585
PBSA36-CX300T1-5/8S24,"24""",300,SA-36,"1-5/8""",1.625,1.85,398.05,557.27,1088,1197
PBSA516-70-CX300T1-5/8S24,"24""",300,SA-516-70,"1-5/8""",1.625,2.15,398.05,557.27,1255,1381
PB304L-CX300T1-5/8S24,"24""",300,304L,"1-5/8""",1.625,5.95,415.84,582.18,3521,3874
PB316L-CX300T1-5/8S24,"24""",300,316L,"1-5/8""",1.625,7.4,420.57,588.8,4414,4856
PBAL6061-CX300T1-5/8S24,"24""",300,AL-6061,"1-5/8""",1.625,5,140.25,196.35,1038,1142
PB304-CX300T1-3/4S24,"24""",300,304,"1-3/4""",1.75,5.5,447.83,626.96,3505,3856
PBSA36-CX300T1-3/4S24,"24""",300,SA-36,"1-3/4""",1.75,1.85,428.67,600.14,1167,1284
PBSA516-70-CX300T1-3/4S24,"24""",300,SA-516-70,"1-3/4""",1.75,2.15,428.67,600.14,1347,1482
PB304L-CX300T1-3/4S24,"24""",300,304L,"1-3/4""",1.75,5.95,447.83,626.96,3787,4166
PB316L-CX300T1-3/4S24,"24""",300,316L,"1-3/4""",1.75,7.4,452.92,634.09,4749,5224
PBAL6061-CX300T1-3/4S24,"24""",300,AL-6061,"1-3/4""",1.75,5,151.04,211.46,1114,1226
PB304-CX300T1-7/8S24,"24""",300,304,"1-7/8""",1.875,5.5,479.82,671.75,3751,4127
PBSA36-CX300T1-7/8S24,"24""",300,SA-36,"1-7/8""",1.875,1.85,459.29,643.01,1246,1371
PBSA516-70-CX300T1-7/8S24,"24""",300,SA-516-70,"1-7/8""",1.875,2.15,459.29,643.01,1439,1583
PB304L-CX300T1-7/8S24,"24""",300,304L,"1-7/8""",1.875,5.95,479.82,671.75,4054,4460
PB316L-CX300T1-7/8S24,"24""",300,316L,"1-7/8""",1.875,7.4,485.27,679.38,5084,5593
PBAL6061-CX300T1-7/8S24,"24""",300,AL-6061,"1-7/8""",1.875,5,161.83,226.56,1189,1308
PB304-CX300T2S24,"24""",300,304,"2""",2,5.5,511.8,716.52,3998,4398
PBSA36-CX300T2S24,"24""",300,SA-36,"2""",2,1.85,489.91,685.87,1326,1459
PBSA516-70-CX300T2S24,"24""",300,SA-516-70,"2""",2,2.15,489.91,685.87,1531,1685
PB304L-CX300T2S24,"24""",300,304L,"2""",2,5.95,511.8,716.52,4320,4752
PB316L-CX300T2S24,"24""",300,316L,"2""",2,7.4,517.62,724.67,5419,5961
PBAL6061-CX300T2S24,"24""",300,AL-6061,"2""",2,5,172.62,241.67,1265,1392
PB304-CX300T2-1/4S24,"24""",300,304,"2-1/4""",2.25,5.5,575.78,806.09,4490,4939
PBSA36-CX300T2-1/4S24,"24""",300,SA-36,"2-1/4""",2.25,1.85,551.15,771.61,1484,1633
PBSA516-70-CX300T2-1/4S24,"24""",300,SA-516-70,"2-1/4""",2.25,2.15,551.15,771.61,1716,1888
PB304L-CX300T2-1/4S24,"24""",300,304L,"2-1/4""",2.25,5.95,575.78,806.09,4853,5339
PB316L-CX300T2-1/4S24,"24""",300,316L,"2-1/4""",2.25,7.4,582.32,815.25,6089,6698
PBAL6061-CX300T2-1/4S24,"24""",300,AL-6061,"2-1/4""",2.25,5,194.2,271.88,1416,1558
PB304-CX300T2-1/2S24,"24""",300,304,"2-1/2""",2.5,5.5,639.75,895.65,4983,5482
PBSA36-CX300T2-1/2S24,"24""",300,SA-36,"2-1/2""",2.5,1.85,612.39,857.35,1643,1808
PBSA516-70-CX300T2-1/2S24,"24""",300,SA-516-70,"2-1/2""",2.5,2.15,612.39,857.35,1900,2090
PB304L-CX300T2-1/2S24,"24""",300,304L,"2-1/2""",2.5,5.95,639.75,895.65,5386,5925
PB316L-CX300T2-1/2S24,"24""",300,316L,"2-1/2""",2.5,7.4,647.03,905.84,6760,7437
PBAL6061-CX300T2-1/2S24,"24""",300,AL-6061,"2-1/2""",2.5,5,215.78,302.09,1567,1724
PB304-CX300T3S24,"24""",300,304,"3""",3,5.5,767.7,1074.78,5968,6565
PBSA36-CX300T3S24,"24""",300,SA-36,"3""",3,1.85,734.87,1028.82,1960,2156
PBSA516-70-CX300T3S24,"24""",300,SA-516-70,"3""",3,2.15,734.87,1028.82,2269,2496
PB304L-CX300T3S24,"24""",300,304L,"3""",3,5.95,767.7,1074.78,6452,7098
PB316L-CX300T3S24,"24""",300,316L,"3""",3,7.4,776.43,1087,8100,8910
PBAL6061-CX300T3S24,"24""",300,AL-6061,"3""",3,5,258.93,362.5,1869,2056
PB304-CX600T11GAS1/2,"1/2""",600,304,11 Gauge,0.1196,5.5,0.23,0.32,37,41
PBSA36-CX600T11GAS1/2,"1/2""",600,SA-36,11 Gauge,0.1196,1.85,0.22,0.31,35,39
PBSA516-70-CX600T11GAS1/2,"1/2""",600,SA-516-70,11 Gauge,0.1196,2.15,0.22,0.31,36,40
PB304L-CX600T11GAS1/2,"1/2""",600,304L,11 Gauge,0.1196,5.95,0.23,0.32,37,41
PB316L-CX600T11GAS1/2,"1/2""",600,316L,11 Gauge,0.1196,7.4,0.24,0.34,37,41
PBAL6061-CX600T11GAS1/2,"1/2""",600,AL-6061,11 Gauge,0.1196,5,0.1,0.15,35,39
PB304-CX600T1/8S1/2,"1/2""",600,304,"1/8""",0.125,5.5,0.25,0.35,37,41
PBSA36-CX600T1/8S1/2,"1/2""",600,SA-36,"1/8""",0.125,1.85,0.23,0.32,35,39
PBSA516-70-CX600T1/8S1/2,"1/2""",600,SA-516-70,"1/8""",0.125,2.15,0.23,0.32,36,40
PB304L-CX600T1/8S1/2,"1/2""",600,304L,"1/8""",0.125,5.95,0.25,0.35,37,41
PB316L-CX600T1/8S1/2,"1/2""",600,316L,"1/8""",0.125,7.4,0.25,0.35,37,41
PBAL6061-CX600T1/8S1/2,"1/2""",600,AL-6061,"1/8""",0.125,5,0.1,0.15,35,39
PB304-CX600T3/16S1/2,"1/2""",600,304,"3/16""",0.1875,5.5,0.37,0.52,38,42
PBSA36-CX600T3/16S1/2,"1/2""",600,SA-36,"3/16""",0.1875,1.85,0.35,0.49,36,40
PBSA516-70-CX600T3/16S1/2,"1/2""",600,SA-516-70,"3/16""",0.1875,2.15,0.35,0.49,36,40
PB304L-CX600T3/16S1/2,"1/2""",600,304L,"3/16""",0.1875,5.95,0.37,0.52,38,42
PB316L-CX600T3/16S1/2,"1/2""",600,316L,"3/16""",0.1875,7.4,0.37,0.52,39,43
PBAL6061-CX600T3/16S1/2,"1/2""",600,AL-6061,"3/16""",0.1875,5,0.12,0.17,36,40
PB304-CX600T1/4S1/2,"1/2""",600,304,"1/4""",0.25,5.5,0.49,0.69,39,43
PBSA36-CX600T1/4S1/2,"1/2""",600,SA-36,"1/4""",0.25,1.85,0.47,0.66,36,40
PBSA516-70-CX600T1/4S1/2,"1/2""",600,SA-516-70,"1/4""",0.25,2.15,0.47,0.66,36,40
PB304L-CX600T1/4S1/2,"1/2""",600,304L,"1/4""",0.25,5.95,0.49,0.69,39,43
PB316L-CX600T1/4S1/2,"1/2""",600,316L,"1/4""",0.25,7.4,0.5,0.7,40,44
PBAL6061-CX600T1/4S1/2,"1/2""",600,AL-6061,"1/4""",0.25,5,0.17,0.24,36,40
PB304-CX600T5/16S1/2,"1/2""",600,304,"5/16""",0.3125,5.5,0.61,0.85,40,44
PBSA36-CX600T5/16S1/2,"1/2""",600,SA-36,"5/16""",0.3125,1.85,0.59,0.83,36,40
PBSA516-70-CX600T5/16S1/2,"1/2""",600,SA-516-70,"5/16""",0.3125,2.15,0.59,0.83,37,41
PB304L-CX600T5/16S1/2,"1/2""",600,304L,"5/16""",0.3125,5.95,0.61,0.85,40,44
PB316L-CX600T5/16S1/2,"1/2""",600,316L,"5/16""",0.3125,7.4,0.62,0.87,41,46
PBAL6061-CX600T5/16S1/2,"1/2""",600,AL-6061,"5/16""",0.3125,5,0.21,0.29,36,40
PB304-CX600T3/8S1/2,"1/2""",600,304,"3/8""",0.375,5.5,0.74,1.04,41,46
PBSA36-CX600T3/8S1/2,"1/2""",600,SA-36,"3/8""",0.375,1.85,0.7,0.98,37,41
PBSA516-70-CX600T3/8S1/2,"1/2""",600,SA-516-70,"3/8""",0.375,2.15,0.7,0.98,37,41
PB304L-CX600T3/8S1/2,"1/2""",600,304L,"3/8""",0.375,5.95,0.74,1.04,41,46
PB316L-CX600T3/8S1/2,"1/2""",600,316L,"3/8""",0.375,7.4,0.74,1.04,43,48
PBAL6061-CX600T3/8S1/2,"1/2""",600,AL-6061,"3/8""",0.375,5,0.25,0.35,37,41
PB304-CX600T1/2S1/2,"1/2""",600,304,"1/2""",0.5,5.5,0.98,1.37,42,47
PBSA36-CX600T1/2S1/2,"1/2""",600,SA-36,"1/2""",0.5,1.85,0.94,1.32,37,41
PBSA516-70-CX600T1/2S1/2,"1/2""",600,SA-516-70,"1/2""",0.5,2.15,0.94,1.32,38,42
PB304L-CX600T1/2S1/2,"1/2""",600,304L,"1/2""",0.5,5.95,0.98,1.37,43,48
PB316L-CX600T1/2S1/2,"1/2""",600,316L,"1/2""",0.5,7.4,0.99,1.39,45,50
PBAL6061-CX600T1/2S1/2,"1/2""",600,AL-6061,"1/2""",0.5,5,0.33,0.46,37,41
PB304-CX600T5/8S1/2,"1/2""",600,304,"5/8""",0.625,5.5,1.23,1.72,44,49
PBSA36-CX600T5/8S1/2,"1/2""",600,SA-36,"5/8""",0.625,1.85,1.17,1.64,38,42
PBSA516-70-CX600T5/8S1/2,"1/2""",600,SA-516-70,"5/8""",0.625,2.15,1.17,1.64,38,42
PB304L-CX600T5/8S1/2,"1/2""",600,304L,"5/8""",0.625,5.95,1.23,1.72,45,50
PB316L-CX600T5/8S1/2,"1/2""",600,316L,"5/8""",0.625,7.4,1.24,1.74,48,53
PBAL6061-CX600T5/8S1/2,"1/2""",600,AL-6061,"5/8""",0.625,5,0.41,0.57,38,42
PB304-CX600T3/4S1/2,"1/2""",600,304,"3/4""",0.75,5.5,1.47,2.06,46,51
PBSA36-CX600T3/4S1/2,"1/2""",600,SA-36,"3/4""",0.75,1.85,1.41,1.97,38,42
PBSA516-70-CX600T3/4S1/2,"1/2""",600,SA-516-70,"3/4""",0.75,2.15,1.41,1.97,39,43
PB304L-CX600T3/4S1/2,"1/2""",600,304L,"3/4""",0.75,5.95,1.47,2.06,47,52
PB316L-CX600T3/4S1/2,"1/2""",600,316L,"3/4""",0.75,7.4,1.49,2.09,50,56
PBAL6061-CX600T3/4S1/2,"1/2""",600,AL-6061,"3/4""",0.75,5,0.5,0.7,38,42
PB304-CX600T7/8S1/2,"1/2""",600,304,"7/8""",0.875,5.5,1.72,2.41,48,53
PBSA36-CX600T7/8S1/2,"1/2""",600,SA-36,"7/8""",0.875,1.85,1.64,2.3,39,43
PBSA516-70-CX600T7/8S1/2,"1/2""",600,SA-516-70,"7/8""",0.875,2.15,1.64,2.3,40,44
PB304L-CX600T7/8S1/2,"1/2""",600,304L,"7/8""",0.875,5.95,1.72,2.41,49,54
PB316L-CX600T7/8S1/2,"1/2""",600,316L,"7/8""",0.875,7.4,1.74,2.44,53,59
PBAL6061-CX600T7/8S1/2,"1/2""",600,AL-6061,"7/8""",0.875,5,0.58,0.81,39,43
PB304-CX600T1S1/2,"1/2""",600,304,"1""",1,5.5,1.96,2.74,50,56
PBSA36-CX600T1S1/2,"1/2""",600,SA-36,"1""",1,1.85,1.88,2.63,40,44
PBSA516-70-CX600T1S1/2,"1/2""",600,SA-516-70,"1""",1,2.15,1.88,2.63,41,46
PB304L-CX600T1S1/2,"1/2""",600,304L,"1""",1,5.95,1.96,2.74,51,57
PB316L-CX600T1S1/2,"1/2""",600,316L,"1""",1,7.4,1.99,2.79,55,61
PBAL6061-CX600T1S1/2,"1/2""",600,AL-6061,"1""",1,5,0.66,0.92,39,43
PB304-CX600T1-1/8S1/2,"1/2""",600,304,"1-1/8""",1.125,5.5,2.21,3.09,52,58
PBSA36-CX600T1-1/8S1/2,"1/2""",600,SA-36,"1-1/8""",1.125,1.85,2.11,2.95,40,44
PBSA516-70-CX600T1-1/8S1/2,"1/2""",600,SA-516-70,"1-1/8""",1.125,2.15,2.11,2.95,41,46
PB304L-CX600T1-1/8S1/2,"1/2""",600,304L,"1-1/8""",1.125,5.95,2.21,3.09,53,59
PB316L-CX600T1-1/8S1/2,"1/2""",600,316L,"1-1/8""",1.125,7.4,2.23,3.12,58,64
PBAL6061-CX600T1-1/8S1/2,"1/2""",600,AL-6061,"1-1/8""",1.125,5,0.74,1.04,40,44
PB304-CX600T1-1/4S1/2,"1/2""",600,304,"1-1/4""",1.25,5.5,2.45,3.43,54,60
PBSA36-CX600T1-1/4S1/2,"1/2""",600,SA-36,"1-1/4""",1.25,1.85,2.35,3.29,41,46
PBSA516-70-CX600T1-1/4S1/2,"1/2""",600,SA-516-70,"1-1/4""",1.25,2.15,2.35,3.29,42,47
PB304L-CX600T1-1/4S1/2,"1/2""",600,304L,"1-1/4""",1.25,5.95,2.45,3.43,55,61
PB316L-CX600T1-1/4S1/2,"1/2""",600,316L,"1-1/4""",1.25,7.4,2.48,3.47,61,68
PBAL6061-CX600T1-1/4S1/2,"1/2""",600,AL-6061,"1-1/4""",1.25,5,0.83,1.16,41,46
PB304-CX600T1-3/8S1/2,"1/2""",600,304,"1-3/8""",1.375,5.5,2.7,3.78,56,62
PBSA36-CX600T1-3/8S1/2,"1/2""",600,SA-36,"1-3/8""",1.375,1.85,2.58,3.61,42,47
PBSA516-70-CX600T1-3/8S1/2,"1/2""",600,SA-516-70,"1-3/8""",1.375,2.15,2.58,3.61,43,48
PB304L-CX600T1-3/8S1/2,"1/2""",600,304L,"1-3/8""",1.375,5.95,2.7,3.78,57,63
PB316L-CX600T1-3/8S1/2,"1/2""",600,316L,"1-3/8""",1.375,7.4,2.73,3.82,63,70
PBAL6061-CX600T1-3/8S1/2,"1/2""",600,AL-6061,"1-3/8""",1.375,5,0.91,1.27,41,46
PB304-CX600T1-1/2S1/2,"1/2""",600,304,"1-1/2""",1.5,5.5,2.94,4.12,58,64
PBSA36-CX600T1-1/2S1/2,"1/2""",600,SA-36,"1-1/2""",1.5,1.85,2.82,3.95,42,47
PBSA516-70-CX600T1-1/2S1/2,"1/2""",600,SA-516-70,"1-1/2""",1.5,2.15,2.82,3.95,43,48
PB304L-CX600T1-1/2S1/2,"1/2""",600,304L,"1-1/2""",1.5,5.95,2.94,4.12,59,65
PB316L-CX600T1-1/2S1/2,"1/2""",600,316L,"1-1/2""",1.5,7.4,2.98,4.17,66,73
PBAL6061-CX600T1-1/2S1/2,"1/2""",600,AL-6061,"1-1/2""",1.5,5,0.99,1.39,42,47
PB304-CX600T1-5/8S1/2,"1/2""",600,304,"1-5/8""",1.625,5.5,3.19,4.47,59,65
PBSA36-CX600T1-5/8S1/2,"1/2""",600,SA-36,"1-5/8""",1.625,1.85,3.05,4.27,43,48
PBSA516-70-CX600T1-5/8S1/2,"1/2""",600,SA-516-70,"1-5/8""",1.625,2.15,3.05,4.27,44,49
PB304L-CX600T1-5/8S1/2,"1/2""",600,304L,"1-5/8""",1.625,5.95,3.19,4.47,61,68
PB316L-CX600T1-5/8S1/2,"1/2""",600,316L,"1-5/8""",1.625,7.4,3.23,4.52,68,75
PBAL6061-CX600T1-5/8S1/2,"1/2""",600,AL-6061,"1-5/8""",1.625,5,1.08,1.51,42,47
PB304-CX600T1-3/4S1/2,"1/2""",600,304,"1-3/4""",1.75,5.5,3.44,4.82,61,68
PBSA36-CX600T1-3/4S1/2,"1/2""",600,SA-36,"1-3/4""",1.75,1.85,3.29,4.61,43,48
PBSA516-70-CX600T1-3/4S1/2,"1/2""",600,SA-516-70,"1-3/4""",1.75,2.15,3.29,4.61,45,50
PB304L-CX600T1-3/4S1/2,"1/2""",600,304L,"1-3/4""",1.75,5.95,3.44,4.82,64,71
PB316L-CX600T1-3/4S1/2,"1/2""",600,316L,"1-3/4""",1.75,7.4,3.47,4.86,71,79
PBAL6061-CX600T1-3/4S1/2,"1/2""",600,AL-6061,"1-3/4""",1.75,5,1.16,1.62,43,48
PB304-CX600T1-7/8S1/2,"1/2""",600,304,"1-7/8""",1.875,5.5,3.68,5.15,63,70
PBSA36-CX600T1-7/8S1/2,"1/2""",600,SA-36,"1-7/8""",1.875,1.85,3.52,4.93,44,49
PBSA516-70-CX600T1-7/8S1/2,"1/2""",600,SA-516-70,"1-7/8""",1.875,2.15,3.52,4.93,45,50
PB304L-CX600T1-7/8S1/2,"1/2""",600,304L,"1-7/8""",1.875,5.95,3.68,5.15,65,72
PB316L-CX600T1-7/8S1/2,"1/2""",600,316L,"1-7/8""",1.875,7.4,3.72,5.21,73,81
PBAL6061-CX600T1-7/8S1/2,"1/2""",600,AL-6061,"1-7/8""",1.875,5,1.24,1.74,44,49
PB304-CX600T2S1/2,"1/2""",600,304,"2""",2,5.5,3.93,5.5,65,72
PBSA36-CX600T2S1/2,"1/2""",600,SA-36,"2""",2,1.85,3.76,5.26,45,50
PBSA516-70-CX600T2S1/2,"1/2""",600,SA-516-70,"2""",2,2.15,3.76,5.26,46,51
PB304L-CX600T2S1/2,"1/2""",600,304L,"2""",2,5.95,3.93,5.5,68,75
PB316L-CX600T2S1/2,"1/2""",600,316L,"2""",2,7.4,3.97,5.56,76,84
PBAL6061-CX600T2S1/2,"1/2""",600,AL-6061,"2""",2,5,1.32,1.85,44,49
PB304-CX600T2-1/4S1/2,"1/2""",600,304,"2-1/4""",2.25,5.5,4.42,6.19,69,76
PBSA36-CX600T2-1/4S1/2,"1/2""",600,SA-36,"2-1/4""",2.25,1.85,4.23,5.92,46,51
PBSA516-70-CX600T2-1/4S1/2,"1/2""",600,SA-516-70,"2-1/4""",2.25,2.15,4.23,5.92,48,53
PB304L-CX600T2-1/4S1/2,"1/2""",600,304L,"2-1/4""",2.25,5.95,4.42,6.19,72,80
PB316L-CX600T2-1/4S1/2,"1/2""",600,316L,"2-1/4""",2.25,7.4,4.47,6.26,81,90
PBAL6061-CX600T2-1/4S1/2,"1/2""",600,AL-6061,"2-1/4""",2.25,5,1.49,2.09,45,50
PB304-CX600T2-1/2S1/2,"1/2""",600,304,"2-1/2""",2.5,5.5,4.91,6.87,73,81
PBSA36-CX600T2-1/2S1/2,"1/2""",600,SA-36,"2-1/2""",2.5,1.85,4.7,6.58,47,52
PBSA516-70-CX600T2-1/2S1/2,"1/2""",600,SA-516-70,"2-1/2""",2.5,2.15,4.7,6.58,49,54
PB304L-CX600T2-1/2S1/2,"1/2""",600,304L,"2-1/2""",2.5,5.95,4.91,6.87,76,84
PB316L-CX600T2-1/2S1/2,"1/2""",600,316L,"2-1/2""",2.5,7.4,4.96,6.94,86,95
PBAL6061-CX600T2-1/2S1/2,"1/2""",600,AL-6061,"2-1/2""",2.5,5,1.66,2.32,46,51
PB304-CX600T3S1/2,"1/2""",600,304,"3""",3,5.5,5.89,8.25,80,88
PBSA36-CX600T3S1/2,"1/2""",600,SA-36,"3""",3,1.85,5.64,7.9,49,54
PBSA516-70-CX600T3S1/2,"1/2""",600,SA-516-70,"3""",3,2.15,5.64,7.9,52,58
PB304L-CX600T3S1/2,"1/2""",600,304L,"3""",3,5.95,5.89,8.25,84,93
PB316L-CX600T3S1/2,"1/2""",600,316L,"3""",3,7.4,5.96,8.34,97,107
PBAL6061-CX600T3S1/2,"1/2""",600,AL-6061,"3""",3,5,1.99,2.79,49,54
PB304-CX600T11GAS3/4,"3/4""",600,304,11 Gauge,0.1196,5.5,0.3,0.42,37,41
PBSA36-CX600T11GAS3/4,"3/4""",600,SA-36,11 Gauge,0.1196,1.85,0.29,0.41,36,40
PBSA516-70-CX600T11GAS3/4,"3/4""",600,SA-516-70,11 Gauge,0.1196,2.15,0.29,0.41,36,40
PB304L-CX600T11GAS3/4,"3/4""",600,304L,11 Gauge,0.1196,5.95,0.3,0.42,37,41
PB316L-CX600T11GAS3/4,"3/4""",600,316L,11 Gauge,0.1196,7.4,0.3,0.42,38,42
PBAL6061-CX600T11GAS3/4,"3/4""",600,AL-6061,11 Gauge,0.1196,5,0.1,0.15,36,40
PB304-CX600T1/8S3/4,"3/4""",600,304,"1/8""",0.125,5.5,0.31,0.43,37,41
PBSA36-CX600T1/8S3/4,"3/4""",600,SA-36,"1/8""",0.125,1.85,0.3,0.42,36,40
PBSA516-70-CX600T1/8S3/4,"3/4""",600,SA-516-70,"1/8""",0.125,2.15,0.3,0.42,36,40
PB304L-CX600T1/8S3/4,"3/4""",600,304L,"1/8""",0.125,5.95,0.31,0.43,37,41
PB316L-CX600T1/8S3/4,"3/4""",600,316L,"1/8""",0.125,7.4,0.31,0.43,38,42
PBAL6061-CX600T1/8S3/4,"3/4""",600,AL-6061,"1/8""",0.125,5,0.11,0.15,36,40
PB304-CX600T3/16S3/4,"3/4""",600,304,"3/16""",0.1875,5.5,0.47,0.66,38,42
PBSA36-CX600T3/16S3/4,"3/4""",600,SA-36,"3/16""",0.1875,1.85,0.45,0.63,36,40
PBSA516-70-CX600T3/16S3/4,"3/4""",600,SA-516-70,"3/16""",0.1875,2.15,0.45,0.63,36,40
PB304L-CX600T3/16S3/4,"3/4""",600,304L,"3/16""",0.1875,5.95,0.47,0.66,39,43
PB316L-CX600T3/16S3/4,"3/4""",600,316L,"3/16""",0.1875,7.4,0.47,0.66,40,44
PBAL6061-CX600T3/16S3/4,"3/4""",600,AL-6061,"3/16""",0.1875,5,0.16,0.22,36,40
PB304-CX600T1/4S3/4,"3/4""",600,304,"1/4""",0.25,5.5,0.62,0.87,40,44
PBSA36-CX600T1/4S3/4,"3/4""",600,SA-36,"1/4""",0.25,1.85,0.6,0.84,36,40
PBSA516-70-CX600T1/4S3/4,"3/4""",600,SA-516-70,"1/4""",0.25,2.15,0.6,0.84,37,41
PB304L-CX600T1/4S3/4,"3/4""",600,304L,"1/4""",0.25,5.95,0.62,0.87,40,44
PB316L-CX600T1/4S3/4,"3/4""",600,316L,"1/4""",0.25,7.4,0.63,0.88,41,46
PBAL6061-CX600T1/4S3/4,"3/4""",600,AL-6061,"1/4""",0.25,5,0.21,0.29,36,40
PB304-CX600T5/16S3/4,"3/4""",600,304,"5/16""",0.3125,5.5,0.78,1.09,41,46
PBSA36-CX600T5/16S3/4,"3/4""",600,SA-36,"5/16""",0.3125,1.85,0.75,1.05,37,41
PBSA516-70-CX600T5/16S3/4,"3/4""",600,SA-516-70,"5/16""",0.3125,2.15,0.75,1.05,37,41
PB304L-CX600T5/16S3/4,"3/4""",600,304L,"5/16""",0.3125,5.95,0.78,1.09,41,46
PB316L-CX600T5/16S3/4,"3/4""",600,316L,"5/16""",0.3125,7.4,0.79,1.11,43,48
PBAL6061-CX600T5/16S3/4,"3/4""",600,AL-6061,"5/16""",0.3125,5,0.26,0.36,37,41
PB304-CX600T3/8S3/4,"3/4""",600,304,"3/8""",0.375,5.5,0.93,1.3,42,47
PBSA36-CX600T3/8S3/4,"3/4""",600,SA-36,"3/8""",0.375,1.85,0.89,1.25,37,41
PBSA516-70-CX600T3/8S3/4,"3/4""",600,SA-516-70,"3/8""",0.375,2.15,0.89,1.25,38,42
PB304L-CX600T3/8S3/4,"3/4""",600,304L,"3/8""",0.375,5.95,0.93,1.3,43,48
PB316L-CX600T3/8S3/4,"3/4""",600,316L,"3/8""",0.375,7.4,0.94,1.32,45,50
PBAL6061-CX600T3/8S3/4,"3/4""",600,AL-6061,"3/8""",0.375,5,0.32,0.45,37,41
PB304-CX600T1/2S3/4,"3/4""",600,304,"1/2""",0.5,5.5,1.25,1.75,44,49
PBSA36-CX600T1/2S3/4,"3/4""",600,SA-36,"1/2""",0.5,1.85,1.19,1.67,38,42
PBSA516-70-CX600T1/2S3/4,"3/4""",600,SA-516-70,"1/2""",0.5,2.15,1.19,1.67,38,42
PB304L-CX600T1/2S3/4,"3/4""",600,304L,"1/2""",0.5,5.95,1.25,1.75,45,50
PB316L-CX600T1/2S3/4,"3/4""",600,316L,"1/2""",0.5,7.4,1.26,1.76,48,53
PBAL6061-CX600T1/2S3/4,"3/4""",600,AL-6061,"1/2""",0.5,5,0.42,0.59,38,42
PB304-CX600T5/8S3/4,"3/4""",600,304,"5/8""",0.625,5.5,1.56,2.18,47,52
PBSA36-CX600T5/8S3/4,"3/4""",600,SA-36,"5/8""",0.625,1.85,1.49,2.09,39,43
PBSA516-70-CX600T5/8S3/4,"3/4""",600,SA-516-70,"5/8""",0.625,2.15,1.49,2.09,39,43
PB304L-CX600T5/8S3/4,"3/4""",600,304L,"5/8""",0.625,5.95,1.56,2.18,48,53
PB316L-CX600T5/8S3/4,"3/4""",600,316L,"5/8""",0.625,7.4,1.57,2.2,51,57
PBAL6061-CX600T5/8S3/4,"3/4""",600,AL-6061,"5/8""",0.625,5,0.53,0.74,39,43
PB304-CX600T3/4S3/4,"3/4""",600,304,"3/4""",0.75,5.5,1.87,2.62,49,54
PBSA36-CX600T3/4S3/4,"3/4""",600,SA-36,"3/4""",0.75,1.85,1.79,2.51,39,43
PBSA516-70-CX600T3/4S3/4,"3/4""",600,SA-516-70,"3/4""",0.75,2.15,1.79,2.51,40,44
PB304L-CX600T3/4S3/4,"3/4""",600,304L,"3/4""",0.75,5.95,1.87,2.62,50,56
PB316L-CX600T3/4S3/4,"3/4""",600,316L,"3/4""",0.75,7.4,1.89,2.65,54,60
PBAL6061-CX600T3/4S3/4,"3/4""",600,AL-6061,"3/4""",0.75,5,0.63,0.88,39,43
PB304-CX600T7/8S3/4,"3/4""",600,304,"7/8""",0.875,5.5,2.18,3.05,52,58
PBSA36-CX600T7/8S3/4,"3/4""",600,SA-36,"7/8""",0.875,1.85,2.09,2.93,40,44
PBSA516-70-CX600T7/8S3/4,"3/4""",600,SA-516-70,"7/8""",0.875,2.15,2.09,2.93,41,46
PB304L-CX600T7/8S3/4,"3/4""",600,304L,"7/8""",0.875,5.95,2.18,3.05,53,59
PB316L-CX600T7/8S3/4,"3/4""",600,316L,"7/8""",0.875,7.4,2.2,3.08,58,64
PBAL6061-CX600T7/8S3/4,"3/4""",600,AL-6061,"7/8""",0.875,5,0.74,1.04,40,44
PB304-CX600T1S3/4,"3/4""",600,304,"1""",1,5.5,2.49,3.49,54,60
PBSA36-CX600T1S3/4,"3/4""",600,SA-36,"1""",1,1.85,2.38,3.33,41,46
PBSA516-70-CX600T1S3/4,"3/4""",600,SA-516-70,"1""",1,2.15,2.38,3.33,42,47
PB304L-CX600T1S3/4,"3/4""",600,304L,"1""",1,5.95,2.49,3.49,56,62
PB316L-CX600T1S3/4,"3/4""",600,316L,"1""",1,7.4,2.52,3.53,61,68
PBAL6061-CX600T1S3/4,"3/4""",600,AL-6061,"1""",1,5,0.84,1.18,41,46
PB304-CX600T1-1/8S3/4,"3/4""",600,304,"1-1/8""",1.125,5.5,2.8,3.92,56,62
PBSA36-CX600T1-1/8S3/4,"3/4""",600,SA-36,"1-1/8""",1.125,1.85,2.68,3.75,42,47
PBSA516-70-CX600T1-1/8S3/4,"3/4""",600,SA-516-70,"1-1/8""",1.125,2.15,2.68,3.75,43,48
PB304L-CX600T1-1/8S3/4,"3/4""",600,304L,"1-1/8""",1.125,5.95,2.8,3.92,58,64
PB316L-CX600T1-1/8S3/4,"3/4""",600,316L,"1-1/8""",1.125,7.4,2.83,3.96,64,71
PBAL6061-CX600T1-1/8S3/4,"3/4""",600,AL-6061,"1-1/8""",1.125,5,0.95,1.33,41,46
PB304-CX600T1-1/4S3/4,"3/4""",600,304,"1-1/4""",1.25,5.5,3.11,4.35,59,65
PBSA36-CX600T1-1/4S3/4,"3/4""",600,SA-36,"1-1/4""",1.25,1.85,2.98,4.17,43,48
PBSA516-70-CX600T1-1/4S3/4,"3/4""",600,SA-516-70,"1-1/4""",1.25,2.15,2.98,4.17,44,49
PB304L-CX600T1-1/4S3/4,"3/4""",600,304L,"1-1/4""",1.25,5.95,3.11,4.35,61,68
PB316L-CX600T1-1/4S3/4,"3/4""",600,316L,"1-1/4""",1.25,7.4,3.15,4.41,67,74
PBAL6061-CX600T1-1/4S3/4,"3/4""",600,AL-6061,"1-1/4""",1.25,5,1.05,1.47,42,47
PB304-CX600T1-3/8S3/4,"3/4""",600,304,"1-3/8""",1.375,5.5,3.43,4.8,61,68
PBSA36-CX600T1-3/8S3/4,"3/4""",600,SA-36,"1-3/8""",1.375,1.85,3.28,4.59,43,48
PBSA516-70-CX600T1-3/8S3/4,"3/4""",600,SA-516-70,"1-3/8""",1.375,2.15,3.28,4.59,45,50
PB304L-CX600T1-3/8S3/4,"3/4""",600,304L,"1-3/8""",1.375,5.95,3.43,4.8,63,70
PB316L-CX600T1-3/8S3/4,"3/4""",600,316L,"1-3/8""",1.375,7.4,3.46,4.84,71,79
PBAL6061-CX600T1-3/8S3/4,"3/4""",600,AL-6061,"1-3/8""",1.375,5,1.16,1.62,43,48
PB304-CX600T1-1/2S3/4,"3/4""",600,304,"1-1/2""",1.5,5.5,3.74,5.24,64,71
PBSA36-CX600T1-1/2S3/4,"3/4""",600,SA-36,"1-1/2""",1.5,1.85,3.58,5.01,44,49
PBSA516-70-CX600T1-1/2S3/4,"3/4""",600,SA-516-70,"1-1/2""",1.5,2.15,3.58,5.01,46,51
PB304L-CX600T1-1/2S3/4,"3/4""",600,304L,"1-1/2""",1.5,5.95,3.74,5.24,66,73
PB316L-CX600T1-1/2S3/4,"3/4""",600,316L,"1-1/2""",1.5,7.4,3.78,5.29,74,82
PBAL6061-CX600T1-1/2S3/4,"3/4""",600,AL-6061,"1-1/2""",1.5,5,1.26,1.76,44,49
PB304-CX600T1-5/8S3/4,"3/4""",600,304,"1-5/8""",1.625,5.5,4.05,5.67,66,73
PBSA36-CX600T1-5/8S3/4,"3/4""",600,SA-36,"1-5/8""",1.625,1.85,3.88,5.43,45,50
PBSA516-70-CX600T1-5/8S3/4,"3/4""",600,SA-516-70,"1-5/8""",1.625,2.15,3.88,5.43,47,52
PB304L-CX600T1-5/8S3/4,"3/4""",600,304L,"1-5/8""",1.625,5.95,4.05,5.67,69,76
PB316L-CX600T1-5/8S3/4,"3/4""",600,316L,"1-5/8""",1.625,7.4,4.09,5.73,77,85
PBAL6061-CX600T1-5/8S3/4,"3/4""",600,AL-6061,"1-5/8""",1.625,5,1.37,1.92,44,49
PB304-CX600T1-3/4S3/4,"3/4""",600,304,"1-3/4""",1.75,5.5,4.36,6.1,68,75
PBSA36-CX600T1-3/4S3/4,"3/4""",600,SA-36,"1-3/4""",1.75,1.85,4.17,5.84,46,51
PBSA516-70-CX600T1-3/4S3/4,"3/4""",600,SA-516-70,"1-3/4""",1.75,2.15,4.17,5.84,47,52
PB304L-CX600T1-3/4S3/4,"3/4""",600,304L,"1-3/4""",1.75,5.95,4.36,6.1,71,79
PB316L-CX600T1-3/4S3/4,"3/4""",600,316L,"1-3/4""",1.75,7.4,4.41,6.17,81,90
PBAL6061-CX600T1-3/4S3/4,"3/4""",600,AL-6061,"1-3/4""",1.75,5,1.47,2.06,45,50
PB304-CX600T1-7/8S3/4,"3/4""",600,304,"1-7/8""",1.875,5.5,4.67,6.54,71,79
PBSA36-CX600T1-7/8S3/4,"3/4""",600,SA-36,"1-7/8""",1.875,1.85,4.47,6.26,46,51
PBSA516-70-CX600T1-7/8S3/4,"3/4""",600,SA-516-70,"1-7/8""",1.875,2.15,4.47,6.26,48,53
PB304L-CX600T1-7/8S3/4,"3/4""",600,304L,"1-7/8""",1.875,5.95,4.67,6.54,74,82
PB316L-CX600T1-7/8S3/4,"3/4""",600,316L,"1-7/8""",1.875,7.4,4.72,6.61,84,93
PBAL6061-CX600T1-7/8S3/4,"3/4""",600,AL-6061,"1-7/8""",1.875,5,1.58,2.21,46,51
PB304-CX600T2S3/4,"3/4""",600,304,"2""",2,5.5,4.98,6.97,73,81
PBSA36-CX600T2S3/4,"3/4""",600,SA-36,"2""",2,1.85,4.77,6.68,47,52
PBSA516-70-CX600T2S3/4,"3/4""",600,SA-516-70,"2""",2,2.15,4.77,6.68,49,54
PB304L-CX600T2S3/4,"3/4""",600,304L,"2""",2,5.95,4.98,6.97,76,84
PB316L-CX600T2S3/4,"3/4""",600,316L,"2""",2,7.4,5.04,7.06,87,96
PBAL6061-CX600T2S3/4,"3/4""",600,AL-6061,"2""",2,5,1.68,2.35,47,52
PB304-CX600T2-1/4S3/4,"3/4""",600,304,"2-1/4""",2.25,5.5,5.61,7.85,78,86
PBSA36-CX600T2-1/4S3/4,"3/4""",600,SA-36,"2-1/4""",2.25,1.85,5.37,7.52,49,54
PBSA516-70-CX600T2-1/4S3/4,"3/4""",600,SA-516-70,"2-1/4""",2.25,2.15,5.37,7.52,51,57
PB304L-CX600T2-1/4S3/4,"3/4""",600,304L,"2-1/4""",2.25,5.95,5.61,7.85,82,91
PB316L-CX600T2-1/4S3/4,"3/4""",600,316L,"2-1/4""",2.25,7.4,5.67,7.94,94,104
PBAL6061-CX600T2-1/4S3/4,"3/4""",600,AL-6061,"2-1/4""",2.25,5,1.89,2.65,48,53
PB304-CX600T2-1/2S3/4,"3/4""",600,304,"2-1/2""",2.5,5.5,6.23,8.72,83,92
PBSA36-CX600T2-1/2S3/4,"3/4""",600,SA-36,"2-1/2""",2.5,1.85,5.96,8.34,50,56
PBSA516-70-CX600T2-1/2S3/4,"3/4""",600,SA-516-70,"2-1/2""",2.5,2.15,5.96,8.34,53,59
PB304L-CX600T2-1/2S3/4,"3/4""",600,304L,"2-1/2""",2.5,5.95,6.23,8.72,87,96
PB316L-CX600T2-1/2S3/4,"3/4""",600,316L,"2-1/2""",2.5,7.4,6.3,8.82,100,111
PBAL6061-CX600T2-1/2S3/4,"3/4""",600,AL-6061,"2-1/2""",2.5,5,2.1,2.94,50,56
PB304-CX600T3S3/4,"3/4""",600,304,"3""",3,5.5,7.47,10.46,92,102
PBSA36-CX600T3S3/4,"3/4""",600,SA-36,"3""",3,1.85,7.15,10.01,53,59
PBSA516-70-CX600T3S3/4,"3/4""",600,SA-516-70,"3""",3,2.15,7.15,10.01,56,62
PB304L-CX600T3S3/4,"3/4""",600,304L,"3""",3,5.95,7.47,10.46,97,107
PB316L-CX600T3S3/4,"3/4""",600,316L,"3""",3,7.4,7.56,10.58,113,125
PBAL6061-CX600T3S3/4,"3/4""",600,AL-6061,"3""",3,5,2.52,3.53,52,58
PB304-CX600T11GAS1,"1""",600,304,11 Gauge,0.1196,5.5,0.34,0.48,37,41
PBSA36-CX600T11GAS1,"1""",600,SA-36,11 Gauge,0.1196,1.85,0.32,0.45,36,40
PBSA516-70-CX600T11GAS1,"1""",600,SA-516-70,11 Gauge,0.1196,2.15,0.32,0.45,36,40
PB304L-CX600T11GAS1,"1""",600,304L,11 Gauge,0.1196,5.95,0.34,0.48,38,42
PB316L-CX600T11GAS1,"1""",600,316L,11 Gauge,0.1196,7.4,0.34,0.48,38,42
PBAL6061-CX600T11GAS1,"1""",600,AL-6061,11 Gauge,0.1196,5,0.11,0.15,36,40
PB304-CX600T1/8S1,"1""",600,304,"1/8""",0.125,5.5,0.35,0.49,38,42
PBSA36-CX600T1/8S1,"1""",600,SA-36,"1/8""",0.125,1.85,0.34,0.48,36,40
PBSA516-70-CX600T1/8S1,"1""",600,SA-516-70,"1/8""",0.125,2.15,0.34,0.48,36,40
PB304L-CX600T1/8S1,"1""",600,304L,"1/8""",0.125,5.95,0.35,0.49,38,42
PB316L-CX600T1/8S1,"1""",600,316L,"1/8""",0.125,7.4,0.36,0.5,39,43
PBAL6061-CX600T1/8S1,"1""",600,AL-6061,"1/8""",0.125,5,0.12,0.17,36,40
PB304-CX600T3/16S1,"1""",600,304,"3/16""",0.1875,5.5,0.53,0.74,39,43
PBSA36-CX600T3/16S1,"1""",600,SA-36,"3/16""",0.1875,1.85,0.51,0.71,36,40
PBSA516-70-CX600T3/16S1,"1""",600,SA-516-70,"3/16""",0.1875,2.15,0.51,0.71,36,40
PB304L-CX600T3/16S1,"1""",600,304L,"3/16""",0.1875,5.95,0.53,0.74,39,43
PB316L-CX600T3/16S1,"1""",600,316L,"3/16""",0.1875,7.4,0.54,0.76,40,44
PBAL6061-CX600T3/16S1,"1""",600,AL-6061,"3/16""",0.1875,5,0.18,0.25,36,40
PB304-CX600T1/4S1,"1""",600,304,"1/4""",0.25,5.5,0.71,0.99,40,44
PBSA36-CX600T1/4S1,"1""",600,SA-36,"1/4""",0.25,1.85,0.68,0.95,37,41
PBSA516-70-CX600T1/4S1,"1""",600,SA-516-70,"1/4""",0.25,2.15,0.68,0.95,37,41
PB304L-CX600T1/4S1,"1""",600,304L,"1/4""",0.25,5.95,0.71,0.99,41,46
PB316L-CX600T1/4S1,"1""",600,316L,"1/4""",0.25,7.4,0.72,1.01,42,47
PBAL6061-CX600T1/4S1,"1""",600,AL-6061,"1/4""",0.25,5,0.24,0.34,37,41
PB304-CX600T5/16S1,"1""",600,304,"5/16""",0.3125,5.5,0.89,1.25,42,47
PBSA36-CX600T5/16S1,"1""",600,SA-36,"5/16""",0.3125,1.85,0.85,1.19,37,41
PBSA516-70-CX600T5/16S1,"1""",600,SA-516-70,"5/16""",0.3125,2.15,0.85,1.19,37,41
PB304L-CX600T5/16S1,"1""",600,304L,"5/16""",0.3125,5.95,0.89,1.25,42,47
PB316L-CX600T5/16S1,"1""",600,316L,"5/16""",0.3125,7.4,0.9,1.26,44,49
PBAL6061-CX600T5/16S1,"1""",600,AL-6061,"5/16""",0.3125,5,0.3,0.42,37,41
PB304-CX600T3/8S1,"1""",600,304,"3/8""",0.375,5.5,1.06,1.48,43,48
PBSA36-CX600T3/8S1,"1""",600,SA-36,"3/8""",0.375,1.85,1.02,1.43,37,41
PBSA516-70-CX600T3/8S1,"1""",600,SA-516-70,"3/8""",0.375,2.15,1.02,1.43,38,42
PB304L-CX600T3/8S1,"1""",600,304L,"3/8""",0.375,5.95,1.06,1.48,44,49
PB316L-CX600T3/8S1,"1""",600,316L,"3/8""",0.375,7.4,1.07,1.5,46,51
PBAL6061-CX600T3/8S1,"1""",600,AL-6061,"3/8""",0.375,5,0.36,0.5,37,41
PB304-CX600T1/2S1,"1""",600,304,"1/2""",0.5,5.5,1.42,1.99,46,51
PBSA36-CX600T1/2S1,"1""",600,SA-36,"1/2""",0.5,1.85,1.36,1.9,38,42
PBSA516-70-CX600T1/2S1,"1""",600,SA-516-70,"1/2""",0.5,2.15,1.36,1.9,39,43
PB304L-CX600T1/2S1,"1""",600,304L,"1/2""",0.5,5.95,1.42,1.99,47,52
PB316L-CX600T1/2S1,"1""",600,316L,"1/2""",0.5,7.4,1.43,2,50,56
PBAL6061-CX600T1/2S1,"1""",600,AL-6061,"1/2""",0.5,5,0.48,0.67,38,42
PB304-CX600T5/8S1,"1""",600,304,"5/8""",0.625,5.5,1.77,2.48,48,53
PBSA36-CX600T5/8S1,"1""",600,SA-36,"5/8""",0.625,1.85,1.7,2.38,39,43
PBSA516-70-CX600T5/8S1,"1""",600,SA-516-70,"5/8""",0.625,2.15,1.7,2.38,40,44
PB304L-CX600T5/8S1,"1""",600,304L,"5/8""",0.625,5.95,1.77,2.48,50,56
PB316L-CX600T5/8S1,"1""",600,316L,"5/8""",0.625,7.4,1.79,2.51,53,59
PBAL6061-CX600T5/8S1,"1""",600,AL-6061,"5/8""",0.625,5,0.6,0.84,39,43
PB304-CX600T3/4S1,"1""",600,304,"3/4""",0.75,5.5,2.13,2.98,51,57
PBSA36-CX600T3/4S1,"1""",600,SA-36,"3/4""",0.75,1.85,2.03,2.84,40,44
PBSA516-70-CX600T3/4S1,"1""",600,SA-516-70,"3/4""",0.75,2.15,2.03,2.84,41,46
PB304L-CX600T3/4S1,"1""",600,304L,"3/4""",0.75,5.95,2.13,2.98,53,59
PB316L-CX600T3/4S1,"1""",600,316L,"3/4""",0.75,7.4,2.15,3.01,57,63
PBAL6061-CX600T3/4S1,"1""",600,AL-6061,"3/4""",0.75,5,0.72,1.01,40,44
PB304-CX600T7/8S1,"1""",600,304,"7/8""",0.875,5.5,2.48,3.47,54,60
PBSA36-CX600T7/8S1,"1""",600,SA-36,"7/8""",0.875,1.85,2.37,3.32,41,46
PBSA516-70-CX600T7/8S1,"1""",600,SA-516-70,"7/8""",0.875,2.15,2.37,3.32,42,47
PB304L-CX600T7/8S1,"1""",600,304L,"7/8""",0.875,5.95,2.48,3.47,55,61
PB316L-CX600T7/8S1,"1""",600,316L,"7/8""",0.875,7.4,2.51,3.51,61,68
PBAL6061-CX600T7/8S1,"1""",600,AL-6061,"7/8""",0.875,5,0.84,1.18,41,46
PB304-CX600T1S1,"1""",600,304,"1""",1,5.5,2.83,3.96,57,63
PBSA36-CX600T1S1,"1""",600,SA-36,"1""",1,1.85,2.71,3.79,42,47
PBSA516-70-CX600T1S1,"1""",600,SA-516-70,"1""",1,2.15,2.71,3.79,43,48
PB304L-CX600T1S1,"1""",600,304L,"1""",1,5.95,2.83,3.96,58,64
PB316L-CX600T1S1,"1""",600,316L,"1""",1,7.4,2.87,4.02,65,72
PBAL6061-CX600T1S1,"1""",600,AL-6061,"1""",1,5,0.96,1.34,42,47
PB304-CX600T1-1/8S1,"1""",600,304,"1-1/8""",1.125,5.5,3.19,4.47,59,65
PBSA36-CX600T1-1/8S1,"1""",600,SA-36,"1-1/8""",1.125,1.85,3.05,4.27,43,48
PBSA516-70-CX600T1-1/8S1,"1""",600,SA-516-70,"1-1/8""",1.125,2.15,3.05,4.27,44,49
PB304L-CX600T1-1/8S1,"1""",600,304L,"1-1/8""",1.125,5.95,3.19,4.47,61,68
PB316L-CX600T1-1/8S1,"1""",600,316L,"1-1/8""",1.125,7.4,3.22,4.51,68,75
PBAL6061-CX600T1-1/8S1,"1""",600,AL-6061,"1-1/8""",1.125,5,1.08,1.51,42,47
PB304-CX600T1-1/4S1,"1""",600,304,"1-1/4""",1.25,5.5,3.54,4.96,62,69
PBSA36-CX600T1-1/4S1,"1""",600,SA-36,"1-1/4""",1.25,1.85,3.39,4.75,44,49
PBSA516-70-CX600T1-1/4S1,"1""",600,SA-516-70,"1-1/4""",1.25,2.15,3.39,4.75,45,50
PB304L-CX600T1-1/4S1,"1""",600,304L,"1-1/4""",1.25,5.95,3.54,4.96,64,71
PB316L-CX600T1-1/4S1,"1""",600,316L,"1-1/4""",1.25,7.4,3.58,5.01,72,80
PBAL6061-CX600T1-1/4S1,"1""",600,AL-6061,"1-1/4""",1.25,5,1.19,1.67,43,48
PB304-CX600T1-3/8S1,"1""",600,304,"1-3/8""",1.375,5.5,3.9,5.46,65,72
PBSA36-CX600T1-3/8S1,"1""",600,SA-36,"1-3/8""",1.375,1.85,3.73,5.22,45,50
PBSA516-70-CX600T1-3/8S1,"1""",600,SA-516-70,"1-3/8""",1.375,2.15,3.73,5.22,46,51
PB304L-CX600T1-3/8S1,"1""",600,304L,"1-3/8""",1.375,5.95,3.9,5.46,67,74
PB316L-CX600T1-3/8S1,"1""",600,316L,"1-3/8""",1.375,7.4,3.94,5.52,76,84
PBAL6061-CX600T1-3/8S1,"1""",600,AL-6061,"1-3/8""",1.375,5,1.31,1.83,44,49
PB304-CX600T1-1/2S1,"1""",600,304,"1-1/2""",1.5,5.5,4.25,5.95,68,75
PBSA36-CX600T1-1/2S1,"1""",600,SA-36,"1-1/2""",1.5,1.85,4.07,5.7,45,50
PBSA516-70-CX600T1-1/2S1,"1""",600,SA-516-70,"1-1/2""",1.5,2.15,4.07,5.7,47,52
PB304L-CX600T1-1/2S1,"1""",600,304L,"1-1/2""",1.5,5.95,4.25,5.95,70,77
PB316L-CX600T1-1/2S1,"1""",600,316L,"1-1/2""",1.5,7.4,4.3,6.02,79,87
PBAL6061-CX600T1-1/2S1,"1""",600,AL-6061,"1-1/2""",1.5,5,1.43,2,45,50
PB304-CX600T1-5/8S1,"1""",600,304,"1-5/8""",1.625,5.5,4.6,6.44,70,77
PBSA36-CX600T1-5/8S1,"1""",600,SA-36,"1-5/8""",1.625,1.85,4.41,6.17,46,51
PBSA516-70-CX600T1-5/8S1,"1""",600,SA-516-70,"1-5/8""",1.625,2.15,4.41,6.17,48,53
PB304L-CX600T1-5/8S1,"1""",600,304L,"1-5/8""",1.625,5.95,4.6,6.44,73,81
PB316L-CX600T1-5/8S1,"1""",600,316L,"1-5/8""",1.625,7.4,4.66,6.52,83,92
PBAL6061-CX600T1-5/8S1,"1""",600,AL-6061,"1-5/8""",1.625,5,1.55,2.17,46,51
PB304-CX600T1-3/4S1,"1""",600,304,"1-3/4""",1.75,5.5,4.96,6.94,73,81
PBSA36-CX600T1-3/4S1,"1""",600,SA-36,"1-3/4""",1.75,1.85,4.75,6.65,47,52
PBSA516-70-CX600T1-3/4S1,"1""",600,SA-516-70,"1-3/4""",1.75,2.15,4.75,6.65,49,54
PB304L-CX600T1-3/4S1,"1""",600,304L,"1-3/4""",1.75,5.95,4.96,6.94,76,84
PB316L-CX600T1-3/4S1,"1""",600,316L,"1-3/4""",1.75,7.4,5.02,7.03,87,96
PBAL6061-CX600T1-3/4S1,"1""",600,AL-6061,"1-3/4""",1.75,5,1.67,2.34,47,52
PB304-CX600T1-7/8S1,"1""",600,304,"1-7/8""",1.875,5.5,5.31,7.43,76,84
PBSA36-CX600T1-7/8S1,"1""",600,SA-36,"1-7/8""",1.875,1.85,5.09,7.13,48,53
PBSA516-70-CX600T1-7/8S1,"1""",600,SA-516-70,"1-7/8""",1.875,2.15,5.09,7.13,50,56
PB304L-CX600T1-7/8S1,"1""",600,304L,"1-7/8""",1.875,5.95,5.31,7.43,79,87
PB316L-CX600T1-7/8S1,"1""",600,316L,"1-7/8""",1.875,7.4,5.37,7.52,90,100
PBAL6061-CX600T1-7/8S1,"1""",600,AL-6061,"1-7/8""",1.875,5,1.79,2.51,47,52
PB304-CX600T2S1,"1""",600,304,"2""",2,5.5,5.67,7.94,79,87
PBSA36-CX600T2S1,"1""",600,SA-36,"2""",2,1.85,5.43,7.6,49,54
PBSA516-70-CX600T2S1,"1""",600,SA-516-70,"2""",2,2.15,5.43,7.6,51,57
PB304L-CX600T2S1,"1""",600,304L,"2""",2,5.95,5.67,7.94,82,91
PB316L-CX600T2S1,"1""",600,316L,"2""",2,7.4,5.73,8.02,94,104
PBAL6061-CX600T2S1,"1""",600,AL-6061,"2""",2,5,1.91,2.67,48,53
PB304-CX600T2-1/4S1,"1""",600,304,"2-1/4""",2.25,5.5,6.38,8.93,84,93
PBSA36-CX600T2-1/4S1,"1""",600,SA-36,"2-1/4""",2.25,1.85,6.1,8.54,51,57
PBSA516-70-CX600T2-1/4S1,"1""",600,SA-516-70,"2-1/4""",2.25,2.15,6.1,8.54,53,59
PB304L-CX600T2-1/4S1,"1""",600,304L,"2-1/4""",2.25,5.95,6.38,8.93,88,97
PB316L-CX600T2-1/4S1,"1""",600,316L,"2-1/4""",2.25,7.4,6.45,9.03,102,113
PBAL6061-CX600T2-1/4S1,"1""",600,AL-6061,"2-1/4""",2.25,5,2.15,3.01,50,56
PB304-CX600T2-1/2S1,"1""",600,304,"2-1/2""",2.5,5.5,7.08,9.91,89,98
PBSA36-CX600T2-1/2S1,"1""",600,SA-36,"2-1/2""",2.5,1.85,6.78,9.49,52,58
PBSA516-70-CX600T2-1/2S1,"1""",600,SA-516-70,"2-1/2""",2.5,2.15,6.78,9.49,55,61
PB304L-CX600T2-1/2S1,"1""",600,304L,"2-1/2""",2.5,5.95,7.08,9.91,94,104
PB316L-CX600T2-1/2S1,"1""",600,316L,"2-1/2""",2.5,7.4,7.17,10.04,109,120
PBAL6061-CX600T2-1/2S1,"1""",600,AL-6061,"2-1/2""",2.5,5,2.39,3.35,52,58
PB304-CX600T3S1,"1""",600,304,"3""",3,5.5,8.5,11.9,100,111
PBSA36-CX600T3S1,"1""",600,SA-36,"3""",3,1.85,8.14,11.4,56,62
PBSA516-70-CX600T3S1,"1""",600,SA-516-70,"3""",3,2.15,8.14,11.4,59,65
PB304L-CX600T3S1,"1""",600,304L,"3""",3,5.95,8.5,11.9,106,117
PB316L-CX600T3S1,"1""",600,316L,"3""",3,7.4,8.6,12.04,124,137
PBAL6061-CX600T3S1,"1""",600,AL-6061,"3""",3,5,2.87,4.02,55,61
PB304-CX600T11GAS1-1/4,"1-1/4""",600,304,11 Gauge,0.1196,5.5,0.41,0.57,38,42
PBSA36-CX600T11GAS1-1/4,"1-1/4""",600,SA-36,11 Gauge,0.1196,1.85,0.39,0.55,36,40
PBSA516-70-CX600T11GAS1-1/4,"1-1/4""",600,SA-516-70,11 Gauge,0.1196,2.15,0.39,0.55,36,40
PB304L-CX600T11GAS1-1/4,"1-1/4""",600,304L,11 Gauge,0.1196,5.95,0.41,0.57,38,42
PB316L-CX600T11GAS1-1/4,"1-1/4""",600,316L,11 Gauge,0.1196,7.4,0.41,0.57,39,43
PBAL6061-CX600T11GAS1-1/4,"1-1/4""",600,AL-6061,11 Gauge,0.1196,5,0.14,0.2,36,40
PB304-CX600T1/8S1-1/4,"1-1/4""",600,304,"1/8""",0.125,5.5,0.43,0.6,38,42
PBSA36-CX600T1/8S1-1/4,"1-1/4""",600,SA-36,"1/8""",0.125,1.85,0.41,0.57,36,40
PBSA516-70-CX600T1/8S1-1/4,"1-1/4""",600,SA-516-70,"1/8""",0.125,2.15,0.41,0.57,36,40
PB304L-CX600T1/8S1-1/4,"1-1/4""",600,304L,"1/8""",0.125,5.95,0.43,0.6,38,42
PB316L-CX600T1/8S1-1/4,"1-1/4""",600,316L,"1/8""",0.125,7.4,0.43,0.6,39,43
PBAL6061-CX600T1/8S1-1/4,"1-1/4""",600,AL-6061,"1/8""",0.125,5,0.14,0.2,36,40
PB304-CX600T3/16S1-1/4,"1-1/4""",600,304,"3/16""",0.1875,5.5,0.64,0.9,40,44
PBSA36-CX600T3/16S1-1/4,"1-1/4""",600,SA-36,"3/16""",0.1875,1.85,0.61,0.85,36,40
PBSA516-70-CX600T3/16S1-1/4,"1-1/4""",600,SA-516-70,"3/16""",0.1875,2.15,0.61,0.85,37,41
PB304L-CX600T3/16S1-1/4,"1-1/4""",600,304L,"3/16""",0.1875,5.95,0.64,0.9,40,44
PB316L-CX600T3/16S1-1/4,"1-1/4""",600,316L,"3/16""",0.1875,7.4,0.65,0.91,42,47
PBAL6061-CX600T3/16S1-1/4,"1-1/4""",600,AL-6061,"3/16""",0.1875,5,0.22,0.31,36,40
PB304-CX600T1/4S1-1/4,"1-1/4""",600,304,"1/4""",0.25,5.5,0.85,1.19,41,46
PBSA36-CX600T1/4S1-1/4,"1-1/4""",600,SA-36,"1/4""",0.25,1.85,0.81,1.13,37,41
PBSA516-70-CX600T1/4S1-1/4,"1-1/4""",600,SA-516-70,"1/4""",0.25,2.15,0.81,1.13,37,41
PB304L-CX600T1/4S1-1/4,"1-1/4""",600,304L,"1/4""",0.25,5.95,0.85,1.19,42,47
PB316L-CX600T1/4S1-1/4,"1-1/4""",600,316L,"1/4""",0.25,7.4,0.86,1.2,44,49
PBAL6061-CX600T1/4S1-1/4,"1-1/4""",600,AL-6061,"1/4""",0.25,5,0.29,0.41,37,41
PB304-CX600T5/16S1-1/4,"1-1/4""",600,304,"5/16""",0.3125,5.5,1.06,1.48,43,48
PBSA36-CX600T5/16S1-1/4,"1-1/4""",600,SA-36,"5/16""",0.3125,1.85,1.02,1.43,37,41
PBSA516-70-CX600T5/16S1-1/4,"1-1/4""",600,SA-516-70,"5/16""",0.3125,2.15,1.02,1.43,38,42
PB304L-CX600T5/16S1-1/4,"1-1/4""",600,304L,"5/16""",0.3125,5.95,1.06,1.48,44,49
PB316L-CX600T5/16S1-1/4,"1-1/4""",600,316L,"5/16""",0.3125,7.4,1.08,1.51,46,51
PBAL6061-CX600T5/16S1-1/4,"1-1/4""",600,AL-6061,"5/16""",0.3125,5,0.36,0.5,37,41
PB304-CX600T3/8S1-1/4,"1-1/4""",600,304,"3/8""",0.375,5.5,1.28,1.79,45,50
PBSA36-CX600T3/8S1-1/4,"1-1/4""",600,SA-36,"3/8""",0.375,1.85,1.22,1.71,38,42
PBSA516-70-CX600T3/8S1-1/4,"1-1/4""",600,SA-516-70,"3/8""",0.375,2.15,1.22,1.71,39,43
PB304L-CX600T3/8S1-1/4,"1-1/4""",600,304L,"3/8""",0.375,5.95,1.28,1.79,45,50
PB316L-CX600T3/8S1-1/4,"1-1/4""",600,316L,"3/8""",0.375,7.4,1.29,1.81,48,53
PBAL6061-CX600T3/8S1-1/4,"1-1/4""",600,AL-6061,"3/8""",0.375,5,0.43,0.6,38,42
PB304-CX600T1/2S1-1/4,"1-1/4""",600,304,"1/2""",0.5,5.5,1.7,2.38,48,53
PBSA36-CX600T1/2S1-1/4,"1-1/4""",600,SA-36,"1/2""",0.5,1.85,1.63,2.28,39,43
PBSA516-70-CX600T1/2S1-1/4,"1-1/4""",600,SA-516-70,"1/2""",0.5,2.15,1.63,2.28,40,44
PB304L-CX600T1/2S1-1/4,"1-1/4""",600,304L,"1/2""",0.5,5.95,1.7,2.38,49,54
PB316L-CX600T1/2S1-1/4,"1-1/4""",600,316L,"1/2""",0.5,7.4,1.72,2.41,53,59
PBAL6061-CX600T1/2S1-1/4,"1-1/4""",600,AL-6061,"1/2""",0.5,5,0.57,0.8,39,43
PB304-CX600T5/8S1-1/4,"1-1/4""",600,304,"5/8""",0.625,5.5,2.13,2.98,51,57
PBSA36-CX600T5/8S1-1/4,"1-1/4""",600,SA-36,"5/8""",0.625,1.85,2.04,2.86,40,44
PBSA516-70-CX600T5/8S1-1/4,"1-1/4""",600,SA-516-70,"5/8""",0.625,2.15,2.04,2.86,41,46
PB304L-CX600T5/8S1-1/4,"1-1/4""",600,304L,"5/8""",0.625,5.95,2.13,2.98,53,59
PB316L-CX600T5/8S1-1/4,"1-1/4""",600,316L,"5/8""",0.625,7.4,2.15,3.01,57,63
PBAL6061-CX600T5/8S1-1/4,"1-1/4""",600,AL-6061,"5/8""",0.625,5,0.72,1.01,40,44
PB304-CX600T3/4S1-1/4,"1-1/4""",600,304,"3/4""",0.75,5.5,2.55,3.57,54,60
PBSA36-CX600T3/4S1-1/4,"1-1/4""",600,SA-36,"3/4""",0.75,1.85,2.44,3.42,41,46
PBSA516-70-CX600T3/4S1-1/4,"1-1/4""",600,SA-516-70,"3/4""",0.75,2.15,2.44,3.42,42,47
PB304L-CX600T3/4S1-1/4,"1-1/4""",600,304L,"3/4""",0.75,5.95,2.55,3.57,56,62
PB316L-CX600T3/4S1-1/4,"1-1/4""",600,316L,"3/4""",0.75,7.4,2.58,3.61,62,69
PBAL6061-CX600T3/4S1-1/4,"1-1/4""",600,AL-6061,"3/4""",0.75,5,0.86,1.2,41,46
PB304-CX600T7/8S1-1/4,"1-1/4""",600,304,"7/8""",0.875,5.5,2.98,4.17,58,64
PBSA36-CX600T7/8S1-1/4,"1-1/4""",600,SA-36,"7/8""",0.875,1.85,2.85,3.99,42,47
PBSA516-70-CX600T7/8S1-1/4,"1-1/4""",600,SA-516-70,"7/8""",0.875,2.15,2.85,3.99,43,48
PB304L-CX600T7/8S1-1/4,"1-1/4""",600,304L,"7/8""",0.875,5.95,2.98,4.17,60,66
PB316L-CX600T7/8S1-1/4,"1-1/4""",600,316L,"7/8""",0.875,7.4,3.01,4.21,66,73
PBAL6061-CX600T7/8S1-1/4,"1-1/4""",600,AL-6061,"7/8""",0.875,5,1,1.4,42,47
PB304-CX600T1S1-1/4,"1-1/4""",600,304,"1""",1,5.5,3.4,4.76,61,68
PBSA36-CX600T1S1-1/4,"1-1/4""",600,SA-36,"1""",1,1.85,3.26,4.56,43,48
PBSA516-70-CX600T1S1-1/4,"1-1/4""",600,SA-516-70,"1""",1,2.15,3.26,4.56,45,50
PB304L-CX600T1S1-1/4,"1-1/4""",600,304L,"1""",1,5.95,3.4,4.76,63,70
PB316L-CX600T1S1-1/4,"1-1/4""",600,316L,"1""",1,7.4,3.44,4.82,71,79
PBAL6061-CX600T1S1-1/4,"1-1/4""",600,AL-6061,"1""",1,5,1.15,1.61,43,48
PB304-CX600T1-1/8S1-1/4,"1-1/4""",600,304,"1-1/8""",1.125,5.5,3.83,5.36,64,71
PBSA36-CX600T1-1/8S1-1/4,"1-1/4""",600,SA-36,"1-1/8""",1.125,1.85,3.67,5.14,44,49
PBSA516-70-CX600T1-1/8S1-1/4,"1-1/4""",600,SA-516-70,"1-1/8""",1.125,2.15,3.67,5.14,46,51
PB304L-CX600T1-1/8S1-1/4,"1-1/4""",600,304L,"1-1/8""",1.125,5.95,3.83,5.36,67,74
PB316L-CX600T1-1/8S1-1/4,"1-1/4""",600,316L,"1-1/8""",1.125,7.4,3.87,5.42,75,83
PBAL6061-CX600T1-1/8S1-1/4,"1-1/4""",600,AL-6061,"1-1/8""",1.125,5,1.29,1.81,44,49
PB304-CX600T1-1/4S1-1/4,"1-1/4""",600,304,"1-1/4""",1.25,5.5,4.25,5.95,68,75
PBSA36-CX600T1-1/4S1-1/4,"1-1/4""",600,SA-36,"1-1/4""",1.25,1.85,4.07,5.7,45,50
PBSA516-70-CX600T1-1/4S1-1/4,"1-1/4""",600,SA-516-70,"1-1/4""",1.25,2.15,4.07,5.7,47,52
PB304L-CX600T1-1/4S1-1/4,"1-1/4""",600,304L,"1-1/4""",1.25,5.95,4.25,5.95,70,77
PB316L-CX600T1-1/4S1-1/4,"1-1/4""",600,316L,"1-1/4""",1.25,7.4,4.3,6.02,79,87
PBAL6061-CX600T1-1/4S1-1/4,"1-1/4""",600,AL-6061,"1-1/4""",1.25,5,1.43,2,45,50
PB304-CX600T1-3/8S1-1/4,"1-1/4""",600,304,"1-3/8""",1.375,5.5,4.68,6.55,71,79
PBSA36-CX600T1-3/8S1-1/4,"1-1/4""",600,SA-36,"1-3/8""",1.375,1.85,4.48,6.27,46,51
PBSA516-70-CX600T1-3/8S1-1/4,"1-1/4""",600,SA-516-70,"1-3/8""",1.375,2.15,4.48,6.27,48,53
PB304L-CX600T1-3/8S1-1/4,"1-1/4""",600,304L,"1-3/8""",1.375,5.95,4.68,6.55,74,82
PB316L-CX600T1-3/8S1-1/4,"1-1/4""",600,316L,"1-3/8""",1.375,7.4,4.73,6.62,84,93
PBAL6061-CX600T1-3/8S1-1/4,"1-1/4""",600,AL-6061,"1-3/8""",1.375,5,1.58,2.21,46,51
PB304-CX600T1-1/2S1-1/4,"1-1/4""",600,304,"1-1/2""",1.5,5.5,5.11,7.15,74,82
PBSA36-CX600T1-1/2S1-1/4,"1-1/4""",600,SA-36,"1-1/2""",1.5,1.85,4.89,6.85,48,53
PBSA516-70-CX600T1-1/2S1-1/4,"1-1/4""",600,SA-516-70,"1-1/2""",1.5,2.15,4.89,6.85,50,56
PB304L-CX600T1-1/2S1-1/4,"1-1/4""",600,304L,"1-1/2""",1.5,5.95,5.11,7.15,77,85
PB316L-CX600T1-1/2S1-1/4,"1-1/4""",600,316L,"1-1/2""",1.5,7.4,5.16,7.22,88,97
PBAL6061-CX600T1-1/2S1-1/4,"1-1/4""",600,AL-6061,"1-1/2""",1.5,5,1.72,2.41,47,52
PB304-CX600T1-5/8S1-1/4,"1-1/4""",600,304,"1-5/8""",1.625,5.5,5.53,7.74,77,85
PBSA36-CX600T1-5/8S1-1/4,"1-1/4""",600,SA-36,"1-5/8""",1.625,1.85,5.29,7.41,49,54
PBSA516-70-CX600T1-5/8S1-1/4,"1-1/4""",600,SA-516-70,"1-5/8""",1.625,2.15,5.29,7.41,51,57
PB304L-CX600T1-5/8S1-1/4,"1-1/4""",600,304L,"1-5/8""",1.625,5.95,5.53,7.74,81,90
PB316L-CX600T1-5/8S1-1/4,"1-1/4""",600,316L,"1-5/8""",1.625,7.4,5.59,7.83,93,103
PBAL6061-CX600T1-5/8S1-1/4,"1-1/4""",600,AL-6061,"1-5/8""",1.625,5,1.87,2.62,48,53
PB304-CX600T1-3/4S1-1/4,"1-1/4""",600,304,"1-3/4""",1.75,5.5,5.96,8.34,81,90
PBSA36-CX600T1-3/4S1-1/4,"1-1/4""",600,SA-36,"1-3/4""",1.75,1.85,5.7,7.98,50,56
PBSA516-70-CX600T1-3/4S1-1/4,"1-1/4""",600,SA-516-70,"1-3/4""",1.75,2.15,5.7,7.98,52,58
PB304L-CX600T1-3/4S1-1/4,"1-1/4""",600,304L,"1-3/4""",1.75,5.95,5.96,8.34,84,93
PB316L-CX600T1-3/4S1-1/4,"1-1/4""",600,316L,"1-3/4""",1.75,7.4,6.02,8.43,97,107
PBAL6061-CX600T1-3/4S1-1/4,"1-1/4""",600,AL-6061,"1-3/4""",1.75,5,2.01,2.81,49,54
PB304-CX600T1-7/8S1-1/4,"1-1/4""",600,304,"1-7/8""",1.875,5.5,6.38,8.93,84,93
PBSA36-CX600T1-7/8S1-1/4,"1-1/4""",600,SA-36,"1-7/8""",1.875,1.85,6.11,8.55,51,57
PBSA516-70-CX600T1-7/8S1-1/4,"1-1/4""",600,SA-516-70,"1-7/8""",1.875,2.15,6.11,8.55,53,59
PB304L-CX600T1-7/8S1-1/4,"1-1/4""",600,304L,"1-7/8""",1.875,5.95,6.38,8.93,88,97
PB316L-CX600T1-7/8S1-1/4,"1-1/4""",600,316L,"1-7/8""",1.875,7.4,6.45,9.03,102,113
PBAL6061-CX600T1-7/8S1-1/4,"1-1/4""",600,AL-6061,"1-7/8""",1.875,5,2.15,3.01,50,56
PB304-CX600T2S1-1/4,"1-1/4""",600,304,"2""",2,5.5,6.81,9.53,87,96
PBSA36-CX600T2S1-1/4,"1-1/4""",600,SA-36,"2""",2,1.85,6.52,9.13,52,58
PBSA516-70-CX600T2S1-1/4,"1-1/4""",600,SA-516-70,"2""",2,2.15,6.52,9.13,54,60
PB304L-CX600T2S1-1/4,"1-1/4""",600,304L,"2""",2,5.95,6.81,9.53,92,102
PB316L-CX600T2S1-1/4,"1-1/4""",600,316L,"2""",2,7.4,6.88,9.63,106,117
PBAL6061-CX600T2S1-1/4,"1-1/4""",600,AL-6061,"2""",2,5,2.3,3.22,51,57
PB304-CX600T2-1/4S1-1/4,"1-1/4""",600,304,"2-1/4""",2.25,5.5,7.66,10.72,94,104
PBSA36-CX600T2-1/4S1-1/4,"1-1/4""",600,SA-36,"2-1/4""",2.25,1.85,7.33,10.26,54,60
PBSA516-70-CX600T2-1/4S1-1/4,"1-1/4""",600,SA-516-70,"2-1/4""",2.25,2.15,7.33,10.26,57,63
PB304L-CX600T2-1/4S1-1/4,"1-1/4""",600,304L,"2-1/4""",2.25,5.95,7.66,10.72,99,109
PB316L-CX600T2-1/4S1-1/4,"1-1/4""",600,316L,"2-1/4""",2.25,7.4,7.75,10.85,115,127
PBAL6061-CX600T2-1/4S1-1/4,"1-1/4""",600,AL-6061,"2-1/4""",2.25,5,2.58,3.61,53,59
PB304-CX600T2-1/2S1-1/4,"1-1/4""",600,304,"2-1/2""",2.5,5.5,8.51,11.91,100,111
PBSA36-CX600T2-1/2S1-1/4,"1-1/4""",600,SA-36,"2-1/2""",2.5,1.85,8.14,11.4,56,62
PBSA516-70-CX600T2-1/2S1-1/4,"1-1/4""",600,SA-516-70,"2-1/2""",2.5,2.15,8.14,11.4,59,65
PB304L-CX600T2-1/2S1-1/4,"1-1/4""",600,304L,"2-1/2""",2.5,5.95,8.51,11.91,106,117
PB316L-CX600T2-1/2S1-1/4,"1-1/4""",600,316L,"2-1/2""",2.5,7.4,8.61,12.05,124,137
PBAL6061-CX600T2-1/2S1-1/4,"1-1/4""",600,AL-6061,"2-1/2""",2.5,5,2.87,4.02,55,61
PB304-CX600T3S1-1/4,"1-1/4""",600,304,"3""",3,5.5,10.21,14.29,113,125
PBSA36-CX600T3S1-1/4,"1-1/4""",600,SA-36,"3""",3,1.85,9.77,13.68,60,66
PBSA516-70-CX600T3S1-1/4,"1-1/4""",600,SA-516-70,"3""",3,2.15,9.77,13.68,64,71
PB304L-CX600T3S1-1/4,"1-1/4""",600,304L,"3""",3,5.95,10.21,14.29,120,132
PB316L-CX600T3S1-1/4,"1-1/4""",600,316L,"3""",3,7.4,10.33,14.46,142,157
PBAL6061-CX600T3S1-1/4,"1-1/4""",600,AL-6061,"3""",3,5,3.44,4.82,59,65
PB304-CX600T11GAS1-1/2,"1-1/2""",600,304,11 Gauge,0.1196,5.5,0.51,0.71,39,43
PBSA36-CX600T11GAS1-1/2,"1-1/2""",600,SA-36,11 Gauge,0.1196,1.85,0.49,0.69,36,40
PBSA516-70-CX600T11GAS1-1/2,"1-1/2""",600,SA-516-70,11 Gauge,0.1196,2.15,0.49,0.69,36,40
PB304L-CX600T11GAS1-1/2,"1-1/2""",600,304L,11 Gauge,0.1196,5.95,0.51,0.71,39,43
PB316L-CX600T11GAS1-1/2,"1-1/2""",600,316L,11 Gauge,0.1196,7.4,0.52,0.73,40,44
PBAL6061-CX600T11GAS1-1/2,"1-1/2""",600,AL-6061,11 Gauge,0.1196,5,0.17,0.24,36,40
PB304-CX600T1/8S1-1/2,"1-1/2""",600,304,"1/8""",0.125,5.5,0.54,0.76,39,43
PBSA36-CX600T1/8S1-1/2,"1-1/2""",600,SA-36,"1/8""",0.125,1.85,0.51,0.71,36,40
PBSA516-70-CX600T1/8S1-1/2,"1-1/2""",600,SA-516-70,"1/8""",0.125,2.15,0.51,0.71,36,40
PB304L-CX600T1/8S1-1/2,"1-1/2""",600,304L,"1/8""",0.125,5.95,0.54,0.76,39,43
PB316L-CX600T1/8S1-1/2,"1-1/2""",600,316L,"1/8""",0.125,7.4,0.54,0.76,40,44
PBAL6061-CX600T1/8S1-1/2,"1-1/2""",600,AL-6061,"1/8""",0.125,5,0.18,0.25,36,40
PB304-CX600T3/16S1-1/2,"1-1/2""",600,304,"3/16""",0.1875,5.5,0.81,1.13,41,46
PBSA36-CX600T3/16S1-1/2,"1-1/2""",600,SA-36,"3/16""",0.1875,1.85,0.77,1.08,37,41
PBSA516-70-CX600T3/16S1-1/2,"1-1/2""",600,SA-516-70,"3/16""",0.1875,2.15,0.77,1.08,37,41
PB304L-CX600T3/16S1-1/2,"1-1/2""",600,304L,"3/16""",0.1875,5.95,0.81,1.13,42,47
PB316L-CX600T3/16S1-1/2,"1-1/2""",600,316L,"3/16""",0.1875,7.4,0.82,1.15,43,48
PBAL6061-CX600T3/16S1-1/2,"1-1/2""",600,AL-6061,"3/16""",0.1875,5,0.27,0.38,37,41
PB304-CX600T1/4S1-1/2,"1-1/2""",600,304,"1/4""",0.25,5.5,1.07,1.5,43,48
PBSA36-CX600T1/4S1-1/2,"1-1/2""",600,SA-36,"1/4""",0.25,1.85,1.03,1.44,38,42
PBSA516-70-CX600T1/4S1-1/2,"1-1/2""",600,SA-516-70,"1/4""",0.25,2.15,1.03,1.44,38,42
PB304L-CX600T1/4S1-1/2,"1-1/2""",600,304L,"1/4""",0.25,5.95,1.07,1.5,44,49
PB316L-CX600T1/4S1-1/2,"1-1/2""",600,316L,"1/4""",0.25,7.4,1.09,1.53,46,51
PBAL6061-CX600T1/4S1-1/2,"1-1/2""",600,AL-6061,"1/4""",0.25,5,0.36,0.5,37,41
PB304-CX600T5/16S1-1/2,"1-1/2""",600,304,"5/16""",0.3125,5.5,1.34,1.88,45,50
PBSA36-CX600T5/16S1-1/2,"1-1/2""",600,SA-36,"5/16""",0.3125,1.85,1.29,1.81,38,42
PBSA516-70-CX600T5/16S1-1/2,"1-1/2""",600,SA-516-70,"5/16""",0.3125,2.15,1.29,1.81,39,43
PB304L-CX600T5/16S1-1/2,"1-1/2""",600,304L,"5/16""",0.3125,5.95,1.34,1.88,46,51
PB316L-CX600T5/16S1-1/2,"1-1/2""",600,316L,"5/16""",0.3125,7.4,1.36,1.9,49,54
PBAL6061-CX600T5/16S1-1/2,"1-1/2""",600,AL-6061,"5/16""",0.3125,5,0.45,0.63,38,42
PB304-CX600T3/8S1-1/2,"1-1/2""",600,304,"3/8""",0.375,5.5,1.61,2.25,47,52
PBSA36-CX600T3/8S1-1/2,"1-1/2""",600,SA-36,"3/8""",0.375,1.85,1.54,2.16,39,43
PBSA516-70-CX600T3/8S1-1/2,"1-1/2""",600,SA-516-70,"3/8""",0.375,2.15,1.54,2.16,39,43
PB304L-CX600T3/8S1-1/2,"1-1/2""",600,304L,"3/8""",0.375,5.95,1.61,2.25,48,53
PB316L-CX600T3/8S1-1/2,"1-1/2""",600,316L,"3/8""",0.375,7.4,1.63,2.28,52,58
PBAL6061-CX600T3/8S1-1/2,"1-1/2""",600,AL-6061,"3/8""",0.375,5,0.54,0.76,39,43
PB304-CX600T1/2S1-1/2,"1-1/2""",600,304,"1/2""",0.5,5.5,2.15,3.01,51,57
PBSA36-CX600T1/2S1-1/2,"1-1/2""",600,SA-36,"1/2""",0.5,1.85,2.06,2.88,40,44
PBSA516-70-CX600T1/2S1-1/2,"1-1/2""",600,SA-516-70,"1/2""",0.5,2.15,2.06,2.88,41,46
PB304L-CX600T1/2S1-1/2,"1-1/2""",600,304L,"1/2""",0.5,5.95,2.15,3.01,53,59
PB316L-CX600T1/2S1-1/2,"1-1/2""",600,316L,"1/2""",0.5,7.4,2.17,3.04,57,63
PBAL6061-CX600T1/2S1-1/2,"1-1/2""",600,AL-6061,"1/2""",0.5,5,0.72,1.01,40,44
PB304-CX600T5/8S1-1/2,"1-1/2""",600,304,"5/8""",0.625,5.5,2.69,3.77,56,62
PBSA36-CX600T5/8S1-1/2,"1-1/2""",600,SA-36,"5/8""",0.625,1.85,2.57,3.6,42,47
PBSA516-70-CX600T5/8S1-1/2,"1-1/2""",600,SA-516-70,"5/8""",0.625,2.15,2.57,3.6,43,48
PB304L-CX600T5/8S1-1/2,"1-1/2""",600,304L,"5/8""",0.625,5.95,2.69,3.77,57,63
PB316L-CX600T5/8S1-1/2,"1-1/2""",600,316L,"5/8""",0.625,7.4,2.72,3.81,63,70
PBAL6061-CX600T5/8S1-1/2,"1-1/2""",600,AL-6061,"5/8""",0.625,5,0.91,1.27,41,46
PB304-CX600T3/4S1-1/2,"1-1/2""",600,304,"3/4""",0.75,5.5,3.22,4.51,60,66
PBSA36-CX600T3/4S1-1/2,"1-1/2""",600,SA-36,"3/4""",0.75,1.85,3.09,4.33,43,48
PBSA516-70-CX600T3/4S1-1/2,"1-1/2""",600,SA-516-70,"3/4""",0.75,2.15,3.09,4.33,44,49
PB304L-CX600T3/4S1-1/2,"1-1/2""",600,304L,"3/4""",0.75,5.95,3.22,4.51,62,69
PB316L-CX600T3/4S1-1/2,"1-1/2""",600,316L,"3/4""",0.75,7.4,3.26,4.56,69,76
PBAL6061-CX600T3/4S1-1/2,"1-1/2""",600,AL-6061,"3/4""",0.75,5,1.09,1.53,42,47
PB304-CX600T7/8S1-1/2,"1-1/2""",600,304,"7/8""",0.875,5.5,3.76,5.26,64,71
PBSA36-CX600T7/8S1-1/2,"1-1/2""",600,SA-36,"7/8""",0.875,1.85,3.6,5.04,44,49
PBSA516-70-CX600T7/8S1-1/2,"1-1/2""",600,SA-516-70,"7/8""",0.875,2.15,3.6,5.04,46,51
PB304L-CX600T7/8S1-1/2,"1-1/2""",600,304L,"7/8""",0.875,5.95,3.76,5.26,66,73
PB316L-CX600T7/8S1-1/2,"1-1/2""",600,316L,"7/8""",0.875,7.4,3.8,5.32,74,82
PBAL6061-CX600T7/8S1-1/2,"1-1/2""",600,AL-6061,"7/8""",0.875,5,1.27,1.78,44,49
PB304-CX600T1S1-1/2,"1-1/2""",600,304,"1""",1,5.5,4.3,6.02,68,75
PBSA36-CX600T1S1-1/2,"1-1/2""",600,SA-36,"1""",1,1.85,4.11,5.75,45,50
PBSA516-70-CX600T1S1-1/2,"1-1/2""",600,SA-516-70,"1""",1,2.15,4.11,5.75,47,52
PB304L-CX600T1S1-1/2,"1-1/2""",600,304L,"1""",1,5.95,4.3,6.02,71,79
PB316L-CX600T1S1-1/2,"1-1/2""",600,316L,"1""",1,7.4,4.35,6.09,80,88
PBAL6061-CX600T1S1-1/2,"1-1/2""",600,AL-6061,"1""",1,5,1.45,2.03,45,50
PB304-CX600T1-1/8S1-1/2,"1-1/2""",600,304,"1-1/8""",1.125,5.5,4.84,6.78,72,80
PBSA36-CX600T1-1/8S1-1/2,"1-1/2""",600,SA-36,"1-1/8""",1.125,1.85,4.63,6.48,47,52
PBSA516-70-CX600T1-1/8S1-1/2,"1-1/2""",600,SA-516-70,"1-1/8""",1.125,2.15,4.63,6.48,49,54
PB304L-CX600T1-1/8S1-1/2,"1-1/2""",600,304L,"1-1/8""",1.125,5.95,4.84,6.78,75,83
PB316L-CX600T1-1/8S1-1/2,"1-1/2""",600,316L,"1-1/8""",1.125,7.4,4.89,6.85,86,95
PBAL6061-CX600T1-1/8S1-1/2,"1-1/2""",600,AL-6061,"1-1/8""",1.125,5,1.63,2.28,46,51
PB304-CX600T1-1/4S1-1/2,"1-1/2""",600,304,"1-1/4""",1.25,5.5,5.37,7.52,76,84
PBSA36-CX600T1-1/4S1-1/2,"1-1/2""",600,SA-36,"1-1/4""",1.25,1.85,5.14,7.2,48,53
PBSA516-70-CX600T1-1/4S1-1/2,"1-1/2""",600,SA-516-70,"1-1/4""",1.25,2.15,5.14,7.2,50,56
PB304L-CX600T1-1/4S1-1/2,"1-1/2""",600,304L,"1-1/4""",1.25,5.95,5.37,7.52,80,88
PB316L-CX600T1-1/4S1-1/2,"1-1/2""",600,316L,"1-1/4""",1.25,7.4,5.43,7.6,91,101
PBAL6061-CX600T1-1/4S1-1/2,"1-1/2""",600,AL-6061,"1-1/4""",1.25,5,1.81,2.53,47,52
PB304-CX600T1-3/8S1-1/2,"1-1/2""",600,304,"1-3/8""",1.375,5.5,5.91,8.27,80,88
PBSA36-CX600T1-3/8S1-1/2,"1-1/2""",600,SA-36,"1-3/8""",1.375,1.85,5.66,7.92,49,54
PBSA516-70-CX600T1-3/8S1-1/2,"1-1/2""",600,SA-516-70,"1-3/8""",1.375,2.15,5.66,7.92,52,58
PB304L-CX600T1-3/8S1-1/2,"1-1/2""",600,304L,"1-3/8""",1.375,5.95,5.91,8.27,84,93
PB316L-CX600T1-3/8S1-1/2,"1-1/2""",600,316L,"1-3/8""",1.375,7.4,5.98,8.37,97,107
PBAL6061-CX600T1-3/8S1-1/2,"1-1/2""",600,AL-6061,"1-3/8""",1.375,5,1.99,2.79,49,54
PB304-CX600T1-1/2S1-1/2,"1-1/2""",600,304,"1-1/2""",1.5,5.5,6.45,9.03,85,94
PBSA36-CX600T1-1/2S1-1/2,"1-1/2""",600,SA-36,"1-1/2""",1.5,1.85,6.17,8.64,51,57
PBSA516-70-CX600T1-1/2S1-1/2,"1-1/2""",600,SA-516-70,"1-1/2""",1.5,2.15,6.17,8.64,53,59
PB304L-CX600T1-1/2S1-1/2,"1-1/2""",600,304L,"1-1/2""",1.5,5.95,6.45,9.03,89,98
PB316L-CX600T1-1/2S1-1/2,"1-1/2""",600,316L,"1-1/2""",1.5,7.4,6.52,9.13,102,113
PBAL6061-CX600T1-1/2S1-1/2,"1-1/2""",600,AL-6061,"1-1/2""",1.5,5,2.17,3.04,50,56
PB304-CX600T1-5/8S1-1/2,"1-1/2""",600,304,"1-5/8""",1.625,5.5,6.99,9.79,89,98
PBSA36-CX600T1-5/8S1-1/2,"1-1/2""",600,SA-36,"1-5/8""",1.625,1.85,6.69,9.37,52,58
PBSA516-70-CX600T1-5/8S1-1/2,"1-1/2""",600,SA-516-70,"1-5/8""",1.625,2.15,6.69,9.37,55,61
PB304L-CX600T1-5/8S1-1/2,"1-1/2""",600,304L,"1-5/8""",1.625,5.95,6.99,9.79,93,103
PB316L-CX600T1-5/8S1-1/2,"1-1/2""",600,316L,"1-5/8""",1.625,7.4,7.06,9.88,108,119
PBAL6061-CX600T1-5/8S1-1/2,"1-1/2""",600,AL-6061,"1-5/8""",1.625,5,2.36,3.3,51,57
PB304-CX600T1-3/4S1-1/2,"1-1/2""",600,304,"1-3/4""",1.75,5.5,7.52,10.53,93,103
PBSA36-CX600T1-3/4S1-1/2,"1-1/2""",600,SA-36,"1-3/4""",1.75,1.85,7.2,10.08,53,59
PBSA516-70-CX600T1-3/4S1-1/2,"1-1/2""",600,SA-516-70,"1-3/4""",1.75,2.15,7.2,10.08,57,63
PB304L-CX600T1-3/4S1-1/2,"1-1/2""",600,304L,"1-3/4""",1.75,5.95,7.52,10.53,98,108
PB316L-CX600T1-3/4S1-1/2,"1-1/2""",600,316L,"1-3/4""",1.75,7.4,7.61,10.65,114,126
PBAL6061-CX600T1-3/4S1-1/2,"1-1/2""",600,AL-6061,"1-3/4""",1.75,5,2.54,3.56,53,59
PB304-CX600T1-7/8S1-1/2,"1-1/2""",600,304,"1-7/8""",1.875,5.5,8.06,11.28,97,107
PBSA36-CX600T1-7/8S1-1/2,"1-1/2""",600,SA-36,"1-7/8""",1.875,1.85,7.71,10.79,55,61
PBSA516-70-CX600T1-7/8S1-1/2,"1-1/2""",600,SA-516-70,"1-7/8""",1.875,2.15,7.71,10.79,58,64
PB304L-CX600T1-7/8S1-1/2,"1-1/2""",600,304L,"1-7/8""",1.875,5.95,8.06,11.28,102,113
PB316L-CX600T1-7/8S1-1/2,"1-1/2""",600,316L,"1-7/8""",1.875,7.4,8.15,11.41,119,131
PBAL6061-CX600T1-7/8S1-1/2,"1-1/2""",600,AL-6061,"1-7/8""",1.875,5,2.72,3.81,54,60
PB304-CX600T2S1-1/2,"1-1/2""",600,304,"2""",2,5.5,8.6,12.04,101,112
PBSA36-CX600T2S1-1/2,"1-1/2""",600,SA-36,"2""",2,1.85,8.23,11.52,56,62
PBSA516-70-CX600T2S1-1/2,"1-1/2""",600,SA-516-70,"2""",2,2.15,8.23,11.52,60,66
PB304L-CX600T2S1-1/2,"1-1/2""",600,304L,"2""",2,5.95,8.6,12.04,106,117
PB316L-CX600T2S1-1/2,"1-1/2""",600,316L,"2""",2,7.4,8.69,12.17,125,138
PBAL6061-CX600T2S1-1/2,"1-1/2""",600,AL-6061,"2""",2,5,2.9,4.06,55,61
PB304-CX600T2-1/4S1-1/2,"1-1/2""",600,304,"2-1/4""",2.25,5.5,9.67,13.54,109,120
PBSA36-CX600T2-1/4S1-1/2,"1-1/2""",600,SA-36,"2-1/4""",2.25,1.85,9.26,12.96,59,65
PBSA516-70-CX600T2-1/4S1-1/2,"1-1/2""",600,SA-516-70,"2-1/4""",2.25,2.15,9.26,12.96,63,70
PB304L-CX600T2-1/4S1-1/2,"1-1/2""",600,304L,"2-1/4""",2.25,5.95,9.67,13.54,115,127
PB316L-CX600T2-1/4S1-1/2,"1-1/2""",600,316L,"2-1/4""",2.25,7.4,9.78,13.69,136,150
PBAL6061-CX600T2-1/4S1-1/2,"1-1/2""",600,AL-6061,"2-1/4""",2.25,5,3.26,4.56,58,64
PB304-CX600T2-1/2S1-1/2,"1-1/2""",600,304,"2-1/2""",2.5,5.5,10.75,15.05,118,130
PBSA36-CX600T2-1/2S1-1/2,"1-1/2""",600,SA-36,"2-1/2""",2.5,1.85,10.29,14.41,62,69
PBSA516-70-CX600T2-1/2S1-1/2,"1-1/2""",600,SA-516-70,"2-1/2""",2.5,2.15,10.29,14.41,66,73
PB304L-CX600T2-1/2S1-1/2,"1-1/2""",600,304L,"2-1/2""",2.5,5.95,10.75,15.05,124,137
PB316L-CX600T2-1/2S1-1/2,"1-1/2""",600,316L,"2-1/2""",2.5,7.4,10.87,15.22,147,162
PBAL6061-CX600T2-1/2S1-1/2,"1-1/2""",600,AL-6061,"2-1/2""",2.5,5,3.62,5.07,60,66
PB304-CX600T3S1-1/2,"1-1/2""",600,304,"3""",3,5.5,12.9,18.06,134,148
PBSA36-CX600T3S1-1/2,"1-1/2""",600,SA-36,"3""",3,1.85,12.34,17.28,67,74
PBSA516-70-CX600T3S1-1/2,"1-1/2""",600,SA-516-70,"3""",3,2.15,12.34,17.28,72,80
PB304L-CX600T3S1-1/2,"1-1/2""",600,304L,"3""",3,5.95,12.9,18.06,142,157
PB316L-CX600T3S1-1/2,"1-1/2""",600,316L,"3""",3,7.4,13.04,18.26,170,188
PBAL6061-CX600T3S1-1/2,"1-1/2""",600,AL-6061,"3""",3,5,4.35,6.09,65,72
PB304-CX600T11GAS2,"2""",600,304,11 Gauge,0.1196,5.5,0.67,0.94,40,44
PBSA36-CX600T11GAS2,"2""",600,SA-36,11 Gauge,0.1196,1.85,0.64,0.9,37,41
PBSA516-70-CX600T11GAS2,"2""",600,SA-516-70,11 Gauge,0.1196,2.15,0.64,0.9,37,41
PB304L-CX600T11GAS2,"2""",600,304L,11 Gauge,0.1196,5.95,0.67,0.94,40,44
PB316L-CX600T11GAS2,"2""",600,316L,11 Gauge,0.1196,7.4,0.68,0.95,42,47
PBAL6061-CX600T11GAS2,"2""",600,AL-6061,11 Gauge,0.1196,5,0.23,0.32,36,40
PB304-CX600T1/8S2,"2""",600,304,"1/8""",0.125,5.5,0.7,0.98,40,44
PBSA36-CX600T1/8S2,"2""",600,SA-36,"1/8""",0.125,1.85,0.67,0.94,37,41
PBSA516-70-CX600T1/8S2,"2""",600,SA-516-70,"1/8""",0.125,2.15,0.67,0.94,37,41
PB304L-CX600T1/8S2,"2""",600,304L,"1/8""",0.125,5.95,0.7,0.98,41,46
PB316L-CX600T1/8S2,"2""",600,316L,"1/8""",0.125,7.4,0.71,0.99,42,47
PBAL6061-CX600T1/8S2,"2""",600,AL-6061,"1/8""",0.125,5,0.24,0.34,37,41
PB304-CX600T3/16S2,"2""",600,304,"3/16""",0.1875,5.5,1.05,1.47,43,48
PBSA36-CX600T3/16S2,"2""",600,SA-36,"3/16""",0.1875,1.85,1,1.4,37,41
PBSA516-70-CX600T3/16S2,"2""",600,SA-516-70,"3/16""",0.1875,2.15,1,1.4,38,42
PB304L-CX600T3/16S2,"2""",600,304L,"3/16""",0.1875,5.95,1.05,1.47,44,49
PB316L-CX600T3/16S2,"2""",600,316L,"3/16""",0.1875,7.4,1.06,1.48,46,51
PBAL6061-CX600T3/16S2,"2""",600,AL-6061,"3/16""",0.1875,5,0.35,0.49,37,41
PB304-CX600T1/4S2,"2""",600,304,"1/4""",0.25,5.5,1.4,1.96,46,51
PBSA36-CX600T1/4S2,"2""",600,SA-36,"1/4""",0.25,1.85,1.34,1.88,38,42
PBSA516-70-CX600T1/4S2,"2""",600,SA-516-70,"1/4""",0.25,2.15,1.34,1.88,39,43
PB304L-CX600T1/4S2,"2""",600,304L,"1/4""",0.25,5.95,1.4,1.96,47,52
PB316L-CX600T1/4S2,"2""",600,316L,"1/4""",0.25,7.4,1.41,1.97,49,54
PBAL6061-CX600T1/4S2,"2""",600,AL-6061,"1/4""",0.25,5,0.47,0.66,38,42
PB304-CX600T5/16S2,"2""",600,304,"5/16""",0.3125,5.5,1.74,2.44,48,53
PBSA36-CX600T5/16S2,"2""",600,SA-36,"5/16""",0.3125,1.85,1.67,2.34,39,43
PBSA516-70-CX600T5/16S2,"2""",600,SA-516-70,"5/16""",0.3125,2.15,1.67,2.34,40,44
PB304L-CX600T5/16S2,"2""",600,304L,"5/16""",0.3125,5.95,1.74,2.44,49,54
PB316L-CX600T5/16S2,"2""",600,316L,"5/16""",0.3125,7.4,1.76,2.46,53,59
PBAL6061-CX600T5/16S2,"2""",600,AL-6061,"5/16""",0.3125,5,0.59,0.83,39,43
PB304-CX600T3/8S2,"2""",600,304,"3/8""",0.375,5.5,2.09,2.93,51,57
PBSA36-CX600T3/8S2,"2""",600,SA-36,"3/8""",0.375,1.85,2,2.8,40,44
PBSA516-70-CX600T3/8S2,"2""",600,SA-516-70,"3/8""",0.375,2.15,2,2.8,41,46
PB304L-CX600T3/8S2,"2""",600,304L,"3/8""",0.375,5.95,2.09,2.93,52,58
PB316L-CX600T3/8S2,"2""",600,316L,"3/8""",0.375,7.4,2.12,2.97,57,63
PBAL6061-CX600T3/8S2,"2""",600,AL-6061,"3/8""",0.375,5,0.71,0.99,40,44
PB304-CX600T1/2S2,"2""",600,304,"1/2""",0.5,5.5,2.79,3.91,56,62
PBSA36-CX600T1/2S2,"2""",600,SA-36,"1/2""",0.5,1.85,2.67,3.74,42,47
PBSA516-70-CX600T1/2S2,"2""",600,SA-516-70,"1/2""",0.5,2.15,2.67,3.74,43,48
PB304L-CX600T1/2S2,"2""",600,304L,"1/2""",0.5,5.95,2.79,3.91,58,64
PB316L-CX600T1/2S2,"2""",600,316L,"1/2""",0.5,7.4,2.82,3.95,64,71
PBAL6061-CX600T1/2S2,"2""",600,AL-6061,"1/2""",0.5,5,0.94,1.32,41,46
PB304-CX600T5/8S2,"2""",600,304,"5/8""",0.625,5.5,3.49,4.89,62,69
PBSA36-CX600T5/8S2,"2""",600,SA-36,"5/8""",0.625,1.85,3.34,4.68,44,49
PBSA516-70-CX600T5/8S2,"2""",600,SA-516-70,"5/8""",0.625,2.15,3.34,4.68,45,50
PB304L-CX600T5/8S2,"2""",600,304L,"5/8""",0.625,5.95,3.49,4.89,64,71
PB316L-CX600T5/8S2,"2""",600,316L,"5/8""",0.625,7.4,3.53,4.94,71,79
PBAL6061-CX600T5/8S2,"2""",600,AL-6061,"5/8""",0.625,5,1.18,1.65,43,48
PB304-CX600T3/4S2,"2""",600,304,"3/4""",0.75,5.5,4.19,5.87,67,74
PBSA36-CX600T3/4S2,"2""",600,SA-36,"3/4""",0.75,1.85,4.01,5.61,45,50
PBSA516-70-CX600T3/4S2,"2""",600,SA-516-70,"3/4""",0.75,2.15,4.01,5.61,47,52
PB304L-CX600T3/4S2,"2""",600,304L,"3/4""",0.75,5.95,4.19,5.87,70,77
PB316L-CX600T3/4S2,"2""",600,316L,"3/4""",0.75,7.4,4.23,5.92,79,87
PBAL6061-CX600T3/4S2,"2""",600,AL-6061,"3/4""",0.75,5,1.41,1.97,45,50
PB304-CX600T7/8S2,"2""",600,304,"7/8""",0.875,5.5,4.88,6.83,72,80
PBSA36-CX600T7/8S2,"2""",600,SA-36,"7/8""",0.875,1.85,4.67,6.54,47,52
PBSA516-70-CX600T7/8S2,"2""",600,SA-516-70,"7/8""",0.875,2.15,4.67,6.54,49,54
PB304L-CX600T7/8S2,"2""",600,304L,"7/8""",0.875,5.95,4.88,6.83,75,83
PB316L-CX600T7/8S2,"2""",600,316L,"7/8""",0.875,7.4,4.94,6.92,86,95
PBAL6061-CX600T7/8S2,"2""",600,AL-6061,"7/8""",0.875,5,1.65,2.31,46,51
PB304-CX600T1S2,"2""",600,304,"1""",1,5.5,5.58,7.81,78,86
PBSA36-CX600T1S2,"2""",600,SA-36,"1""",1,1.85,5.34,7.48,49,54
PBSA516-70-CX600T1S2,"2""",600,SA-516-70,"1""",1,2.15,5.34,7.48,51,57
PB304L-CX600T1S2,"2""",600,304L,"1""",1,5.95,5.58,7.81,81,90
PB316L-CX600T1S2,"2""",600,316L,"1""",1,7.4,5.64,7.9,93,103
PBAL6061-CX600T1S2,"2""",600,AL-6061,"1""",1,5,1.88,2.63,48,53
PB304-CX600T1-1/8S2,"2""",600,304,"1-1/8""",1.125,5.5,6.28,8.79,83,92
PBSA36-CX600T1-1/8S2,"2""",600,SA-36,"1-1/8""",1.125,1.85,6.01,8.41,50,56
PBSA516-70-CX600T1-1/8S2,"2""",600,SA-516-70,"1-1/8""",1.125,2.15,6.01,8.41,53,59
PB304L-CX600T1-1/8S2,"2""",600,304L,"1-1/8""",1.125,5.95,6.28,8.79,87,96
PB316L-CX600T1-1/8S2,"2""",600,316L,"1-1/8""",1.125,7.4,6.35,8.89,101,112
PBAL6061-CX600T1-1/8S2,"2""",600,AL-6061,"1-1/8""",1.125,5,2.12,2.97,50,56
PB304-CX600T1-1/4S2,"2""",600,304,"1-1/4""",1.25,5.5,6.98,9.77,89,98
PBSA36-CX600T1-1/4S2,"2""",600,SA-36,"1-1/4""",1.25,1.85,6.68,9.35,52,58
PBSA516-70-CX600T1-1/4S2,"2""",600,SA-516-70,"1-1/4""",1.25,2.15,6.68,9.35,55,61
PB304L-CX600T1-1/4S2,"2""",600,304L,"1-1/4""",1.25,5.95,6.98,9.77,93,103
PB316L-CX600T1-1/4S2,"2""",600,316L,"1-1/4""",1.25,7.4,7.05,9.87,108,119
PBAL6061-CX600T1-1/4S2,"2""",600,AL-6061,"1-1/4""",1.25,5,2.35,3.29,51,57
PB304-CX600T1-3/8S2,"2""",600,304,"1-3/8""",1.375,5.5,7.67,10.74,94,104
PBSA36-CX600T1-3/8S2,"2""",600,SA-36,"1-3/8""",1.375,1.85,7.34,10.28,54,60
PBSA516-70-CX600T1-3/8S2,"2""",600,SA-516-70,"1-3/8""",1.375,2.15,7.34,10.28,57,63
PB304L-CX600T1-3/8S2,"2""",600,304L,"1-3/8""",1.375,5.95,7.67,10.74,99,109
PB316L-CX600T1-3/8S2,"2""",600,316L,"1-3/8""",1.375,7.4,7.76,10.86,115,127
PBAL6061-CX600T1-3/8S2,"2""",600,AL-6061,"1-3/8""",1.375,5,2.59,3.63,53,59
PB304-CX600T1-1/2S2,"2""",600,304,"1-1/2""",1.5,5.5,8.37,11.72,99,109
PBSA36-CX600T1-1/2S2,"2""",600,SA-36,"1-1/2""",1.5,1.85,8.01,11.21,56,62
PBSA516-70-CX600T1-1/2S2,"2""",600,SA-516-70,"1-1/2""",1.5,2.15,8.01,11.21,59,65
PB304L-CX600T1-1/2S2,"2""",600,304L,"1-1/2""",1.5,5.95,8.37,11.72,105,116
PB316L-CX600T1-1/2S2,"2""",600,316L,"1-1/2""",1.5,7.4,8.47,11.86,123,136
PBAL6061-CX600T1-1/2S2,"2""",600,AL-6061,"1-1/2""",1.5,5,2.82,3.95,55,61
PB304-CX600T1-5/8S2,"2""",600,304,"1-5/8""",1.625,5.5,9.07,12.7,105,116
PBSA36-CX600T1-5/8S2,"2""",600,SA-36,"1-5/8""",1.625,1.85,8.68,12.15,57,63
PBSA516-70-CX600T1-5/8S2,"2""",600,SA-516-70,"1-5/8""",1.625,2.15,8.68,12.15,61,68
PB304L-CX600T1-5/8S2,"2""",600,304L,"1-5/8""",1.625,5.95,9.07,12.7,110,122
PB316L-CX600T1-5/8S2,"2""",600,316L,"1-5/8""",1.625,7.4,9.17,12.84,130,143
PBAL6061-CX600T1-5/8S2,"2""",600,AL-6061,"1-5/8""",1.625,5,3.06,4.28,56,62
PB304-CX600T1-3/4S2,"2""",600,304,"1-3/4""",1.75,5.5,9.77,13.68,110,122
PBSA36-CX600T1-3/4S2,"2""",600,SA-36,"1-3/4""",1.75,1.85,9.35,13.09,59,65
PBSA516-70-CX600T1-3/4S2,"2""",600,SA-516-70,"1-3/4""",1.75,2.15,9.35,13.09,63,70
PB304L-CX600T1-3/4S2,"2""",600,304L,"1-3/4""",1.75,5.95,9.77,13.68,116,128
PB316L-CX600T1-3/4S2,"2""",600,316L,"1-3/4""",1.75,7.4,9.88,13.83,137,151
PBAL6061-CX600T1-3/4S2,"2""",600,AL-6061,"1-3/4""",1.75,5,3.29,4.61,58,64
PB304-CX600T1-7/8S2,"2""",600,304,"1-7/8""",1.875,5.5,10.46,14.64,115,127
PBSA36-CX600T1-7/8S2,"2""",600,SA-36,"1-7/8""",1.875,1.85,10.02,14.03,61,68
PBSA516-70-CX600T1-7/8S2,"2""",600,SA-516-70,"1-7/8""",1.875,2.15,10.02,14.03,65,72
PB304L-CX600T1-7/8S2,"2""",600,304L,"1-7/8""",1.875,5.95,10.46,14.64,122,135
PB316L-CX600T1-7/8S2,"2""",600,316L,"1-7/8""",1.875,7.4,10.58,14.81,144,159
PBAL6061-CX600T1-7/8S2,"2""",600,AL-6061,"1-7/8""",1.875,5,3.53,4.94,60,66
PB304-CX600T2S2,"2""",600,304,"2""",2,5.5,11.16,15.62,121,134
PBSA36-CX600T2S2,"2""",600,SA-36,"2""",2,1.85,10.68,14.95,63,70
PBSA516-70-CX600T2S2,"2""",600,SA-516-70,"2""",2,2.15,10.68,14.95,67,74
PB304L-CX600T2S2,"2""",600,304L,"2""",2,5.95,11.16,15.62,128,141
PB316L-CX600T2S2,"2""",600,316L,"2""",2,7.4,11.29,15.81,152,168
PBAL6061-CX600T2S2,"2""",600,AL-6061,"2""",2,5,3.76,5.26,61,68
PB304-CX600T2-1/4S2,"2""",600,304,"2-1/4""",2.25,5.5,12.56,17.58,132,146
PBSA36-CX600T2-1/4S2,"2""",600,SA-36,"2-1/4""",2.25,1.85,12.02,16.83,66,73
PBSA516-70-CX600T2-1/4S2,"2""",600,SA-516-70,"2-1/4""",2.25,2.15,12.02,16.83,71,79
PB304L-CX600T2-1/4S2,"2""",600,304L,"2-1/4""",2.25,5.95,12.56,17.58,139,153
PB316L-CX600T2-1/4S2,"2""",600,316L,"2-1/4""",2.25,7.4,12.7,17.78,166,183
PBAL6061-CX600T2-1/4S2,"2""",600,AL-6061,"2-1/4""",2.25,5,4.23,5.92,64,71
PB304-CX600T2-1/2S2,"2""",600,304,"2-1/2""",2.5,5.5,13.95,19.53,142,157
PBSA36-CX600T2-1/2S2,"2""",600,SA-36,"2-1/2""",2.5,1.85,13.35,18.69,69,76
PBSA516-70-CX600T2-1/2S2,"2""",600,SA-516-70,"2-1/2""",2.5,2.15,13.35,18.69,75,83
PB304L-CX600T2-1/2S2,"2""",600,304L,"2-1/2""",2.5,5.95,13.95,19.53,151,167
PB316L-CX600T2-1/2S2,"2""",600,316L,"2-1/2""",2.5,7.4,14.11,19.75,181,200
PBAL6061-CX600T2-1/2S2,"2""",600,AL-6061,"2-1/2""",2.5,5,4.71,6.59,68,75
PB304-CX600T3S2,"2""",600,304,"3""",3,5.5,16.74,23.44,164,181
PBSA36-CX600T3S2,"2""",600,SA-36,"3""",3,1.85,16.03,22.44,76,84
PBSA516-70-CX600T3S2,"2""",600,SA-516-70,"3""",3,2.15,16.03,22.44,83,92
PB304L-CX600T3S2,"2""",600,304L,"3""",3,5.95,16.74,23.44,174,192
PB316L-CX600T3S2,"2""",600,316L,"3""",3,7.4,16.93,23.7,210,232
PBAL6061-CX600T3S2,"2""",600,AL-6061,"3""",3,5,5.65,7.91,74,82
PB304-CX600T11GAS2-1/2,"2-1/2""",600,304,11 Gauge,0.1196,5.5,0.91,1.27,42,47
PBSA36-CX600T11GAS2-1/2,"2-1/2""",600,SA-36,11 Gauge,0.1196,1.85,0.87,1.22,37,41
PBSA516-70-CX600T11GAS2-1/2,"2-1/2""",600,SA-516-70,11 Gauge,0.1196,2.15,0.87,1.22,37,41
PB304L-CX600T11GAS2-1/2,"2-1/2""",600,304L,11 Gauge,0.1196,5.95,0.91,1.27,42,47
PB316L-CX600T11GAS2-1/2,"2-1/2""",600,316L,11 Gauge,0.1196,7.4,0.92,1.29,44,49
PBAL6061-CX600T11GAS2-1/2,"2-1/2""",600,AL-6061,11 Gauge,0.1196,5,0.31,0.43,37,41
PB304-CX600T1/8S2-1/2,"2-1/2""",600,304,"1/8""",0.125,5.5,0.95,1.33,42,47
PBSA36-CX600T1/8S2-1/2,"2-1/2""",600,SA-36,"1/8""",0.125,1.85,0.91,1.27,37,41
PBSA516-70-CX600T1/8S2-1/2,"2-1/2""",600,SA-516-70,"1/8""",0.125,2.15,0.91,1.27,38,42
PB304L-CX600T1/8S2-1/2,"2-1/2""",600,304L,"1/8""",0.125,5.95,0.95,1.33,43,48
PB316L-CX600T1/8S2-1/2,"2-1/2""",600,316L,"1/8""",0.125,7.4,0.97,1.36,45,50
PBAL6061-CX600T1/8S2-1/2,"2-1/2""",600,AL-6061,"1/8""",0.125,5,0.32,0.45,37,41
PB304-CX600T3/16S2-1/2,"2-1/2""",600,304,"3/16""",0.1875,5.5,1.43,2,46,51
PBSA36-CX600T3/16S2-1/2,"2-1/2""",600,SA-36,"3/16""",0.1875,1.85,1.37,1.92,38,42
PBSA516-70-CX600T3/16S2-1/2,"2-1/2""",600,SA-516-70,"3/16""",0.1875,2.15,1.37,1.92,39,43
PB304L-CX600T3/16S2-1/2,"2-1/2""",600,304L,"3/16""",0.1875,5.95,1.43,2,47,52
PB316L-CX600T3/16S2-1/2,"2-1/2""",600,316L,"3/16""",0.1875,7.4,1.45,2.03,50,56
PBAL6061-CX600T3/16S2-1/2,"2-1/2""",600,AL-6061,"3/16""",0.1875,5,0.48,0.67,38,42
PB304-CX600T1/4S2-1/2,"2-1/2""",600,304,"1/4""",0.25,5.5,1.91,2.67,50,56
PBSA36-CX600T1/4S2-1/2,"2-1/2""",600,SA-36,"1/4""",0.25,1.85,1.83,2.56,40,44
PBSA516-70-CX600T1/4S2-1/2,"2-1/2""",600,SA-516-70,"1/4""",0.25,2.15,1.83,2.56,40,44
PB304L-CX600T1/4S2-1/2,"2-1/2""",600,304L,"1/4""",0.25,5.95,1.91,2.67,51,57
PB316L-CX600T1/4S2-1/2,"2-1/2""",600,316L,"1/4""",0.25,7.4,1.93,2.7,55,61
PBAL6061-CX600T1/4S2-1/2,"2-1/2""",600,AL-6061,"1/4""",0.25,5,0.64,0.9,39,43
PB304-CX600T5/16S2-1/2,"2-1/2""",600,304,"5/16""",0.3125,5.5,2.39,3.35,53,59
PBSA36-CX600T5/16S2-1/2,"2-1/2""",600,SA-36,"5/16""",0.3125,1.85,2.28,3.19,41,46
PBSA516-70-CX600T5/16S2-1/2,"2-1/2""",600,SA-516-70,"5/16""",0.3125,2.15,2.28,3.19,42,47
PB304L-CX600T5/16S2-1/2,"2-1/2""",600,304L,"5/16""",0.3125,5.95,2.39,3.35,55,61
PB316L-CX600T5/16S2-1/2,"2-1/2""",600,316L,"5/16""",0.3125,7.4,2.41,3.37,60,66
PBAL6061-CX600T5/16S2-1/2,"2-1/2""",600,AL-6061,"5/16""",0.3125,5,0.8,1.12,40,44
PB304-CX600T3/8S2-1/2,"2-1/2""",600,304,"3/8""",0.375,5.5,2.86,4,57,63
PBSA36-CX600T3/8S2-1/2,"2-1/2""",600,SA-36,"3/8""",0.375,1.85,2.74,3.84,42,47
PBSA516-70-CX600T3/8S2-1/2,"2-1/2""",600,SA-516-70,"3/8""",0.375,2.15,2.74,3.84,43,48
PB304L-CX600T3/8S2-1/2,"2-1/2""",600,304L,"3/8""",0.375,5.95,2.86,4,59,65
PB316L-CX600T3/8S2-1/2,"2-1/2""",600,316L,"3/8""",0.375,7.4,2.9,4.06,65,72
PBAL6061-CX600T3/8S2-1/2,"2-1/2""",600,AL-6061,"3/8""",0.375,5,0.97,1.36,42,47
PB304-CX600T1/2S2-1/2,"2-1/2""",600,304,"1/2""",0.5,5.5,3.82,5.35,64,71
PBSA36-CX600T1/2S2-1/2,"2-1/2""",600,SA-36,"1/2""",0.5,1.85,3.66,5.12,44,49
PBSA516-70-CX600T1/2S2-1/2,"2-1/2""",600,SA-516-70,"1/2""",0.5,2.15,3.66,5.12,46,51
PB304L-CX600T1/2S2-1/2,"2-1/2""",600,304L,"1/2""",0.5,5.95,3.82,5.35,67,74
PB316L-CX600T1/2S2-1/2,"2-1/2""",600,316L,"1/2""",0.5,7.4,3.86,5.4,75,83
PBAL6061-CX600T1/2S2-1/2,"2-1/2""",600,AL-6061,"1/2""",0.5,5,1.29,1.81,44,49
PB304-CX600T5/8S2-1/2,"2-1/2""",600,304,"5/8""",0.625,5.5,4.77,6.68,72,80
PBSA36-CX600T5/8S2-1/2,"2-1/2""",600,SA-36,"5/8""",0.625,1.85,4.57,6.4,47,52
PBSA516-70-CX600T5/8S2-1/2,"2-1/2""",600,SA-516-70,"5/8""",0.625,2.15,4.57,6.4,49,54
PB304L-CX600T5/8S2-1/2,"2-1/2""",600,304L,"5/8""",0.625,5.95,4.77,6.68,75,83
PB316L-CX600T5/8S2-1/2,"2-1/2""",600,316L,"5/8""",0.625,7.4,4.83,6.76,85,94
PBAL6061-CX600T5/8S2-1/2,"2-1/2""",600,AL-6061,"5/8""",0.625,5,1.61,2.25,46,51
PB304-CX600T3/4S2-1/2,"2-1/2""",600,304,"3/4""",0.75,5.5,5.73,8.02,79,87
PBSA36-CX600T3/4S2-1/2,"2-1/2""",600,SA-36,"3/4""",0.75,1.85,5.48,7.67,49,54
PBSA516-70-CX600T3/4S2-1/2,"2-1/2""",600,SA-516-70,"3/4""",0.75,2.15,5.48,7.67,51,57
PB304L-CX600T3/4S2-1/2,"2-1/2""",600,304L,"3/4""",0.75,5.95,5.73,8.02,83,92
PB316L-CX600T3/4S2-1/2,"2-1/2""",600,316L,"3/4""",0.75,7.4,5.79,8.11,95,105
PBAL6061-CX600T3/4S2-1/2,"2-1/2""",600,AL-6061,"3/4""",0.75,5,1.93,2.7,48,53
PB304-CX600T7/8S2-1/2,"2-1/2""",600,304,"7/8""",0.875,5.5,6.68,9.35,86,95
PBSA36-CX600T7/8S2-1/2,"2-1/2""",600,SA-36,"7/8""",0.875,1.85,6.4,8.96,51,57
PBSA516-70-CX600T7/8S2-1/2,"2-1/2""",600,SA-516-70,"7/8""",0.875,2.15,6.4,8.96,54,60
PB304L-CX600T7/8S2-1/2,"2-1/2""",600,304L,"7/8""",0.875,5.95,6.68,9.35,90,100
PB316L-CX600T7/8S2-1/2,"2-1/2""",600,316L,"7/8""",0.875,7.4,6.76,9.46,105,116
PBAL6061-CX600T7/8S2-1/2,"2-1/2""",600,AL-6061,"7/8""",0.875,5,2.25,3.15,51,57
PB304-CX600T1S2-1/2,"2-1/2""",600,304,"1""",1,5.5,7.64,10.7,94,104
PBSA36-CX600T1S2-1/2,"2-1/2""",600,SA-36,"1""",1,1.85,7.31,10.23,54,60
PBSA516-70-CX600T1S2-1/2,"2-1/2""",600,SA-516-70,"1""",1,2.15,7.31,10.23,57,63
PB304L-CX600T1S2-1/2,"2-1/2""",600,304L,"1""",1,5.95,7.64,10.7,99,109
PB316L-CX600T1S2-1/2,"2-1/2""",600,316L,"1""",1,7.4,7.72,10.81,115,127
PBAL6061-CX600T1S2-1/2,"2-1/2""",600,AL-6061,"1""",1,5,2.58,3.61,53,59
PB304-CX600T1-1/8S2-1/2,"2-1/2""",600,304,"1-1/8""",1.125,5.5,8.59,12.03,101,112
PBSA36-CX600T1-1/8S2-1/2,"2-1/2""",600,SA-36,"1-1/8""",1.125,1.85,8.22,11.51,56,62
PBSA516-70-CX600T1-1/8S2-1/2,"2-1/2""",600,SA-516-70,"1-1/8""",1.125,2.15,8.22,11.51,60,66
PB304L-CX600T1-1/8S2-1/2,"2-1/2""",600,304L,"1-1/8""",1.125,5.95,8.59,12.03,106,117
PB316L-CX600T1-1/8S2-1/2,"2-1/2""",600,316L,"1-1/8""",1.125,7.4,8.69,12.17,125,138
PBAL6061-CX600T1-1/8S2-1/2,"2-1/2""",600,AL-6061,"1-1/8""",1.125,5,2.9,4.06,55,61
PB304-CX600T1-1/4S2-1/2,"2-1/2""",600,304,"1-1/4""",1.25,5.5,9.55,13.37,108,119
PBSA36-CX600T1-1/4S2-1/2,"2-1/2""",600,SA-36,"1-1/4""",1.25,1.85,9.14,12.8,59,65
PBSA516-70-CX600T1-1/4S2-1/2,"2-1/2""",600,SA-516-70,"1-1/4""",1.25,2.15,9.14,12.8,62,69
PB304L-CX600T1-1/4S2-1/2,"2-1/2""",600,304L,"1-1/4""",1.25,5.95,9.55,13.37,114,126
PB316L-CX600T1-1/4S2-1/2,"2-1/2""",600,316L,"1-1/4""",1.25,7.4,9.66,13.52,135,149
PBAL6061-CX600T1-1/4S2-1/2,"2-1/2""",600,AL-6061,"1-1/4""",1.25,5,3.22,4.51,57,63
PB304-CX600T1-3/8S2-1/2,"2-1/2""",600,304,"1-3/8""",1.375,5.5,10.5,14.7,116,128
PBSA36-CX600T1-3/8S2-1/2,"2-1/2""",600,SA-36,"1-3/8""",1.375,1.85,10.05,14.07,61,68
PBSA516-70-CX600T1-3/8S2-1/2,"2-1/2""",600,SA-516-70,"1-3/8""",1.375,2.15,10.05,14.07,65,72
PB304L-CX600T1-3/8S2-1/2,"2-1/2""",600,304L,"1-3/8""",1.375,5.95,10.5,14.7,122,135
PB316L-CX600T1-3/8S2-1/2,"2-1/2""",600,316L,"1-3/8""",1.375,7.4,10.62,14.87,145,160
PBAL6061-CX600T1-3/8S2-1/2,"2-1/2""",600,AL-6061,"1-3/8""",1.375,5,3.54,4.96,60,66
PB304-CX600T1-1/2S2-1/2,"2-1/2""",600,304,"1-1/2""",1.5,5.5,11.46,16.04,123,136
PBSA36-CX600T1-1/2S2-1/2,"2-1/2""",600,SA-36,"1-1/2""",1.5,1.85,10.97,15.36,63,70
PBSA516-70-CX600T1-1/2S2-1/2,"2-1/2""",600,SA-516-70,"1-1/2""",1.5,2.15,10.97,15.36,68,75
PB304L-CX600T1-1/2S2-1/2,"2-1/2""",600,304L,"1-1/2""",1.5,5.95,11.46,16.04,130,143
PB316L-CX600T1-1/2S2-1/2,"2-1/2""",600,316L,"1-1/2""",1.5,7.4,11.59,16.23,155,171
PBAL6061-CX600T1-1/2S2-1/2,"2-1/2""",600,AL-6061,"1-1/2""",1.5,5,3.86,5.4,62,69
PB304-CX600T1-5/8S2-1/2,"2-1/2""",600,304,"1-5/8""",1.625,5.5,12.41,17.37,130,143
PBSA36-CX600T1-5/8S2-1/2,"2-1/2""",600,SA-36,"1-5/8""",1.625,1.85,11.88,16.63,66,73
PBSA516-70-CX600T1-5/8S2-1/2,"2-1/2""",600,SA-516-70,"1-5/8""",1.625,2.15,11.88,16.63,71,79
PB304L-CX600T1-5/8S2-1/2,"2-1/2""",600,304L,"1-5/8""",1.625,5.95,12.41,17.37,138,152
PB316L-CX600T1-5/8S2-1/2,"2-1/2""",600,316L,"1-5/8""",1.625,7.4,12.55,17.57,165,182
PBAL6061-CX600T1-5/8S2-1/2,"2-1/2""",600,AL-6061,"1-5/8""",1.625,5,4.19,5.87,64,71
PB304-CX600T1-3/4S2-1/2,"2-1/2""",600,304,"1-3/4""",1.75,5.5,13.37,18.72,138,152
PBSA36-CX600T1-3/4S2-1/2,"2-1/2""",600,SA-36,"1-3/4""",1.75,1.85,12.79,17.91,68,75
PBSA516-70-CX600T1-3/4S2-1/2,"2-1/2""",600,SA-516-70,"1-3/4""",1.75,2.15,12.79,17.91,73,81
PB304L-CX600T1-3/4S2-1/2,"2-1/2""",600,304L,"1-3/4""",1.75,5.95,13.37,18.72,146,161
PB316L-CX600T1-3/4S2-1/2,"2-1/2""",600,316L,"1-3/4""",1.75,7.4,13.52,18.93,175,193
PBAL6061-CX600T1-3/4S2-1/2,"2-1/2""",600,AL-6061,"1-3/4""",1.75,5,4.51,6.31,66,73
PB304-CX600T1-7/8S2-1/2,"2-1/2""",600,304,"1-7/8""",1.875,5.5,14.32,20.05,145,160
PBSA36-CX600T1-7/8S2-1/2,"2-1/2""",600,SA-36,"1-7/8""",1.875,1.85,13.71,19.19,70,77
PBSA516-70-CX600T1-7/8S2-1/2,"2-1/2""",600,SA-516-70,"1-7/8""",1.875,2.15,13.71,19.19,76,84
PB304L-CX600T1-7/8S2-1/2,"2-1/2""",600,304L,"1-7/8""",1.875,5.95,14.32,20.05,154,170
PB316L-CX600T1-7/8S2-1/2,"2-1/2""",600,316L,"1-7/8""",1.875,7.4,14.48,20.27,185,204
PBAL6061-CX600T1-7/8S2-1/2,"2-1/2""",600,AL-6061,"1-7/8""",1.875,5,4.83,6.76,69,76
PB304-CX600T2S2-1/2,"2-1/2""",600,304,"2""",2,5.5,15.27,21.38,152,168
PBSA36-CX600T2S2-1/2,"2-1/2""",600,SA-36,"2""",2,1.85,14.62,20.47,73,81
PBSA516-70-CX600T2S2-1/2,"2-1/2""",600,SA-516-70,"2""",2,2.15,14.62,20.47,79,87
PB304L-CX600T2S2-1/2,"2-1/2""",600,304L,"2""",2,5.95,15.27,21.38,162,179
PB316L-CX600T2S2-1/2,"2-1/2""",600,316L,"2""",2,7.4,15.45,21.63,195,215
PBAL6061-CX600T2S2-1/2,"2-1/2""",600,AL-6061,"2""",2,5,5.15,7.21,71,79
PB304-CX600T2-1/4S2-1/2,"2-1/2""",600,304,"2-1/4""",2.25,5.5,17.18,24.05,167,184
PBSA36-CX600T2-1/4S2-1/2,"2-1/2""",600,SA-36,"2-1/4""",2.25,1.85,16.45,23.03,77,85
PBSA516-70-CX600T2-1/4S2-1/2,"2-1/2""",600,SA-516-70,"2-1/4""",2.25,2.15,16.45,23.03,84,93
PB304L-CX600T2-1/4S2-1/2,"2-1/2""",600,304L,"2-1/4""",2.25,5.95,17.18,24.05,178,196
PB316L-CX600T2-1/4S2-1/2,"2-1/2""",600,316L,"2-1/4""",2.25,7.4,17.38,24.33,215,237
PBAL6061-CX600T2-1/4S2-1/2,"2-1/2""",600,AL-6061,"2-1/4""",2.25,5,5.8,8.12,75,83
PB304-CX600T2-1/2S2-1/2,"2-1/2""",600,304,"2-1/2""",2.5,5.5,19.09,26.73,182,201
PBSA36-CX600T2-1/2S2-1/2,"2-1/2""",600,SA-36,"2-1/2""",2.5,1.85,18.28,25.59,82,91
PBSA516-70-CX600T2-1/2S2-1/2,"2-1/2""",600,SA-516-70,"2-1/2""",2.5,2.15,18.28,25.59,90,100
PB304L-CX600T2-1/2S2-1/2,"2-1/2""",600,304L,"2-1/2""",2.5,5.95,19.09,26.73,194,214
PB316L-CX600T2-1/2S2-1/2,"2-1/2""",600,316L,"2-1/2""",2.5,7.4,19.31,27.03,235,259
PBAL6061-CX600T2-1/2S2-1/2,"2-1/2""",600,AL-6061,"2-1/2""",2.5,5,6.44,9.02,80,88
PB304-CX600T3S2-1/2,"2-1/2""",600,304,"3""",3,5.5,22.91,32.07,211,233
PBSA36-CX600T3S2-1/2,"2-1/2""",600,SA-36,"3""",3,1.85,21.93,30.7,92,102
PBSA516-70-CX600T3S2-1/2,"2-1/2""",600,SA-516-70,"3""",3,2.15,21.93,30.7,101,112
PB304L-CX600T3S2-1/2,"2-1/2""",600,304L,"3""",3,5.95,22.91,32.07,226,249
PB316L-CX600T3S2-1/2,"2-1/2""",600,316L,"3""",3,7.4,23.17,32.44,275,303
PBAL6061-CX600T3S2-1/2,"2-1/2""",600,AL-6061,"3""",3,5,7.73,10.82,89,98
PB304-CX600T11GAS3,"3""",600,304,11 Gauge,0.1196,5.5,1.19,1.67,44,49
PBSA36-CX600T11GAS3,"3""",600,SA-36,11 Gauge,0.1196,1.85,1.13,1.58,38,42
PBSA516-70-CX600T11GAS3,"3""",600,SA-516-70,11 Gauge,0.1196,2.15,1.13,1.58,38,42
PB304L-CX600T11GAS3,"3""",600,304L,11 Gauge,0.1196,5.95,1.19,1.67,45,50
PB316L-CX600T11GAS3,"3""",600,316L,11 Gauge,0.1196,7.4,1.2,1.68,47,52
PBAL6061-CX600T11GAS3,"3""",600,AL-6061,11 Gauge,0.1196,5,0.4,0.56,38,42
PB304-CX600T1/8S3,"3""",600,304,"1/8""",0.125,5.5,1.24,1.74,44,49
PBSA36-CX600T1/8S3,"3""",600,SA-36,"1/8""",0.125,1.85,1.19,1.67,38,42
PBSA516-70-CX600T1/8S3,"3""",600,SA-516-70,"1/8""",0.125,2.15,1.19,1.67,38,42
PB304L-CX600T1/8S3,"3""",600,304L,"1/8""",0.125,5.95,1.24,1.74,45,50
PB316L-CX600T1/8S3,"3""",600,316L,"1/8""",0.125,7.4,1.25,1.75,48,53
PBAL6061-CX600T1/8S3,"3""",600,AL-6061,"1/8""",0.125,5,0.42,0.59,38,42
PB304-CX600T3/16S3,"3""",600,304,"3/16""",0.1875,5.5,1.86,2.6,49,54
PBSA36-CX600T3/16S3,"3""",600,SA-36,"3/16""",0.1875,1.85,1.78,2.49,39,43
PBSA516-70-CX600T3/16S3,"3""",600,SA-516-70,"3/16""",0.1875,2.15,1.78,2.49,40,44
PB304L-CX600T3/16S3,"3""",600,304L,"3/16""",0.1875,5.95,1.86,2.6,50,56
PB316L-CX600T3/16S3,"3""",600,316L,"3/16""",0.1875,7.4,1.88,2.63,54,60
PBAL6061-CX600T3/16S3,"3""",600,AL-6061,"3/16""",0.1875,5,0.63,0.88,39,43
PB304-CX600T1/4S3,"3""",600,304,"1/4""",0.25,5.5,2.48,3.47,54,60
PBSA36-CX600T1/4S3,"3""",600,SA-36,"1/4""",0.25,1.85,2.37,3.32,41,46
PBSA516-70-CX600T1/4S3,"3""",600,SA-516-70,"1/4""",0.25,2.15,2.37,3.32,42,47
PB304L-CX600T1/4S3,"3""",600,304L,"1/4""",0.25,5.95,2.48,3.47,55,61
PB316L-CX600T1/4S3,"3""",600,316L,"1/4""",0.25,7.4,2.51,3.51,61,68
PBAL6061-CX600T1/4S3,"3""",600,AL-6061,"1/4""",0.25,5,0.84,1.18,41,46
PB304-CX600T5/16S3,"3""",600,304,"5/16""",0.3125,5.5,3.1,4.34,59,65
PBSA36-CX600T5/16S3,"3""",600,SA-36,"5/16""",0.3125,1.85,2.97,4.16,43,48
PBSA516-70-CX600T5/16S3,"3""",600,SA-516-70,"5/16""",0.3125,2.15,2.97,4.16,44,49
PB304L-CX600T5/16S3,"3""",600,304L,"5/16""",0.3125,5.95,3.1,4.34,61,68
PB316L-CX600T5/16S3,"3""",600,316L,"5/16""",0.3125,7.4,3.13,4.38,67,74
PBAL6061-CX600T5/16S3,"3""",600,AL-6061,"5/16""",0.3125,5,1.04,1.46,42,47
PB304-CX600T3/8S3,"3""",600,304,"3/8""",0.375,5.5,3.72,5.21,64,71
PBSA36-CX600T3/8S3,"3""",600,SA-36,"3/8""",0.375,1.85,3.56,4.98,44,49
PBSA516-70-CX600T3/8S3,"3""",600,SA-516-70,"3/8""",0.375,2.15,3.56,4.98,46,51
PB304L-CX600T3/8S3,"3""",600,304L,"3/8""",0.375,5.95,3.72,5.21,66,73
PB316L-CX600T3/8S3,"3""",600,316L,"3/8""",0.375,7.4,3.76,5.26,74,82
PBAL6061-CX600T3/8S3,"3""",600,AL-6061,"3/8""",0.375,5,1.25,1.75,44,49
PB304-CX600T1/2S3,"3""",600,304,"1/2""",0.5,5.5,4.96,6.94,73,81
PBSA36-CX600T1/2S3,"3""",600,SA-36,"1/2""",0.5,1.85,4.74,6.64,47,52
PBSA516-70-CX600T1/2S3,"3""",600,SA-516-70,"1/2""",0.5,2.15,4.74,6.64,49,54
PB304L-CX600T1/2S3,"3""",600,304L,"1/2""",0.5,5.95,4.96,6.94,76,84
PB316L-CX600T1/2S3,"3""",600,316L,"1/2""",0.5,7.4,5.01,7.01,87,96
PBAL6061-CX600T1/2S3,"3""",600,AL-6061,"1/2""",0.5,5,1.67,2.34,47,52
PB304-CX600T5/8S3,"3""",600,304,"5/8""",0.625,5.5,6.2,8.68,83,92
PBSA36-CX600T5/8S3,"3""",600,SA-36,"5/8""",0.625,1.85,5.93,8.3,50,56
PBSA516-70-CX600T5/8S3,"3""",600,SA-516-70,"5/8""",0.625,2.15,5.93,8.3,53,59
PB304L-CX600T5/8S3,"3""",600,304L,"5/8""",0.625,5.95,6.2,8.68,86,95
PB316L-CX600T5/8S3,"3""",600,316L,"5/8""",0.625,7.4,6.27,8.78,100,111
PBAL6061-CX600T5/8S3,"3""",600,AL-6061,"5/8""",0.625,5,2.09,2.93,49,54
PB304-CX600T3/4S3,"3""",600,304,"3/4""",0.75,5.5,7.44,10.42,92,102
PBSA36-CX600T3/4S3,"3""",600,SA-36,"3/4""",0.75,1.85,7.12,9.97,53,59
PBSA516-70-CX600T3/4S3,"3""",600,SA-516-70,"3/4""",0.75,2.15,7.12,9.97,56,62
PB304L-CX600T3/4S3,"3""",600,304L,"3/4""",0.75,5.95,7.44,10.42,97,107
PB316L-CX600T3/4S3,"3""",600,316L,"3/4""",0.75,7.4,7.52,10.53,113,125
PBAL6061-CX600T3/4S3,"3""",600,AL-6061,"3/4""",0.75,5,2.51,3.51,52,58
PB304-CX600T7/8S3,"3""",600,304,"7/8""",0.875,5.5,8.67,12.14,102,113
PBSA36-CX600T7/8S3,"3""",600,SA-36,"7/8""",0.875,1.85,8.3,11.62,56,62
PBSA516-70-CX600T7/8S3,"3""",600,SA-516-70,"7/8""",0.875,2.15,8.3,11.62,60,66
PB304L-CX600T7/8S3,"3""",600,304L,"7/8""",0.875,5.95,8.67,12.14,107,118
PB316L-CX600T7/8S3,"3""",600,316L,"7/8""",0.875,7.4,8.77,12.28,126,139
PBAL6061-CX600T7/8S3,"3""",600,AL-6061,"7/8""",0.875,5,2.93,4.1,55,61
PB304-CX600T1S3,"3""",600,304,"1""",1,5.5,9.91,13.87,111,123
PBSA36-CX600T1S3,"3""",600,SA-36,"1""",1,1.85,9.49,13.29,59,65
PBSA516-70-CX600T1S3,"3""",600,SA-516-70,"1""",1,2.15,9.49,13.29,63,70
PB304L-CX600T1S3,"3""",600,304L,"1""",1,5.95,9.91,13.87,117,129
PB316L-CX600T1S3,"3""",600,316L,"1""",1,7.4,10.03,14.04,139,153
PBAL6061-CX600T1S3,"3""",600,AL-6061,"1""",1,5,3.34,4.68,58,64
PB304-CX600T1-1/8S3,"3""",600,304,"1-1/8""",1.125,5.5,11.15,15.61,121,134
PBSA36-CX600T1-1/8S3,"3""",600,SA-36,"1-1/8""",1.125,1.85,10.68,14.95,63,70
PBSA516-70-CX600T1-1/8S3,"3""",600,SA-516-70,"1-1/8""",1.125,2.15,10.68,14.95,67,74
PB304L-CX600T1-1/8S3,"3""",600,304L,"1-1/8""",1.125,5.95,11.15,15.61,128,141
PB316L-CX600T1-1/8S3,"3""",600,316L,"1-1/8""",1.125,7.4,11.28,15.79,152,168
PBAL6061-CX600T1-1/8S3,"3""",600,AL-6061,"1-1/8""",1.125,5,3.76,5.26,61,68
PB304-CX600T1-1/4S3,"3""",600,304,"1-1/4""",1.25,5.5,12.39,17.35,130,143
PBSA36-CX600T1-1/4S3,"3""",600,SA-36,"1-1/4""",1.25,1.85,11.86,16.6,66,73
PBSA516-70-CX600T1-1/4S3,"3""",600,SA-516-70,"1-1/4""",1.25,2.15,11.86,16.6,71,79
PB304L-CX600T1-1/4S3,"3""",600,304L,"1-1/4""",1.25,5.95,12.39,17.35,138,152
PB316L-CX600T1-1/4S3,"3""",600,316L,"1-1/4""",1.25,7.4,12.53,17.54,165,182
PBAL6061-CX600T1-1/4S3,"3""",600,AL-6061,"1-1/4""",1.25,5,4.18,5.85,64,71
PB304-CX600T1-3/8S3,"3""",600,304,"1-3/8""",1.375,5.5,13.63,19.08,140,154
PBSA36-CX600T1-3/8S3,"3""",600,SA-36,"1-3/8""",1.375,1.85,13.05,18.27,69,76
PBSA516-70-CX600T1-3/8S3,"3""",600,SA-516-70,"1-3/8""",1.375,2.15,13.05,18.27,74,82
PB304L-CX600T1-3/8S3,"3""",600,304L,"1-3/8""",1.375,5.95,13.63,19.08,148,163
PB316L-CX600T1-3/8S3,"3""",600,316L,"1-3/8""",1.375,7.4,13.79,19.31,178,196
PBAL6061-CX600T1-3/8S3,"3""",600,AL-6061,"1-3/8""",1.375,5,4.6,6.44,67,74
PB304-CX600T1-1/2S3,"3""",600,304,"1-1/2""",1.5,5.5,14.87,20.82,149,164
PBSA36-CX600T1-1/2S3,"3""",600,SA-36,"1-1/2""",1.5,1.85,14.23,19.92,72,80
PBSA516-70-CX600T1-1/2S3,"3""",600,SA-516-70,"1-1/2""",1.5,2.15,14.23,19.92,78,86
PB304L-CX600T1-1/2S3,"3""",600,304L,"1-1/2""",1.5,5.95,14.87,20.82,159,175
PB316L-CX600T1-1/2S3,"3""",600,316L,"1-1/2""",1.5,7.4,15.04,21.06,191,211
PBAL6061-CX600T1-1/2S3,"3""",600,AL-6061,"1-1/2""",1.5,5,5.02,7.03,70,77
PB304-CX600T1-5/8S3,"3""",600,304,"1-5/8""",1.625,5.5,16.11,22.55,159,175
PBSA36-CX600T1-5/8S3,"3""",600,SA-36,"1-5/8""",1.625,1.85,15.42,21.59,75,83
PBSA516-70-CX600T1-5/8S3,"3""",600,SA-516-70,"1-5/8""",1.625,2.15,15.42,21.59,81,90
PB304L-CX600T1-5/8S3,"3""",600,304L,"1-5/8""",1.625,5.95,16.11,22.55,169,186
PB316L-CX600T1-5/8S3,"3""",600,316L,"1-5/8""",1.625,7.4,16.29,22.81,204,225
PBAL6061-CX600T1-5/8S3,"3""",600,AL-6061,"1-5/8""",1.625,5,5.43,7.6,73,81
PB304-CX600T1-3/4S3,"3""",600,304,"1-3/4""",1.75,5.5,17.35,24.29,168,185
PBSA36-CX600T1-3/4S3,"3""",600,SA-36,"1-3/4""",1.75,1.85,16.61,23.25,78,86
PBSA516-70-CX600T1-3/4S3,"3""",600,SA-516-70,"1-3/4""",1.75,2.15,16.61,23.25,85,94
PB304L-CX600T1-3/4S3,"3""",600,304L,"1-3/4""",1.75,5.95,17.35,24.29,179,197
PB316L-CX600T1-3/4S3,"3""",600,316L,"1-3/4""",1.75,7.4,17.55,24.57,217,239
PBAL6061-CX600T1-3/4S3,"3""",600,AL-6061,"1-3/4""",1.75,5,5.85,8.19,76,84
PB304-CX600T1-7/8S3,"3""",600,304,"1-7/8""",1.875,5.5,18.59,26.03,178,196
PBSA36-CX600T1-7/8S3,"3""",600,SA-36,"1-7/8""",1.875,1.85,17.79,24.91,81,90
PBSA516-70-CX600T1-7/8S3,"3""",600,SA-516-70,"1-7/8""",1.875,2.15,17.79,24.91,88,97
PB304L-CX600T1-7/8S3,"3""",600,304L,"1-7/8""",1.875,5.95,18.59,26.03,190,210
PB316L-CX600T1-7/8S3,"3""",600,316L,"1-7/8""",1.875,7.4,18.8,26.32,230,254
PBAL6061-CX600T1-7/8S3,"3""",600,AL-6061,"1-7/8""",1.875,5,6.27,8.78,79,87
PB304-CX600T2S3,"3""",600,304,"2""",2,5.5,19.83,27.76,188,207
PBSA36-CX600T2S3,"3""",600,SA-36,"2""",2,1.85,18.98,26.57,84,93
PBSA516-70-CX600T2S3,"3""",600,SA-516-70,"2""",2,2.15,18.98,26.57,92,102
PB304L-CX600T2S3,"3""",600,304L,"2""",2,5.95,19.83,27.76,200,221
PB316L-CX600T2S3,"3""",600,316L,"2""",2,7.4,20.05,28.07,243,268
PBAL6061-CX600T2S3,"3""",600,AL-6061,"2""",2,5,6.69,9.37,82,91
PB304-CX600T2-1/4S3,"3""",600,304,"2-1/4""",2.25,5.5,22.31,31.23,207,228
PBSA36-CX600T2-1/4S3,"3""",600,SA-36,"2-1/4""",2.25,1.85,21.35,29.89,90,100
PBSA516-70-CX600T2-1/4S3,"3""",600,SA-516-70,"2-1/4""",2.25,2.15,21.35,29.89,99,109
PB304L-CX600T2-1/4S3,"3""",600,304L,"2-1/4""",2.25,5.95,22.31,31.23,221,244
PB316L-CX600T2-1/4S3,"3""",600,316L,"2-1/4""",2.25,7.4,22.56,31.58,269,296
PBAL6061-CX600T2-1/4S3,"3""",600,AL-6061,"2-1/4""",2.25,5,7.52,10.53,87,96
PB304-CX600T2-1/2S3,"3""",600,304,"2-1/2""",2.5,5.5,24.78,34.69,226,249
PBSA36-CX600T2-1/2S3,"3""",600,SA-36,"2-1/2""",2.5,1.85,23.72,33.21,96,106
PBSA516-70-CX600T2-1/2S3,"3""",600,SA-516-70,"2-1/2""",2.5,2.15,23.72,33.21,106,117
PB304L-CX600T2-1/2S3,"3""",600,304L,"2-1/2""",2.5,5.95,24.78,34.69,241,266
PB316L-CX600T2-1/2S3,"3""",600,316L,"2-1/2""",2.5,7.4,25.07,35.1,295,325
PBAL6061-CX600T2-1/2S3,"3""",600,AL-6061,"2-1/2""",2.5,5,8.36,11.7,93,103
PB304-CX600T3S3,"3""",600,304,"3""",3,5.5,29.74,41.64,264,291
PBSA36-CX600T3S3,"3""",600,SA-36,"3""",3,1.85,28.47,39.86,109,120
PBSA516-70-CX600T3S3,"3""",600,SA-516-70,"3""",3,2.15,28.47,39.86,121,134
PB304L-CX600T3S3,"3""",600,304L,"3""",3,5.95,29.74,41.64,283,312
PB316L-CX600T3S3,"3""",600,316L,"3""",3,7.4,30.08,42.11,346,381
PBAL6061-CX600T3S3,"3""",600,AL-6061,"3""",3,5,10.03,14.04,105,116
PB304-CX600T11GAS4,"4""",600,304,11 Gauge,0.1196,5.5,1.98,2.77,50,56
PBSA36-CX600T11GAS4,"4""",600,SA-36,11 Gauge,0.1196,1.85,1.9,2.66,40,44
PBSA516-70-CX600T11GAS4,"4""",600,SA-516-70,11 Gauge,0.1196,2.15,1.9,2.66,41,46
PB304L-CX600T11GAS4,"4""",600,304L,11 Gauge,0.1196,5.95,1.98,2.77,51,57
PB316L-CX600T11GAS4,"4""",600,316L,11 Gauge,0.1196,7.4,2,2.8,56,62
PBAL6061-CX600T11GAS4,"4""",600,AL-6061,11 Gauge,0.1196,5,0.67,0.94,40,44
PB304-CX600T1/8S4,"4""",600,304,"1/8""",0.125,5.5,2.07,2.9,51,57
PBSA36-CX600T1/8S4,"4""",600,SA-36,"1/8""",0.125,1.85,1.98,2.77,40,44
PBSA516-70-CX600T1/8S4,"4""",600,SA-516-70,"1/8""",0.125,2.15,1.98,2.77,41,46
PB304L-CX600T1/8S4,"4""",600,304L,"1/8""",0.125,5.95,2.07,2.9,52,58
PB316L-CX600T1/8S4,"4""",600,316L,"1/8""",0.125,7.4,2.09,2.93,57,63
PBAL6061-CX600T1/8S4,"4""",600,AL-6061,"1/8""",0.125,5,0.7,0.98,40,44
PB304-CX600T3/16S4,"4""",600,304,"3/16""",0.1875,5.5,3.11,4.35,59,65
PBSA36-CX600T3/16S4,"4""",600,SA-36,"3/16""",0.1875,1.85,2.97,4.16,43,48
PBSA516-70-CX600T3/16S4,"4""",600,SA-516-70,"3/16""",0.1875,2.15,2.97,4.16,44,49
PB304L-CX600T3/16S4,"4""",600,304L,"3/16""",0.1875,5.95,3.11,4.35,61,68
PB316L-CX600T3/16S4,"4""",600,316L,"3/16""",0.1875,7.4,3.14,4.4,67,74
PBAL6061-CX600T3/16S4,"4""",600,AL-6061,"3/16""",0.1875,5,1.05,1.47,42,47
PB304-CX600T1/4S4,"4""",600,304,"1/4""",0.25,5.5,4.14,5.8,67,74
PBSA36-CX600T1/4S4,"4""",600,SA-36,"1/4""",0.25,1.85,3.96,5.54,45,50
PBSA516-70-CX600T1/4S4,"4""",600,SA-516-70,"1/4""",0.25,2.15,3.96,5.54,47,52
PB304L-CX600T1/4S4,"4""",600,304L,"1/4""",0.25,5.95,4.14,5.8,69,76
PB316L-CX600T1/4S4,"4""",600,316L,"1/4""",0.25,7.4,4.19,5.87,78,86
PBAL6061-CX600T1/4S4,"4""",600,AL-6061,"1/4""",0.25,5,1.4,1.96,45,50
PB304-CX600T5/16S4,"4""",600,304,"5/16""",0.3125,5.5,5.18,7.25,75,83
PBSA36-CX600T5/16S4,"4""",600,SA-36,"5/16""",0.3125,1.85,4.95,6.93,48,53
PBSA516-70-CX600T5/16S4,"4""",600,SA-516-70,"5/16""",0.3125,2.15,4.95,6.93,50,56
PB304L-CX600T5/16S4,"4""",600,304L,"5/16""",0.3125,5.95,5.18,7.25,78,86
PB316L-CX600T5/16S4,"4""",600,316L,"5/16""",0.3125,7.4,5.23,7.32,89,98
PBAL6061-CX600T5/16S4,"4""",600,AL-6061,"5/16""",0.3125,5,1.75,2.45,47,52
PB304-CX600T3/8S4,"4""",600,304,"3/8""",0.375,5.5,6.21,8.69,83,92
PBSA36-CX600T3/8S4,"4""",600,SA-36,"3/8""",0.375,1.85,5.94,8.32,50,56
PBSA516-70-CX600T3/8S4,"4""",600,SA-516-70,"3/8""",0.375,2.15,5.94,8.32,53,59
PB304L-CX600T3/8S4,"4""",600,304L,"3/8""",0.375,5.95,6.21,8.69,87,96
PB316L-CX600T3/8S4,"4""",600,316L,"3/8""",0.375,7.4,6.28,8.79,100,111
PBAL6061-CX600T3/8S4,"4""",600,AL-6061,"3/8""",0.375,5,2.09,2.93,49,54
PB304-CX600T1/2S4,"4""",600,304,"1/2""",0.5,5.5,8.28,11.59,99,109
PBSA36-CX600T1/2S4,"4""",600,SA-36,"1/2""",0.5,1.85,7.93,11.1,55,61
PBSA516-70-CX600T1/2S4,"4""",600,SA-516-70,"1/2""",0.5,2.15,7.93,11.1,59,65
PB304L-CX600T1/2S4,"4""",600,304L,"1/2""",0.5,5.95,8.28,11.59,104,115
PB316L-CX600T1/2S4,"4""",600,316L,"1/2""",0.5,7.4,8.37,11.72,122,135
PBAL6061-CX600T1/2S4,"4""",600,AL-6061,"1/2""",0.5,5,2.79,3.91,54,60
PB304-CX600T5/8S4,"4""",600,304,"5/8""",0.625,5.5,10.35,14.49,115,127
PBSA36-CX600T5/8S4,"4""",600,SA-36,"5/8""",0.625,1.85,9.91,13.87,61,68
PBSA516-70-CX600T5/8S4,"4""",600,SA-516-70,"5/8""",0.625,2.15,9.91,13.87,65,72
PB304L-CX600T5/8S4,"4""",600,304L,"5/8""",0.625,5.95,10.35,14.49,121,134
PB316L-CX600T5/8S4,"4""",600,316L,"5/8""",0.625,7.4,10.47,14.66,143,158
PBAL6061-CX600T5/8S4,"4""",600,AL-6061,"5/8""",0.625,5,3.49,4.89,59,65
PB304-CX600T3/4S4,"4""",600,304,"3/4""",0.75,5.5,12.42,17.39,130,143
PBSA36-CX600T3/4S4,"4""",600,SA-36,"3/4""",0.75,1.85,11.89,16.65,66,73
PBSA516-70-CX600T3/4S4,"4""",600,SA-516-70,"3/4""",0.75,2.15,11.89,16.65,71,79
PB304L-CX600T3/4S4,"4""",600,304L,"3/4""",0.75,5.95,12.42,17.39,138,152
PB316L-CX600T3/4S4,"4""",600,316L,"3/4""",0.75,7.4,12.56,17.58,165,182
PBAL6061-CX600T3/4S4,"4""",600,AL-6061,"3/4""",0.75,5,4.19,5.87,64,71
PB304-CX600T7/8S4,"4""",600,304,"7/8""",0.875,5.5,14.49,20.29,146,161
PBSA36-CX600T7/8S4,"4""",600,SA-36,"7/8""",0.875,1.85,13.87,19.42,71,79
PBSA516-70-CX600T7/8S4,"4""",600,SA-516-70,"7/8""",0.875,2.15,13.87,19.42,77,85
PB304L-CX600T7/8S4,"4""",600,304L,"7/8""",0.875,5.95,14.49,20.29,156,172
PB316L-CX600T7/8S4,"4""",600,316L,"7/8""",0.875,7.4,14.66,20.52,187,206
PBAL6061-CX600T7/8S4,"4""",600,AL-6061,"7/8""",0.875,5,4.89,6.85,69,76
PB304-CX600T1S4,"4""",600,304,"1""",1,5.5,16.56,23.18,162,179
PBSA36-CX600T1S4,"4""",600,SA-36,"1""",1,1.85,15.85,22.19,76,84
PBSA516-70-CX600T1S4,"4""",600,SA-516-70,"1""",1,2.15,15.85,22.19,83,92
PB304L-CX600T1S4,"4""",600,304L,"1""",1,5.95,16.56,23.18,173,191
PB316L-CX600T1S4,"4""",600,316L,"1""",1,7.4,16.75,23.45,208,229
PBAL6061-CX600T1S4,"4""",600,AL-6061,"1""",1,5,5.59,7.83,74,82
PB304-CX600T1-1/8S4,"4""",600,304,"1-1/8""",1.125,5.5,18.63,26.08,178,196
PBSA36-CX600T1-1/8S4,"4""",600,SA-36,"1-1/8""",1.125,1.85,17.83,24.96,81,90
PBSA516-70-CX600T1-1/8S4,"4""",600,SA-516-70,"1-1/8""",1.125,2.15,17.83,24.96,89,98
PB304L-CX600T1-1/8S4,"4""",600,304L,"1-1/8""",1.125,5.95,18.63,26.08,190,210
PB316L-CX600T1-1/8S4,"4""",600,316L,"1-1/8""",1.125,7.4,18.84,26.38,230,254
PBAL6061-CX600T1-1/8S4,"4""",600,AL-6061,"1-1/8""",1.125,5,6.28,8.79,79,87
PB304-CX600T1-1/4S4,"4""",600,304,"1-1/4""",1.25,5.5,20.7,28.98,194,214
PBSA36-CX600T1-1/4S4,"4""",600,SA-36,"1-1/4""",1.25,1.85,19.82,27.75,86,95
PBSA516-70-CX600T1-1/4S4,"4""",600,SA-516-70,"1-1/4""",1.25,2.15,19.82,27.75,95,105
PB304L-CX600T1-1/4S4,"4""",600,304L,"1-1/4""",1.25,5.95,20.7,28.98,207,228
PB316L-CX600T1-1/4S4,"4""",600,316L,"1-1/4""",1.25,7.4,20.94,29.32,252,278
PBAL6061-CX600T1-1/4S4,"4""",600,AL-6061,"1-1/4""",1.25,5,6.98,9.77,84,93
PB304-CX600T1-3/8S4,"4""",600,304,"1-3/8""",1.375,5.5,22.77,31.88,210,232
PBSA36-CX600T1-3/8S4,"4""",600,SA-36,"1-3/8""",1.375,1.85,21.8,30.52,91,101
PBSA516-70-CX600T1-3/8S4,"4""",600,SA-516-70,"1-3/8""",1.375,2.15,21.8,30.52,100,111
PB304L-CX600T1-3/8S4,"4""",600,304L,"1-3/8""",1.375,5.95,22.77,31.88,225,248
PB316L-CX600T1-3/8S4,"4""",600,316L,"1-3/8""",1.375,7.4,23.03,32.24,273,301
PBAL6061-CX600T1-3/8S4,"4""",600,AL-6061,"1-3/8""",1.375,5,7.68,10.75,89,98
PB304-CX600T1-1/2S4,"4""",600,304,"1-1/2""",1.5,5.5,24.84,34.78,226,249
PBSA36-CX600T1-1/2S4,"4""",600,SA-36,"1-1/2""",1.5,1.85,23.78,33.29,96,106
PBSA516-70-CX600T1-1/2S4,"4""",600,SA-516-70,"1-1/2""",1.5,2.15,23.78,33.29,106,117
PB304L-CX600T1-1/2S4,"4""",600,304L,"1-1/2""",1.5,5.95,24.84,34.78,242,267
PB316L-CX600T1-1/2S4,"4""",600,316L,"1-1/2""",1.5,7.4,25.12,35.17,295,325
PBAL6061-CX600T1-1/2S4,"4""",600,AL-6061,"1-1/2""",1.5,5,8.38,11.73,93,103
PB304-CX600T1-5/8S4,"4""",600,304,"1-5/8""",1.625,5.5,26.91,37.67,242,267
PBSA36-CX600T1-5/8S4,"4""",600,SA-36,"1-5/8""",1.625,1.85,25.76,36.06,102,113
PBSA516-70-CX600T1-5/8S4,"4""",600,SA-516-70,"1-5/8""",1.625,2.15,25.76,36.06,112,124
PB304L-CX600T1-5/8S4,"4""",600,304L,"1-5/8""",1.625,5.95,26.91,37.67,259,285
PB316L-CX600T1-5/8S4,"4""",600,316L,"1-5/8""",1.625,7.4,27.22,38.11,317,349
PBAL6061-CX600T1-5/8S4,"4""",600,AL-6061,"1-5/8""",1.625,5,9.08,12.71,98,108
PB304-CX600T1-3/4S4,"4""",600,304,"1-3/4""",1.75,5.5,28.98,40.57,258,284
PBSA36-CX600T1-3/4S4,"4""",600,SA-36,"1-3/4""",1.75,1.85,27.74,38.84,107,118
PBSA516-70-CX600T1-3/4S4,"4""",600,SA-516-70,"1-3/4""",1.75,2.15,27.74,38.84,118,130
PB304L-CX600T1-3/4S4,"4""",600,304L,"1-3/4""",1.75,5.95,28.98,40.57,276,304
PB316L-CX600T1-3/4S4,"4""",600,316L,"1-3/4""",1.75,7.4,29.31,41.03,338,372
PBAL6061-CX600T1-3/4S4,"4""",600,AL-6061,"1-3/4""",1.75,5,9.78,13.69,103,114
PB304-CX600T1-7/8S4,"4""",600,304,"1-7/8""",1.875,5.5,31.05,43.47,274,302
PBSA36-CX600T1-7/8S4,"4""",600,SA-36,"1-7/8""",1.875,1.85,29.72,41.61,112,124
PBSA516-70-CX600T1-7/8S4,"4""",600,SA-516-70,"1-7/8""",1.875,2.15,29.72,41.61,124,137
PB304L-CX600T1-7/8S4,"4""",600,304L,"1-7/8""",1.875,5.95,31.05,43.47,293,323
PB316L-CX600T1-7/8S4,"4""",600,316L,"1-7/8""",1.875,7.4,31.41,43.97,360,397
PBAL6061-CX600T1-7/8S4,"4""",600,AL-6061,"1-7/8""",1.875,5,10.47,14.66,108,119
PB304-CX600T2S4,"4""",600,304,"2""",2,5.5,33.12,46.37,290,319
PBSA36-CX600T2S4,"4""",600,SA-36,"2""",2,1.85,31.71,44.39,117,129
PBSA516-70-CX600T2S4,"4""",600,SA-516-70,"2""",2,2.15,31.71,44.39,130,143
PB304L-CX600T2S4,"4""",600,304L,"2""",2,5.95,33.12,46.37,311,343
PB316L-CX600T2S4,"4""",600,316L,"2""",2,7.4,33.5,46.9,382,421
PBAL6061-CX600T2S4,"4""",600,AL-6061,"2""",2,5,11.17,15.64,113,125
PB304-CX600T2-1/4S4,"4""",600,304,"2-1/4""",2.25,5.5,37.26,52.16,322,355
PBSA36-CX600T2-1/4S4,"4""",600,SA-36,"2-1/4""",2.25,1.85,35.67,49.94,127,140
PBSA516-70-CX600T2-1/4S4,"4""",600,SA-516-70,"2-1/4""",2.25,2.15,35.67,49.94,142,157
PB304L-CX600T2-1/4S4,"4""",600,304L,"2-1/4""",2.25,5.95,37.26,52.16,345,380
PB316L-CX600T2-1/4S4,"4""",600,316L,"2-1/4""",2.25,7.4,37.69,52.77,425,468
PBAL6061-CX600T2-1/4S4,"4""",600,AL-6061,"2-1/4""",2.25,5,12.57,17.6,123,136
PB304-CX600T2-1/2S4,"4""",600,304,"2-1/2""",2.5,5.5,41.4,57.96,354,390
PBSA36-CX600T2-1/2S4,"4""",600,SA-36,"2-1/2""",2.5,1.85,39.63,55.48,137,151
PBSA516-70-CX600T2-1/2S4,"4""",600,SA-516-70,"2-1/2""",2.5,2.15,39.63,55.48,154,170
PB304L-CX600T2-1/2S4,"4""",600,304L,"2-1/2""",2.5,5.95,41.4,57.96,380,419
PB316L-CX600T2-1/2S4,"4""",600,316L,"2-1/2""",2.5,7.4,41.87,58.62,469,516
PBAL6061-CX600T2-1/2S4,"4""",600,AL-6061,"2-1/2""",2.5,5,13.96,19.54,133,147
PB304-CX600T3S4,"4""",600,304,"3""",3,5.5,49.68,69.55,417,459
PBSA36-CX600T3S4,"4""",600,SA-36,"3""",3,1.85,47.56,66.58,158,174
PBSA516-70-CX600T3S4,"4""",600,SA-516-70,"3""",3,2.15,47.56,66.58,178,196
PB304L-CX600T3S4,"4""",600,304L,"3""",3,5.95,49.68,69.55,449,494
PB316L-CX600T3S4,"4""",600,316L,"3""",3,7.4,50.25,70.35,555,611
PBAL6061-CX600T3S4,"4""",600,AL-6061,"3""",3,5,16.76,23.46,152,168
PB304-CX600T11GAS6,"6""",600,304,11 Gauge,0.1196,5.5,3.71,5.19,63,70
PBSA36-CX600T11GAS6,"6""",600,SA-36,11 Gauge,0.1196,1.85,3.55,4.97,44,49
PBSA516-70-CX600T11GAS6,"6""",600,SA-516-70,11 Gauge,0.1196,2.15,3.55,4.97,46,51
PB304L-CX600T11GAS6,"6""",600,304L,11 Gauge,0.1196,5.95,3.71,5.19,66,73
PB316L-CX600T11GAS6,"6""",600,316L,11 Gauge,0.1196,7.4,3.76,5.26,74,82
PBAL6061-CX600T11GAS6,"6""",600,AL-6061,11 Gauge,0.1196,5,1.25,1.75,44,49
PB304-CX600T1/8S6,"6""",600,304,"1/8""",0.125,5.5,3.88,5.43,65,72
PBSA36-CX600T1/8S6,"6""",600,SA-36,"1/8""",0.125,1.85,3.72,5.21,44,49
PBSA516-70-CX600T1/8S6,"6""",600,SA-516-70,"1/8""",0.125,2.15,3.72,5.21,46,51
PB304L-CX600T1/8S6,"6""",600,304L,"1/8""",0.125,5.95,3.88,5.43,67,74
PB316L-CX600T1/8S6,"6""",600,316L,"1/8""",0.125,7.4,3.93,5.5,76,84
PBAL6061-CX600T1/8S6,"6""",600,AL-6061,"1/8""",0.125,5,1.31,1.83,44,49
PB304-CX600T3/16S6,"6""",600,304,"3/16""",0.1875,5.5,5.82,8.15,80,88
PBSA36-CX600T3/16S6,"6""",600,SA-36,"3/16""",0.1875,1.85,5.57,7.8,49,54
PBSA516-70-CX600T3/16S6,"6""",600,SA-516-70,"3/16""",0.1875,2.15,5.57,7.8,52,58
PB304L-CX600T3/16S6,"6""",600,304L,"3/16""",0.1875,5.95,5.82,8.15,83,92
PB316L-CX600T3/16S6,"6""",600,316L,"3/16""",0.1875,7.4,5.89,8.25,96,106
PBAL6061-CX600T3/16S6,"6""",600,AL-6061,"3/16""",0.1875,5,1.96,2.74,49,54
PB304-CX600T1/4S6,"6""",600,304,"1/4""",0.25,5.5,7.76,10.86,95,105
PBSA36-CX600T1/4S6,"6""",600,SA-36,"1/4""",0.25,1.85,7.43,10.4,54,60
PBSA516-70-CX600T1/4S6,"6""",600,SA-516-70,"1/4""",0.25,2.15,7.43,10.4,57,63
PB304L-CX600T1/4S6,"6""",600,304L,"1/4""",0.25,5.95,7.76,10.86,99,109
PB316L-CX600T1/4S6,"6""",600,316L,"1/4""",0.25,7.4,7.85,10.99,116,128
PBAL6061-CX600T1/4S6,"6""",600,AL-6061,"1/4""",0.25,5,2.62,3.67,53,59
PB304-CX600T5/16S6,"6""",600,304,"5/16""",0.3125,5.5,9.7,13.58,110,122
PBSA36-CX600T5/16S6,"6""",600,SA-36,"5/16""",0.3125,1.85,9.29,13.01,59,65
PBSA516-70-CX600T5/16S6,"6""",600,SA-516-70,"5/16""",0.3125,2.15,9.29,13.01,63,70
PB304L-CX600T5/16S6,"6""",600,304L,"5/16""",0.3125,5.95,9.7,13.58,116,128
PB316L-CX600T5/16S6,"6""",600,316L,"5/16""",0.3125,7.4,9.81,13.73,136,150
PBAL6061-CX600T5/16S6,"6""",600,AL-6061,"5/16""",0.3125,5,3.27,4.58,58,64
PB304-CX600T3/8S6,"6""",600,304,"3/8""",0.375,5.5,11.64,16.3,124,137
PBSA36-CX600T3/8S6,"6""",600,SA-36,"3/8""",0.375,1.85,11.15,15.61,64,71
PBSA516-70-CX600T3/8S6,"6""",600,SA-516-70,"3/8""",0.375,2.15,11.15,15.61,68,75
PB304L-CX600T3/8S6,"6""",600,304L,"3/8""",0.375,5.95,11.64,16.3,132,146
PB316L-CX600T3/8S6,"6""",600,316L,"3/8""",0.375,7.4,11.78,16.49,157,173
PBAL6061-CX600T3/8S6,"6""",600,AL-6061,"3/8""",0.375,5,3.93,5.5,62,69
PB304-CX600T1/2S6,"6""",600,304,"1/2""",0.5,5.5,15.53,21.74,154,170
PBSA36-CX600T1/2S6,"6""",600,SA-36,"1/2""",0.5,1.85,14.86,20.8,73,81
PBSA516-70-CX600T1/2S6,"6""",600,SA-516-70,"1/2""",0.5,2.15,14.86,20.8,80,88
PB304L-CX600T1/2S6,"6""",600,304L,"1/2""",0.5,5.95,15.53,21.74,164,181
PB316L-CX600T1/2S6,"6""",600,316L,"1/2""",0.5,7.4,15.7,21.98,197,217
PBAL6061-CX600T1/2S6,"6""",600,AL-6061,"1/2""",0.5,5,5.24,7.34,72,80
PB304-CX600T5/8S6,"6""",600,304,"5/8""",0.625,5.5,19.41,27.17,184,203
PBSA36-CX600T5/8S6,"6""",600,SA-36,"5/8""",0.625,1.85,18.58,26.01,83,92
PBSA516-70-CX600T5/8S6,"6""",600,SA-516-70,"5/8""",0.625,2.15,18.58,26.01,91,101
PB304L-CX600T5/8S6,"6""",600,304L,"5/8""",0.625,5.95,19.41,27.17,197,217
PB316L-CX600T5/8S6,"6""",600,316L,"5/8""",0.625,7.4,19.63,27.48,238,262
PBAL6061-CX600T5/8S6,"6""",600,AL-6061,"5/8""",0.625,5,6.55,9.17,81,90
PB304-CX600T3/4S6,"6""",600,304,"3/4""",0.75,5.5,23.29,32.61,214,236
PBSA36-CX600T3/4S6,"6""",600,SA-36,"3/4""",0.75,1.85,22.29,31.21,93,103
PBSA516-70-CX600T3/4S6,"6""",600,SA-516-70,"3/4""",0.75,2.15,22.29,31.21,102,113
PB304L-CX600T3/4S6,"6""",600,304L,"3/4""",0.75,5.95,23.29,32.61,229,252
PB316L-CX600T3/4S6,"6""",600,316L,"3/4""",0.75,7.4,23.55,32.97,279,307
PBAL6061-CX600T3/4S6,"6""",600,AL-6061,"3/4""",0.75,5,7.85,10.99,90,100
PB304-CX600T7/8S6,"6""",600,304,"7/8""",0.875,5.5,27.17,38.04,244,269
PBSA36-CX600T7/8S6,"6""",600,SA-36,"7/8""",0.875,1.85,26.01,36.41,102,113
PBSA516-70-CX600T7/8S6,"6""",600,SA-516-70,"7/8""",0.875,2.15,26.01,36.41,113,125
PB304L-CX600T7/8S6,"6""",600,304L,"7/8""",0.875,5.95,27.17,38.04,261,288
PB316L-CX600T7/8S6,"6""",600,316L,"7/8""",0.875,7.4,27.48,38.47,320,352
PBAL6061-CX600T7/8S6,"6""",600,AL-6061,"7/8""",0.875,5,9.16,12.82,99,109
PB304-CX600T1S6,"6""",600,304,"1""",1,5.5,31.05,43.47,274,302
PBSA36-CX600T1S6,"6""",600,SA-36,"1""",1,1.85,29.72,41.61,112,124
PBSA516-70-CX600T1S6,"6""",600,SA-516-70,"1""",1,2.15,29.72,41.61,124,137
PB304L-CX600T1S6,"6""",600,304L,"1""",1,5.95,31.05,43.47,293,323
PB316L-CX600T1S6,"6""",600,316L,"1""",1,7.4,31.4,43.96,360,397
PBAL6061-CX600T1S6,"6""",600,AL-6061,"1""",1,5,10.47,14.66,108,119
PB304-CX600T1-1/8S6,"6""",600,304,"1-1/8""",1.125,5.5,34.93,48.9,304,335
PBSA36-CX600T1-1/8S6,"6""",600,SA-36,"1-1/8""",1.125,1.85,33.44,46.82,121,134
PBSA516-70-CX600T1-1/8S6,"6""",600,SA-516-70,"1-1/8""",1.125,2.15,33.44,46.82,136,150
PB304L-CX600T1-1/8S6,"6""",600,304L,"1-1/8""",1.125,5.95,34.93,48.9,326,359
PB316L-CX600T1-1/8S6,"6""",600,316L,"1-1/8""",1.125,7.4,35.33,49.46,401,442
PBAL6061-CX600T1-1/8S6,"6""",600,AL-6061,"1-1/8""",1.125,5,11.78,16.49,117,129
PB304-CX600T1-1/4S6,"6""",600,304,"1-1/4""",1.25,5.5,38.81,54.33,334,368
PBSA36-CX600T1-1/4S6,"6""",600,SA-36,"1-1/4""",1.25,1.85,37.15,52.01,131,145
PBSA516-70-CX600T1-1/4S6,"6""",600,SA-516-70,"1-1/4""",1.25,2.15,37.15,52.01,147,162
PB304L-CX600T1-1/4S6,"6""",600,304L,"1-1/4""",1.25,5.95,38.81,54.33,358,394
PB316L-CX600T1-1/4S6,"6""",600,316L,"1-1/4""",1.25,7.4,39.26,54.96,442,487
PBAL6061-CX600T1-1/4S6,"6""",600,AL-6061,"1-1/4""",1.25,5,13.09,18.33,126,139
PB304-CX600T1-3/8S6,"6""",600,304,"1-3/8""",1.375,5.5,42.7,59.78,364,401
PBSA36-CX600T1-3/8S6,"6""",600,SA-36,"1-3/8""",1.375,1.85,40.87,57.22,141,156
PBSA516-70-CX600T1-3/8S6,"6""",600,SA-516-70,"1-3/8""",1.375,2.15,40.87,57.22,158,174
PB304L-CX600T1-3/8S6,"6""",600,304L,"1-3/8""",1.375,5.95,42.7,59.78,391,431
PB316L-CX600T1-3/8S6,"6""",600,316L,"1-3/8""",1.375,7.4,43.18,60.45,482,531
PBAL6061-CX600T1-3/8S6,"6""",600,AL-6061,"1-3/8""",1.375,5,14.4,20.16,136,150
PB304-CX600T1-1/2S6,"6""",600,304,"1-1/2""",1.5,5.5,46.58,65.21,394,434
PBSA36-CX600T1-1/2S6,"6""",600,SA-36,"1-1/2""",1.5,1.85,44.59,62.43,150,165
PBSA516-70-CX600T1-1/2S6,"6""",600,SA-516-70,"1-1/2""",1.5,2.15,44.59,62.43,169,186
PB304L-CX600T1-1/2S6,"6""",600,304L,"1-1/2""",1.5,5.95,46.58,65.21,423,466
PB316L-CX600T1-1/2S6,"6""",600,316L,"1-1/2""",1.5,7.4,47.11,65.95,523,576
PBAL6061-CX600T1-1/2S6,"6""",600,AL-6061,"1-1/2""",1.5,5,15.71,21.99,145,160
PB304-CX600T1-5/8S6,"6""",600,304,"1-5/8""",1.625,5.5,50.46,70.64,423,466
PBSA36-CX600T1-5/8S6,"6""",600,SA-36,"1-5/8""",1.625,1.85,48.3,67.62,160,176
PBSA516-70-CX600T1-5/8S6,"6""",600,SA-516-70,"1-5/8""",1.625,2.15,48.3,67.62,180,199
PB304L-CX600T1-5/8S6,"6""",600,304L,"1-5/8""",1.625,5.95,50.46,70.64,455,501
PB316L-CX600T1-5/8S6,"6""",600,316L,"1-5/8""",1.625,7.4,51.03,71.44,564,621
PBAL6061-CX600T1-5/8S6,"6""",600,AL-6061,"1-5/8""",1.625,5,17.02,23.83,154,170
PB304-CX600T1-3/4S6,"6""",600,304,"1-3/4""",1.75,5.5,54.34,76.08,453,499
PBSA36-CX600T1-3/4S6,"6""",600,SA-36,"1-3/4""",1.75,1.85,52.02,72.83,170,188
PBSA516-70-CX600T1-3/4S6,"6""",600,SA-516-70,"1-3/4""",1.75,2.15,52.02,72.83,191,211
PB304L-CX600T1-3/4S6,"6""",600,304L,"1-3/4""",1.75,5.95,54.34,76.08,488,537
PB316L-CX600T1-3/4S6,"6""",600,316L,"1-3/4""",1.75,7.4,54.96,76.94,604,665
PBAL6061-CX600T1-3/4S6,"6""",600,AL-6061,"1-3/4""",1.75,5,18.33,25.66,163,180
PB304-CX600T1-7/8S6,"6""",600,304,"1-7/8""",1.875,5.5,58.22,81.51,483,532
PBSA36-CX600T1-7/8S6,"6""",600,SA-36,"1-7/8""",1.875,1.85,55.73,78.02,179,197
PBSA516-70-CX600T1-7/8S6,"6""",600,SA-516-70,"1-7/8""",1.875,2.15,55.73,78.02,203,224
PB304L-CX600T1-7/8S6,"6""",600,304L,"1-7/8""",1.875,5.95,58.22,81.51,520,572
PB316L-CX600T1-7/8S6,"6""",600,316L,"1-7/8""",1.875,7.4,58.88,82.43,645,710
PBAL6061-CX600T1-7/8S6,"6""",600,AL-6061,"1-7/8""",1.875,5,19.64,27.5,172,190
PB304-CX600T2S6,"6""",600,304,"2""",2,5.5,62.1,86.94,513,565
PBSA36-CX600T2S6,"6""",600,SA-36,"2""",2,1.85,59.45,83.23,189,208
PBSA516-70-CX600T2S6,"6""",600,SA-516-70,"2""",2,2.15,59.45,83.23,214,236
PB304L-CX600T2S6,"6""",600,304L,"2""",2,5.95,62.1,86.94,552,608
PB316L-CX600T2S6,"6""",600,316L,"2""",2,7.4,62.81,87.93,686,755
PBAL6061-CX600T2S6,"6""",600,AL-6061,"2""",2,5,20.95,29.33,181,200
PB304-CX600T2-1/4S6,"6""",600,304,"2-1/4""",2.25,5.5,69.87,97.82,573,631
PBSA36-CX600T2-1/4S6,"6""",600,SA-36,"2-1/4""",2.25,1.85,66.88,93.63,208,229
PBSA516-70-CX600T2-1/4S6,"6""",600,SA-516-70,"2-1/4""",2.25,2.15,66.88,93.63,236,260
PB304L-CX600T2-1/4S6,"6""",600,304L,"2-1/4""",2.25,5.95,69.87,97.82,617,679
PB316L-CX600T2-1/4S6,"6""",600,316L,"2-1/4""",2.25,7.4,70.66,98.92,767,844
PBAL6061-CX600T2-1/4S6,"6""",600,AL-6061,"2-1/4""",2.25,5,23.56,32.98,200,221
PB304-CX600T2-1/2S6,"6""",600,304,"2-1/2""",2.5,5.5,77.63,108.68,633,697
PBSA36-CX600T2-1/2S6,"6""",600,SA-36,"2-1/2""",2.5,1.85,74.31,104.03,227,250
PBSA516-70-CX600T2-1/2S6,"6""",600,SA-516-70,"2-1/2""",2.5,2.15,74.31,104.03,259,285
PB304L-CX600T2-1/2S6,"6""",600,304L,"2-1/2""",2.5,5.95,77.63,108.68,681,750
PB316L-CX600T2-1/2S6,"6""",600,316L,"2-1/2""",2.5,7.4,78.51,109.91,848,933
PBAL6061-CX600T2-1/2S6,"6""",600,AL-6061,"2-1/2""",2.5,5,26.18,36.65,218,240
PB304-CX600T3S6,"6""",600,304,"3""",3,5.5,93.16,130.42,752,828
PBSA36-CX600T3S6,"6""",600,SA-36,"3""",3,1.85,89.17,124.84,266,293
PBSA516-70-CX600T3S6,"6""",600,SA-516-70,"3""",3,2.15,89.17,124.84,303,334
PB304L-CX600T3S6,"6""",600,304L,"3""",3,5.95,93.16,130.42,811,893
PB316L-CX600T3S6,"6""",600,316L,"3""",3,7.4,94.21,131.89,1011,1113
PBAL6061-CX600T3S6,"6""",600,AL-6061,"3""",3,5,31.42,43.99,255,281
PB304-CX600T11GAS8,"8""",600,304,11 Gauge,0.1196,5.5,5.35,7.49,76,84
PBSA36-CX600T11GAS8,"8""",600,SA-36,11 Gauge,0.1196,1.85,5.12,7.17,48,53
PBSA516-70-CX600T11GAS8,"8""",600,SA-516-70,11 Gauge,0.1196,2.15,5.12,7.17,50,56
PB304L-CX600T11GAS8,"8""",600,304L,11 Gauge,0.1196,5.95,5.35,7.49,79,87
PB316L-CX600T11GAS8,"8""",600,316L,11 Gauge,0.1196,7.4,5.41,7.57,91,101
PBAL6061-CX600T11GAS8,"8""",600,AL-6061,11 Gauge,0.1196,5,1.8,2.52,47,52
PB304-CX600T1/8S8,"8""",600,304,"1/8""",0.125,5.5,5.59,7.83,78,86
PBSA36-CX600T1/8S8,"8""",600,SA-36,"1/8""",0.125,1.85,5.35,7.49,49,54
PBSA516-70-CX600T1/8S8,"8""",600,SA-516-70,"1/8""",0.125,2.15,5.35,7.49,51,57
PB304L-CX600T1/8S8,"8""",600,304L,"1/8""",0.125,5.95,5.59,7.83,81,90
PB316L-CX600T1/8S8,"8""",600,316L,"1/8""",0.125,7.4,5.65,7.91,93,103
PBAL6061-CX600T1/8S8,"8""",600,AL-6061,"1/8""",0.125,5,1.88,2.63,48,53
PB304-CX600T3/16S8,"8""",600,304,"3/16""",0.1875,5.5,8.38,11.73,99,109
PBSA36-CX600T3/16S8,"8""",600,SA-36,"3/16""",0.1875,1.85,8.02,11.23,56,62
PBSA516-70-CX600T3/16S8,"8""",600,SA-516-70,"3/16""",0.1875,2.15,8.02,11.23,59,65
PB304L-CX600T3/16S8,"8""",600,304L,"3/16""",0.1875,5.95,8.38,11.73,105,116
PB316L-CX600T3/16S8,"8""",600,316L,"3/16""",0.1875,7.4,8.48,11.87,123,136
PBAL6061-CX600T3/16S8,"8""",600,AL-6061,"3/16""",0.1875,5,2.83,3.96,55,61
PB304-CX600T1/4S8,"8""",600,304,"1/4""",0.25,5.5,11.17,15.64,121,134
PBSA36-CX600T1/4S8,"8""",600,SA-36,"1/4""",0.25,1.85,10.7,14.98,63,70
PBSA516-70-CX600T1/4S8,"8""",600,SA-516-70,"1/4""",0.25,2.15,10.7,14.98,67,74
PB304L-CX600T1/4S8,"8""",600,304L,"1/4""",0.25,5.95,11.17,15.64,128,141
PB316L-CX600T1/4S8,"8""",600,316L,"1/4""",0.25,7.4,11.3,15.82,152,168
PBAL6061-CX600T1/4S8,"8""",600,AL-6061,"1/4""",0.25,5,3.77,5.28,61,68
PB304-CX600T5/16S8,"8""",600,304,"5/16""",0.3125,5.5,13.97,19.56,142,157
PBSA36-CX600T5/16S8,"8""",600,SA-36,"5/16""",0.3125,1.85,13.37,18.72,69,76
PBSA516-70-CX600T5/16S8,"8""",600,SA-516-70,"5/16""",0.3125,2.15,13.37,18.72,75,83
PB304L-CX600T5/16S8,"8""",600,304L,"5/16""",0.3125,5.95,13.97,19.56,151,167
PB316L-CX600T5/16S8,"8""",600,316L,"5/16""",0.3125,7.4,14.13,19.78,181,200
PBAL6061-CX600T5/16S8,"8""",600,AL-6061,"5/16""",0.3125,5,4.71,6.59,68,75
PB304-CX600T3/8S8,"8""",600,304,"3/8""",0.375,5.5,16.76,23.46,164,181
PBSA36-CX600T3/8S8,"8""",600,SA-36,"3/8""",0.375,1.85,16.04,22.46,76,84
PBSA516-70-CX600T3/8S8,"8""",600,SA-516-70,"3/8""",0.375,2.15,16.04,22.46,83,92
PB304L-CX600T3/8S8,"8""",600,304L,"3/8""",0.375,5.95,16.76,23.46,174,192
PB316L-CX600T3/8S8,"8""",600,316L,"3/8""",0.375,7.4,16.95,23.73,210,232
PBAL6061-CX600T3/8S8,"8""",600,AL-6061,"3/8""",0.375,5,5.65,7.91,74,82
PB304-CX600T1/2S8,"8""",600,304,"1/2""",0.5,5.5,22.35,31.29,207,228
PBSA36-CX600T1/2S8,"8""",600,SA-36,"1/2""",0.5,1.85,21.39,29.95,90,100
PBSA516-70-CX600T1/2S8,"8""",600,SA-516-70,"1/2""",0.5,2.15,21.39,29.95,99,109
PB304L-CX600T1/2S8,"8""",600,304L,"1/2""",0.5,5.95,22.35,31.29,221,244
PB316L-CX600T1/2S8,"8""",600,316L,"1/2""",0.5,7.4,22.6,31.64,269,296
PBAL6061-CX600T1/2S8,"8""",600,AL-6061,"1/2""",0.5,5,7.54,10.56,88,97
PB304-CX600T5/8S8,"8""",600,304,"5/8""",0.625,5.5,27.93,39.1,250,275
PBSA36-CX600T5/8S8,"8""",600,SA-36,"5/8""",0.625,1.85,26.74,37.44,104,115
PBSA516-70-CX600T5/8S8,"8""",600,SA-516-70,"5/8""",0.625,2.15,26.74,37.44,115,127
PB304L-CX600T5/8S8,"8""",600,304L,"5/8""",0.625,5.95,27.93,39.1,267,294
PB316L-CX600T5/8S8,"8""",600,316L,"5/8""",0.625,7.4,28.25,39.55,328,361
PBAL6061-CX600T5/8S8,"8""",600,AL-6061,"5/8""",0.625,5,9.42,13.19,101,112
PB304-CX600T3/4S8,"8""",600,304,"3/4""",0.75,5.5,33.52,46.93,293,323
PBSA36-CX600T3/4S8,"8""",600,SA-36,"3/4""",0.75,1.85,32.09,44.93,118,130
PBSA516-70-CX600T3/4S8,"8""",600,SA-516-70,"3/4""",0.75,2.15,32.09,44.93,131,145
PB304L-CX600T3/4S8,"8""",600,304L,"3/4""",0.75,5.95,33.52,46.93,314,346
PB316L-CX600T3/4S8,"8""",600,316L,"3/4""",0.75,7.4,33.9,47.46,386,425
PBAL6061-CX600T3/4S8,"8""",600,AL-6061,"3/4""",0.75,5,11.31,15.83,114,126
PB304-CX600T7/8S8,"8""",600,304,"7/8""",0.875,5.5,39.11,54.75,336,370
PBSA36-CX600T7/8S8,"8""",600,SA-36,"7/8""",0.875,1.85,37.43,52.4,132,146
PBSA516-70-CX600T7/8S8,"8""",600,SA-516-70,"7/8""",0.875,2.15,37.43,52.4,148,163
PB304L-CX600T7/8S8,"8""",600,304L,"7/8""",0.875,5.95,39.11,54.75,361,398
PB316L-CX600T7/8S8,"8""",600,316L,"7/8""",0.875,7.4,39.55,55.37,445,490
PBAL6061-CX600T7/8S8,"8""",600,AL-6061,"7/8""",0.875,5,13.19,18.47,127,140
PB304-CX600T1S8,"8""",600,304,"1""",1,5.5,44.69,62.57,379,417
PBSA36-CX600T1S8,"8""",600,SA-36,"1""",1,1.85,42.78,59.89,146,161
PBSA516-70-CX600T1S8,"8""",600,SA-516-70,"1""",1,2.15,42.78,59.89,164,181
PB304L-CX600T1S8,"8""",600,304L,"1""",1,5.95,44.69,62.57,407,448
PB316L-CX600T1S8,"8""",600,316L,"1""",1,7.4,45.2,63.28,503,554
PBAL6061-CX600T1S8,"8""",600,AL-6061,"1""",1,5,15.07,21.1,140,154
PB304-CX600T1-1/8S8,"8""",600,304,"1-1/8""",1.125,5.5,50.28,70.39,422,465
PBSA36-CX600T1-1/8S8,"8""",600,SA-36,"1-1/8""",1.125,1.85,48.13,67.38,160,176
PBSA516-70-CX600T1-1/8S8,"8""",600,SA-516-70,"1-1/8""",1.125,2.15,48.13,67.38,180,199
PB304L-CX600T1-1/8S8,"8""",600,304L,"1-1/8""",1.125,5.95,50.28,70.39,454,500
PB316L-CX600T1-1/8S8,"8""",600,316L,"1-1/8""",1.125,7.4,50.85,71.19,562,619
PBAL6061-CX600T1-1/8S8,"8""",600,AL-6061,"1-1/8""",1.125,5,16.96,23.74,154,170
PB304-CX600T1-1/4S8,"8""",600,304,"1-1/4""",1.25,5.5,55.87,78.22,465,512
PBSA36-CX600T1-1/4S8,"8""",600,SA-36,"1-1/4""",1.25,1.85,53.48,74.87,173,191
PBSA516-70-CX600T1-1/4S8,"8""",600,SA-516-70,"1-1/4""",1.25,2.15,53.48,74.87,196,216
PB304L-CX600T1-1/4S8,"8""",600,304L,"1-1/4""",1.25,5.95,55.87,78.22,500,550
PB316L-CX600T1-1/4S8,"8""",600,316L,"1-1/4""",1.25,7.4,56.5,79.1,620,682
PBAL6061-CX600T1-1/4S8,"8""",600,AL-6061,"1-1/4""",1.25,5,18.84,26.38,167,184
PB304-CX600T1-3/8S8,"8""",600,304,"1-3/8""",1.375,5.5,61.45,86.03,508,559
PBSA36-CX600T1-3/8S8,"8""",600,SA-36,"1-3/8""",1.375,1.85,58.82,82.35,187,206
PBSA516-70-CX600T1-3/8S8,"8""",600,SA-516-70,"1-3/8""",1.375,2.15,58.82,82.35,212,234
PB304L-CX600T1-3/8S8,"8""",600,304L,"1-3/8""",1.375,5.95,61.45,86.03,547,602
PB316L-CX600T1-3/8S8,"8""",600,316L,"1-3/8""",1.375,7.4,62.15,87.01,679,747
PBAL6061-CX600T1-3/8S8,"8""",600,AL-6061,"1-3/8""",1.375,5,20.73,29.02,180,199
PB304-CX600T1-1/2S8,"8""",600,304,"1-1/2""",1.5,5.5,67.04,93.86,551,607
PBSA36-CX600T1-1/2S8,"8""",600,SA-36,"1-1/2""",1.5,1.85,64.17,89.84,201,222
PBSA516-70-CX600T1-1/2S8,"8""",600,SA-516-70,"1-1/2""",1.5,2.15,64.17,89.84,228,251
PB304L-CX600T1-1/2S8,"8""",600,304L,"1-1/2""",1.5,5.95,67.04,93.86,593,653
PB316L-CX600T1-1/2S8,"8""",600,316L,"1-1/2""",1.5,7.4,67.8,94.92,737,811
PBAL6061-CX600T1-1/2S8,"8""",600,AL-6061,"1-1/2""",1.5,5,22.61,31.65,193,213
PB304-CX600T1-5/8S8,"8""",600,304,"1-5/8""",1.625,5.5,72.63,101.68,594,654
PBSA36-CX600T1-5/8S8,"8""",600,SA-36,"1-5/8""",1.625,1.85,69.52,97.33,215,237
PBSA516-70-CX600T1-5/8S8,"8""",600,SA-516-70,"1-5/8""",1.625,2.15,69.52,97.33,244,269
PB304L-CX600T1-5/8S8,"8""",600,304L,"1-5/8""",1.625,5.95,72.63,101.68,640,704
PB316L-CX600T1-5/8S8,"8""",600,316L,"1-5/8""",1.625,7.4,73.45,102.83,796,876
PBAL6061-CX600T1-5/8S8,"8""",600,AL-6061,"1-5/8""",1.625,5,24.5,34.3,206,227
PB304-CX600T1-3/4S8,"8""",600,304,"1-3/4""",1.75,5.5,78.21,109.49,637,701
PBSA36-CX600T1-3/4S8,"8""",600,SA-36,"1-3/4""",1.75,1.85,74.87,104.82,229,252
PBSA516-70-CX600T1-3/4S8,"8""",600,SA-516-70,"1-3/4""",1.75,2.15,74.87,104.82,260,286
PB304L-CX600T1-3/4S8,"8""",600,304L,"1-3/4""",1.75,5.95,78.21,109.49,686,755
PB316L-CX600T1-3/4S8,"8""",600,316L,"1-3/4""",1.75,7.4,79.1,110.74,854,940
PBAL6061-CX600T1-3/4S8,"8""",600,AL-6061,"1-3/4""",1.75,5,26.38,36.93,219,241
PB304-CX600T1-7/8S8,"8""",600,304,"1-7/8""",1.875,5.5,83.8,117.32,680,749
PBSA36-CX600T1-7/8S8,"8""",600,SA-36,"1-7/8""",1.875,1.85,80.21,112.29,243,268
PBSA516-70-CX600T1-7/8S8,"8""",600,SA-516-70,"1-7/8""",1.875,2.15,80.21,112.29,276,304
PB304L-CX600T1-7/8S8,"8""",600,304L,"1-7/8""",1.875,5.95,83.8,117.32,733,807
PB316L-CX600T1-7/8S8,"8""",600,316L,"1-7/8""",1.875,7.4,84.75,118.65,913,1005
PBAL6061-CX600T1-7/8S8,"8""",600,AL-6061,"1-7/8""",1.875,5,28.26,39.56,233,257
PB304-CX600T2S8,"8""",600,304,"2""",2,5.5,89.39,125.15,723,796
PBSA36-CX600T2S8,"8""",600,SA-36,"2""",2,1.85,85.56,119.78,256,282
PBSA516-70-CX600T2S8,"8""",600,SA-516-70,"2""",2,2.15,85.56,119.78,292,322
PB304L-CX600T2S8,"8""",600,304L,"2""",2,5.95,89.39,125.15,779,857
PB316L-CX600T2S8,"8""",600,316L,"2""",2,7.4,90.4,126.56,971,1069
PBAL6061-CX600T2S8,"8""",600,AL-6061,"2""",2,5,30.15,42.21,246,271
PB304-CX600T2-1/4S8,"8""",600,304,"2-1/4""",2.25,5.5,100.56,140.78,809,890
PBSA36-CX600T2-1/4S8,"8""",600,SA-36,"2-1/4""",2.25,1.85,96.26,134.76,284,313
PBSA516-70-CX600T2-1/4S8,"8""",600,SA-516-70,"2-1/4""",2.25,2.15,96.26,134.76,325,358
PB304L-CX600T2-1/4S8,"8""",600,304L,"2-1/4""",2.25,5.95,100.56,140.78,872,960
PB316L-CX600T2-1/4S8,"8""",600,316L,"2-1/4""",2.25,7.4,101.7,142.38,1088,1197
PBAL6061-CX600T2-1/4S8,"8""",600,AL-6061,"2-1/4""",2.25,5,33.92,47.49,272,300
PB304-CX600T2-1/2S8,"8""",600,304,"2-1/2""",2.5,5.5,111.73,156.42,895,985
PBSA36-CX600T2-1/2S8,"8""",600,SA-36,"2-1/2""",2.5,1.85,106.95,149.73,312,344
PBSA516-70-CX600T2-1/2S8,"8""",600,SA-516-70,"2-1/2""",2.5,2.15,106.95,149.73,357,393
PB304L-CX600T2-1/2S8,"8""",600,304L,"2-1/2""",2.5,5.95,111.73,156.42,966,1063
PB316L-CX600T2-1/2S8,"8""",600,316L,"2-1/2""",2.5,7.4,113,158.2,1206,1327
PBAL6061-CX600T2-1/2S8,"8""",600,AL-6061,"2-1/2""",2.5,5,37.68,52.75,299,329
PB304-CX600T3S8,"8""",600,304,"3""",3,5.5,134.08,187.71,1067,1174
PBSA36-CX600T3S8,"8""",600,SA-36,"3""",3,1.85,128.34,179.68,367,404
PBSA516-70-CX600T3S8,"8""",600,SA-516-70,"3""",3,2.15,128.34,179.68,421,464
PB304L-CX600T3S8,"8""",600,304L,"3""",3,5.95,134.08,187.71,1152,1268
PB316L-CX600T3S8,"8""",600,316L,"3""",3,7.4,135.6,189.84,1440,1585
PBAL6061-CX600T3S8,"8""",600,AL-6061,"3""",3,5,45.22,63.31,351,387
PB304-CX600T11GAS10,"10""",600,304,11 Gauge,0.1196,5.5,8.27,11.58,99,109
PBSA36-CX600T11GAS10,"10""",600,SA-36,11 Gauge,0.1196,1.85,7.92,11.09,55,61
PBSA516-70-CX600T11GAS10,"10""",600,SA-516-70,11 Gauge,0.1196,2.15,7.92,11.09,59,65
PB304L-CX600T11GAS10,"10""",600,304L,11 Gauge,0.1196,5.95,8.27,11.58,104,115
PB316L-CX600T11GAS10,"10""",600,316L,11 Gauge,0.1196,7.4,8.37,11.72,122,135
PBAL6061-CX600T11GAS10,"10""",600,AL-6061,11 Gauge,0.1196,5,2.79,3.91,54,60
PB304-CX600T1/8S10,"10""",600,304,"1/8""",0.125,5.5,8.65,12.11,101,112
PBSA36-CX600T1/8S10,"10""",600,SA-36,"1/8""",0.125,1.85,8.28,11.59,56,62
PBSA516-70-CX600T1/8S10,"10""",600,SA-516-70,"1/8""",0.125,2.15,8.28,11.59,60,66
PB304L-CX600T1/8S10,"10""",600,304L,"1/8""",0.125,5.95,8.65,12.11,107,118
PB316L-CX600T1/8S10,"10""",600,316L,"1/8""",0.125,7.4,8.75,12.25,125,138
PBAL6061-CX600T1/8S10,"10""",600,AL-6061,"1/8""",0.125,5,2.92,4.09,55,61
PB304-CX600T3/16S10,"10""",600,304,"3/16""",0.1875,5.5,12.97,18.16,135,149
PBSA36-CX600T3/16S10,"10""",600,SA-36,"3/16""",0.1875,1.85,12.42,17.39,67,74
PBSA516-70-CX600T3/16S10,"10""",600,SA-516-70,"3/16""",0.1875,2.15,12.42,17.39,72,80
PB304L-CX600T3/16S10,"10""",600,304L,"3/16""",0.1875,5.95,12.97,18.16,143,158
PB316L-CX600T3/16S10,"10""",600,316L,"3/16""",0.1875,7.4,13.12,18.37,171,189
PBAL6061-CX600T3/16S10,"10""",600,AL-6061,"3/16""",0.1875,5,4.38,6.13,65,72
PB304-CX600T1/4S10,"10""",600,304,"1/4""",0.25,5.5,17.3,24.22,168,185
PBSA36-CX600T1/4S10,"10""",600,SA-36,"1/4""",0.25,1.85,16.56,23.18,78,86
PBSA516-70-CX600T1/4S10,"10""",600,SA-516-70,"1/4""",0.25,2.15,16.56,23.18,85,94
PB304L-CX600T1/4S10,"10""",600,304L,"1/4""",0.25,5.95,17.3,24.22,179,197
PB316L-CX600T1/4S10,"10""",600,316L,"1/4""",0.25,7.4,17.49,24.49,216,238
PBAL6061-CX600T1/4S10,"10""",600,AL-6061,"1/4""",0.25,5,5.83,8.16,76,84
PB304-CX600T5/16S10,"10""",600,304,"5/16""",0.3125,5.5,21.62,30.27,201,222
PBSA36-CX600T5/16S10,"10""",600,SA-36,"5/16""",0.3125,1.85,20.69,28.97,88,97
PBSA516-70-CX600T5/16S10,"10""",600,SA-516-70,"5/16""",0.3125,2.15,20.69,28.97,97,107
PB304L-CX600T5/16S10,"10""",600,304L,"5/16""",0.3125,5.95,21.62,30.27,215,237
PB316L-CX600T5/16S10,"10""",600,316L,"5/16""",0.3125,7.4,21.86,30.6,261,288
PBAL6061-CX600T5/16S10,"10""",600,AL-6061,"5/16""",0.3125,5,7.29,10.21,86,95
PB304-CX600T3/8S10,"10""",600,304,"3/8""",0.375,5.5,25.94,36.32,235,259
PBSA36-CX600T3/8S10,"10""",600,SA-36,"3/8""",0.375,1.85,24.83,34.76,99,109
PBSA516-70-CX600T3/8S10,"10""",600,SA-516-70,"3/8""",0.375,2.15,24.83,34.76,110,122
PB304L-CX600T3/8S10,"10""",600,304L,"3/8""",0.375,5.95,25.94,36.32,251,277
PB316L-CX600T3/8S10,"10""",600,316L,"3/8""",0.375,7.4,26.24,36.74,307,338
PBAL6061-CX600T3/8S10,"10""",600,AL-6061,"3/8""",0.375,5,8.75,12.25,96,106
PB304-CX600T1/2S10,"10""",600,304,"1/2""",0.5,5.5,34.59,48.43,301,332
PBSA36-CX600T1/2S10,"10""",600,SA-36,"1/2""",0.5,1.85,33.11,46.35,121,134
PBSA516-70-CX600T1/2S10,"10""",600,SA-516-70,"1/2""",0.5,2.15,33.11,46.35,134,148
PB304L-CX600T1/2S10,"10""",600,304L,"1/2""",0.5,5.95,34.59,48.43,323,356
PB316L-CX600T1/2S10,"10""",600,316L,"1/2""",0.5,7.4,34.98,48.97,397,437
PBAL6061-CX600T1/2S10,"10""",600,AL-6061,"1/2""",0.5,5,11.67,16.34,117,129
PB304-CX600T5/8S10,"10""",600,304,"5/8""",0.625,5.5,43.24,60.54,368,405
PBSA36-CX600T5/8S10,"10""",600,SA-36,"5/8""",0.625,1.85,41.39,57.95,142,157
PBSA516-70-CX600T5/8S10,"10""",600,SA-516-70,"5/8""",0.625,2.15,41.39,57.95,159,175
PB304L-CX600T5/8S10,"10""",600,304L,"5/8""",0.625,5.95,43.24,60.54,395,435
PB316L-CX600T5/8S10,"10""",600,316L,"5/8""",0.625,7.4,43.73,61.22,488,537
PBAL6061-CX600T5/8S10,"10""",600,AL-6061,"5/8""",0.625,5,14.58,20.41,137,151
PB304-CX600T3/4S10,"10""",600,304,"3/4""",0.75,5.5,51.89,72.65,434,478
PBSA36-CX600T3/4S10,"10""",600,SA-36,"3/4""",0.75,1.85,49.67,69.54,163,180
PBSA516-70-CX600T3/4S10,"10""",600,SA-516-70,"3/4""",0.75,2.15,49.67,69.54,184,203
PB304L-CX600T3/4S10,"10""",600,304L,"3/4""",0.75,5.95,51.89,72.65,467,514
PB316L-CX600T3/4S10,"10""",600,316L,"3/4""",0.75,7.4,52.48,73.47,579,637
PBAL6061-CX600T3/4S10,"10""",600,AL-6061,"3/4""",0.75,5,17.5,24.5,157,173
PB304-CX600T7/8S10,"10""",600,304,"7/8""",0.875,5.5,60.53,84.74,501,552
PBSA36-CX600T7/8S10,"10""",600,SA-36,"7/8""",0.875,1.85,57.94,81.12,185,204
PBSA516-70-CX600T7/8S10,"10""",600,SA-516-70,"7/8""",0.875,2.15,57.94,81.12,209,230
PB304L-CX600T7/8S10,"10""",600,304L,"7/8""",0.875,5.95,60.53,84.74,539,593
PB316L-CX600T7/8S10,"10""",600,316L,"7/8""",0.875,7.4,61.22,85.71,669,736
PBAL6061-CX600T7/8S10,"10""",600,AL-6061,"7/8""",0.875,5,20.42,28.59,178,196
PB304-CX600T1S10,"10""",600,304,"1""",1,5.5,69.18,96.85,568,625
PBSA36-CX600T1S10,"10""",600,SA-36,"1""",1,1.85,66.22,92.71,206,227
PBSA516-70-CX600T1S10,"10""",600,SA-516-70,"1""",1,2.15,66.22,92.71,234,258
PB304L-CX600T1S10,"10""",600,304L,"1""",1,5.95,69.18,96.85,611,673
PB316L-CX600T1S10,"10""",600,316L,"1""",1,7.4,69.97,97.96,760,837
PBAL6061-CX600T1S10,"10""",600,AL-6061,"1""",1,5,23.33,32.66,198,218
PB304-CX600T1-1/8S10,"10""",600,304,"1-1/8""",1.125,5.5,77.83,108.96,634,698
PBSA36-CX600T1-1/8S10,"10""",600,SA-36,"1-1/8""",1.125,1.85,74.5,104.3,228,251
PBSA516-70-CX600T1-1/8S10,"10""",600,SA-516-70,"1-1/8""",1.125,2.15,74.5,104.3,259,285
PB304L-CX600T1-1/8S10,"10""",600,304L,"1-1/8""",1.125,5.95,77.83,108.96,683,752
PB316L-CX600T1-1/8S10,"10""",600,316L,"1-1/8""",1.125,7.4,78.71,110.19,850,936
PBAL6061-CX600T1-1/8S10,"10""",600,AL-6061,"1-1/8""",1.125,5,26.25,36.75,219,241
PB304-CX600T1-1/4S10,"10""",600,304,"1-1/4""",1.25,5.5,86.48,121.07,701,772
PBSA36-CX600T1-1/4S10,"10""",600,SA-36,"1-1/4""",1.25,1.85,82.78,115.89,249,274
PBSA516-70-CX600T1-1/4S10,"10""",600,SA-516-70,"1-1/4""",1.25,2.15,82.78,115.89,284,313
PB304L-CX600T1-1/4S10,"10""",600,304L,"1-1/4""",1.25,5.95,86.48,121.07,755,831
PB316L-CX600T1-1/4S10,"10""",600,316L,"1-1/4""",1.25,7.4,87.46,122.44,941,1036
PBAL6061-CX600T1-1/4S10,"10""",600,AL-6061,"1-1/4""",1.25,5,29.17,40.84,239,263
PB304-CX600T1-3/8S10,"10""",600,304,"1-3/8""",1.375,5.5,95.12,133.17,767,844
PBSA36-CX600T1-3/8S10,"10""",600,SA-36,"1-3/8""",1.375,1.85,91.06,127.48,271,299
PBSA516-70-CX600T1-3/8S10,"10""",600,SA-516-70,"1-3/8""",1.375,2.15,91.06,127.48,309,340
PB304L-CX600T1-3/8S10,"10""",600,304L,"1-3/8""",1.375,5.95,95.12,133.17,827,910
PB316L-CX600T1-3/8S10,"10""",600,316L,"1-3/8""",1.375,7.4,96.21,134.69,1032,1136
PBAL6061-CX600T1-3/8S10,"10""",600,AL-6061,"1-3/8""",1.375,5,32.08,44.91,259,285
PB304-CX600T1-1/2S10,"10""",600,304,"1-1/2""",1.5,5.5,103.77,145.28,834,918
PBSA36-CX600T1-1/2S10,"10""",600,SA-36,"1-1/2""",1.5,1.85,99.33,139.06,292,322
PBSA516-70-CX600T1-1/2S10,"10""",600,SA-516-70,"1-1/2""",1.5,2.15,99.33,139.06,334,368
PB304L-CX600T1-1/2S10,"10""",600,304L,"1-1/2""",1.5,5.95,103.77,145.28,899,989
PB316L-CX600T1-1/2S10,"10""",600,316L,"1-1/2""",1.5,7.4,104.95,146.93,1122,1235
PBAL6061-CX600T1-1/2S10,"10""",600,AL-6061,"1-1/2""",1.5,5,35,49,280,308
PB304-CX600T1-5/8S10,"10""",600,304,"1-5/8""",1.625,5.5,112.42,157.39,900,991
PBSA36-CX600T1-5/8S10,"10""",600,SA-36,"1-5/8""",1.625,1.85,107.61,150.65,314,346
PBSA516-70-CX600T1-5/8S10,"10""",600,SA-516-70,"1-5/8""",1.625,2.15,107.61,150.65,359,395
PB304L-CX600T1-5/8S10,"10""",600,304L,"1-5/8""",1.625,5.95,112.42,157.39,971,1069
PB316L-CX600T1-5/8S10,"10""",600,316L,"1-5/8""",1.625,7.4,113.7,159.18,1213,1335
PBAL6061-CX600T1-5/8S10,"10""",600,AL-6061,"1-5/8""",1.625,5,37.92,53.09,300,330
PB304-CX600T1-3/4S10,"10""",600,304,"1-3/4""",1.75,5.5,121.07,169.5,967,1064
PBSA36-CX600T1-3/4S10,"10""",600,SA-36,"1-3/4""",1.75,1.85,115.89,162.25,335,369
PBSA516-70-CX600T1-3/4S10,"10""",600,SA-516-70,"1-3/4""",1.75,2.15,115.89,162.25,384,423
PB304L-CX600T1-3/4S10,"10""",600,304L,"1-3/4""",1.75,5.95,121.07,169.5,1043,1148
PB316L-CX600T1-3/4S10,"10""",600,316L,"1-3/4""",1.75,7.4,122.44,171.42,1303,1434
PBAL6061-CX600T1-3/4S10,"10""",600,AL-6061,"1-3/4""",1.75,5,40.83,57.16,321,354
PB304-CX600T1-7/8S10,"10""",600,304,"1-7/8""",1.875,5.5,129.71,181.59,1034,1138
PBSA36-CX600T1-7/8S10,"10""",600,SA-36,"1-7/8""",1.875,1.85,124.17,173.84,356,392
PBSA516-70-CX600T1-7/8S10,"10""",600,SA-516-70,"1-7/8""",1.875,2.15,124.17,173.84,409,450
PB304L-CX600T1-7/8S10,"10""",600,304L,"1-7/8""",1.875,5.95,129.71,181.59,1115,1227
PB316L-CX600T1-7/8S10,"10""",600,316L,"1-7/8""",1.875,7.4,131.19,183.67,1394,1534
PBAL6061-CX600T1-7/8S10,"10""",600,AL-6061,"1-7/8""",1.875,5,43.75,61.25,341,376
PB304-CX600T2S10,"10""",600,304,"2""",2,5.5,138.36,193.7,1100,1210
PBSA36-CX600T2S10,"10""",600,SA-36,"2""",2,1.85,132.44,185.42,378,416
PBSA516-70-CX600T2S10,"10""",600,SA-516-70,"2""",2,2.15,132.44,185.42,434,478
PB304L-CX600T2S10,"10""",600,304L,"2""",2,5.95,138.36,193.7,1187,1306
PB316L-CX600T2S10,"10""",600,316L,"2""",2,7.4,139.94,195.92,1485,1634
PBAL6061-CX600T2S10,"10""",600,AL-6061,"2""",2,5,46.67,65.34,362,399
PB304-CX600T2-1/4S10,"10""",600,304,"2-1/4""",2.25,5.5,155.66,217.92,1233,1357
PBSA36-CX600T2-1/4S10,"10""",600,SA-36,"2-1/4""",2.25,1.85,149,208.6,421,464
PBSA516-70-CX600T2-1/4S10,"10""",600,SA-516-70,"2-1/4""",2.25,2.15,149,208.6,483,532
PB304L-CX600T2-1/4S10,"10""",600,304L,"2-1/4""",2.25,5.95,155.66,217.92,1331,1465
PB316L-CX600T2-1/4S10,"10""",600,316L,"2-1/4""",2.25,7.4,157.43,220.4,1666,1833
PBAL6061-CX600T2-1/4S10,"10""",600,AL-6061,"2-1/4""",2.25,5,52.5,73.5,402,443
PB304-CX600T2-1/2S10,"10""",600,304,"2-1/2""",2.5,5.5,172.95,242.13,1367,1504
PBSA36-CX600T2-1/2S10,"10""",600,SA-36,"2-1/2""",2.5,1.85,165.55,231.77,464,511
PBSA516-70-CX600T2-1/2S10,"10""",600,SA-516-70,"2-1/2""",2.5,2.15,165.55,231.77,533,587
PB304L-CX600T2-1/2S10,"10""",600,304L,"2-1/2""",2.5,5.95,172.95,242.13,1476,1624
PB316L-CX600T2-1/2S10,"10""",600,316L,"2-1/2""",2.5,7.4,174.92,244.89,1847,2032
PBAL6061-CX600T2-1/2S10,"10""",600,AL-6061,"2-1/2""",2.5,5,58.33,81.66,443,488
PB304-CX600T3S10,"10""",600,304,"3""",3,5.5,207.54,290.56,1633,1797
PBSA36-CX600T3S10,"10""",600,SA-36,"3""",3,1.85,198.67,278.14,549,604
PBSA516-70-CX600T3S10,"10""",600,SA-516-70,"3""",3,2.15,198.67,278.14,633,697
PB304L-CX600T3S10,"10""",600,304L,"3""",3,5.95,207.54,290.56,1764,1941
PB316L-CX600T3S10,"10""",600,316L,"3""",3,7.4,209.9,293.86,2209,2430
PBAL6061-CX600T3S10,"10""",600,AL-6061,"3""",3,5,70,98,525,578
PB304-CX600T11GAS12,"12""",600,304,11 Gauge,0.1196,5.5,10.76,15.06,120,132
PBSA36-CX600T11GAS12,"12""",600,SA-36,11 Gauge,0.1196,1.85,10.3,14.42,64,71
PBSA516-70-CX600T11GAS12,"12""",600,SA-516-70,11 Gauge,0.1196,2.15,10.3,14.42,68,75
PB304L-CX600T11GAS12,"12""",600,304L,11 Gauge,0.1196,5.95,10.76,15.06,127,140
PB316L-CX600T11GAS12,"12""",600,316L,11 Gauge,0.1196,7.4,10.89,15.25,150,165
PBAL6061-CX600T11GAS12,"12""",600,AL-6061,11 Gauge,0.1196,5,3.63,5.08,63,70
PB304-CX600T1/8S12,"12""",600,304,"1/8""",0.125,5.5,11.25,15.75,124,137
PBSA36-CX600T1/8S12,"12""",600,SA-36,"1/8""",0.125,1.85,10.77,15.08,65,72
PBSA516-70-CX600T1/8S12,"12""",600,SA-516-70,"1/8""",0.125,2.15,10.77,15.08,70,77
PB304L-CX600T1/8S12,"12""",600,304L,"1/8""",0.125,5.95,11.25,15.75,131,145
PB316L-CX600T1/8S12,"12""",600,316L,"1/8""",0.125,7.4,11.38,15.93,155,171
PBAL6061-CX600T1/8S12,"12""",600,AL-6061,"1/8""",0.125,5,3.79,5.31,64,71
PB304-CX600T3/16S12,"12""",600,304,"3/16""",0.1875,5.5,16.87,23.62,167,184
PBSA36-CX600T3/16S12,"12""",600,SA-36,"3/16""",0.1875,1.85,16.15,22.61,79,87
PBSA516-70-CX600T3/16S12,"12""",600,SA-516-70,"3/16""",0.1875,2.15,16.15,22.61,86,95
PB304L-CX600T3/16S12,"12""",600,304L,"3/16""",0.1875,5.95,16.87,23.62,178,196
PB316L-CX600T3/16S12,"12""",600,316L,"3/16""",0.1875,7.4,17.07,23.9,214,236
PBAL6061-CX600T3/16S12,"12""",600,AL-6061,"3/16""",0.1875,5,5.69,7.97,77,85
PB304-CX600T1/4S12,"12""",600,304,"1/4""",0.25,5.5,22.5,31.5,211,233
PBSA36-CX600T1/4S12,"12""",600,SA-36,"1/4""",0.25,1.85,21.54,30.16,93,103
PBSA516-70-CX600T1/4S12,"12""",600,SA-516-70,"1/4""",0.25,2.15,21.54,30.16,102,113
PB304L-CX600T1/4S12,"12""",600,304L,"1/4""",0.25,5.95,22.5,31.5,225,248
PB316L-CX600T1/4S12,"12""",600,316L,"1/4""",0.25,7.4,22.75,31.85,273,301
PBAL6061-CX600T1/4S12,"12""",600,AL-6061,"1/4""",0.25,5,7.59,10.63,91,101
PB304-CX600T5/16S12,"12""",600,304,"5/16""",0.3125,5.5,28.12,39.37,254,280
PBSA36-CX600T5/16S12,"12""",600,SA-36,"5/16""",0.3125,1.85,26.92,37.69,107,118
PBSA516-70-CX600T5/16S12,"12""",600,SA-516-70,"5/16""",0.3125,2.15,26.92,37.69,118,130
PB304L-CX600T5/16S12,"12""",600,304L,"5/16""",0.3125,5.95,28.12,39.37,272,300
PB316L-CX600T5/16S12,"12""",600,316L,"5/16""",0.3125,7.4,28.44,39.82,332,366
PBAL6061-CX600T5/16S12,"12""",600,AL-6061,"5/16""",0.3125,5,9.49,13.29,104,115
PB304-CX600T3/8S12,"12""",600,304,"3/8""",0.375,5.5,33.75,47.25,297,327
PBSA36-CX600T3/8S12,"12""",600,SA-36,"3/8""",0.375,1.85,32.3,45.22,121,134
PBSA516-70-CX600T3/8S12,"12""",600,SA-516-70,"3/8""",0.375,2.15,32.3,45.22,135,149
PB304L-CX600T3/8S12,"12""",600,304L,"3/8""",0.375,5.95,33.75,47.25,319,351
PB316L-CX600T3/8S12,"12""",600,316L,"3/8""",0.375,7.4,34.13,47.78,391,431
PBAL6061-CX600T3/8S12,"12""",600,AL-6061,"3/8""",0.375,5,11.38,15.93,117,129
PB304-CX600T1/2S12,"12""",600,304,"1/2""",0.5,5.5,45,63,384,423
PBSA36-CX600T1/2S12,"12""",600,SA-36,"1/2""",0.5,1.85,43.07,60.3,149,164
PBSA516-70-CX600T1/2S12,"12""",600,SA-516-70,"1/2""",0.5,2.15,43.07,60.3,167,184
PB304L-CX600T1/2S12,"12""",600,304L,"1/2""",0.5,5.95,45,63,412,454
PB316L-CX600T1/2S12,"12""",600,316L,"1/2""",0.5,7.4,45.51,63.71,509,560
PBAL6061-CX600T1/2S12,"12""",600,AL-6061,"1/2""",0.5,5,15.18,21.25,144,159
PB304-CX600T5/8S12,"12""",600,304,"5/8""",0.625,5.5,56.24,78.74,470,517
PBSA36-CX600T5/8S12,"12""",600,SA-36,"5/8""",0.625,1.85,53.84,75.38,177,195
PBSA516-70-CX600T5/8S12,"12""",600,SA-516-70,"5/8""",0.625,2.15,53.84,75.38,199,219
PB304L-CX600T5/8S12,"12""",600,304L,"5/8""",0.625,5.95,56.24,78.74,506,557
PB316L-CX600T5/8S12,"12""",600,316L,"5/8""",0.625,7.4,56.88,79.63,627,690
PBAL6061-CX600T5/8S12,"12""",600,AL-6061,"5/8""",0.625,5,18.97,26.56,170,188
PB304-CX600T3/4S12,"12""",600,304,"3/4""",0.75,5.5,67.49,94.49,557,613
PBSA36-CX600T3/4S12,"12""",600,SA-36,"3/4""",0.75,1.85,64.61,90.45,205,226
PBSA516-70-CX600T3/4S12,"12""",600,SA-516-70,"3/4""",0.75,2.15,64.61,90.45,232,256
PB304L-CX600T3/4S12,"12""",600,304L,"3/4""",0.75,5.95,67.49,94.49,600,660
PB316L-CX600T3/4S12,"12""",600,316L,"3/4""",0.75,7.4,68.26,95.56,745,820
PBAL6061-CX600T3/4S12,"12""",600,AL-6061,"3/4""",0.75,5,22.76,31.86,197,217
PB304-CX600T7/8S12,"12""",600,304,"7/8""",0.875,5.5,78.74,110.24,644,709
PBSA36-CX600T7/8S12,"12""",600,SA-36,"7/8""",0.875,1.85,75.37,105.52,233,257
PBSA516-70-CX600T7/8S12,"12""",600,SA-516-70,"7/8""",0.875,2.15,75.37,105.52,264,291
PB304L-CX600T7/8S12,"12""",600,304L,"7/8""",0.875,5.95,78.74,110.24,693,763
PB316L-CX600T7/8S12,"12""",600,316L,"7/8""",0.875,7.4,79.64,111.5,862,949
PBAL6061-CX600T7/8S12,"12""",600,AL-6061,"7/8""",0.875,5,26.56,37.18,223,246
PB304-CX600T1S12,"12""",600,304,"1""",1,5.5,89.99,125.99,730,804
PBSA36-CX600T1S12,"12""",600,SA-36,"1""",1,1.85,86.14,120.6,260,286
PBSA516-70-CX600T1S12,"12""",600,SA-516-70,"1""",1,2.15,86.14,120.6,297,327
PB304L-CX600T1S12,"12""",600,304L,"1""",1,5.95,89.99,125.99,787,866
PB316L-CX600T1S12,"12""",600,316L,"1""",1,7.4,91.01,127.41,980,1078
PBAL6061-CX600T1S12,"12""",600,AL-6061,"1""",1,5,30.35,42.49,250,275
PB304-CX600T1-1/8S12,"12""",600,304,"1-1/8""",1.125,5.5,101.24,141.74,817,899
PBSA36-CX600T1-1/8S12,"12""",600,SA-36,"1-1/8""",1.125,1.85,96.91,135.67,288,317
PBSA516-70-CX600T1-1/8S12,"12""",600,SA-516-70,"1-1/8""",1.125,2.15,96.91,135.67,329,362
PB304L-CX600T1-1/8S12,"12""",600,304L,"1-1/8""",1.125,5.95,101.24,141.74,881,970
PB316L-CX600T1-1/8S12,"12""",600,316L,"1-1/8""",1.125,7.4,102.39,143.35,1098,1208
PBAL6061-CX600T1-1/8S12,"12""",600,AL-6061,"1-1/8""",1.125,5,34.15,47.81,276,304
PB304-CX600T1-1/4S12,"12""",600,304,"1-1/4""",1.25,5.5,112.49,157.49,904,995
PBSA36-CX600T1-1/4S12,"12""",600,SA-36,"1-1/4""",1.25,1.85,107.68,150.75,316,348
PBSA516-70-CX600T1-1/4S12,"12""",600,SA-516-70,"1-1/4""",1.25,2.15,107.68,150.75,361,398
PB304L-CX600T1-1/4S12,"12""",600,304L,"1-1/4""",1.25,5.95,112.49,157.49,974,1072
PB316L-CX600T1-1/4S12,"12""",600,316L,"1-1/4""",1.25,7.4,113.77,159.28,1216,1338
PBAL6061-CX600T1-1/4S12,"12""",600,AL-6061,"1-1/4""",1.25,5,37.94,53.12,303,334
PB304-CX600T1-3/8S12,"12""",600,304,"1-3/8""",1.375,5.5,123.74,173.24,990,1089
PBSA36-CX600T1-3/8S12,"12""",600,SA-36,"1-3/8""",1.375,1.85,118.45,165.83,344,379
PBSA516-70-CX600T1-3/8S12,"12""",600,SA-516-70,"1-3/8""",1.375,2.15,118.45,165.83,394,434
PB304L-CX600T1-3/8S12,"12""",600,304L,"1-3/8""",1.375,5.95,123.74,173.24,1068,1175
PB316L-CX600T1-3/8S12,"12""",600,316L,"1-3/8""",1.375,7.4,125.15,175.21,1334,1468
PBAL6061-CX600T1-3/8S12,"12""",600,AL-6061,"1-3/8""",1.375,5,41.73,58.42,329,362
PB304-CX600T1-1/2S12,"12""",600,304,"1-1/2""",1.5,5.5,134.99,188.99,1077,1185
PBSA36-CX600T1-1/2S12,"12""",600,SA-36,"1-1/2""",1.5,1.85,129.21,180.89,372,410
PBSA516-70-CX600T1-1/2S12,"12""",600,SA-516-70,"1-1/2""",1.5,2.15,129.21,180.89,426,469
PB304L-CX600T1-1/2S12,"12""",600,304L,"1-1/2""",1.5,5.95,134.99,188.99,1162,1279
PB316L-CX600T1-1/2S12,"12""",600,316L,"1-1/2""",1.5,7.4,136.52,191.13,1452,1598
PBAL6061-CX600T1-1/2S12,"12""",600,AL-6061,"1-1/2""",1.5,5,45.53,63.74,356,392
PB304-CX600T1-5/8S12,"12""",600,304,"1-5/8""",1.625,5.5,146.24,204.74,1163,1280
PBSA36-CX600T1-5/8S12,"12""",600,SA-36,"1-5/8""",1.625,1.85,139.98,195.97,400,441
PBSA516-70-CX600T1-5/8S12,"12""",600,SA-516-70,"1-5/8""",1.625,2.15,139.98,195.97,459,505
PB304L-CX600T1-5/8S12,"12""",600,304L,"1-5/8""",1.625,5.95,146.24,204.74,1256,1382
PB316L-CX600T1-5/8S12,"12""",600,316L,"1-5/8""",1.625,7.4,147.9,207.06,1570,1728
PBAL6061-CX600T1-5/8S12,"12""",600,AL-6061,"1-5/8""",1.625,5,49.32,69.05,383,422
PB304-CX600T1-3/4S12,"12""",600,304,"1-3/4""",1.75,5.5,157.49,220.49,1250,1375
PBSA36-CX600T1-3/4S12,"12""",600,SA-36,"1-3/4""",1.75,1.85,150.75,211.05,428,471
PBSA516-70-CX600T1-3/4S12,"12""",600,SA-516-70,"1-3/4""",1.75,2.15,150.75,211.05,491,541
PB304L-CX600T1-3/4S12,"12""",600,304L,"1-3/4""",1.75,5.95,157.49,220.49,1349,1484
PB316L-CX600T1-3/4S12,"12""",600,316L,"1-3/4""",1.75,7.4,159.28,222.99,1687,1856
PBAL6061-CX600T1-3/4S12,"12""",600,AL-6061,"1-3/4""",1.75,5,53.12,74.37,409,450
PB304-CX600T1-7/8S12,"12""",600,304,"1-7/8""",1.875,5.5,168.73,236.22,1337,1471
PBSA36-CX600T1-7/8S12,"12""",600,SA-36,"1-7/8""",1.875,1.85,161.52,226.13,456,502
PBSA516-70-CX600T1-7/8S12,"12""",600,SA-516-70,"1-7/8""",1.875,2.15,161.52,226.13,524,577
PB304L-CX600T1-7/8S12,"12""",600,304L,"1-7/8""",1.875,5.95,168.73,236.22,1443,1588
PB316L-CX600T1-7/8S12,"12""",600,316L,"1-7/8""",1.875,7.4,170.65,238.91,1805,1986
PBAL6061-CX600T1-7/8S12,"12""",600,AL-6061,"1-7/8""",1.875,5,56.91,79.67,436,480
PB304-CX600T2S12,"12""",600,304,"2""",2,5.5,179.98,251.97,1423,1566
PBSA36-CX600T2S12,"12""",600,SA-36,"2""",2,1.85,172.28,241.19,484,533
PBSA516-70-CX600T2S12,"12""",600,SA-516-70,"2""",2,2.15,172.28,241.19,556,612
PB304L-CX600T2S12,"12""",600,304L,"2""",2,5.95,179.98,251.97,1537,1691
PB316L-CX600T2S12,"12""",600,316L,"2""",2,7.4,182.03,254.84,1923,2116
PBAL6061-CX600T2S12,"12""",600,AL-6061,"2""",2,5,60.7,84.98,462,509
PB304-CX600T2-1/4S12,"12""",600,304,"2-1/4""",2.25,5.5,202.48,283.47,1596,1756
PBSA36-CX600T2-1/4S12,"12""",600,SA-36,"2-1/4""",2.25,1.85,193.82,271.35,539,593
PBSA516-70-CX600T2-1/4S12,"12""",600,SA-516-70,"2-1/4""",2.25,2.15,193.82,271.35,621,684
PB304L-CX600T2-1/4S12,"12""",600,304L,"2-1/4""",2.25,5.95,202.48,283.47,1724,1897
PB316L-CX600T2-1/4S12,"12""",600,316L,"2-1/4""",2.25,7.4,204.78,286.69,2159,2375
PBAL6061-CX600T2-1/4S12,"12""",600,AL-6061,"2-1/4""",2.25,5,68.29,95.61,515,567
PB304-CX600T2-1/2S12,"12""",600,304,"2-1/2""",2.5,5.5,224.98,314.97,1770,1948
PBSA36-CX600T2-1/2S12,"12""",600,SA-36,"2-1/2""",2.5,1.85,215.36,301.5,595,655
PBSA516-70-CX600T2-1/2S12,"12""",600,SA-516-70,"2-1/2""",2.5,2.15,215.36,301.5,686,755
PB304L-CX600T2-1/2S12,"12""",600,304L,"2-1/2""",2.5,5.95,224.98,314.97,1911,2103
PB316L-CX600T2-1/2S12,"12""",600,316L,"2-1/2""",2.5,7.4,227.54,318.56,2395,2635
PBAL6061-CX600T2-1/2S12,"12""",600,AL-6061,"2-1/2""",2.5,5,75.88,106.23,569,626
PB304-CX600T3S12,"12""",600,304,"3""",3,5.5,269.98,377.97,2116,2328
PBSA36-CX600T3S12,"12""",600,SA-36,"3""",3,1.85,258.43,361.8,707,778
PBSA516-70-CX600T3S12,"12""",600,SA-516-70,"3""",3,2.15,258.43,361.8,815,897
PB304L-CX600T3S12,"12""",600,304L,"3""",3,5.95,269.98,377.97,2286,2515
PB316L-CX600T3S12,"12""",600,316L,"3""",3,7.4,273.04,382.26,2866,3153
PBAL6061-CX600T3S12,"12""",600,AL-6061,"3""",3,5,91.06,127.48,675,743
PB304-CX600T11GAS14,"14""",600,304,11 Gauge,0.1196,5.5,12.47,17.46,137,151
PBSA36-CX600T11GAS14,"14""",600,SA-36,11 Gauge,0.1196,1.85,11.93,16.7,72,80
PBSA516-70-CX600T11GAS14,"14""",600,SA-516-70,11 Gauge,0.1196,2.15,11.93,16.7,77,85
PB304L-CX600T11GAS14,"14""",600,304L,11 Gauge,0.1196,5.95,12.47,17.46,145,160
PB316L-CX600T11GAS14,"14""",600,316L,11 Gauge,0.1196,7.4,12.61,17.65,171,189
PBAL6061-CX600T11GAS14,"14""",600,AL-6061,11 Gauge,0.1196,5,4.2,5.88,70,77
PB304-CX600T1/8S14,"14""",600,304,"1/8""",0.125,5.5,13.03,18.24,141,156
PBSA36-CX600T1/8S14,"14""",600,SA-36,"1/8""",0.125,1.85,12.47,17.46,73,81
PBSA516-70-CX600T1/8S14,"14""",600,SA-516-70,"1/8""",0.125,2.15,12.47,17.46,78,86
PB304L-CX600T1/8S14,"14""",600,304L,"1/8""",0.125,5.95,13.03,18.24,149,164
PB316L-CX600T1/8S14,"14""",600,316L,"1/8""",0.125,7.4,13.18,18.45,177,195
PBAL6061-CX600T1/8S14,"14""",600,AL-6061,"1/8""",0.125,5,4.39,6.15,71,79
PB304-CX600T3/16S14,"14""",600,304,"3/16""",0.1875,5.5,19.54,27.36,191,211
PBSA36-CX600T3/16S14,"14""",600,SA-36,"3/16""",0.1875,1.85,18.71,26.19,89,98
PBSA516-70-CX600T3/16S14,"14""",600,SA-516-70,"3/16""",0.1875,2.15,18.71,26.19,97,107
PB304L-CX600T3/16S14,"14""",600,304L,"3/16""",0.1875,5.95,19.54,27.36,204,225
PB316L-CX600T3/16S14,"14""",600,316L,"3/16""",0.1875,7.4,19.77,27.68,246,271
PBAL6061-CX600T3/16S14,"14""",600,AL-6061,"3/16""",0.1875,5,6.59,9.23,87,96
PB304-CX600T1/4S14,"14""",600,304,"1/4""",0.25,5.5,26.06,36.48,241,266
PBSA36-CX600T1/4S14,"14""",600,SA-36,"1/4""",0.25,1.85,24.94,34.92,105,116
PBSA516-70-CX600T1/4S14,"14""",600,SA-516-70,"1/4""",0.25,2.15,24.94,34.92,116,128
PB304L-CX600T1/4S14,"14""",600,304L,"1/4""",0.25,5.95,26.06,36.48,258,284
PB316L-CX600T1/4S14,"14""",600,316L,"1/4""",0.25,7.4,26.35,36.89,314,346
PBAL6061-CX600T1/4S14,"14""",600,AL-6061,"1/4""",0.25,5,8.79,12.31,102,113
PB304-CX600T5/16S14,"14""",600,304,"5/16""",0.3125,5.5,32.57,45.6,292,322
PBSA36-CX600T5/16S14,"14""",600,SA-36,"5/16""",0.3125,1.85,31.18,43.65,121,134
PBSA516-70-CX600T5/16S14,"14""",600,SA-516-70,"5/16""",0.3125,2.15,31.18,43.65,135,149
PB304L-CX600T5/16S14,"14""",600,304L,"5/16""",0.3125,5.95,32.57,45.6,312,344
PB316L-CX600T5/16S14,"14""",600,316L,"5/16""",0.3125,7.4,32.94,46.12,382,421
PBAL6061-CX600T5/16S14,"14""",600,AL-6061,"5/16""",0.3125,5,10.99,15.39,118,130
PB304-CX600T3/8S14,"14""",600,304,"3/8""",0.375,5.5,39.09,54.73,342,377
PBSA36-CX600T3/8S14,"14""",600,SA-36,"3/8""",0.375,1.85,37.42,52.39,138,152
PBSA516-70-CX600T3/8S14,"14""",600,SA-516-70,"3/8""",0.375,2.15,37.42,52.39,153,169
PB304L-CX600T3/8S14,"14""",600,304L,"3/8""",0.375,5.95,39.09,54.73,366,403
PB316L-CX600T3/8S14,"14""",600,316L,"3/8""",0.375,7.4,39.53,55.34,450,496
PBAL6061-CX600T3/8S14,"14""",600,AL-6061,"3/8""",0.375,5,13.18,18.45,133,147
PB304-CX600T1/2S14,"14""",600,304,"1/2""",0.5,5.5,52.12,72.97,442,487
PBSA36-CX600T1/2S14,"14""",600,SA-36,"1/2""",0.5,1.85,49.89,69.85,170,188
PBSA516-70-CX600T1/2S14,"14""",600,SA-516-70,"1/2""",0.5,2.15,49.89,69.85,191,211
PB304L-CX600T1/2S14,"14""",600,304L,"1/2""",0.5,5.95,52.12,72.97,475,523
PB316L-CX600T1/2S14,"14""",600,316L,"1/2""",0.5,7.4,52.71,73.79,587,646
PBAL6061-CX600T1/2S14,"14""",600,AL-6061,"1/2""",0.5,5,17.58,24.61,164,181
PB304-CX600T5/8S14,"14""",600,304,"5/8""",0.625,5.5,65.15,91.21,542,597
PBSA36-CX600T5/8S14,"14""",600,SA-36,"5/8""",0.625,1.85,62.36,87.3,202,223
PBSA516-70-CX600T5/8S14,"14""",600,SA-516-70,"5/8""",0.625,2.15,62.36,87.3,228,251
PB304L-CX600T5/8S14,"14""",600,304L,"5/8""",0.625,5.95,65.15,91.21,583,642
PB316L-CX600T5/8S14,"14""",600,316L,"5/8""",0.625,7.4,65.89,92.25,723,796
PBAL6061-CX600T5/8S14,"14""",600,AL-6061,"5/8""",0.625,5,21.97,30.76,195,215
PB304-CX600T3/4S14,"14""",600,304,"3/4""",0.75,5.5,78.17,109.44,643,708
PBSA36-CX600T3/4S14,"14""",600,SA-36,"3/4""",0.75,1.85,74.83,104.76,235,259
PBSA516-70-CX600T3/4S14,"14""",600,SA-516-70,"3/4""",0.75,2.15,74.83,104.76,266,293
PB304L-CX600T3/4S14,"14""",600,304L,"3/4""",0.75,5.95,78.17,109.44,692,762
PB316L-CX600T3/4S14,"14""",600,316L,"3/4""",0.75,7.4,79.06,110.68,860,947
PBAL6061-CX600T3/4S14,"14""",600,AL-6061,"3/4""",0.75,5,26.37,36.92,225,248
PB304-CX600T7/8S14,"14""",600,304,"7/8""",0.875,5.5,91.2,127.68,743,818
PBSA36-CX600T7/8S14,"14""",600,SA-36,"7/8""",0.875,1.85,87.3,122.22,267,294
PBSA516-70-CX600T7/8S14,"14""",600,SA-516-70,"7/8""",0.875,2.15,87.3,122.22,303,334
PB304L-CX600T7/8S14,"14""",600,304L,"7/8""",0.875,5.95,91.2,127.68,800,881
PB316L-CX600T7/8S14,"14""",600,316L,"7/8""",0.875,7.4,92.24,129.14,996,1096
PBAL6061-CX600T7/8S14,"14""",600,AL-6061,"7/8""",0.875,5,30.76,43.06,256,282
PB304-CX600T1S14,"14""",600,304,"1""",1,5.5,104.23,145.92,843,928
PBSA36-CX600T1S14,"14""",600,SA-36,"1""",1,1.85,99.77,139.68,299,329
PBSA516-70-CX600T1S14,"14""",600,SA-516-70,"1""",1,2.15,99.77,139.68,341,376
PB304L-CX600T1S14,"14""",600,304L,"1""",1,5.95,104.23,145.92,909,1000
PB316L-CX600T1S14,"14""",600,316L,"1""",1,7.4,105.42,147.59,1133,1247
PBAL6061-CX600T1S14,"14""",600,AL-6061,"1""",1,5,35.16,49.22,287,316
PB304-CX600T1-1/8S14,"14""",600,304,"1-1/8""",1.125,5.5,117.26,164.16,944,1039
PBSA36-CX600T1-1/8S14,"14""",600,SA-36,"1-1/8""",1.125,1.85,112.25,157.15,331,365
PBSA516-70-CX600T1-1/8S14,"14""",600,SA-516-70,"1-1/8""",1.125,2.15,112.25,157.15,379,417
PB304L-CX600T1-1/8S14,"14""",600,304L,"1-1/8""",1.125,5.95,117.26,164.16,1017,1119
PB316L-CX600T1-1/8S14,"14""",600,316L,"1-1/8""",1.125,7.4,118.59,166.03,1269,1396
PBAL6061-CX600T1-1/8S14,"14""",600,AL-6061,"1-1/8""",1.125,5,39.55,55.37,318,350
PB304-CX600T1-1/4S14,"14""",600,304,"1-1/4""",1.25,5.5,130.29,182.41,1044,1149
PBSA36-CX600T1-1/4S14,"14""",600,SA-36,"1-1/4""",1.25,1.85,124.72,174.61,364,401
PBSA516-70-CX600T1-1/4S14,"14""",600,SA-516-70,"1-1/4""",1.25,2.15,124.72,174.61,416,458
PB304L-CX600T1-1/4S14,"14""",600,304L,"1-1/4""",1.25,5.95,130.29,182.41,1126,1239
PB316L-CX600T1-1/4S14,"14""",600,316L,"1-1/4""",1.25,7.4,131.77,184.48,1406,1547
PBAL6061-CX600T1-1/4S14,"14""",600,AL-6061,"1-1/4""",1.25,5,43.94,61.52,348,383
PB304-CX600T1-3/8S14,"14""",600,304,"1-3/8""",1.375,5.5,143.32,200.65,1144,1259
PBSA36-CX600T1-3/8S14,"14""",600,SA-36,"1-3/8""",1.375,1.85,137.19,192.07,396,436
PBSA516-70-CX600T1-3/8S14,"14""",600,SA-516-70,"1-3/8""",1.375,2.15,137.19,192.07,454,500
PB304L-CX600T1-3/8S14,"14""",600,304L,"1-3/8""",1.375,5.95,143.32,200.65,1235,1359
PB316L-CX600T1-3/8S14,"14""",600,316L,"1-3/8""",1.375,7.4,144.95,202.93,1542,1697
PBAL6061-CX600T1-3/8S14,"14""",600,AL-6061,"1-3/8""",1.375,5,48.34,67.68,379,417
PB304-CX600T1-1/2S14,"14""",600,304,"1-1/2""",1.5,5.5,156.35,218.89,1245,1370
PBSA36-CX600T1-1/2S14,"14""",600,SA-36,"1-1/2""",1.5,1.85,149.66,209.52,428,471
PBSA516-70-CX600T1-1/2S14,"14""",600,SA-516-70,"1-1/2""",1.5,2.15,149.66,209.52,491,541
PB304L-CX600T1-1/2S14,"14""",600,304L,"1-1/2""",1.5,5.95,156.35,218.89,1343,1478
PB316L-CX600T1-1/2S14,"14""",600,316L,"1-1/2""",1.5,7.4,158.13,221.38,1679,1847
PBAL6061-CX600T1-1/2S14,"14""",600,AL-6061,"1-1/2""",1.5,5,52.73,73.82,410,452
PB304-CX600T1-5/8S14,"14""",600,304,"1-5/8""",1.625,5.5,169.38,237.13,1345,1480
PBSA36-CX600T1-5/8S14,"14""",600,SA-36,"1-5/8""",1.625,1.85,162.13,226.98,461,508
PBSA516-70-CX600T1-5/8S14,"14""",600,SA-516-70,"1-5/8""",1.625,2.15,162.13,226.98,529,582
PB304L-CX600T1-5/8S14,"14""",600,304L,"1-5/8""",1.625,5.95,169.38,237.13,1452,1598
PB316L-CX600T1-5/8S14,"14""",600,316L,"1-5/8""",1.625,7.4,171.3,239.82,1815,1997
PBAL6061-CX600T1-5/8S14,"14""",600,AL-6061,"1-5/8""",1.625,5,57.13,79.98,441,486
PB304-CX600T1-3/4S14,"14""",600,304,"1-3/4""",1.75,5.5,182.41,255.37,1445,1590
PBSA36-CX600T1-3/4S14,"14""",600,SA-36,"1-3/4""",1.75,1.85,174.6,244.44,493,543
PBSA516-70-CX600T1-3/4S14,"14""",600,SA-516-70,"1-3/4""",1.75,2.15,174.6,244.44,566,623
PB304L-CX600T1-3/4S14,"14""",600,304L,"1-3/4""",1.75,5.95,182.41,255.37,1560,1717
PB316L-CX600T1-3/4S14,"14""",600,316L,"1-3/4""",1.75,7.4,184.48,258.27,1952,2148
PBAL6061-CX600T1-3/4S14,"14""",600,AL-6061,"1-3/4""",1.75,5,61.52,86.13,471,519
PB304-CX600T1-7/8S14,"14""",600,304,"1-7/8""",1.875,5.5,195.44,273.62,1546,1701
PBSA36-CX600T1-7/8S14,"14""",600,SA-36,"1-7/8""",1.875,1.85,187.08,261.91,525,578
PBSA516-70-CX600T1-7/8S14,"14""",600,SA-516-70,"1-7/8""",1.875,2.15,187.08,261.91,604,665
PB304L-CX600T1-7/8S14,"14""",600,304L,"1-7/8""",1.875,5.95,195.44,273.62,1669,1836
PB316L-CX600T1-7/8S14,"14""",600,316L,"1-7/8""",1.875,7.4,197.66,276.72,2088,2297
PBAL6061-CX600T1-7/8S14,"14""",600,AL-6061,"1-7/8""",1.875,5,65.92,92.29,502,553
PB304-CX600T2S14,"14""",600,304,"2""",2,5.5,208.46,291.84,1646,1811
PBSA36-CX600T2S14,"14""",600,SA-36,"2""",2,1.85,199.55,279.37,558,614
PBSA516-70-CX600T2S14,"14""",600,SA-516-70,"2""",2,2.15,199.55,279.37,641,706
PB304L-CX600T2S14,"14""",600,304L,"2""",2,5.95,208.46,291.84,1777,1955
PB316L-CX600T2S14,"14""",600,316L,"2""",2,7.4,210.83,295.16,2225,2448
PBAL6061-CX600T2S14,"14""",600,AL-6061,"2""",2,5,70.31,98.43,533,587
PB304-CX600T2-1/4S14,"14""",600,304,"2-1/4""",2.25,5.5,234.52,328.33,1847,2032
PBSA36-CX600T2-1/4S14,"14""",600,SA-36,"2-1/4""",2.25,1.85,224.49,314.29,622,685
PBSA516-70-CX600T2-1/4S14,"14""",600,SA-516-70,"2-1/4""",2.25,2.15,224.49,314.29,716,788
PB304L-CX600T2-1/4S14,"14""",600,304L,"2-1/4""",2.25,5.95,234.52,328.33,1994,2194
PB316L-CX600T2-1/4S14,"14""",600,316L,"2-1/4""",2.25,7.4,237.19,332.07,2498,2748
PBAL6061-CX600T2-1/4S14,"14""",600,AL-6061,"2-1/4""",2.25,5,79.1,110.74,594,654
PB304-CX600T2-1/2S14,"14""",600,304,"2-1/2""",2.5,5.5,260.58,364.81,2047,2252
PBSA36-CX600T2-1/2S14,"14""",600,SA-36,"2-1/2""",2.5,1.85,249.43,349.2,687,756
PBSA516-70-CX600T2-1/2S14,"14""",600,SA-516-70,"2-1/2""",2.5,2.15,249.43,349.2,791,871
PB304L-CX600T2-1/2S14,"14""",600,304L,"2-1/2""",2.5,5.95,260.58,364.81,2211,2433
PB316L-CX600T2-1/2S14,"14""",600,316L,"2-1/2""",2.5,7.4,263.54,368.96,2771,3049
PBAL6061-CX600T2-1/2S14,"14""",600,AL-6061,"2-1/2""",2.5,5,87.89,123.05,656,722
PB304-CX600T3S14,"14""",600,304,"3""",3,5.5,312.7,437.78,2449,2694
PBSA36-CX600T3S14,"14""",600,SA-36,"3""",3,1.85,299.32,419.05,816,898
PBSA516-70-CX600T3S14,"14""",600,SA-516-70,"3""",3,2.15,299.32,419.05,942,1037
PB304L-CX600T3S14,"14""",600,304L,"3""",3,5.95,312.7,437.78,2646,2911
PB316L-CX600T3S14,"14""",600,316L,"3""",3,7.4,316.25,442.75,3317,3649
PBAL6061-CX600T3S14,"14""",600,AL-6061,"3""",3,5,105.47,147.66,779,857
PB304-CX600T11GAS16,"16""",600,304,11 Gauge,0.1196,5.5,16.4,22.96,171,189
PBSA36-CX600T11GAS16,"16""",600,SA-36,11 Gauge,0.1196,1.85,15.7,21.98,86,95
PBSA516-70-CX600T11GAS16,"16""",600,SA-516-70,11 Gauge,0.1196,2.15,15.7,21.98,92,102
PB304L-CX600T11GAS16,"16""",600,304L,11 Gauge,0.1196,5.95,16.4,22.96,182,201
PB316L-CX600T11GAS16,"16""",600,316L,11 Gauge,0.1196,7.4,16.59,23.23,217,239
PBAL6061-CX600T11GAS16,"16""",600,AL-6061,11 Gauge,0.1196,5,5.53,7.74,84,93
PB304-CX600T1/8S16,"16""",600,304,"1/8""",0.125,5.5,17.15,24.01,177,195
PBSA36-CX600T1/8S16,"16""",600,SA-36,"1/8""",0.125,1.85,16.41,22.97,87,96
PBSA516-70-CX600T1/8S16,"16""",600,SA-516-70,"1/8""",0.125,2.15,16.41,22.97,94,104
PB304L-CX600T1/8S16,"16""",600,304L,"1/8""",0.125,5.95,17.15,24.01,188,207
PB316L-CX600T1/8S16,"16""",600,316L,"1/8""",0.125,7.4,17.34,24.28,225,248
PBAL6061-CX600T1/8S16,"16""",600,AL-6061,"1/8""",0.125,5,5.78,8.09,85,94
PB304-CX600T3/16S16,"16""",600,304,"3/16""",0.1875,5.5,25.72,36.01,243,268
PBSA36-CX600T3/16S16,"16""",600,SA-36,"3/16""",0.1875,1.85,24.62,34.47,109,120
PBSA516-70-CX600T3/16S16,"16""",600,SA-516-70,"3/16""",0.1875,2.15,24.62,34.47,119,131
PB304L-CX600T3/16S16,"16""",600,304L,"3/16""",0.1875,5.95,25.72,36.01,259,285
PB316L-CX600T3/16S16,"16""",600,316L,"3/16""",0.1875,7.4,26.01,36.41,314,346
PBAL6061-CX600T3/16S16,"16""",600,AL-6061,"3/16""",0.1875,5,8.67,12.14,106,117
PB304-CX600T1/4S16,"16""",600,304,"1/4""",0.25,5.5,34.29,48.01,309,340
PBSA36-CX600T1/4S16,"16""",600,SA-36,"1/4""",0.25,1.85,32.82,45.95,130,143
PBSA516-70-CX600T1/4S16,"16""",600,SA-516-70,"1/4""",0.25,2.15,32.82,45.95,144,159
PB304L-CX600T1/4S16,"16""",600,304L,"1/4""",0.25,5.95,34.29,48.01,331,365
PB316L-CX600T1/4S16,"16""",600,316L,"1/4""",0.25,7.4,34.68,48.55,404,445
PBAL6061-CX600T1/4S16,"16""",600,AL-6061,"1/4""",0.25,5,11.57,16.2,126,139
PB304-CX600T5/16S16,"16""",600,304,"5/16""",0.3125,5.5,42.86,60,375,413
PBSA36-CX600T5/16S16,"16""",600,SA-36,"5/16""",0.3125,1.85,41.03,57.44,151,167
PBSA516-70-CX600T5/16S16,"16""",600,SA-516-70,"5/16""",0.3125,2.15,41.03,57.44,168,185
PB304L-CX600T5/16S16,"16""",600,304L,"5/16""",0.3125,5.95,42.86,60,402,443
PB316L-CX600T5/16S16,"16""",600,316L,"5/16""",0.3125,7.4,43.35,60.69,494,544
PBAL6061-CX600T5/16S16,"16""",600,AL-6061,"5/16""",0.3125,5,14.46,20.24,146,161
PB304-CX600T3/8S16,"16""",600,304,"3/8""",0.375,5.5,51.44,72.02,441,486
PBSA36-CX600T3/8S16,"16""",600,SA-36,"3/8""",0.375,1.85,49.24,68.94,172,190
PBSA516-70-CX600T3/8S16,"16""",600,SA-516-70,"3/8""",0.375,2.15,49.24,68.94,193,213
PB304L-CX600T3/8S16,"16""",600,304L,"3/8""",0.375,5.95,51.44,72.02,473,521
PB316L-CX600T3/8S16,"16""",600,316L,"3/8""",0.375,7.4,52.02,72.83,584,643
PBAL6061-CX600T3/8S16,"16""",600,AL-6061,"3/8""",0.375,5,17.35,24.29,166,183
PB304-CX600T1/2S16,"16""",600,304,"1/2""",0.5,5.5,68.58,96.01,573,631
PBSA36-CX600T1/2S16,"16""",600,SA-36,"1/2""",0.5,1.85,65.65,91.91,215,237
PBSA516-70-CX600T1/2S16,"16""",600,SA-516-70,"1/2""",0.5,2.15,65.65,91.91,243,268
PB304L-CX600T1/2S16,"16""",600,304L,"1/2""",0.5,5.95,68.58,96.01,616,678
PB316L-CX600T1/2S16,"16""",600,316L,"1/2""",0.5,7.4,69.36,97.1,763,840
PBAL6061-CX600T1/2S16,"16""",600,AL-6061,"1/2""",0.5,5,23.13,32.38,207,228
PB304-CX600T5/8S16,"16""",600,304,"5/8""",0.625,5.5,85.73,120.02,705,776
PBSA36-CX600T5/8S16,"16""",600,SA-36,"5/8""",0.625,1.85,82.06,114.88,257,283
PBSA516-70-CX600T5/8S16,"16""",600,SA-516-70,"5/8""",0.625,2.15,82.06,114.88,292,322
PB304L-CX600T5/8S16,"16""",600,304L,"5/8""",0.625,5.95,85.73,120.02,759,835
PB316L-CX600T5/8S16,"16""",600,316L,"5/8""",0.625,7.4,86.7,121.38,943,1038
PBAL6061-CX600T5/8S16,"16""",600,AL-6061,"5/8""",0.625,5,28.91,40.47,247,272
PB304-CX600T3/4S16,"16""",600,304,"3/4""",0.75,5.5,102.87,144.02,837,921
PBSA36-CX600T3/4S16,"16""",600,SA-36,"3/4""",0.75,1.85,98.47,137.86,300,330
PBSA516-70-CX600T3/4S16,"16""",600,SA-516-70,"3/4""",0.75,2.15,98.47,137.86,341,376
PB304L-CX600T3/4S16,"16""",600,304L,"3/4""",0.75,5.95,102.87,144.02,902,993
PB316L-CX600T3/4S16,"16""",600,316L,"3/4""",0.75,7.4,104.04,145.66,1123,1236
PBAL6061-CX600T3/4S16,"16""",600,AL-6061,"3/4""",0.75,5,34.7,48.58,288,317
PB304-CX600T7/8S16,"16""",600,304,"7/8""",0.875,5.5,120.02,168.03,969,1066
PBSA36-CX600T7/8S16,"16""",600,SA-36,"7/8""",0.875,1.85,114.88,160.83,342,377
PBSA516-70-CX600T7/8S16,"16""",600,SA-516-70,"7/8""",0.875,2.15,114.88,160.83,391,431
PB304L-CX600T7/8S16,"16""",600,304L,"7/8""",0.875,5.95,120.02,168.03,1045,1150
PB316L-CX600T7/8S16,"16""",600,316L,"7/8""",0.875,7.4,121.38,169.93,1302,1433
PBAL6061-CX600T7/8S16,"16""",600,AL-6061,"7/8""",0.875,5,40.48,56.67,328,361
PB304-CX600T1S16,"16""",600,304,"1""",1,5.5,137.16,192.02,1101,1212
PBSA36-CX600T1S16,"16""",600,SA-36,"1""",1,1.85,131.29,183.81,385,424
PBSA516-70-CX600T1S16,"16""",600,SA-516-70,"1""",1,2.15,131.29,183.81,440,485
PB304L-CX600T1S16,"16""",600,304L,"1""",1,5.95,137.16,192.02,1187,1306
PB316L-CX600T1S16,"16""",600,316L,"1""",1,7.4,138.72,194.21,1482,1631
PBAL6061-CX600T1S16,"16""",600,AL-6061,"1""",1,5,46.26,64.76,369,406
PB304-CX600T1-1/8S16,"16""",600,304,"1-1/8""",1.125,5.5,154.31,216.03,1233,1357
PBSA36-CX600T1-1/8S16,"16""",600,SA-36,"1-1/8""",1.125,1.85,147.71,206.79,427,470
PBSA516-70-CX600T1-1/8S16,"16""",600,SA-516-70,"1-1/8""",1.125,2.15,147.71,206.79,490,539
PB304L-CX600T1-1/8S16,"16""",600,304L,"1-1/8""",1.125,5.95,154.31,216.03,1330,1464
PB316L-CX600T1-1/8S16,"16""",600,316L,"1-1/8""",1.125,7.4,156.06,218.48,1662,1829
PBAL6061-CX600T1-1/8S16,"16""",600,AL-6061,"1-1/8""",1.125,5,52.04,72.86,409,450
PB304-CX600T1-1/4S16,"16""",600,304,"1-1/4""",1.25,5.5,171.45,240.03,1365,1502
PBSA36-CX600T1-1/4S16,"16""",600,SA-36,"1-1/4""",1.25,1.85,164.12,229.77,470,517
PBSA516-70-CX600T1-1/4S16,"16""",600,SA-516-70,"1-1/4""",1.25,2.15,164.12,229.77,539,593
PB304L-CX600T1-1/4S16,"16""",600,304L,"1-1/4""",1.25,5.95,171.45,240.03,1473,1621
PB316L-CX600T1-1/4S16,"16""",600,316L,"1-1/4""",1.25,7.4,173.4,242.76,1841,2026
PBAL6061-CX600T1-1/4S16,"16""",600,AL-6061,"1-1/4""",1.25,5,57.83,80.96,450,496
PB304-CX600T1-3/8S16,"16""",600,304,"1-3/8""",1.375,5.5,188.6,264.04,1497,1647
PBSA36-CX600T1-3/8S16,"16""",600,SA-36,"1-3/8""",1.375,1.85,180.53,252.74,512,564
PBSA516-70-CX600T1-3/8S16,"16""",600,SA-516-70,"1-3/8""",1.375,2.15,180.53,252.74,588,647
PB304L-CX600T1-3/8S16,"16""",600,304L,"1-3/8""",1.375,5.95,188.6,264.04,1616,1778
PB316L-CX600T1-3/8S16,"16""",600,316L,"1-3/8""",1.375,7.4,190.74,267.04,2021,2224
PBAL6061-CX600T1-3/8S16,"16""",600,AL-6061,"1-3/8""",1.375,5,63.61,89.05,490,539
PB304-CX600T1-1/2S16,"16""",600,304,"1-1/2""",1.5,5.5,205.74,288.04,1629,1792
PBSA36-CX600T1-1/2S16,"16""",600,SA-36,"1-1/2""",1.5,1.85,196.94,275.72,555,611
PBSA516-70-CX600T1-1/2S16,"16""",600,SA-516-70,"1-1/2""",1.5,2.15,196.94,275.72,638,702
PB304L-CX600T1-1/2S16,"16""",600,304L,"1-1/2""",1.5,5.95,205.74,288.04,1759,1935
PB316L-CX600T1-1/2S16,"16""",600,316L,"1-1/2""",1.5,7.4,208.08,291.31,2201,2422
PBAL6061-CX600T1-1/2S16,"16""",600,AL-6061,"1-1/2""",1.5,5,69.39,97.15,531,585
PB304-CX600T1-5/8S16,"16""",600,304,"1-5/8""",1.625,5.5,222.89,312.05,1761,1938
PBSA36-CX600T1-5/8S16,"16""",600,SA-36,"1-5/8""",1.625,1.85,213.35,298.69,597,657
PBSA516-70-CX600T1-5/8S16,"16""",600,SA-516-70,"1-5/8""",1.625,2.15,213.35,298.69,687,756
PB304L-CX600T1-5/8S16,"16""",600,304L,"1-5/8""",1.625,5.95,222.89,312.05,1902,2093
PB316L-CX600T1-5/8S16,"16""",600,316L,"1-5/8""",1.625,7.4,225.42,315.59,2380,2618
PBAL6061-CX600T1-5/8S16,"16""",600,AL-6061,"1-5/8""",1.625,5,75.18,105.25,571,629
PB304-CX600T1-3/4S16,"16""",600,304,"1-3/4""",1.75,5.5,240.03,336.04,1893,2083
PBSA36-CX600T1-3/4S16,"16""",600,SA-36,"1-3/4""",1.75,1.85,229.77,321.68,640,704
PBSA516-70-CX600T1-3/4S16,"16""",600,SA-516-70,"1-3/4""",1.75,2.15,229.77,321.68,737,811
PB304L-CX600T1-3/4S16,"16""",600,304L,"1-3/4""",1.75,5.95,240.03,336.04,2044,2249
PB316L-CX600T1-3/4S16,"16""",600,316L,"1-3/4""",1.75,7.4,242.76,339.86,2560,2816
PBAL6061-CX600T1-3/4S16,"16""",600,AL-6061,"1-3/4""",1.75,5,80.96,113.34,612,674
PB304-CX600T1-7/8S16,"16""",600,304,"1-7/8""",1.875,5.5,257.18,360.05,2025,2228
PBSA36-CX600T1-7/8S16,"16""",600,SA-36,"1-7/8""",1.875,1.85,246.18,344.65,683,752
PBSA516-70-CX600T1-7/8S16,"16""",600,SA-516-70,"1-7/8""",1.875,2.15,246.18,344.65,786,865
PB304L-CX600T1-7/8S16,"16""",600,304L,"1-7/8""",1.875,5.95,257.18,360.05,2187,2406
PB316L-CX600T1-7/8S16,"16""",600,316L,"1-7/8""",1.875,7.4,260.1,364.14,2740,3015
PBAL6061-CX600T1-7/8S16,"16""",600,AL-6061,"1-7/8""",1.875,5,86.74,121.44,652,718
PB304-CX600T2S16,"16""",600,304,"2""",2,5.5,274.32,384.05,2157,2373
PBSA36-CX600T2S16,"16""",600,SA-36,"2""",2,1.85,262.59,367.63,725,798
PBSA516-70-CX600T2S16,"16""",600,SA-516-70,"2""",2,2.15,262.59,367.63,835,919
PB304L-CX600T2S16,"16""",600,304L,"2""",2,5.95,274.32,384.05,2330,2563
PB316L-CX600T2S16,"16""",600,316L,"2""",2,7.4,277.44,388.42,2919,3211
PBAL6061-CX600T2S16,"16""",600,AL-6061,"2""",2,5,92.52,129.53,693,763
PB304-CX600T2-1/4S16,"16""",600,304,"2-1/4""",2.25,5.5,308.61,432.05,2421,2664
PBSA36-CX600T2-1/4S16,"16""",600,SA-36,"2-1/4""",2.25,1.85,295.41,413.57,810,892
PBSA516-70-CX600T2-1/4S16,"16""",600,SA-516-70,"2-1/4""",2.25,2.15,295.41,413.57,934,1028
PB304L-CX600T2-1/4S16,"16""",600,304L,"2-1/4""",2.25,5.95,308.61,432.05,2616,2878
PB316L-CX600T2-1/4S16,"16""",600,316L,"2-1/4""",2.25,7.4,312.12,436.97,3278,3606
PBAL6061-CX600T2-1/4S16,"16""",600,AL-6061,"2-1/4""",2.25,5,104.09,145.73,774,852
PB304-CX600T2-1/2S16,"16""",600,304,"2-1/2""",2.5,5.5,342.9,480.06,2685,2954
PBSA36-CX600T2-1/2S16,"16""",600,SA-36,"2-1/2""",2.5,1.85,328.24,459.54,895,985
PBSA516-70-CX600T2-1/2S16,"16""",600,SA-516-70,"2-1/2""",2.5,2.15,328.24,459.54,1033,1137
PB304L-CX600T2-1/2S16,"16""",600,304L,"2-1/2""",2.5,5.95,342.9,480.06,2901,3192
PB316L-CX600T2-1/2S16,"16""",600,316L,"2-1/2""",2.5,7.4,346.8,485.52,3638,4002
PBAL6061-CX600T2-1/2S16,"16""",600,AL-6061,"2-1/2""",2.5,5,115.65,161.91,854,940
PB304-CX600T3S16,"16""",600,304,"3""",3,5.5,411.49,576.09,3213,3535
PBSA36-CX600T3S16,"16""",600,SA-36,"3""",3,1.85,393.88,551.43,1065,1172
PBSA516-70-CX600T3S16,"16""",600,SA-516-70,"3""",3,2.15,393.88,551.43,1230,1353
PB304L-CX600T3S16,"16""",600,304L,"3""",3,5.95,411.49,576.09,3473,3821
PB316L-CX600T3S16,"16""",600,316L,"3""",3,7.4,416.16,582.62,4356,4792
PBAL6061-CX600T3S16,"16""",600,AL-6061,"3""",3,5,138.79,194.31,1016,1118
PB304-CX600T11GAS18,"18""",600,304,11 Gauge,0.1196,5.5,19.27,26.98,197,217
PBSA36-CX600T11GAS18,"18""",600,SA-36,11 Gauge,0.1196,1.85,18.45,25.83,97,107
PBSA516-70-CX600T11GAS18,"18""",600,SA-516-70,11 Gauge,0.1196,2.15,18.45,25.83,105,116
PB304L-CX600T11GAS18,"18""",600,304L,11 Gauge,0.1196,5.95,19.27,26.98,210,232
PB316L-CX600T11GAS18,"18""",600,316L,11 Gauge,0.1196,7.4,19.49,27.29,251,277
PBAL6061-CX600T11GAS18,"18""",600,AL-6061,11 Gauge,0.1196,5,6.5,9.1,95,105
PB304-CX600T1/8S18,"18""",600,304,"1/8""",0.125,5.5,20.14,28.2,204,225
PBSA36-CX600T1/8S18,"18""",600,SA-36,"1/8""",0.125,1.85,19.28,26.99,99,109
PBSA516-70-CX600T1/8S18,"18""",600,SA-516-70,"1/8""",0.125,2.15,19.28,26.99,107,118
PB304L-CX600T1/8S18,"18""",600,304L,"1/8""",0.125,5.95,20.14,28.2,217,239
PB316L-CX600T1/8S18,"18""",600,316L,"1/8""",0.125,7.4,20.37,28.52,260,286
PBAL6061-CX600T1/8S18,"18""",600,AL-6061,"1/8""",0.125,5,6.79,9.51,97,107
PB304-CX600T3/16S18,"18""",600,304,"3/16""",0.1875,5.5,30.21,42.29,282,311
PBSA36-CX600T3/16S18,"18""",600,SA-36,"3/16""",0.1875,1.85,28.92,40.49,124,137
PBSA516-70-CX600T3/16S18,"18""",600,SA-516-70,"3/16""",0.1875,2.15,28.92,40.49,136,150
PB304L-CX600T3/16S18,"18""",600,304L,"3/16""",0.1875,5.95,30.21,42.29,301,332
PB316L-CX600T3/16S18,"18""",600,316L,"3/16""",0.1875,7.4,30.56,42.78,366,403
PBAL6061-CX600T3/16S18,"18""",600,AL-6061,"3/16""",0.1875,5,10.19,14.27,120,132
PB304-CX600T1/4S18,"18""",600,304,"1/4""",0.25,5.5,40.29,56.41,359,395
PBSA36-CX600T1/4S18,"18""",600,SA-36,"1/4""",0.25,1.85,38.56,53.98,149,164
PBSA516-70-CX600T1/4S18,"18""",600,SA-516-70,"1/4""",0.25,2.15,38.56,53.98,165,182
PB304L-CX600T1/4S18,"18""",600,304L,"1/4""",0.25,5.95,40.29,56.41,385,424
PB316L-CX600T1/4S18,"18""",600,316L,"1/4""",0.25,7.4,40.74,57.04,471,519
PBAL6061-CX600T1/4S18,"18""",600,AL-6061,"1/4""",0.25,5,13.59,19.03,144,159
PB304-CX600T5/16S18,"18""",600,304,"5/16""",0.3125,5.5,50.36,70.5,437,481
PBSA36-CX600T5/16S18,"18""",600,SA-36,"5/16""",0.3125,1.85,48.2,67.48,174,192
PBSA516-70-CX600T5/16S18,"18""",600,SA-516-70,"5/16""",0.3125,2.15,48.2,67.48,194,214
PB304L-CX600T5/16S18,"18""",600,304L,"5/16""",0.3125,5.95,50.36,70.5,469,516
PB316L-CX600T5/16S18,"18""",600,316L,"5/16""",0.3125,7.4,50.93,71.3,577,635
PBAL6061-CX600T5/16S18,"18""",600,AL-6061,"5/16""",0.3125,5,16.98,23.77,168,185
PB304-CX600T3/8S18,"18""",600,304,"3/8""",0.375,5.5,60.43,84.6,514,566
PBSA36-CX600T3/8S18,"18""",600,SA-36,"3/8""",0.375,1.85,57.84,80.98,199,219
PBSA516-70-CX600T3/8S18,"18""",600,SA-516-70,"3/8""",0.375,2.15,57.84,80.98,223,246
PB304L-CX600T3/8S18,"18""",600,304L,"3/8""",0.375,5.95,60.43,84.6,552,608
PB316L-CX600T3/8S18,"18""",600,316L,"3/8""",0.375,7.4,61.12,85.57,682,751
PBAL6061-CX600T3/8S18,"18""",600,AL-6061,"3/8""",0.375,5,20.38,28.53,192,212
PB304-CX600T1/2S18,"18""",600,304,"1/2""",0.5,5.5,80.57,112.8,670,738
PBSA36-CX600T1/2S18,"18""",600,SA-36,"1/2""",0.5,1.85,77.13,107.98,249,274
PBSA516-70-CX600T1/2S18,"18""",600,SA-516-70,"1/2""",0.5,2.15,77.13,107.98,281,310
PB304L-CX600T1/2S18,"18""",600,304L,"1/2""",0.5,5.95,80.57,112.8,720,793
PB316L-CX600T1/2S18,"18""",600,316L,"1/2""",0.5,7.4,81.49,114.09,893,983
PBAL6061-CX600T1/2S18,"18""",600,AL-6061,"1/2""",0.5,5,27.18,38.05,239,263
PB304-CX600T5/8S18,"18""",600,304,"5/8""",0.625,5.5,100.72,141.01,825,908
PBSA36-CX600T5/8S18,"18""",600,SA-36,"5/8""",0.625,1.85,96.41,134.97,299,329
PBSA516-70-CX600T5/8S18,"18""",600,SA-516-70,"5/8""",0.625,2.15,96.41,134.97,339,373
PB304L-CX600T5/8S18,"18""",600,304L,"5/8""",0.625,5.95,100.72,141.01,888,977
PB316L-CX600T5/8S18,"18""",600,316L,"5/8""",0.625,7.4,101.86,142.6,1104,1215
PBAL6061-CX600T5/8S18,"18""",600,AL-6061,"5/8""",0.625,5,33.97,47.56,287,316
PB304-CX600T3/4S18,"18""",600,304,"3/4""",0.75,5.5,120.86,169.2,980,1078
PBSA36-CX600T3/4S18,"18""",600,SA-36,"3/4""",0.75,1.85,115.69,161.97,349,384
PBSA516-70-CX600T3/4S18,"18""",600,SA-516-70,"3/4""",0.75,2.15,115.69,161.97,397,437
PB304L-CX600T3/4S18,"18""",600,304L,"3/4""",0.75,5.95,120.86,169.2,1056,1162
PB316L-CX600T3/4S18,"18""",600,316L,"3/4""",0.75,7.4,122.23,171.12,1315,1447
PBAL6061-CX600T3/4S18,"18""",600,AL-6061,"3/4""",0.75,5,40.76,57.06,334,368
PB304-CX600T7/8S18,"18""",600,304,"7/8""",0.875,5.5,141,197.4,1135,1249
PBSA36-CX600T7/8S18,"18""",600,SA-36,"7/8""",0.875,1.85,134.97,188.96,399,439
PBSA516-70-CX600T7/8S18,"18""",600,SA-516-70,"7/8""",0.875,2.15,134.97,188.96,455,501
PB304L-CX600T7/8S18,"18""",600,304L,"7/8""",0.875,5.95,141,197.4,1224,1347
PB316L-CX600T7/8S18,"18""",600,316L,"7/8""",0.875,7.4,142.61,199.65,1527,1680
PBAL6061-CX600T7/8S18,"18""",600,AL-6061,"7/8""",0.875,5,47.56,66.58,382,421
PB304-CX600T1S18,"18""",600,304,"1""",1,5.5,161.15,225.61,1290,1420
PBSA36-CX600T1S18,"18""",600,SA-36,"1""",1,1.85,154.25,215.95,449,494
PBSA516-70-CX600T1S18,"18""",600,SA-516-70,"1""",1,2.15,154.25,215.95,513,565
PB304L-CX600T1S18,"18""",600,304L,"1""",1,5.95,161.15,225.61,1391,1531
PB316L-CX600T1S18,"18""",600,316L,"1""",1,7.4,162.98,228.17,1738,1912
PBAL6061-CX600T1S18,"18""",600,AL-6061,"1""",1,5,54.35,76.09,430,474
PB304-CX600T1-1/8S18,"18""",600,304,"1-1/8""",1.125,5.5,181.29,253.81,1445,1590
PBSA36-CX600T1-1/8S18,"18""",600,SA-36,"1-1/8""",1.125,1.85,173.53,242.94,499,549
PBSA516-70-CX600T1-1/8S18,"18""",600,SA-516-70,"1-1/8""",1.125,2.15,173.53,242.94,571,629
PB304L-CX600T1-1/8S18,"18""",600,304L,"1-1/8""",1.125,5.95,181.29,253.81,1559,1715
PB316L-CX600T1-1/8S18,"18""",600,316L,"1-1/8""",1.125,7.4,183.35,256.69,1949,2144
PBAL6061-CX600T1-1/8S18,"18""",600,AL-6061,"1-1/8""",1.125,5,61.15,85.61,477,525
PB304-CX600T1-1/4S18,"18""",600,304,"1-1/4""",1.25,5.5,201.43,282,1600,1761
PBSA36-CX600T1-1/4S18,"18""",600,SA-36,"1-1/4""",1.25,1.85,192.82,269.95,549,604
PBSA516-70-CX600T1-1/4S18,"18""",600,SA-516-70,"1-1/4""",1.25,2.15,192.82,269.95,629,692
PB304L-CX600T1-1/4S18,"18""",600,304L,"1-1/4""",1.25,5.95,201.43,282,1727,1900
PB316L-CX600T1-1/4S18,"18""",600,316L,"1-1/4""",1.25,7.4,203.72,285.21,2160,2376
PBAL6061-CX600T1-1/4S18,"18""",600,AL-6061,"1-1/4""",1.25,5,67.94,95.12,525,578
PB304-CX600T1-3/8S18,"18""",600,304,"1-3/8""",1.375,5.5,221.58,310.21,1755,1931
PBSA36-CX600T1-3/8S18,"18""",600,SA-36,"1-3/8""",1.375,1.85,212.1,296.94,598,658
PBSA516-70-CX600T1-3/8S18,"18""",600,SA-516-70,"1-3/8""",1.375,2.15,212.1,296.94,688,757
PB304L-CX600T1-3/8S18,"18""",600,304L,"1-3/8""",1.375,5.95,221.58,310.21,1895,2085
PB316L-CX600T1-3/8S18,"18""",600,316L,"1-3/8""",1.375,7.4,224.09,313.73,2371,2609
PBAL6061-CX600T1-3/8S18,"18""",600,AL-6061,"1-3/8""",1.375,5,74.73,104.62,572,630
PB304-CX600T1-1/2S18,"18""",600,304,"1-1/2""",1.5,5.5,241.72,338.41,1910,2101
PBSA36-CX600T1-1/2S18,"18""",600,SA-36,"1-1/2""",1.5,1.85,231.38,323.93,648,713
PBSA516-70-CX600T1-1/2S18,"18""",600,SA-516-70,"1-1/2""",1.5,2.15,231.38,323.93,746,821
PB304L-CX600T1-1/2S18,"18""",600,304L,"1-1/2""",1.5,5.95,241.72,338.41,2063,2270
PB316L-CX600T1-1/2S18,"18""",600,316L,"1-1/2""",1.5,7.4,244.47,342.26,2582,2841
PBAL6061-CX600T1-1/2S18,"18""",600,AL-6061,"1-1/2""",1.5,5,81.53,114.14,620,682
PB304-CX600T1-5/8S18,"18""",600,304,"1-5/8""",1.625,5.5,261.86,366.6,2065,2272
PBSA36-CX600T1-5/8S18,"18""",600,SA-36,"1-5/8""",1.625,1.85,250.66,350.92,698,768
PBSA516-70-CX600T1-5/8S18,"18""",600,SA-516-70,"1-5/8""",1.625,2.15,250.66,350.92,804,885
PB304L-CX600T1-5/8S18,"18""",600,304L,"1-5/8""",1.625,5.95,261.86,366.6,2230,2453
PB316L-CX600T1-5/8S18,"18""",600,316L,"1-5/8""",1.625,7.4,264.84,370.78,2793,3073
PBAL6061-CX600T1-5/8S18,"18""",600,AL-6061,"1-5/8""",1.625,5,88.32,123.65,667,734
PB304-CX600T1-3/4S18,"18""",600,304,"1-3/4""",1.75,5.5,282.01,394.81,2221,2444
PBSA36-CX600T1-3/4S18,"18""",600,SA-36,"1-3/4""",1.75,1.85,269.94,377.92,748,823
PBSA516-70-CX600T1-3/4S18,"18""",600,SA-516-70,"1-3/4""",1.75,2.15,269.94,377.92,862,949
PB304L-CX600T1-3/4S18,"18""",600,304L,"1-3/4""",1.75,5.95,282.01,394.81,2398,2638
PB316L-CX600T1-3/4S18,"18""",600,316L,"1-3/4""",1.75,7.4,285.21,399.29,3004,3305
PBAL6061-CX600T1-3/4S18,"18""",600,AL-6061,"1-3/4""",1.75,5,95.11,133.15,715,787
PB304-CX600T1-7/8S18,"18""",600,304,"1-7/8""",1.875,5.5,302.15,423.01,2376,2614
PBSA36-CX600T1-7/8S18,"18""",600,SA-36,"1-7/8""",1.875,1.85,289.22,404.91,798,878
PBSA516-70-CX600T1-7/8S18,"18""",600,SA-516-70,"1-7/8""",1.875,2.15,289.22,404.91,920,1013
PB304L-CX600T1-7/8S18,"18""",600,304L,"1-7/8""",1.875,5.95,302.15,423.01,2566,2823
PB316L-CX600T1-7/8S18,"18""",600,316L,"1-7/8""",1.875,7.4,305.58,427.81,3215,3537
PBAL6061-CX600T1-7/8S18,"18""",600,AL-6061,"1-7/8""",1.875,5,101.91,142.67,762,839
PB304-CX600T2S18,"18""",600,304,"2""",2,5.5,322.29,451.21,2531,2785
PBSA36-CX600T2S18,"18""",600,SA-36,"2""",2,1.85,308.51,431.91,848,933
PBSA516-70-CX600T2S18,"18""",600,SA-516-70,"2""",2,2.15,308.51,431.91,978,1076
PB304L-CX600T2S18,"18""",600,304L,"2""",2,5.95,322.29,451.21,2734,3008
PB316L-CX600T2S18,"18""",600,316L,"2""",2,7.4,325.96,456.34,3426,3769
PBAL6061-CX600T2S18,"18""",600,AL-6061,"2""",2,5,108.7,152.18,810,892
PB304-CX600T2-1/4S18,"18""",600,304,"2-1/4""",2.25,5.5,362.58,507.61,2841,3126
PBSA36-CX600T2-1/4S18,"18""",600,SA-36,"2-1/4""",2.25,1.85,347.07,485.9,948,1043
PBSA516-70-CX600T2-1/4S18,"18""",600,SA-516-70,"2-1/4""",2.25,2.15,347.07,485.9,1094,1204
PB304L-CX600T2-1/4S18,"18""",600,304L,"2-1/4""",2.25,5.95,362.58,507.61,3069,3376
PB316L-CX600T2-1/4S18,"18""",600,316L,"2-1/4""",2.25,7.4,366.7,513.38,3848,4233
PBAL6061-CX600T2-1/4S18,"18""",600,AL-6061,"2-1/4""",2.25,5,122.29,171.21,905,996
PB304-CX600T2-1/2S18,"18""",600,304,"2-1/2""",2.5,5.5,402.87,564.02,3151,3467
PBSA36-CX600T2-1/2S18,"18""",600,SA-36,"2-1/2""",2.5,1.85,385.63,539.88,1048,1153
PBSA516-70-CX600T2-1/2S18,"18""",600,SA-516-70,"2-1/2""",2.5,2.15,385.63,539.88,1210,1331
PB304L-CX600T2-1/2S18,"18""",600,304L,"2-1/2""",2.5,5.95,402.87,564.02,3405,3746
PB316L-CX600T2-1/2S18,"18""",600,316L,"2-1/2""",2.5,7.4,407.44,570.42,4270,4697
PBAL6061-CX600T2-1/2S18,"18""",600,AL-6061,"2-1/2""",2.5,5,135.88,190.23,1000,1100
PB304-CX600T3S18,"18""",600,304,"3""",3,5.5,483.44,676.82,3772,4150
PBSA36-CX600T3S18,"18""",600,SA-36,"3""",3,1.85,462.76,647.86,1248,1373
PBSA516-70-CX600T3S18,"18""",600,SA-516-70,"3""",3,2.15,462.76,647.86,1442,1587
PB304L-CX600T3S18,"18""",600,304L,"3""",3,5.95,483.44,676.82,4076,4484
PB316L-CX600T3S18,"18""",600,316L,"3""",3,7.4,488.93,684.5,5114,5626
PBAL6061-CX600T3S18,"18""",600,AL-6061,"3""",3,5,163.05,228.27,1190,1309
PB304-CX600T11GAS20,"20""",600,304,11 Gauge,0.1196,5.5,23.85,33.39,236,260
PBSA36-CX600T11GAS20,"20""",600,SA-36,11 Gauge,0.1196,1.85,22.83,31.96,112,124
PBSA516-70-CX600T11GAS20,"20""",600,SA-516-70,11 Gauge,0.1196,2.15,22.83,31.96,121,134
PB304L-CX600T11GAS20,"20""",600,304L,11 Gauge,0.1196,5.95,23.85,33.39,251,277
PB316L-CX600T11GAS20,"20""",600,316L,11 Gauge,0.1196,7.4,24.13,33.78,302,333
PBAL6061-CX600T11GAS20,"20""",600,AL-6061,11 Gauge,0.1196,5,8.05,11.27,109,120
PB304-CX600T1/8S20,"20""",600,304,"1/8""",0.125,5.5,24.93,34.9,244,269
PBSA36-CX600T1/8S20,"20""",600,SA-36,"1/8""",0.125,1.85,23.87,33.42,114,126
PBSA516-70-CX600T1/8S20,"20""",600,SA-516-70,"1/8""",0.125,2.15,23.87,33.42,124,137
PB304L-CX600T1/8S20,"20""",600,304L,"1/8""",0.125,5.95,24.93,34.9,260,286
PB316L-CX600T1/8S20,"20""",600,316L,"1/8""",0.125,7.4,25.22,35.31,314,346
PBAL6061-CX600T1/8S20,"20""",600,AL-6061,"1/8""",0.125,5,8.41,11.77,111,123
PB304-CX600T3/16S20,"20""",600,304,"3/16""",0.1875,5.5,37.4,52.36,340,375
PBSA36-CX600T3/16S20,"20""",600,SA-36,"3/16""",0.1875,1.85,35.8,50.12,145,160
PBSA516-70-CX600T3/16S20,"20""",600,SA-516-70,"3/16""",0.1875,2.15,35.8,50.12,160,176
PB304L-CX600T3/16S20,"20""",600,304L,"3/16""",0.1875,5.95,37.4,52.36,364,401
PB316L-CX600T3/16S20,"20""",600,316L,"3/16""",0.1875,7.4,37.82,52.95,444,489
PBAL6061-CX600T3/16S20,"20""",600,AL-6061,"3/16""",0.1875,5,12.61,17.65,141,156
PB304-CX600T1/4S20,"20""",600,304,"1/4""",0.25,5.5,49.86,69.8,436,480
PBSA36-CX600T1/4S20,"20""",600,SA-36,"1/4""",0.25,1.85,47.73,66.82,176,194
PBSA516-70-CX600T1/4S20,"20""",600,SA-516-70,"1/4""",0.25,2.15,47.73,66.82,196,216
PB304L-CX600T1/4S20,"20""",600,304L,"1/4""",0.25,5.95,49.86,69.8,468,515
PB316L-CX600T1/4S20,"20""",600,316L,"1/4""",0.25,7.4,50.43,70.6,575,633
PBAL6061-CX600T1/4S20,"20""",600,AL-6061,"1/4""",0.25,5,16.82,23.55,170,188
PB304-CX600T5/16S20,"20""",600,304,"5/16""",0.3125,5.5,62.33,87.26,532,586
PBSA36-CX600T5/16S20,"20""",600,SA-36,"5/16""",0.3125,1.85,59.66,83.52,207,228
PBSA516-70-CX600T5/16S20,"20""",600,SA-516-70,"5/16""",0.3125,2.15,59.66,83.52,232,256
PB304L-CX600T5/16S20,"20""",600,304L,"5/16""",0.3125,5.95,62.33,87.26,572,630
PB316L-CX600T5/16S20,"20""",600,316L,"5/16""",0.3125,7.4,63.04,88.26,706,777
PBAL6061-CX600T5/16S20,"20""",600,AL-6061,"5/16""",0.3125,5,21.02,29.43,200,221
PB304-CX600T3/8S20,"20""",600,304,"3/8""",0.375,5.5,74.79,104.71,628,691
PBSA36-CX600T3/8S20,"20""",600,SA-36,"3/8""",0.375,1.85,71.6,100.24,238,262
PBSA516-70-CX600T3/8S20,"20""",600,SA-516-70,"3/8""",0.375,2.15,71.6,100.24,268,295
PB304L-CX600T3/8S20,"20""",600,304L,"3/8""",0.375,5.95,74.79,104.71,675,743
PB316L-CX600T3/8S20,"20""",600,316L,"3/8""",0.375,7.4,75.65,105.91,836,920
PBAL6061-CX600T3/8S20,"20""",600,AL-6061,"3/8""",0.375,5,25.23,35.32,229,252
PB304-CX600T1/2S20,"20""",600,304,"1/2""",0.5,5.5,99.73,139.62,820,903
PBSA36-CX600T1/2S20,"20""",600,SA-36,"1/2""",0.5,1.85,95.46,133.64,300,330
PBSA516-70-CX600T1/2S20,"20""",600,SA-516-70,"1/2""",0.5,2.15,95.46,133.64,340,375
PB304L-CX600T1/2S20,"20""",600,304L,"1/2""",0.5,5.95,99.73,139.62,883,972
PB316L-CX600T1/2S20,"20""",600,316L,"1/2""",0.5,7.4,100.86,141.2,1097,1207
PBAL6061-CX600T1/2S20,"20""",600,AL-6061,"1/2""",0.5,5,33.64,47.1,288,317
PB304-CX600T5/8S20,"20""",600,304,"5/8""",0.625,5.5,124.66,174.52,1012,1114
PBSA36-CX600T5/8S20,"20""",600,SA-36,"5/8""",0.625,1.85,119.33,167.06,362,399
PBSA516-70-CX600T5/8S20,"20""",600,SA-516-70,"5/8""",0.625,2.15,119.33,167.06,412,454
PB304L-CX600T5/8S20,"20""",600,304L,"5/8""",0.625,5.95,124.66,174.52,1091,1201
PB316L-CX600T5/8S20,"20""",600,316L,"5/8""",0.625,7.4,126.08,176.51,1359,1495
PBAL6061-CX600T5/8S20,"20""",600,AL-6061,"5/8""",0.625,5,42.04,58.86,347,382
PB304-CX600T3/4S20,"20""",600,304,"3/4""",0.75,5.5,149.59,209.43,1204,1325
PBSA36-CX600T3/4S20,"20""",600,SA-36,"3/4""",0.75,1.85,143.19,200.47,423,466
PBSA516-70-CX600T3/4S20,"20""",600,SA-516-70,"3/4""",0.75,2.15,143.19,200.47,483,532
PB304L-CX600T3/4S20,"20""",600,304L,"3/4""",0.75,5.95,149.59,209.43,1299,1429
PB316L-CX600T3/4S20,"20""",600,316L,"3/4""",0.75,7.4,151.29,211.81,1620,1783
PBAL6061-CX600T3/4S20,"20""",600,AL-6061,"3/4""",0.75,5,50.45,70.63,406,447
PB304-CX600T7/8S20,"20""",600,304,"7/8""",0.875,5.5,174.52,244.33,1396,1536
PBSA36-CX600T7/8S20,"20""",600,SA-36,"7/8""",0.875,1.85,167.06,233.88,485,534
PBSA516-70-CX600T7/8S20,"20""",600,SA-516-70,"7/8""",0.875,2.15,167.06,233.88,555,611
PB304L-CX600T7/8S20,"20""",600,304L,"7/8""",0.875,5.95,174.52,244.33,1506,1657
PB316L-CX600T7/8S20,"20""",600,316L,"7/8""",0.875,7.4,176.51,247.11,1881,2070
PBAL6061-CX600T7/8S20,"20""",600,AL-6061,"7/8""",0.875,5,58.86,82.4,464,511
PB304-CX600T1S20,"20""",600,304,"1""",1,5.5,199.45,279.23,1588,1747
PBSA36-CX600T1S20,"20""",600,SA-36,"1""",1,1.85,190.92,267.29,547,602
PBSA516-70-CX600T1S20,"20""",600,SA-516-70,"1""",1,2.15,190.92,267.29,627,690
PB304L-CX600T1S20,"20""",600,304L,"1""",1,5.95,199.45,279.23,1714,1886
PB316L-CX600T1S20,"20""",600,316L,"1""",1,7.4,201.72,282.41,2142,2357
PBAL6061-CX600T1S20,"20""",600,AL-6061,"1""",1,5,67.27,94.18,523,576
PB304-CX600T1-1/8S20,"20""",600,304,"1-1/8""",1.125,5.5,224.38,314.13,1780,1959
PBSA36-CX600T1-1/8S20,"20""",600,SA-36,"1-1/8""",1.125,1.85,214.79,300.71,609,670
PBSA516-70-CX600T1-1/8S20,"20""",600,SA-516-70,"1-1/8""",1.125,2.15,214.79,300.71,699,769
PB304L-CX600T1-1/8S20,"20""",600,304L,"1-1/8""",1.125,5.95,224.38,314.13,1922,2115
PB316L-CX600T1-1/8S20,"20""",600,316L,"1-1/8""",1.125,7.4,226.94,317.72,2404,2645
PBAL6061-CX600T1-1/8S20,"20""",600,AL-6061,"1-1/8""",1.125,5,75.68,105.95,582,641
PB304-CX600T1-1/4S20,"20""",600,304,"1-1/4""",1.25,5.5,249.32,349.05,1972,2170
PBSA36-CX600T1-1/4S20,"20""",600,SA-36,"1-1/4""",1.25,1.85,238.65,334.11,671,739
PBSA516-70-CX600T1-1/4S20,"20""",600,SA-516-70,"1-1/4""",1.25,2.15,238.65,334.11,771,849
PB304L-CX600T1-1/4S20,"20""",600,304L,"1-1/4""",1.25,5.95,249.32,349.05,2129,2342
PB316L-CX600T1-1/4S20,"20""",600,316L,"1-1/4""",1.25,7.4,252.15,353.01,2665,2932
PBAL6061-CX600T1-1/4S20,"20""",600,AL-6061,"1-1/4""",1.25,5,84.09,117.73,641,706
PB304-CX600T1-3/8S20,"20""",600,304,"1-3/8""",1.375,5.5,274.25,383.95,2164,2381
PBSA36-CX600T1-3/8S20,"20""",600,SA-36,"1-3/8""",1.375,1.85,262.52,367.53,732,806
PBSA516-70-CX600T1-3/8S20,"20""",600,SA-516-70,"1-3/8""",1.375,2.15,262.52,367.53,843,928
PB304L-CX600T1-3/8S20,"20""",600,304L,"1-3/8""",1.375,5.95,274.25,383.95,2337,2571
PB316L-CX600T1-3/8S20,"20""",600,316L,"1-3/8""",1.375,7.4,277.37,388.32,2926,3219
PBAL6061-CX600T1-3/8S20,"20""",600,AL-6061,"1-3/8""",1.375,5,92.5,129.5,700,771
PB304-CX600T1-1/2S20,"20""",600,304,"1-1/2""",1.5,5.5,299.18,418.85,2356,2592
PBSA36-CX600T1-1/2S20,"20""",600,SA-36,"1-1/2""",1.5,1.85,286.38,400.93,794,874
PBSA516-70-CX600T1-1/2S20,"20""",600,SA-516-70,"1-1/2""",1.5,2.15,286.38,400.93,914,1006
PB304L-CX600T1-1/2S20,"20""",600,304L,"1-1/2""",1.5,5.95,299.18,418.85,2545,2800
PB316L-CX600T1-1/2S20,"20""",600,316L,"1-1/2""",1.5,7.4,302.58,423.61,3187,3506
PBAL6061-CX600T1-1/2S20,"20""",600,AL-6061,"1-1/2""",1.5,5,100.91,141.27,759,835
PB304-CX600T1-5/8S20,"20""",600,304,"1-5/8""",1.625,5.5,324.11,453.75,2548,2803
PBSA36-CX600T1-5/8S20,"20""",600,SA-36,"1-5/8""",1.625,1.85,310.25,434.35,856,942
PBSA516-70-CX600T1-5/8S20,"20""",600,SA-516-70,"1-5/8""",1.625,2.15,310.25,434.35,986,1085
PB304L-CX600T1-5/8S20,"20""",600,304L,"1-5/8""",1.625,5.95,324.11,453.75,2752,3028
PB316L-CX600T1-5/8S20,"20""",600,316L,"1-5/8""",1.625,7.4,327.8,458.92,3448,3793
PBAL6061-CX600T1-5/8S20,"20""",600,AL-6061,"1-5/8""",1.625,5,109.32,153.05,818,900
PB304-CX600T1-3/4S20,"20""",600,304,"1-3/4""",1.75,5.5,349.04,488.66,2740,3015
PBSA36-CX600T1-3/4S20,"20""",600,SA-36,"1-3/4""",1.75,1.85,334.11,467.75,918,1010
PBSA516-70-CX600T1-3/4S20,"20""",600,SA-516-70,"1-3/4""",1.75,2.15,334.11,467.75,1058,1164
PB304L-CX600T1-3/4S20,"20""",600,304L,"1-3/4""",1.75,5.95,349.04,488.66,2960,3257
PB316L-CX600T1-3/4S20,"20""",600,316L,"1-3/4""",1.75,7.4,353.01,494.21,3710,4082
PBAL6061-CX600T1-3/4S20,"20""",600,AL-6061,"1-3/4""",1.75,5,117.72,164.81,877,965
PB304-CX600T1-7/8S20,"20""",600,304,"1-7/8""",1.875,5.5,373.97,523.56,2932,3226
PBSA36-CX600T1-7/8S20,"20""",600,SA-36,"1-7/8""",1.875,1.85,357.98,501.17,980,1078
PBSA516-70-CX600T1-7/8S20,"20""",600,SA-516-70,"1-7/8""",1.875,2.15,357.98,501.17,1130,1243
PB304L-CX600T1-7/8S20,"20""",600,304L,"1-7/8""",1.875,5.95,373.97,523.56,3168,3485
PB316L-CX600T1-7/8S20,"20""",600,316L,"1-7/8""",1.875,7.4,378.23,529.52,3971,4369
PBAL6061-CX600T1-7/8S20,"20""",600,AL-6061,"1-7/8""",1.875,5,126.13,176.58,935,1029
PB304-CX600T2S20,"20""",600,304,"2""",2,5.5,398.91,558.47,3124,3437
PBSA36-CX600T2S20,"20""",600,SA-36,"2""",2,1.85,381.84,534.58,1041,1146
PBSA516-70-CX600T2S20,"20""",600,SA-516-70,"2""",2,2.15,381.84,534.58,1202,1323
PB304L-CX600T2S20,"20""",600,304L,"2""",2,5.95,398.91,558.47,3375,3713
PB316L-CX600T2S20,"20""",600,316L,"2""",2,7.4,403.44,564.82,4232,4656
PBAL6061-CX600T2S20,"20""",600,AL-6061,"2""",2,5,134.54,188.36,994,1094
PB304-CX600T2-1/4S20,"20""",600,304,"2-1/4""",2.25,5.5,448.77,628.28,3508,3859
PBSA36-CX600T2-1/4S20,"20""",600,SA-36,"2-1/4""",2.25,1.85,429.57,601.4,1165,1282
PBSA516-70-CX600T2-1/4S20,"20""",600,SA-516-70,"2-1/4""",2.25,2.15,429.57,601.4,1345,1480
PB304L-CX600T2-1/4S20,"20""",600,304L,"2-1/4""",2.25,5.95,448.77,628.28,3791,4171
PB316L-CX600T2-1/4S20,"20""",600,316L,"2-1/4""",2.25,7.4,453.87,635.42,4755,5231
PBAL6061-CX600T2-1/4S20,"20""",600,AL-6061,"2-1/4""",2.25,5,151.36,211.9,1112,1224
PB304-CX600T2-1/2S20,"20""",600,304,"2-1/2""",2.5,5.5,498.63,698.08,3892,4282
PBSA36-CX600T2-1/2S20,"20""",600,SA-36,"2-1/2""",2.5,1.85,477.3,668.22,1289,1418
PBSA516-70-CX600T2-1/2S20,"20""",600,SA-516-70,"2-1/2""",2.5,2.15,477.3,668.22,1489,1638
PB304L-CX600T2-1/2S20,"20""",600,304L,"2-1/2""",2.5,5.95,498.63,698.08,4206,4627
PB316L-CX600T2-1/2S20,"20""",600,316L,"2-1/2""",2.5,7.4,504.3,706.02,5277,5805
PBAL6061-CX600T2-1/2S20,"20""",600,AL-6061,"2-1/2""",2.5,5,168.18,235.45,1230,1353
PB304-CX600T3S20,"20""",600,304,"3""",3,5.5,598.36,837.7,4660,5126
PBSA36-CX600T3S20,"20""",600,SA-36,"3""",3,1.85,572.76,801.86,1536,1690
PBSA516-70-CX600T3S20,"20""",600,SA-516-70,"3""",3,2.15,572.76,801.86,1776,1954
PB304L-CX600T3S20,"20""",600,304L,"3""",3,5.95,598.36,837.7,5037,5541
PB316L-CX600T3S20,"20""",600,316L,"3""",3,7.4,605.16,847.22,6322,6955
PBAL6061-CX600T3S20,"20""",600,AL-6061,"3""",3,5,201.81,282.53,1465,1612
PB304-CX600T11GAS24,"24""",600,304,11 Gauge,0.1196,5.5,31.96,44.74,303,334
PBSA36-CX600T11GAS24,"24""",600,SA-36,11 Gauge,0.1196,1.85,30.6,42.84,136,150
PBSA516-70-CX600T11GAS24,"24""",600,SA-516-70,11 Gauge,0.1196,2.15,30.6,42.84,149,164
PB304L-CX600T11GAS24,"24""",600,304L,11 Gauge,0.1196,5.95,31.96,44.74,323,356
PB316L-CX600T11GAS24,"24""",600,316L,11 Gauge,0.1196,7.4,32.33,45.26,392,432
PBAL6061-CX600T11GAS24,"24""",600,AL-6061,11 Gauge,0.1196,5,10.78,15.09,132,146
PB304-CX600T1/8S24,"24""",600,304,"1/8""",0.125,5.5,33.41,46.77,314,346
PBSA36-CX600T1/8S24,"24""",600,SA-36,"1/8""",0.125,1.85,31.98,44.77,139,153
PBSA516-70-CX600T1/8S24,"24""",600,SA-516-70,"1/8""",0.125,2.15,31.98,44.77,153,169
PB304L-CX600T1/8S24,"24""",600,304L,"1/8""",0.125,5.95,33.41,46.77,335,369
PB316L-CX600T1/8S24,"24""",600,316L,"1/8""",0.125,7.4,33.79,47.31,407,448
PBAL6061-CX600T1/8S24,"24""",600,AL-6061,"1/8""",0.125,5,11.27,15.78,136,150
PB304-CX600T3/16S24,"24""",600,304,"3/16""",0.1875,5.5,50.11,70.15,442,487
PBSA36-CX600T3/16S24,"24""",600,SA-36,"3/16""",0.1875,1.85,47.97,67.16,181,200
PBSA516-70-CX600T3/16S24,"24""",600,SA-516-70,"3/16""",0.1875,2.15,47.97,67.16,201,222
PB304L-CX600T3/16S24,"24""",600,304L,"3/16""",0.1875,5.95,50.11,70.15,474,522
PB316L-CX600T3/16S24,"24""",600,316L,"3/16""",0.1875,7.4,50.68,70.95,582,641
PBAL6061-CX600T3/16S24,"24""",600,AL-6061,"3/16""",0.1875,5,16.9,23.66,175,193
PB304-CX600T1/4S24,"24""",600,304,"1/4""",0.25,5.5,66.81,93.53,571,629
PBSA36-CX600T1/4S24,"24""",600,SA-36,"1/4""",0.25,1.85,63.96,89.54,222,245
PBSA516-70-CX600T1/4S24,"24""",600,SA-516-70,"1/4""",0.25,2.15,63.96,89.54,249,274
PB304L-CX600T1/4S24,"24""",600,304L,"1/4""",0.25,5.95,66.81,93.53,613,675
PB316L-CX600T1/4S24,"24""",600,316L,"1/4""",0.25,7.4,67.57,94.6,757,833
PBAL6061-CX600T1/4S24,"24""",600,AL-6061,"1/4""",0.25,5,22.53,31.54,214,236
PB304-CX600T5/16S24,"24""",600,304,"5/16""",0.3125,5.5,83.52,116.93,700,771
PBSA36-CX600T5/16S24,"24""",600,SA-36,"5/16""",0.3125,1.85,79.94,111.92,264,291
PBSA516-70-CX600T5/16S24,"24""",600,SA-516-70,"5/16""",0.3125,2.15,79.94,111.92,297,327
PB304L-CX600T5/16S24,"24""",600,304L,"5/16""",0.3125,5.95,83.52,116.93,752,828
PB316L-CX600T5/16S24,"24""",600,316L,"5/16""",0.3125,7.4,84.47,118.26,932,1026
PBAL6061-CX600T5/16S24,"24""",600,AL-6061,"5/16""",0.3125,5,28.17,39.44,254,280
PB304-CX600T3/8S24,"24""",600,304,"3/8""",0.375,5.5,100.22,140.31,828,911
PBSA36-CX600T3/8S24,"24""",600,SA-36,"3/8""",0.375,1.85,95.93,134.3,305,336
PBSA516-70-CX600T3/8S24,"24""",600,SA-516-70,"3/8""",0.375,2.15,95.93,134.3,345,380
PB304L-CX600T3/8S24,"24""",600,304L,"3/8""",0.375,5.95,100.22,140.31,891,981
PB316L-CX600T3/8S24,"24""",600,316L,"3/8""",0.375,7.4,101.36,141.9,1107,1218
PBAL6061-CX600T3/8S24,"24""",600,AL-6061,"3/8""",0.375,5,33.8,47.32,293,323
PB304-CX600T1/2S24,"24""",600,304,"1/2""",0.5,5.5,133.63,187.08,1086,1195
PBSA36-CX600T1/2S24,"24""",600,SA-36,"1/2""",0.5,1.85,127.91,179.07,388,427
PBSA516-70-CX600T1/2S24,"24""",600,SA-516-70,"1/2""",0.5,2.15,127.91,179.07,442,487
PB304L-CX600T1/2S24,"24""",600,304L,"1/2""",0.5,5.95,133.63,187.08,1170,1287
PB316L-CX600T1/2S24,"24""",600,316L,"1/2""",0.5,7.4,135.15,189.21,1457,1603
PBAL6061-CX600T1/2S24,"24""",600,AL-6061,"1/2""",0.5,5,45.07,63.1,372,410
PB304-CX600T5/8S24,"24""",600,304,"5/8""",0.625,5.5,167.03,233.84,1343,1478
PBSA36-CX600T5/8S24,"24""",600,SA-36,"5/8""",0.625,1.85,159.89,223.85,471,519
PBSA516-70-CX600T5/8S24,"24""",600,SA-516-70,"5/8""",0.625,2.15,159.89,223.85,538,592
PB304L-CX600T5/8S24,"24""",600,304L,"5/8""",0.625,5.95,167.03,233.84,1448,1593
PB316L-CX600T5/8S24,"24""",600,316L,"5/8""",0.625,7.4,168.93,236.5,1807,1988
PBAL6061-CX600T5/8S24,"24""",600,AL-6061,"5/8""",0.625,5,56.34,78.88,451,497
PB304-CX600T3/4S24,"24""",600,304,"3/4""",0.75,5.5,200.44,280.62,1600,1761
PBSA36-CX600T3/4S24,"24""",600,SA-36,"3/4""",0.75,1.85,191.87,268.62,554,610
PBSA516-70-CX600T3/4S24,"24""",600,SA-516-70,"3/4""",0.75,2.15,191.87,268.62,634,698
PB304L-CX600T3/4S24,"24""",600,304L,"3/4""",0.75,5.95,200.44,280.62,1726,1899
PB316L-CX600T3/4S24,"24""",600,316L,"3/4""",0.75,7.4,202.72,283.81,2157,2373
PBAL6061-CX600T3/4S24,"24""",600,AL-6061,"3/4""",0.75,5,67.6,94.64,530,583
PB304-CX600T7/8S24,"24""",600,304,"7/8""",0.875,5.5,233.85,327.39,1857,2043
PBSA36-CX600T7/8S24,"24""",600,SA-36,"7/8""",0.875,1.85,223.84,313.38,636,700
PBSA516-70-CX600T7/8S24,"24""",600,SA-516-70,"7/8""",0.875,2.15,223.84,313.38,730,804
PB304L-CX600T7/8S24,"24""",600,304L,"7/8""",0.875,5.95,233.85,327.39,2005,2206
PB316L-CX600T7/8S24,"24""",600,316L,"7/8""",0.875,7.4,236.51,331.11,2507,2758
PBAL6061-CX600T7/8S24,"24""",600,AL-6061,"7/8""",0.875,5,78.87,110.42,609,670
PB304-CX600T1S24,"24""",600,304,"1""",1,5.5,267.25,374.15,2114,2326
PBSA36-CX600T1S24,"24""",600,SA-36,"1""",1,1.85,255.82,358.15,719,791
PBSA516-70-CX600T1S24,"24""",600,SA-516-70,"1""",1,2.15,255.82,358.15,827,910
PB304L-CX600T1S24,"24""",600,304L,"1""",1,5.95,267.25,374.15,2283,2512
PB316L-CX600T1S24,"24""",600,316L,"1""",1,7.4,270.29,378.41,2857,3143
PBAL6061-CX600T1S24,"24""",600,AL-6061,"1""",1,5,90.14,126.2,688,757
PB304-CX600T1-1/8S24,"24""",600,304,"1-1/8""",1.125,5.5,300.66,420.92,2372,2610
PBSA36-CX600T1-1/8S24,"24""",600,SA-36,"1-1/8""",1.125,1.85,287.8,402.92,802,883
PBSA516-70-CX600T1-1/8S24,"24""",600,SA-516-70,"1-1/8""",1.125,2.15,287.8,402.92,923,1016
PB304L-CX600T1-1/8S24,"24""",600,304L,"1-1/8""",1.125,5.95,300.66,420.92,2561,2818
PB316L-CX600T1-1/8S24,"24""",600,316L,"1-1/8""",1.125,7.4,304.08,425.71,3207,3528
PBAL6061-CX600T1-1/8S24,"24""",600,AL-6061,"1-1/8""",1.125,5,101.41,141.97,766,843
PB304-CX600T1-1/4S24,"24""",600,304,"1-1/4""",1.25,5.5,334.07,467.7,2629,2892
PBSA36-CX600T1-1/4S24,"24""",600,SA-36,"1-1/4""",1.25,1.85,319.78,447.69,885,974
PBSA516-70-CX600T1-1/4S24,"24""",600,SA-516-70,"1-1/4""",1.25,2.15,319.78,447.69,1019,1121
PB304L-CX600T1-1/4S24,"24""",600,304L,"1-1/4""",1.25,5.95,334.07,467.7,2839,3123
PB316L-CX600T1-1/4S24,"24""",600,316L,"1-1/4""",1.25,7.4,337.87,473.02,3557,3913
PBAL6061-CX600T1-1/4S24,"24""",600,AL-6061,"1-1/4""",1.25,5,112.67,157.74,845,930
PB304-CX600T1-3/8S24,"24""",600,304,"1-3/8""",1.375,5.5,367.47,514.46,2886,3175
PBSA36-CX600T1-3/8S24,"24""",600,SA-36,"1-3/8""",1.375,1.85,351.76,492.46,968,1065
PBSA516-70-CX600T1-3/8S24,"24""",600,SA-516-70,"1-3/8""",1.375,2.15,351.76,492.46,1115,1227
PB304L-CX600T1-3/8S24,"24""",600,304L,"1-3/8""",1.375,5.95,367.47,514.46,3118,3430
PB316L-CX600T1-3/8S24,"24""",600,316L,"1-3/8""",1.375,7.4,371.65,520.31,3907,4298
PBAL6061-CX600T1-3/8S24,"24""",600,AL-6061,"1-3/8""",1.375,5,123.94,173.52,924,1017
PB304-CX600T1-1/2S24,"24""",600,304,"1-1/2""",1.5,5.5,400.88,561.23,3143,3458
PBSA36-CX600T1-1/2S24,"24""",600,SA-36,"1-1/2""",1.5,1.85,383.73,537.22,1051,1157
PBSA516-70-CX600T1-1/2S24,"24""",600,SA-516-70,"1-1/2""",1.5,2.15,383.73,537.22,1212,1334
PB304L-CX600T1-1/2S24,"24""",600,304L,"1-1/2""",1.5,5.95,400.88,561.23,3396,3736
PB316L-CX600T1-1/2S24,"24""",600,316L,"1-1/2""",1.5,7.4,405.44,567.62,4257,4683
PBAL6061-CX600T1-1/2S24,"24""",600,AL-6061,"1-1/2""",1.5,5,135.21,189.29,1003,1104
PB304-CX600T1-5/8S24,"24""",600,304,"1-5/8""",1.625,5.5,434.29,608.01,3401,3742
PBSA36-CX600T1-5/8S24,"24""",600,SA-36,"1-5/8""",1.625,1.85,415.71,581.99,1133,1247
PBSA516-70-CX600T1-5/8S24,"24""",600,SA-516-70,"1-5/8""",1.625,2.15,415.71,581.99,1308,1439
PB304L-CX600T1-5/8S24,"24""",600,304L,"1-5/8""",1.625,5.95,434.29,608.01,3674,4042
PB316L-CX600T1-5/8S24,"24""",600,316L,"1-5/8""",1.625,7.4,439.22,614.91,4607,5068
PBAL6061-CX600T1-5/8S24,"24""",600,AL-6061,"1-5/8""",1.625,5,146.48,205.07,1082,1191
PB304-CX600T1-3/4S24,"24""",600,304,"1-3/4""",1.75,5.5,467.69,654.77,3658,4024
PBSA36-CX600T1-3/4S24,"24""",600,SA-36,"1-3/4""",1.75,1.85,447.69,626.77,1216,1338
PBSA516-70-CX600T1-3/4S24,"24""",600,SA-516-70,"1-3/4""",1.75,2.15,447.69,626.77,1404,1545
PB304L-CX600T1-3/4S24,"24""",600,304L,"1-3/4""",1.75,5.95,467.69,654.77,3953,4349
PB316L-CX600T1-3/4S24,"24""",600,316L,"1-3/4""",1.75,7.4,473.01,662.21,4957,5453
PBAL6061-CX600T1-3/4S24,"24""",600,AL-6061,"1-3/4""",1.75,5,157.74,220.84,1161,1278
PB304-CX600T1-7/8S24,"24""",600,304,"1-7/8""",1.875,5.5,501.1,701.54,3915,4307
PBSA36-CX600T1-7/8S24,"24""",600,SA-36,"1-7/8""",1.875,1.85,479.67,671.54,1299,1429
PBSA516-70-CX600T1-7/8S24,"24""",600,SA-516-70,"1-7/8""",1.875,2.15,479.67,671.54,1500,1651
PB304L-CX600T1-7/8S24,"24""",600,304L,"1-7/8""",1.875,5.95,501.1,701.54,4231,4655
PB316L-CX600T1-7/8S24,"24""",600,316L,"1-7/8""",1.875,7.4,506.8,709.52,5307,5838
PBAL6061-CX600T1-7/8S24,"24""",600,AL-6061,"1-7/8""",1.875,5,169.01,236.61,1240,1364
PB304-CX600T2S24,"24""",600,304,"2""",2,5.5,534.51,748.31,4172,4590
PBSA36-CX600T2S24,"24""",600,SA-36,"2""",2,1.85,511.64,716.3,1382,1521
PBSA516-70-CX600T2S24,"24""",600,SA-516-70,"2""",2,2.15,511.64,716.3,1597,1757
PB304L-CX600T2S24,"24""",600,304L,"2""",2,5.95,534.51,748.31,4509,4960
PB316L-CX600T2S24,"24""",600,316L,"2""",2,7.4,540.58,756.81,5657,6223
PBAL6061-CX600T2S24,"24""",600,AL-6061,"2""",2,5,180.28,252.39,1319,1451
PB304-CX600T2-1/4S24,"24""",600,304,"2-1/4""",2.25,5.5,601.32,841.85,4687,5156
PBSA36-CX600T2-1/4S24,"24""",600,SA-36,"2-1/4""",2.25,1.85,575.6,805.84,1547,1702
PBSA516-70-CX600T2-1/4S24,"24""",600,SA-516-70,"2-1/4""",2.25,2.15,575.6,805.84,1789,1968
PB304L-CX600T2-1/4S24,"24""",600,304L,"2-1/4""",2.25,5.95,601.32,841.85,5066,5573
PB316L-CX600T2-1/4S24,"24""",600,316L,"2-1/4""",2.25,7.4,608.16,851.42,6357,6993
PBAL6061-CX600T2-1/4S24,"24""",600,AL-6061,"2-1/4""",2.25,5,202.81,283.93,1476,1624
PB304-CX600T2-1/2S24,"24""",600,304,"2-1/2""",2.5,5.5,668.14,935.4,5201,5722
PBSA36-CX600T2-1/2S24,"24""",600,SA-36,"2-1/2""",2.5,1.85,639.56,895.38,1713,1885
PBSA516-70-CX600T2-1/2S24,"24""",600,SA-516-70,"2-1/2""",2.5,2.15,639.56,895.38,1982,2181
PB304L-CX600T2-1/2S24,"24""",600,304L,"2-1/2""",2.5,5.95,668.14,935.4,5622,6185
PB316L-CX600T2-1/2S24,"24""",600,316L,"2-1/2""",2.5,7.4,675.73,946.02,7057,7763
PBAL6061-CX600T2-1/2S24,"24""",600,AL-6061,"2-1/2""",2.5,5,225.35,315.49,1634,1798
PB304-CX600T3S24,"24""",600,304,"3""",3,5.5,801.76,1122.46,6230,6854
PBSA36-CX600T3S24,"24""",600,SA-36,"3""",3,1.85,767.47,1074.46,2044,2249
PBSA516-70-CX600T3S24,"24""",600,SA-516-70,"3""",3,2.15,767.47,1074.46,2367,2604
PB304L-CX600T3S24,"24""",600,304L,"3""",3,5.95,801.76,1122.46,6735,7409
PB316L-CX600T3S24,"24""",600,316L,"3""",3,7.4,810.88,1135.23,8457,9303
PBAL6061-CX600T3S24,"24""",600,AL-6061,"3""",3,5,270.42,378.59,1950,2145
PB304-CX900T11GAS1/2,"1/2""",900,304,11 Gauge,0.1196,5.5,0.28,0.39,37,41
PBSA36-CX900T11GAS1/2,"1/2""",900,SA-36,11 Gauge,0.1196,1.85,0.27,0.38,36,40
PBSA516-70-CX900T11GAS1/2,"1/2""",900,SA-516-70,11 Gauge,0.1196,2.15,0.27,0.38,36,40
PB304L-CX900T11GAS1/2,"1/2""",900,304L,11 Gauge,0.1196,5.95,0.28,0.39,37,41
PB316L-CX900T11GAS1/2,"1/2""",900,316L,11 Gauge,0.1196,7.4,0.29,0.41,38,42
PBAL6061-CX900T11GAS1/2,"1/2""",900,AL-6061,11 Gauge,0.1196,5,0.1,0.15,36,40
PB304-CX900T1/8S1/2,"1/2""",900,304,"1/8""",0.125,5.5,0.3,0.42,37,41
PBSA36-CX900T1/8S1/2,"1/2""",900,SA-36,"1/8""",0.125,1.85,0.28,0.39,36,40
PBSA516-70-CX900T1/8S1/2,"1/2""",900,SA-516-70,"1/8""",0.125,2.15,0.28,0.39,36,40
PB304L-CX900T1/8S1/2,"1/2""",900,304L,"1/8""",0.125,5.95,0.3,0.42,37,41
PB316L-CX900T1/8S1/2,"1/2""",900,316L,"1/8""",0.125,7.4,0.3,0.42,38,42
PBAL6061-CX900T1/8S1/2,"1/2""",900,AL-6061,"1/8""",0.125,5,0.1,0.15,36,40
PB304-CX900T3/16S1/2,"1/2""",900,304,"3/16""",0.1875,5.5,0.44,0.62,38,42
PBSA36-CX900T3/16S1/2,"1/2""",900,SA-36,"3/16""",0.1875,1.85,0.43,0.6,36,40
PBSA516-70-CX900T3/16S1/2,"1/2""",900,SA-516-70,"3/16""",0.1875,2.15,0.43,0.6,36,40
PB304L-CX900T3/16S1/2,"1/2""",900,304L,"3/16""",0.1875,5.95,0.44,0.62,39,43
PB316L-CX900T3/16S1/2,"1/2""",900,316L,"3/16""",0.1875,7.4,0.45,0.63,40,44
PBAL6061-CX900T3/16S1/2,"1/2""",900,AL-6061,"3/16""",0.1875,5,0.15,0.21,36,40
PB304-CX900T1/4S1/2,"1/2""",900,304,"1/4""",0.25,5.5,0.59,0.83,39,43
PBSA36-CX900T1/4S1/2,"1/2""",900,SA-36,"1/4""",0.25,1.85,0.57,0.8,36,40
PBSA516-70-CX900T1/4S1/2,"1/2""",900,SA-516-70,"1/4""",0.25,2.15,0.57,0.8,37,41
PB304L-CX900T1/4S1/2,"1/2""",900,304L,"1/4""",0.25,5.95,0.59,0.83,40,44
PB316L-CX900T1/4S1/2,"1/2""",900,316L,"1/4""",0.25,7.4,0.6,0.84,41,46
PBAL6061-CX900T1/4S1/2,"1/2""",900,AL-6061,"1/4""",0.25,5,0.2,0.28,36,40
PB304-CX900T5/16S1/2,"1/2""",900,304,"5/16""",0.3125,5.5,0.74,1.04,41,46
PBSA36-CX900T5/16S1/2,"1/2""",900,SA-36,"5/16""",0.3125,1.85,0.71,0.99,37,41
PBSA516-70-CX900T5/16S1/2,"1/2""",900,SA-516-70,"5/16""",0.3125,2.15,0.71,0.99,37,41
PB304L-CX900T5/16S1/2,"1/2""",900,304L,"5/16""",0.3125,5.95,0.74,1.04,41,46
PB316L-CX900T5/16S1/2,"1/2""",900,316L,"5/16""",0.3125,7.4,0.75,1.05,43,48
PBAL6061-CX900T5/16S1/2,"1/2""",900,AL-6061,"5/16""",0.3125,5,0.25,0.35,37,41
PB304-CX900T3/8S1/2,"1/2""",900,304,"3/8""",0.375,5.5,0.89,1.25,42,47
PBSA36-CX900T3/8S1/2,"1/2""",900,SA-36,"3/8""",0.375,1.85,0.85,1.19,37,41
PBSA516-70-CX900T3/8S1/2,"1/2""",900,SA-516-70,"3/8""",0.375,2.15,0.85,1.19,37,41
PB304L-CX900T3/8S1/2,"1/2""",900,304L,"3/8""",0.375,5.95,0.89,1.25,42,47
PB316L-CX900T3/8S1/2,"1/2""",900,316L,"3/8""",0.375,7.4,0.9,1.26,44,49
PBAL6061-CX900T3/8S1/2,"1/2""",900,AL-6061,"3/8""",0.375,5,0.3,0.42,37,41
PB304-CX900T1/2S1/2,"1/2""",900,304,"1/2""",0.5,5.5,1.18,1.65,44,49
PBSA36-CX900T1/2S1/2,"1/2""",900,SA-36,"1/2""",0.5,1.85,1.13,1.58,38,42
PBSA516-70-CX900T1/2S1/2,"1/2""",900,SA-516-70,"1/2""",0.5,2.15,1.13,1.58,38,42
PB304L-CX900T1/2S1/2,"1/2""",900,304L,"1/2""",0.5,5.95,1.18,1.65,45,50
PB316L-CX900T1/2S1/2,"1/2""",900,316L,"1/2""",0.5,7.4,1.2,1.68,47,52
PBAL6061-CX900T1/2S1/2,"1/2""",900,AL-6061,"1/2""",0.5,5,0.4,0.56,38,42
PB304-CX900T5/8S1/2,"1/2""",900,304,"5/8""",0.625,5.5,1.48,2.07,46,51
PBSA36-CX900T5/8S1/2,"1/2""",900,SA-36,"5/8""",0.625,1.85,1.42,1.99,39,43
PBSA516-70-CX900T5/8S1/2,"1/2""",900,SA-516-70,"5/8""",0.625,2.15,1.42,1.99,39,43
PB304L-CX900T5/8S1/2,"1/2""",900,304L,"5/8""",0.625,5.95,1.48,2.07,47,52
PB316L-CX900T5/8S1/2,"1/2""",900,316L,"5/8""",0.625,7.4,1.5,2.1,50,56
PBAL6061-CX900T5/8S1/2,"1/2""",900,AL-6061,"5/8""",0.625,5,0.5,0.7,38,42
PB304-CX900T3/4S1/2,"1/2""",900,304,"3/4""",0.75,5.5,1.78,2.49,49,54
PBSA36-CX900T3/4S1/2,"1/2""",900,SA-36,"3/4""",0.75,1.85,1.7,2.38,39,43
PBSA516-70-CX900T3/4S1/2,"1/2""",900,SA-516-70,"3/4""",0.75,2.15,1.7,2.38,40,44
PB304L-CX900T3/4S1/2,"1/2""",900,304L,"3/4""",0.75,5.95,1.78,2.49,50,56
PB316L-CX900T3/4S1/2,"1/2""",900,316L,"3/4""",0.75,7.4,1.8,2.52,53,59
PBAL6061-CX900T3/4S1/2,"1/2""",900,AL-6061,"3/4""",0.75,5,0.6,0.84,39,43
PB304-CX900T7/8S1/2,"1/2""",900,304,"7/8""",0.875,5.5,2.07,2.9,51,57
PBSA36-CX900T7/8S1/2,"1/2""",900,SA-36,"7/8""",0.875,1.85,1.98,2.77,40,44
PBSA516-70-CX900T7/8S1/2,"1/2""",900,SA-516-70,"7/8""",0.875,2.15,1.98,2.77,41,46
PB304L-CX900T7/8S1/2,"1/2""",900,304L,"7/8""",0.875,5.95,2.07,2.9,52,58
PB316L-CX900T7/8S1/2,"1/2""",900,316L,"7/8""",0.875,7.4,2.1,2.94,57,63
PBAL6061-CX900T7/8S1/2,"1/2""",900,AL-6061,"7/8""",0.875,5,0.7,0.98,40,44
PB304-CX900T1S1/2,"1/2""",900,304,"1""",1,5.5,2.37,3.32,53,59
PBSA36-CX900T1S1/2,"1/2""",900,SA-36,"1""",1,1.85,2.27,3.18,41,46
PBSA516-70-CX900T1S1/2,"1/2""",900,SA-516-70,"1""",1,2.15,2.27,3.18,42,47
PB304L-CX900T1S1/2,"1/2""",900,304L,"1""",1,5.95,2.37,3.32,55,61
PB316L-CX900T1S1/2,"1/2""",900,316L,"1""",1,7.4,2.4,3.36,60,66
PBAL6061-CX900T1S1/2,"1/2""",900,AL-6061,"1""",1,5,0.8,1.12,40,44
PB304-CX900T1-1/8S1/2,"1/2""",900,304,"1-1/8""",1.125,5.5,2.66,3.72,55,61
PBSA36-CX900T1-1/8S1/2,"1/2""",900,SA-36,"1-1/8""",1.125,1.85,2.55,3.57,41,46
PBSA516-70-CX900T1-1/8S1/2,"1/2""",900,SA-516-70,"1-1/8""",1.125,2.15,2.55,3.57,43,48
PB304L-CX900T1-1/8S1/2,"1/2""",900,304L,"1-1/8""",1.125,5.95,2.66,3.72,57,63
PB316L-CX900T1-1/8S1/2,"1/2""",900,316L,"1-1/8""",1.125,7.4,2.69,3.77,63,70
PBAL6061-CX900T1-1/8S1/2,"1/2""",900,AL-6061,"1-1/8""",1.125,5,0.9,1.26,41,46
PB304-CX900T1-1/4S1/2,"1/2""",900,304,"1-1/4""",1.25,5.5,2.96,4.14,58,64
PBSA36-CX900T1-1/4S1/2,"1/2""",900,SA-36,"1-1/4""",1.25,1.85,2.83,3.96,42,47
PBSA516-70-CX900T1-1/4S1/2,"1/2""",900,SA-516-70,"1-1/4""",1.25,2.15,2.83,3.96,43,48
PB304L-CX900T1-1/4S1/2,"1/2""",900,304L,"1-1/4""",1.25,5.95,2.96,4.14,59,65
PB316L-CX900T1-1/4S1/2,"1/2""",900,316L,"1-1/4""",1.25,7.4,2.99,4.19,66,73
PBAL6061-CX900T1-1/4S1/2,"1/2""",900,AL-6061,"1-1/4""",1.25,5,1,1.4,42,47
PB304-CX900T1-3/8S1/2,"1/2""",900,304,"1-3/8""",1.375,5.5,3.26,4.56,60,66
PBSA36-CX900T1-3/8S1/2,"1/2""",900,SA-36,"1-3/8""",1.375,1.85,3.12,4.37,43,48
PBSA516-70-CX900T1-3/8S1/2,"1/2""",900,SA-516-70,"1-3/8""",1.375,2.15,3.12,4.37,44,49
PB304L-CX900T1-3/8S1/2,"1/2""",900,304L,"1-3/8""",1.375,5.95,3.26,4.56,62,69
PB316L-CX900T1-3/8S1/2,"1/2""",900,316L,"1-3/8""",1.375,7.4,3.29,4.61,69,76
PBAL6061-CX900T1-3/8S1/2,"1/2""",900,AL-6061,"1-3/8""",1.375,5,1.1,1.54,43,48
PB304-CX900T1-1/2S1/2,"1/2""",900,304,"1-1/2""",1.5,5.5,3.55,4.97,62,69
PBSA36-CX900T1-1/2S1/2,"1/2""",900,SA-36,"1-1/2""",1.5,1.85,3.4,4.76,44,49
PBSA516-70-CX900T1-1/2S1/2,"1/2""",900,SA-516-70,"1-1/2""",1.5,2.15,3.4,4.76,45,50
PB304L-CX900T1-1/2S1/2,"1/2""",900,304L,"1-1/2""",1.5,5.95,3.55,4.97,64,71
PB316L-CX900T1-1/2S1/2,"1/2""",900,316L,"1-1/2""",1.5,7.4,3.59,5.03,72,80
PBAL6061-CX900T1-1/2S1/2,"1/2""",900,AL-6061,"1-1/2""",1.5,5,1.2,1.68,43,48
PB304-CX900T1-5/8S1/2,"1/2""",900,304,"1-5/8""",1.625,5.5,3.85,5.39,64,71
PBSA36-CX900T1-5/8S1/2,"1/2""",900,SA-36,"1-5/8""",1.625,1.85,3.68,5.15,44,49
PBSA516-70-CX900T1-5/8S1/2,"1/2""",900,SA-516-70,"1-5/8""",1.625,2.15,3.68,5.15,46,51
PB304L-CX900T1-5/8S1/2,"1/2""",900,304L,"1-5/8""",1.625,5.95,3.85,5.39,67,74
PB316L-CX900T1-5/8S1/2,"1/2""",900,316L,"1-5/8""",1.625,7.4,3.89,5.45,75,83
PBAL6061-CX900T1-5/8S1/2,"1/2""",900,AL-6061,"1-5/8""",1.625,5,1.3,1.82,44,49
PB304-CX900T1-3/4S1/2,"1/2""",900,304,"1-3/4""",1.75,5.5,4.14,5.8,67,74
PBSA36-CX900T1-3/4S1/2,"1/2""",900,SA-36,"1-3/4""",1.75,1.85,3.97,5.56,45,50
PBSA516-70-CX900T1-3/4S1/2,"1/2""",900,SA-516-70,"1-3/4""",1.75,2.15,3.97,5.56,47,52
PB304L-CX900T1-3/4S1/2,"1/2""",900,304L,"1-3/4""",1.75,5.95,4.14,5.8,69,76
PB316L-CX900T1-3/4S1/2,"1/2""",900,316L,"1-3/4""",1.75,7.4,4.19,5.87,78,86
PBAL6061-CX900T1-3/4S1/2,"1/2""",900,AL-6061,"1-3/4""",1.75,5,1.4,1.96,45,50
PB304-CX900T1-7/8S1/2,"1/2""",900,304,"1-7/8""",1.875,5.5,4.44,6.22,69,76
PBSA36-CX900T1-7/8S1/2,"1/2""",900,SA-36,"1-7/8""",1.875,1.85,4.25,5.95,46,51
PBSA516-70-CX900T1-7/8S1/2,"1/2""",900,SA-516-70,"1-7/8""",1.875,2.15,4.25,5.95,48,53
PB304L-CX900T1-7/8S1/2,"1/2""",900,304L,"1-7/8""",1.875,5.95,4.44,6.22,72,80
PB316L-CX900T1-7/8S1/2,"1/2""",900,316L,"1-7/8""",1.875,7.4,4.49,6.29,81,90
PBAL6061-CX900T1-7/8S1/2,"1/2""",900,AL-6061,"1-7/8""",1.875,5,1.5,2.1,45,50
PB304-CX900T2S1/2,"1/2""",900,304,"2""",2,5.5,4.74,6.64,71,79
PBSA36-CX900T2S1/2,"1/2""",900,SA-36,"2""",2,1.85,4.53,6.34,47,52
PBSA516-70-CX900T2S1/2,"1/2""",900,SA-516-70,"2""",2,2.15,4.53,6.34,48,53
PB304L-CX900T2S1/2,"1/2""",900,304L,"2""",2,5.95,4.74,6.64,74,82
PB316L-CX900T2S1/2,"1/2""",900,316L,"2""",2,7.4,4.79,6.71,85,94
PBAL6061-CX900T2S1/2,"1/2""",900,AL-6061,"2""",2,5,1.6,2.24,46,51
PB304-CX900T2-1/4S1/2,"1/2""",900,304,"2-1/4""",2.25,5.5,5.33,7.46,76,84
PBSA36-CX900T2-1/4S1/2,"1/2""",900,SA-36,"2-1/4""",2.25,1.85,5.1,7.14,48,53
PBSA516-70-CX900T2-1/4S1/2,"1/2""",900,SA-516-70,"2-1/4""",2.25,2.15,5.1,7.14,50,56
PB304L-CX900T2-1/4S1/2,"1/2""",900,304L,"2-1/4""",2.25,5.95,5.33,7.46,79,87
PB316L-CX900T2-1/4S1/2,"1/2""",900,316L,"2-1/4""",2.25,7.4,5.39,7.55,91,101
PBAL6061-CX900T2-1/4S1/2,"1/2""",900,AL-6061,"2-1/4""",2.25,5,1.8,2.52,47,52
PB304-CX900T2-1/2S1/2,"1/2""",900,304,"2-1/2""",2.5,5.5,5.92,8.29,80,88
PBSA36-CX900T2-1/2S1/2,"1/2""",900,SA-36,"2-1/2""",2.5,1.85,5.67,7.94,50,56
PBSA516-70-CX900T2-1/2S1/2,"1/2""",900,SA-516-70,"2-1/2""",2.5,2.15,5.67,7.94,52,58
PB304L-CX900T2-1/2S1/2,"1/2""",900,304L,"2-1/2""",2.5,5.95,5.92,8.29,84,93
PB316L-CX900T2-1/2S1/2,"1/2""",900,316L,"2-1/2""",2.5,7.4,5.99,8.39,97,107
PBAL6061-CX900T2-1/2S1/2,"1/2""",900,AL-6061,"2-1/2""",2.5,5,2,2.8,49,54
PB304-CX900T3S1/2,"1/2""",900,304,"3""",3,5.5,7.1,9.94,90,100
PBSA36-CX900T3S1/2,"1/2""",900,SA-36,"3""",3,1.85,6.8,9.52,52,58
PBSA516-70-CX900T3S1/2,"1/2""",900,SA-516-70,"3""",3,2.15,6.8,9.52,55,61
PB304L-CX900T3S1/2,"1/2""",900,304L,"3""",3,5.95,7.1,9.94,94,104
PB316L-CX900T3S1/2,"1/2""",900,316L,"3""",3,7.4,7.19,10.07,109,120
PBAL6061-CX900T3S1/2,"1/2""",900,AL-6061,"3""",3,5,2.4,3.36,52,58
PB304-CX900T11GAS3/4,"3/4""",900,304,11 Gauge,0.1196,5.5,0.32,0.45,37,41
PBSA36-CX900T11GAS3/4,"3/4""",900,SA-36,11 Gauge,0.1196,1.85,0.31,0.43,36,40
PBSA516-70-CX900T11GAS3/4,"3/4""",900,SA-516-70,11 Gauge,0.1196,2.15,0.31,0.43,36,40
PB304L-CX900T11GAS3/4,"3/4""",900,304L,11 Gauge,0.1196,5.95,0.32,0.45,38,42
PB316L-CX900T11GAS3/4,"3/4""",900,316L,11 Gauge,0.1196,7.4,0.33,0.46,38,42
PBAL6061-CX900T11GAS3/4,"3/4""",900,AL-6061,11 Gauge,0.1196,5,0.11,0.15,36,40
PB304-CX900T1/8S3/4,"3/4""",900,304,"1/8""",0.125,5.5,0.34,0.48,37,41
PBSA36-CX900T1/8S3/4,"3/4""",900,SA-36,"1/8""",0.125,1.85,0.32,0.45,36,40
PBSA516-70-CX900T1/8S3/4,"3/4""",900,SA-516-70,"1/8""",0.125,2.15,0.32,0.45,36,40
PB304L-CX900T1/8S3/4,"3/4""",900,304L,"1/8""",0.125,5.95,0.34,0.48,38,42
PB316L-CX900T1/8S3/4,"3/4""",900,316L,"1/8""",0.125,7.4,0.34,0.48,38,42
PBAL6061-CX900T1/8S3/4,"3/4""",900,AL-6061,"1/8""",0.125,5,0.11,0.15,36,40
PB304-CX900T3/16S3/4,"3/4""",900,304,"3/16""",0.1875,5.5,0.51,0.71,39,43
PBSA36-CX900T3/16S3/4,"3/4""",900,SA-36,"3/16""",0.1875,1.85,0.48,0.67,36,40
PBSA516-70-CX900T3/16S3/4,"3/4""",900,SA-516-70,"3/16""",0.1875,2.15,0.48,0.67,36,40
PB304L-CX900T3/16S3/4,"3/4""",900,304L,"3/16""",0.1875,5.95,0.51,0.71,39,43
PB316L-CX900T3/16S3/4,"3/4""",900,316L,"3/16""",0.1875,7.4,0.51,0.71,40,44
PBAL6061-CX900T3/16S3/4,"3/4""",900,AL-6061,"3/16""",0.1875,5,0.17,0.24,36,40
PB304-CX900T1/4S3/4,"3/4""",900,304,"1/4""",0.25,5.5,0.67,0.94,40,44
PBSA36-CX900T1/4S3/4,"3/4""",900,SA-36,"1/4""",0.25,1.85,0.65,0.91,37,41
PBSA516-70-CX900T1/4S3/4,"3/4""",900,SA-516-70,"1/4""",0.25,2.15,0.65,0.91,37,41
PB304L-CX900T1/4S3/4,"3/4""",900,304L,"1/4""",0.25,5.95,0.67,0.94,40,44
PB316L-CX900T1/4S3/4,"3/4""",900,316L,"1/4""",0.25,7.4,0.68,0.95,42,47
PBAL6061-CX900T1/4S3/4,"3/4""",900,AL-6061,"1/4""",0.25,5,0.23,0.32,36,40
PB304-CX900T5/16S3/4,"3/4""",900,304,"5/16""",0.3125,5.5,0.84,1.18,41,46
PBSA36-CX900T5/16S3/4,"3/4""",900,SA-36,"5/16""",0.3125,1.85,0.81,1.13,37,41
PBSA516-70-CX900T5/16S3/4,"3/4""",900,SA-516-70,"5/16""",0.3125,2.15,0.81,1.13,37,41
PB304L-CX900T5/16S3/4,"3/4""",900,304L,"5/16""",0.3125,5.95,0.84,1.18,42,47
PB316L-CX900T5/16S3/4,"3/4""",900,316L,"5/16""",0.3125,7.4,0.85,1.19,44,49
PBAL6061-CX900T5/16S3/4,"3/4""",900,AL-6061,"5/16""",0.3125,5,0.28,0.39,37,41
PB304-CX900T3/8S3/4,"3/4""",900,304,"3/8""",0.375,5.5,1.01,1.41,43,48
PBSA36-CX900T3/8S3/4,"3/4""",900,SA-36,"3/8""",0.375,1.85,0.97,1.36,37,41
PBSA516-70-CX900T3/8S3/4,"3/4""",900,SA-516-70,"3/8""",0.375,2.15,0.97,1.36,38,42
PB304L-CX900T3/8S3/4,"3/4""",900,304L,"3/8""",0.375,5.95,1.01,1.41,43,48
PB316L-CX900T3/8S3/4,"3/4""",900,316L,"3/8""",0.375,7.4,1.02,1.43,45,50
PBAL6061-CX900T3/8S3/4,"3/4""",900,AL-6061,"3/8""",0.375,5,0.34,0.48,37,41
PB304-CX900T1/2S3/4,"3/4""",900,304,"1/2""",0.5,5.5,1.35,1.89,45,50
PBSA36-CX900T1/2S3/4,"3/4""",900,SA-36,"1/2""",0.5,1.85,1.29,1.81,38,42
PBSA516-70-CX900T1/2S3/4,"3/4""",900,SA-516-70,"1/2""",0.5,2.15,1.29,1.81,39,43
PB304L-CX900T1/2S3/4,"3/4""",900,304L,"1/2""",0.5,5.95,1.35,1.89,46,51
PB316L-CX900T1/2S3/4,"3/4""",900,316L,"1/2""",0.5,7.4,1.36,1.9,49,54
PBAL6061-CX900T1/2S3/4,"3/4""",900,AL-6061,"1/2""",0.5,5,0.45,0.63,38,42
PB304-CX900T5/8S3/4,"3/4""",900,304,"5/8""",0.625,5.5,1.69,2.37,48,53
PBSA36-CX900T5/8S3/4,"3/4""",900,SA-36,"5/8""",0.625,1.85,1.61,2.25,39,43
PBSA516-70-CX900T5/8S3/4,"3/4""",900,SA-516-70,"5/8""",0.625,2.15,1.61,2.25,40,44
PB304L-CX900T5/8S3/4,"3/4""",900,304L,"5/8""",0.625,5.95,1.69,2.37,49,54
PB316L-CX900T5/8S3/4,"3/4""",900,316L,"5/8""",0.625,7.4,1.7,2.38,52,58
PBAL6061-CX900T5/8S3/4,"3/4""",900,AL-6061,"5/8""",0.625,5,0.57,0.8,39,43
PB304-CX900T3/4S3/4,"3/4""",900,304,"3/4""",0.75,5.5,2.02,2.83,50,56
PBSA36-CX900T3/4S3/4,"3/4""",900,SA-36,"3/4""",0.75,1.85,1.94,2.72,40,44
PBSA516-70-CX900T3/4S3/4,"3/4""",900,SA-516-70,"3/4""",0.75,2.15,1.94,2.72,41,46
PB304L-CX900T3/4S3/4,"3/4""",900,304L,"3/4""",0.75,5.95,2.02,2.83,52,58
PB316L-CX900T3/4S3/4,"3/4""",900,316L,"3/4""",0.75,7.4,2.04,2.86,56,62
PBAL6061-CX900T3/4S3/4,"3/4""",900,AL-6061,"3/4""",0.75,5,0.68,0.95,40,44
PB304-CX900T7/8S3/4,"3/4""",900,304,"7/8""",0.875,5.5,2.36,3.3,53,59
PBSA36-CX900T7/8S3/4,"3/4""",900,SA-36,"7/8""",0.875,1.85,2.26,3.16,41,46
PBSA516-70-CX900T7/8S3/4,"3/4""",900,SA-516-70,"7/8""",0.875,2.15,2.26,3.16,42,47
PB304L-CX900T7/8S3/4,"3/4""",900,304L,"7/8""",0.875,5.95,2.36,3.3,54,60
PB316L-CX900T7/8S3/4,"3/4""",900,316L,"7/8""",0.875,7.4,2.39,3.35,60,66
PBAL6061-CX900T7/8S3/4,"3/4""",900,AL-6061,"7/8""",0.875,5,0.8,1.12,40,44
PB304-CX900T1S3/4,"3/4""",900,304,"1""",1,5.5,2.7,3.78,56,62
PBSA36-CX900T1S3/4,"3/4""",900,SA-36,"1""",1,1.85,2.58,3.61,42,47
PBSA516-70-CX900T1S3/4,"3/4""",900,SA-516-70,"1""",1,2.15,2.58,3.61,43,48
PB304L-CX900T1S3/4,"3/4""",900,304L,"1""",1,5.95,2.7,3.78,57,63
PB316L-CX900T1S3/4,"3/4""",900,316L,"1""",1,7.4,2.73,3.82,63,70
PBAL6061-CX900T1S3/4,"3/4""",900,AL-6061,"1""",1,5,0.91,1.27,41,46
PB304-CX900T1-1/8S3/4,"3/4""",900,304,"1-1/8""",1.125,5.5,3.03,4.24,58,64
PBSA36-CX900T1-1/8S3/4,"3/4""",900,SA-36,"1-1/8""",1.125,1.85,2.9,4.06,42,47
PBSA516-70-CX900T1-1/8S3/4,"3/4""",900,SA-516-70,"1-1/8""",1.125,2.15,2.9,4.06,44,49
PB304L-CX900T1-1/8S3/4,"3/4""",900,304L,"1-1/8""",1.125,5.95,3.03,4.24,60,66
PB316L-CX900T1-1/8S3/4,"3/4""",900,316L,"1-1/8""",1.125,7.4,3.07,4.3,67,74
PBAL6061-CX900T1-1/8S3/4,"3/4""",900,AL-6061,"1-1/8""",1.125,5,1.02,1.43,42,47
PB304-CX900T1-1/4S3/4,"3/4""",900,304,"1-1/4""",1.25,5.5,3.37,4.72,61,68
PBSA36-CX900T1-1/4S3/4,"3/4""",900,SA-36,"1-1/4""",1.25,1.85,3.23,4.52,43,48
PBSA516-70-CX900T1-1/4S3/4,"3/4""",900,SA-516-70,"1-1/4""",1.25,2.15,3.23,4.52,45,50
PB304L-CX900T1-1/4S3/4,"3/4""",900,304L,"1-1/4""",1.25,5.95,3.37,4.72,63,70
PB316L-CX900T1-1/4S3/4,"3/4""",900,316L,"1-1/4""",1.25,7.4,3.41,4.77,70,77
PBAL6061-CX900T1-1/4S3/4,"3/4""",900,AL-6061,"1-1/4""",1.25,5,1.14,1.6,43,48
PB304-CX900T1-3/8S3/4,"3/4""",900,304,"1-3/8""",1.375,5.5,3.71,5.19,63,70
PBSA36-CX900T1-3/8S3/4,"3/4""",900,SA-36,"1-3/8""",1.375,1.85,3.55,4.97,44,49
PBSA516-70-CX900T1-3/8S3/4,"3/4""",900,SA-516-70,"1-3/8""",1.375,2.15,3.55,4.97,46,51
PB304L-CX900T1-3/8S3/4,"3/4""",900,304L,"1-3/8""",1.375,5.95,3.71,5.19,66,73
PB316L-CX900T1-3/8S3/4,"3/4""",900,316L,"1-3/8""",1.375,7.4,3.75,5.25,74,82
PBAL6061-CX900T1-3/8S3/4,"3/4""",900,AL-6061,"1-3/8""",1.375,5,1.25,1.75,44,49
PB304-CX900T1-1/2S3/4,"3/4""",900,304,"1-1/2""",1.5,5.5,4.04,5.66,66,73
PBSA36-CX900T1-1/2S3/4,"3/4""",900,SA-36,"1-1/2""",1.5,1.85,3.87,5.42,45,50
PBSA516-70-CX900T1-1/2S3/4,"3/4""",900,SA-516-70,"1-1/2""",1.5,2.15,3.87,5.42,47,52
PB304L-CX900T1-1/2S3/4,"3/4""",900,304L,"1-1/2""",1.5,5.95,4.04,5.66,69,76
PB316L-CX900T1-1/2S3/4,"3/4""",900,316L,"1-1/2""",1.5,7.4,4.09,5.73,77,85
PBAL6061-CX900T1-1/2S3/4,"3/4""",900,AL-6061,"1-1/2""",1.5,5,1.36,1.9,44,49
PB304-CX900T1-5/8S3/4,"3/4""",900,304,"1-5/8""",1.625,5.5,4.38,6.13,69,76
PBSA36-CX900T1-5/8S3/4,"3/4""",900,SA-36,"1-5/8""",1.625,1.85,4.19,5.87,46,51
PBSA516-70-CX900T1-5/8S3/4,"3/4""",900,SA-516-70,"1-5/8""",1.625,2.15,4.19,5.87,47,52
PB304L-CX900T1-5/8S3/4,"3/4""",900,304L,"1-5/8""",1.625,5.95,4.38,6.13,71,79
PB316L-CX900T1-5/8S3/4,"3/4""",900,316L,"1-5/8""",1.625,7.4,4.43,6.2,81,90
PBAL6061-CX900T1-5/8S3/4,"3/4""",900,AL-6061,"1-5/8""",1.625,5,1.48,2.07,45,50
PB304-CX900T1-3/4S3/4,"3/4""",900,304,"1-3/4""",1.75,5.5,4.72,6.61,71,79
PBSA36-CX900T1-3/4S3/4,"3/4""",900,SA-36,"1-3/4""",1.75,1.85,4.52,6.33,47,52
PBSA516-70-CX900T1-3/4S3/4,"3/4""",900,SA-516-70,"1-3/4""",1.75,2.15,4.52,6.33,48,53
PB304L-CX900T1-3/4S3/4,"3/4""",900,304L,"1-3/4""",1.75,5.95,4.72,6.61,74,82
PB316L-CX900T1-3/4S3/4,"3/4""",900,316L,"1-3/4""",1.75,7.4,4.77,6.68,84,93
PBAL6061-CX900T1-3/4S3/4,"3/4""",900,AL-6061,"1-3/4""",1.75,5,1.59,2.23,46,51
PB304-CX900T1-7/8S3/4,"3/4""",900,304,"1-7/8""",1.875,5.5,5.06,7.08,74,82
PBSA36-CX900T1-7/8S3/4,"3/4""",900,SA-36,"1-7/8""",1.875,1.85,4.84,6.78,47,52
PBSA516-70-CX900T1-7/8S3/4,"3/4""",900,SA-516-70,"1-7/8""",1.875,2.15,4.84,6.78,49,54
PB304L-CX900T1-7/8S3/4,"3/4""",900,304L,"1-7/8""",1.875,5.95,5.06,7.08,77,85
PB316L-CX900T1-7/8S3/4,"3/4""",900,316L,"1-7/8""",1.875,7.4,5.11,7.15,88,97
PBAL6061-CX900T1-7/8S3/4,"3/4""",900,AL-6061,"1-7/8""",1.875,5,1.7,2.38,47,52
PB304-CX900T2S3/4,"3/4""",900,304,"2""",2,5.5,5.39,7.55,76,84
PBSA36-CX900T2S3/4,"3/4""",900,SA-36,"2""",2,1.85,5.16,7.22,48,53
PBSA516-70-CX900T2S3/4,"3/4""",900,SA-516-70,"2""",2,2.15,5.16,7.22,50,56
PB304L-CX900T2S3/4,"3/4""",900,304L,"2""",2,5.95,5.39,7.55,80,88
PB316L-CX900T2S3/4,"3/4""",900,316L,"2""",2,7.4,5.45,7.63,91,101
PBAL6061-CX900T2S3/4,"3/4""",900,AL-6061,"2""",2,5,1.82,2.55,48,53
PB304-CX900T2-1/4S3/4,"3/4""",900,304,"2-1/4""",2.25,5.5,6.07,8.5,82,91
PBSA36-CX900T2-1/4S3/4,"3/4""",900,SA-36,"2-1/4""",2.25,1.85,5.81,8.13,50,56
PBSA516-70-CX900T2-1/4S3/4,"3/4""",900,SA-516-70,"2-1/4""",2.25,2.15,5.81,8.13,52,58
PB304L-CX900T2-1/4S3/4,"3/4""",900,304L,"2-1/4""",2.25,5.95,6.07,8.5,85,94
PB316L-CX900T2-1/4S3/4,"3/4""",900,316L,"2-1/4""",2.25,7.4,6.13,8.58,98,108
PBAL6061-CX900T2-1/4S3/4,"3/4""",900,AL-6061,"2-1/4""",2.25,5,2.05,2.87,49,54
PB304-CX900T2-1/2S3/4,"3/4""",900,304,"2-1/2""",2.5,5.5,6.74,9.44,87,96
PBSA36-CX900T2-1/2S3/4,"3/4""",900,SA-36,"2-1/2""",2.5,1.85,6.45,9.03,52,58
PBSA516-70-CX900T2-1/2S3/4,"3/4""",900,SA-516-70,"2-1/2""",2.5,2.15,6.45,9.03,54,60
PB304L-CX900T2-1/2S3/4,"3/4""",900,304L,"2-1/2""",2.5,5.95,6.74,9.44,91,101
PB316L-CX900T2-1/2S3/4,"3/4""",900,316L,"2-1/2""",2.5,7.4,6.82,9.55,106,117
PBAL6061-CX900T2-1/2S3/4,"3/4""",900,AL-6061,"2-1/2""",2.5,5,2.27,3.18,51,57
PB304-CX900T3S3/4,"3/4""",900,304,"3""",3,5.5,8.09,11.33,97,107
PBSA36-CX900T3S3/4,"3/4""",900,SA-36,"3""",3,1.85,7.74,10.84,55,61
PBSA516-70-CX900T3S3/4,"3/4""",900,SA-516-70,"3""",3,2.15,7.74,10.84,58,64
PB304L-CX900T3S3/4,"3/4""",900,304L,"3""",3,5.95,8.09,11.33,102,113
PB316L-CX900T3S3/4,"3/4""",900,316L,"3""",3,7.4,8.18,11.45,120,132
PBAL6061-CX900T3S3/4,"3/4""",900,AL-6061,"3""",3,5,2.73,3.82,54,60
PB304-CX900T11GAS1,"1""",900,304,11 Gauge,0.1196,5.5,0.39,0.55,38,42
PBSA36-CX900T11GAS1,"1""",900,SA-36,11 Gauge,0.1196,1.85,0.38,0.53,36,40
PBSA516-70-CX900T11GAS1,"1""",900,SA-516-70,11 Gauge,0.1196,2.15,0.38,0.53,36,40
PB304L-CX900T11GAS1,"1""",900,304L,11 Gauge,0.1196,5.95,0.39,0.55,38,42
PB316L-CX900T11GAS1,"1""",900,316L,11 Gauge,0.1196,7.4,0.4,0.56,39,43
PBAL6061-CX900T11GAS1,"1""",900,AL-6061,11 Gauge,0.1196,5,0.13,0.18,36,40
PB304-CX900T1/8S1,"1""",900,304,"1/8""",0.125,5.5,0.41,0.57,38,42
PBSA36-CX900T1/8S1,"1""",900,SA-36,"1/8""",0.125,1.85,0.39,0.55,36,40
PBSA516-70-CX900T1/8S1,"1""",900,SA-516-70,"1/8""",0.125,2.15,0.39,0.55,36,40
PB304L-CX900T1/8S1,"1""",900,304L,"1/8""",0.125,5.95,0.41,0.57,38,42
PB316L-CX900T1/8S1,"1""",900,316L,"1/8""",0.125,7.4,0.41,0.57,39,43
PBAL6061-CX900T1/8S1,"1""",900,AL-6061,"1/8""",0.125,5,0.14,0.2,36,40
PB304-CX900T3/16S1,"1""",900,304,"3/16""",0.1875,5.5,0.61,0.85,40,44
PBSA36-CX900T3/16S1,"1""",900,SA-36,"3/16""",0.1875,1.85,0.59,0.83,36,40
PBSA516-70-CX900T3/16S1,"1""",900,SA-516-70,"3/16""",0.1875,2.15,0.59,0.83,37,41
PB304L-CX900T3/16S1,"1""",900,304L,"3/16""",0.1875,5.95,0.61,0.85,40,44
PB316L-CX900T3/16S1,"1""",900,316L,"3/16""",0.1875,7.4,0.62,0.87,41,46
PBAL6061-CX900T3/16S1,"1""",900,AL-6061,"3/16""",0.1875,5,0.21,0.29,36,40
PB304-CX900T1/4S1,"1""",900,304,"1/4""",0.25,5.5,0.82,1.15,41,46
PBSA36-CX900T1/4S1,"1""",900,SA-36,"1/4""",0.25,1.85,0.78,1.09,37,41
PBSA516-70-CX900T1/4S1,"1""",900,SA-516-70,"1/4""",0.25,2.15,0.78,1.09,37,41
PB304L-CX900T1/4S1,"1""",900,304L,"1/4""",0.25,5.95,0.82,1.15,42,47
PB316L-CX900T1/4S1,"1""",900,316L,"1/4""",0.25,7.4,0.83,1.16,43,48
PBAL6061-CX900T1/4S1,"1""",900,AL-6061,"1/4""",0.25,5,0.28,0.39,37,41
PB304-CX900T5/16S1,"1""",900,304,"5/16""",0.3125,5.5,1.02,1.43,43,48
PBSA36-CX900T5/16S1,"1""",900,SA-36,"5/16""",0.3125,1.85,0.98,1.37,37,41
PBSA516-70-CX900T5/16S1,"1""",900,SA-516-70,"5/16""",0.3125,2.15,0.98,1.37,38,42
PB304L-CX900T5/16S1,"1""",900,304L,"5/16""",0.3125,5.95,1.02,1.43,43,48
PB316L-CX900T5/16S1,"1""",900,316L,"5/16""",0.3125,7.4,1.04,1.46,46,51
PBAL6061-CX900T5/16S1,"1""",900,AL-6061,"5/16""",0.3125,5,0.35,0.49,37,41
PB304-CX900T3/8S1,"1""",900,304,"3/8""",0.375,5.5,1.23,1.72,44,49
PBSA36-CX900T3/8S1,"1""",900,SA-36,"3/8""",0.375,1.85,1.18,1.65,38,42
PBSA516-70-CX900T3/8S1,"1""",900,SA-516-70,"3/8""",0.375,2.15,1.18,1.65,38,42
PB304L-CX900T3/8S1,"1""",900,304L,"3/8""",0.375,5.95,1.23,1.72,45,50
PB316L-CX900T3/8S1,"1""",900,316L,"3/8""",0.375,7.4,1.24,1.74,48,53
PBAL6061-CX900T3/8S1,"1""",900,AL-6061,"3/8""",0.375,5,0.41,0.57,38,42
PB304-CX900T1/2S1,"1""",900,304,"1/2""",0.5,5.5,1.64,2.3,47,52
PBSA36-CX900T1/2S1,"1""",900,SA-36,"1/2""",0.5,1.85,1.57,2.2,39,43
PBSA516-70-CX900T1/2S1,"1""",900,SA-516-70,"1/2""",0.5,2.15,1.57,2.2,40,44
PB304L-CX900T1/2S1,"1""",900,304L,"1/2""",0.5,5.95,1.64,2.3,49,54
PB316L-CX900T1/2S1,"1""",900,316L,"1/2""",0.5,7.4,1.66,2.32,52,58
PBAL6061-CX900T1/2S1,"1""",900,AL-6061,"1/2""",0.5,5,0.55,0.77,39,43
PB304-CX900T5/8S1,"1""",900,304,"5/8""",0.625,5.5,2.05,2.87,51,57
PBSA36-CX900T5/8S1,"1""",900,SA-36,"5/8""",0.625,1.85,1.96,2.74,40,44
PBSA516-70-CX900T5/8S1,"1""",900,SA-516-70,"5/8""",0.625,2.15,1.96,2.74,41,46
PB304L-CX900T5/8S1,"1""",900,304L,"5/8""",0.625,5.95,2.05,2.87,52,58
PB316L-CX900T5/8S1,"1""",900,316L,"5/8""",0.625,7.4,2.07,2.9,56,62
PBAL6061-CX900T5/8S1,"1""",900,AL-6061,"5/8""",0.625,5,0.69,0.97,40,44
PB304-CX900T3/4S1,"1""",900,304,"3/4""",0.75,5.5,2.46,3.44,54,60
PBSA36-CX900T3/4S1,"1""",900,SA-36,"3/4""",0.75,1.85,2.35,3.29,41,46
PBSA516-70-CX900T3/4S1,"1""",900,SA-516-70,"3/4""",0.75,2.15,2.35,3.29,42,47
PB304L-CX900T3/4S1,"1""",900,304L,"3/4""",0.75,5.95,2.46,3.44,55,61
PB316L-CX900T3/4S1,"1""",900,316L,"3/4""",0.75,7.4,2.49,3.49,61,68
PBAL6061-CX900T3/4S1,"1""",900,AL-6061,"3/4""",0.75,5,0.83,1.16,41,46
PB304-CX900T7/8S1,"1""",900,304,"7/8""",0.875,5.5,2.87,4.02,57,63
PBSA36-CX900T7/8S1,"1""",900,SA-36,"7/8""",0.875,1.85,2.75,3.85,42,47
PBSA516-70-CX900T7/8S1,"1""",900,SA-516-70,"7/8""",0.875,2.15,2.75,3.85,43,48
PB304L-CX900T7/8S1,"1""",900,304L,"7/8""",0.875,5.95,2.87,4.02,59,65
PB316L-CX900T7/8S1,"1""",900,316L,"7/8""",0.875,7.4,2.9,4.06,65,72
PBAL6061-CX900T7/8S1,"1""",900,AL-6061,"7/8""",0.875,5,0.97,1.36,42,47
PB304-CX900T1S1,"1""",900,304,"1""",1,5.5,3.28,4.59,60,66
PBSA36-CX900T1S1,"1""",900,SA-36,"1""",1,1.85,3.14,4.4,43,48
PBSA516-70-CX900T1S1,"1""",900,SA-516-70,"1""",1,2.15,3.14,4.4,44,49
PB304L-CX900T1S1,"1""",900,304L,"1""",1,5.95,3.28,4.59,62,69
PB316L-CX900T1S1,"1""",900,316L,"1""",1,7.4,3.32,4.65,69,76
PBAL6061-CX900T1S1,"1""",900,AL-6061,"1""",1,5,1.11,1.55,43,48
PB304-CX900T1-1/8S1,"1""",900,304,"1-1/8""",1.125,5.5,3.69,5.17,63,70
PBSA36-CX900T1-1/8S1,"1""",900,SA-36,"1-1/8""",1.125,1.85,3.53,4.94,44,49
PBSA516-70-CX900T1-1/8S1,"1""",900,SA-516-70,"1-1/8""",1.125,2.15,3.53,4.94,45,50
PB304L-CX900T1-1/8S1,"1""",900,304L,"1-1/8""",1.125,5.95,3.69,5.17,66,73
PB316L-CX900T1-1/8S1,"1""",900,316L,"1-1/8""",1.125,7.4,3.73,5.22,73,81
PBAL6061-CX900T1-1/8S1,"1""",900,AL-6061,"1-1/8""",1.125,5,1.24,1.74,44,49
PB304-CX900T1-1/4S1,"1""",900,304,"1-1/4""",1.25,5.5,4.1,5.74,66,73
PBSA36-CX900T1-1/4S1,"1""",900,SA-36,"1-1/4""",1.25,1.85,3.92,5.49,45,50
PBSA516-70-CX900T1-1/4S1,"1""",900,SA-516-70,"1-1/4""",1.25,2.15,3.92,5.49,47,52
PB304L-CX900T1-1/4S1,"1""",900,304L,"1-1/4""",1.25,5.95,4.1,5.74,69,76
PB316L-CX900T1-1/4S1,"1""",900,316L,"1-1/4""",1.25,7.4,4.15,5.81,78,86
PBAL6061-CX900T1-1/4S1,"1""",900,AL-6061,"1-1/4""",1.25,5,1.38,1.93,44,49
PB304-CX900T1-3/8S1,"1""",900,304,"1-3/8""",1.375,5.5,4.51,6.31,70,77
PBSA36-CX900T1-3/8S1,"1""",900,SA-36,"1-3/8""",1.375,1.85,4.32,6.05,46,51
PBSA516-70-CX900T1-3/8S1,"1""",900,SA-516-70,"1-3/8""",1.375,2.15,4.32,6.05,48,53
PB304L-CX900T1-3/8S1,"1""",900,304L,"1-3/8""",1.375,5.95,4.51,6.31,72,80
PB316L-CX900T1-3/8S1,"1""",900,316L,"1-3/8""",1.375,7.4,4.56,6.38,82,91
PBAL6061-CX900T1-3/8S1,"1""",900,AL-6061,"1-3/8""",1.375,5,1.52,2.13,45,50
PB304-CX900T1-1/2S1,"1""",900,304,"1-1/2""",1.5,5.5,4.92,6.89,73,81
PBSA36-CX900T1-1/2S1,"1""",900,SA-36,"1-1/2""",1.5,1.85,4.71,6.59,47,52
PBSA516-70-CX900T1-1/2S1,"1""",900,SA-516-70,"1-1/2""",1.5,2.15,4.71,6.59,49,54
PB304L-CX900T1-1/2S1,"1""",900,304L,"1-1/2""",1.5,5.95,4.92,6.89,76,84
PB316L-CX900T1-1/2S1,"1""",900,316L,"1-1/2""",1.5,7.4,4.98,6.97,86,95
PBAL6061-CX900T1-1/2S1,"1""",900,AL-6061,"1-1/2""",1.5,5,1.66,2.32,46,51
PB304-CX900T1-5/8S1,"1""",900,304,"1-5/8""",1.625,5.5,5.33,7.46,76,84
PBSA36-CX900T1-5/8S1,"1""",900,SA-36,"1-5/8""",1.625,1.85,5.1,7.14,48,53
PBSA516-70-CX900T1-5/8S1,"1""",900,SA-516-70,"1-5/8""",1.625,2.15,5.1,7.14,50,56
PB304L-CX900T1-5/8S1,"1""",900,304L,"1-5/8""",1.625,5.95,5.33,7.46,79,87
PB316L-CX900T1-5/8S1,"1""",900,316L,"1-5/8""",1.625,7.4,5.39,7.55,91,101
PBAL6061-CX900T1-5/8S1,"1""",900,AL-6061,"1-5/8""",1.625,5,1.8,2.52,47,52
PB304-CX900T1-3/4S1,"1""",900,304,"1-3/4""",1.75,5.5,5.74,8.04,79,87
PBSA36-CX900T1-3/4S1,"1""",900,SA-36,"1-3/4""",1.75,1.85,5.49,7.69,49,54
PBSA516-70-CX900T1-3/4S1,"1""",900,SA-516-70,"1-3/4""",1.75,2.15,5.49,7.69,51,57
PB304L-CX900T1-3/4S1,"1""",900,304L,"1-3/4""",1.75,5.95,5.74,8.04,83,92
PB316L-CX900T1-3/4S1,"1""",900,316L,"1-3/4""",1.75,7.4,5.8,8.12,95,105
PBAL6061-CX900T1-3/4S1,"1""",900,AL-6061,"1-3/4""",1.75,5,1.94,2.72,48,53
PB304-CX900T1-7/8S1,"1""",900,304,"1-7/8""",1.875,5.5,6.15,8.61,82,91
PBSA36-CX900T1-7/8S1,"1""",900,SA-36,"1-7/8""",1.875,1.85,5.89,8.25,50,56
PBSA516-70-CX900T1-7/8S1,"1""",900,SA-516-70,"1-7/8""",1.875,2.15,5.89,8.25,53,59
PB304L-CX900T1-7/8S1,"1""",900,304L,"1-7/8""",1.875,5.95,6.15,8.61,86,95
PB316L-CX900T1-7/8S1,"1""",900,316L,"1-7/8""",1.875,7.4,6.22,8.71,99,109
PBAL6061-CX900T1-7/8S1,"1""",900,AL-6061,"1-7/8""",1.875,5,2.07,2.9,49,54
PB304-CX900T2S1,"1""",900,304,"2""",2,5.5,6.56,9.18,85,94
PBSA36-CX900T2S1,"1""",900,SA-36,"2""",2,1.85,6.28,8.79,51,57
PBSA516-70-CX900T2S1,"1""",900,SA-516-70,"2""",2,2.15,6.28,8.79,54,60
PB304L-CX900T2S1,"1""",900,304L,"2""",2,5.95,6.56,9.18,89,98
PB316L-CX900T2S1,"1""",900,316L,"2""",2,7.4,6.63,9.28,104,115
PBAL6061-CX900T2S1,"1""",900,AL-6061,"2""",2,5,2.21,3.09,50,56
PB304-CX900T2-1/4S1,"1""",900,304,"2-1/4""",2.25,5.5,7.38,10.33,92,102
PBSA36-CX900T2-1/4S1,"1""",900,SA-36,"2-1/4""",2.25,1.85,7.06,9.88,53,59
PBSA516-70-CX900T2-1/4S1,"1""",900,SA-516-70,"2-1/4""",2.25,2.15,7.06,9.88,56,62
PB304L-CX900T2-1/4S1,"1""",900,304L,"2-1/4""",2.25,5.95,7.38,10.33,96,106
PB316L-CX900T2-1/4S1,"1""",900,316L,"2-1/4""",2.25,7.4,7.46,10.44,112,124
PBAL6061-CX900T2-1/4S1,"1""",900,AL-6061,"2-1/4""",2.25,5,2.49,3.49,52,58
PB304-CX900T2-1/2S1,"1""",900,304,"2-1/2""",2.5,5.5,8.2,11.48,98,108
PBSA36-CX900T2-1/2S1,"1""",900,SA-36,"2-1/2""",2.5,1.85,7.85,10.99,55,61
PBSA516-70-CX900T2-1/2S1,"1""",900,SA-516-70,"2-1/2""",2.5,2.15,7.85,10.99,58,64
PB304L-CX900T2-1/2S1,"1""",900,304L,"2-1/2""",2.5,5.95,8.2,11.48,103,114
PB316L-CX900T2-1/2S1,"1""",900,316L,"2-1/2""",2.5,7.4,8.29,11.61,121,134
PBAL6061-CX900T2-1/2S1,"1""",900,AL-6061,"2-1/2""",2.5,5,2.77,3.88,54,60
PB304-CX900T3S1,"1""",900,304,"3""",3,5.5,9.84,13.78,111,123
PBSA36-CX900T3S1,"1""",900,SA-36,"3""",3,1.85,9.42,13.19,59,65
PBSA516-70-CX900T3S1,"1""",900,SA-516-70,"3""",3,2.15,9.42,13.19,63,70
PB304L-CX900T3S1,"1""",900,304L,"3""",3,5.95,9.84,13.78,117,129
PB316L-CX900T3S1,"1""",900,316L,"3""",3,7.4,9.95,13.93,138,152
PBAL6061-CX900T3S1,"1""",900,AL-6061,"3""",3,5,3.32,4.65,58,64
PB304-CX900T11GAS1-1/4,"1-1/4""",900,304,11 Gauge,0.1196,5.5,0.47,0.66,38,42
PBSA36-CX900T11GAS1-1/4,"1-1/4""",900,SA-36,11 Gauge,0.1196,1.85,0.45,0.63,36,40
PBSA516-70-CX900T11GAS1-1/4,"1-1/4""",900,SA-516-70,11 Gauge,0.1196,2.15,0.45,0.63,36,40
PB304L-CX900T11GAS1-1/4,"1-1/4""",900,304L,11 Gauge,0.1196,5.95,0.47,0.66,39,43
PB316L-CX900T11GAS1-1/4,"1-1/4""",900,316L,11 Gauge,0.1196,7.4,0.47,0.66,40,44
PBAL6061-CX900T11GAS1-1/4,"1-1/4""",900,AL-6061,11 Gauge,0.1196,5,0.16,0.22,36,40
PB304-CX900T1/8S1-1/4,"1-1/4""",900,304,"1/8""",0.125,5.5,0.49,0.69,39,43
PBSA36-CX900T1/8S1-1/4,"1-1/4""",900,SA-36,"1/8""",0.125,1.85,0.47,0.66,36,40
PBSA516-70-CX900T1/8S1-1/4,"1-1/4""",900,SA-516-70,"1/8""",0.125,2.15,0.47,0.66,36,40
PB304L-CX900T1/8S1-1/4,"1-1/4""",900,304L,"1/8""",0.125,5.95,0.49,0.69,39,43
PB316L-CX900T1/8S1-1/4,"1-1/4""",900,316L,"1/8""",0.125,7.4,0.49,0.69,40,44
PBAL6061-CX900T1/8S1-1/4,"1-1/4""",900,AL-6061,"1/8""",0.125,5,0.16,0.22,36,40
PB304-CX900T3/16S1-1/4,"1-1/4""",900,304,"3/16""",0.1875,5.5,0.73,1.02,40,44
PBSA36-CX900T3/16S1-1/4,"1-1/4""",900,SA-36,"3/16""",0.1875,1.85,0.7,0.98,37,41
PBSA516-70-CX900T3/16S1-1/4,"1-1/4""",900,SA-516-70,"3/16""",0.1875,2.15,0.7,0.98,37,41
PB304L-CX900T3/16S1-1/4,"1-1/4""",900,304L,"3/16""",0.1875,5.95,0.73,1.02,41,46
PB316L-CX900T3/16S1-1/4,"1-1/4""",900,316L,"3/16""",0.1875,7.4,0.74,1.04,43,48
PBAL6061-CX900T3/16S1-1/4,"1-1/4""",900,AL-6061,"3/16""",0.1875,5,0.25,0.35,37,41
PB304-CX900T1/4S1-1/4,"1-1/4""",900,304,"1/4""",0.25,5.5,0.97,1.36,42,47
PBSA36-CX900T1/4S1-1/4,"1-1/4""",900,SA-36,"1/4""",0.25,1.85,0.93,1.3,37,41
PBSA516-70-CX900T1/4S1-1/4,"1-1/4""",900,SA-516-70,"1/4""",0.25,2.15,0.93,1.3,38,42
PB304L-CX900T1/4S1-1/4,"1-1/4""",900,304L,"1/4""",0.25,5.95,0.97,1.36,43,48
PB316L-CX900T1/4S1-1/4,"1-1/4""",900,316L,"1/4""",0.25,7.4,0.98,1.37,45,50
PBAL6061-CX900T1/4S1-1/4,"1-1/4""",900,AL-6061,"1/4""",0.25,5,0.33,0.46,37,41
PB304-CX900T5/16S1-1/4,"1-1/4""",900,304,"5/16""",0.3125,5.5,1.22,1.71,44,49
PBSA36-CX900T5/16S1-1/4,"1-1/4""",900,SA-36,"5/16""",0.3125,1.85,1.16,1.62,38,42
PBSA516-70-CX900T5/16S1-1/4,"1-1/4""",900,SA-516-70,"5/16""",0.3125,2.15,1.16,1.62,38,42
PB304L-CX900T5/16S1-1/4,"1-1/4""",900,304L,"5/16""",0.3125,5.95,1.22,1.71,45,50
PB316L-CX900T5/16S1-1/4,"1-1/4""",900,316L,"5/16""",0.3125,7.4,1.23,1.72,48,53
PBAL6061-CX900T5/16S1-1/4,"1-1/4""",900,AL-6061,"5/16""",0.3125,5,0.41,0.57,38,42
PB304-CX900T3/8S1-1/4,"1-1/4""",900,304,"3/8""",0.375,5.5,1.46,2.04,46,51
PBSA36-CX900T3/8S1-1/4,"1-1/4""",900,SA-36,"3/8""",0.375,1.85,1.4,1.96,38,42
PBSA516-70-CX900T3/8S1-1/4,"1-1/4""",900,SA-516-70,"3/8""",0.375,2.15,1.4,1.96,39,43
PB304L-CX900T3/8S1-1/4,"1-1/4""",900,304L,"3/8""",0.375,5.95,1.46,2.04,47,52
PB316L-CX900T3/8S1-1/4,"1-1/4""",900,316L,"3/8""",0.375,7.4,1.48,2.07,50,56
PBAL6061-CX900T3/8S1-1/4,"1-1/4""",900,AL-6061,"3/8""",0.375,5,0.49,0.69,38,42
PB304-CX900T1/2S1-1/4,"1-1/4""",900,304,"1/2""",0.5,5.5,1.95,2.73,50,56
PBSA36-CX900T1/2S1-1/4,"1-1/4""",900,SA-36,"1/2""",0.5,1.85,1.86,2.6,40,44
PBSA516-70-CX900T1/2S1-1/4,"1-1/4""",900,SA-516-70,"1/2""",0.5,2.15,1.86,2.6,40,44
PB304L-CX900T1/2S1-1/4,"1-1/4""",900,304L,"1/2""",0.5,5.95,1.95,2.73,51,57
PB316L-CX900T1/2S1-1/4,"1-1/4""",900,316L,"1/2""",0.5,7.4,1.97,2.76,55,61
PBAL6061-CX900T1/2S1-1/4,"1-1/4""",900,AL-6061,"1/2""",0.5,5,0.66,0.92,39,43
PB304-CX900T5/8S1-1/4,"1-1/4""",900,304,"5/8""",0.625,5.5,2.43,3.4,54,60
PBSA36-CX900T5/8S1-1/4,"1-1/4""",900,SA-36,"5/8""",0.625,1.85,2.33,3.26,41,46
PBSA516-70-CX900T5/8S1-1/4,"1-1/4""",900,SA-516-70,"5/8""",0.625,2.15,2.33,3.26,42,47
PB304L-CX900T5/8S1-1/4,"1-1/4""",900,304L,"5/8""",0.625,5.95,2.43,3.4,55,61
PB316L-CX900T5/8S1-1/4,"1-1/4""",900,316L,"5/8""",0.625,7.4,2.46,3.44,60,66
PBAL6061-CX900T5/8S1-1/4,"1-1/4""",900,AL-6061,"5/8""",0.625,5,0.82,1.15,41,46
PB304-CX900T3/4S1-1/4,"1-1/4""",900,304,"3/4""",0.75,5.5,2.92,4.09,57,63
PBSA36-CX900T3/4S1-1/4,"1-1/4""",900,SA-36,"3/4""",0.75,1.85,2.79,3.91,42,47
PBSA516-70-CX900T3/4S1-1/4,"1-1/4""",900,SA-516-70,"3/4""",0.75,2.15,2.79,3.91,43,48
PB304L-CX900T3/4S1-1/4,"1-1/4""",900,304L,"3/4""",0.75,5.95,2.92,4.09,59,65
PB316L-CX900T3/4S1-1/4,"1-1/4""",900,316L,"3/4""",0.75,7.4,2.95,4.13,65,72
PBAL6061-CX900T3/4S1-1/4,"1-1/4""",900,AL-6061,"3/4""",0.75,5,0.98,1.37,42,47
PB304-CX900T7/8S1-1/4,"1-1/4""",900,304,"7/8""",0.875,5.5,3.41,4.77,61,68
PBSA36-CX900T7/8S1-1/4,"1-1/4""",900,SA-36,"7/8""",0.875,1.85,3.26,4.56,43,48
PBSA516-70-CX900T7/8S1-1/4,"1-1/4""",900,SA-516-70,"7/8""",0.875,2.15,3.26,4.56,45,50
PB304L-CX900T7/8S1-1/4,"1-1/4""",900,304L,"7/8""",0.875,5.95,3.41,4.77,63,70
PB316L-CX900T7/8S1-1/4,"1-1/4""",900,316L,"7/8""",0.875,7.4,3.44,4.82,71,79
PBAL6061-CX900T7/8S1-1/4,"1-1/4""",900,AL-6061,"7/8""",0.875,5,1.15,1.61,43,48
PB304-CX900T1S1-1/4,"1-1/4""",900,304,"1""",1,5.5,3.89,5.45,65,72
PBSA36-CX900T1S1-1/4,"1-1/4""",900,SA-36,"1""",1,1.85,3.73,5.22,45,50
PBSA516-70-CX900T1S1-1/4,"1-1/4""",900,SA-516-70,"1""",1,2.15,3.73,5.22,46,51
PB304L-CX900T1S1-1/4,"1-1/4""",900,304L,"1""",1,5.95,3.89,5.45,67,74
PB316L-CX900T1S1-1/4,"1-1/4""",900,316L,"1""",1,7.4,3.94,5.52,76,84
PBAL6061-CX900T1S1-1/4,"1-1/4""",900,AL-6061,"1""",1,5,1.31,1.83,44,49
PB304-CX900T1-1/8S1-1/4,"1-1/4""",900,304,"1-1/8""",1.125,5.5,4.38,6.13,69,76
PBSA36-CX900T1-1/8S1-1/4,"1-1/4""",900,SA-36,"1-1/8""",1.125,1.85,4.19,5.87,46,51
PBSA516-70-CX900T1-1/8S1-1/4,"1-1/4""",900,SA-516-70,"1-1/8""",1.125,2.15,4.19,5.87,47,52
PB304L-CX900T1-1/8S1-1/4,"1-1/4""",900,304L,"1-1/8""",1.125,5.95,4.38,6.13,71,79
PB316L-CX900T1-1/8S1-1/4,"1-1/4""",900,316L,"1-1/8""",1.125,7.4,4.43,6.2,81,90
PBAL6061-CX900T1-1/8S1-1/4,"1-1/4""",900,AL-6061,"1-1/8""",1.125,5,1.48,2.07,45,50
PB304-CX900T1-1/4S1-1/4,"1-1/4""",900,304,"1-1/4""",1.25,5.5,4.87,6.82,72,80
PBSA36-CX900T1-1/4S1-1/4,"1-1/4""",900,SA-36,"1-1/4""",1.25,1.85,4.66,6.52,47,52
PBSA516-70-CX900T1-1/4S1-1/4,"1-1/4""",900,SA-516-70,"1-1/4""",1.25,2.15,4.66,6.52,49,54
PB304L-CX900T1-1/4S1-1/4,"1-1/4""",900,304L,"1-1/4""",1.25,5.95,4.87,6.82,75,83
PB316L-CX900T1-1/4S1-1/4,"1-1/4""",900,316L,"1-1/4""",1.25,7.4,4.92,6.89,86,95
PBAL6061-CX900T1-1/4S1-1/4,"1-1/4""",900,AL-6061,"1-1/4""",1.25,5,1.64,2.3,46,51
PB304-CX900T1-3/8S1-1/4,"1-1/4""",900,304,"1-3/8""",1.375,5.5,5.35,7.49,76,84
PBSA36-CX900T1-3/8S1-1/4,"1-1/4""",900,SA-36,"1-3/8""",1.375,1.85,5.12,7.17,48,53
PBSA516-70-CX900T1-3/8S1-1/4,"1-1/4""",900,SA-516-70,"1-3/8""",1.375,2.15,5.12,7.17,50,56
PB304L-CX900T1-3/8S1-1/4,"1-1/4""",900,304L,"1-3/8""",1.375,5.95,5.35,7.49,79,87
PB316L-CX900T1-3/8S1-1/4,"1-1/4""",900,316L,"1-3/8""",1.375,7.4,5.41,7.57,91,101
PBAL6061-CX900T1-3/8S1-1/4,"1-1/4""",900,AL-6061,"1-3/8""",1.375,5,1.81,2.53,47,52
PB304-CX900T1-1/2S1-1/4,"1-1/4""",900,304,"1-1/2""",1.5,5.5,5.84,8.18,80,88
PBSA36-CX900T1-1/2S1-1/4,"1-1/4""",900,SA-36,"1-1/2""",1.5,1.85,5.59,7.83,49,54
PBSA516-70-CX900T1-1/2S1-1/4,"1-1/4""",900,SA-516-70,"1-1/2""",1.5,2.15,5.59,7.83,52,58
PB304L-CX900T1-1/2S1-1/4,"1-1/4""",900,304L,"1-1/2""",1.5,5.95,5.84,8.18,84,93
PB316L-CX900T1-1/2S1-1/4,"1-1/4""",900,316L,"1-1/2""",1.5,7.4,5.91,8.27,96,106
PBAL6061-CX900T1-1/2S1-1/4,"1-1/4""",900,AL-6061,"1-1/2""",1.5,5,1.97,2.76,49,54
PB304-CX900T1-5/8S1-1/4,"1-1/4""",900,304,"1-5/8""",1.625,5.5,6.33,8.86,84,93
PBSA36-CX900T1-5/8S1-1/4,"1-1/4""",900,SA-36,"1-5/8""",1.625,1.85,6.06,8.48,51,57
PBSA516-70-CX900T1-5/8S1-1/4,"1-1/4""",900,SA-516-70,"1-5/8""",1.625,2.15,6.06,8.48,53,59
PB304L-CX900T1-5/8S1-1/4,"1-1/4""",900,304L,"1-5/8""",1.625,5.95,6.33,8.86,88,97
PB316L-CX900T1-5/8S1-1/4,"1-1/4""",900,316L,"1-5/8""",1.625,7.4,6.4,8.96,101,112
PBAL6061-CX900T1-5/8S1-1/4,"1-1/4""",900,AL-6061,"1-5/8""",1.625,5,2.13,2.98,50,56
PB304-CX900T1-3/4S1-1/4,"1-1/4""",900,304,"1-3/4""",1.75,5.5,6.81,9.53,87,96
PBSA36-CX900T1-3/4S1-1/4,"1-1/4""",900,SA-36,"1-3/4""",1.75,1.85,6.52,9.13,52,58
PBSA516-70-CX900T1-3/4S1-1/4,"1-1/4""",900,SA-516-70,"1-3/4""",1.75,2.15,6.52,9.13,54,60
PB304L-CX900T1-3/4S1-1/4,"1-1/4""",900,304L,"1-3/4""",1.75,5.95,6.81,9.53,92,102
PB316L-CX900T1-3/4S1-1/4,"1-1/4""",900,316L,"1-3/4""",1.75,7.4,6.89,9.65,106,117
PBAL6061-CX900T1-3/4S1-1/4,"1-1/4""",900,AL-6061,"1-3/4""",1.75,5,2.3,3.22,51,57
PB304-CX900T1-7/8S1-1/4,"1-1/4""",900,304,"1-7/8""",1.875,5.5,7.3,10.22,91,101
PBSA36-CX900T1-7/8S1-1/4,"1-1/4""",900,SA-36,"1-7/8""",1.875,1.85,6.99,9.79,53,59
PBSA516-70-CX900T1-7/8S1-1/4,"1-1/4""",900,SA-516-70,"1-7/8""",1.875,2.15,6.99,9.79,56,62
PB304L-CX900T1-7/8S1-1/4,"1-1/4""",900,304L,"1-7/8""",1.875,5.95,7.3,10.22,96,106
PB316L-CX900T1-7/8S1-1/4,"1-1/4""",900,316L,"1-7/8""",1.875,7.4,7.38,10.33,111,123
PBAL6061-CX900T1-7/8S1-1/4,"1-1/4""",900,AL-6061,"1-7/8""",1.875,5,2.46,3.44,52,58
PB304-CX900T2S1-1/4,"1-1/4""",900,304,"2""",2,5.5,7.79,10.91,95,105
PBSA36-CX900T2S1-1/4,"1-1/4""",900,SA-36,"2""",2,1.85,7.45,10.43,54,60
PBSA516-70-CX900T2S1-1/4,"1-1/4""",900,SA-516-70,"2""",2,2.15,7.45,10.43,57,63
PB304L-CX900T2S1-1/4,"1-1/4""",900,304L,"2""",2,5.95,7.79,10.91,100,111
PB316L-CX900T2S1-1/4,"1-1/4""",900,316L,"2""",2,7.4,7.87,11.02,116,128
PBAL6061-CX900T2S1-1/4,"1-1/4""",900,AL-6061,"2""",2,5,2.63,3.68,53,59
PB304-CX900T2-1/4S1-1/4,"1-1/4""",900,304,"2-1/4""",2.25,5.5,8.76,12.26,102,113
PBSA36-CX900T2-1/4S1-1/4,"1-1/4""",900,SA-36,"2-1/4""",2.25,1.85,8.38,11.73,57,63
PBSA516-70-CX900T2-1/4S1-1/4,"1-1/4""",900,SA-516-70,"2-1/4""",2.25,2.15,8.38,11.73,60,66
PB304L-CX900T2-1/4S1-1/4,"1-1/4""",900,304L,"2-1/4""",2.25,5.95,8.76,12.26,108,119
PB316L-CX900T2-1/4S1-1/4,"1-1/4""",900,316L,"2-1/4""",2.25,7.4,8.86,12.4,127,140
PBAL6061-CX900T2-1/4S1-1/4,"1-1/4""",900,AL-6061,"2-1/4""",2.25,5,2.95,4.13,55,61
PB304-CX900T2-1/2S1-1/4,"1-1/4""",900,304,"2-1/2""",2.5,5.5,9.73,13.62,110,122
PBSA36-CX900T2-1/2S1-1/4,"1-1/4""",900,SA-36,"2-1/2""",2.5,1.85,9.32,13.05,59,65
PBSA516-70-CX900T2-1/2S1-1/4,"1-1/4""",900,SA-516-70,"2-1/2""",2.5,2.15,9.32,13.05,63,70
PB304L-CX900T2-1/2S1-1/4,"1-1/4""",900,304L,"2-1/2""",2.5,5.95,9.73,13.62,116,128
PB316L-CX900T2-1/2S1-1/4,"1-1/4""",900,316L,"2-1/2""",2.5,7.4,9.84,13.78,137,151
PBAL6061-CX900T2-1/2S1-1/4,"1-1/4""",900,AL-6061,"2-1/2""",2.5,5,3.28,4.59,58,64
PB304-CX900T3S1-1/4,"1-1/4""",900,304,"3""",3,5.5,11.68,16.35,125,138
PBSA36-CX900T3S1-1/4,"1-1/4""",900,SA-36,"3""",3,1.85,11.18,15.65,64,71
PBSA516-70-CX900T3S1-1/4,"1-1/4""",900,SA-516-70,"3""",3,2.15,11.18,15.65,68,75
PB304L-CX900T3S1-1/4,"1-1/4""",900,304L,"3""",3,5.95,11.68,16.35,132,146
PB316L-CX900T3S1-1/4,"1-1/4""",900,316L,"3""",3,7.4,11.81,16.53,157,173
PBAL6061-CX900T3S1-1/4,"1-1/4""",900,AL-6061,"3""",3,5,3.94,5.52,62,69
PB304-CX900T11GAS1-1/2,"1-1/2""",900,304,11 Gauge,0.1196,5.5,0.55,0.77,39,43
PBSA36-CX900T11GAS1-1/2,"1-1/2""",900,SA-36,11 Gauge,0.1196,1.85,0.53,0.74,36,40
PBSA516-70-CX900T11GAS1-1/2,"1-1/2""",900,SA-516-70,11 Gauge,0.1196,2.15,0.53,0.74,36,40
PB304L-CX900T11GAS1-1/2,"1-1/2""",900,304L,11 Gauge,0.1196,5.95,0.55,0.77,39,43
PB316L-CX900T11GAS1-1/2,"1-1/2""",900,316L,11 Gauge,0.1196,7.4,0.56,0.78,41,46
PBAL6061-CX900T11GAS1-1/2,"1-1/2""",900,AL-6061,11 Gauge,0.1196,5,0.19,0.27,36,40
PB304-CX900T1/8S1-1/2,"1-1/2""",900,304,"1/8""",0.125,5.5,0.58,0.81,39,43
PBSA36-CX900T1/8S1-1/2,"1-1/2""",900,SA-36,"1/8""",0.125,1.85,0.55,0.77,36,40
PBSA516-70-CX900T1/8S1-1/2,"1-1/2""",900,SA-516-70,"1/8""",0.125,2.15,0.55,0.77,37,41
PB304L-CX900T1/8S1-1/2,"1-1/2""",900,304L,"1/8""",0.125,5.95,0.58,0.81,40,44
PB316L-CX900T1/8S1-1/2,"1-1/2""",900,316L,"1/8""",0.125,7.4,0.58,0.81,41,46
PBAL6061-CX900T1/8S1-1/2,"1-1/2""",900,AL-6061,"1/8""",0.125,5,0.19,0.27,36,40
PB304-CX900T3/16S1-1/2,"1-1/2""",900,304,"3/16""",0.1875,5.5,0.87,1.22,42,47
PBSA36-CX900T3/16S1-1/2,"1-1/2""",900,SA-36,"3/16""",0.1875,1.85,0.83,1.16,37,41
PBSA516-70-CX900T3/16S1-1/2,"1-1/2""",900,SA-516-70,"3/16""",0.1875,2.15,0.83,1.16,37,41
PB304L-CX900T3/16S1-1/2,"1-1/2""",900,304L,"3/16""",0.1875,5.95,0.87,1.22,42,47
PB316L-CX900T3/16S1-1/2,"1-1/2""",900,316L,"3/16""",0.1875,7.4,0.88,1.23,44,49
PBAL6061-CX900T3/16S1-1/2,"1-1/2""",900,AL-6061,"3/16""",0.1875,5,0.29,0.41,37,41
PB304-CX900T1/4S1-1/2,"1-1/2""",900,304,"1/4""",0.25,5.5,1.15,1.61,44,49
PBSA36-CX900T1/4S1-1/2,"1-1/2""",900,SA-36,"1/4""",0.25,1.85,1.1,1.54,38,42
PBSA516-70-CX900T1/4S1-1/2,"1-1/2""",900,SA-516-70,"1/4""",0.25,2.15,1.1,1.54,38,42
PB304L-CX900T1/4S1-1/2,"1-1/2""",900,304L,"1/4""",0.25,5.95,1.15,1.61,44,49
PB316L-CX900T1/4S1-1/2,"1-1/2""",900,316L,"1/4""",0.25,7.4,1.17,1.64,47,52
PBAL6061-CX900T1/4S1-1/2,"1-1/2""",900,AL-6061,"1/4""",0.25,5,0.39,0.55,38,42
PB304-CX900T5/16S1-1/2,"1-1/2""",900,304,"5/16""",0.3125,5.5,1.44,2.02,46,51
PBSA36-CX900T5/16S1-1/2,"1-1/2""",900,SA-36,"5/16""",0.3125,1.85,1.38,1.93,38,42
PBSA516-70-CX900T5/16S1-1/2,"1-1/2""",900,SA-516-70,"5/16""",0.3125,2.15,1.38,1.93,39,43
PB304L-CX900T5/16S1-1/2,"1-1/2""",900,304L,"5/16""",0.3125,5.95,1.44,2.02,47,52
PB316L-CX900T5/16S1-1/2,"1-1/2""",900,316L,"5/16""",0.3125,7.4,1.46,2.04,50,56
PBAL6061-CX900T5/16S1-1/2,"1-1/2""",900,AL-6061,"5/16""",0.3125,5,0.49,0.69,38,42
PB304-CX900T3/8S1-1/2,"1-1/2""",900,304,"3/8""",0.375,5.5,1.73,2.42,48,53
PBSA36-CX900T3/8S1-1/2,"1-1/2""",900,SA-36,"3/8""",0.375,1.85,1.66,2.32,39,43
PBSA516-70-CX900T3/8S1-1/2,"1-1/2""",900,SA-516-70,"3/8""",0.375,2.15,1.66,2.32,40,44
PB304L-CX900T3/8S1-1/2,"1-1/2""",900,304L,"3/8""",0.375,5.95,1.73,2.42,49,54
PB316L-CX900T3/8S1-1/2,"1-1/2""",900,316L,"3/8""",0.375,7.4,1.75,2.45,53,59
PBAL6061-CX900T3/8S1-1/2,"1-1/2""",900,AL-6061,"3/8""",0.375,5,0.58,0.81,39,43
PB304-CX900T1/2S1-1/2,"1-1/2""",900,304,"1/2""",0.5,5.5,2.31,3.23,53,59
PBSA36-CX900T1/2S1-1/2,"1-1/2""",900,SA-36,"1/2""",0.5,1.85,2.21,3.09,41,46
PBSA516-70-CX900T1/2S1-1/2,"1-1/2""",900,SA-516-70,"1/2""",0.5,2.15,2.21,3.09,41,46
PB304L-CX900T1/2S1-1/2,"1-1/2""",900,304L,"1/2""",0.5,5.95,2.31,3.23,54,60
PB316L-CX900T1/2S1-1/2,"1-1/2""",900,316L,"1/2""",0.5,7.4,2.33,3.26,59,65
PBAL6061-CX900T1/2S1-1/2,"1-1/2""",900,AL-6061,"1/2""",0.5,5,0.78,1.09,40,44
PB304-CX900T5/8S1-1/2,"1-1/2""",900,304,"5/8""",0.625,5.5,2.88,4.03,57,63
PBSA36-CX900T5/8S1-1/2,"1-1/2""",900,SA-36,"5/8""",0.625,1.85,2.76,3.86,42,47
PBSA516-70-CX900T5/8S1-1/2,"1-1/2""",900,SA-516-70,"5/8""",0.625,2.15,2.76,3.86,43,48
PB304L-CX900T5/8S1-1/2,"1-1/2""",900,304L,"5/8""",0.625,5.95,2.88,4.03,59,65
PB316L-CX900T5/8S1-1/2,"1-1/2""",900,316L,"5/8""",0.625,7.4,2.92,4.09,65,72
PBAL6061-CX900T5/8S1-1/2,"1-1/2""",900,AL-6061,"5/8""",0.625,5,0.97,1.36,42,47
PB304-CX900T3/4S1-1/2,"1-1/2""",900,304,"3/4""",0.75,5.5,3.46,4.84,61,68
PBSA36-CX900T3/4S1-1/2,"1-1/2""",900,SA-36,"3/4""",0.75,1.85,3.31,4.63,43,48
PBSA516-70-CX900T3/4S1-1/2,"1-1/2""",900,SA-516-70,"3/4""",0.75,2.15,3.31,4.63,45,50
PB304L-CX900T3/4S1-1/2,"1-1/2""",900,304L,"3/4""",0.75,5.95,3.46,4.84,64,71
PB316L-CX900T3/4S1-1/2,"1-1/2""",900,316L,"3/4""",0.75,7.4,3.5,4.9,71,79
PBAL6061-CX900T3/4S1-1/2,"1-1/2""",900,AL-6061,"3/4""",0.75,5,1.17,1.64,43,48
PB304-CX900T7/8S1-1/2,"1-1/2""",900,304,"7/8""",0.875,5.5,4.04,5.66,66,73
PBSA36-CX900T7/8S1-1/2,"1-1/2""",900,SA-36,"7/8""",0.875,1.85,3.87,5.42,45,50
PBSA516-70-CX900T7/8S1-1/2,"1-1/2""",900,SA-516-70,"7/8""",0.875,2.15,3.87,5.42,47,52
PB304L-CX900T7/8S1-1/2,"1-1/2""",900,304L,"7/8""",0.875,5.95,4.04,5.66,69,76
PB316L-CX900T7/8S1-1/2,"1-1/2""",900,316L,"7/8""",0.875,7.4,4.08,5.71,77,85
PBAL6061-CX900T7/8S1-1/2,"1-1/2""",900,AL-6061,"7/8""",0.875,5,1.36,1.9,44,49
PB304-CX900T1S1-1/2,"1-1/2""",900,304,"1""",1,5.5,4.62,6.47,70,77
PBSA36-CX900T1S1-1/2,"1-1/2""",900,SA-36,"1""",1,1.85,4.42,6.19,46,51
PBSA516-70-CX900T1S1-1/2,"1-1/2""",900,SA-516-70,"1""",1,2.15,4.42,6.19,48,53
PB304L-CX900T1S1-1/2,"1-1/2""",900,304L,"1""",1,5.95,4.62,6.47,73,81
PB316L-CX900T1S1-1/2,"1-1/2""",900,316L,"1""",1,7.4,4.67,6.54,83,92
PBAL6061-CX900T1S1-1/2,"1-1/2""",900,AL-6061,"1""",1,5,1.56,2.18,46,51
PB304-CX900T1-1/8S1-1/2,"1-1/2""",900,304,"1-1/8""",1.125,5.5,5.19,7.27,75,83
PBSA36-CX900T1-1/8S1-1/2,"1-1/2""",900,SA-36,"1-1/8""",1.125,1.85,4.97,6.96,48,53
PBSA516-70-CX900T1-1/8S1-1/2,"1-1/2""",900,SA-516-70,"1-1/8""",1.125,2.15,4.97,6.96,50,56
PB304L-CX900T1-1/8S1-1/2,"1-1/2""",900,304L,"1-1/8""",1.125,5.95,5.19,7.27,78,86
PB316L-CX900T1-1/8S1-1/2,"1-1/2""",900,316L,"1-1/8""",1.125,7.4,5.25,7.35,89,98
PBAL6061-CX900T1-1/8S1-1/2,"1-1/2""",900,AL-6061,"1-1/8""",1.125,5,1.75,2.45,47,52
PB304-CX900T1-1/4S1-1/2,"1-1/2""",900,304,"1-1/4""",1.25,5.5,5.77,8.08,79,87
PBSA36-CX900T1-1/4S1-1/2,"1-1/2""",900,SA-36,"1-1/4""",1.25,1.85,5.52,7.73,49,54
PBSA516-70-CX900T1-1/4S1-1/2,"1-1/2""",900,SA-516-70,"1-1/4""",1.25,2.15,5.52,7.73,51,57
PB304L-CX900T1-1/4S1-1/2,"1-1/2""",900,304L,"1-1/4""",1.25,5.95,5.77,8.08,83,92
PB316L-CX900T1-1/4S1-1/2,"1-1/2""",900,316L,"1-1/4""",1.25,7.4,5.83,8.16,95,105
PBAL6061-CX900T1-1/4S1-1/2,"1-1/2""",900,AL-6061,"1-1/4""",1.25,5,1.95,2.73,48,53
PB304-CX900T1-3/8S1-1/2,"1-1/2""",900,304,"1-3/8""",1.375,5.5,6.35,8.89,84,93
PBSA36-CX900T1-3/8S1-1/2,"1-1/2""",900,SA-36,"1-3/8""",1.375,1.85,6.07,8.5,51,57
PBSA516-70-CX900T1-3/8S1-1/2,"1-1/2""",900,SA-516-70,"1-3/8""",1.375,2.15,6.07,8.5,53,59
PB304L-CX900T1-3/8S1-1/2,"1-1/2""",900,304L,"1-3/8""",1.375,5.95,6.35,8.89,88,97
PB316L-CX900T1-3/8S1-1/2,"1-1/2""",900,316L,"1-3/8""",1.375,7.4,6.42,8.99,101,112
PBAL6061-CX900T1-3/8S1-1/2,"1-1/2""",900,AL-6061,"1-3/8""",1.375,5,2.14,3,50,56
PB304-CX900T1-1/2S1-1/2,"1-1/2""",900,304,"1-1/2""",1.5,5.5,6.92,9.69,88,97
PBSA36-CX900T1-1/2S1-1/2,"1-1/2""",900,SA-36,"1-1/2""",1.5,1.85,6.63,9.28,52,58
PBSA516-70-CX900T1-1/2S1-1/2,"1-1/2""",900,SA-516-70,"1-1/2""",1.5,2.15,6.63,9.28,55,61
PB304L-CX900T1-1/2S1-1/2,"1-1/2""",900,304L,"1-1/2""",1.5,5.95,6.92,9.69,93,103
PB316L-CX900T1-1/2S1-1/2,"1-1/2""",900,316L,"1-1/2""",1.5,7.4,7,9.8,107,118
PBAL6061-CX900T1-1/2S1-1/2,"1-1/2""",900,AL-6061,"1-1/2""",1.5,5,2.33,3.26,51,57
PB304-CX900T1-5/8S1-1/2,"1-1/2""",900,304,"1-5/8""",1.625,5.5,7.5,10.5,93,103
PBSA36-CX900T1-5/8S1-1/2,"1-1/2""",900,SA-36,"1-5/8""",1.625,1.85,7.18,10.05,53,59
PBSA516-70-CX900T1-5/8S1-1/2,"1-1/2""",900,SA-516-70,"1-5/8""",1.625,2.15,7.18,10.05,56,62
PB304L-CX900T1-5/8S1-1/2,"1-1/2""",900,304L,"1-5/8""",1.625,5.95,7.5,10.5,97,107
PB316L-CX900T1-5/8S1-1/2,"1-1/2""",900,316L,"1-5/8""",1.625,7.4,7.58,10.61,113,125
PBAL6061-CX900T1-5/8S1-1/2,"1-1/2""",900,AL-6061,"1-5/8""",1.625,5,2.53,3.54,53,59
PB304-CX900T1-3/4S1-1/2,"1-1/2""",900,304,"1-3/4""",1.75,5.5,8.08,11.31,97,107
PBSA36-CX900T1-3/4S1-1/2,"1-1/2""",900,SA-36,"1-3/4""",1.75,1.85,7.73,10.82,55,61
PBSA516-70-CX900T1-3/4S1-1/2,"1-1/2""",900,SA-516-70,"1-3/4""",1.75,2.15,7.73,10.82,58,64
PB304L-CX900T1-3/4S1-1/2,"1-1/2""",900,304L,"1-3/4""",1.75,5.95,8.08,11.31,102,113
PB316L-CX900T1-3/4S1-1/2,"1-1/2""",900,316L,"1-3/4""",1.75,7.4,8.17,11.44,120,132
PBAL6061-CX900T1-3/4S1-1/2,"1-1/2""",900,AL-6061,"1-3/4""",1.75,5,2.72,3.81,54,60
PB304-CX900T1-7/8S1-1/2,"1-1/2""",900,304,"1-7/8""",1.875,5.5,8.65,12.11,101,112
PBSA36-CX900T1-7/8S1-1/2,"1-1/2""",900,SA-36,"1-7/8""",1.875,1.85,8.28,11.59,56,62
PBSA516-70-CX900T1-7/8S1-1/2,"1-1/2""",900,SA-516-70,"1-7/8""",1.875,2.15,8.28,11.59,60,66
PB304L-CX900T1-7/8S1-1/2,"1-1/2""",900,304L,"1-7/8""",1.875,5.95,8.65,12.11,107,118
PB316L-CX900T1-7/8S1-1/2,"1-1/2""",900,316L,"1-7/8""",1.875,7.4,8.75,12.25,125,138
PBAL6061-CX900T1-7/8S1-1/2,"1-1/2""",900,AL-6061,"1-7/8""",1.875,5,2.92,4.09,55,61
PB304-CX900T2S1-1/2,"1-1/2""",900,304,"2""",2,5.5,9.23,12.92,106,117
PBSA36-CX900T2S1-1/2,"1-1/2""",900,SA-36,"2""",2,1.85,8.84,12.38,58,64
PBSA516-70-CX900T2S1-1/2,"1-1/2""",900,SA-516-70,"2""",2,2.15,8.84,12.38,61,68
PB304L-CX900T2S1-1/2,"1-1/2""",900,304L,"2""",2,5.95,9.23,12.92,112,124
PB316L-CX900T2S1-1/2,"1-1/2""",900,316L,"2""",2,7.4,9.34,13.08,132,146
PBAL6061-CX900T2S1-1/2,"1-1/2""",900,AL-6061,"2""",2,5,3.11,4.35,57,63
PB304-CX900T2-1/4S1-1/2,"1-1/2""",900,304,"2-1/4""",2.25,5.5,10.38,14.53,115,127
PBSA36-CX900T2-1/4S1-1/2,"1-1/2""",900,SA-36,"2-1/4""",2.25,1.85,9.94,13.92,61,68
PBSA516-70-CX900T2-1/4S1-1/2,"1-1/2""",900,SA-516-70,"2-1/4""",2.25,2.15,9.94,13.92,65,72
PB304L-CX900T2-1/4S1-1/2,"1-1/2""",900,304L,"2-1/4""",2.25,5.95,10.38,14.53,121,134
PB316L-CX900T2-1/4S1-1/2,"1-1/2""",900,316L,"2-1/4""",2.25,7.4,10.5,14.7,144,159
PBAL6061-CX900T2-1/4S1-1/2,"1-1/2""",900,AL-6061,"2-1/4""",2.25,5,3.5,4.9,59,65
PB304-CX900T2-1/2S1-1/2,"1-1/2""",900,304,"2-1/2""",2.5,5.5,11.54,16.16,124,137
PBSA36-CX900T2-1/2S1-1/2,"1-1/2""",900,SA-36,"2-1/2""",2.5,1.85,11.04,15.46,63,70
PBSA516-70-CX900T2-1/2S1-1/2,"1-1/2""",900,SA-516-70,"2-1/2""",2.5,2.15,11.04,15.46,68,75
PB304L-CX900T2-1/2S1-1/2,"1-1/2""",900,304L,"2-1/2""",2.5,5.95,11.54,16.16,131,145
PB316L-CX900T2-1/2S1-1/2,"1-1/2""",900,316L,"2-1/2""",2.5,7.4,11.67,16.34,156,172
PBAL6061-CX900T2-1/2S1-1/2,"1-1/2""",900,AL-6061,"2-1/2""",2.5,5,3.89,5.45,62,69
PB304-CX900T3S1-1/2,"1-1/2""",900,304,"3""",3,5.5,13.85,19.39,141,156
PBSA36-CX900T3S1-1/2,"1-1/2""",900,SA-36,"3""",3,1.85,13.25,18.55,69,76
PBSA516-70-CX900T3S1-1/2,"1-1/2""",900,SA-516-70,"3""",3,2.15,13.25,18.55,75,83
PB304L-CX900T3S1-1/2,"1-1/2""",900,304L,"3""",3,5.95,13.85,19.39,150,165
PB316L-CX900T3S1-1/2,"1-1/2""",900,316L,"3""",3,7.4,14,19.6,180,199
PBAL6061-CX900T3S1-1/2,"1-1/2""",900,AL-6061,"3""",3,5,4.67,6.54,68,75
PB304-CX900T11GAS2,"2""",900,304,11 Gauge,0.1196,5.5,1.1,1.54,43,48
PBSA36-CX900T11GAS2,"2""",900,SA-36,11 Gauge,0.1196,1.85,1.05,1.47,38,42
PBSA516-70-CX900T11GAS2,"2""",900,SA-516-70,11 Gauge,0.1196,2.15,1.05,1.47,38,42
PB304L-CX900T11GAS2,"2""",900,304L,11 Gauge,0.1196,5.95,1.1,1.54,44,49
PB316L-CX900T11GAS2,"2""",900,316L,11 Gauge,0.1196,7.4,1.11,1.55,46,51
PBAL6061-CX900T11GAS2,"2""",900,AL-6061,11 Gauge,0.1196,5,0.37,0.52,37,41
PB304-CX900T1/8S2,"2""",900,304,"1/8""",0.125,5.5,1.15,1.61,44,49
PBSA36-CX900T1/8S2,"2""",900,SA-36,"1/8""",0.125,1.85,1.1,1.54,38,42
PBSA516-70-CX900T1/8S2,"2""",900,SA-516-70,"1/8""",0.125,2.15,1.1,1.54,38,42
PB304L-CX900T1/8S2,"2""",900,304L,"1/8""",0.125,5.95,1.15,1.61,44,49
PB316L-CX900T1/8S2,"2""",900,316L,"1/8""",0.125,7.4,1.16,1.62,47,52
PBAL6061-CX900T1/8S2,"2""",900,AL-6061,"1/8""",0.125,5,0.39,0.55,38,42
PB304-CX900T3/16S2,"2""",900,304,"3/16""",0.1875,5.5,1.72,2.41,48,53
PBSA36-CX900T3/16S2,"2""",900,SA-36,"3/16""",0.1875,1.85,1.65,2.31,39,43
PBSA516-70-CX900T3/16S2,"2""",900,SA-516-70,"3/16""",0.1875,2.15,1.65,2.31,40,44
PB304L-CX900T3/16S2,"2""",900,304L,"3/16""",0.1875,5.95,1.72,2.41,49,54
PB316L-CX900T3/16S2,"2""",900,316L,"3/16""",0.1875,7.4,1.74,2.44,53,59
PBAL6061-CX900T3/16S2,"2""",900,AL-6061,"3/16""",0.1875,5,0.58,0.81,39,43
PB304-CX900T1/4S2,"2""",900,304,"1/4""",0.25,5.5,2.29,3.21,53,59
PBSA36-CX900T1/4S2,"2""",900,SA-36,"1/4""",0.25,1.85,2.2,3.08,41,46
PBSA516-70-CX900T1/4S2,"2""",900,SA-516-70,"1/4""",0.25,2.15,2.2,3.08,41,46
PB304L-CX900T1/4S2,"2""",900,304L,"1/4""",0.25,5.95,2.29,3.21,54,60
PB316L-CX900T1/4S2,"2""",900,316L,"1/4""",0.25,7.4,2.32,3.25,59,65
PBAL6061-CX900T1/4S2,"2""",900,AL-6061,"1/4""",0.25,5,0.77,1.08,40,44
PB304-CX900T5/16S2,"2""",900,304,"5/16""",0.3125,5.5,2.87,4.02,57,63
PBSA36-CX900T5/16S2,"2""",900,SA-36,"5/16""",0.3125,1.85,2.75,3.85,42,47
PBSA516-70-CX900T5/16S2,"2""",900,SA-516-70,"5/16""",0.3125,2.15,2.75,3.85,43,48
PB304L-CX900T5/16S2,"2""",900,304L,"5/16""",0.3125,5.95,2.87,4.02,59,65
PB316L-CX900T5/16S2,"2""",900,316L,"5/16""",0.3125,7.4,2.9,4.06,65,72
PBAL6061-CX900T5/16S2,"2""",900,AL-6061,"5/16""",0.3125,5,0.97,1.36,42,47
PB304-CX900T3/8S2,"2""",900,304,"3/8""",0.375,5.5,3.44,4.82,61,68
PBSA36-CX900T3/8S2,"2""",900,SA-36,"3/8""",0.375,1.85,3.29,4.61,43,48
PBSA516-70-CX900T3/8S2,"2""",900,SA-516-70,"3/8""",0.375,2.15,3.29,4.61,45,50
PB304L-CX900T3/8S2,"2""",900,304L,"3/8""",0.375,5.95,3.44,4.82,64,71
PB316L-CX900T3/8S2,"2""",900,316L,"3/8""",0.375,7.4,3.48,4.87,71,79
PBAL6061-CX900T3/8S2,"2""",900,AL-6061,"3/8""",0.375,5,1.16,1.62,43,48
PB304-CX900T1/2S2,"2""",900,304,"1/2""",0.5,5.5,4.59,6.43,70,77
PBSA36-CX900T1/2S2,"2""",900,SA-36,"1/2""",0.5,1.85,4.39,6.15,46,51
PBSA516-70-CX900T1/2S2,"2""",900,SA-516-70,"1/2""",0.5,2.15,4.39,6.15,48,53
PB304L-CX900T1/2S2,"2""",900,304L,"1/2""",0.5,5.95,4.59,6.43,73,81
PB316L-CX900T1/2S2,"2""",900,316L,"1/2""",0.5,7.4,4.64,6.5,83,92
PBAL6061-CX900T1/2S2,"2""",900,AL-6061,"1/2""",0.5,5,1.55,2.17,46,51
PB304-CX900T5/8S2,"2""",900,304,"5/8""",0.625,5.5,5.74,8.04,79,87
PBSA36-CX900T5/8S2,"2""",900,SA-36,"5/8""",0.625,1.85,5.49,7.69,49,54
PBSA516-70-CX900T5/8S2,"2""",900,SA-516-70,"5/8""",0.625,2.15,5.49,7.69,51,57
PB304L-CX900T5/8S2,"2""",900,304L,"5/8""",0.625,5.95,5.74,8.04,83,92
PB316L-CX900T5/8S2,"2""",900,316L,"5/8""",0.625,7.4,5.8,8.12,95,105
PBAL6061-CX900T5/8S2,"2""",900,AL-6061,"5/8""",0.625,5,1.93,2.7,48,53
PB304-CX900T3/4S2,"2""",900,304,"3/4""",0.75,5.5,6.88,9.63,88,97
PBSA36-CX900T3/4S2,"2""",900,SA-36,"3/4""",0.75,1.85,6.59,9.23,52,58
PBSA516-70-CX900T3/4S2,"2""",900,SA-516-70,"3/4""",0.75,2.15,6.59,9.23,55,61
PB304L-CX900T3/4S2,"2""",900,304L,"3/4""",0.75,5.95,6.88,9.63,92,102
PB316L-CX900T3/4S2,"2""",900,316L,"3/4""",0.75,7.4,6.96,9.74,107,118
PBAL6061-CX900T3/4S2,"2""",900,AL-6061,"3/4""",0.75,5,2.32,3.25,51,57
PB304-CX900T7/8S2,"2""",900,304,"7/8""",0.875,5.5,8.03,11.24,97,107
PBSA36-CX900T7/8S2,"2""",900,SA-36,"7/8""",0.875,1.85,7.69,10.77,55,61
PBSA516-70-CX900T7/8S2,"2""",900,SA-516-70,"7/8""",0.875,2.15,7.69,10.77,58,64
PB304L-CX900T7/8S2,"2""",900,304L,"7/8""",0.875,5.95,8.03,11.24,102,113
PB316L-CX900T7/8S2,"2""",900,316L,"7/8""",0.875,7.4,8.12,11.37,119,131
PBAL6061-CX900T7/8S2,"2""",900,AL-6061,"7/8""",0.875,5,2.71,3.79,54,60
PB304-CX900T1S2,"2""",900,304,"1""",1,5.5,9.18,12.85,106,117
PBSA36-CX900T1S2,"2""",900,SA-36,"1""",1,1.85,8.79,12.31,58,64
PBSA516-70-CX900T1S2,"2""",900,SA-516-70,"1""",1,2.15,8.79,12.31,61,68
PB304L-CX900T1S2,"2""",900,304L,"1""",1,5.95,9.18,12.85,111,123
PB316L-CX900T1S2,"2""",900,316L,"1""",1,7.4,9.28,12.99,131,145
PBAL6061-CX900T1S2,"2""",900,AL-6061,"1""",1,5,3.1,4.34,57,63
PB304-CX900T1-1/8S2,"2""",900,304,"1-1/8""",1.125,5.5,10.33,14.46,114,126
PBSA36-CX900T1-1/8S2,"2""",900,SA-36,"1-1/8""",1.125,1.85,9.88,13.83,60,66
PBSA516-70-CX900T1-1/8S2,"2""",900,SA-516-70,"1-1/8""",1.125,2.15,9.88,13.83,65,72
PB304L-CX900T1-1/8S2,"2""",900,304L,"1-1/8""",1.125,5.95,10.33,14.46,121,134
PB316L-CX900T1-1/8S2,"2""",900,316L,"1-1/8""",1.125,7.4,10.44,14.62,143,158
PBAL6061-CX900T1-1/8S2,"2""",900,AL-6061,"1-1/8""",1.125,5,3.48,4.87,59,65
PB304-CX900T1-1/4S2,"2""",900,304,"1-1/4""",1.25,5.5,11.47,16.06,123,136
PBSA36-CX900T1-1/4S2,"2""",900,SA-36,"1-1/4""",1.25,1.85,10.98,15.37,63,70
PBSA516-70-CX900T1-1/4S2,"2""",900,SA-516-70,"1-1/4""",1.25,2.15,10.98,15.37,68,75
PB304L-CX900T1-1/4S2,"2""",900,304L,"1-1/4""",1.25,5.95,11.47,16.06,130,143
PB316L-CX900T1-1/4S2,"2""",900,316L,"1-1/4""",1.25,7.4,11.6,16.24,155,171
PBAL6061-CX900T1-1/4S2,"2""",900,AL-6061,"1-1/4""",1.25,5,3.87,5.42,62,69
PB304-CX900T1-3/8S2,"2""",900,304,"1-3/8""",1.375,5.5,12.62,17.67,132,146
PBSA36-CX900T1-3/8S2,"2""",900,SA-36,"1-3/8""",1.375,1.85,12.08,16.91,66,73
PBSA516-70-CX900T1-3/8S2,"2""",900,SA-516-70,"1-3/8""",1.375,2.15,12.08,16.91,71,79
PB304L-CX900T1-3/8S2,"2""",900,304L,"1-3/8""",1.375,5.95,12.62,17.67,140,154
PB316L-CX900T1-3/8S2,"2""",900,316L,"1-3/8""",1.375,7.4,12.76,17.86,167,184
PBAL6061-CX900T1-3/8S2,"2""",900,AL-6061,"1-3/8""",1.375,5,4.26,5.96,65,72
PB304-CX900T1-1/2S2,"2""",900,304,"1-1/2""",1.5,5.5,13.77,19.28,141,156
PBSA36-CX900T1-1/2S2,"2""",900,SA-36,"1-1/2""",1.5,1.85,13.18,18.45,69,76
PBSA516-70-CX900T1-1/2S2,"2""",900,SA-516-70,"1-1/2""",1.5,2.15,13.18,18.45,75,83
PB304L-CX900T1-1/2S2,"2""",900,304L,"1-1/2""",1.5,5.95,13.77,19.28,150,165
PB316L-CX900T1-1/2S2,"2""",900,316L,"1-1/2""",1.5,7.4,13.92,19.49,179,197
PBAL6061-CX900T1-1/2S2,"2""",900,AL-6061,"1-1/2""",1.5,5,4.64,6.5,67,74
PB304-CX900T1-5/8S2,"2""",900,304,"1-5/8""",1.625,5.5,14.91,20.87,150,165
PBSA36-CX900T1-5/8S2,"2""",900,SA-36,"1-5/8""",1.625,1.85,14.28,19.99,72,80
PBSA516-70-CX900T1-5/8S2,"2""",900,SA-516-70,"1-5/8""",1.625,2.15,14.28,19.99,78,86
PB304L-CX900T1-5/8S2,"2""",900,304L,"1-5/8""",1.625,5.95,14.91,20.87,159,175
PB316L-CX900T1-5/8S2,"2""",900,316L,"1-5/8""",1.625,7.4,15.08,21.11,191,211
PBAL6061-CX900T1-5/8S2,"2""",900,AL-6061,"1-5/8""",1.625,5,5.03,7.04,70,77
PB304-CX900T1-3/4S2,"2""",900,304,"1-3/4""",1.75,5.5,16.06,22.48,158,174
PBSA36-CX900T1-3/4S2,"2""",900,SA-36,"1-3/4""",1.75,1.85,15.37,21.52,75,83
PBSA516-70-CX900T1-3/4S2,"2""",900,SA-516-70,"1-3/4""",1.75,2.15,15.37,21.52,81,90
PB304L-CX900T1-3/4S2,"2""",900,304L,"1-3/4""",1.75,5.95,16.06,22.48,169,186
PB316L-CX900T1-3/4S2,"2""",900,316L,"1-3/4""",1.75,7.4,16.24,22.74,203,224
PBAL6061-CX900T1-3/4S2,"2""",900,AL-6061,"1-3/4""",1.75,5,5.42,7.59,73,81
PB304-CX900T1-7/8S2,"2""",900,304,"1-7/8""",1.875,5.5,17.21,24.09,167,184
PBSA36-CX900T1-7/8S2,"2""",900,SA-36,"1-7/8""",1.875,1.85,16.47,23.06,78,86
PBSA516-70-CX900T1-7/8S2,"2""",900,SA-516-70,"1-7/8""",1.875,2.15,16.47,23.06,84,93
PB304L-CX900T1-7/8S2,"2""",900,304L,"1-7/8""",1.875,5.95,17.21,24.09,178,196
PB316L-CX900T1-7/8S2,"2""",900,316L,"1-7/8""",1.875,7.4,17.4,24.36,215,237
PBAL6061-CX900T1-7/8S2,"2""",900,AL-6061,"1-7/8""",1.875,5,5.8,8.12,75,83
PB304-CX900T2S2,"2""",900,304,"2""",2,5.5,18.36,25.7,176,194
PBSA36-CX900T2S2,"2""",900,SA-36,"2""",2,1.85,17.57,24.6,80,88
PBSA516-70-CX900T2S2,"2""",900,SA-516-70,"2""",2,2.15,17.57,24.6,88,97
PB304L-CX900T2S2,"2""",900,304L,"2""",2,5.95,18.36,25.7,188,207
PB316L-CX900T2S2,"2""",900,316L,"2""",2,7.4,18.56,25.98,227,250
PBAL6061-CX900T2S2,"2""",900,AL-6061,"2""",2,5,6.19,8.67,78,86
PB304-CX900T2-1/4S2,"2""",900,304,"2-1/4""",2.25,5.5,20.65,28.91,194,214
PBSA36-CX900T2-1/4S2,"2""",900,SA-36,"2-1/4""",2.25,1.85,19.77,27.68,86,95
PBSA516-70-CX900T2-1/4S2,"2""",900,SA-516-70,"2-1/4""",2.25,2.15,19.77,27.68,94,104
PB304L-CX900T2-1/4S2,"2""",900,304L,"2-1/4""",2.25,5.95,20.65,28.91,207,228
PB316L-CX900T2-1/4S2,"2""",900,316L,"2-1/4""",2.25,7.4,20.89,29.25,251,277
PBAL6061-CX900T2-1/4S2,"2""",900,AL-6061,"2-1/4""",2.25,5,6.96,9.74,84,93
PB304-CX900T2-1/2S2,"2""",900,304,"2-1/2""",2.5,5.5,22.95,32.13,212,234
PBSA36-CX900T2-1/2S2,"2""",900,SA-36,"2-1/2""",2.5,1.85,21.96,30.74,92,102
PBSA516-70-CX900T2-1/2S2,"2""",900,SA-516-70,"2-1/2""",2.5,2.15,21.96,30.74,101,112
PB304L-CX900T2-1/2S2,"2""",900,304L,"2-1/2""",2.5,5.95,22.95,32.13,226,249
PB316L-CX900T2-1/2S2,"2""",900,316L,"2-1/2""",2.5,7.4,23.21,32.49,275,303
PBAL6061-CX900T2-1/2S2,"2""",900,AL-6061,"2-1/2""",2.5,5,7.74,10.84,89,98
PB304-CX900T3S2,"2""",900,304,"3""",3,5.5,27.53,38.54,247,272
PBSA36-CX900T3S2,"2""",900,SA-36,"3""",3,1.85,26.36,36.9,103,114
PBSA516-70-CX900T3S2,"2""",900,SA-516-70,"3""",3,2.15,26.36,36.9,114,126
PB304L-CX900T3S2,"2""",900,304L,"3""",3,5.95,27.53,38.54,264,291
PB316L-CX900T3S2,"2""",900,316L,"3""",3,7.4,27.85,38.99,323,356
PBAL6061-CX900T3S2,"2""",900,AL-6061,"3""",3,5,9.29,13.01,100,111
PB304-CX900T11GAS2-1/2,"2-1/2""",900,304,11 Gauge,0.1196,5.5,1.46,2.04,46,51
PBSA36-CX900T11GAS2-1/2,"2-1/2""",900,SA-36,11 Gauge,0.1196,1.85,1.4,1.96,38,42
PBSA516-70-CX900T11GAS2-1/2,"2-1/2""",900,SA-516-70,11 Gauge,0.1196,2.15,1.4,1.96,39,43
PB304L-CX900T11GAS2-1/2,"2-1/2""",900,304L,11 Gauge,0.1196,5.95,1.46,2.04,47,52
PB316L-CX900T11GAS2-1/2,"2-1/2""",900,316L,11 Gauge,0.1196,7.4,1.48,2.07,50,56
PBAL6061-CX900T11GAS2-1/2,"2-1/2""",900,AL-6061,11 Gauge,0.1196,5,0.49,0.69,38,42
PB304-CX900T1/8S2-1/2,"2-1/2""",900,304,"1/8""",0.125,5.5,1.53,2.14,47,52
PBSA36-CX900T1/8S2-1/2,"2-1/2""",900,SA-36,"1/8""",0.125,1.85,1.46,2.04,39,43
PBSA516-70-CX900T1/8S2-1/2,"2-1/2""",900,SA-516-70,"1/8""",0.125,2.15,1.46,2.04,39,43
PB304L-CX900T1/8S2-1/2,"2-1/2""",900,304L,"1/8""",0.125,5.95,1.53,2.14,48,53
PB316L-CX900T1/8S2-1/2,"2-1/2""",900,316L,"1/8""",0.125,7.4,1.54,2.16,51,57
PBAL6061-CX900T1/8S2-1/2,"2-1/2""",900,AL-6061,"1/8""",0.125,5,0.51,0.71,38,42
PB304-CX900T3/16S2-1/2,"2-1/2""",900,304,"3/16""",0.1875,5.5,2.29,3.21,53,59
PBSA36-CX900T3/16S2-1/2,"2-1/2""",900,SA-36,"3/16""",0.1875,1.85,2.19,3.07,41,46
PBSA516-70-CX900T3/16S2-1/2,"2-1/2""",900,SA-516-70,"3/16""",0.1875,2.15,2.19,3.07,41,46
PB304L-CX900T3/16S2-1/2,"2-1/2""",900,304L,"3/16""",0.1875,5.95,2.29,3.21,54,60
PB316L-CX900T3/16S2-1/2,"2-1/2""",900,316L,"3/16""",0.1875,7.4,2.31,3.23,59,65
PBAL6061-CX900T3/16S2-1/2,"2-1/2""",900,AL-6061,"3/16""",0.1875,5,0.77,1.08,40,44
PB304-CX900T1/4S2-1/2,"2-1/2""",900,304,"1/4""",0.25,5.5,3.05,4.27,58,64
PBSA36-CX900T1/4S2-1/2,"2-1/2""",900,SA-36,"1/4""",0.25,1.85,2.92,4.09,42,47
PBSA516-70-CX900T1/4S2-1/2,"2-1/2""",900,SA-516-70,"1/4""",0.25,2.15,2.92,4.09,44,49
PB304L-CX900T1/4S2-1/2,"2-1/2""",900,304L,"1/4""",0.25,5.95,3.05,4.27,60,66
PB316L-CX900T1/4S2-1/2,"2-1/2""",900,316L,"1/4""",0.25,7.4,3.09,4.33,67,74
PBAL6061-CX900T1/4S2-1/2,"2-1/2""",900,AL-6061,"1/4""",0.25,5,1.03,1.44,42,47
PB304-CX900T5/16S2-1/2,"2-1/2""",900,304,"5/16""",0.3125,5.5,3.81,5.33,64,71
PBSA36-CX900T5/16S2-1/2,"2-1/2""",900,SA-36,"5/16""",0.3125,1.85,3.65,5.11,44,49
PBSA516-70-CX900T5/16S2-1/2,"2-1/2""",900,SA-516-70,"5/16""",0.3125,2.15,3.65,5.11,46,51
PB304L-CX900T5/16S2-1/2,"2-1/2""",900,304L,"5/16""",0.3125,5.95,3.81,5.33,67,74
PB316L-CX900T5/16S2-1/2,"2-1/2""",900,316L,"5/16""",0.3125,7.4,3.86,5.4,75,83
PBAL6061-CX900T5/16S2-1/2,"2-1/2""",900,AL-6061,"5/16""",0.3125,5,1.29,1.81,44,49
PB304-CX900T3/8S2-1/2,"2-1/2""",900,304,"3/8""",0.375,5.5,4.58,6.41,70,77
PBSA36-CX900T3/8S2-1/2,"2-1/2""",900,SA-36,"3/8""",0.375,1.85,4.38,6.13,46,51
PBSA516-70-CX900T3/8S2-1/2,"2-1/2""",900,SA-516-70,"3/8""",0.375,2.15,4.38,6.13,48,53
PB304L-CX900T3/8S2-1/2,"2-1/2""",900,304L,"3/8""",0.375,5.95,4.58,6.41,73,81
PB316L-CX900T3/8S2-1/2,"2-1/2""",900,316L,"3/8""",0.375,7.4,4.63,6.48,83,92
PBAL6061-CX900T3/8S2-1/2,"2-1/2""",900,AL-6061,"3/8""",0.375,5,1.54,2.16,46,51
PB304-CX900T1/2S2-1/2,"2-1/2""",900,304,"1/2""",0.5,5.5,6.1,8.54,82,91
PBSA36-CX900T1/2S2-1/2,"2-1/2""",900,SA-36,"1/2""",0.5,1.85,5.84,8.18,50,56
PBSA516-70-CX900T1/2S2-1/2,"2-1/2""",900,SA-516-70,"1/2""",0.5,2.15,5.84,8.18,52,58
PB304L-CX900T1/2S2-1/2,"2-1/2""",900,304L,"1/2""",0.5,5.95,6.1,8.54,86,95
PB316L-CX900T1/2S2-1/2,"2-1/2""",900,316L,"1/2""",0.5,7.4,6.17,8.64,99,109
PBAL6061-CX900T1/2S2-1/2,"2-1/2""",900,AL-6061,"1/2""",0.5,5,2.06,2.88,49,54
PB304-CX900T5/8S2-1/2,"2-1/2""",900,304,"5/8""",0.625,5.5,7.63,10.68,94,104
PBSA36-CX900T5/8S2-1/2,"2-1/2""",900,SA-36,"5/8""",0.625,1.85,7.3,10.22,54,60
PBSA516-70-CX900T5/8S2-1/2,"2-1/2""",900,SA-516-70,"5/8""",0.625,2.15,7.3,10.22,57,63
PB304L-CX900T5/8S2-1/2,"2-1/2""",900,304L,"5/8""",0.625,5.95,7.63,10.68,98,108
PB316L-CX900T5/8S2-1/2,"2-1/2""",900,316L,"5/8""",0.625,7.4,7.71,10.79,115,127
PBAL6061-CX900T5/8S2-1/2,"2-1/2""",900,AL-6061,"5/8""",0.625,5,2.57,3.6,53,59
PB304-CX900T3/4S2-1/2,"2-1/2""",900,304,"3/4""",0.75,5.5,9.15,12.81,105,116
PBSA36-CX900T3/4S2-1/2,"2-1/2""",900,SA-36,"3/4""",0.75,1.85,8.76,12.26,58,64
PBSA516-70-CX900T3/4S2-1/2,"2-1/2""",900,SA-516-70,"3/4""",0.75,2.15,8.76,12.26,61,68
PB304L-CX900T3/4S2-1/2,"2-1/2""",900,304L,"3/4""",0.75,5.95,9.15,12.81,111,123
PB316L-CX900T3/4S2-1/2,"2-1/2""",900,316L,"3/4""",0.75,7.4,9.26,12.96,131,145
PBAL6061-CX900T3/4S2-1/2,"2-1/2""",900,AL-6061,"3/4""",0.75,5,3.09,4.33,56,62
PB304-CX900T7/8S2-1/2,"2-1/2""",900,304,"7/8""",0.875,5.5,10.68,14.95,117,129
PBSA36-CX900T7/8S2-1/2,"2-1/2""",900,SA-36,"7/8""",0.875,1.85,10.22,14.31,61,68
PBSA516-70-CX900T7/8S2-1/2,"2-1/2""",900,SA-516-70,"7/8""",0.875,2.15,10.22,14.31,66,73
PB304L-CX900T7/8S2-1/2,"2-1/2""",900,304L,"7/8""",0.875,5.95,10.68,14.95,124,137
PB316L-CX900T7/8S2-1/2,"2-1/2""",900,316L,"7/8""",0.875,7.4,10.8,15.12,147,162
PBAL6061-CX900T7/8S2-1/2,"2-1/2""",900,AL-6061,"7/8""",0.875,5,3.6,5.04,60,66
PB304-CX900T1S2-1/2,"2-1/2""",900,304,"1""",1,5.5,12.2,17.08,129,142
PBSA36-CX900T1S2-1/2,"2-1/2""",900,SA-36,"1""",1,1.85,11.68,16.35,65,72
PBSA516-70-CX900T1S2-1/2,"2-1/2""",900,SA-516-70,"1""",1,2.15,11.68,16.35,70,77
PB304L-CX900T1S2-1/2,"2-1/2""",900,304L,"1""",1,5.95,12.2,17.08,136,150
PB316L-CX900T1S2-1/2,"2-1/2""",900,316L,"1""",1,7.4,12.34,17.28,163,180
PBAL6061-CX900T1S2-1/2,"2-1/2""",900,AL-6061,"1""",1,5,4.12,5.77,64,71
PB304-CX900T1-1/8S2-1/2,"2-1/2""",900,304,"1-1/8""",1.125,5.5,13.73,19.22,141,156
PBSA36-CX900T1-1/8S2-1/2,"2-1/2""",900,SA-36,"1-1/8""",1.125,1.85,13.14,18.4,69,76
PBSA516-70-CX900T1-1/8S2-1/2,"2-1/2""",900,SA-516-70,"1-1/8""",1.125,2.15,13.14,18.4,74,82
PB304L-CX900T1-1/8S2-1/2,"2-1/2""",900,304L,"1-1/8""",1.125,5.95,13.73,19.22,149,164
PB316L-CX900T1-1/8S2-1/2,"2-1/2""",900,316L,"1-1/8""",1.125,7.4,13.88,19.43,179,197
PBAL6061-CX900T1-1/8S2-1/2,"2-1/2""",900,AL-6061,"1-1/8""",1.125,5,4.63,6.48,67,74
PB304-CX900T1-1/4S2-1/2,"2-1/2""",900,304,"1-1/4""",1.25,5.5,15.25,21.35,152,168
PBSA36-CX900T1-1/4S2-1/2,"2-1/2""",900,SA-36,"1-1/4""",1.25,1.85,14.6,20.44,73,81
PBSA516-70-CX900T1-1/4S2-1/2,"2-1/2""",900,SA-516-70,"1-1/4""",1.25,2.15,14.6,20.44,79,87
PB304L-CX900T1-1/4S2-1/2,"2-1/2""",900,304L,"1-1/4""",1.25,5.95,15.25,21.35,162,179
PB316L-CX900T1-1/4S2-1/2,"2-1/2""",900,316L,"1-1/4""",1.25,7.4,15.43,21.6,195,215
PBAL6061-CX900T1-1/4S2-1/2,"2-1/2""",900,AL-6061,"1-1/4""",1.25,5,5.14,7.2,71,79
PB304-CX900T1-3/8S2-1/2,"2-1/2""",900,304,"1-3/8""",1.375,5.5,16.78,23.49,164,181
PBSA36-CX900T1-3/8S2-1/2,"2-1/2""",900,SA-36,"1-3/8""",1.375,1.85,16.06,22.48,76,84
PBSA516-70-CX900T1-3/8S2-1/2,"2-1/2""",900,SA-516-70,"1-3/8""",1.375,2.15,16.06,22.48,83,92
PB304L-CX900T1-3/8S2-1/2,"2-1/2""",900,304L,"1-3/8""",1.375,5.95,16.78,23.49,175,193
PB316L-CX900T1-3/8S2-1/2,"2-1/2""",900,316L,"1-3/8""",1.375,7.4,16.97,23.76,211,233
PBAL6061-CX900T1-3/8S2-1/2,"2-1/2""",900,AL-6061,"1-3/8""",1.375,5,5.66,7.92,74,82
PB304-CX900T1-1/2S2-1/2,"2-1/2""",900,304,"1-1/2""",1.5,5.5,18.3,25.62,176,194
PBSA36-CX900T1-1/2S2-1/2,"2-1/2""",900,SA-36,"1-1/2""",1.5,1.85,17.52,24.53,80,88
PBSA516-70-CX900T1-1/2S2-1/2,"2-1/2""",900,SA-516-70,"1-1/2""",1.5,2.15,17.52,24.53,88,97
PB304L-CX900T1-1/2S2-1/2,"2-1/2""",900,304L,"1-1/2""",1.5,5.95,18.3,25.62,187,206
PB316L-CX900T1-1/2S2-1/2,"2-1/2""",900,316L,"1-1/2""",1.5,7.4,18.51,25.91,227,250
PBAL6061-CX900T1-1/2S2-1/2,"2-1/2""",900,AL-6061,"1-1/2""",1.5,5,6.17,8.64,78,86
PB304-CX900T1-5/8S2-1/2,"2-1/2""",900,304,"1-5/8""",1.625,5.5,19.83,27.76,188,207
PBSA36-CX900T1-5/8S2-1/2,"2-1/2""",900,SA-36,"1-5/8""",1.625,1.85,18.98,26.57,84,93
PBSA516-70-CX900T1-5/8S2-1/2,"2-1/2""",900,SA-516-70,"1-5/8""",1.625,2.15,18.98,26.57,92,102
PB304L-CX900T1-5/8S2-1/2,"2-1/2""",900,304L,"1-5/8""",1.625,5.95,19.83,27.76,200,221
PB316L-CX900T1-5/8S2-1/2,"2-1/2""",900,316L,"1-5/8""",1.625,7.4,20.05,28.07,243,268
PBAL6061-CX900T1-5/8S2-1/2,"2-1/2""",900,AL-6061,"1-5/8""",1.625,5,6.69,9.37,82,91
PB304-CX900T1-3/4S2-1/2,"2-1/2""",900,304,"1-3/4""",1.75,5.5,21.35,29.89,199,219
PBSA36-CX900T1-3/4S2-1/2,"2-1/2""",900,SA-36,"1-3/4""",1.75,1.85,20.44,28.62,88,97
PBSA516-70-CX900T1-3/4S2-1/2,"2-1/2""",900,SA-516-70,"1-3/4""",1.75,2.15,20.44,28.62,96,106
PB304L-CX900T1-3/4S2-1/2,"2-1/2""",900,304L,"1-3/4""",1.75,5.95,21.35,29.89,213,235
PB316L-CX900T1-3/4S2-1/2,"2-1/2""",900,316L,"1-3/4""",1.75,7.4,21.6,30.24,259,285
PBAL6061-CX900T1-3/4S2-1/2,"2-1/2""",900,AL-6061,"1-3/4""",1.75,5,7.2,10.08,85,94
PB304-CX900T1-7/8S2-1/2,"2-1/2""",900,304,"1-7/8""",1.875,5.5,22.88,32.03,211,233
PBSA36-CX900T1-7/8S2-1/2,"2-1/2""",900,SA-36,"1-7/8""",1.875,1.85,21.9,30.66,92,102
PBSA516-70-CX900T1-7/8S2-1/2,"2-1/2""",900,SA-516-70,"1-7/8""",1.875,2.15,21.9,30.66,101,112
PB304L-CX900T1-7/8S2-1/2,"2-1/2""",900,304L,"1-7/8""",1.875,5.95,22.88,32.03,225,248
PB316L-CX900T1-7/8S2-1/2,"2-1/2""",900,316L,"1-7/8""",1.875,7.4,23.14,32.4,275,303
PBAL6061-CX900T1-7/8S2-1/2,"2-1/2""",900,AL-6061,"1-7/8""",1.875,5,7.72,10.81,89,98
PB304-CX900T2S2-1/2,"2-1/2""",900,304,"2""",2,5.5,24.4,34.16,223,246
PBSA36-CX900T2S2-1/2,"2-1/2""",900,SA-36,"2""",2,1.85,23.36,32.7,95,105
PBSA516-70-CX900T2S2-1/2,"2-1/2""",900,SA-516-70,"2""",2,2.15,23.36,32.7,105,116
PB304L-CX900T2S2-1/2,"2-1/2""",900,304L,"2""",2,5.95,24.4,34.16,238,262
PB316L-CX900T2S2-1/2,"2-1/2""",900,316L,"2""",2,7.4,24.68,34.55,291,321
PBAL6061-CX900T2S2-1/2,"2-1/2""",900,AL-6061,"2""",2,5,8.23,11.52,92,102
PB304-CX900T2-1/4S2-1/2,"2-1/2""",900,304,"2-1/4""",2.25,5.5,27.45,38.43,246,271
PBSA36-CX900T2-1/4S2-1/2,"2-1/2""",900,SA-36,"2-1/4""",2.25,1.85,26.28,36.79,103,114
PBSA516-70-CX900T2-1/4S2-1/2,"2-1/2""",900,SA-516-70,"2-1/4""",2.25,2.15,26.28,36.79,114,126
PB304L-CX900T2-1/4S2-1/2,"2-1/2""",900,304L,"2-1/4""",2.25,5.95,27.45,38.43,264,291
PB316L-CX900T2-1/4S2-1/2,"2-1/2""",900,316L,"2-1/4""",2.25,7.4,27.77,38.88,323,356
PBAL6061-CX900T2-1/4S2-1/2,"2-1/2""",900,AL-6061,"2-1/4""",2.25,5,9.26,12.96,100,111
PB304-CX900T2-1/2S2-1/2,"2-1/2""",900,304,"2-1/2""",2.5,5.5,30.5,42.7,270,297
PBSA36-CX900T2-1/2S2-1/2,"2-1/2""",900,SA-36,"2-1/2""",2.5,1.85,29.2,40.88,110,122
PBSA516-70-CX900T2-1/2S2-1/2,"2-1/2""",900,SA-516-70,"2-1/2""",2.5,2.15,29.2,40.88,123,136
PB304L-CX900T2-1/2S2-1/2,"2-1/2""",900,304L,"2-1/2""",2.5,5.95,30.5,42.7,289,318
PB316L-CX900T2-1/2S2-1/2,"2-1/2""",900,316L,"2-1/2""",2.5,7.4,30.85,43.19,354,390
PBAL6061-CX900T2-1/2S2-1/2,"2-1/2""",900,AL-6061,"2-1/2""",2.5,5,10.29,14.41,107,118
PB304-CX900T3S2-1/2,"2-1/2""",900,304,"3""",3,5.5,36.61,51.25,317,349
PBSA36-CX900T3S2-1/2,"2-1/2""",900,SA-36,"3""",3,1.85,35.04,49.06,126,139
PBSA516-70-CX900T3S2-1/2,"2-1/2""",900,SA-516-70,"3""",3,2.15,35.04,49.06,140,154
PB304L-CX900T3S2-1/2,"2-1/2""",900,304L,"3""",3,5.95,36.61,51.25,340,375
PB316L-CX900T3S2-1/2,"2-1/2""",900,316L,"3""",3,7.4,37.02,51.83,418,460
PBAL6061-CX900T3S2-1/2,"2-1/2""",900,AL-6061,"3""",3,5,12.35,17.29,121,134
PB304-CX900T11GAS3,"3""",900,304,11 Gauge,0.1196,5.5,1.51,2.11,46,51
PBSA36-CX900T11GAS3,"3""",900,SA-36,11 Gauge,0.1196,1.85,1.44,2.02,39,43
PBSA516-70-CX900T11GAS3,"3""",900,SA-516-70,11 Gauge,0.1196,2.15,1.44,2.02,39,43
PB304L-CX900T11GAS3,"3""",900,304L,11 Gauge,0.1196,5.95,1.51,2.11,47,52
PB316L-CX900T11GAS3,"3""",900,316L,11 Gauge,0.1196,7.4,1.52,2.13,51,57
PBAL6061-CX900T11GAS3,"3""",900,AL-6061,11 Gauge,0.1196,5,0.51,0.71,38,42
PB304-CX900T1/8S3,"3""",900,304,"1/8""",0.125,5.5,1.58,2.21,47,52
PBSA36-CX900T1/8S3,"3""",900,SA-36,"1/8""",0.125,1.85,1.51,2.11,39,43
PBSA516-70-CX900T1/8S3,"3""",900,SA-516-70,"1/8""",0.125,2.15,1.51,2.11,39,43
PB304L-CX900T1/8S3,"3""",900,304L,"1/8""",0.125,5.95,1.58,2.21,48,53
PB316L-CX900T1/8S3,"3""",900,316L,"1/8""",0.125,7.4,1.59,2.23,51,57
PBAL6061-CX900T1/8S3,"3""",900,AL-6061,"1/8""",0.125,5,0.53,0.74,39,43
PB304-CX900T3/16S3,"3""",900,304,"3/16""",0.1875,5.5,2.36,3.3,53,59
PBSA36-CX900T3/16S3,"3""",900,SA-36,"3/16""",0.1875,1.85,2.26,3.16,41,46
PBSA516-70-CX900T3/16S3,"3""",900,SA-516-70,"3/16""",0.1875,2.15,2.26,3.16,42,47
PB304L-CX900T3/16S3,"3""",900,304L,"3/16""",0.1875,5.95,2.36,3.3,54,60
PB316L-CX900T3/16S3,"3""",900,316L,"3/16""",0.1875,7.4,2.39,3.35,60,66
PBAL6061-CX900T3/16S3,"3""",900,AL-6061,"3/16""",0.1875,5,0.8,1.12,40,44
PB304-CX900T1/4S3,"3""",900,304,"1/4""",0.25,5.5,3.15,4.41,59,65
PBSA36-CX900T1/4S3,"3""",900,SA-36,"1/4""",0.25,1.85,3.02,4.23,43,48
PBSA516-70-CX900T1/4S3,"3""",900,SA-516-70,"1/4""",0.25,2.15,3.02,4.23,44,49
PB304L-CX900T1/4S3,"3""",900,304L,"1/4""",0.25,5.95,3.15,4.41,61,68
PB316L-CX900T1/4S3,"3""",900,316L,"1/4""",0.25,7.4,3.19,4.47,68,75
PBAL6061-CX900T1/4S3,"3""",900,AL-6061,"1/4""",0.25,5,1.06,1.48,42,47
PB304-CX900T5/16S3,"3""",900,304,"5/16""",0.3125,5.5,3.94,5.52,65,72
PBSA36-CX900T5/16S3,"3""",900,SA-36,"5/16""",0.3125,1.85,3.77,5.28,45,50
PBSA516-70-CX900T5/16S3,"3""",900,SA-516-70,"5/16""",0.3125,2.15,3.77,5.28,46,51
PB304L-CX900T5/16S3,"3""",900,304L,"5/16""",0.3125,5.95,3.94,5.52,68,75
PB316L-CX900T5/16S3,"3""",900,316L,"5/16""",0.3125,7.4,3.98,5.57,76,84
PBAL6061-CX900T5/16S3,"3""",900,AL-6061,"5/16""",0.3125,5,1.33,1.86,44,49
PB304-CX900T3/8S3,"3""",900,304,"3/8""",0.375,5.5,4.73,6.62,71,79
PBSA36-CX900T3/8S3,"3""",900,SA-36,"3/8""",0.375,1.85,4.52,6.33,47,52
PBSA516-70-CX900T3/8S3,"3""",900,SA-516-70,"3/8""",0.375,2.15,4.52,6.33,48,53
PB304L-CX900T3/8S3,"3""",900,304L,"3/8""",0.375,5.95,4.73,6.62,74,82
PB316L-CX900T3/8S3,"3""",900,316L,"3/8""",0.375,7.4,4.78,6.69,84,93
PBAL6061-CX900T3/8S3,"3""",900,AL-6061,"3/8""",0.375,5,1.59,2.23,46,51
PB304-CX900T1/2S3,"3""",900,304,"1/2""",0.5,5.5,6.3,8.82,83,92
PBSA36-CX900T1/2S3,"3""",900,SA-36,"1/2""",0.5,1.85,6.03,8.44,50,56
PBSA516-70-CX900T1/2S3,"3""",900,SA-516-70,"1/2""",0.5,2.15,6.03,8.44,53,59
PB304L-CX900T1/2S3,"3""",900,304L,"1/2""",0.5,5.95,6.3,8.82,87,96
PB316L-CX900T1/2S3,"3""",900,316L,"1/2""",0.5,7.4,6.37,8.92,101,112
PBAL6061-CX900T1/2S3,"3""",900,AL-6061,"1/2""",0.5,5,2.12,2.97,50,56
PB304-CX900T5/8S3,"3""",900,304,"5/8""",0.625,5.5,7.88,11.03,96,106
PBSA36-CX900T5/8S3,"3""",900,SA-36,"5/8""",0.625,1.85,7.54,10.56,54,60
PBSA516-70-CX900T5/8S3,"3""",900,SA-516-70,"5/8""",0.625,2.15,7.54,10.56,58,64
PB304L-CX900T5/8S3,"3""",900,304L,"5/8""",0.625,5.95,7.88,11.03,100,111
PB316L-CX900T5/8S3,"3""",900,316L,"5/8""",0.625,7.4,7.96,11.14,117,129
PBAL6061-CX900T5/8S3,"3""",900,AL-6061,"5/8""",0.625,5,2.66,3.72,53,59
PB304-CX900T3/4S3,"3""",900,304,"3/4""",0.75,5.5,9.45,13.23,108,119
PBSA36-CX900T3/4S3,"3""",900,SA-36,"3/4""",0.75,1.85,9.05,12.67,58,64
PBSA516-70-CX900T3/4S3,"3""",900,SA-516-70,"3/4""",0.75,2.15,9.05,12.67,62,69
PB304L-CX900T3/4S3,"3""",900,304L,"3/4""",0.75,5.95,9.45,13.23,114,126
PB316L-CX900T3/4S3,"3""",900,316L,"3/4""",0.75,7.4,9.56,13.38,134,148
PBAL6061-CX900T3/4S3,"3""",900,AL-6061,"3/4""",0.75,5,3.19,4.47,57,63
PB304-CX900T7/8S3,"3""",900,304,"7/8""",0.875,5.5,11.03,15.44,120,132
PBSA36-CX900T7/8S3,"3""",900,SA-36,"7/8""",0.875,1.85,10.55,14.77,62,69
PBSA516-70-CX900T7/8S3,"3""",900,SA-516-70,"7/8""",0.875,2.15,10.55,14.77,67,74
PB304L-CX900T7/8S3,"3""",900,304L,"7/8""",0.875,5.95,11.03,15.44,127,140
PB316L-CX900T7/8S3,"3""",900,316L,"7/8""",0.875,7.4,11.15,15.61,150,165
PBAL6061-CX900T7/8S3,"3""",900,AL-6061,"7/8""",0.875,5,3.72,5.21,61,68
PB304-CX900T1S3,"3""",900,304,"1""",1,5.5,12.6,17.64,132,146
PBSA36-CX900T1S3,"3""",900,SA-36,"1""",1,1.85,12.06,16.88,66,73
PBSA516-70-CX900T1S3,"3""",900,SA-516-70,"1""",1,2.15,12.06,16.88,71,79
PB304L-CX900T1S3,"3""",900,304L,"1""",1,5.95,12.6,17.64,140,154
PB316L-CX900T1S3,"3""",900,316L,"1""",1,7.4,12.74,17.84,167,184
PBAL6061-CX900T1S3,"3""",900,AL-6061,"1""",1,5,4.25,5.95,65,72
PB304-CX900T1-1/8S3,"3""",900,304,"1-1/8""",1.125,5.5,14.18,19.85,144,159
PBSA36-CX900T1-1/8S3,"3""",900,SA-36,"1-1/8""",1.125,1.85,13.57,19,70,77
PBSA516-70-CX900T1-1/8S3,"3""",900,SA-516-70,"1-1/8""",1.125,2.15,13.57,19,76,84
PB304L-CX900T1-1/8S3,"3""",900,304L,"1-1/8""",1.125,5.95,14.18,19.85,153,169
PB316L-CX900T1-1/8S3,"3""",900,316L,"1-1/8""",1.125,7.4,14.34,20.08,183,202
PBAL6061-CX900T1-1/8S3,"3""",900,AL-6061,"1-1/8""",1.125,5,4.78,6.69,68,75
PB304-CX900T1-1/4S3,"3""",900,304,"1-1/4""",1.25,5.5,15.75,22.05,156,172
PBSA36-CX900T1-1/4S3,"3""",900,SA-36,"1-1/4""",1.25,1.85,15.08,21.11,74,82
PBSA516-70-CX900T1-1/4S3,"3""",900,SA-516-70,"1-1/4""",1.25,2.15,15.08,21.11,80,88
PB304L-CX900T1-1/4S3,"3""",900,304L,"1-1/4""",1.25,5.95,15.75,22.05,166,183
PB316L-CX900T1-1/4S3,"3""",900,316L,"1-1/4""",1.25,7.4,15.93,22.3,200,221
PBAL6061-CX900T1-1/4S3,"3""",900,AL-6061,"1-1/4""",1.25,5,5.31,7.43,72,80
PB304-CX900T1-3/8S3,"3""",900,304,"1-3/8""",1.375,5.5,17.33,24.26,168,185
PBSA36-CX900T1-3/8S3,"3""",900,SA-36,"1-3/8""",1.375,1.85,16.58,23.21,78,86
PBSA516-70-CX900T1-3/8S3,"3""",900,SA-516-70,"1-3/8""",1.375,2.15,16.58,23.21,85,94
PB304L-CX900T1-3/8S3,"3""",900,304L,"1-3/8""",1.375,5.95,17.33,24.26,179,197
PB316L-CX900T1-3/8S3,"3""",900,316L,"1-3/8""",1.375,7.4,17.52,24.53,216,238
PBAL6061-CX900T1-3/8S3,"3""",900,AL-6061,"1-3/8""",1.375,5,5.84,8.18,76,84
PB304-CX900T1-1/2S3,"3""",900,304,"1-1/2""",1.5,5.5,18.9,26.46,180,199
PBSA36-CX900T1-1/2S3,"3""",900,SA-36,"1-1/2""",1.5,1.85,18.09,25.33,82,91
PBSA516-70-CX900T1-1/2S3,"3""",900,SA-516-70,"1-1/2""",1.5,2.15,18.09,25.33,89,98
PB304L-CX900T1-1/2S3,"3""",900,304L,"1-1/2""",1.5,5.95,18.9,26.46,192,212
PB316L-CX900T1-1/2S3,"3""",900,316L,"1-1/2""",1.5,7.4,19.11,26.75,233,257
PBAL6061-CX900T1-1/2S3,"3""",900,AL-6061,"1-1/2""",1.5,5,6.37,8.92,79,87
PB304-CX900T1-5/8S3,"3""",900,304,"1-5/8""",1.625,5.5,20.48,28.67,193,213
PBSA36-CX900T1-5/8S3,"3""",900,SA-36,"1-5/8""",1.625,1.85,19.6,27.44,86,95
PBSA516-70-CX900T1-5/8S3,"3""",900,SA-516-70,"1-5/8""",1.625,2.15,19.6,27.44,94,104
PB304L-CX900T1-5/8S3,"3""",900,304L,"1-5/8""",1.625,5.95,20.48,28.67,205,226
PB316L-CX900T1-5/8S3,"3""",900,316L,"1-5/8""",1.625,7.4,20.71,28.99,249,274
PBAL6061-CX900T1-5/8S3,"3""",900,AL-6061,"1-5/8""",1.625,5,6.91,9.67,83,92
PB304-CX900T1-3/4S3,"3""",900,304,"1-3/4""",1.75,5.5,22.05,30.87,205,226
PBSA36-CX900T1-3/4S3,"3""",900,SA-36,"1-3/4""",1.75,1.85,21.11,29.55,90,100
PBSA516-70-CX900T1-3/4S3,"3""",900,SA-516-70,"1-3/4""",1.75,2.15,21.11,29.55,98,108
PB304L-CX900T1-3/4S3,"3""",900,304L,"1-3/4""",1.75,5.95,22.05,30.87,219,241
PB316L-CX900T1-3/4S3,"3""",900,316L,"1-3/4""",1.75,7.4,22.3,31.22,266,293
PBAL6061-CX900T1-3/4S3,"3""",900,AL-6061,"1-3/4""",1.75,5,7.44,10.42,87,96
PB304-CX900T1-7/8S3,"3""",900,304,"1-7/8""",1.875,5.5,23.63,33.08,217,239
PBSA36-CX900T1-7/8S3,"3""",900,SA-36,"1-7/8""",1.875,1.85,22.61,31.65,93,103
PBSA516-70-CX900T1-7/8S3,"3""",900,SA-516-70,"1-7/8""",1.875,2.15,22.61,31.65,103,114
PB304L-CX900T1-7/8S3,"3""",900,304L,"1-7/8""",1.875,5.95,23.63,33.08,232,256
PB316L-CX900T1-7/8S3,"3""",900,316L,"1-7/8""",1.875,7.4,23.89,33.45,282,311
PBAL6061-CX900T1-7/8S3,"3""",900,AL-6061,"1-7/8""",1.875,5,7.97,11.16,91,101
PB304-CX900T2S3,"3""",900,304,"2""",2,5.5,25.2,35.28,229,252
PBSA36-CX900T2S3,"3""",900,SA-36,"2""",2,1.85,24.12,33.77,97,107
PBSA516-70-CX900T2S3,"3""",900,SA-516-70,"2""",2,2.15,24.12,33.77,107,118
PB304L-CX900T2S3,"3""",900,304L,"2""",2,5.95,25.2,35.28,245,270
PB316L-CX900T2S3,"3""",900,316L,"2""",2,7.4,25.49,35.69,299,329
PBAL6061-CX900T2S3,"3""",900,AL-6061,"2""",2,5,8.5,11.9,94,104
PB304-CX900T2-1/4S3,"3""",900,304,"2-1/4""",2.25,5.5,28.35,39.69,253,279
PBSA36-CX900T2-1/4S3,"3""",900,SA-36,"2-1/4""",2.25,1.85,27.14,38,105,116
PBSA516-70-CX900T2-1/4S3,"3""",900,SA-516-70,"2-1/4""",2.25,2.15,27.14,38,117,129
PB304L-CX900T2-1/4S3,"3""",900,304L,"2-1/4""",2.25,5.95,28.35,39.69,271,299
PB316L-CX900T2-1/4S3,"3""",900,316L,"2-1/4""",2.25,7.4,28.67,40.14,332,366
PBAL6061-CX900T2-1/4S3,"3""",900,AL-6061,"2-1/4""",2.25,5,9.56,13.38,102,113
PB304-CX900T2-1/2S3,"3""",900,304,"2-1/2""",2.5,5.5,31.5,44.1,277,305
PBSA36-CX900T2-1/2S3,"3""",900,SA-36,"2-1/2""",2.5,1.85,30.15,42.21,113,125
PBSA516-70-CX900T2-1/2S3,"3""",900,SA-516-70,"2-1/2""",2.5,2.15,30.15,42.21,126,139
PB304L-CX900T2-1/2S3,"3""",900,304L,"2-1/2""",2.5,5.95,31.5,44.1,297,327
PB316L-CX900T2-1/2S3,"3""",900,316L,"2-1/2""",2.5,7.4,31.86,44.6,365,402
PBAL6061-CX900T2-1/2S3,"3""",900,AL-6061,"2-1/2""",2.5,5,10.62,14.87,109,120
PB304-CX900T3S3,"3""",900,304,"3""",3,5.5,37.8,52.92,326,359
PBSA36-CX900T3S3,"3""",900,SA-36,"3""",3,1.85,36.18,50.65,129,142
PBSA516-70-CX900T3S3,"3""",900,SA-516-70,"3""",3,2.15,36.18,50.65,144,159
PB304L-CX900T3S3,"3""",900,304L,"3""",3,5.95,37.8,52.92,350,386
PB316L-CX900T3S3,"3""",900,316L,"3""",3,7.4,38.23,53.52,431,475
PBAL6061-CX900T3S3,"3""",900,AL-6061,"3""",3,5,12.75,17.85,124,137
PB304-CX900T11GAS4,"4""",900,304,11 Gauge,0.1196,5.5,2.26,3.16,52,58
PBSA36-CX900T11GAS4,"4""",900,SA-36,11 Gauge,0.1196,1.85,2.16,3.02,40,44
PBSA516-70-CX900T11GAS4,"4""",900,SA-516-70,11 Gauge,0.1196,2.15,2.16,3.02,41,46
PB304L-CX900T11GAS4,"4""",900,304L,11 Gauge,0.1196,5.95,2.26,3.16,54,60
PB316L-CX900T11GAS4,"4""",900,316L,11 Gauge,0.1196,7.4,2.29,3.21,59,65
PBAL6061-CX900T11GAS4,"4""",900,AL-6061,11 Gauge,0.1196,5,0.76,1.06,40,44
PB304-CX900T1/8S4,"4""",900,304,"1/8""",0.125,5.5,2.36,3.3,53,59
PBSA36-CX900T1/8S4,"4""",900,SA-36,"1/8""",0.125,1.85,2.26,3.16,41,46
PBSA516-70-CX900T1/8S4,"4""",900,SA-516-70,"1/8""",0.125,2.15,2.26,3.16,42,47
PB304L-CX900T1/8S4,"4""",900,304L,"1/8""",0.125,5.95,2.36,3.3,54,60
PB316L-CX900T1/8S4,"4""",900,316L,"1/8""",0.125,7.4,2.39,3.35,60,66
PBAL6061-CX900T1/8S4,"4""",900,AL-6061,"1/8""",0.125,5,0.8,1.12,40,44
PB304-CX900T3/16S4,"4""",900,304,"3/16""",0.1875,5.5,3.54,4.96,62,69
PBSA36-CX900T3/16S4,"4""",900,SA-36,"3/16""",0.1875,1.85,3.39,4.75,44,49
PBSA516-70-CX900T3/16S4,"4""",900,SA-516-70,"3/16""",0.1875,2.15,3.39,4.75,45,50
PB304L-CX900T3/16S4,"4""",900,304L,"3/16""",0.1875,5.95,3.54,4.96,64,71
PB316L-CX900T3/16S4,"4""",900,316L,"3/16""",0.1875,7.4,3.58,5.01,72,80
PBAL6061-CX900T3/16S4,"4""",900,AL-6061,"3/16""",0.1875,5,1.19,1.67,43,48
PB304-CX900T1/4S4,"4""",900,304,"1/4""",0.25,5.5,4.72,6.61,71,79
PBSA36-CX900T1/4S4,"4""",900,SA-36,"1/4""",0.25,1.85,4.52,6.33,47,52
PBSA516-70-CX900T1/4S4,"4""",900,SA-516-70,"1/4""",0.25,2.15,4.52,6.33,48,53
PB304L-CX900T1/4S4,"4""",900,304L,"1/4""",0.25,5.95,4.72,6.61,74,82
PB316L-CX900T1/4S4,"4""",900,316L,"1/4""",0.25,7.4,4.78,6.69,84,93
PBAL6061-CX900T1/4S4,"4""",900,AL-6061,"1/4""",0.25,5,1.59,2.23,46,51
PB304-CX900T5/16S4,"4""",900,304,"5/16""",0.3125,5.5,5.9,8.26,80,88
PBSA36-CX900T5/16S4,"4""",900,SA-36,"5/16""",0.3125,1.85,5.65,7.91,49,54
PBSA516-70-CX900T5/16S4,"4""",900,SA-516-70,"5/16""",0.3125,2.15,5.65,7.91,52,58
PB304L-CX900T5/16S4,"4""",900,304L,"5/16""",0.3125,5.95,5.9,8.26,84,93
PB316L-CX900T5/16S4,"4""",900,316L,"5/16""",0.3125,7.4,5.97,8.36,97,107
PBAL6061-CX900T5/16S4,"4""",900,AL-6061,"5/16""",0.3125,5,1.99,2.79,49,54
PB304-CX900T3/8S4,"4""",900,304,"3/8""",0.375,5.5,7.08,9.91,89,98
PBSA36-CX900T3/8S4,"4""",900,SA-36,"3/8""",0.375,1.85,6.78,9.49,52,58
PBSA516-70-CX900T3/8S4,"4""",900,SA-516-70,"3/8""",0.375,2.15,6.78,9.49,55,61
PB304L-CX900T3/8S4,"4""",900,304L,"3/8""",0.375,5.95,7.08,9.91,94,104
PB316L-CX900T3/8S4,"4""",900,316L,"3/8""",0.375,7.4,7.17,10.04,109,120
PBAL6061-CX900T3/8S4,"4""",900,AL-6061,"3/8""",0.375,5,2.39,3.35,52,58
PB304-CX900T1/2S4,"4""",900,304,"1/2""",0.5,5.5,9.45,13.23,108,119
PBSA36-CX900T1/2S4,"4""",900,SA-36,"1/2""",0.5,1.85,9.04,12.66,58,64
PBSA516-70-CX900T1/2S4,"4""",900,SA-516-70,"1/2""",0.5,2.15,9.04,12.66,62,69
PB304L-CX900T1/2S4,"4""",900,304L,"1/2""",0.5,5.95,9.45,13.23,114,126
PB316L-CX900T1/2S4,"4""",900,316L,"1/2""",0.5,7.4,9.55,13.37,134,148
PBAL6061-CX900T1/2S4,"4""",900,AL-6061,"1/2""",0.5,5,3.19,4.47,57,63
PB304-CX900T5/8S4,"4""",900,304,"5/8""",0.625,5.5,11.81,16.53,126,139
PBSA36-CX900T5/8S4,"4""",900,SA-36,"5/8""",0.625,1.85,11.3,15.82,64,71
PBSA516-70-CX900T5/8S4,"4""",900,SA-516-70,"5/8""",0.625,2.15,11.3,15.82,69,76
PB304L-CX900T5/8S4,"4""",900,304L,"5/8""",0.625,5.95,11.81,16.53,133,147
PB316L-CX900T5/8S4,"4""",900,316L,"5/8""",0.625,7.4,11.94,16.72,159,175
PBAL6061-CX900T5/8S4,"4""",900,AL-6061,"5/8""",0.625,5,3.98,5.57,63,70
PB304-CX900T3/4S4,"4""",900,304,"3/4""",0.75,5.5,14.17,19.84,144,159
PBSA36-CX900T3/4S4,"4""",900,SA-36,"3/4""",0.75,1.85,13.56,18.98,70,77
PBSA516-70-CX900T3/4S4,"4""",900,SA-516-70,"3/4""",0.75,2.15,13.56,18.98,76,84
PB304L-CX900T3/4S4,"4""",900,304L,"3/4""",0.75,5.95,14.17,19.84,153,169
PB316L-CX900T3/4S4,"4""",900,316L,"3/4""",0.75,7.4,14.33,20.06,183,202
PBAL6061-CX900T3/4S4,"4""",900,AL-6061,"3/4""",0.75,5,4.78,6.69,68,75
PB304-CX900T7/8S4,"4""",900,304,"7/8""",0.875,5.5,16.53,23.14,162,179
PBSA36-CX900T7/8S4,"4""",900,SA-36,"7/8""",0.875,1.85,15.82,22.15,76,84
PBSA516-70-CX900T7/8S4,"4""",900,SA-516-70,"7/8""",0.875,2.15,15.82,22.15,82,91
PB304L-CX900T7/8S4,"4""",900,304L,"7/8""",0.875,5.95,16.53,23.14,173,191
PB316L-CX900T7/8S4,"4""",900,316L,"7/8""",0.875,7.4,16.72,23.41,208,229
PBAL6061-CX900T7/8S4,"4""",900,AL-6061,"7/8""",0.875,5,5.58,7.81,74,82
PB304-CX900T1S4,"4""",900,304,"1""",1,5.5,18.89,26.45,180,199
PBSA36-CX900T1S4,"4""",900,SA-36,"1""",1,1.85,18.08,25.31,82,91
PBSA516-70-CX900T1S4,"4""",900,SA-516-70,"1""",1,2.15,18.08,25.31,89,98
PB304L-CX900T1S4,"4""",900,304L,"1""",1,5.95,18.89,26.45,192,212
PB316L-CX900T1S4,"4""",900,316L,"1""",1,7.4,19.11,26.75,233,257
PBAL6061-CX900T1S4,"4""",900,AL-6061,"1""",1,5,6.37,8.92,79,87
PB304-CX900T1-1/8S4,"4""",900,304,"1-1/8""",1.125,5.5,21.25,29.75,198,218
PBSA36-CX900T1-1/8S4,"4""",900,SA-36,"1-1/8""",1.125,1.85,20.35,28.49,88,97
PBSA516-70-CX900T1-1/8S4,"4""",900,SA-516-70,"1-1/8""",1.125,2.15,20.35,28.49,96,106
PB304L-CX900T1-1/8S4,"4""",900,304L,"1-1/8""",1.125,5.95,21.25,29.75,212,234
PB316L-CX900T1-1/8S4,"4""",900,316L,"1-1/8""",1.125,7.4,21.5,30.1,258,284
PBAL6061-CX900T1-1/8S4,"4""",900,AL-6061,"1-1/8""",1.125,5,7.17,10.04,85,94
PB304-CX900T1-1/4S4,"4""",900,304,"1-1/4""",1.25,5.5,23.62,33.07,217,239
PBSA36-CX900T1-1/4S4,"4""",900,SA-36,"1-1/4""",1.25,1.85,22.61,31.65,93,103
PBSA516-70-CX900T1-1/4S4,"4""",900,SA-516-70,"1-1/4""",1.25,2.15,22.61,31.65,103,114
PB304L-CX900T1-1/4S4,"4""",900,304L,"1-1/4""",1.25,5.95,23.62,33.07,232,256
PB316L-CX900T1-1/4S4,"4""",900,316L,"1-1/4""",1.25,7.4,23.88,33.43,282,311
PBAL6061-CX900T1-1/4S4,"4""",900,AL-6061,"1-1/4""",1.25,5,7.97,11.16,91,101
PB304-CX900T1-3/8S4,"4""",900,304,"1-3/8""",1.375,5.5,25.98,36.37,235,259
PBSA36-CX900T1-3/8S4,"4""",900,SA-36,"1-3/8""",1.375,1.85,24.87,34.82,99,109
PBSA516-70-CX900T1-3/8S4,"4""",900,SA-516-70,"1-3/8""",1.375,2.15,24.87,34.82,110,122
PB304L-CX900T1-3/8S4,"4""",900,304L,"1-3/8""",1.375,5.95,25.98,36.37,251,277
PB316L-CX900T1-3/8S4,"4""",900,316L,"1-3/8""",1.375,7.4,26.27,36.78,307,338
PBAL6061-CX900T1-3/8S4,"4""",900,AL-6061,"1-3/8""",1.375,5,8.76,12.26,96,106
PB304-CX900T1-1/2S4,"4""",900,304,"1-1/2""",1.5,5.5,28.34,39.68,253,279
PBSA36-CX900T1-1/2S4,"4""",900,SA-36,"1-1/2""",1.5,1.85,27.13,37.98,105,116
PBSA516-70-CX900T1-1/2S4,"4""",900,SA-516-70,"1-1/2""",1.5,2.15,27.13,37.98,117,129
PB304L-CX900T1-1/2S4,"4""",900,304L,"1-1/2""",1.5,5.95,28.34,39.68,271,299
PB316L-CX900T1-1/2S4,"4""",900,316L,"1-1/2""",1.5,7.4,28.66,40.12,332,366
PBAL6061-CX900T1-1/2S4,"4""",900,AL-6061,"1-1/2""",1.5,5,9.56,13.38,102,113
PB304-CX900T1-5/8S4,"4""",900,304,"1-5/8""",1.625,5.5,30.7,42.98,271,299
PBSA36-CX900T1-5/8S4,"4""",900,SA-36,"1-5/8""",1.625,1.85,29.39,41.15,111,123
PBSA516-70-CX900T1-5/8S4,"4""",900,SA-516-70,"1-5/8""",1.625,2.15,29.39,41.15,123,136
PB304L-CX900T1-5/8S4,"4""",900,304L,"1-5/8""",1.625,5.95,30.7,42.98,291,321
PB316L-CX900T1-5/8S4,"4""",900,316L,"1-5/8""",1.625,7.4,31.05,43.47,357,393
PBAL6061-CX900T1-5/8S4,"4""",900,AL-6061,"1-5/8""",1.625,5,10.35,14.49,107,118
PB304-CX900T1-3/4S4,"4""",900,304,"1-3/4""",1.75,5.5,33.06,46.28,289,318
PBSA36-CX900T1-3/4S4,"4""",900,SA-36,"1-3/4""",1.75,1.85,31.65,44.31,117,129
PBSA516-70-CX900T1-3/4S4,"4""",900,SA-516-70,"1-3/4""",1.75,2.15,31.65,44.31,130,143
PB304L-CX900T1-3/4S4,"4""",900,304L,"1-3/4""",1.75,5.95,33.06,46.28,310,341
PB316L-CX900T1-3/4S4,"4""",900,316L,"1-3/4""",1.75,7.4,33.44,46.82,381,420
PBAL6061-CX900T1-3/4S4,"4""",900,AL-6061,"1-3/4""",1.75,5,11.15,15.61,113,125
PB304-CX900T1-7/8S4,"4""",900,304,"1-7/8""",1.875,5.5,35.42,49.59,308,339
PBSA36-CX900T1-7/8S4,"4""",900,SA-36,"1-7/8""",1.875,1.85,33.91,47.47,123,136
PBSA516-70-CX900T1-7/8S4,"4""",900,SA-516-70,"1-7/8""",1.875,2.15,33.91,47.47,137,151
PB304L-CX900T1-7/8S4,"4""",900,304L,"1-7/8""",1.875,5.95,35.42,49.59,330,364
PB316L-CX900T1-7/8S4,"4""",900,316L,"1-7/8""",1.875,7.4,35.83,50.16,406,447
PBAL6061-CX900T1-7/8S4,"4""",900,AL-6061,"1-7/8""",1.875,5,11.95,16.73,118,130
PB304-CX900T2S4,"4""",900,304,"2""",2,5.5,37.79,52.91,326,359
PBSA36-CX900T2S4,"4""",900,SA-36,"2""",2,1.85,36.17,50.64,129,142
PBSA516-70-CX900T2S4,"4""",900,SA-516-70,"2""",2,2.15,36.17,50.64,144,159
PB304L-CX900T2S4,"4""",900,304L,"2""",2,5.95,37.79,52.91,350,386
PB316L-CX900T2S4,"4""",900,316L,"2""",2,7.4,38.22,53.51,431,475
PBAL6061-CX900T2S4,"4""",900,AL-6061,"2""",2,5,12.74,17.84,124,137
PB304-CX900T2-1/4S4,"4""",900,304,"2-1/4""",2.25,5.5,42.51,59.51,362,399
PBSA36-CX900T2-1/4S4,"4""",900,SA-36,"2-1/4""",2.25,1.85,40.69,56.97,140,154
PBSA516-70-CX900T2-1/4S4,"4""",900,SA-516-70,"2-1/4""",2.25,2.15,40.69,56.97,157,173
PB304L-CX900T2-1/4S4,"4""",900,304L,"2-1/4""",2.25,5.95,42.51,59.51,389,428
PB316L-CX900T2-1/4S4,"4""",900,316L,"2-1/4""",2.25,7.4,42.99,60.19,480,528
PBAL6061-CX900T2-1/4S4,"4""",900,AL-6061,"2-1/4""",2.25,5,14.34,20.08,135,149
PB304-CX900T2-1/2S4,"4""",900,304,"2-1/2""",2.5,5.5,47.23,66.12,399,439
PBSA36-CX900T2-1/2S4,"4""",900,SA-36,"2-1/2""",2.5,1.85,45.21,63.29,152,168
PBSA516-70-CX900T2-1/2S4,"4""",900,SA-516-70,"2-1/2""",2.5,2.15,45.21,63.29,171,189
PB304L-CX900T2-1/2S4,"4""",900,304L,"2-1/2""",2.5,5.95,47.23,66.12,428,471
PB316L-CX900T2-1/2S4,"4""",900,316L,"2-1/2""",2.5,7.4,47.77,66.88,530,583
PBAL6061-CX900T2-1/2S4,"4""",900,AL-6061,"2-1/2""",2.5,5,15.93,22.3,146,161
PB304-CX900T3S4,"4""",900,304,"3""",3,5.5,56.68,79.35,471,519
PBSA36-CX900T3S4,"4""",900,SA-36,"3""",3,1.85,54.25,75.95,175,193
PBSA516-70-CX900T3S4,"4""",900,SA-516-70,"3""",3,2.15,54.25,75.95,198,218
PB304L-CX900T3S4,"4""",900,304L,"3""",3,5.95,56.68,79.35,507,558
PB316L-CX900T3S4,"4""",900,316L,"3""",3,7.4,57.32,80.25,629,692
PBAL6061-CX900T3S4,"4""",900,AL-6061,"3""",3,5,19.12,26.77,169,186
PB304-CX900T11GAS6,"6""",900,304,11 Gauge,0.1196,5.5,4.36,6.1,68,75
PBSA36-CX900T11GAS6,"6""",900,SA-36,11 Gauge,0.1196,1.85,4.17,5.84,46,51
PBSA516-70-CX900T11GAS6,"6""",900,SA-516-70,11 Gauge,0.1196,2.15,4.17,5.84,47,52
PB304L-CX900T11GAS6,"6""",900,304L,11 Gauge,0.1196,5.95,4.36,6.1,71,79
PB316L-CX900T11GAS6,"6""",900,316L,11 Gauge,0.1196,7.4,4.41,6.17,81,90
PBAL6061-CX900T11GAS6,"6""",900,AL-6061,11 Gauge,0.1196,5,1.47,2.06,45,50
PB304-CX900T1/8S6,"6""",900,304,"1/8""",0.125,5.5,4.55,6.37,70,77
PBSA36-CX900T1/8S6,"6""",900,SA-36,"1/8""",0.125,1.85,4.36,6.1,46,51
PBSA516-70-CX900T1/8S6,"6""",900,SA-516-70,"1/8""",0.125,2.15,4.36,6.1,48,53
PB304L-CX900T1/8S6,"6""",900,304L,"1/8""",0.125,5.95,4.55,6.37,73,81
PB316L-CX900T1/8S6,"6""",900,316L,"1/8""",0.125,7.4,4.61,6.45,83,92
PBAL6061-CX900T1/8S6,"6""",900,AL-6061,"1/8""",0.125,5,1.54,2.16,46,51
PB304-CX900T3/16S6,"6""",900,304,"3/16""",0.1875,5.5,6.83,9.56,87,96
PBSA36-CX900T3/16S6,"6""",900,SA-36,"3/16""",0.1875,1.85,6.54,9.16,52,58
PBSA516-70-CX900T3/16S6,"6""",900,SA-516-70,"3/16""",0.1875,2.15,6.54,9.16,55,61
PB304L-CX900T3/16S6,"6""",900,304L,"3/16""",0.1875,5.95,6.83,9.56,92,102
PB316L-CX900T3/16S6,"6""",900,316L,"3/16""",0.1875,7.4,6.91,9.67,106,117
PBAL6061-CX900T3/16S6,"6""",900,AL-6061,"3/16""",0.1875,5,2.3,3.22,51,57
PB304-CX900T1/4S6,"6""",900,304,"1/4""",0.25,5.5,9.11,12.75,105,116
PBSA36-CX900T1/4S6,"6""",900,SA-36,"1/4""",0.25,1.85,8.72,12.21,57,63
PBSA516-70-CX900T1/4S6,"6""",900,SA-516-70,"1/4""",0.25,2.15,8.72,12.21,61,68
PB304L-CX900T1/4S6,"6""",900,304L,"1/4""",0.25,5.95,9.11,12.75,111,123
PB316L-CX900T1/4S6,"6""",900,316L,"1/4""",0.25,7.4,9.21,12.89,130,143
PBAL6061-CX900T1/4S6,"6""",900,AL-6061,"1/4""",0.25,5,3.07,4.3,56,62
PB304-CX900T5/16S6,"6""",900,304,"5/16""",0.3125,5.5,11.38,15.93,122,135
PBSA36-CX900T5/16S6,"6""",900,SA-36,"5/16""",0.3125,1.85,10.9,15.26,63,70
PBSA516-70-CX900T5/16S6,"6""",900,SA-516-70,"5/16""",0.3125,2.15,10.9,15.26,68,75
PB304L-CX900T5/16S6,"6""",900,304L,"5/16""",0.3125,5.95,11.38,15.93,130,143
PB316L-CX900T5/16S6,"6""",900,316L,"5/16""",0.3125,7.4,11.51,16.11,154,170
PBAL6061-CX900T5/16S6,"6""",900,AL-6061,"5/16""",0.3125,5,3.84,5.38,62,69
PB304-CX900T3/8S6,"6""",900,304,"3/8""",0.375,5.5,13.66,19.12,140,154
PBSA36-CX900T3/8S6,"6""",900,SA-36,"3/8""",0.375,1.85,13.08,18.31,69,76
PBSA516-70-CX900T3/8S6,"6""",900,SA-516-70,"3/8""",0.375,2.15,13.08,18.31,74,82
PB304L-CX900T3/8S6,"6""",900,304L,"3/8""",0.375,5.95,13.66,19.12,149,164
PB316L-CX900T3/8S6,"6""",900,316L,"3/8""",0.375,7.4,13.82,19.35,178,196
PBAL6061-CX900T3/8S6,"6""",900,AL-6061,"3/8""",0.375,5,4.61,6.45,67,74
PB304-CX900T1/2S6,"6""",900,304,"1/2""",0.5,5.5,18.22,25.51,175,193
PBSA36-CX900T1/2S6,"6""",900,SA-36,"1/2""",0.5,1.85,17.44,24.42,80,88
PBSA516-70-CX900T1/2S6,"6""",900,SA-516-70,"1/2""",0.5,2.15,17.44,24.42,87,96
PB304L-CX900T1/2S6,"6""",900,304L,"1/2""",0.5,5.95,18.22,25.51,187,206
PB316L-CX900T1/2S6,"6""",900,316L,"1/2""",0.5,7.4,18.42,25.79,226,249
PBAL6061-CX900T1/2S6,"6""",900,AL-6061,"1/2""",0.5,5,6.14,8.6,78,86
PB304-CX900T5/8S6,"6""",900,304,"5/8""",0.625,5.5,22.77,31.88,210,232
PBSA36-CX900T5/8S6,"6""",900,SA-36,"5/8""",0.625,1.85,21.79,30.51,91,101
PBSA516-70-CX900T5/8S6,"6""",900,SA-516-70,"5/8""",0.625,2.15,21.79,30.51,100,111
PB304L-CX900T5/8S6,"6""",900,304L,"5/8""",0.625,5.95,22.77,31.88,225,248
PB316L-CX900T5/8S6,"6""",900,316L,"5/8""",0.625,7.4,23.03,32.24,273,301
PBAL6061-CX900T5/8S6,"6""",900,AL-6061,"5/8""",0.625,5,7.68,10.75,89,98
PB304-CX900T3/4S6,"6""",900,304,"3/4""",0.75,5.5,27.32,38.25,245,270
PBSA36-CX900T3/4S6,"6""",900,SA-36,"3/4""",0.75,1.85,26.15,36.61,103,114
PBSA516-70-CX900T3/4S6,"6""",900,SA-516-70,"3/4""",0.75,2.15,26.15,36.61,114,126
PB304L-CX900T3/4S6,"6""",900,304L,"3/4""",0.75,5.95,27.32,38.25,262,289
PB316L-CX900T3/4S6,"6""",900,316L,"3/4""",0.75,7.4,27.63,38.68,321,354
PBAL6061-CX900T3/4S6,"6""",900,AL-6061,"3/4""",0.75,5,9.22,12.91,99,109
PB304-CX900T7/8S6,"6""",900,304,"7/8""",0.875,5.5,31.88,44.63,280,308
PBSA36-CX900T7/8S6,"6""",900,SA-36,"7/8""",0.875,1.85,30.51,42.71,114,126
PBSA516-70-CX900T7/8S6,"6""",900,SA-516-70,"7/8""",0.875,2.15,30.51,42.71,127,140
PB304L-CX900T7/8S6,"6""",900,304L,"7/8""",0.875,5.95,31.88,44.63,300,330
PB316L-CX900T7/8S6,"6""",900,316L,"7/8""",0.875,7.4,32.24,45.14,369,406
PBAL6061-CX900T7/8S6,"6""",900,AL-6061,"7/8""",0.875,5,10.75,15.05,110,122
PB304-CX900T1S6,"6""",900,304,"1""",1,5.5,36.43,51,315,347
PBSA36-CX900T1S6,"6""",900,SA-36,"1""",1,1.85,34.87,48.82,125,138
PBSA516-70-CX900T1S6,"6""",900,SA-516-70,"1""",1,2.15,34.87,48.82,140,154
PB304L-CX900T1S6,"6""",900,304L,"1""",1,5.95,36.43,51,338,372
PB316L-CX900T1S6,"6""",900,316L,"1""",1,7.4,36.84,51.58,417,459
PBAL6061-CX900T1S6,"6""",900,AL-6061,"1""",1,5,12.29,17.21,121,134
PB304-CX900T1-1/8S6,"6""",900,304,"1-1/8""",1.125,5.5,40.98,57.37,350,386
PBSA36-CX900T1-1/8S6,"6""",900,SA-36,"1-1/8""",1.125,1.85,39.23,54.92,136,150
PBSA516-70-CX900T1-1/8S6,"6""",900,SA-516-70,"1-1/8""",1.125,2.15,39.23,54.92,153,169
PB304L-CX900T1-1/8S6,"6""",900,304L,"1-1/8""",1.125,5.95,40.98,57.37,376,414
PB316L-CX900T1-1/8S6,"6""",900,316L,"1-1/8""",1.125,7.4,41.45,58.03,464,511
PBAL6061-CX900T1-1/8S6,"6""",900,AL-6061,"1-1/8""",1.125,5,13.82,19.35,132,146
PB304-CX900T1-1/4S6,"6""",900,304,"1-1/4""",1.25,5.5,45.54,63.76,386,425
PBSA36-CX900T1-1/4S6,"6""",900,SA-36,"1-1/4""",1.25,1.85,43.59,61.03,148,163
PBSA516-70-CX900T1-1/4S6,"6""",900,SA-516-70,"1-1/4""",1.25,2.15,43.59,61.03,166,183
PB304L-CX900T1-1/4S6,"6""",900,304L,"1-1/4""",1.25,5.95,45.54,63.76,414,456
PB316L-CX900T1-1/4S6,"6""",900,316L,"1-1/4""",1.25,7.4,46.06,64.48,512,564
PBAL6061-CX900T1-1/4S6,"6""",900,AL-6061,"1-1/4""",1.25,5,15.36,21.5,142,157
PB304-CX900T1-3/8S6,"6""",900,304,"1-3/8""",1.375,5.5,50.09,70.13,421,464
PBSA36-CX900T1-3/8S6,"6""",900,SA-36,"1-3/8""",1.375,1.85,47.95,67.13,159,175
PBSA516-70-CX900T1-3/8S6,"6""",900,SA-516-70,"1-3/8""",1.375,2.15,47.95,67.13,179,197
PB304L-CX900T1-3/8S6,"6""",900,304L,"1-3/8""",1.375,5.95,50.09,70.13,452,498
PB316L-CX900T1-3/8S6,"6""",900,316L,"1-3/8""",1.375,7.4,50.66,70.92,560,616
PBAL6061-CX900T1-3/8S6,"6""",900,AL-6061,"1-3/8""",1.375,5,16.89,23.65,153,169
PB304-CX900T1-1/2S6,"6""",900,304,"1-1/2""",1.5,5.5,54.65,76.51,456,502
PBSA36-CX900T1-1/2S6,"6""",900,SA-36,"1-1/2""",1.5,1.85,52.31,73.23,170,188
PBSA516-70-CX900T1-1/2S6,"6""",900,SA-516-70,"1-1/2""",1.5,2.15,52.31,73.23,192,212
PB304L-CX900T1-1/2S6,"6""",900,304L,"1-1/2""",1.5,5.95,54.65,76.51,490,539
PB316L-CX900T1-1/2S6,"6""",900,316L,"1-1/2""",1.5,7.4,55.27,77.38,607,668
PBAL6061-CX900T1-1/2S6,"6""",900,AL-6061,"1-1/2""",1.5,5,18.43,25.8,164,181
PB304-CX900T1-5/8S6,"6""",900,304,"1-5/8""",1.625,5.5,59.2,82.88,491,541
PBSA36-CX900T1-5/8S6,"6""",900,SA-36,"1-5/8""",1.625,1.85,56.67,79.34,182,201
PBSA516-70-CX900T1-5/8S6,"6""",900,SA-516-70,"1-5/8""",1.625,2.15,56.67,79.34,205,226
PB304L-CX900T1-5/8S6,"6""",900,304L,"1-5/8""",1.625,5.95,59.2,82.88,528,581
PB316L-CX900T1-5/8S6,"6""",900,316L,"1-5/8""",1.625,7.4,59.87,83.82,655,721
PBAL6061-CX900T1-5/8S6,"6""",900,AL-6061,"1-5/8""",1.625,5,19.97,27.96,175,193
PB304-CX900T1-3/4S6,"6""",900,304,"1-3/4""",1.75,5.5,63.75,89.25,526,579
PBSA36-CX900T1-3/4S6,"6""",900,SA-36,"1-3/4""",1.75,1.85,61.03,85.44,193,213
PBSA516-70-CX900T1-3/4S6,"6""",900,SA-516-70,"1-3/4""",1.75,2.15,61.03,85.44,219,241
PB304L-CX900T1-3/4S6,"6""",900,304L,"1-3/4""",1.75,5.95,63.75,89.25,566,623
PB316L-CX900T1-3/4S6,"6""",900,316L,"1-3/4""",1.75,7.4,64.48,90.27,703,774
PBAL6061-CX900T1-3/4S6,"6""",900,AL-6061,"1-3/4""",1.75,5,21.5,30.1,185,204
PB304-CX900T1-7/8S6,"6""",900,304,"1-7/8""",1.875,5.5,68.31,95.63,561,618
PBSA36-CX900T1-7/8S6,"6""",900,SA-36,"1-7/8""",1.875,1.85,65.38,91.53,204,225
PBSA516-70-CX900T1-7/8S6,"6""",900,SA-516-70,"1-7/8""",1.875,2.15,65.38,91.53,232,256
PB304L-CX900T1-7/8S6,"6""",900,304L,"1-7/8""",1.875,5.95,68.31,95.63,604,665
PB316L-CX900T1-7/8S6,"6""",900,316L,"1-7/8""",1.875,7.4,69.08,96.71,751,827
PBAL6061-CX900T1-7/8S6,"6""",900,AL-6061,"1-7/8""",1.875,5,23.04,32.26,196,216
PB304-CX900T2S6,"6""",900,304,"2""",2,5.5,72.86,102,596,656
PBSA36-CX900T2S6,"6""",900,SA-36,"2""",2,1.85,69.74,97.64,215,237
PBSA516-70-CX900T2S6,"6""",900,SA-516-70,"2""",2,2.15,69.74,97.64,245,270
PB304L-CX900T2S6,"6""",900,304L,"2""",2,5.95,72.86,102,642,707
PB316L-CX900T2S6,"6""",900,316L,"2""",2,7.4,73.69,103.17,798,878
PBAL6061-CX900T2S6,"6""",900,AL-6061,"2""",2,5,24.57,34.4,207,228
PB304-CX900T2-1/4S6,"6""",900,304,"2-1/4""",2.25,5.5,81.97,114.76,666,733
PBSA36-CX900T2-1/4S6,"6""",900,SA-36,"2-1/4""",2.25,1.85,78.46,109.84,238,262
PBSA516-70-CX900T2-1/4S6,"6""",900,SA-516-70,"2-1/4""",2.25,2.15,78.46,109.84,271,299
PB304L-CX900T2-1/4S6,"6""",900,304L,"2-1/4""",2.25,5.95,81.97,114.76,718,790
PB316L-CX900T2-1/4S6,"6""",900,316L,"2-1/4""",2.25,7.4,82.9,116.06,894,984
PBAL6061-CX900T2-1/4S6,"6""",900,AL-6061,"2-1/4""",2.25,5,27.65,38.71,228,251
PB304-CX900T2-1/2S6,"6""",900,304,"2-1/2""",2.5,5.5,91.08,127.51,736,810
PBSA36-CX900T2-1/2S6,"6""",900,SA-36,"2-1/2""",2.5,1.85,87.18,122.05,261,288
PBSA516-70-CX900T2-1/2S6,"6""",900,SA-516-70,"2-1/2""",2.5,2.15,87.18,122.05,297,327
PB304L-CX900T2-1/2S6,"6""",900,304L,"2-1/2""",2.5,5.95,91.08,127.51,794,874
PB316L-CX900T2-1/2S6,"6""",900,316L,"2-1/2""",2.5,7.4,92.11,128.95,989,1088
PBAL6061-CX900T2-1/2S6,"6""",900,AL-6061,"2-1/2""",2.5,5,30.72,43.01,250,275
PB304-CX900T3S6,"6""",900,304,"3""",3,5.5,109.29,153.01,876,964
PBSA36-CX900T3S6,"6""",900,SA-36,"3""",3,1.85,104.62,146.47,306,337
PBSA516-70-CX900T3S6,"6""",900,SA-516-70,"3""",3,2.15,104.62,146.47,350,386
PB304L-CX900T3S6,"6""",900,304L,"3""",3,5.95,109.29,153.01,945,1040
PB316L-CX900T3S6,"6""",900,316L,"3""",3,7.4,110.53,154.74,1180,1298
PBAL6061-CX900T3S6,"6""",900,AL-6061,"3""",3,5,36.86,51.6,293,323
PB304-CX900T11GAS8,"8""",900,304,11 Gauge,0.1196,5.5,6.7,9.38,86,95
PBSA36-CX900T11GAS8,"8""",900,SA-36,11 Gauge,0.1196,1.85,6.41,8.97,51,57
PBSA516-70-CX900T11GAS8,"8""",900,SA-516-70,11 Gauge,0.1196,2.15,6.41,8.97,54,60
PB304L-CX900T11GAS8,"8""",900,304L,11 Gauge,0.1196,5.95,6.7,9.38,91,101
PB316L-CX900T11GAS8,"8""",900,316L,11 Gauge,0.1196,7.4,6.77,9.48,105,116
PBAL6061-CX900T11GAS8,"8""",900,AL-6061,11 Gauge,0.1196,5,2.26,3.16,51,57
PB304-CX900T1/8S8,"8""",900,304,"1/8""",0.125,5.5,7,9.8,89,98
PBSA36-CX900T1/8S8,"8""",900,SA-36,"1/8""",0.125,1.85,6.7,9.38,52,58
PBSA516-70-CX900T1/8S8,"8""",900,SA-516-70,"1/8""",0.125,2.15,6.7,9.38,55,61
PB304L-CX900T1/8S8,"8""",900,304L,"1/8""",0.125,5.95,7,9.8,93,103
PB316L-CX900T1/8S8,"8""",900,316L,"1/8""",0.125,7.4,7.08,9.91,108,119
PBAL6061-CX900T1/8S8,"8""",900,AL-6061,"1/8""",0.125,5,2.36,3.3,51,57
PB304-CX900T3/16S8,"8""",900,304,"3/16""",0.1875,5.5,10.5,14.7,116,128
PBSA36-CX900T3/16S8,"8""",900,SA-36,"3/16""",0.1875,1.85,10.05,14.07,61,68
PBSA516-70-CX900T3/16S8,"8""",900,SA-516-70,"3/16""",0.1875,2.15,10.05,14.07,65,72
PB304L-CX900T3/16S8,"8""",900,304L,"3/16""",0.1875,5.95,10.5,14.7,122,135
PB316L-CX900T3/16S8,"8""",900,316L,"3/16""",0.1875,7.4,10.62,14.87,145,160
PBAL6061-CX900T3/16S8,"8""",900,AL-6061,"3/16""",0.1875,5,3.54,4.96,60,66
PB304-CX900T1/4S8,"8""",900,304,"1/4""",0.25,5.5,13.99,19.59,143,158
PBSA36-CX900T1/4S8,"8""",900,SA-36,"1/4""",0.25,1.85,13.4,18.76,70,77
PBSA516-70-CX900T1/4S8,"8""",900,SA-516-70,"1/4""",0.25,2.15,13.4,18.76,75,83
PB304L-CX900T1/4S8,"8""",900,304L,"1/4""",0.25,5.95,13.99,19.59,151,167
PB316L-CX900T1/4S8,"8""",900,316L,"1/4""",0.25,7.4,14.15,19.81,181,200
PBAL6061-CX900T1/4S8,"8""",900,AL-6061,"1/4""",0.25,5,4.72,6.61,68,75
PB304-CX900T5/16S8,"8""",900,304,"5/16""",0.3125,5.5,17.49,24.49,170,188
PBSA36-CX900T5/16S8,"8""",900,SA-36,"5/16""",0.3125,1.85,16.75,23.45,78,86
PBSA516-70-CX900T5/16S8,"8""",900,SA-516-70,"5/16""",0.3125,2.15,16.75,23.45,85,94
PB304L-CX900T5/16S8,"8""",900,304L,"5/16""",0.3125,5.95,17.49,24.49,181,200
PB316L-CX900T5/16S8,"8""",900,316L,"5/16""",0.3125,7.4,17.69,24.77,218,240
PBAL6061-CX900T5/16S8,"8""",900,AL-6061,"5/16""",0.3125,5,5.9,8.26,76,84
PB304-CX900T3/8S8,"8""",900,304,"3/8""",0.375,5.5,20.99,29.39,196,216
PBSA36-CX900T3/8S8,"8""",900,SA-36,"3/8""",0.375,1.85,20.09,28.13,87,96
PBSA516-70-CX900T3/8S8,"8""",900,SA-516-70,"3/8""",0.375,2.15,20.09,28.13,95,105
PB304L-CX900T3/8S8,"8""",900,304L,"3/8""",0.375,5.95,20.99,29.39,210,232
PB316L-CX900T3/8S8,"8""",900,316L,"3/8""",0.375,7.4,21.23,29.72,255,281
PBAL6061-CX900T3/8S8,"8""",900,AL-6061,"3/8""",0.375,5,7.08,9.91,84,93
PB304-CX900T1/2S8,"8""",900,304,"1/2""",0.5,5.5,27.99,39.19,250,275
PBSA36-CX900T1/2S8,"8""",900,SA-36,"1/2""",0.5,1.85,26.79,37.51,104,115
PBSA516-70-CX900T1/2S8,"8""",900,SA-516-70,"1/2""",0.5,2.15,26.79,37.51,115,127
PB304L-CX900T1/2S8,"8""",900,304L,"1/2""",0.5,5.95,27.99,39.19,268,295
PB316L-CX900T1/2S8,"8""",900,316L,"1/2""",0.5,7.4,28.31,39.63,328,361
PBAL6061-CX900T1/2S8,"8""",900,AL-6061,"1/2""",0.5,5,9.44,13.22,101,112
PB304-CX900T5/8S8,"8""",900,304,"5/8""",0.625,5.5,34.99,48.99,304,335
PBSA36-CX900T5/8S8,"8""",900,SA-36,"5/8""",0.625,1.85,33.49,46.89,122,135
PBSA516-70-CX900T5/8S8,"8""",900,SA-516-70,"5/8""",0.625,2.15,33.49,46.89,136,150
PB304L-CX900T5/8S8,"8""",900,304L,"5/8""",0.625,5.95,34.99,48.99,326,359
PB316L-CX900T5/8S8,"8""",900,316L,"5/8""",0.625,7.4,35.38,49.53,401,442
PBAL6061-CX900T5/8S8,"8""",900,AL-6061,"5/8""",0.625,5,11.8,16.52,117,129
PB304-CX900T3/4S8,"8""",900,304,"3/4""",0.75,5.5,41.98,58.77,358,394
PBSA36-CX900T3/4S8,"8""",900,SA-36,"3/4""",0.75,1.85,40.19,56.27,139,153
PBSA516-70-CX900T3/4S8,"8""",900,SA-516-70,"3/4""",0.75,2.15,40.19,56.27,156,172
PB304L-CX900T3/4S8,"8""",900,304L,"3/4""",0.75,5.95,41.98,58.77,385,424
PB316L-CX900T3/4S8,"8""",900,316L,"3/4""",0.75,7.4,42.46,59.44,475,523
PBAL6061-CX900T3/4S8,"8""",900,AL-6061,"3/4""",0.75,5,14.16,19.82,134,148
PB304-CX900T7/8S8,"8""",900,304,"7/8""",0.875,5.5,48.98,68.57,412,454
PBSA36-CX900T7/8S8,"8""",900,SA-36,"7/8""",0.875,1.85,46.89,65.65,156,172
PBSA516-70-CX900T7/8S8,"8""",900,SA-516-70,"7/8""",0.875,2.15,46.89,65.65,176,194
PB304L-CX900T7/8S8,"8""",900,304L,"7/8""",0.875,5.95,48.98,68.57,443,488
PB316L-CX900T7/8S8,"8""",900,316L,"7/8""",0.875,7.4,49.54,69.36,548,603
PBAL6061-CX900T7/8S8,"8""",900,AL-6061,"7/8""",0.875,5,16.52,23.13,150,165
PB304-CX900T1S8,"8""",900,304,"1""",1,5.5,55.98,78.37,466,513
PBSA36-CX900T1S8,"8""",900,SA-36,"1""",1,1.85,53.58,75.01,174,192
PBSA516-70-CX900T1S8,"8""",900,SA-516-70,"1""",1,2.15,53.58,75.01,196,216
PB304L-CX900T1S8,"8""",900,304L,"1""",1,5.95,55.98,78.37,501,552
PB316L-CX900T1S8,"8""",900,316L,"1""",1,7.4,56.62,79.27,621,684
PBAL6061-CX900T1S8,"8""",900,AL-6061,"1""",1,5,18.88,26.43,167,184
PB304-CX900T1-1/8S8,"8""",900,304,"1-1/8""",1.125,5.5,62.98,88.17,520,572
PBSA36-CX900T1-1/8S8,"8""",900,SA-36,"1-1/8""",1.125,1.85,60.28,84.39,191,211
PBSA516-70-CX900T1-1/8S8,"8""",900,SA-516-70,"1-1/8""",1.125,2.15,60.28,84.39,216,238
PB304L-CX900T1-1/8S8,"8""",900,304L,"1-1/8""",1.125,5.95,62.98,88.17,559,615
PB316L-CX900T1-1/8S8,"8""",900,316L,"1-1/8""",1.125,7.4,63.69,89.17,695,765
PBAL6061-CX900T1-1/8S8,"8""",900,AL-6061,"1-1/8""",1.125,5,21.24,29.74,184,203
PB304-CX900T1-1/4S8,"8""",900,304,"1-1/4""",1.25,5.5,69.97,97.96,574,632
PBSA36-CX900T1-1/4S8,"8""",900,SA-36,"1-1/4""",1.25,1.85,66.98,93.77,208,229
PBSA516-70-CX900T1-1/4S8,"8""",900,SA-516-70,"1-1/4""",1.25,2.15,66.98,93.77,236,260
PB304L-CX900T1-1/4S8,"8""",900,304L,"1-1/4""",1.25,5.95,69.97,97.96,618,680
PB316L-CX900T1-1/4S8,"8""",900,316L,"1-1/4""",1.25,7.4,70.77,99.08,768,845
PBAL6061-CX900T1-1/4S8,"8""",900,AL-6061,"1-1/4""",1.25,5,23.6,33.04,200,221
PB304-CX900T1-3/8S8,"8""",900,304,"1-3/8""",1.375,5.5,76.97,107.76,628,691
PBSA36-CX900T1-3/8S8,"8""",900,SA-36,"1-3/8""",1.375,1.85,73.68,103.15,226,249
PBSA516-70-CX900T1-3/8S8,"8""",900,SA-516-70,"1-3/8""",1.375,2.15,73.68,103.15,257,283
PB304L-CX900T1-3/8S8,"8""",900,304L,"1-3/8""",1.375,5.95,76.97,107.76,676,744
PB316L-CX900T1-3/8S8,"8""",900,316L,"1-3/8""",1.375,7.4,77.85,108.99,841,926
PBAL6061-CX900T1-3/8S8,"8""",900,AL-6061,"1-3/8""",1.375,5,25.96,36.34,217,239
PB304-CX900T1-1/2S8,"8""",900,304,"1-1/2""",1.5,5.5,83.97,117.56,681,750
PBSA36-CX900T1-1/2S8,"8""",900,SA-36,"1-1/2""",1.5,1.85,80.38,112.53,243,268
PBSA516-70-CX900T1-1/2S8,"8""",900,SA-516-70,"1-1/2""",1.5,2.15,80.38,112.53,277,305
PB304L-CX900T1-1/2S8,"8""",900,304L,"1-1/2""",1.5,5.95,83.97,117.56,734,808
PB316L-CX900T1-1/2S8,"8""",900,316L,"1-1/2""",1.5,7.4,84.92,118.89,915,1007
PBAL6061-CX900T1-1/2S8,"8""",900,AL-6061,"1-1/2""",1.5,5,28.32,39.65,233,257
PB304-CX900T1-5/8S8,"8""",900,304,"1-5/8""",1.625,5.5,90.97,127.36,735,809
PBSA36-CX900T1-5/8S8,"8""",900,SA-36,"1-5/8""",1.625,1.85,87.08,121.91,260,286
PBSA516-70-CX900T1-5/8S8,"8""",900,SA-516-70,"1-5/8""",1.625,2.15,87.08,121.91,297,327
PB304L-CX900T1-5/8S8,"8""",900,304L,"1-5/8""",1.625,5.95,90.97,127.36,793,873
PB316L-CX900T1-5/8S8,"8""",900,316L,"1-5/8""",1.625,7.4,92,128.8,988,1087
PBAL6061-CX900T1-5/8S8,"8""",900,AL-6061,"1-5/8""",1.625,5,30.68,42.95,250,275
PB304-CX900T1-3/4S8,"8""",900,304,"1-3/4""",1.75,5.5,97.96,137.14,789,868
PBSA36-CX900T1-3/4S8,"8""",900,SA-36,"1-3/4""",1.75,1.85,93.77,131.28,278,306
PBSA516-70-CX900T1-3/4S8,"8""",900,SA-516-70,"1-3/4""",1.75,2.15,93.77,131.28,317,349
PB304L-CX900T1-3/4S8,"8""",900,304L,"1-3/4""",1.75,5.95,97.96,137.14,851,937
PB316L-CX900T1-3/4S8,"8""",900,316L,"1-3/4""",1.75,7.4,99.08,138.71,1061,1168
PBAL6061-CX900T1-3/4S8,"8""",900,AL-6061,"1-3/4""",1.75,5,33.04,46.26,266,293
PB304-CX900T1-7/8S8,"8""",900,304,"1-7/8""",1.875,5.5,104.96,146.94,843,928
PBSA36-CX900T1-7/8S8,"8""",900,SA-36,"1-7/8""",1.875,1.85,100.47,140.66,295,325
PBSA516-70-CX900T1-7/8S8,"8""",900,SA-516-70,"1-7/8""",1.875,2.15,100.47,140.66,337,371
PB304L-CX900T1-7/8S8,"8""",900,304L,"1-7/8""",1.875,5.95,104.96,146.94,909,1000
PB316L-CX900T1-7/8S8,"8""",900,316L,"1-7/8""",1.875,7.4,106.15,148.61,1135,1249
PBAL6061-CX900T1-7/8S8,"8""",900,AL-6061,"1-7/8""",1.875,5,35.4,49.56,283,312
PB304-CX900T2S8,"8""",900,304,"2""",2,5.5,111.96,156.74,897,987
PBSA36-CX900T2S8,"8""",900,SA-36,"2""",2,1.85,107.17,150.04,312,344
PBSA516-70-CX900T2S8,"8""",900,SA-516-70,"2""",2,2.15,107.17,150.04,357,393
PB304L-CX900T2S8,"8""",900,304L,"2""",2,5.95,111.96,156.74,967,1064
PB316L-CX900T2S8,"8""",900,316L,"2""",2,7.4,113.23,158.52,1208,1329
PBAL6061-CX900T2S8,"8""",900,AL-6061,"2""",2,5,37.76,52.86,299,329
PB304-CX900T2-1/4S8,"8""",900,304,"2-1/4""",2.25,5.5,125.95,176.33,1005,1106
PBSA36-CX900T2-1/4S8,"8""",900,SA-36,"2-1/4""",2.25,1.85,120.57,168.8,347,382
PBSA516-70-CX900T2-1/4S8,"8""",900,SA-516-70,"2-1/4""",2.25,2.15,120.57,168.8,398,438
PB304L-CX900T2-1/4S8,"8""",900,304L,"2-1/4""",2.25,5.95,125.95,176.33,1084,1193
PB316L-CX900T2-1/4S8,"8""",900,316L,"2-1/4""",2.25,7.4,127.39,178.35,1355,1491
PBAL6061-CX900T2-1/4S8,"8""",900,AL-6061,"2-1/4""",2.25,5,42.48,59.47,332,366
PB304-CX900T2-1/2S8,"8""",900,304,"2-1/2""",2.5,5.5,139.95,195.93,1112,1224
PBSA36-CX900T2-1/2S8,"8""",900,SA-36,"2-1/2""",2.5,1.85,133.96,187.54,382,421
PBSA516-70-CX900T2-1/2S8,"8""",900,SA-516-70,"2-1/2""",2.5,2.15,133.96,187.54,438,482
PB304L-CX900T2-1/2S8,"8""",900,304L,"2-1/2""",2.5,5.95,139.95,195.93,1201,1322
PB316L-CX900T2-1/2S8,"8""",900,316L,"2-1/2""",2.5,7.4,141.54,198.16,1501,1652
PBAL6061-CX900T2-1/2S8,"8""",900,AL-6061,"2-1/2""",2.5,5,47.2,66.08,365,402
PB304-CX900T3S8,"8""",900,304,"3""",3,5.5,167.94,235.12,1328,1461
PBSA36-CX900T3S8,"8""",900,SA-36,"3""",3,1.85,160.75,225.05,451,497
PBSA516-70-CX900T3S8,"8""",900,SA-516-70,"3""",3,2.15,160.75,225.05,519,571
PB304L-CX900T3S8,"8""",900,304L,"3""",3,5.95,167.94,235.12,1434,1578
PB316L-CX900T3S8,"8""",900,316L,"3""",3,7.4,169.85,237.79,1794,1974
PBAL6061-CX900T3S8,"8""",900,AL-6061,"3""",3,5,56.64,79.3,431,475
PB304-CX900T11GAS10,"10""",900,304,11 Gauge,0.1196,5.5,9.78,13.69,110,122
PBSA36-CX900T11GAS10,"10""",900,SA-36,11 Gauge,0.1196,1.85,9.36,13.1,59,65
PBSA516-70-CX900T11GAS10,"10""",900,SA-516-70,11 Gauge,0.1196,2.15,9.36,13.1,63,70
PB304L-CX900T11GAS10,"10""",900,304L,11 Gauge,0.1196,5.95,9.78,13.69,116,128
PB316L-CX900T11GAS10,"10""",900,316L,11 Gauge,0.1196,7.4,9.89,13.85,137,151
PBAL6061-CX900T11GAS10,"10""",900,AL-6061,11 Gauge,0.1196,5,3.3,4.62,58,64
PB304-CX900T1/8S10,"10""",900,304,"1/8""",0.125,5.5,10.22,14.31,114,126
PBSA36-CX900T1/8S10,"10""",900,SA-36,"1/8""",0.125,1.85,9.78,13.69,60,66
PBSA516-70-CX900T1/8S10,"10""",900,SA-516-70,"1/8""",0.125,2.15,9.78,13.69,64,71
PB304L-CX900T1/8S10,"10""",900,304L,"1/8""",0.125,5.95,10.22,14.31,120,132
PB316L-CX900T1/8S10,"10""",900,316L,"1/8""",0.125,7.4,10.33,14.46,142,157
PBAL6061-CX900T1/8S10,"10""",900,AL-6061,"1/8""",0.125,5,3.45,4.83,59,65
PB304-CX900T3/16S10,"10""",900,304,"3/16""",0.1875,5.5,15.32,21.45,153,169
PBSA36-CX900T3/16S10,"10""",900,SA-36,"3/16""",0.1875,1.85,14.67,20.54,73,81
PBSA516-70-CX900T3/16S10,"10""",900,SA-516-70,"3/16""",0.1875,2.15,14.67,20.54,79,87
PB304L-CX900T3/16S10,"10""",900,304L,"3/16""",0.1875,5.95,15.32,21.45,162,179
PB316L-CX900T3/16S10,"10""",900,316L,"3/16""",0.1875,7.4,15.5,21.7,195,215
PBAL6061-CX900T3/16S10,"10""",900,AL-6061,"3/16""",0.1875,5,5.17,7.24,71,79
PB304-CX900T1/4S10,"10""",900,304,"1/4""",0.25,5.5,20.43,28.6,192,212
PBSA36-CX900T1/4S10,"10""",900,SA-36,"1/4""",0.25,1.85,19.56,27.38,86,95
PBSA516-70-CX900T1/4S10,"10""",900,SA-516-70,"1/4""",0.25,2.15,19.56,27.38,94,104
PB304L-CX900T1/4S10,"10""",900,304L,"1/4""",0.25,5.95,20.43,28.6,205,226
PB316L-CX900T1/4S10,"10""",900,316L,"1/4""",0.25,7.4,20.67,28.94,249,274
PBAL6061-CX900T1/4S10,"10""",900,AL-6061,"1/4""",0.25,5,6.89,9.65,83,92
PB304-CX900T5/16S10,"10""",900,304,"5/16""",0.3125,5.5,25.54,35.76,232,256
PBSA36-CX900T5/16S10,"10""",900,SA-36,"5/16""",0.3125,1.85,24.45,34.23,98,108
PBSA516-70-CX900T5/16S10,"10""",900,SA-516-70,"5/16""",0.3125,2.15,24.45,34.23,108,119
PB304L-CX900T5/16S10,"10""",900,304L,"5/16""",0.3125,5.95,25.54,35.76,248,273
PB316L-CX900T5/16S10,"10""",900,316L,"5/16""",0.3125,7.4,25.83,36.16,302,333
PBAL6061-CX900T5/16S10,"10""",900,AL-6061,"5/16""",0.3125,5,8.61,12.05,95,105
PB304-CX900T3/8S10,"10""",900,304,"3/8""",0.375,5.5,30.65,42.91,271,299
PBSA36-CX900T3/8S10,"10""",900,SA-36,"3/8""",0.375,1.85,29.34,41.08,111,123
PBSA516-70-CX900T3/8S10,"10""",900,SA-516-70,"3/8""",0.375,2.15,29.34,41.08,123,136
PB304L-CX900T3/8S10,"10""",900,304L,"3/8""",0.375,5.95,30.65,42.91,290,319
PB316L-CX900T3/8S10,"10""",900,316L,"3/8""",0.375,7.4,31,43.4,356,392
PBAL6061-CX900T3/8S10,"10""",900,AL-6061,"3/8""",0.375,5,10.34,14.48,107,118
PB304-CX900T1/2S10,"10""",900,304,"1/2""",0.5,5.5,40.87,57.22,350,386
PBSA36-CX900T1/2S10,"10""",900,SA-36,"1/2""",0.5,1.85,39.12,54.77,136,150
PBSA516-70-CX900T1/2S10,"10""",900,SA-516-70,"1/2""",0.5,2.15,39.12,54.77,153,169
PB304L-CX900T1/2S10,"10""",900,304L,"1/2""",0.5,5.95,40.87,57.22,375,413
PB316L-CX900T1/2S10,"10""",900,316L,"1/2""",0.5,7.4,41.33,57.86,463,510
PBAL6061-CX900T1/2S10,"10""",900,AL-6061,"1/2""",0.5,5,13.78,19.29,131,145
PB304-CX900T5/8S10,"10""",900,304,"5/8""",0.625,5.5,51.08,71.51,428,471
PBSA36-CX900T5/8S10,"10""",900,SA-36,"5/8""",0.625,1.85,48.9,68.46,161,178
PBSA516-70-CX900T5/8S10,"10""",900,SA-516-70,"5/8""",0.625,2.15,48.9,68.46,182,201
PB304L-CX900T5/8S10,"10""",900,304L,"5/8""",0.625,5.95,51.08,71.51,460,507
PB316L-CX900T5/8S10,"10""",900,316L,"5/8""",0.625,7.4,51.66,72.32,570,627
PBAL6061-CX900T5/8S10,"10""",900,AL-6061,"5/8""",0.625,5,17.23,24.12,155,171
PB304-CX900T3/4S10,"10""",900,304,"3/4""",0.75,5.5,61.3,85.82,507,558
PBSA36-CX900T3/4S10,"10""",900,SA-36,"3/4""",0.75,1.85,58.68,82.15,187,206
PBSA516-70-CX900T3/4S10,"10""",900,SA-516-70,"3/4""",0.75,2.15,58.68,82.15,211,233
PB304L-CX900T3/4S10,"10""",900,304L,"3/4""",0.75,5.95,61.3,85.82,545,600
PB316L-CX900T3/4S10,"10""",900,316L,"3/4""",0.75,7.4,62,86.8,677,745
PBAL6061-CX900T3/4S10,"10""",900,AL-6061,"3/4""",0.75,5,20.67,28.94,180,199
PB304-CX900T7/8S10,"10""",900,304,"7/8""",0.875,5.5,71.52,100.13,586,645
PBSA36-CX900T7/8S10,"10""",900,SA-36,"7/8""",0.875,1.85,68.46,95.84,212,234
PBSA516-70-CX900T7/8S10,"10""",900,SA-516-70,"7/8""",0.875,2.15,68.46,95.84,241,266
PB304L-CX900T7/8S10,"10""",900,304L,"7/8""",0.875,5.95,71.52,100.13,631,695
PB316L-CX900T7/8S10,"10""",900,316L,"7/8""",0.875,7.4,72.33,101.26,784,863
PBAL6061-CX900T7/8S10,"10""",900,AL-6061,"7/8""",0.875,5,24.12,33.77,204,225
PB304-CX900T1S10,"10""",900,304,"1""",1,5.5,81.73,114.42,664,731
PBSA36-CX900T1S10,"10""",900,SA-36,"1""",1,1.85,78.24,109.54,237,261
PBSA516-70-CX900T1S10,"10""",900,SA-516-70,"1""",1,2.15,78.24,109.54,270,297
PB304L-CX900T1S10,"10""",900,304L,"1""",1,5.95,81.73,114.42,716,788
PB316L-CX900T1S10,"10""",900,316L,"1""",1,7.4,82.66,115.72,891,981
PBAL6061-CX900T1S10,"10""",900,AL-6061,"1""",1,5,27.57,38.6,228,251
PB304-CX900T1-1/8S10,"10""",900,304,"1-1/8""",1.125,5.5,91.95,128.73,743,818
PBSA36-CX900T1-1/8S10,"10""",900,SA-36,"1-1/8""",1.125,1.85,88.02,123.23,263,290
PBSA516-70-CX900T1-1/8S10,"10""",900,SA-516-70,"1-1/8""",1.125,2.15,88.02,123.23,300,330
PB304L-CX900T1-1/8S10,"10""",900,304L,"1-1/8""",1.125,5.95,91.95,128.73,801,882
PB316L-CX900T1-1/8S10,"10""",900,316L,"1-1/8""",1.125,7.4,92.99,130.19,998,1098
PBAL6061-CX900T1-1/8S10,"10""",900,AL-6061,"1-1/8""",1.125,5,31.01,43.41,252,278
PB304-CX900T1-1/4S10,"10""",900,304,"1-1/4""",1.25,5.5,102.16,143.02,821,904
PBSA36-CX900T1-1/4S10,"10""",900,SA-36,"1-1/4""",1.25,1.85,97.79,136.91,288,317
PBSA516-70-CX900T1-1/4S10,"10""",900,SA-516-70,"1-1/4""",1.25,2.15,97.79,136.91,329,362
PB304L-CX900T1-1/4S10,"10""",900,304L,"1-1/4""",1.25,5.95,102.16,143.02,886,975
PB316L-CX900T1-1/4S10,"10""",900,316L,"1-1/4""",1.25,7.4,103.33,144.66,1105,1216
PBAL6061-CX900T1-1/4S10,"10""",900,AL-6061,"1-1/4""",1.25,5,34.46,48.24,276,304
PB304-CX900T1-3/8S10,"10""",900,304,"1-3/8""",1.375,5.5,112.38,157.33,900,991
PBSA36-CX900T1-3/8S10,"10""",900,SA-36,"1-3/8""",1.375,1.85,107.57,150.6,313,345
PBSA516-70-CX900T1-3/8S10,"10""",900,SA-516-70,"1-3/8""",1.375,2.15,107.57,150.6,359,395
PB304L-CX900T1-3/8S10,"10""",900,304L,"1-3/8""",1.375,5.95,112.38,157.33,971,1069
PB316L-CX900T1-3/8S10,"10""",900,316L,"1-3/8""",1.375,7.4,113.66,159.12,1212,1334
PBAL6061-CX900T1-3/8S10,"10""",900,AL-6061,"1-3/8""",1.375,5,37.9,53.06,300,330
PB304-CX900T1-1/2S10,"10""",900,304,"1-1/2""",1.5,5.5,122.6,171.64,979,1077
PBSA36-CX900T1-1/2S10,"10""",900,SA-36,"1-1/2""",1.5,1.85,117.35,164.29,339,373
PBSA516-70-CX900T1-1/2S10,"10""",900,SA-516-70,"1-1/2""",1.5,2.15,117.35,164.29,388,427
PB304L-CX900T1-1/2S10,"10""",900,304L,"1-1/2""",1.5,5.95,122.6,171.64,1056,1162
PB316L-CX900T1-1/2S10,"10""",900,316L,"1-1/2""",1.5,7.4,123.99,173.59,1319,1451
PBAL6061-CX900T1-1/2S10,"10""",900,AL-6061,"1-1/2""",1.5,5,41.35,57.89,324,357
PB304-CX900T1-5/8S10,"10""",900,304,"1-5/8""",1.625,5.5,132.81,185.93,1057,1163
PBSA36-CX900T1-5/8S10,"10""",900,SA-36,"1-5/8""",1.625,1.85,127.13,177.98,364,401
PBSA516-70-CX900T1-5/8S10,"10""",900,SA-516-70,"1-5/8""",1.625,2.15,127.13,177.98,418,460
PB304L-CX900T1-5/8S10,"10""",900,304L,"1-5/8""",1.625,5.95,132.81,185.93,1141,1256
PB316L-CX900T1-5/8S10,"10""",900,316L,"1-5/8""",1.625,7.4,134.32,188.05,1426,1569
PBAL6061-CX900T1-5/8S10,"10""",900,AL-6061,"1-5/8""",1.625,5,44.8,62.72,348,383
PB304-CX900T1-3/4S10,"10""",900,304,"1-3/4""",1.75,5.5,143.03,200.24,1136,1250
PBSA36-CX900T1-3/4S10,"10""",900,SA-36,"1-3/4""",1.75,1.85,136.91,191.67,389,428
PBSA516-70-CX900T1-3/4S10,"10""",900,SA-516-70,"1-3/4""",1.75,2.15,136.91,191.67,447,492
PB304L-CX900T1-3/4S10,"10""",900,304L,"1-3/4""",1.75,5.95,143.03,200.24,1226,1349
PB316L-CX900T1-3/4S10,"10""",900,316L,"1-3/4""",1.75,7.4,144.66,202.52,1533,1687
PBAL6061-CX900T1-3/4S10,"10""",900,AL-6061,"1-3/4""",1.75,5,48.24,67.54,373,411
PB304-CX900T1-7/8S10,"10""",900,304,"1-7/8""",1.875,5.5,153.25,214.55,1215,1337
PBSA36-CX900T1-7/8S10,"10""",900,SA-36,"1-7/8""",1.875,1.85,146.69,205.37,415,457
PBSA516-70-CX900T1-7/8S10,"10""",900,SA-516-70,"1-7/8""",1.875,2.15,146.69,205.37,476,524
PB304L-CX900T1-7/8S10,"10""",900,304L,"1-7/8""",1.875,5.95,153.25,214.55,1311,1443
PB316L-CX900T1-7/8S10,"10""",900,316L,"1-7/8""",1.875,7.4,154.99,216.99,1641,1806
PBAL6061-CX900T1-7/8S10,"10""",900,AL-6061,"1-7/8""",1.875,5,51.69,72.37,397,437
PB304-CX900T2S10,"10""",900,304,"2""",2,5.5,163.46,228.84,1293,1423
PBSA36-CX900T2S10,"10""",900,SA-36,"2""",2,1.85,156.47,219.06,440,485
PBSA516-70-CX900T2S10,"10""",900,SA-516-70,"2""",2,2.15,156.47,219.06,506,557
PB304L-CX900T2S10,"10""",900,304L,"2""",2,5.95,163.46,228.84,1396,1536
PB316L-CX900T2S10,"10""",900,316L,"2""",2,7.4,165.32,231.45,1748,1923
PBAL6061-CX900T2S10,"10""",900,AL-6061,"2""",2,5,55.13,77.18,421,464
PB304-CX900T2-1/4S10,"10""",900,304,"2-1/4""",2.25,5.5,183.9,257.46,1451,1597
PBSA36-CX900T2-1/4S10,"10""",900,SA-36,"2-1/4""",2.25,1.85,176.03,246.44,491,541
PBSA516-70-CX900T2-1/4S10,"10""",900,SA-516-70,"2-1/4""",2.25,2.15,176.03,246.44,565,622
PB304L-CX900T2-1/4S10,"10""",900,304L,"2-1/4""",2.25,5.95,183.9,257.46,1567,1724
PB316L-CX900T2-1/4S10,"10""",900,316L,"2-1/4""",2.25,7.4,185.99,260.39,1962,2159
PBAL6061-CX900T2-1/4S10,"10""",900,AL-6061,"2-1/4""",2.25,5,62.02,86.83,469,516
PB304-CX900T2-1/2S10,"10""",900,304,"2-1/2""",2.5,5.5,204.33,286.06,1608,1769
PBSA36-CX900T2-1/2S10,"10""",900,SA-36,"2-1/2""",2.5,1.85,195.59,273.83,541,596
PBSA516-70-CX900T2-1/2S10,"10""",900,SA-516-70,"2-1/2""",2.5,2.15,195.59,273.83,624,687
PB304L-CX900T2-1/2S10,"10""",900,304L,"2-1/2""",2.5,5.95,204.33,286.06,1737,1911
PB316L-CX900T2-1/2S10,"10""",900,316L,"2-1/2""",2.5,7.4,206.65,289.31,2176,2394
PBAL6061-CX900T2-1/2S10,"10""",900,AL-6061,"2-1/2""",2.5,5,68.92,96.49,517,569
PB304-CX900T3S10,"10""",900,304,"3""",3,5.5,245.19,343.27,1923,2116
PBSA36-CX900T3S10,"10""",900,SA-36,"3""",3,1.85,234.71,328.59,643,708
PBSA516-70-CX900T3S10,"10""",900,SA-516-70,"3""",3,2.15,234.71,328.59,741,816
PB304L-CX900T3S10,"10""",900,304L,"3""",3,5.95,245.19,343.27,2077,2285
PB316L-CX900T3S10,"10""",900,316L,"3""",3,7.4,247.98,347.17,2604,2865
PBAL6061-CX900T3S10,"10""",900,AL-6061,"3""",3,5,82.7,115.78,614,676
PB304-CX900T11GAS12,"12""",900,304,11 Gauge,0.1196,5.5,12.79,17.91,136,150
PBSA36-CX900T11GAS12,"12""",900,SA-36,11 Gauge,0.1196,1.85,12.24,17.14,69,76
PBSA516-70-CX900T11GAS12,"12""",900,SA-516-70,11 Gauge,0.1196,2.15,12.24,17.14,74,82
PB304L-CX900T11GAS12,"12""",900,304L,11 Gauge,0.1196,5.95,12.79,17.91,144,159
PB316L-CX900T11GAS12,"12""",900,316L,11 Gauge,0.1196,7.4,12.93,18.1,171,189
PBAL6061-CX900T11GAS12,"12""",900,AL-6061,11 Gauge,0.1196,5,4.31,6.03,68,75
PB304-CX900T1/8S12,"12""",900,304,"1/8""",0.125,5.5,13.36,18.7,140,154
PBSA36-CX900T1/8S12,"12""",900,SA-36,"1/8""",0.125,1.85,12.79,17.91,70,77
PBSA516-70-CX900T1/8S12,"12""",900,SA-516-70,"1/8""",0.125,2.15,12.79,17.91,76,84
PB304L-CX900T1/8S12,"12""",900,304L,"1/8""",0.125,5.95,13.36,18.7,149,164
PB316L-CX900T1/8S12,"12""",900,316L,"1/8""",0.125,7.4,13.51,18.91,177,195
PBAL6061-CX900T1/8S12,"12""",900,AL-6061,"1/8""",0.125,5,4.51,6.31,69,76
PB304-CX900T3/16S12,"12""",900,304,"3/16""",0.1875,5.5,20.04,28.06,192,212
PBSA36-CX900T3/16S12,"12""",900,SA-36,"3/16""",0.1875,1.85,19.19,26.87,87,96
PBSA516-70-CX900T3/16S12,"12""",900,SA-516-70,"3/16""",0.1875,2.15,19.19,26.87,95,105
PB304L-CX900T3/16S12,"12""",900,304L,"3/16""",0.1875,5.95,20.04,28.06,204,225
PB316L-CX900T3/16S12,"12""",900,316L,"3/16""",0.1875,7.4,20.27,28.38,247,272
PBAL6061-CX900T3/16S12,"12""",900,AL-6061,"3/16""",0.1875,5,6.76,9.46,85,94
PB304-CX900T1/4S12,"12""",900,304,"1/4""",0.25,5.5,26.73,37.42,243,268
PBSA36-CX900T1/4S12,"12""",900,SA-36,"1/4""",0.25,1.85,25.58,35.81,104,115
PBSA516-70-CX900T1/4S12,"12""",900,SA-516-70,"1/4""",0.25,2.15,25.58,35.81,114,126
PB304L-CX900T1/4S12,"12""",900,304L,"1/4""",0.25,5.95,26.73,37.42,260,286
PB316L-CX900T1/4S12,"12""",900,316L,"1/4""",0.25,7.4,27.03,37.84,317,349
PBAL6061-CX900T1/4S12,"12""",900,AL-6061,"1/4""",0.25,5,9.01,12.61,100,111
PB304-CX900T5/16S12,"12""",900,304,"5/16""",0.3125,5.5,33.41,46.77,295,325
PBSA36-CX900T5/16S12,"12""",900,SA-36,"5/16""",0.3125,1.85,31.98,44.77,120,132
PBSA516-70-CX900T5/16S12,"12""",900,SA-516-70,"5/16""",0.3125,2.15,31.98,44.77,134,148
PB304L-CX900T5/16S12,"12""",900,304L,"5/16""",0.3125,5.95,33.41,46.77,316,348
PB316L-CX900T5/16S12,"12""",900,316L,"5/16""",0.3125,7.4,33.79,47.31,387,426
PBAL6061-CX900T5/16S12,"12""",900,AL-6061,"5/16""",0.3125,5,11.27,15.78,116,128
PB304-CX900T3/8S12,"12""",900,304,"3/8""",0.375,5.5,40.09,56.13,346,381
PBSA36-CX900T3/8S12,"12""",900,SA-36,"3/8""",0.375,1.85,38.37,53.72,137,151
PBSA516-70-CX900T3/8S12,"12""",900,SA-516-70,"3/8""",0.375,2.15,38.37,53.72,153,169
PB304L-CX900T3/8S12,"12""",900,304L,"3/8""",0.375,5.95,40.09,56.13,371,409
PB316L-CX900T3/8S12,"12""",900,316L,"3/8""",0.375,7.4,40.54,56.76,457,503
PBAL6061-CX900T3/8S12,"12""",900,AL-6061,"3/8""",0.375,5,13.52,18.93,132,146
PB304-CX900T1/2S12,"12""",900,304,"1/2""",0.5,5.5,53.45,74.83,449,494
PBSA36-CX900T1/2S12,"12""",900,SA-36,"1/2""",0.5,1.85,51.16,71.62,170,188
PBSA516-70-CX900T1/2S12,"12""",900,SA-516-70,"1/2""",0.5,2.15,51.16,71.62,191,211
PB304L-CX900T1/2S12,"12""",900,304L,"1/2""",0.5,5.95,53.45,74.83,483,532
PB316L-CX900T1/2S12,"12""",900,316L,"1/2""",0.5,7.4,54.06,75.68,597,657
PBAL6061-CX900T1/2S12,"12""",900,AL-6061,"1/2""",0.5,5,18.03,25.24,164,181
PB304-CX900T5/8S12,"12""",900,304,"5/8""",0.625,5.5,66.81,93.53,552,608
PBSA36-CX900T5/8S12,"12""",900,SA-36,"5/8""",0.625,1.85,63.95,89.53,203,224
PBSA516-70-CX900T5/8S12,"12""",900,SA-516-70,"5/8""",0.625,2.15,63.95,89.53,230,254
PB304L-CX900T5/8S12,"12""",900,304L,"5/8""",0.625,5.95,66.81,93.53,594,654
PB316L-CX900T5/8S12,"12""",900,316L,"5/8""",0.625,7.4,67.57,94.6,737,811
PBAL6061-CX900T5/8S12,"12""",900,AL-6061,"5/8""",0.625,5,22.53,31.54,195,215
PB304-CX900T3/4S12,"12""",900,304,"3/4""",0.75,5.5,80.18,112.25,655,721
PBSA36-CX900T3/4S12,"12""",900,SA-36,"3/4""",0.75,1.85,76.75,107.45,236,260
PBSA516-70-CX900T3/4S12,"12""",900,SA-516-70,"3/4""",0.75,2.15,76.75,107.45,268,295
PB304L-CX900T3/4S12,"12""",900,304L,"3/4""",0.75,5.95,80.18,112.25,705,776
PB316L-CX900T3/4S12,"12""",900,316L,"3/4""",0.75,7.4,81.09,113.53,877,965
PBAL6061-CX900T3/4S12,"12""",900,AL-6061,"3/4""",0.75,5,27.04,37.86,227,250
PB304-CX900T7/8S12,"12""",900,304,"7/8""",0.875,5.5,93.54,130.96,758,834
PBSA36-CX900T7/8S12,"12""",900,SA-36,"7/8""",0.875,1.85,89.54,125.36,269,296
PBSA516-70-CX900T7/8S12,"12""",900,SA-516-70,"7/8""",0.875,2.15,89.54,125.36,307,338
PB304L-CX900T7/8S12,"12""",900,304L,"7/8""",0.875,5.95,93.54,130.96,817,899
PB316L-CX900T7/8S12,"12""",900,316L,"7/8""",0.875,7.4,94.6,132.44,1017,1119
PBAL6061-CX900T7/8S12,"12""",900,AL-6061,"7/8""",0.875,5,31.55,44.17,258,284
PB304-CX900T1S12,"12""",900,304,"1""",1,5.5,106.9,149.66,860,947
PBSA36-CX900T1S12,"12""",900,SA-36,"1""",1,1.85,102.33,143.26,302,333
PBSA516-70-CX900T1S12,"12""",900,SA-516-70,"1""",1,2.15,102.33,143.26,345,380
PB304L-CX900T1S12,"12""",900,304L,"1""",1,5.95,106.9,149.66,928,1021
PB316L-CX900T1S12,"12""",900,316L,"1""",1,7.4,108.12,151.37,1158,1274
PBAL6061-CX900T1S12,"12""",900,AL-6061,"1""",1,5,36.06,50.48,290,319
PB304-CX900T1-1/8S12,"12""",900,304,"1-1/8""",1.125,5.5,120.26,168.36,963,1060
PBSA36-CX900T1-1/8S12,"12""",900,SA-36,"1-1/8""",1.125,1.85,115.12,161.17,336,370
PBSA516-70-CX900T1-1/8S12,"12""",900,SA-516-70,"1-1/8""",1.125,2.15,115.12,161.17,384,423
PB304L-CX900T1-1/8S12,"12""",900,304L,"1-1/8""",1.125,5.95,120.26,168.36,1039,1143
PB316L-CX900T1-1/8S12,"12""",900,316L,"1-1/8""",1.125,7.4,121.63,170.28,1297,1427
PBAL6061-CX900T1-1/8S12,"12""",900,AL-6061,"1-1/8""",1.125,5,40.56,56.78,321,354
PB304-CX900T1-1/4S12,"12""",900,304,"1-1/4""",1.25,5.5,133.63,187.08,1066,1173
PBSA36-CX900T1-1/4S12,"12""",900,SA-36,"1-1/4""",1.25,1.85,127.91,179.07,369,406
PBSA516-70-CX900T1-1/4S12,"12""",900,SA-516-70,"1-1/4""",1.25,2.15,127.91,179.07,422,465
PB304L-CX900T1-1/4S12,"12""",900,304L,"1-1/4""",1.25,5.95,133.63,187.08,1150,1265
PB316L-CX900T1-1/4S12,"12""",900,316L,"1-1/4""",1.25,7.4,135.14,189.2,1437,1581
PBAL6061-CX900T1-1/4S12,"12""",900,AL-6061,"1-1/4""",1.25,5,45.07,63.1,353,389
PB304-CX900T1-3/8S12,"12""",900,304,"1-3/8""",1.375,5.5,146.99,205.79,1169,1286
PBSA36-CX900T1-3/8S12,"12""",900,SA-36,"1-3/8""",1.375,1.85,140.7,196.98,402,443
PBSA516-70-CX900T1-3/8S12,"12""",900,SA-516-70,"1-3/8""",1.375,2.15,140.7,196.98,461,508
PB304L-CX900T1-3/8S12,"12""",900,304L,"1-3/8""",1.375,5.95,146.99,205.79,1262,1389
PB316L-CX900T1-3/8S12,"12""",900,316L,"1-3/8""",1.375,7.4,148.66,208.12,1577,1735
PBAL6061-CX900T1-3/8S12,"12""",900,AL-6061,"1-3/8""",1.375,5,49.58,69.41,384,423
PB304-CX900T1-1/2S12,"12""",900,304,"1-1/2""",1.5,5.5,160.35,224.49,1272,1400
PBSA36-CX900T1-1/2S12,"12""",900,SA-36,"1-1/2""",1.5,1.85,153.49,214.89,435,479
PBSA516-70-CX900T1-1/2S12,"12""",900,SA-516-70,"1-1/2""",1.5,2.15,153.49,214.89,499,549
PB304L-CX900T1-1/2S12,"12""",900,304L,"1-1/2""",1.5,5.95,160.35,224.49,1373,1511
PB316L-CX900T1-1/2S12,"12""",900,316L,"1-1/2""",1.5,7.4,162.17,227.04,1717,1889
PBAL6061-CX900T1-1/2S12,"12""",900,AL-6061,"1-1/2""",1.5,5,54.08,75.71,416,458
PB304-CX900T1-5/8S12,"12""",900,304,"1-5/8""",1.625,5.5,173.71,243.19,1375,1513
PBSA36-CX900T1-5/8S12,"12""",900,SA-36,"1-5/8""",1.625,1.85,166.28,232.79,468,515
PBSA516-70-CX900T1-5/8S12,"12""",900,SA-516-70,"1-5/8""",1.625,2.15,166.28,232.79,538,592
PB304L-CX900T1-5/8S12,"12""",900,304L,"1-5/8""",1.625,5.95,173.71,243.19,1484,1633
PB316L-CX900T1-5/8S12,"12""",900,316L,"1-5/8""",1.625,7.4,175.69,245.97,1858,2044
PBAL6061-CX900T1-5/8S12,"12""",900,AL-6061,"1-5/8""",1.625,5,58.59,82.03,448,493
PB304-CX900T1-3/4S12,"12""",900,304,"1-3/4""",1.75,5.5,187.08,261.91,1478,1626
PBSA36-CX900T1-3/4S12,"12""",900,SA-36,"1-3/4""",1.75,1.85,179.07,250.7,501,552
PBSA516-70-CX900T1-3/4S12,"12""",900,SA-516-70,"1-3/4""",1.75,2.15,179.07,250.7,576,634
PB304L-CX900T1-3/4S12,"12""",900,304L,"1-3/4""",1.75,5.95,187.08,261.91,1596,1756
PB316L-CX900T1-3/4S12,"12""",900,316L,"1-3/4""",1.75,7.4,189.2,264.88,1997,2197
PBAL6061-CX900T1-3/4S12,"12""",900,AL-6061,"1-3/4""",1.75,5,63.1,88.34,479,527
PB304-CX900T1-7/8S12,"12""",900,304,"1-7/8""",1.875,5.5,200.44,280.62,1581,1740
PBSA36-CX900T1-7/8S12,"12""",900,SA-36,"1-7/8""",1.875,1.85,191.86,268.6,534,588
PBSA516-70-CX900T1-7/8S12,"12""",900,SA-516-70,"1-7/8""",1.875,2.15,191.86,268.6,615,677
PB304L-CX900T1-7/8S12,"12""",900,304L,"1-7/8""",1.875,5.95,200.44,280.62,1707,1878
PB316L-CX900T1-7/8S12,"12""",900,316L,"1-7/8""",1.875,7.4,202.72,283.81,2138,2352
PBAL6061-CX900T1-7/8S12,"12""",900,AL-6061,"1-7/8""",1.875,5,67.6,94.64,511,563
PB304-CX900T2S12,"12""",900,304,"2""",2,5.5,213.8,299.32,1684,1853
PBSA36-CX900T2S12,"12""",900,SA-36,"2""",2,1.85,204.66,286.52,567,624
PBSA516-70-CX900T2S12,"12""",900,SA-516-70,"2""",2,2.15,204.66,286.52,653,719
PB304L-CX900T2S12,"12""",900,304L,"2""",2,5.95,213.8,299.32,1818,2000
PB316L-CX900T2S12,"12""",900,316L,"2""",2,7.4,216.23,302.72,2277,2505
PBAL6061-CX900T2S12,"12""",900,AL-6061,"2""",2,5,72.11,100.95,542,597
PB304-CX900T2-1/4S12,"12""",900,304,"2-1/4""",2.25,5.5,240.53,336.74,1889,2078
PBSA36-CX900T2-1/4S12,"12""",900,SA-36,"2-1/4""",2.25,1.85,230.24,322.34,634,698
PBSA516-70-CX900T2-1/4S12,"12""",900,SA-516-70,"2-1/4""",2.25,2.15,230.24,322.34,730,804
PB304L-CX900T2-1/4S12,"12""",900,304L,"2-1/4""",2.25,5.95,240.53,336.74,2041,2246
PB316L-CX900T2-1/4S12,"12""",900,316L,"2-1/4""",2.25,7.4,243.26,340.56,2558,2814
PBAL6061-CX900T2-1/4S12,"12""",900,AL-6061,"2-1/4""",2.25,5,81.12,113.57,605,666
PB304-CX900T2-1/2S12,"12""",900,304,"2-1/2""",2.5,5.5,267.25,374.15,2095,2305
PBSA36-CX900T2-1/2S12,"12""",900,SA-36,"2-1/2""",2.5,1.85,255.82,358.15,700,771
PBSA516-70-CX900T2-1/2S12,"12""",900,SA-516-70,"2-1/2""",2.5,2.15,255.82,358.15,807,888
PB304L-CX900T2-1/2S12,"12""",900,304L,"2-1/2""",2.5,5.95,267.25,374.15,2264,2491
PB316L-CX900T2-1/2S12,"12""",900,316L,"2-1/2""",2.5,7.4,270.29,378.41,2838,3122
PBAL6061-CX900T2-1/2S12,"12""",900,AL-6061,"2-1/2""",2.5,5,90.14,126.2,668,735
PB304-CX900T3S12,"12""",900,304,"3""",3,5.5,320.7,448.98,2507,2758
PBSA36-CX900T3S12,"12""",900,SA-36,"3""",3,1.85,306.98,429.77,832,916
PBSA516-70-CX900T3S12,"12""",900,SA-516-70,"3""",3,2.15,306.98,429.77,961,1058
PB304L-CX900T3S12,"12""",900,304L,"3""",3,5.95,320.7,448.98,2709,2980
PB316L-CX900T3S12,"12""",900,316L,"3""",3,7.4,324.35,454.09,3398,3738
PBAL6061-CX900T3S12,"12""",900,AL-6061,"3""",3,5,108.17,151.44,795,875
PB304-CX900T11GAS14,"14""",900,304,11 Gauge,0.1196,5.5,13.96,19.54,148,163
PBSA36-CX900T11GAS14,"14""",900,SA-36,11 Gauge,0.1196,1.85,13.36,18.7,75,83
PBSA516-70-CX900T11GAS14,"14""",900,SA-516-70,11 Gauge,0.1196,2.15,13.36,18.7,81,90
PB304L-CX900T11GAS14,"14""",900,304L,11 Gauge,0.1196,5.95,13.96,19.54,157,173
PB316L-CX900T11GAS14,"14""",900,316L,11 Gauge,0.1196,7.4,14.12,19.77,187,206
PBAL6061-CX900T11GAS14,"14""",900,AL-6061,11 Gauge,0.1196,5,4.71,6.59,74,82
PB304-CX900T1/8S14,"14""",900,304,"1/8""",0.125,5.5,14.59,20.43,153,169
PBSA36-CX900T1/8S14,"14""",900,SA-36,"1/8""",0.125,1.85,13.96,19.54,77,85
PBSA516-70-CX900T1/8S14,"14""",900,SA-516-70,"1/8""",0.125,2.15,13.96,19.54,83,92
PB304L-CX900T1/8S14,"14""",900,304L,"1/8""",0.125,5.95,14.59,20.43,162,179
PB316L-CX900T1/8S14,"14""",900,316L,"1/8""",0.125,7.4,14.75,20.65,194,214
PBAL6061-CX900T1/8S14,"14""",900,AL-6061,"1/8""",0.125,5,4.92,6.89,75,83
PB304-CX900T3/16S14,"14""",900,304,"3/16""",0.1875,5.5,21.88,30.63,209,230
PBSA36-CX900T3/16S14,"14""",900,SA-36,"3/16""",0.1875,1.85,20.94,29.32,95,105
PBSA516-70-CX900T3/16S14,"14""",900,SA-516-70,"3/16""",0.1875,2.15,20.94,29.32,104,115
PB304L-CX900T3/16S14,"14""",900,304L,"3/16""",0.1875,5.95,21.88,30.63,223,246
PB316L-CX900T3/16S14,"14""",900,316L,"3/16""",0.1875,7.4,22.13,30.98,270,297
PBAL6061-CX900T3/16S14,"14""",900,AL-6061,"3/16""",0.1875,5,7.38,10.33,92,102
PB304-CX900T1/4S14,"14""",900,304,"1/4""",0.25,5.5,29.17,40.84,265,292
PBSA36-CX900T1/4S14,"14""",900,SA-36,"1/4""",0.25,1.85,27.93,39.1,113,125
PBSA516-70-CX900T1/4S14,"14""",900,SA-516-70,"1/4""",0.25,2.15,27.93,39.1,125,138
PB304L-CX900T1/4S14,"14""",900,304L,"1/4""",0.25,5.95,29.17,40.84,284,313
PB316L-CX900T1/4S14,"14""",900,316L,"1/4""",0.25,7.4,29.51,41.31,346,381
PBAL6061-CX900T1/4S14,"14""",900,AL-6061,"1/4""",0.25,5,9.84,13.78,110,122
PB304-CX900T5/16S14,"14""",900,304,"5/16""",0.3125,5.5,36.47,51.06,322,355
PBSA36-CX900T5/16S14,"14""",900,SA-36,"5/16""",0.3125,1.85,34.91,48.87,131,145
PBSA516-70-CX900T5/16S14,"14""",900,SA-516-70,"5/16""",0.3125,2.15,34.91,48.87,146,161
PB304L-CX900T5/16S14,"14""",900,304L,"5/16""",0.3125,5.95,36.47,51.06,345,380
PB316L-CX900T5/16S14,"14""",900,316L,"5/16""",0.3125,7.4,36.88,51.63,423,466
PBAL6061-CX900T5/16S14,"14""",900,AL-6061,"5/16""",0.3125,5,12.3,17.22,127,140
PB304-CX900T3/8S14,"14""",900,304,"3/8""",0.375,5.5,43.76,61.26,378,416
PBSA36-CX900T3/8S14,"14""",900,SA-36,"3/8""",0.375,1.85,41.89,58.65,149,164
PBSA516-70-CX900T3/8S14,"14""",900,SA-516-70,"3/8""",0.375,2.15,41.89,58.65,167,184
PB304L-CX900T3/8S14,"14""",900,304L,"3/8""",0.375,5.95,43.76,61.26,405,446
PB316L-CX900T3/8S14,"14""",900,316L,"3/8""",0.375,7.4,44.26,61.96,499,549
PBAL6061-CX900T3/8S14,"14""",900,AL-6061,"3/8""",0.375,5,14.76,20.66,144,159
PB304-CX900T1/2S14,"14""",900,304,"1/2""",0.5,5.5,58.35,81.69,490,539
PBSA36-CX900T1/2S14,"14""",900,SA-36,"1/2""",0.5,1.85,55.85,78.19,185,204
PBSA516-70-CX900T1/2S14,"14""",900,SA-516-70,"1/2""",0.5,2.15,55.85,78.19,209,230
PB304L-CX900T1/2S14,"14""",900,304L,"1/2""",0.5,5.95,58.35,81.69,527,580
PB316L-CX900T1/2S14,"14""",900,316L,"1/2""",0.5,7.4,59.01,82.61,652,718
PBAL6061-CX900T1/2S14,"14""",900,AL-6061,"1/2""",0.5,5,19.68,27.55,178,196
PB304-CX900T5/8S14,"14""",900,304,"5/8""",0.625,5.5,72.93,102.1,602,663
PBSA36-CX900T5/8S14,"14""",900,SA-36,"5/8""",0.625,1.85,69.81,97.73,222,245
PBSA516-70-CX900T5/8S14,"14""",900,SA-516-70,"5/8""",0.625,2.15,69.81,97.73,251,277
PB304L-CX900T5/8S14,"14""",900,304L,"5/8""",0.625,5.95,72.93,102.1,648,713
PB316L-CX900T5/8S14,"14""",900,316L,"5/8""",0.625,7.4,73.76,103.26,805,886
PBAL6061-CX900T5/8S14,"14""",900,AL-6061,"5/8""",0.625,5,24.6,34.44,213,235
PB304-CX900T3/4S14,"14""",900,304,"3/4""",0.75,5.5,87.52,122.53,715,787
PBSA36-CX900T3/4S14,"14""",900,SA-36,"3/4""",0.75,1.85,83.78,117.29,258,284
PBSA516-70-CX900T3/4S14,"14""",900,SA-516-70,"3/4""",0.75,2.15,83.78,117.29,293,323
PB304L-CX900T3/4S14,"14""",900,304L,"3/4""",0.75,5.95,87.52,122.53,770,848
PB316L-CX900T3/4S14,"14""",900,316L,"3/4""",0.75,7.4,88.52,123.93,958,1054
PBAL6061-CX900T3/4S14,"14""",900,AL-6061,"3/4""",0.75,5,29.52,41.33,247,272
PB304-CX900T7/8S14,"14""",900,304,"7/8""",0.875,5.5,102.11,142.95,827,910
PBSA36-CX900T7/8S14,"14""",900,SA-36,"7/8""",0.875,1.85,97.74,136.84,294,324
PBSA516-70-CX900T7/8S14,"14""",900,SA-516-70,"7/8""",0.875,2.15,97.74,136.84,335,369
PB304L-CX900T7/8S14,"14""",900,304L,"7/8""",0.875,5.95,102.11,142.95,891,981
PB316L-CX900T7/8S14,"14""",900,316L,"7/8""",0.875,7.4,103.27,144.58,1111,1223
PBAL6061-CX900T7/8S14,"14""",900,AL-6061,"7/8""",0.875,5,34.44,48.22,282,311
PB304-CX900T1S14,"14""",900,304,"1""",1,5.5,116.7,163.38,939,1033
PBSA36-CX900T1S14,"14""",900,SA-36,"1""",1,1.85,111.7,156.38,330,364
PBSA516-70-CX900T1S14,"14""",900,SA-516-70,"1""",1,2.15,111.7,156.38,377,415
PB304L-CX900T1S14,"14""",900,304L,"1""",1,5.95,116.7,163.38,1013,1115
PB316L-CX900T1S14,"14""",900,316L,"1""",1,7.4,118.02,165.23,1263,1390
PBAL6061-CX900T1S14,"14""",900,AL-6061,"1""",1,5,39.36,55.1,316,348
PB304-CX900T1-1/8S14,"14""",900,304,"1-1/8""",1.125,5.5,131.28,183.79,1052,1158
PBSA36-CX900T1-1/8S14,"14""",900,SA-36,"1-1/8""",1.125,1.85,125.67,175.94,366,403
PBSA516-70-CX900T1-1/8S14,"14""",900,SA-516-70,"1-1/8""",1.125,2.15,125.67,175.94,419,461
PB304L-CX900T1-1/8S14,"14""",900,304L,"1-1/8""",1.125,5.95,131.28,183.79,1134,1248
PB316L-CX900T1-1/8S14,"14""",900,316L,"1-1/8""",1.125,7.4,132.77,185.88,1416,1558
PBAL6061-CX900T1-1/8S14,"14""",900,AL-6061,"1-1/8""",1.125,5,44.28,61.99,351,387
PB304-CX900T1-1/4S14,"14""",900,304,"1-1/4""",1.25,5.5,145.87,204.22,1164,1281
PBSA36-CX900T1-1/4S14,"14""",900,SA-36,"1-1/4""",1.25,1.85,139.63,195.48,402,443
PBSA516-70-CX900T1-1/4S14,"14""",900,SA-516-70,"1-1/4""",1.25,2.15,139.63,195.48,461,508
PB304L-CX900T1-1/4S14,"14""",900,304L,"1-1/4""",1.25,5.95,145.87,204.22,1256,1382
PB316L-CX900T1-1/4S14,"14""",900,316L,"1-1/4""",1.25,7.4,147.53,206.54,1569,1726
PBAL6061-CX900T1-1/4S14,"14""",900,AL-6061,"1-1/4""",1.25,5,49.2,68.88,385,424
PB304-CX900T1-3/8S14,"14""",900,304,"1-3/8""",1.375,5.5,160.46,224.64,1276,1404
PBSA36-CX900T1-3/8S14,"14""",900,SA-36,"1-3/8""",1.375,1.85,153.59,215.03,439,483
PBSA516-70-CX900T1-3/8S14,"14""",900,SA-516-70,"1-3/8""",1.375,2.15,153.59,215.03,503,554
PB304L-CX900T1-3/8S14,"14""",900,304L,"1-3/8""",1.375,5.95,160.46,224.64,1377,1515
PB316L-CX900T1-3/8S14,"14""",900,316L,"1-3/8""",1.375,7.4,162.28,227.19,1722,1895
PBAL6061-CX900T1-3/8S14,"14""",900,AL-6061,"1-3/8""",1.375,5,54.12,75.77,420,463
PB304-CX900T1-1/2S14,"14""",900,304,"1-1/2""",1.5,5.5,175.04,245.06,1389,1528
PBSA36-CX900T1-1/2S14,"14""",900,SA-36,"1-1/2""",1.5,1.85,167.56,234.58,475,523
PBSA516-70-CX900T1-1/2S14,"14""",900,SA-516-70,"1-1/2""",1.5,2.15,167.56,234.58,545,600
PB304L-CX900T1-1/2S14,"14""",900,304L,"1-1/2""",1.5,5.95,175.04,245.06,1499,1649
PB316L-CX900T1-1/2S14,"14""",900,316L,"1-1/2""",1.5,7.4,177.03,247.84,1875,2063
PBAL6061-CX900T1-1/2S14,"14""",900,AL-6061,"1-1/2""",1.5,5,59.04,82.66,454,500
PB304-CX900T1-5/8S14,"14""",900,304,"1-5/8""",1.625,5.5,189.63,265.48,1501,1652
PBSA36-CX900T1-5/8S14,"14""",900,SA-36,"1-5/8""",1.625,1.85,181.52,254.13,511,563
PBSA516-70-CX900T1-5/8S14,"14""",900,SA-516-70,"1-5/8""",1.625,2.15,181.52,254.13,587,646
PB304L-CX900T1-5/8S14,"14""",900,304L,"1-5/8""",1.625,5.95,189.63,265.48,1620,1783
PB316L-CX900T1-5/8S14,"14""",900,316L,"1-5/8""",1.625,7.4,191.79,268.51,2028,2231
PBAL6061-CX900T1-5/8S14,"14""",900,AL-6061,"1-5/8""",1.625,5,63.96,89.54,488,537
PB304-CX900T1-3/4S14,"14""",900,304,"1-3/4""",1.75,5.5,204.22,285.91,1613,1775
PBSA36-CX900T1-3/4S14,"14""",900,SA-36,"1-3/4""",1.75,1.85,195.48,273.67,547,602
PBSA516-70-CX900T1-3/4S14,"14""",900,SA-516-70,"1-3/4""",1.75,2.15,195.48,273.67,629,692
PB304L-CX900T1-3/4S14,"14""",900,304L,"1-3/4""",1.75,5.95,204.22,285.91,1742,1917
PB316L-CX900T1-3/4S14,"14""",900,316L,"1-3/4""",1.75,7.4,206.54,289.16,2181,2400
PBAL6061-CX900T1-3/4S14,"14""",900,AL-6061,"1-3/4""",1.75,5,68.88,96.43,523,576
PB304-CX900T1-7/8S14,"14""",900,304,"1-7/8""",1.875,5.5,218.8,306.32,1725,1898
PBSA36-CX900T1-7/8S14,"14""",900,SA-36,"1-7/8""",1.875,1.85,209.44,293.22,583,642
PBSA516-70-CX900T1-7/8S14,"14""",900,SA-516-70,"1-7/8""",1.875,2.15,209.44,293.22,671,739
PB304L-CX900T1-7/8S14,"14""",900,304L,"1-7/8""",1.875,5.95,218.8,306.32,1863,2050
PB316L-CX900T1-7/8S14,"14""",900,316L,"1-7/8""",1.875,7.4,221.29,309.81,2333,2567
PBAL6061-CX900T1-7/8S14,"14""",900,AL-6061,"1-7/8""",1.875,5,73.8,103.32,557,613
PB304-CX900T2S14,"14""",900,304,"2""",2,5.5,233.39,326.75,1838,2022
PBSA36-CX900T2S14,"14""",900,SA-36,"2""",2,1.85,223.41,312.77,619,681
PBSA516-70-CX900T2S14,"14""",900,SA-516-70,"2""",2,2.15,223.41,312.77,713,785
PB304L-CX900T2S14,"14""",900,304L,"2""",2,5.95,233.39,326.75,1985,2184
PB316L-CX900T2S14,"14""",900,316L,"2""",2,7.4,236.04,330.46,2486,2735
PBAL6061-CX900T2S14,"14""",900,AL-6061,"2""",2,5,78.72,110.21,592,652
PB304-CX900T2-1/4S14,"14""",900,304,"2-1/4""",2.25,5.5,262.56,367.58,2062,2269
PBSA36-CX900T2-1/4S14,"14""",900,SA-36,"2-1/4""",2.25,1.85,251.33,351.86,692,762
PBSA516-70-CX900T2-1/4S14,"14""",900,SA-516-70,"2-1/4""",2.25,2.15,251.33,351.86,797,877
PB304L-CX900T2-1/4S14,"14""",900,304L,"2-1/4""",2.25,5.95,262.56,367.58,2228,2451
PB316L-CX900T2-1/4S14,"14""",900,316L,"2-1/4""",2.25,7.4,265.55,371.77,2792,3072
PBAL6061-CX900T2-1/4S14,"14""",900,AL-6061,"2-1/4""",2.25,5,88.56,123.98,661,728
PB304-CX900T2-1/2S14,"14""",900,304,"2-1/2""",2.5,5.5,291.74,408.44,2287,2516
PBSA36-CX900T2-1/2S14,"14""",900,SA-36,"2-1/2""",2.5,1.85,279.26,390.96,764,841
PBSA516-70-CX900T2-1/2S14,"14""",900,SA-516-70,"2-1/2""",2.5,2.15,279.26,390.96,881,970
PB304L-CX900T2-1/2S14,"14""",900,304L,"2-1/2""",2.5,5.95,291.74,408.44,2471,2719
PB316L-CX900T2-1/2S14,"14""",900,316L,"2-1/2""",2.5,7.4,295.05,413.07,3097,3407
PBAL6061-CX900T2-1/2S14,"14""",900,AL-6061,"2-1/2""",2.5,5,98.4,137.76,730,804
PB304-CX900T3S14,"14""",900,304,"3""",3,5.5,350.09,490.13,2736,3010
PBSA36-CX900T3S14,"14""",900,SA-36,"3""",3,1.85,335.11,469.15,909,1000
PBSA516-70-CX900T3S14,"14""",900,SA-516-70,"3""",3,2.15,335.11,469.15,1049,1154
PB304L-CX900T3S14,"14""",900,304L,"3""",3,5.95,350.09,490.13,2957,3253
PB316L-CX900T3S14,"14""",900,316L,"3""",3,7.4,354.06,495.68,3709,4080
PBAL6061-CX900T3S14,"14""",900,AL-6061,"3""",3,5,118.08,165.31,867,954
PB304-CX900T11GAS16,"16""",900,304,11 Gauge,0.1196,5.5,16.98,23.77,176,194
PBSA36-CX900T11GAS16,"16""",900,SA-36,11 Gauge,0.1196,1.85,16.25,22.75,87,96
PBSA516-70-CX900T11GAS16,"16""",900,SA-516-70,11 Gauge,0.1196,2.15,16.25,22.75,94,104
PB304L-CX900T11GAS16,"16""",900,304L,11 Gauge,0.1196,5.95,16.98,23.77,186,205
PB316L-CX900T11GAS16,"16""",900,316L,11 Gauge,0.1196,7.4,17.17,24.04,223,246
PBAL6061-CX900T11GAS16,"16""",900,AL-6061,11 Gauge,0.1196,5,5.73,8.02,85,94
PB304-CX900T1/8S16,"16""",900,304,"1/8""",0.125,5.5,17.75,24.85,182,201
PBSA36-CX900T1/8S16,"16""",900,SA-36,"1/8""",0.125,1.85,16.99,23.79,89,98
PBSA516-70-CX900T1/8S16,"16""",900,SA-516-70,"1/8""",0.125,2.15,16.99,23.79,96,106
PB304L-CX900T1/8S16,"16""",900,304L,"1/8""",0.125,5.95,17.75,24.85,193,213
PB316L-CX900T1/8S16,"16""",900,316L,"1/8""",0.125,7.4,17.95,25.13,231,255
PBAL6061-CX900T1/8S16,"16""",900,AL-6061,"1/8""",0.125,5,5.99,8.39,87,96
PB304-CX900T3/16S16,"16""",900,304,"3/16""",0.1875,5.5,26.62,37.27,250,275
PBSA36-CX900T3/16S16,"16""",900,SA-36,"3/16""",0.1875,1.85,25.48,35.67,111,123
PBSA516-70-CX900T3/16S16,"16""",900,SA-516-70,"3/16""",0.1875,2.15,25.48,35.67,122,135
PB304L-CX900T3/16S16,"16""",900,304L,"3/16""",0.1875,5.95,26.62,37.27,267,294
PB316L-CX900T3/16S16,"16""",900,316L,"3/16""",0.1875,7.4,26.92,37.69,324,357
PBAL6061-CX900T3/16S16,"16""",900,AL-6061,"3/16""",0.1875,5,8.98,12.57,108,119
PB304-CX900T1/4S16,"16""",900,304,"1/4""",0.25,5.5,35.49,49.69,318,350
PBSA36-CX900T1/4S16,"16""",900,SA-36,"1/4""",0.25,1.85,33.97,47.56,133,147
PBSA516-70-CX900T1/4S16,"16""",900,SA-516-70,"1/4""",0.25,2.15,33.97,47.56,147,162
PB304L-CX900T1/4S16,"16""",900,304L,"1/4""",0.25,5.95,35.49,49.69,341,376
PB316L-CX900T1/4S16,"16""",900,316L,"1/4""",0.25,7.4,35.9,50.26,417,459
PBAL6061-CX900T1/4S16,"16""",900,AL-6061,"1/4""",0.25,5,11.97,16.76,129,142
PB304-CX900T5/16S16,"16""",900,304,"5/16""",0.3125,5.5,44.37,62.12,387,426
PBSA36-CX900T5/16S16,"16""",900,SA-36,"5/16""",0.3125,1.85,42.47,59.46,155,171
PBSA516-70-CX900T5/16S16,"16""",900,SA-516-70,"5/16""",0.3125,2.15,42.47,59.46,173,191
PB304L-CX900T5/16S16,"16""",900,304L,"5/16""",0.3125,5.95,44.37,62.12,415,457
PB316L-CX900T5/16S16,"16""",900,316L,"5/16""",0.3125,7.4,44.87,62.82,510,561
PBAL6061-CX900T5/16S16,"16""",900,AL-6061,"5/16""",0.3125,5,14.96,20.94,150,165
PB304-CX900T3/8S16,"16""",900,304,"3/8""",0.375,5.5,53.24,74.54,455,501
PBSA36-CX900T3/8S16,"16""",900,SA-36,"3/8""",0.375,1.85,50.96,71.34,177,195
PBSA516-70-CX900T3/8S16,"16""",900,SA-516-70,"3/8""",0.375,2.15,50.96,71.34,198,218
PB304L-CX900T3/8S16,"16""",900,304L,"3/8""",0.375,5.95,53.24,74.54,488,537
PB316L-CX900T3/8S16,"16""",900,316L,"3/8""",0.375,7.4,53.84,75.38,603,664
PBAL6061-CX900T3/8S16,"16""",900,AL-6061,"3/8""",0.375,5,17.96,25.14,171,189
PB304-CX900T1/2S16,"16""",900,304,"1/2""",0.5,5.5,70.99,99.39,592,652
PBSA36-CX900T1/2S16,"16""",900,SA-36,"1/2""",0.5,1.85,67.95,95.13,221,244
PBSA516-70-CX900T1/2S16,"16""",900,SA-516-70,"1/2""",0.5,2.15,67.95,95.13,249,274
PB304L-CX900T1/2S16,"16""",900,304L,"1/2""",0.5,5.95,70.99,99.39,636,700
PB316L-CX900T1/2S16,"16""",900,316L,"1/2""",0.5,7.4,71.79,100.51,789,868
PBAL6061-CX900T1/2S16,"16""",900,AL-6061,"1/2""",0.5,5,23.94,33.52,213,235
PB304-CX900T5/8S16,"16""",900,304,"5/8""",0.625,5.5,88.73,124.22,728,801
PBSA36-CX900T5/8S16,"16""",900,SA-36,"5/8""",0.625,1.85,84.94,118.92,265,292
PBSA516-70-CX900T5/8S16,"16""",900,SA-516-70,"5/8""",0.625,2.15,84.94,118.92,301,332
PB304L-CX900T5/8S16,"16""",900,304L,"5/8""",0.625,5.95,88.73,124.22,784,863
PB316L-CX900T5/8S16,"16""",900,316L,"5/8""",0.625,7.4,89.74,125.64,975,1073
PBAL6061-CX900T5/8S16,"16""",900,AL-6061,"5/8""",0.625,5,29.93,41.9,254,280
PB304-CX900T3/4S16,"16""",900,304,"3/4""",0.75,5.5,106.48,149.07,865,952
PBSA36-CX900T3/4S16,"16""",900,SA-36,"3/4""",0.75,1.85,101.92,142.69,309,340
PBSA516-70-CX900T3/4S16,"16""",900,SA-516-70,"3/4""",0.75,2.15,101.92,142.69,352,388
PB304L-CX900T3/4S16,"16""",900,304L,"3/4""",0.75,5.95,106.48,149.07,932,1026
PB316L-CX900T3/4S16,"16""",900,316L,"3/4""",0.75,7.4,107.69,150.77,1161,1278
PBAL6061-CX900T3/4S16,"16""",900,AL-6061,"3/4""",0.75,5,35.91,50.27,296,326
PB304-CX900T7/8S16,"16""",900,304,"7/8""",0.875,5.5,124.22,173.91,1001,1102
PBSA36-CX900T7/8S16,"16""",900,SA-36,"7/8""",0.875,1.85,118.91,166.47,353,389
PBSA516-70-CX900T7/8S16,"16""",900,SA-516-70,"7/8""",0.875,2.15,118.91,166.47,403,444
PB304L-CX900T7/8S16,"16""",900,304L,"7/8""",0.875,5.95,124.22,173.91,1080,1188
PB316L-CX900T7/8S16,"16""",900,316L,"7/8""",0.875,7.4,125.64,175.9,1347,1482
PBAL6061-CX900T7/8S16,"16""",900,AL-6061,"7/8""",0.875,5,41.9,58.66,338,372
PB304-CX900T1S16,"16""",900,304,"1""",1,5.5,141.97,198.76,1138,1252
PBSA36-CX900T1S16,"16""",900,SA-36,"1""",1,1.85,135.9,190.26,397,437
PBSA516-70-CX900T1S16,"16""",900,SA-516-70,"1""",1,2.15,135.9,190.26,454,500
PB304L-CX900T1S16,"16""",900,304L,"1""",1,5.95,141.97,198.76,1228,1351
PB316L-CX900T1S16,"16""",900,316L,"1""",1,7.4,143.58,201.01,1532,1686
PBAL6061-CX900T1S16,"16""",900,AL-6061,"1""",1,5,47.88,67.03,380,419
PB304-CX900T1-1/8S16,"16""",900,304,"1-1/8""",1.125,5.5,159.72,223.61,1275,1403
PBSA36-CX900T1-1/8S16,"16""",900,SA-36,"1-1/8""",1.125,1.85,152.89,214.05,441,486
PBSA516-70-CX900T1-1/8S16,"16""",900,SA-516-70,"1-1/8""",1.125,2.15,152.89,214.05,505,556
PB304L-CX900T1-1/8S16,"16""",900,304L,"1-1/8""",1.125,5.95,159.72,223.61,1375,1513
PB316L-CX900T1-1/8S16,"16""",900,316L,"1-1/8""",1.125,7.4,161.53,226.14,1718,1890
PBAL6061-CX900T1-1/8S16,"16""",900,AL-6061,"1-1/8""",1.125,5,53.87,75.42,422,465
PB304-CX900T1-1/4S16,"16""",900,304,"1-1/4""",1.25,5.5,177.46,248.44,1411,1553
PBSA36-CX900T1-1/4S16,"16""",900,SA-36,"1-1/4""",1.25,1.85,169.87,237.82,485,534
PBSA516-70-CX900T1-1/4S16,"16""",900,SA-516-70,"1-1/4""",1.25,2.15,169.87,237.82,556,612
PB304L-CX900T1-1/4S16,"16""",900,304L,"1-1/4""",1.25,5.95,177.46,248.44,1523,1676
PB316L-CX900T1-1/4S16,"16""",900,316L,"1-1/4""",1.25,7.4,179.48,251.27,1904,2095
PBAL6061-CX900T1-1/4S16,"16""",900,AL-6061,"1-1/4""",1.25,5,59.85,83.79,464,511
PB304-CX900T1-3/8S16,"16""",900,304,"1-3/8""",1.375,5.5,195.21,273.29,1548,1703
PBSA36-CX900T1-3/8S16,"16""",900,SA-36,"1-3/8""",1.375,1.85,186.86,261.6,529,582
PBSA516-70-CX900T1-3/8S16,"16""",900,SA-516-70,"1-3/8""",1.375,2.15,186.86,261.6,607,668
PB304L-CX900T1-3/8S16,"16""",900,304L,"1-3/8""",1.375,5.95,195.21,273.29,1671,1839
PB316L-CX900T1-3/8S16,"16""",900,316L,"1-3/8""",1.375,7.4,197.43,276.4,2090,2299
PBAL6061-CX900T1-3/8S16,"16""",900,AL-6061,"1-3/8""",1.375,5,65.84,92.18,506,557
PB304-CX900T1-1/2S16,"16""",900,304,"1-1/2""",1.5,5.5,212.96,298.14,1685,1854
PBSA36-CX900T1-1/2S16,"16""",900,SA-36,"1-1/2""",1.5,1.85,203.85,285.39,573,631
PBSA516-70-CX900T1-1/2S16,"16""",900,SA-516-70,"1-1/2""",1.5,2.15,203.85,285.39,658,724
PB304L-CX900T1-1/2S16,"16""",900,304L,"1-1/2""",1.5,5.95,212.96,298.14,1819,2001
PB316L-CX900T1-1/2S16,"16""",900,316L,"1-1/2""",1.5,7.4,215.38,301.53,2276,2504
PBAL6061-CX900T1-1/2S16,"16""",900,AL-6061,"1-1/2""",1.5,5,71.83,100.56,548,603
PB304-CX900T1-5/8S16,"16""",900,304,"1-5/8""",1.625,5.5,230.7,322.98,1821,2004
PBSA36-CX900T1-5/8S16,"16""",900,SA-36,"1-5/8""",1.625,1.85,220.83,309.16,617,679
PBSA516-70-CX900T1-5/8S16,"16""",900,SA-516-70,"1-5/8""",1.625,2.15,220.83,309.16,710,782
PB304L-CX900T1-5/8S16,"16""",900,304L,"1-5/8""",1.625,5.95,230.7,322.98,1967,2164
PB316L-CX900T1-5/8S16,"16""",900,316L,"1-5/8""",1.625,7.4,233.33,326.66,2462,2709
PBAL6061-CX900T1-5/8S16,"16""",900,AL-6061,"1-5/8""",1.625,5,77.81,108.93,590,649
PB304-CX900T1-3/4S16,"16""",900,304,"1-3/4""",1.75,5.5,248.45,347.83,1958,2154
PBSA36-CX900T1-3/4S16,"16""",900,SA-36,"1-3/4""",1.75,1.85,237.82,332.95,661,728
PBSA516-70-CX900T1-3/4S16,"16""",900,SA-516-70,"1-3/4""",1.75,2.15,237.82,332.95,761,838
PB304L-CX900T1-3/4S16,"16""",900,304L,"1-3/4""",1.75,5.95,248.45,347.83,2114,2326
PB316L-CX900T1-3/4S16,"16""",900,316L,"1-3/4""",1.75,7.4,251.27,351.78,2648,2913
PBAL6061-CX900T1-3/4S16,"16""",900,AL-6061,"1-3/4""",1.75,5,83.8,117.32,632,696
PB304-CX900T1-7/8S16,"16""",900,304,"1-7/8""",1.875,5.5,266.2,372.68,2095,2305
PBSA36-CX900T1-7/8S16,"16""",900,SA-36,"1-7/8""",1.875,1.85,254.81,356.73,705,776
PBSA516-70-CX900T1-7/8S16,"16""",900,SA-516-70,"1-7/8""",1.875,2.15,254.81,356.73,812,894
PB304L-CX900T1-7/8S16,"16""",900,304L,"1-7/8""",1.875,5.95,266.2,372.68,2262,2489
PB316L-CX900T1-7/8S16,"16""",900,316L,"1-7/8""",1.875,7.4,269.22,376.91,2834,3118
PBAL6061-CX900T1-7/8S16,"16""",900,AL-6061,"1-7/8""",1.875,5,89.78,125.69,673,741
PB304-CX900T2S16,"16""",900,304,"2""",2,5.5,283.94,397.52,2231,2455
PBSA36-CX900T2S16,"16""",900,SA-36,"2""",2,1.85,271.8,380.52,749,824
PBSA516-70-CX900T2S16,"16""",900,SA-516-70,"2""",2,2.15,271.8,380.52,863,950
PB304L-CX900T2S16,"16""",900,304L,"2""",2,5.95,283.94,397.52,2410,2651
PB316L-CX900T2S16,"16""",900,316L,"2""",2,7.4,287.17,402.04,3020,3323
PBAL6061-CX900T2S16,"16""",900,AL-6061,"2""",2,5,95.77,134.08,715,787
PB304-CX900T2-1/4S16,"16""",900,304,"2-1/4""",2.25,5.5,319.43,447.2,2505,2756
PBSA36-CX900T2-1/4S16,"16""",900,SA-36,"2-1/4""",2.25,1.85,305.77,428.08,837,921
PBSA516-70-CX900T2-1/4S16,"16""",900,SA-516-70,"2-1/4""",2.25,2.15,305.77,428.08,965,1062
PB304L-CX900T2-1/4S16,"16""",900,304L,"2-1/4""",2.25,5.95,319.43,447.2,2706,2977
PB316L-CX900T2-1/4S16,"16""",900,316L,"2-1/4""",2.25,7.4,323.07,452.3,3392,3732
PBAL6061-CX900T2-1/4S16,"16""",900,AL-6061,"2-1/4""",2.25,5,107.74,150.84,799,879
PB304-CX900T2-1/2S16,"16""",900,304,"2-1/2""",2.5,5.5,354.93,496.9,2778,3056
PBSA36-CX900T2-1/2S16,"16""",900,SA-36,"2-1/2""",2.5,1.85,339.75,475.65,925,1018
PBSA516-70-CX900T2-1/2S16,"16""",900,SA-516-70,"2-1/2""",2.5,2.15,339.75,475.65,1068,1175
PB304L-CX900T2-1/2S16,"16""",900,304L,"2-1/2""",2.5,5.95,354.93,496.9,3001,3302
PB316L-CX900T2-1/2S16,"16""",900,316L,"2-1/2""",2.5,7.4,358.96,502.54,3764,4141
PBAL6061-CX900T2-1/2S16,"16""",900,AL-6061,"2-1/2""",2.5,5,119.71,167.59,883,972
PB304-CX900T3S16,"16""",900,304,"3""",3,5.5,425.91,596.27,3324,3657
PBSA36-CX900T3S16,"16""",900,SA-36,"3""",3,1.85,407.69,570.77,1101,1212
PBSA516-70-CX900T3S16,"16""",900,SA-516-70,"3""",3,2.15,407.69,570.77,1272,1400
PB304L-CX900T3S16,"16""",900,304L,"3""",3,5.95,425.91,596.27,3593,3953
PB316L-CX900T3S16,"16""",900,316L,"3""",3,7.4,430.75,603.05,4507,4958
PBAL6061-CX900T3S16,"16""",900,AL-6061,"3""",3,5,143.65,201.11,1050,1155
PB304-CX900T11GAS18,"18""",900,304,11 Gauge,0.1196,5.5,20.94,29.32,210,232
PBSA36-CX900T11GAS18,"18""",900,SA-36,11 Gauge,0.1196,1.85,20.04,28.06,101,112
PBSA516-70-CX900T11GAS18,"18""",900,SA-516-70,11 Gauge,0.1196,2.15,20.04,28.06,109,120
PB304L-CX900T11GAS18,"18""",900,304L,11 Gauge,0.1196,5.95,20.94,29.32,224,247
PB316L-CX900T11GAS18,"18""",900,316L,11 Gauge,0.1196,7.4,21.18,29.65,269,296
PBAL6061-CX900T11GAS18,"18""",900,AL-6061,11 Gauge,0.1196,5,7.06,9.88,99,109
PB304-CX900T1/8S18,"18""",900,304,"1/8""",0.125,5.5,21.88,30.63,218,240
PBSA36-CX900T1/8S18,"18""",900,SA-36,"1/8""",0.125,1.85,20.95,29.33,103,114
PBSA516-70-CX900T1/8S18,"18""",900,SA-516-70,"1/8""",0.125,2.15,20.95,29.33,112,124
PB304L-CX900T1/8S18,"18""",900,304L,"1/8""",0.125,5.95,21.88,30.63,231,255
PB316L-CX900T1/8S18,"18""",900,316L,"1/8""",0.125,7.4,22.13,30.98,278,306
PBAL6061-CX900T1/8S18,"18""",900,AL-6061,"1/8""",0.125,5,7.38,10.33,101,112
PB304-CX900T3/16S18,"18""",900,304,"3/16""",0.1875,5.5,32.83,45.96,302,333
PBSA36-CX900T3/16S18,"18""",900,SA-36,"3/16""",0.1875,1.85,31.42,43.99,130,143
PBSA516-70-CX900T3/16S18,"18""",900,SA-516-70,"3/16""",0.1875,2.15,31.42,43.99,144,159
PB304L-CX900T3/16S18,"18""",900,304L,"3/16""",0.1875,5.95,32.83,45.96,323,356
PB316L-CX900T3/16S18,"18""",900,316L,"3/16""",0.1875,7.4,33.2,46.48,393,433
PBAL6061-CX900T3/16S18,"18""",900,AL-6061,"3/16""",0.1875,5,11.07,15.5,127,140
PB304-CX900T1/4S18,"18""",900,304,"1/4""",0.25,5.5,43.77,61.28,386,425
PBSA36-CX900T1/4S18,"18""",900,SA-36,"1/4""",0.25,1.85,41.89,58.65,158,174
PBSA516-70-CX900T1/4S18,"18""",900,SA-516-70,"1/4""",0.25,2.15,41.89,58.65,175,193
PB304L-CX900T1/4S18,"18""",900,304L,"1/4""",0.25,5.95,43.77,61.28,414,456
PB316L-CX900T1/4S18,"18""",900,316L,"1/4""",0.25,7.4,44.26,61.96,508,559
PBAL6061-CX900T1/4S18,"18""",900,AL-6061,"1/4""",0.25,5,14.76,20.66,152,168
PB304-CX900T5/16S18,"18""",900,304,"5/16""",0.3125,5.5,54.71,76.59,470,517
PBSA36-CX900T5/16S18,"18""",900,SA-36,"5/16""",0.3125,1.85,52.37,73.32,185,204
PBSA516-70-CX900T5/16S18,"18""",900,SA-516-70,"5/16""",0.3125,2.15,52.37,73.32,207,228
PB304L-CX900T5/16S18,"18""",900,304L,"5/16""",0.3125,5.95,54.71,76.59,505,556
PB316L-CX900T5/16S18,"18""",900,316L,"5/16""",0.3125,7.4,55.33,77.46,622,685
PBAL6061-CX900T5/16S18,"18""",900,AL-6061,"5/16""",0.3125,5,18.45,25.83,178,196
PB304-CX900T3/8S18,"18""",900,304,"3/8""",0.375,5.5,65.65,91.91,555,611
PBSA36-CX900T3/8S18,"18""",900,SA-36,"3/8""",0.375,1.85,62.84,87.98,212,234
PBSA516-70-CX900T3/8S18,"18""",900,SA-516-70,"3/8""",0.375,2.15,62.84,87.98,238,262
PB304L-CX900T3/8S18,"18""",900,304L,"3/8""",0.375,5.95,65.65,91.91,596,656
PB316L-CX900T3/8S18,"18""",900,316L,"3/8""",0.375,7.4,66.4,92.96,737,811
PBAL6061-CX900T3/8S18,"18""",900,AL-6061,"3/8""",0.375,5,22.14,31,204,225
PB304-CX900T1/2S18,"18""",900,304,"1/2""",0.5,5.5,87.53,122.54,723,796
PBSA36-CX900T1/2S18,"18""",900,SA-36,"1/2""",0.5,1.85,83.79,117.31,266,293
PBSA516-70-CX900T1/2S18,"18""",900,SA-516-70,"1/2""",0.5,2.15,83.79,117.31,301,332
PB304L-CX900T1/2S18,"18""",900,304L,"1/2""",0.5,5.95,87.53,122.54,778,856
PB316L-CX900T1/2S18,"18""",900,316L,"1/2""",0.5,7.4,88.53,123.94,966,1063
PBAL6061-CX900T1/2S18,"18""",900,AL-6061,"1/2""",0.5,5,29.52,41.33,256,282
PB304-CX900T5/8S18,"18""",900,304,"5/8""",0.625,5.5,109.42,153.19,892,982
PBSA36-CX900T5/8S18,"18""",900,SA-36,"5/8""",0.625,1.85,104.74,146.64,320,352
PBSA516-70-CX900T5/8S18,"18""",900,SA-516-70,"5/8""",0.625,2.15,104.74,146.64,364,401
PB304L-CX900T5/8S18,"18""",900,304L,"5/8""",0.625,5.95,109.42,153.19,961,1058
PB316L-CX900T5/8S18,"18""",900,316L,"5/8""",0.625,7.4,110.66,154.92,1196,1316
PBAL6061-CX900T5/8S18,"18""",900,AL-6061,"5/8""",0.625,5,36.9,51.66,307,338
PB304-CX900T3/4S18,"18""",900,304,"3/4""",0.75,5.5,131.3,183.82,1060,1166
PBSA36-CX900T3/4S18,"18""",900,SA-36,"3/4""",0.75,1.85,125.68,175.95,375,413
PBSA516-70-CX900T3/4S18,"18""",900,SA-516-70,"3/4""",0.75,2.15,125.68,175.95,427,470
PB304L-CX900T3/4S18,"18""",900,304L,"3/4""",0.75,5.95,131.3,183.82,1143,1258
PB316L-CX900T3/4S18,"18""",900,316L,"3/4""",0.75,7.4,132.79,185.91,1425,1568
PBAL6061-CX900T3/4S18,"18""",900,AL-6061,"3/4""",0.75,5,44.28,61.99,359,395
PB304-CX900T7/8S18,"18""",900,304,"7/8""",0.875,5.5,153.18,214.45,1229,1352
PBSA36-CX900T7/8S18,"18""",900,SA-36,"7/8""",0.875,1.85,146.63,205.28,429,472
PBSA516-70-CX900T7/8S18,"18""",900,SA-516-70,"7/8""",0.875,2.15,146.63,205.28,490,539
PB304L-CX900T7/8S18,"18""",900,304L,"7/8""",0.875,5.95,153.18,214.45,1325,1458
PB316L-CX900T7/8S18,"18""",900,316L,"7/8""",0.875,7.4,154.92,216.89,1654,1820
PBAL6061-CX900T7/8S18,"18""",900,AL-6061,"7/8""",0.875,5,51.67,72.34,411,453
PB304-CX900T1S18,"18""",900,304,"1""",1,5.5,175.07,245.1,1397,1537
PBSA36-CX900T1S18,"18""",900,SA-36,"1""",1,1.85,167.58,234.61,483,532
PBSA516-70-CX900T1S18,"18""",900,SA-516-70,"1""",1,2.15,167.58,234.61,554,610
PB304L-CX900T1S18,"18""",900,304L,"1""",1,5.95,175.07,245.1,1507,1658
PB316L-CX900T1S18,"18""",900,316L,"1""",1,7.4,177.06,247.88,1883,2072
PBAL6061-CX900T1S18,"18""",900,AL-6061,"1""",1,5,59.05,82.67,462,509
PB304-CX900T1-1/8S18,"18""",900,304,"1-1/8""",1.125,5.5,196.95,275.73,1566,1723
PBSA36-CX900T1-1/8S18,"18""",900,SA-36,"1-1/8""",1.125,1.85,188.53,263.94,537,591
PBSA516-70-CX900T1-1/8S18,"18""",900,SA-516-70,"1-1/8""",1.125,2.15,188.53,263.94,617,679
PB304L-CX900T1-1/8S18,"18""",900,304L,"1-1/8""",1.125,5.95,196.95,275.73,1690,1860
PB316L-CX900T1-1/8S18,"18""",900,316L,"1-1/8""",1.125,7.4,199.19,278.87,2113,2325
PBAL6061-CX900T1-1/8S18,"18""",900,AL-6061,"1-1/8""",1.125,5,66.43,93,514,566
PB304-CX900T1-1/4S18,"18""",900,304,"1-1/4""",1.25,5.5,218.83,306.36,1734,1908
PBSA36-CX900T1-1/4S18,"18""",900,SA-36,"1-1/4""",1.25,1.85,209.47,293.26,592,652
PBSA516-70-CX900T1-1/4S18,"18""",900,SA-516-70,"1-1/4""",1.25,2.15,209.47,293.26,680,749
PB304L-CX900T1-1/4S18,"18""",900,304L,"1-1/4""",1.25,5.95,218.83,306.36,1872,2060
PB316L-CX900T1-1/4S18,"18""",900,316L,"1-1/4""",1.25,7.4,221.32,309.85,2342,2577
PBAL6061-CX900T1-1/4S18,"18""",900,AL-6061,"1-1/4""",1.25,5,73.81,103.33,566,623
PB304-CX900T1-3/8S18,"18""",900,304,"1-3/8""",1.375,5.5,240.72,337.01,1903,2094
PBSA36-CX900T1-3/8S18,"18""",900,SA-36,"1-3/8""",1.375,1.85,230.42,322.59,646,711
PBSA516-70-CX900T1-3/8S18,"18""",900,SA-516-70,"1-3/8""",1.375,2.15,230.42,322.59,743,818
PB304L-CX900T1-3/8S18,"18""",900,304L,"1-3/8""",1.375,5.95,240.72,337.01,2054,2260
PB316L-CX900T1-3/8S18,"18""",900,316L,"1-3/8""",1.375,7.4,243.45,340.83,2571,2829
PBAL6061-CX900T1-3/8S18,"18""",900,AL-6061,"1-3/8""",1.375,5,81.19,113.67,617,679
PB304-CX900T1-1/2S18,"18""",900,304,"1-1/2""",1.5,5.5,262.6,367.64,2071,2279
PBSA36-CX900T1-1/2S18,"18""",900,SA-36,"1-1/2""",1.5,1.85,251.37,351.92,700,771
PBSA516-70-CX900T1-1/2S18,"18""",900,SA-516-70,"1-1/2""",1.5,2.15,251.37,351.92,806,887
PB304L-CX900T1-1/2S18,"18""",900,304L,"1-1/2""",1.5,5.95,262.6,367.64,2237,2461
PB316L-CX900T1-1/2S18,"18""",900,316L,"1-1/2""",1.5,7.4,265.59,371.83,2801,3082
PBAL6061-CX900T1-1/2S18,"18""",900,AL-6061,"1-1/2""",1.5,5,88.57,124,669,736
PB304-CX900T1-5/8S18,"18""",900,304,"1-5/8""",1.625,5.5,284.48,398.27,2240,2464
PBSA36-CX900T1-5/8S18,"18""",900,SA-36,"1-5/8""",1.625,1.85,272.31,381.23,754,830
PBSA516-70-CX900T1-5/8S18,"18""",900,SA-516-70,"1-5/8""",1.625,2.15,272.31,381.23,869,956
PB304L-CX900T1-5/8S18,"18""",900,304L,"1-5/8""",1.625,5.95,284.48,398.27,2419,2661
PB316L-CX900T1-5/8S18,"18""",900,316L,"1-5/8""",1.625,7.4,287.72,402.81,3030,3334
PBAL6061-CX900T1-5/8S18,"18""",900,AL-6061,"1-5/8""",1.625,5,95.95,134.33,721,794
PB304-CX900T1-3/4S18,"18""",900,304,"1-3/4""",1.75,5.5,306.37,428.92,2408,2649
PBSA36-CX900T1-3/4S18,"18""",900,SA-36,"1-3/4""",1.75,1.85,293.26,410.56,809,890
PBSA516-70-CX900T1-3/4S18,"18""",900,SA-516-70,"1-3/4""",1.75,2.15,293.26,410.56,932,1026
PB304L-CX900T1-3/4S18,"18""",900,304L,"1-3/4""",1.75,5.95,306.37,428.92,2601,2862
PB316L-CX900T1-3/4S18,"18""",900,316L,"1-3/4""",1.75,7.4,309.85,433.79,3259,3585
PBAL6061-CX900T1-3/4S18,"18""",900,AL-6061,"1-3/4""",1.75,5,103.33,144.66,772,850
PB304-CX900T1-7/8S18,"18""",900,304,"1-7/8""",1.875,5.5,328.25,459.55,2577,2835
PBSA36-CX900T1-7/8S18,"18""",900,SA-36,"1-7/8""",1.875,1.85,314.21,439.89,863,950
PBSA516-70-CX900T1-7/8S18,"18""",900,SA-516-70,"1-7/8""",1.875,2.15,314.21,439.89,995,1095
PB304L-CX900T1-7/8S18,"18""",900,304L,"1-7/8""",1.875,5.95,328.25,459.55,2783,3062
PB316L-CX900T1-7/8S18,"18""",900,316L,"1-7/8""",1.875,7.4,331.98,464.77,3488,3837
PBAL6061-CX900T1-7/8S18,"18""",900,AL-6061,"1-7/8""",1.875,5,110.71,154.99,824,907
PB304-CX900T2S18,"18""",900,304,"2""",2,5.5,350.13,490.18,2745,3020
PBSA36-CX900T2S18,"18""",900,SA-36,"2""",2,1.85,335.16,469.22,917,1009
PBSA516-70-CX900T2S18,"18""",900,SA-516-70,"2""",2,2.15,335.16,469.22,1058,1164
PB304L-CX900T2S18,"18""",900,304L,"2""",2,5.95,350.13,490.18,2966,3263
PB316L-CX900T2S18,"18""",900,316L,"2""",2,7.4,354.11,495.75,3718,4090
PBAL6061-CX900T2S18,"18""",900,AL-6061,"2""",2,5,118.09,165.33,876,964
PB304-CX900T2-1/4S18,"18""",900,304,"2-1/4""",2.25,5.5,393.9,551.46,3082,3391
PBSA36-CX900T2-1/4S18,"18""",900,SA-36,"2-1/4""",2.25,1.85,377.05,527.87,1026,1129
PBSA516-70-CX900T2-1/4S18,"18""",900,SA-516-70,"2-1/4""",2.25,2.15,377.05,527.87,1184,1303
PB304L-CX900T2-1/4S18,"18""",900,304L,"2-1/4""",2.25,5.95,393.9,551.46,3330,3664
PB316L-CX900T2-1/4S18,"18""",900,316L,"2-1/4""",2.25,7.4,398.38,557.73,4176,4594
PBAL6061-CX900T2-1/4S18,"18""",900,AL-6061,"2-1/4""",2.25,5,132.85,185.99,979,1077
PB304-CX900T2-1/2S18,"18""",900,304,"2-1/2""",2.5,5.5,437.67,612.74,3419,3761
PBSA36-CX900T2-1/2S18,"18""",900,SA-36,"2-1/2""",2.5,1.85,418.95,586.53,1134,1248
PBSA516-70-CX900T2-1/2S18,"18""",900,SA-516-70,"2-1/2""",2.5,2.15,418.95,586.53,1310,1442
PB304L-CX900T2-1/2S18,"18""",900,304L,"2-1/2""",2.5,5.95,437.67,612.74,3695,4065
PB316L-CX900T2-1/2S18,"18""",900,316L,"2-1/2""",2.5,7.4,442.64,619.7,4635,5099
PBAL6061-CX900T2-1/2S18,"18""",900,AL-6061,"2-1/2""",2.5,5,147.62,206.67,1082,1191
PB304-CX900T3S18,"18""",900,304,"3""",3,5.5,525.2,735.28,4093,4503
PBSA36-CX900T3S18,"18""",900,SA-36,"3""",3,1.85,502.74,703.84,1351,1487
PBSA516-70-CX900T3S18,"18""",900,SA-516-70,"3""",3,2.15,502.74,703.84,1562,1719
PB304L-CX900T3S18,"18""",900,304L,"3""",3,5.95,525.2,735.28,4424,4867
PB316L-CX900T3S18,"18""",900,316L,"3""",3,7.4,531.17,743.64,5552,6108
PBAL6061-CX900T3S18,"18""",900,AL-6061,"3""",3,5,177.14,248,1289,1418
PB304-CX900T11GAS20,"20""",900,304,11 Gauge,0.1196,5.5,25.05,35.07,245,270
PBSA36-CX900T11GAS20,"20""",900,SA-36,11 Gauge,0.1196,1.85,23.98,33.57,115,127
PBSA516-70-CX900T11GAS20,"20""",900,SA-516-70,11 Gauge,0.1196,2.15,23.98,33.57,125,138
PB304L-CX900T11GAS20,"20""",900,304L,11 Gauge,0.1196,5.95,25.05,35.07,261,288
PB316L-CX900T11GAS20,"20""",900,316L,11 Gauge,0.1196,7.4,25.34,35.48,315,347
PBAL6061-CX900T11GAS20,"20""",900,AL-6061,11 Gauge,0.1196,5,8.45,11.83,112,124
PB304-CX900T1/8S20,"20""",900,304,"1/8""",0.125,5.5,26.19,36.67,254,280
PBSA36-CX900T1/8S20,"20""",900,SA-36,"1/8""",0.125,1.85,25.07,35.1,117,129
PBSA516-70-CX900T1/8S20,"20""",900,SA-516-70,"1/8""",0.125,2.15,25.07,35.1,128,141
PB304L-CX900T1/8S20,"20""",900,304L,"1/8""",0.125,5.95,26.19,36.67,271,299
PB316L-CX900T1/8S20,"20""",900,316L,"1/8""",0.125,7.4,26.48,37.07,327,360
PBAL6061-CX900T1/8S20,"20""",900,AL-6061,"1/8""",0.125,5,8.83,12.36,114,126
PB304-CX900T3/16S20,"20""",900,304,"3/16""",0.1875,5.5,39.28,54.99,355,391
PBSA36-CX900T3/16S20,"20""",900,SA-36,"3/16""",0.1875,1.85,37.6,52.64,150,165
PBSA516-70-CX900T3/16S20,"20""",900,SA-516-70,"3/16""",0.1875,2.15,37.6,52.64,166,183
PB304L-CX900T3/16S20,"20""",900,304L,"3/16""",0.1875,5.95,39.28,54.99,380,419
PB316L-CX900T3/16S20,"20""",900,316L,"3/16""",0.1875,7.4,39.73,55.62,464,511
PBAL6061-CX900T3/16S20,"20""",900,AL-6061,"3/16""",0.1875,5,13.25,18.55,145,160
PB304-CX900T1/4S20,"20""",900,304,"1/4""",0.25,5.5,52.37,73.32,456,502
PBSA36-CX900T1/4S20,"20""",900,SA-36,"1/4""",0.25,1.85,50.13,70.18,182,201
PBSA516-70-CX900T1/4S20,"20""",900,SA-516-70,"1/4""",0.25,2.15,50.13,70.18,203,224
PB304L-CX900T1/4S20,"20""",900,304L,"1/4""",0.25,5.95,52.37,73.32,489,538
PB316L-CX900T1/4S20,"20""",900,316L,"1/4""",0.25,7.4,52.97,74.16,601,662
PBAL6061-CX900T1/4S20,"20""",900,AL-6061,"1/4""",0.25,5,17.66,24.72,176,194
PB304-CX900T5/16S20,"20""",900,304,"5/16""",0.3125,5.5,65.47,91.66,557,613
PBSA36-CX900T5/16S20,"20""",900,SA-36,"5/16""",0.3125,1.85,62.66,87.72,215,237
PBSA516-70-CX900T5/16S20,"20""",900,SA-516-70,"5/16""",0.3125,2.15,62.66,87.72,241,266
PB304L-CX900T5/16S20,"20""",900,304L,"5/16""",0.3125,5.95,65.47,91.66,598,658
PB316L-CX900T5/16S20,"20""",900,316L,"5/16""",0.3125,7.4,66.21,92.69,738,812
PBAL6061-CX900T5/16S20,"20""",900,AL-6061,"5/16""",0.3125,5,22.08,30.91,207,228
PB304-CX900T3/8S20,"20""",900,304,"3/8""",0.375,5.5,78.56,109.98,657,723
PBSA36-CX900T3/8S20,"20""",900,SA-36,"3/8""",0.375,1.85,75.2,105.28,247,272
PBSA516-70-CX900T3/8S20,"20""",900,SA-516-70,"3/8""",0.375,2.15,75.2,105.28,279,307
PB304L-CX900T3/8S20,"20""",900,304L,"3/8""",0.375,5.95,78.56,109.98,707,778
PB316L-CX900T3/8S20,"20""",900,316L,"3/8""",0.375,7.4,79.45,111.23,876,964
PBAL6061-CX900T3/8S20,"20""",900,AL-6061,"3/8""",0.375,5,26.5,37.1,238,262
PB304-CX900T1/2S20,"20""",900,304,"1/2""",0.5,5.5,104.74,146.64,859,945
PBSA36-CX900T1/2S20,"20""",900,SA-36,"1/2""",0.5,1.85,100.26,140.36,312,344
PBSA516-70-CX900T1/2S20,"20""",900,SA-516-70,"1/2""",0.5,2.15,100.26,140.36,354,390
PB304L-CX900T1/2S20,"20""",900,304L,"1/2""",0.5,5.95,104.74,146.64,925,1018
PB316L-CX900T1/2S20,"20""",900,316L,"1/2""",0.5,7.4,105.94,148.32,1150,1265
PBAL6061-CX900T1/2S20,"20""",900,AL-6061,"1/2""",0.5,5,35.33,49.46,300,330
PB304-CX900T5/8S20,"20""",900,304,"5/8""",0.625,5.5,130.93,183.3,1061,1168
PBSA36-CX900T5/8S20,"20""",900,SA-36,"5/8""",0.625,1.85,125.33,175.46,377,415
PBSA516-70-CX900T5/8S20,"20""",900,SA-516-70,"5/8""",0.625,2.15,125.33,175.46,430,474
PB304L-CX900T5/8S20,"20""",900,304L,"5/8""",0.625,5.95,130.93,183.3,1143,1258
PB316L-CX900T5/8S20,"20""",900,316L,"5/8""",0.625,7.4,132.42,185.39,1424,1567
PBAL6061-CX900T5/8S20,"20""",900,AL-6061,"5/8""",0.625,5,44.16,61.82,362,399
PB304-CX900T3/4S20,"20""",900,304,"3/4""",0.75,5.5,157.12,219.97,1262,1389
PBSA36-CX900T3/4S20,"20""",900,SA-36,"3/4""",0.75,1.85,150.4,210.56,442,487
PBSA516-70-CX900T3/4S20,"20""",900,SA-516-70,"3/4""",0.75,2.15,150.4,210.56,505,556
PB304L-CX900T3/4S20,"20""",900,304L,"3/4""",0.75,5.95,157.12,219.97,1361,1498
PB316L-CX900T3/4S20,"20""",900,316L,"3/4""",0.75,7.4,158.9,222.46,1699,1869
PBAL6061-CX900T3/4S20,"20""",900,AL-6061,"3/4""",0.75,5,52.99,74.19,423,466
PB304-CX900T7/8S20,"20""",900,304,"7/8""",0.875,5.5,183.3,256.62,1464,1611
PBSA36-CX900T7/8S20,"20""",900,SA-36,"7/8""",0.875,1.85,175.46,245.64,507,558
PBSA516-70-CX900T7/8S20,"20""",900,SA-516-70,"7/8""",0.875,2.15,175.46,245.64,581,640
PB304L-CX900T7/8S20,"20""",900,304L,"7/8""",0.875,5.95,183.3,256.62,1579,1737
PB316L-CX900T7/8S20,"20""",900,316L,"7/8""",0.875,7.4,185.39,259.55,1973,2171
PBAL6061-CX900T7/8S20,"20""",900,AL-6061,"7/8""",0.875,5,61.82,86.55,485,534
PB304-CX900T1S20,"20""",900,304,"1""",1,5.5,209.49,293.29,1666,1833
PBSA36-CX900T1S20,"20""",900,SA-36,"1""",1,1.85,200.53,280.74,572,630
PBSA516-70-CX900T1S20,"20""",900,SA-516-70,"1""",1,2.15,200.53,280.74,656,722
PB304L-CX900T1S20,"20""",900,304L,"1""",1,5.95,209.49,293.29,1798,1978
PB316L-CX900T1S20,"20""",900,316L,"1""",1,7.4,211.87,296.62,2247,2472
PBAL6061-CX900T1S20,"20""",900,AL-6061,"1""",1,5,70.66,98.92,547,602
PB304-CX900T1-1/8S20,"20""",900,304,"1-1/8""",1.125,5.5,235.67,329.94,1867,2054
PBSA36-CX900T1-1/8S20,"20""",900,SA-36,"1-1/8""",1.125,1.85,225.59,315.83,637,701
PBSA516-70-CX900T1-1/8S20,"20""",900,SA-516-70,"1-1/8""",1.125,2.15,225.59,315.83,731,805
PB304L-CX900T1-1/8S20,"20""",900,304L,"1-1/8""",1.125,5.95,235.67,329.94,2016,2218
PB316L-CX900T1-1/8S20,"20""",900,316L,"1-1/8""",1.125,7.4,238.35,333.69,2522,2775
PBAL6061-CX900T1-1/8S20,"20""",900,AL-6061,"1-1/8""",1.125,5,79.49,111.29,609,670
PB304-CX900T1-1/4S20,"20""",900,304,"1-1/4""",1.25,5.5,261.86,366.6,2069,2276
PBSA36-CX900T1-1/4S20,"20""",900,SA-36,"1-1/4""",1.25,1.85,250.66,350.92,702,773
PBSA516-70-CX900T1-1/4S20,"20""",900,SA-516-70,"1-1/4""",1.25,2.15,250.66,350.92,807,888
PB304L-CX900T1-1/4S20,"20""",900,304L,"1-1/4""",1.25,5.95,261.86,366.6,2234,2458
PB316L-CX900T1-1/4S20,"20""",900,316L,"1-1/4""",1.25,7.4,264.84,370.78,2796,3076
PBAL6061-CX900T1-1/4S20,"20""",900,AL-6061,"1-1/4""",1.25,5,88.32,123.65,671,739
PB304-CX900T1-3/8S20,"20""",900,304,"1-3/8""",1.375,5.5,288.05,403.27,2270,2497
PBSA36-CX900T1-3/8S20,"20""",900,SA-36,"1-3/8""",1.375,1.85,275.73,386.02,767,844
PBSA516-70-CX900T1-3/8S20,"20""",900,SA-516-70,"1-3/8""",1.375,2.15,275.73,386.02,882,971
PB304L-CX900T1-3/8S20,"20""",900,304L,"1-3/8""",1.375,5.95,288.05,403.27,2452,2698
PB316L-CX900T1-3/8S20,"20""",900,316L,"1-3/8""",1.375,7.4,291.32,407.85,3071,3379
PBAL6061-CX900T1-3/8S20,"20""",900,AL-6061,"1-3/8""",1.375,5,97.15,136.01,733,807
PB304-CX900T1-1/2S20,"20""",900,304,"1-1/2""",1.5,5.5,314.23,439.92,2472,2720
PBSA36-CX900T1-1/2S20,"20""",900,SA-36,"1-1/2""",1.5,1.85,300.79,421.11,832,916
PBSA516-70-CX900T1-1/2S20,"20""",900,SA-516-70,"1-1/2""",1.5,2.15,300.79,421.11,958,1054
PB304L-CX900T1-1/2S20,"20""",900,304L,"1-1/2""",1.5,5.95,314.23,439.92,2670,2938
PB316L-CX900T1-1/2S20,"20""",900,316L,"1-1/2""",1.5,7.4,317.81,444.93,3345,3680
PBAL6061-CX900T1-1/2S20,"20""",900,AL-6061,"1-1/2""",1.5,5,105.98,148.37,794,874
PB304-CX900T1-5/8S20,"20""",900,304,"1-5/8""",1.625,5.5,340.42,476.59,2674,2942
PBSA36-CX900T1-5/8S20,"20""",900,SA-36,"1-5/8""",1.625,1.85,325.86,456.2,896,986
PBSA516-70-CX900T1-5/8S20,"20""",900,SA-516-70,"1-5/8""",1.625,2.15,325.86,456.2,1033,1137
PB304L-CX900T1-5/8S20,"20""",900,304L,"1-5/8""",1.625,5.95,340.42,476.59,2888,3177
PB316L-CX900T1-5/8S20,"20""",900,316L,"1-5/8""",1.625,7.4,344.29,482.01,3619,3981
PBAL6061-CX900T1-5/8S20,"20""",900,AL-6061,"1-5/8""",1.625,5,114.82,160.75,856,942
PB304-CX900T1-3/4S20,"20""",900,304,"1-3/4""",1.75,5.5,366.61,513.25,2875,3163
PBSA36-CX900T1-3/4S20,"20""",900,SA-36,"1-3/4""",1.75,1.85,350.92,491.29,961,1058
PBSA516-70-CX900T1-3/4S20,"20""",900,SA-516-70,"1-3/4""",1.75,2.15,350.92,491.29,1109,1220
PB304L-CX900T1-3/4S20,"20""",900,304L,"1-3/4""",1.75,5.95,366.61,513.25,3106,3417
PB316L-CX900T1-3/4S20,"20""",900,316L,"1-3/4""",1.75,7.4,370.77,519.08,3894,4284
PBAL6061-CX900T1-3/4S20,"20""",900,AL-6061,"1-3/4""",1.75,5,123.65,173.11,918,1010
PB304-CX900T1-7/8S20,"20""",900,304,"1-7/8""",1.875,5.5,392.79,549.91,3077,3385
PBSA36-CX900T1-7/8S20,"20""",900,SA-36,"1-7/8""",1.875,1.85,375.99,526.39,1026,1129
PBSA516-70-CX900T1-7/8S20,"20""",900,SA-516-70,"1-7/8""",1.875,2.15,375.99,526.39,1184,1303
PB304L-CX900T1-7/8S20,"20""",900,304L,"1-7/8""",1.875,5.95,392.79,549.91,3324,3657
PB316L-CX900T1-7/8S20,"20""",900,316L,"1-7/8""",1.875,7.4,397.26,556.16,4168,4585
PBAL6061-CX900T1-7/8S20,"20""",900,AL-6061,"1-7/8""",1.875,5,132.48,185.47,980,1078
PB304-CX900T2S20,"20""",900,304,"2""",2,5.5,418.98,586.57,3279,3607
PBSA36-CX900T2S20,"20""",900,SA-36,"2""",2,1.85,401.06,561.48,1091,1201
PBSA516-70-CX900T2S20,"20""",900,SA-516-70,"2""",2,2.15,401.06,561.48,1260,1386
PB304L-CX900T2S20,"20""",900,304L,"2""",2,5.95,418.98,586.57,3543,3898
PB316L-CX900T2S20,"20""",900,316L,"2""",2,7.4,423.74,593.24,4442,4887
PBAL6061-CX900T2S20,"20""",900,AL-6061,"2""",2,5,141.31,197.83,1042,1147
PB304-CX900T2-1/4S20,"20""",900,304,"2-1/4""",2.25,5.5,471.35,659.89,3682,4051
PBSA36-CX900T2-1/4S20,"20""",900,SA-36,"2-1/4""",2.25,1.85,451.19,631.67,1221,1344
PBSA516-70-CX900T2-1/4S20,"20""",900,SA-516-70,"2-1/4""",2.25,2.15,451.19,631.67,1411,1553
PB304L-CX900T2-1/4S20,"20""",900,304L,"2-1/4""",2.25,5.95,471.35,659.89,3979,4377
PB316L-CX900T2-1/4S20,"20""",900,316L,"2-1/4""",2.25,7.4,476.71,667.39,4991,5491
PBAL6061-CX900T2-1/4S20,"20""",900,AL-6061,"2-1/4""",2.25,5,158.98,222.57,1165,1282
PB304-CX900T2-1/2S20,"20""",900,304,"2-1/2""",2.5,5.5,523.72,733.21,4085,4494
PBSA36-CX900T2-1/2S20,"20""",900,SA-36,"2-1/2""",2.5,1.85,501.32,701.85,1351,1487
PBSA516-70-CX900T2-1/2S20,"20""",900,SA-516-70,"2-1/2""",2.5,2.15,501.32,701.85,1561,1718
PB304L-CX900T2-1/2S20,"20""",900,304L,"2-1/2""",2.5,5.95,523.72,733.21,4415,4857
PB316L-CX900T2-1/2S20,"20""",900,316L,"2-1/2""",2.5,7.4,529.68,741.55,5540,6095
PBAL6061-CX900T2-1/2S20,"20""",900,AL-6061,"2-1/2""",2.5,5,176.64,247.3,1289,1418
PB304-CX900T3S20,"20""",900,304,"3""",3,5.5,628.47,879.86,4892,5382
PBSA36-CX900T3S20,"20""",900,SA-36,"3""",3,1.85,601.58,842.21,1611,1773
PBSA516-70-CX900T3S20,"20""",900,SA-516-70,"3""",3,2.15,601.58,842.21,1863,2050
PB304L-CX900T3S20,"20""",900,304L,"3""",3,5.95,628.47,879.86,5288,5817
PB316L-CX900T3S20,"20""",900,316L,"3""",3,7.4,635.61,889.85,6637,7301
PBAL6061-CX900T3S20,"20""",900,AL-6061,"3""",3,5,211.97,296.76,1536,1690
PB304-CX900T11GAS24,"24""",900,304,11 Gauge,0.1196,5.5,36.07,50.5,334,368
PBSA36-CX900T11GAS24,"24""",900,SA-36,11 Gauge,0.1196,1.85,34.52,48.33,146,161
PBSA516-70-CX900T11GAS24,"24""",900,SA-516-70,11 Gauge,0.1196,2.15,34.52,48.33,161,178
PB304L-CX900T11GAS24,"24""",900,304L,11 Gauge,0.1196,5.95,36.07,50.5,357,393
PB316L-CX900T11GAS24,"24""",900,316L,11 Gauge,0.1196,7.4,36.48,51.07,435,479
PBAL6061-CX900T11GAS24,"24""",900,AL-6061,11 Gauge,0.1196,5,12.16,17.02,142,157
PB304-CX900T1/8S24,"24""",900,304,"1/8""",0.125,5.5,37.7,52.78,347,382
PBSA36-CX900T1/8S24,"24""",900,SA-36,"1/8""",0.125,1.85,36.08,50.51,150,165
PBSA516-70-CX900T1/8S24,"24""",900,SA-516-70,"1/8""",0.125,2.15,36.08,50.51,165,182
PB304L-CX900T1/8S24,"24""",900,304L,"1/8""",0.125,5.95,37.7,52.78,371,409
PB316L-CX900T1/8S24,"24""",900,316L,"1/8""",0.125,7.4,38.12,53.37,452,498
PBAL6061-CX900T1/8S24,"24""",900,AL-6061,"1/8""",0.125,5,12.71,17.79,146,161
PB304-CX900T3/16S24,"24""",900,304,"3/16""",0.1875,5.5,56.54,79.16,492,542
PBSA36-CX900T3/16S24,"24""",900,SA-36,"3/16""",0.1875,1.85,54.13,75.78,197,217
PBSA516-70-CX900T3/16S24,"24""",900,SA-516-70,"3/16""",0.1875,2.15,54.13,75.78,220,243
PB304L-CX900T3/16S24,"24""",900,304L,"3/16""",0.1875,5.95,56.54,79.16,528,581
PB316L-CX900T3/16S24,"24""",900,316L,"3/16""",0.1875,7.4,57.19,80.07,649,714
PBAL6061-CX900T3/16S24,"24""",900,AL-6061,"3/16""",0.1875,5,19.07,26.7,190,210
PB304-CX900T1/4S24,"24""",900,304,"1/4""",0.25,5.5,75.39,105.55,637,701
PBSA36-CX900T1/4S24,"24""",900,SA-36,"1/4""",0.25,1.85,72.17,101.04,244,269
PBSA516-70-CX900T1/4S24,"24""",900,SA-516-70,"1/4""",0.25,2.15,72.17,101.04,274,302
PB304L-CX900T1/4S24,"24""",900,304L,"1/4""",0.25,5.95,75.39,105.55,685,754
PB316L-CX900T1/4S24,"24""",900,316L,"1/4""",0.25,7.4,76.25,106.75,847,932
PBAL6061-CX900T1/4S24,"24""",900,AL-6061,"1/4""",0.25,5,25.43,35.6,235,259
PB304-CX900T5/16S24,"24""",900,304,"5/16""",0.3125,5.5,94.24,131.94,782,861
PBSA36-CX900T5/16S24,"24""",900,SA-36,"5/16""",0.3125,1.85,90.21,126.29,290,319
PBSA516-70-CX900T5/16S24,"24""",900,SA-516-70,"5/16""",0.3125,2.15,90.21,126.29,328,361
PB304L-CX900T5/16S24,"24""",900,304L,"5/16""",0.3125,5.95,94.24,131.94,842,927
PB316L-CX900T5/16S24,"24""",900,316L,"5/16""",0.3125,7.4,95.31,133.43,1044,1149
PBAL6061-CX900T5/16S24,"24""",900,AL-6061,"5/16""",0.3125,5,31.79,44.51,279,307
PB304-CX900T3/8S24,"24""",900,304,"3/8""",0.375,5.5,113.09,158.33,927,1020
PBSA36-CX900T3/8S24,"24""",900,SA-36,"3/8""",0.375,1.85,108.25,151.55,337,371
PBSA516-70-CX900T3/8S24,"24""",900,SA-516-70,"3/8""",0.375,2.15,108.25,151.55,382,421
PB304L-CX900T3/8S24,"24""",900,304L,"3/8""",0.375,5.95,113.09,158.33,999,1099
PB316L-CX900T3/8S24,"24""",900,316L,"3/8""",0.375,7.4,114.37,160.12,1242,1367
PBAL6061-CX900T3/8S24,"24""",900,AL-6061,"3/8""",0.375,5,38.14,53.4,324,357
PB304-CX900T1/2S24,"24""",900,304,"1/2""",0.5,5.5,150.78,211.09,1218,1340
PBSA36-CX900T1/2S24,"24""",900,SA-36,"1/2""",0.5,1.85,144.33,202.06,430,474
PBSA516-70-CX900T1/2S24,"24""",900,SA-516-70,"1/2""",0.5,2.15,144.33,202.06,491,541
PB304L-CX900T1/2S24,"24""",900,304L,"1/2""",0.5,5.95,150.78,211.09,1313,1445
PB316L-CX900T1/2S24,"24""",900,316L,"1/2""",0.5,7.4,152.5,213.5,1637,1801
PBAL6061-CX900T1/2S24,"24""",900,AL-6061,"1/2""",0.5,5,50.86,71.2,413,455
PB304-CX900T5/8S24,"24""",900,304,"5/8""",0.625,5.5,188.48,263.87,1508,1659
PBSA36-CX900T5/8S24,"24""",900,SA-36,"5/8""",0.625,1.85,180.42,252.59,524,577
PBSA516-70-CX900T5/8S24,"24""",900,SA-516-70,"5/8""",0.625,2.15,180.42,252.59,600,660
PB304L-CX900T5/8S24,"24""",900,304L,"5/8""",0.625,5.95,188.48,263.87,1627,1790
PB316L-CX900T5/8S24,"24""",900,316L,"5/8""",0.625,7.4,190.62,266.87,2031,2235
PBAL6061-CX900T5/8S24,"24""",900,AL-6061,"5/8""",0.625,5,63.57,89,502,553
PB304-CX900T3/4S24,"24""",900,304,"3/4""",0.75,5.5,226.18,316.65,1798,1978
PBSA36-CX900T3/4S24,"24""",900,SA-36,"3/4""",0.75,1.85,216.5,303.1,617,679
PBSA516-70-CX900T3/4S24,"24""",900,SA-516-70,"3/4""",0.75,2.15,216.5,303.1,708,779
PB304L-CX900T3/4S24,"24""",900,304L,"3/4""",0.75,5.95,226.18,316.65,1941,2136
PB316L-CX900T3/4S24,"24""",900,316L,"3/4""",0.75,7.4,228.75,320.25,2426,2669
PBAL6061-CX900T3/4S24,"24""",900,AL-6061,"3/4""",0.75,5,76.28,106.79,591,651
PB304-CX900T7/8S24,"24""",900,304,"7/8""",0.875,5.5,263.87,369.42,2088,2297
PBSA36-CX900T7/8S24,"24""",900,SA-36,"7/8""",0.875,1.85,252.58,353.61,711,783
PBSA516-70-CX900T7/8S24,"24""",900,SA-516-70,"7/8""",0.875,2.15,252.58,353.61,817,899
PB304L-CX900T7/8S24,"24""",900,304L,"7/8""",0.875,5.95,263.87,369.42,2255,2481
PB316L-CX900T7/8S24,"24""",900,316L,"7/8""",0.875,7.4,266.87,373.62,2821,3104
PBAL6061-CX900T7/8S24,"24""",900,AL-6061,"7/8""",0.875,5,89,124.6,680,749
PB304-CX900T1S24,"24""",900,304,"1""",1,5.5,301.57,422.2,2379,2617
PBSA36-CX900T1S24,"24""",900,SA-36,"1""",1,1.85,288.67,404.14,804,885
PBSA516-70-CX900T1S24,"24""",900,SA-516-70,"1""",1,2.15,288.67,404.14,926,1019
PB304L-CX900T1S24,"24""",900,304L,"1""",1,5.95,301.57,422.2,2569,2826
PB316L-CX900T1S24,"24""",900,316L,"1""",1,7.4,305,427,3216,3538
PBAL6061-CX900T1S24,"24""",900,AL-6061,"1""",1,5,101.71,142.39,769,846
PB304-CX900T1-1/8S24,"24""",900,304,"1-1/8""",1.125,5.5,339.26,474.96,2669,2936
PBSA36-CX900T1-1/8S24,"24""",900,SA-36,"1-1/8""",1.125,1.85,324.75,454.65,898,988
PBSA516-70-CX900T1-1/8S24,"24""",900,SA-516-70,"1-1/8""",1.125,2.15,324.75,454.65,1034,1138
PB304L-CX900T1-1/8S24,"24""",900,304L,"1-1/8""",1.125,5.95,339.26,474.96,2883,3172
PB316L-CX900T1-1/8S24,"24""",900,316L,"1-1/8""",1.125,7.4,343.12,480.37,3611,3973
PBAL6061-CX900T1-1/8S24,"24""",900,AL-6061,"1-1/8""",1.125,5,114.43,160.2,858,944
PB304-CX900T1-1/4S24,"24""",900,304,"1-1/4""",1.25,5.5,376.96,527.74,2959,3255
PBSA36-CX900T1-1/4S24,"24""",900,SA-36,"1-1/4""",1.25,1.85,360.83,505.16,991,1091
PBSA516-70-CX900T1-1/4S24,"24""",900,SA-516-70,"1-1/4""",1.25,2.15,360.83,505.16,1143,1258
PB304L-CX900T1-1/4S24,"24""",900,304L,"1-1/4""",1.25,5.95,376.96,527.74,3197,3517
PB316L-CX900T1-1/4S24,"24""",900,316L,"1-1/4""",1.25,7.4,381.24,533.74,4006,4407
PBAL6061-CX900T1-1/4S24,"24""",900,AL-6061,"1-1/4""",1.25,5,127.14,178,947,1042
PB304-CX900T1-3/8S24,"24""",900,304,"1-3/8""",1.375,5.5,414.66,580.52,3250,3576
PBSA36-CX900T1-3/8S24,"24""",900,SA-36,"1-3/8""",1.375,1.85,396.92,555.69,1085,1194
PBSA516-70-CX900T1-3/8S24,"24""",900,SA-516-70,"1-3/8""",1.375,2.15,396.92,555.69,1251,1377
PB304L-CX900T1-3/8S24,"24""",900,304L,"1-3/8""",1.375,5.95,414.66,580.52,3511,3863
PB316L-CX900T1-3/8S24,"24""",900,316L,"1-3/8""",1.375,7.4,419.37,587.12,4401,4842
PBAL6061-CX900T1-3/8S24,"24""",900,AL-6061,"1-3/8""",1.375,5,139.85,195.79,1036,1140
PB304-CX900T1-1/2S24,"24""",900,304,"1-1/2""",1.5,5.5,452.35,633.29,3540,3895
PBSA36-CX900T1-1/2S24,"24""",900,SA-36,"1-1/2""",1.5,1.85,433,606.2,1178,1296
PBSA516-70-CX900T1-1/2S24,"24""",900,SA-516-70,"1-1/2""",1.5,2.15,433,606.2,1360,1497
PB304L-CX900T1-1/2S24,"24""",900,304L,"1-1/2""",1.5,5.95,452.35,633.29,3825,4208
PB316L-CX900T1-1/2S24,"24""",900,316L,"1-1/2""",1.5,7.4,457.49,640.49,4796,5276
PBAL6061-CX900T1-1/2S24,"24""",900,AL-6061,"1-1/2""",1.5,5,152.57,213.6,1125,1238
PB304-CX900T1-5/8S24,"24""",900,304,"1-5/8""",1.625,5.5,490.05,686.07,3830,4213
PBSA36-CX900T1-5/8S24,"24""",900,SA-36,"1-5/8""",1.625,1.85,469.09,656.73,1272,1400
PBSA516-70-CX900T1-5/8S24,"24""",900,SA-516-70,"1-5/8""",1.625,2.15,469.09,656.73,1469,1616
PB304L-CX900T1-5/8S24,"24""",900,304L,"1-5/8""",1.625,5.95,490.05,686.07,4139,4553
PB316L-CX900T1-5/8S24,"24""",900,316L,"1-5/8""",1.625,7.4,495.62,693.87,5191,5711
PBAL6061-CX900T1-5/8S24,"24""",900,AL-6061,"1-5/8""",1.625,5,165.28,231.39,1214,1336
PB304-CX900T1-3/4S24,"24""",900,304,"1-3/4""",1.75,5.5,527.74,738.84,4120,4532
PBSA36-CX900T1-3/4S24,"24""",900,SA-36,"1-3/4""",1.75,1.85,505.17,707.24,1365,1502
PBSA516-70-CX900T1-3/4S24,"24""",900,SA-516-70,"1-3/4""",1.75,2.15,505.17,707.24,1577,1735
PB304L-CX900T1-3/4S24,"24""",900,304L,"1-3/4""",1.75,5.95,527.74,738.84,4453,4899
PB316L-CX900T1-3/4S24,"24""",900,316L,"1-3/4""",1.75,7.4,533.74,747.24,5586,6145
PBAL6061-CX900T1-3/4S24,"24""",900,AL-6061,"1-3/4""",1.75,5,178,249.2,1303,1434
PB304-CX900T1-7/8S24,"24""",900,304,"1-7/8""",1.875,5.5,565.44,791.62,4411,4853
PBSA36-CX900T1-7/8S24,"24""",900,SA-36,"1-7/8""",1.875,1.85,541.25,757.75,1458,1604
PBSA516-70-CX900T1-7/8S24,"24""",900,SA-516-70,"1-7/8""",1.875,2.15,541.25,757.75,1686,1855
PB304L-CX900T1-7/8S24,"24""",900,304L,"1-7/8""",1.875,5.95,565.44,791.62,4767,5244
PB316L-CX900T1-7/8S24,"24""",900,316L,"1-7/8""",1.875,7.4,571.87,800.62,5981,6580
PBAL6061-CX900T1-7/8S24,"24""",900,AL-6061,"1-7/8""",1.875,5,190.71,266.99,1392,1532
PB304-CX900T2S24,"24""",900,304,"2""",2,5.5,603.13,844.38,4701,5172
PBSA36-CX900T2S24,"24""",900,SA-36,"2""",2,1.85,577.34,808.28,1552,1708
PBSA516-70-CX900T2S24,"24""",900,SA-516-70,"2""",2,2.15,577.34,808.28,1794,1974
PB304L-CX900T2S24,"24""",900,304L,"2""",2,5.95,603.13,844.38,5081,5590
PB316L-CX900T2S24,"24""",900,316L,"2""",2,7.4,609.99,853.99,6376,7014
PBAL6061-CX900T2S24,"24""",900,AL-6061,"2""",2,5,203.42,284.79,1481,1630
PB304-CX900T2-1/4S24,"24""",900,304,"2-1/4""",2.25,5.5,678.53,949.94,5281,5810
PBSA36-CX900T2-1/4S24,"24""",900,SA-36,"2-1/4""",2.25,1.85,649.5,909.3,1739,1913
PBSA516-70-CX900T2-1/4S24,"24""",900,SA-516-70,"2-1/4""",2.25,2.15,649.5,909.3,2012,2214
PB304L-CX900T2-1/4S24,"24""",900,304L,"2-1/4""",2.25,5.95,678.53,949.94,5709,6280
PB316L-CX900T2-1/4S24,"24""",900,316L,"2-1/4""",2.25,7.4,686.24,960.74,7166,7883
PBAL6061-CX900T2-1/4S24,"24""",900,AL-6061,"2-1/4""",2.25,5,228.85,320.39,1659,1825
PB304-CX900T2-1/2S24,"24""",900,304,"2-1/2""",2.5,5.5,753.92,1055.49,5862,6449
PBSA36-CX900T2-1/2S24,"24""",900,SA-36,"2-1/2""",2.5,1.85,721.67,1010.34,1926,2119
PBSA516-70-CX900T2-1/2S24,"24""",900,SA-516-70,"2-1/2""",2.5,2.15,721.67,1010.34,2229,2452
PB304L-CX900T2-1/2S24,"24""",900,304L,"2-1/2""",2.5,5.95,753.92,1055.49,6337,6971
PB316L-CX900T2-1/2S24,"24""",900,316L,"2-1/2""",2.5,7.4,762.49,1067.49,7956,8752
PBAL6061-CX900T2-1/2S24,"24""",900,AL-6061,"2-1/2""",2.5,5,254.28,355.99,1837,2021
PB304-CX900T3S24,"24""",900,304,"3""",3,5.5,904.7,1266.58,7023,7726
PBSA36-CX900T3S24,"24""",900,SA-36,"3""",3,1.85,866,1212.4,2300,2530
PBSA516-70-CX900T3S24,"24""",900,SA-516-70,"3""",3,2.15,866,1212.4,2663,2930
PB304L-CX900T3S24,"24""",900,304L,"3""",3,5.95,904.7,1266.58,7593,8353
PB316L-CX900T3S24,"24""",900,316L,"3""",3,7.4,914.99,1280.99,9536,10490
PBAL6061-CX900T3S24,"24""",900,AL-6061,"3""",3,5,305.14,427.2,2193,2413
PB304-C1500T11GAS1/2,"1/2""",1500,304,11 Gauge,0.1196,5.5,0.28,0.39,37,41
PBSA36-C1500T11GAS1/2,"1/2""",1500,SA-36,11 Gauge,0.1196,1.85,0.27,0.38,36,40
PBSA516-70-C1500T11GAS1/2,"1/2""",1500,SA-516-70,11 Gauge,0.1196,2.15,0.27,0.38,36,40
PB304L-C1500T11GAS1/2,"1/2""",1500,304L,11 Gauge,0.1196,5.95,0.28,0.39,37,41
PB316L-C1500T11GAS1/2,"1/2""",1500,316L,11 Gauge,0.1196,7.4,0.29,0.41,38,42
PBAL6061-C1500T11GAS1/2,"1/2""",1500,AL-6061,11 Gauge,0.1196,5,0.1,0.15,36,40
PB304-C1500T1/8S1/2,"1/2""",1500,304,"1/8""",0.125,5.5,0.3,0.42,37,41
PBSA36-C1500T1/8S1/2,"1/2""",1500,SA-36,"1/8""",0.125,1.85,0.28,0.39,36,40
PBSA516-70-C1500T1/8S1/2,"1/2""",1500,SA-516-70,"1/8""",0.125,2.15,0.28,0.39,36,40
PB304L-C1500T1/8S1/2,"1/2""",1500,304L,"1/8""",0.125,5.95,0.3,0.42,37,41
PB316L-C1500T1/8S1/2,"1/2""",1500,316L,"1/8""",0.125,7.4,0.3,0.42,38,42
PBAL6061-C1500T1/8S1/2,"1/2""",1500,AL-6061,"1/8""",0.125,5,0.1,0.15,36,40
PB304-C1500T3/16S1/2,"1/2""",1500,304,"3/16""",0.1875,5.5,0.44,0.62,38,42
PBSA36-C1500T3/16S1/2,"1/2""",1500,SA-36,"3/16""",0.1875,1.85,0.43,0.6,36,40
PBSA516-70-C1500T3/16S1/2,"1/2""",1500,SA-516-70,"3/16""",0.1875,2.15,0.43,0.6,36,40
PB304L-C1500T3/16S1/2,"1/2""",1500,304L,"3/16""",0.1875,5.95,0.44,0.62,39,43
PB316L-C1500T3/16S1/2,"1/2""",1500,316L,"3/16""",0.1875,7.4,0.45,0.63,40,44
PBAL6061-C1500T3/16S1/2,"1/2""",1500,AL-6061,"3/16""",0.1875,5,0.15,0.21,36,40
PB304-C1500T1/4S1/2,"1/2""",1500,304,"1/4""",0.25,5.5,0.59,0.83,39,43
PBSA36-C1500T1/4S1/2,"1/2""",1500,SA-36,"1/4""",0.25,1.85,0.57,0.8,36,40
PBSA516-70-C1500T1/4S1/2,"1/2""",1500,SA-516-70,"1/4""",0.25,2.15,0.57,0.8,37,41
PB304L-C1500T1/4S1/2,"1/2""",1500,304L,"1/4""",0.25,5.95,0.59,0.83,40,44
PB316L-C1500T1/4S1/2,"1/2""",1500,316L,"1/4""",0.25,7.4,0.6,0.84,41,46
PBAL6061-C1500T1/4S1/2,"1/2""",1500,AL-6061,"1/4""",0.25,5,0.2,0.28,36,40
PB304-C1500T5/16S1/2,"1/2""",1500,304,"5/16""",0.3125,5.5,0.74,1.04,41,46
PBSA36-C1500T5/16S1/2,"1/2""",1500,SA-36,"5/16""",0.3125,1.85,0.71,0.99,37,41
PBSA516-70-C1500T5/16S1/2,"1/2""",1500,SA-516-70,"5/16""",0.3125,2.15,0.71,0.99,37,41
PB304L-C1500T5/16S1/2,"1/2""",1500,304L,"5/16""",0.3125,5.95,0.74,1.04,41,46
PB316L-C1500T5/16S1/2,"1/2""",1500,316L,"5/16""",0.3125,7.4,0.75,1.05,43,48
PBAL6061-C1500T5/16S1/2,"1/2""",1500,AL-6061,"5/16""",0.3125,5,0.25,0.35,37,41
PB304-C1500T3/8S1/2,"1/2""",1500,304,"3/8""",0.375,5.5,0.89,1.25,42,47
PBSA36-C1500T3/8S1/2,"1/2""",1500,SA-36,"3/8""",0.375,1.85,0.85,1.19,37,41
PBSA516-70-C1500T3/8S1/2,"1/2""",1500,SA-516-70,"3/8""",0.375,2.15,0.85,1.19,37,41
PB304L-C1500T3/8S1/2,"1/2""",1500,304L,"3/8""",0.375,5.95,0.89,1.25,42,47
PB316L-C1500T3/8S1/2,"1/2""",1500,316L,"3/8""",0.375,7.4,0.9,1.26,44,49
PBAL6061-C1500T3/8S1/2,"1/2""",1500,AL-6061,"3/8""",0.375,5,0.3,0.42,37,41
PB304-C1500T1/2S1/2,"1/2""",1500,304,"1/2""",0.5,5.5,1.18,1.65,44,49
PBSA36-C1500T1/2S1/2,"1/2""",1500,SA-36,"1/2""",0.5,1.85,1.13,1.58,38,42
PBSA516-70-C1500T1/2S1/2,"1/2""",1500,SA-516-70,"1/2""",0.5,2.15,1.13,1.58,38,42
PB304L-C1500T1/2S1/2,"1/2""",1500,304L,"1/2""",0.5,5.95,1.18,1.65,45,50
PB316L-C1500T1/2S1/2,"1/2""",1500,316L,"1/2""",0.5,7.4,1.2,1.68,47,52
PBAL6061-C1500T1/2S1/2,"1/2""",1500,AL-6061,"1/2""",0.5,5,0.4,0.56,38,42
PB304-C1500T5/8S1/2,"1/2""",1500,304,"5/8""",0.625,5.5,1.48,2.07,46,51
PBSA36-C1500T5/8S1/2,"1/2""",1500,SA-36,"5/8""",0.625,1.85,1.42,1.99,39,43
PBSA516-70-C1500T5/8S1/2,"1/2""",1500,SA-516-70,"5/8""",0.625,2.15,1.42,1.99,39,43
PB304L-C1500T5/8S1/2,"1/2""",1500,304L,"5/8""",0.625,5.95,1.48,2.07,47,52
PB316L-C1500T5/8S1/2,"1/2""",1500,316L,"5/8""",0.625,7.4,1.5,2.1,50,56
PBAL6061-C1500T5/8S1/2,"1/2""",1500,AL-6061,"5/8""",0.625,5,0.5,0.7,38,42
PB304-C1500T3/4S1/2,"1/2""",1500,304,"3/4""",0.75,5.5,1.78,2.49,49,54
PBSA36-C1500T3/4S1/2,"1/2""",1500,SA-36,"3/4""",0.75,1.85,1.7,2.38,39,43
PBSA516-70-C1500T3/4S1/2,"1/2""",1500,SA-516-70,"3/4""",0.75,2.15,1.7,2.38,40,44
PB304L-C1500T3/4S1/2,"1/2""",1500,304L,"3/4""",0.75,5.95,1.78,2.49,50,56
PB316L-C1500T3/4S1/2,"1/2""",1500,316L,"3/4""",0.75,7.4,1.8,2.52,53,59
PBAL6061-C1500T3/4S1/2,"1/2""",1500,AL-6061,"3/4""",0.75,5,0.6,0.84,39,43
PB304-C1500T7/8S1/2,"1/2""",1500,304,"7/8""",0.875,5.5,2.07,2.9,51,57
PBSA36-C1500T7/8S1/2,"1/2""",1500,SA-36,"7/8""",0.875,1.85,1.98,2.77,40,44
PBSA516-70-C1500T7/8S1/2,"1/2""",1500,SA-516-70,"7/8""",0.875,2.15,1.98,2.77,41,46
PB304L-C1500T7/8S1/2,"1/2""",1500,304L,"7/8""",0.875,5.95,2.07,2.9,52,58
PB316L-C1500T7/8S1/2,"1/2""",1500,316L,"7/8""",0.875,7.4,2.1,2.94,57,63
PBAL6061-C1500T7/8S1/2,"1/2""",1500,AL-6061,"7/8""",0.875,5,0.7,0.98,40,44
PB304-C1500T1S1/2,"1/2""",1500,304,"1""",1,5.5,2.37,3.32,53,59
PBSA36-C1500T1S1/2,"1/2""",1500,SA-36,"1""",1,1.85,2.27,3.18,41,46
PBSA516-70-C1500T1S1/2,"1/2""",1500,SA-516-70,"1""",1,2.15,2.27,3.18,42,47
PB304L-C1500T1S1/2,"1/2""",1500,304L,"1""",1,5.95,2.37,3.32,55,61
PB316L-C1500T1S1/2,"1/2""",1500,316L,"1""",1,7.4,2.4,3.36,60,66
PBAL6061-C1500T1S1/2,"1/2""",1500,AL-6061,"1""",1,5,0.8,1.12,40,44
PB304-C1500T1-1/8S1/2,"1/2""",1500,304,"1-1/8""",1.125,5.5,2.66,3.72,55,61
PBSA36-C1500T1-1/8S1/2,"1/2""",1500,SA-36,"1-1/8""",1.125,1.85,2.55,3.57,41,46
PBSA516-70-C1500T1-1/8S1/2,"1/2""",1500,SA-516-70,"1-1/8""",1.125,2.15,2.55,3.57,43,48
PB304L-C1500T1-1/8S1/2,"1/2""",1500,304L,"1-1/8""",1.125,5.95,2.66,3.72,57,63
PB316L-C1500T1-1/8S1/2,"1/2""",1500,316L,"1-1/8""",1.125,7.4,2.69,3.77,63,70
PBAL6061-C1500T1-1/8S1/2,"1/2""",1500,AL-6061,"1-1/8""",1.125,5,0.9,1.26,41,46
PB304-C1500T1-1/4S1/2,"1/2""",1500,304,"1-1/4""",1.25,5.5,2.96,4.14,58,64
PBSA36-C1500T1-1/4S1/2,"1/2""",1500,SA-36,"1-1/4""",1.25,1.85,2.83,3.96,42,47
PBSA516-70-C1500T1-1/4S1/2,"1/2""",1500,SA-516-70,"1-1/4""",1.25,2.15,2.83,3.96,43,48
PB304L-C1500T1-1/4S1/2,"1/2""",1500,304L,"1-1/4""",1.25,5.95,2.96,4.14,59,65
PB316L-C1500T1-1/4S1/2,"1/2""",1500,316L,"1-1/4""",1.25,7.4,2.99,4.19,66,73
PBAL6061-C1500T1-1/4S1/2,"1/2""",1500,AL-6061,"1-1/4""",1.25,5,1,1.4,42,47
PB304-C1500T1-3/8S1/2,"1/2""",1500,304,"1-3/8""",1.375,5.5,3.26,4.56,60,66
PBSA36-C1500T1-3/8S1/2,"1/2""",1500,SA-36,"1-3/8""",1.375,1.85,3.12,4.37,43,48
PBSA516-70-C1500T1-3/8S1/2,"1/2""",1500,SA-516-70,"1-3/8""",1.375,2.15,3.12,4.37,44,49
PB304L-C1500T1-3/8S1/2,"1/2""",1500,304L,"1-3/8""",1.375,5.95,3.26,4.56,62,69
PB316L-C1500T1-3/8S1/2,"1/2""",1500,316L,"1-3/8""",1.375,7.4,3.29,4.61,69,76
PBAL6061-C1500T1-3/8S1/2,"1/2""",1500,AL-6061,"1-3/8""",1.375,5,1.1,1.54,43,48
PB304-C1500T1-1/2S1/2,"1/2""",1500,304,"1-1/2""",1.5,5.5,3.55,4.97,62,69
PBSA36-C1500T1-1/2S1/2,"1/2""",1500,SA-36,"1-1/2""",1.5,1.85,3.4,4.76,44,49
PBSA516-70-C1500T1-1/2S1/2,"1/2""",1500,SA-516-70,"1-1/2""",1.5,2.15,3.4,4.76,45,50
PB304L-C1500T1-1/2S1/2,"1/2""",1500,304L,"1-1/2""",1.5,5.95,3.55,4.97,64,71
PB316L-C1500T1-1/2S1/2,"1/2""",1500,316L,"1-1/2""",1.5,7.4,3.59,5.03,72,80
PBAL6061-C1500T1-1/2S1/2,"1/2""",1500,AL-6061,"1-1/2""",1.5,5,1.2,1.68,43,48
PB304-C1500T1-5/8S1/2,"1/2""",1500,304,"1-5/8""",1.625,5.5,3.85,5.39,64,71
PBSA36-C1500T1-5/8S1/2,"1/2""",1500,SA-36,"1-5/8""",1.625,1.85,3.68,5.15,44,49
PBSA516-70-C1500T1-5/8S1/2,"1/2""",1500,SA-516-70,"1-5/8""",1.625,2.15,3.68,5.15,46,51
PB304L-C1500T1-5/8S1/2,"1/2""",1500,304L,"1-5/8""",1.625,5.95,3.85,5.39,67,74
PB316L-C1500T1-5/8S1/2,"1/2""",1500,316L,"1-5/8""",1.625,7.4,3.89,5.45,75,83
PBAL6061-C1500T1-5/8S1/2,"1/2""",1500,AL-6061,"1-5/8""",1.625,5,1.3,1.82,44,49
PB304-C1500T1-3/4S1/2,"1/2""",1500,304,"1-3/4""",1.75,5.5,4.14,5.8,67,74
PBSA36-C1500T1-3/4S1/2,"1/2""",1500,SA-36,"1-3/4""",1.75,1.85,3.97,5.56,45,50
PBSA516-70-C1500T1-3/4S1/2,"1/2""",1500,SA-516-70,"1-3/4""",1.75,2.15,3.97,5.56,47,52
PB304L-C1500T1-3/4S1/2,"1/2""",1500,304L,"1-3/4""",1.75,5.95,4.14,5.8,69,76
PB316L-C1500T1-3/4S1/2,"1/2""",1500,316L,"1-3/4""",1.75,7.4,4.19,5.87,78,86
PBAL6061-C1500T1-3/4S1/2,"1/2""",1500,AL-6061,"1-3/4""",1.75,5,1.4,1.96,45,50
PB304-C1500T1-7/8S1/2,"1/2""",1500,304,"1-7/8""",1.875,5.5,4.44,6.22,69,76
PBSA36-C1500T1-7/8S1/2,"1/2""",1500,SA-36,"1-7/8""",1.875,1.85,4.25,5.95,46,51
PBSA516-70-C1500T1-7/8S1/2,"1/2""",1500,SA-516-70,"1-7/8""",1.875,2.15,4.25,5.95,48,53
PB304L-C1500T1-7/8S1/2,"1/2""",1500,304L,"1-7/8""",1.875,5.95,4.44,6.22,72,80
PB316L-C1500T1-7/8S1/2,"1/2""",1500,316L,"1-7/8""",1.875,7.4,4.49,6.29,81,90
PBAL6061-C1500T1-7/8S1/2,"1/2""",1500,AL-6061,"1-7/8""",1.875,5,1.5,2.1,45,50
PB304-C1500T2S1/2,"1/2""",1500,304,"2""",2,5.5,4.74,6.64,71,79
PBSA36-C1500T2S1/2,"1/2""",1500,SA-36,"2""",2,1.85,4.53,6.34,47,52
PBSA516-70-C1500T2S1/2,"1/2""",1500,SA-516-70,"2""",2,2.15,4.53,6.34,48,53
PB304L-C1500T2S1/2,"1/2""",1500,304L,"2""",2,5.95,4.74,6.64,74,82
PB316L-C1500T2S1/2,"1/2""",1500,316L,"2""",2,7.4,4.79,6.71,85,94
PBAL6061-C1500T2S1/2,"1/2""",1500,AL-6061,"2""",2,5,1.6,2.24,46,51
PB304-C1500T2-1/4S1/2,"1/2""",1500,304,"2-1/4""",2.25,5.5,5.33,7.46,76,84
PBSA36-C1500T2-1/4S1/2,"1/2""",1500,SA-36,"2-1/4""",2.25,1.85,5.1,7.14,48,53
PBSA516-70-C1500T2-1/4S1/2,"1/2""",1500,SA-516-70,"2-1/4""",2.25,2.15,5.1,7.14,50,56
PB304L-C1500T2-1/4S1/2,"1/2""",1500,304L,"2-1/4""",2.25,5.95,5.33,7.46,79,87
PB316L-C1500T2-1/4S1/2,"1/2""",1500,316L,"2-1/4""",2.25,7.4,5.39,7.55,91,101
PBAL6061-C1500T2-1/4S1/2,"1/2""",1500,AL-6061,"2-1/4""",2.25,5,1.8,2.52,47,52
PB304-C1500T2-1/2S1/2,"1/2""",1500,304,"2-1/2""",2.5,5.5,5.92,8.29,80,88
PBSA36-C1500T2-1/2S1/2,"1/2""",1500,SA-36,"2-1/2""",2.5,1.85,5.67,7.94,50,56
PBSA516-70-C1500T2-1/2S1/2,"1/2""",1500,SA-516-70,"2-1/2""",2.5,2.15,5.67,7.94,52,58
PB304L-C1500T2-1/2S1/2,"1/2""",1500,304L,"2-1/2""",2.5,5.95,5.92,8.29,84,93
PB316L-C1500T2-1/2S1/2,"1/2""",1500,316L,"2-1/2""",2.5,7.4,5.99,8.39,97,107
PBAL6061-C1500T2-1/2S1/2,"1/2""",1500,AL-6061,"2-1/2""",2.5,5,2,2.8,49,54
PB304-C1500T3S1/2,"1/2""",1500,304,"3""",3,5.5,7.1,9.94,90,100
PBSA36-C1500T3S1/2,"1/2""",1500,SA-36,"3""",3,1.85,6.8,9.52,52,58
PBSA516-70-C1500T3S1/2,"1/2""",1500,SA-516-70,"3""",3,2.15,6.8,9.52,55,61
PB304L-C1500T3S1/2,"1/2""",1500,304L,"3""",3,5.95,7.1,9.94,94,104
PB316L-C1500T3S1/2,"1/2""",1500,316L,"3""",3,7.4,7.19,10.07,109,120
PBAL6061-C1500T3S1/2,"1/2""",1500,AL-6061,"3""",3,5,2.4,3.36,52,58
PB304-C1500T11GAS3/4,"3/4""",1500,304,11 Gauge,0.1196,5.5,0.32,0.45,37,41
PBSA36-C1500T11GAS3/4,"3/4""",1500,SA-36,11 Gauge,0.1196,1.85,0.31,0.43,36,40
PBSA516-70-C1500T11GAS3/4,"3/4""",1500,SA-516-70,11 Gauge,0.1196,2.15,0.31,0.43,36,40
PB304L-C1500T11GAS3/4,"3/4""",1500,304L,11 Gauge,0.1196,5.95,0.32,0.45,38,42
PB316L-C1500T11GAS3/4,"3/4""",1500,316L,11 Gauge,0.1196,7.4,0.33,0.46,38,42
PBAL6061-C1500T11GAS3/4,"3/4""",1500,AL-6061,11 Gauge,0.1196,5,0.11,0.15,36,40
PB304-C1500T1/8S3/4,"3/4""",1500,304,"1/8""",0.125,5.5,0.34,0.48,37,41
PBSA36-C1500T1/8S3/4,"3/4""",1500,SA-36,"1/8""",0.125,1.85,0.32,0.45,36,40
PBSA516-70-C1500T1/8S3/4,"3/4""",1500,SA-516-70,"1/8""",0.125,2.15,0.32,0.45,36,40
PB304L-C1500T1/8S3/4,"3/4""",1500,304L,"1/8""",0.125,5.95,0.34,0.48,38,42
PB316L-C1500T1/8S3/4,"3/4""",1500,316L,"1/8""",0.125,7.4,0.34,0.48,38,42
PBAL6061-C1500T1/8S3/4,"3/4""",1500,AL-6061,"1/8""",0.125,5,0.11,0.15,36,40
PB304-C1500T3/16S3/4,"3/4""",1500,304,"3/16""",0.1875,5.5,0.51,0.71,39,43
PBSA36-C1500T3/16S3/4,"3/4""",1500,SA-36,"3/16""",0.1875,1.85,0.48,0.67,36,40
PBSA516-70-C1500T3/16S3/4,"3/4""",1500,SA-516-70,"3/16""",0.1875,2.15,0.48,0.67,36,40
PB304L-C1500T3/16S3/4,"3/4""",1500,304L,"3/16""",0.1875,5.95,0.51,0.71,39,43
PB316L-C1500T3/16S3/4,"3/4""",1500,316L,"3/16""",0.1875,7.4,0.51,0.71,40,44
PBAL6061-C1500T3/16S3/4,"3/4""",1500,AL-6061,"3/16""",0.1875,5,0.17,0.24,36,40
PB304-C1500T1/4S3/4,"3/4""",1500,304,"1/4""",0.25,5.5,0.67,0.94,40,44
PBSA36-C1500T1/4S3/4,"3/4""",1500,SA-36,"1/4""",0.25,1.85,0.65,0.91,37,41
PBSA516-70-C1500T1/4S3/4,"3/4""",1500,SA-516-70,"1/4""",0.25,2.15,0.65,0.91,37,41
PB304L-C1500T1/4S3/4,"3/4""",1500,304L,"1/4""",0.25,5.95,0.67,0.94,40,44
PB316L-C1500T1/4S3/4,"3/4""",1500,316L,"1/4""",0.25,7.4,0.68,0.95,42,47
PBAL6061-C1500T1/4S3/4,"3/4""",1500,AL-6061,"1/4""",0.25,5,0.23,0.32,36,40
PB304-C1500T5/16S3/4,"3/4""",1500,304,"5/16""",0.3125,5.5,0.84,1.18,41,46
PBSA36-C1500T5/16S3/4,"3/4""",1500,SA-36,"5/16""",0.3125,1.85,0.81,1.13,37,41
PBSA516-70-C1500T5/16S3/4,"3/4""",1500,SA-516-70,"5/16""",0.3125,2.15,0.81,1.13,37,41
PB304L-C1500T5/16S3/4,"3/4""",1500,304L,"5/16""",0.3125,5.95,0.84,1.18,42,47
PB316L-C1500T5/16S3/4,"3/4""",1500,316L,"5/16""",0.3125,7.4,0.85,1.19,44,49
PBAL6061-C1500T5/16S3/4,"3/4""",1500,AL-6061,"5/16""",0.3125,5,0.28,0.39,37,41
PB304-C1500T3/8S3/4,"3/4""",1500,304,"3/8""",0.375,5.5,1.01,1.41,43,48
PBSA36-C1500T3/8S3/4,"3/4""",1500,SA-36,"3/8""",0.375,1.85,0.97,1.36,37,41
PBSA516-70-C1500T3/8S3/4,"3/4""",1500,SA-516-70,"3/8""",0.375,2.15,0.97,1.36,38,42
PB304L-C1500T3/8S3/4,"3/4""",1500,304L,"3/8""",0.375,5.95,1.01,1.41,43,48
PB316L-C1500T3/8S3/4,"3/4""",1500,316L,"3/8""",0.375,7.4,1.02,1.43,45,50
PBAL6061-C1500T3/8S3/4,"3/4""",1500,AL-6061,"3/8""",0.375,5,0.34,0.48,37,41
PB304-C1500T1/2S3/4,"3/4""",1500,304,"1/2""",0.5,5.5,1.35,1.89,45,50
PBSA36-C1500T1/2S3/4,"3/4""",1500,SA-36,"1/2""",0.5,1.85,1.29,1.81,38,42
PBSA516-70-C1500T1/2S3/4,"3/4""",1500,SA-516-70,"1/2""",0.5,2.15,1.29,1.81,39,43
PB304L-C1500T1/2S3/4,"3/4""",1500,304L,"1/2""",0.5,5.95,1.35,1.89,46,51
PB316L-C1500T1/2S3/4,"3/4""",1500,316L,"1/2""",0.5,7.4,1.36,1.9,49,54
PBAL6061-C1500T1/2S3/4,"3/4""",1500,AL-6061,"1/2""",0.5,5,0.45,0.63,38,42
PB304-C1500T5/8S3/4,"3/4""",1500,304,"5/8""",0.625,5.5,1.69,2.37,48,53
PBSA36-C1500T5/8S3/4,"3/4""",1500,SA-36,"5/8""",0.625,1.85,1.61,2.25,39,43
PBSA516-70-C1500T5/8S3/4,"3/4""",1500,SA-516-70,"5/8""",0.625,2.15,1.61,2.25,40,44
PB304L-C1500T5/8S3/4,"3/4""",1500,304L,"5/8""",0.625,5.95,1.69,2.37,49,54
PB316L-C1500T5/8S3/4,"3/4""",1500,316L,"5/8""",0.625,7.4,1.7,2.38,52,58
PBAL6061-C1500T5/8S3/4,"3/4""",1500,AL-6061,"5/8""",0.625,5,0.57,0.8,39,43
PB304-C1500T3/4S3/4,"3/4""",1500,304,"3/4""",0.75,5.5,2.02,2.83,50,56
PBSA36-C1500T3/4S3/4,"3/4""",1500,SA-36,"3/4""",0.75,1.85,1.94,2.72,40,44
PBSA516-70-C1500T3/4S3/4,"3/4""",1500,SA-516-70,"3/4""",0.75,2.15,1.94,2.72,41,46
PB304L-C1500T3/4S3/4,"3/4""",1500,304L,"3/4""",0.75,5.95,2.02,2.83,52,58
PB316L-C1500T3/4S3/4,"3/4""",1500,316L,"3/4""",0.75,7.4,2.04,2.86,56,62
PBAL6061-C1500T3/4S3/4,"3/4""",1500,AL-6061,"3/4""",0.75,5,0.68,0.95,40,44
PB304-C1500T7/8S3/4,"3/4""",1500,304,"7/8""",0.875,5.5,2.36,3.3,53,59
PBSA36-C1500T7/8S3/4,"3/4""",1500,SA-36,"7/8""",0.875,1.85,2.26,3.16,41,46
PBSA516-70-C1500T7/8S3/4,"3/4""",1500,SA-516-70,"7/8""",0.875,2.15,2.26,3.16,42,47
PB304L-C1500T7/8S3/4,"3/4""",1500,304L,"7/8""",0.875,5.95,2.36,3.3,54,60
PB316L-C1500T7/8S3/4,"3/4""",1500,316L,"7/8""",0.875,7.4,2.39,3.35,60,66
PBAL6061-C1500T7/8S3/4,"3/4""",1500,AL-6061,"7/8""",0.875,5,0.8,1.12,40,44
PB304-C1500T1S3/4,"3/4""",1500,304,"1""",1,5.5,2.7,3.78,56,62
PBSA36-C1500T1S3/4,"3/4""",1500,SA-36,"1""",1,1.85,2.58,3.61,42,47
PBSA516-70-C1500T1S3/4,"3/4""",1500,SA-516-70,"1""",1,2.15,2.58,3.61,43,48
PB304L-C1500T1S3/4,"3/4""",1500,304L,"1""",1,5.95,2.7,3.78,57,63
PB316L-C1500T1S3/4,"3/4""",1500,316L,"1""",1,7.4,2.73,3.82,63,70
PBAL6061-C1500T1S3/4,"3/4""",1500,AL-6061,"1""",1,5,0.91,1.27,41,46
PB304-C1500T1-1/8S3/4,"3/4""",1500,304,"1-1/8""",1.125,5.5,3.03,4.24,58,64
PBSA36-C1500T1-1/8S3/4,"3/4""",1500,SA-36,"1-1/8""",1.125,1.85,2.9,4.06,42,47
PBSA516-70-C1500T1-1/8S3/4,"3/4""",1500,SA-516-70,"1-1/8""",1.125,2.15,2.9,4.06,44,49
PB304L-C1500T1-1/8S3/4,"3/4""",1500,304L,"1-1/8""",1.125,5.95,3.03,4.24,60,66
PB316L-C1500T1-1/8S3/4,"3/4""",1500,316L,"1-1/8""",1.125,7.4,3.07,4.3,67,74
PBAL6061-C1500T1-1/8S3/4,"3/4""",1500,AL-6061,"1-1/8""",1.125,5,1.02,1.43,42,47
PB304-C1500T1-1/4S3/4,"3/4""",1500,304,"1-1/4""",1.25,5.5,3.37,4.72,61,68
PBSA36-C1500T1-1/4S3/4,"3/4""",1500,SA-36,"1-1/4""",1.25,1.85,3.23,4.52,43,48
PBSA516-70-C1500T1-1/4S3/4,"3/4""",1500,SA-516-70,"1-1/4""",1.25,2.15,3.23,4.52,45,50
PB304L-C1500T1-1/4S3/4,"3/4""",1500,304L,"1-1/4""",1.25,5.95,3.37,4.72,63,70
PB316L-C1500T1-1/4S3/4,"3/4""",1500,316L,"1-1/4""",1.25,7.4,3.41,4.77,70,77
PBAL6061-C1500T1-1/4S3/4,"3/4""",1500,AL-6061,"1-1/4""",1.25,5,1.14,1.6,43,48
PB304-C1500T1-3/8S3/4,"3/4""",1500,304,"1-3/8""",1.375,5.5,3.71,5.19,63,70
PBSA36-C1500T1-3/8S3/4,"3/4""",1500,SA-36,"1-3/8""",1.375,1.85,3.55,4.97,44,49
PBSA516-70-C1500T1-3/8S3/4,"3/4""",1500,SA-516-70,"1-3/8""",1.375,2.15,3.55,4.97,46,51
PB304L-C1500T1-3/8S3/4,"3/4""",1500,304L,"1-3/8""",1.375,5.95,3.71,5.19,66,73
PB316L-C1500T1-3/8S3/4,"3/4""",1500,316L,"1-3/8""",1.375,7.4,3.75,5.25,74,82
PBAL6061-C1500T1-3/8S3/4,"3/4""",1500,AL-6061,"1-3/8""",1.375,5,1.25,1.75,44,49
PB304-C1500T1-1/2S3/4,"3/4""",1500,304,"1-1/2""",1.5,5.5,4.04,5.66,66,73
PBSA36-C1500T1-1/2S3/4,"3/4""",1500,SA-36,"1-1/2""",1.5,1.85,3.87,5.42,45,50
PBSA516-70-C1500T1-1/2S3/4,"3/4""",1500,SA-516-70,"1-1/2""",1.5,2.15,3.87,5.42,47,52
PB304L-C1500T1-1/2S3/4,"3/4""",1500,304L,"1-1/2""",1.5,5.95,4.04,5.66,69,76
PB316L-C1500T1-1/2S3/4,"3/4""",1500,316L,"1-1/2""",1.5,7.4,4.09,5.73,77,85
PBAL6061-C1500T1-1/2S3/4,"3/4""",1500,AL-6061,"1-1/2""",1.5,5,1.36,1.9,44,49
PB304-C1500T1-5/8S3/4,"3/4""",1500,304,"1-5/8""",1.625,5.5,4.38,6.13,69,76
PBSA36-C1500T1-5/8S3/4,"3/4""",1500,SA-36,"1-5/8""",1.625,1.85,4.19,5.87,46,51
PBSA516-70-C1500T1-5/8S3/4,"3/4""",1500,SA-516-70,"1-5/8""",1.625,2.15,4.19,5.87,47,52
PB304L-C1500T1-5/8S3/4,"3/4""",1500,304L,"1-5/8""",1.625,5.95,4.38,6.13,71,79
PB316L-C1500T1-5/8S3/4,"3/4""",1500,316L,"1-5/8""",1.625,7.4,4.43,6.2,81,90
PBAL6061-C1500T1-5/8S3/4,"3/4""",1500,AL-6061,"1-5/8""",1.625,5,1.48,2.07,45,50
PB304-C1500T1-3/4S3/4,"3/4""",1500,304,"1-3/4""",1.75,5.5,4.72,6.61,71,79
PBSA36-C1500T1-3/4S3/4,"3/4""",1500,SA-36,"1-3/4""",1.75,1.85,4.52,6.33,47,52
PBSA516-70-C1500T1-3/4S3/4,"3/4""",1500,SA-516-70,"1-3/4""",1.75,2.15,4.52,6.33,48,53
PB304L-C1500T1-3/4S3/4,"3/4""",1500,304L,"1-3/4""",1.75,5.95,4.72,6.61,74,82
PB316L-C1500T1-3/4S3/4,"3/4""",1500,316L,"1-3/4""",1.75,7.4,4.77,6.68,84,93
PBAL6061-C1500T1-3/4S3/4,"3/4""",1500,AL-6061,"1-3/4""",1.75,5,1.59,2.23,46,51
PB304-C1500T1-7/8S3/4,"3/4""",1500,304,"1-7/8""",1.875,5.5,5.06,7.08,74,82
PBSA36-C1500T1-7/8S3/4,"3/4""",1500,SA-36,"1-7/8""",1.875,1.85,4.84,6.78,47,52
PBSA516-70-C1500T1-7/8S3/4,"3/4""",1500,SA-516-70,"1-7/8""",1.875,2.15,4.84,6.78,49,54
PB304L-C1500T1-7/8S3/4,"3/4""",1500,304L,"1-7/8""",1.875,5.95,5.06,7.08,77,85
PB316L-C1500T1-7/8S3/4,"3/4""",1500,316L,"1-7/8""",1.875,7.4,5.11,7.15,88,97
PBAL6061-C1500T1-7/8S3/4,"3/4""",1500,AL-6061,"1-7/8""",1.875,5,1.7,2.38,47,52
PB304-C1500T2S3/4,"3/4""",1500,304,"2""",2,5.5,5.39,7.55,76,84
PBSA36-C1500T2S3/4,"3/4""",1500,SA-36,"2""",2,1.85,5.16,7.22,48,53
PBSA516-70-C1500T2S3/4,"3/4""",1500,SA-516-70,"2""",2,2.15,5.16,7.22,50,56
PB304L-C1500T2S3/4,"3/4""",1500,304L,"2""",2,5.95,5.39,7.55,80,88
PB316L-C1500T2S3/4,"3/4""",1500,316L,"2""",2,7.4,5.45,7.63,91,101
PBAL6061-C1500T2S3/4,"3/4""",1500,AL-6061,"2""",2,5,1.82,2.55,48,53
PB304-C1500T2-1/4S3/4,"3/4""",1500,304,"2-1/4""",2.25,5.5,6.07,8.5,82,91
PBSA36-C1500T2-1/4S3/4,"3/4""",1500,SA-36,"2-1/4""",2.25,1.85,5.81,8.13,50,56
PBSA516-70-C1500T2-1/4S3/4,"3/4""",1500,SA-516-70,"2-1/4""",2.25,2.15,5.81,8.13,52,58
PB304L-C1500T2-1/4S3/4,"3/4""",1500,304L,"2-1/4""",2.25,5.95,6.07,8.5,85,94
PB316L-C1500T2-1/4S3/4,"3/4""",1500,316L,"2-1/4""",2.25,7.4,6.13,8.58,98,108
PBAL6061-C1500T2-1/4S3/4,"3/4""",1500,AL-6061,"2-1/4""",2.25,5,2.05,2.87,49,54
PB304-C1500T2-1/2S3/4,"3/4""",1500,304,"2-1/2""",2.5,5.5,6.74,9.44,87,96
PBSA36-C1500T2-1/2S3/4,"3/4""",1500,SA-36,"2-1/2""",2.5,1.85,6.45,9.03,52,58
PBSA516-70-C1500T2-1/2S3/4,"3/4""",1500,SA-516-70,"2-1/2""",2.5,2.15,6.45,9.03,54,60
PB304L-C1500T2-1/2S3/4,"3/4""",1500,304L,"2-1/2""",2.5,5.95,6.74,9.44,91,101
PB316L-C1500T2-1/2S3/4,"3/4""",1500,316L,"2-1/2""",2.5,7.4,6.82,9.55,106,117
PBAL6061-C1500T2-1/2S3/4,"3/4""",1500,AL-6061,"2-1/2""",2.5,5,2.27,3.18,51,57
PB304-C1500T3S3/4,"3/4""",1500,304,"3""",3,5.5,8.09,11.33,97,107
PBSA36-C1500T3S3/4,"3/4""",1500,SA-36,"3""",3,1.85,7.74,10.84,55,61
PBSA516-70-C1500T3S3/4,"3/4""",1500,SA-516-70,"3""",3,2.15,7.74,10.84,58,64
PB304L-C1500T3S3/4,"3/4""",1500,304L,"3""",3,5.95,8.09,11.33,102,113
PB316L-C1500T3S3/4,"3/4""",1500,316L,"3""",3,7.4,8.18,11.45,120,132
PBAL6061-C1500T3S3/4,"3/4""",1500,AL-6061,"3""",3,5,2.73,3.82,54,60
PB304-C1500T11GAS1,"1""",1500,304,11 Gauge,0.1196,5.5,0.39,0.55,38,42
PBSA36-C1500T11GAS1,"1""",1500,SA-36,11 Gauge,0.1196,1.85,0.38,0.53,36,40
PBSA516-70-C1500T11GAS1,"1""",1500,SA-516-70,11 Gauge,0.1196,2.15,0.38,0.53,36,40
PB304L-C1500T11GAS1,"1""",1500,304L,11 Gauge,0.1196,5.95,0.39,0.55,38,42
PB316L-C1500T11GAS1,"1""",1500,316L,11 Gauge,0.1196,7.4,0.4,0.56,39,43
PBAL6061-C1500T11GAS1,"1""",1500,AL-6061,11 Gauge,0.1196,5,0.13,0.18,36,40
PB304-C1500T1/8S1,"1""",1500,304,"1/8""",0.125,5.5,0.41,0.57,38,42
PBSA36-C1500T1/8S1,"1""",1500,SA-36,"1/8""",0.125,1.85,0.39,0.55,36,40
PBSA516-70-C1500T1/8S1,"1""",1500,SA-516-70,"1/8""",0.125,2.15,0.39,0.55,36,40
PB304L-C1500T1/8S1,"1""",1500,304L,"1/8""",0.125,5.95,0.41,0.57,38,42
PB316L-C1500T1/8S1,"1""",1500,316L,"1/8""",0.125,7.4,0.41,0.57,39,43
PBAL6061-C1500T1/8S1,"1""",1500,AL-6061,"1/8""",0.125,5,0.14,0.2,36,40
PB304-C1500T3/16S1,"1""",1500,304,"3/16""",0.1875,5.5,0.61,0.85,40,44
PBSA36-C1500T3/16S1,"1""",1500,SA-36,"3/16""",0.1875,1.85,0.59,0.83,36,40
PBSA516-70-C1500T3/16S1,"1""",1500,SA-516-70,"3/16""",0.1875,2.15,0.59,0.83,37,41
PB304L-C1500T3/16S1,"1""",1500,304L,"3/16""",0.1875,5.95,0.61,0.85,40,44
PB316L-C1500T3/16S1,"1""",1500,316L,"3/16""",0.1875,7.4,0.62,0.87,41,46
PBAL6061-C1500T3/16S1,"1""",1500,AL-6061,"3/16""",0.1875,5,0.21,0.29,36,40
PB304-C1500T1/4S1,"1""",1500,304,"1/4""",0.25,5.5,0.82,1.15,41,46
PBSA36-C1500T1/4S1,"1""",1500,SA-36,"1/4""",0.25,1.85,0.78,1.09,37,41
PBSA516-70-C1500T1/4S1,"1""",1500,SA-516-70,"1/4""",0.25,2.15,0.78,1.09,37,41
PB304L-C1500T1/4S1,"1""",1500,304L,"1/4""",0.25,5.95,0.82,1.15,42,47
PB316L-C1500T1/4S1,"1""",1500,316L,"1/4""",0.25,7.4,0.83,1.16,43,48
PBAL6061-C1500T1/4S1,"1""",1500,AL-6061,"1/4""",0.25,5,0.28,0.39,37,41
PB304-C1500T5/16S1,"1""",1500,304,"5/16""",0.3125,5.5,1.02,1.43,43,48
PBSA36-C1500T5/16S1,"1""",1500,SA-36,"5/16""",0.3125,1.85,0.98,1.37,37,41
PBSA516-70-C1500T5/16S1,"1""",1500,SA-516-70,"5/16""",0.3125,2.15,0.98,1.37,38,42
PB304L-C1500T5/16S1,"1""",1500,304L,"5/16""",0.3125,5.95,1.02,1.43,43,48
PB316L-C1500T5/16S1,"1""",1500,316L,"5/16""",0.3125,7.4,1.04,1.46,46,51
PBAL6061-C1500T5/16S1,"1""",1500,AL-6061,"5/16""",0.3125,5,0.35,0.49,37,41
PB304-C1500T3/8S1,"1""",1500,304,"3/8""",0.375,5.5,1.23,1.72,44,49
PBSA36-C1500T3/8S1,"1""",1500,SA-36,"3/8""",0.375,1.85,1.18,1.65,38,42
PBSA516-70-C1500T3/8S1,"1""",1500,SA-516-70,"3/8""",0.375,2.15,1.18,1.65,38,42
PB304L-C1500T3/8S1,"1""",1500,304L,"3/8""",0.375,5.95,1.23,1.72,45,50
PB316L-C1500T3/8S1,"1""",1500,316L,"3/8""",0.375,7.4,1.24,1.74,48,53
PBAL6061-C1500T3/8S1,"1""",1500,AL-6061,"3/8""",0.375,5,0.41,0.57,38,42
PB304-C1500T1/2S1,"1""",1500,304,"1/2""",0.5,5.5,1.64,2.3,47,52
PBSA36-C1500T1/2S1,"1""",1500,SA-36,"1/2""",0.5,1.85,1.57,2.2,39,43
PBSA516-70-C1500T1/2S1,"1""",1500,SA-516-70,"1/2""",0.5,2.15,1.57,2.2,40,44
PB304L-C1500T1/2S1,"1""",1500,304L,"1/2""",0.5,5.95,1.64,2.3,49,54
PB316L-C1500T1/2S1,"1""",1500,316L,"1/2""",0.5,7.4,1.66,2.32,52,58
PBAL6061-C1500T1/2S1,"1""",1500,AL-6061,"1/2""",0.5,5,0.55,0.77,39,43
PB304-C1500T5/8S1,"1""",1500,304,"5/8""",0.625,5.5,2.05,2.87,51,57
PBSA36-C1500T5/8S1,"1""",1500,SA-36,"5/8""",0.625,1.85,1.96,2.74,40,44
PBSA516-70-C1500T5/8S1,"1""",1500,SA-516-70,"5/8""",0.625,2.15,1.96,2.74,41,46
PB304L-C1500T5/8S1,"1""",1500,304L,"5/8""",0.625,5.95,2.05,2.87,52,58
PB316L-C1500T5/8S1,"1""",1500,316L,"5/8""",0.625,7.4,2.07,2.9,56,62
PBAL6061-C1500T5/8S1,"1""",1500,AL-6061,"5/8""",0.625,5,0.69,0.97,40,44
PB304-C1500T3/4S1,"1""",1500,304,"3/4""",0.75,5.5,2.46,3.44,54,60
PBSA36-C1500T3/4S1,"1""",1500,SA-36,"3/4""",0.75,1.85,2.35,3.29,41,46
PBSA516-70-C1500T3/4S1,"1""",1500,SA-516-70,"3/4""",0.75,2.15,2.35,3.29,42,47
PB304L-C1500T3/4S1,"1""",1500,304L,"3/4""",0.75,5.95,2.46,3.44,55,61
PB316L-C1500T3/4S1,"1""",1500,316L,"3/4""",0.75,7.4,2.49,3.49,61,68
PBAL6061-C1500T3/4S1,"1""",1500,AL-6061,"3/4""",0.75,5,0.83,1.16,41,46
PB304-C1500T7/8S1,"1""",1500,304,"7/8""",0.875,5.5,2.87,4.02,57,63
PBSA36-C1500T7/8S1,"1""",1500,SA-36,"7/8""",0.875,1.85,2.75,3.85,42,47
PBSA516-70-C1500T7/8S1,"1""",1500,SA-516-70,"7/8""",0.875,2.15,2.75,3.85,43,48
PB304L-C1500T7/8S1,"1""",1500,304L,"7/8""",0.875,5.95,2.87,4.02,59,65
PB316L-C1500T7/8S1,"1""",1500,316L,"7/8""",0.875,7.4,2.9,4.06,65,72
PBAL6061-C1500T7/8S1,"1""",1500,AL-6061,"7/8""",0.875,5,0.97,1.36,42,47
PB304-C1500T1S1,"1""",1500,304,"1""",1,5.5,3.28,4.59,60,66
PBSA36-C1500T1S1,"1""",1500,SA-36,"1""",1,1.85,3.14,4.4,43,48
PBSA516-70-C1500T1S1,"1""",1500,SA-516-70,"1""",1,2.15,3.14,4.4,44,49
PB304L-C1500T1S1,"1""",1500,304L,"1""",1,5.95,3.28,4.59,62,69
PB316L-C1500T1S1,"1""",1500,316L,"1""",1,7.4,3.32,4.65,69,76
PBAL6061-C1500T1S1,"1""",1500,AL-6061,"1""",1,5,1.11,1.55,43,48
PB304-C1500T1-1/8S1,"1""",1500,304,"1-1/8""",1.125,5.5,3.69,5.17,63,70
PBSA36-C1500T1-1/8S1,"1""",1500,SA-36,"1-1/8""",1.125,1.85,3.53,4.94,44,49
PBSA516-70-C1500T1-1/8S1,"1""",1500,SA-516-70,"1-1/8""",1.125,2.15,3.53,4.94,45,50
PB304L-C1500T1-1/8S1,"1""",1500,304L,"1-1/8""",1.125,5.95,3.69,5.17,66,73
PB316L-C1500T1-1/8S1,"1""",1500,316L,"1-1/8""",1.125,7.4,3.73,5.22,73,81
PBAL6061-C1500T1-1/8S1,"1""",1500,AL-6061,"1-1/8""",1.125,5,1.24,1.74,44,49
PB304-C1500T1-1/4S1,"1""",1500,304,"1-1/4""",1.25,5.5,4.1,5.74,66,73
PBSA36-C1500T1-1/4S1,"1""",1500,SA-36,"1-1/4""",1.25,1.85,3.92,5.49,45,50
PBSA516-70-C1500T1-1/4S1,"1""",1500,SA-516-70,"1-1/4""",1.25,2.15,3.92,5.49,47,52
PB304L-C1500T1-1/4S1,"1""",1500,304L,"1-1/4""",1.25,5.95,4.1,5.74,69,76
PB316L-C1500T1-1/4S1,"1""",1500,316L,"1-1/4""",1.25,7.4,4.15,5.81,78,86
PBAL6061-C1500T1-1/4S1,"1""",1500,AL-6061,"1-1/4""",1.25,5,1.38,1.93,44,49
PB304-C1500T1-3/8S1,"1""",1500,304,"1-3/8""",1.375,5.5,4.51,6.31,70,77
PBSA36-C1500T1-3/8S1,"1""",1500,SA-36,"1-3/8""",1.375,1.85,4.32,6.05,46,51
PBSA516-70-C1500T1-3/8S1,"1""",1500,SA-516-70,"1-3/8""",1.375,2.15,4.32,6.05,48,53
PB304L-C1500T1-3/8S1,"1""",1500,304L,"1-3/8""",1.375,5.95,4.51,6.31,72,80
PB316L-C1500T1-3/8S1,"1""",1500,316L,"1-3/8""",1.375,7.4,4.56,6.38,82,91
PBAL6061-C1500T1-3/8S1,"1""",1500,AL-6061,"1-3/8""",1.375,5,1.52,2.13,45,50
PB304-C1500T1-1/2S1,"1""",1500,304,"1-1/2""",1.5,5.5,4.92,6.89,73,81
PBSA36-C1500T1-1/2S1,"1""",1500,SA-36,"1-1/2""",1.5,1.85,4.71,6.59,47,52
PBSA516-70-C1500T1-1/2S1,"1""",1500,SA-516-70,"1-1/2""",1.5,2.15,4.71,6.59,49,54
PB304L-C1500T1-1/2S1,"1""",1500,304L,"1-1/2""",1.5,5.95,4.92,6.89,76,84
PB316L-C1500T1-1/2S1,"1""",1500,316L,"1-1/2""",1.5,7.4,4.98,6.97,86,95
PBAL6061-C1500T1-1/2S1,"1""",1500,AL-6061,"1-1/2""",1.5,5,1.66,2.32,46,51
PB304-C1500T1-5/8S1,"1""",1500,304,"1-5/8""",1.625,5.5,5.33,7.46,76,84
PBSA36-C1500T1-5/8S1,"1""",1500,SA-36,"1-5/8""",1.625,1.85,5.1,7.14,48,53
PBSA516-70-C1500T1-5/8S1,"1""",1500,SA-516-70,"1-5/8""",1.625,2.15,5.1,7.14,50,56
PB304L-C1500T1-5/8S1,"1""",1500,304L,"1-5/8""",1.625,5.95,5.33,7.46,79,87
PB316L-C1500T1-5/8S1,"1""",1500,316L,"1-5/8""",1.625,7.4,5.39,7.55,91,101
PBAL6061-C1500T1-5/8S1,"1""",1500,AL-6061,"1-5/8""",1.625,5,1.8,2.52,47,52
PB304-C1500T1-3/4S1,"1""",1500,304,"1-3/4""",1.75,5.5,5.74,8.04,79,87
PBSA36-C1500T1-3/4S1,"1""",1500,SA-36,"1-3/4""",1.75,1.85,5.49,7.69,49,54
PBSA516-70-C1500T1-3/4S1,"1""",1500,SA-516-70,"1-3/4""",1.75,2.15,5.49,7.69,51,57
PB304L-C1500T1-3/4S1,"1""",1500,304L,"1-3/4""",1.75,5.95,5.74,8.04,83,92
PB316L-C1500T1-3/4S1,"1""",1500,316L,"1-3/4""",1.75,7.4,5.8,8.12,95,105
PBAL6061-C1500T1-3/4S1,"1""",1500,AL-6061,"1-3/4""",1.75,5,1.94,2.72,48,53
PB304-C1500T1-7/8S1,"1""",1500,304,"1-7/8""",1.875,5.5,6.15,8.61,82,91
PBSA36-C1500T1-7/8S1,"1""",1500,SA-36,"1-7/8""",1.875,1.85,5.89,8.25,50,56
PBSA516-70-C1500T1-7/8S1,"1""",1500,SA-516-70,"1-7/8""",1.875,2.15,5.89,8.25,53,59
PB304L-C1500T1-7/8S1,"1""",1500,304L,"1-7/8""",1.875,5.95,6.15,8.61,86,95
PB316L-C1500T1-7/8S1,"1""",1500,316L,"1-7/8""",1.875,7.4,6.22,8.71,99,109
PBAL6061-C1500T1-7/8S1,"1""",1500,AL-6061,"1-7/8""",1.875,5,2.07,2.9,49,54
PB304-C1500T2S1,"1""",1500,304,"2""",2,5.5,6.56,9.18,85,94
PBSA36-C1500T2S1,"1""",1500,SA-36,"2""",2,1.85,6.28,8.79,51,57
PBSA516-70-C1500T2S1,"1""",1500,SA-516-70,"2""",2,2.15,6.28,8.79,54,60
PB304L-C1500T2S1,"1""",1500,304L,"2""",2,5.95,6.56,9.18,89,98
PB316L-C1500T2S1,"1""",1500,316L,"2""",2,7.4,6.63,9.28,104,115
PBAL6061-C1500T2S1,"1""",1500,AL-6061,"2""",2,5,2.21,3.09,50,56
PB304-C1500T2-1/4S1,"1""",1500,304,"2-1/4""",2.25,5.5,7.38,10.33,92,102
PBSA36-C1500T2-1/4S1,"1""",1500,SA-36,"2-1/4""",2.25,1.85,7.06,9.88,53,59
PBSA516-70-C1500T2-1/4S1,"1""",1500,SA-516-70,"2-1/4""",2.25,2.15,7.06,9.88,56,62
PB304L-C1500T2-1/4S1,"1""",1500,304L,"2-1/4""",2.25,5.95,7.38,10.33,96,106
PB316L-C1500T2-1/4S1,"1""",1500,316L,"2-1/4""",2.25,7.4,7.46,10.44,112,124
PBAL6061-C1500T2-1/4S1,"1""",1500,AL-6061,"2-1/4""",2.25,5,2.49,3.49,52,58
PB304-C1500T2-1/2S1,"1""",1500,304,"2-1/2""",2.5,5.5,8.2,11.48,98,108
PBSA36-C1500T2-1/2S1,"1""",1500,SA-36,"2-1/2""",2.5,1.85,7.85,10.99,55,61
PBSA516-70-C1500T2-1/2S1,"1""",1500,SA-516-70,"2-1/2""",2.5,2.15,7.85,10.99,58,64
PB304L-C1500T2-1/2S1,"1""",1500,304L,"2-1/2""",2.5,5.95,8.2,11.48,103,114
PB316L-C1500T2-1/2S1,"1""",1500,316L,"2-1/2""",2.5,7.4,8.29,11.61,121,134
PBAL6061-C1500T2-1/2S1,"1""",1500,AL-6061,"2-1/2""",2.5,5,2.77,3.88,54,60
PB304-C1500T3S1,"1""",1500,304,"3""",3,5.5,9.84,13.78,111,123
PBSA36-C1500T3S1,"1""",1500,SA-36,"3""",3,1.85,9.42,13.19,59,65
PBSA516-70-C1500T3S1,"1""",1500,SA-516-70,"3""",3,2.15,9.42,13.19,63,70
PB304L-C1500T3S1,"1""",1500,304L,"3""",3,5.95,9.84,13.78,117,129
PB316L-C1500T3S1,"1""",1500,316L,"3""",3,7.4,9.95,13.93,138,152
PBAL6061-C1500T3S1,"1""",1500,AL-6061,"3""",3,5,3.32,4.65,58,64
PB304-C1500T11GAS1-1/4,"1-1/4""",1500,304,11 Gauge,0.1196,5.5,0.47,0.66,38,42
PBSA36-C1500T11GAS1-1/4,"1-1/4""",1500,SA-36,11 Gauge,0.1196,1.85,0.45,0.63,36,40
PBSA516-70-C1500T11GAS1-1/4,"1-1/4""",1500,SA-516-70,11 Gauge,0.1196,2.15,0.45,0.63,36,40
PB304L-C1500T11GAS1-1/4,"1-1/4""",1500,304L,11 Gauge,0.1196,5.95,0.47,0.66,39,43
PB316L-C1500T11GAS1-1/4,"1-1/4""",1500,316L,11 Gauge,0.1196,7.4,0.47,0.66,40,44
PBAL6061-C1500T11GAS1-1/4,"1-1/4""",1500,AL-6061,11 Gauge,0.1196,5,0.16,0.22,36,40
PB304-C1500T1/8S1-1/4,"1-1/4""",1500,304,"1/8""",0.125,5.5,0.49,0.69,39,43
PBSA36-C1500T1/8S1-1/4,"1-1/4""",1500,SA-36,"1/8""",0.125,1.85,0.47,0.66,36,40
PBSA516-70-C1500T1/8S1-1/4,"1-1/4""",1500,SA-516-70,"1/8""",0.125,2.15,0.47,0.66,36,40
PB304L-C1500T1/8S1-1/4,"1-1/4""",1500,304L,"1/8""",0.125,5.95,0.49,0.69,39,43
PB316L-C1500T1/8S1-1/4,"1-1/4""",1500,316L,"1/8""",0.125,7.4,0.49,0.69,40,44
PBAL6061-C1500T1/8S1-1/4,"1-1/4""",1500,AL-6061,"1/8""",0.125,5,0.16,0.22,36,40
PB304-C1500T3/16S1-1/4,"1-1/4""",1500,304,"3/16""",0.1875,5.5,0.73,1.02,40,44
PBSA36-C1500T3/16S1-1/4,"1-1/4""",1500,SA-36,"3/16""",0.1875,1.85,0.7,0.98,37,41
PBSA516-70-C1500T3/16S1-1/4,"1-1/4""",1500,SA-516-70,"3/16""",0.1875,2.15,0.7,0.98,37,41
PB304L-C1500T3/16S1-1/4,"1-1/4""",1500,304L,"3/16""",0.1875,5.95,0.73,1.02,41,46
PB316L-C1500T3/16S1-1/4,"1-1/4""",1500,316L,"3/16""",0.1875,7.4,0.74,1.04,43,48
PBAL6061-C1500T3/16S1-1/4,"1-1/4""",1500,AL-6061,"3/16""",0.1875,5,0.25,0.35,37,41
PB304-C1500T1/4S1-1/4,"1-1/4""",1500,304,"1/4""",0.25,5.5,0.97,1.36,42,47
PBSA36-C1500T1/4S1-1/4,"1-1/4""",1500,SA-36,"1/4""",0.25,1.85,0.93,1.3,37,41
PBSA516-70-C1500T1/4S1-1/4,"1-1/4""",1500,SA-516-70,"1/4""",0.25,2.15,0.93,1.3,38,42
PB304L-C1500T1/4S1-1/4,"1-1/4""",1500,304L,"1/4""",0.25,5.95,0.97,1.36,43,48
PB316L-C1500T1/4S1-1/4,"1-1/4""",1500,316L,"1/4""",0.25,7.4,0.98,1.37,45,50
PBAL6061-C1500T1/4S1-1/4,"1-1/4""",1500,AL-6061,"1/4""",0.25,5,0.33,0.46,37,41
PB304-C1500T5/16S1-1/4,"1-1/4""",1500,304,"5/16""",0.3125,5.5,1.22,1.71,44,49
PBSA36-C1500T5/16S1-1/4,"1-1/4""",1500,SA-36,"5/16""",0.3125,1.85,1.16,1.62,38,42
PBSA516-70-C1500T5/16S1-1/4,"1-1/4""",1500,SA-516-70,"5/16""",0.3125,2.15,1.16,1.62,38,42
PB304L-C1500T5/16S1-1/4,"1-1/4""",1500,304L,"5/16""",0.3125,5.95,1.22,1.71,45,50
PB316L-C1500T5/16S1-1/4,"1-1/4""",1500,316L,"5/16""",0.3125,7.4,1.23,1.72,48,53
PBAL6061-C1500T5/16S1-1/4,"1-1/4""",1500,AL-6061,"5/16""",0.3125,5,0.41,0.57,38,42
PB304-C1500T3/8S1-1/4,"1-1/4""",1500,304,"3/8""",0.375,5.5,1.46,2.04,46,51
PBSA36-C1500T3/8S1-1/4,"1-1/4""",1500,SA-36,"3/8""",0.375,1.85,1.4,1.96,38,42
PBSA516-70-C1500T3/8S1-1/4,"1-1/4""",1500,SA-516-70,"3/8""",0.375,2.15,1.4,1.96,39,43
PB304L-C1500T3/8S1-1/4,"1-1/4""",1500,304L,"3/8""",0.375,5.95,1.46,2.04,47,52
PB316L-C1500T3/8S1-1/4,"1-1/4""",1500,316L,"3/8""",0.375,7.4,1.48,2.07,50,56
PBAL6061-C1500T3/8S1-1/4,"1-1/4""",1500,AL-6061,"3/8""",0.375,5,0.49,0.69,38,42
PB304-C1500T1/2S1-1/4,"1-1/4""",1500,304,"1/2""",0.5,5.5,1.95,2.73,50,56
PBSA36-C1500T1/2S1-1/4,"1-1/4""",1500,SA-36,"1/2""",0.5,1.85,1.86,2.6,40,44
PBSA516-70-C1500T1/2S1-1/4,"1-1/4""",1500,SA-516-70,"1/2""",0.5,2.15,1.86,2.6,40,44
PB304L-C1500T1/2S1-1/4,"1-1/4""",1500,304L,"1/2""",0.5,5.95,1.95,2.73,51,57
PB316L-C1500T1/2S1-1/4,"1-1/4""",1500,316L,"1/2""",0.5,7.4,1.97,2.76,55,61
PBAL6061-C1500T1/2S1-1/4,"1-1/4""",1500,AL-6061,"1/2""",0.5,5,0.66,0.92,39,43
PB304-C1500T5/8S1-1/4,"1-1/4""",1500,304,"5/8""",0.625,5.5,2.43,3.4,54,60
PBSA36-C1500T5/8S1-1/4,"1-1/4""",1500,SA-36,"5/8""",0.625,1.85,2.33,3.26,41,46
PBSA516-70-C1500T5/8S1-1/4,"1-1/4""",1500,SA-516-70,"5/8""",0.625,2.15,2.33,3.26,42,47
PB304L-C1500T5/8S1-1/4,"1-1/4""",1500,304L,"5/8""",0.625,5.95,2.43,3.4,55,61
PB316L-C1500T5/8S1-1/4,"1-1/4""",1500,316L,"5/8""",0.625,7.4,2.46,3.44,60,66
PBAL6061-C1500T5/8S1-1/4,"1-1/4""",1500,AL-6061,"5/8""",0.625,5,0.82,1.15,41,46
PB304-C1500T3/4S1-1/4,"1-1/4""",1500,304,"3/4""",0.75,5.5,2.92,4.09,57,63
PBSA36-C1500T3/4S1-1/4,"1-1/4""",1500,SA-36,"3/4""",0.75,1.85,2.79,3.91,42,47
PBSA516-70-C1500T3/4S1-1/4,"1-1/4""",1500,SA-516-70,"3/4""",0.75,2.15,2.79,3.91,43,48
PB304L-C1500T3/4S1-1/4,"1-1/4""",1500,304L,"3/4""",0.75,5.95,2.92,4.09,59,65
PB316L-C1500T3/4S1-1/4,"1-1/4""",1500,316L,"3/4""",0.75,7.4,2.95,4.13,65,72
PBAL6061-C1500T3/4S1-1/4,"1-1/4""",1500,AL-6061,"3/4""",0.75,5,0.98,1.37,42,47
PB304-C1500T7/8S1-1/4,"1-1/4""",1500,304,"7/8""",0.875,5.5,3.41,4.77,61,68
PBSA36-C1500T7/8S1-1/4,"1-1/4""",1500,SA-36,"7/8""",0.875,1.85,3.26,4.56,43,48
PBSA516-70-C1500T7/8S1-1/4,"1-1/4""",1500,SA-516-70,"7/8""",0.875,2.15,3.26,4.56,45,50
PB304L-C1500T7/8S1-1/4,"1-1/4""",1500,304L,"7/8""",0.875,5.95,3.41,4.77,63,70
PB316L-C1500T7/8S1-1/4,"1-1/4""",1500,316L,"7/8""",0.875,7.4,3.44,4.82,71,79
PBAL6061-C1500T7/8S1-1/4,"1-1/4""",1500,AL-6061,"7/8""",0.875,5,1.15,1.61,43,48
PB304-C1500T1S1-1/4,"1-1/4""",1500,304,"1""",1,5.5,3.89,5.45,65,72
PBSA36-C1500T1S1-1/4,"1-1/4""",1500,SA-36,"1""",1,1.85,3.73,5.22,45,50
PBSA516-70-C1500T1S1-1/4,"1-1/4""",1500,SA-516-70,"1""",1,2.15,3.73,5.22,46,51
PB304L-C1500T1S1-1/4,"1-1/4""",1500,304L,"1""",1,5.95,3.89,5.45,67,74
PB316L-C1500T1S1-1/4,"1-1/4""",1500,316L,"1""",1,7.4,3.94,5.52,76,84
PBAL6061-C1500T1S1-1/4,"1-1/4""",1500,AL-6061,"1""",1,5,1.31,1.83,44,49
PB304-C1500T1-1/8S1-1/4,"1-1/4""",1500,304,"1-1/8""",1.125,5.5,4.38,6.13,69,76
PBSA36-C1500T1-1/8S1-1/4,"1-1/4""",1500,SA-36,"1-1/8""",1.125,1.85,4.19,5.87,46,51
PBSA516-70-C1500T1-1/8S1-1/4,"1-1/4""",1500,SA-516-70,"1-1/8""",1.125,2.15,4.19,5.87,47,52
PB304L-C1500T1-1/8S1-1/4,"1-1/4""",1500,304L,"1-1/8""",1.125,5.95,4.38,6.13,71,79
PB316L-C1500T1-1/8S1-1/4,"1-1/4""",1500,316L,"1-1/8""",1.125,7.4,4.43,6.2,81,90
PBAL6061-C1500T1-1/8S1-1/4,"1-1/4""",1500,AL-6061,"1-1/8""",1.125,5,1.48,2.07,45,50
PB304-C1500T1-1/4S1-1/4,"1-1/4""",1500,304,"1-1/4""",1.25,5.5,4.87,6.82,72,80
PBSA36-C1500T1-1/4S1-1/4,"1-1/4""",1500,SA-36,"1-1/4""",1.25,1.85,4.66,6.52,47,52
PBSA516-70-C1500T1-1/4S1-1/4,"1-1/4""",1500,SA-516-70,"1-1/4""",1.25,2.15,4.66,6.52,49,54
PB304L-C1500T1-1/4S1-1/4,"1-1/4""",1500,304L,"1-1/4""",1.25,5.95,4.87,6.82,75,83
PB316L-C1500T1-1/4S1-1/4,"1-1/4""",1500,316L,"1-1/4""",1.25,7.4,4.92,6.89,86,95
PBAL6061-C1500T1-1/4S1-1/4,"1-1/4""",1500,AL-6061,"1-1/4""",1.25,5,1.64,2.3,46,51
PB304-C1500T1-3/8S1-1/4,"1-1/4""",1500,304,"1-3/8""",1.375,5.5,5.35,7.49,76,84
PBSA36-C1500T1-3/8S1-1/4,"1-1/4""",1500,SA-36,"1-3/8""",1.375,1.85,5.12,7.17,48,53
PBSA516-70-C1500T1-3/8S1-1/4,"1-1/4""",1500,SA-516-70,"1-3/8""",1.375,2.15,5.12,7.17,50,56
PB304L-C1500T1-3/8S1-1/4,"1-1/4""",1500,304L,"1-3/8""",1.375,5.95,5.35,7.49,79,87
PB316L-C1500T1-3/8S1-1/4,"1-1/4""",1500,316L,"1-3/8""",1.375,7.4,5.41,7.57,91,101
PBAL6061-C1500T1-3/8S1-1/4,"1-1/4""",1500,AL-6061,"1-3/8""",1.375,5,1.81,2.53,47,52
PB304-C1500T1-1/2S1-1/4,"1-1/4""",1500,304,"1-1/2""",1.5,5.5,5.84,8.18,80,88
PBSA36-C1500T1-1/2S1-1/4,"1-1/4""",1500,SA-36,"1-1/2""",1.5,1.85,5.59,7.83,49,54
PBSA516-70-C1500T1-1/2S1-1/4,"1-1/4""",1500,SA-516-70,"1-1/2""",1.5,2.15,5.59,7.83,52,58
PB304L-C1500T1-1/2S1-1/4,"1-1/4""",1500,304L,"1-1/2""",1.5,5.95,5.84,8.18,84,93
PB316L-C1500T1-1/2S1-1/4,"1-1/4""",1500,316L,"1-1/2""",1.5,7.4,5.91,8.27,96,106
PBAL6061-C1500T1-1/2S1-1/4,"1-1/4""",1500,AL-6061,"1-1/2""",1.5,5,1.97,2.76,49,54
PB304-C1500T1-5/8S1-1/4,"1-1/4""",1500,304,"1-5/8""",1.625,5.5,6.33,8.86,84,93
PBSA36-C1500T1-5/8S1-1/4,"1-1/4""",1500,SA-36,"1-5/8""",1.625,1.85,6.06,8.48,51,57
PBSA516-70-C1500T1-5/8S1-1/4,"1-1/4""",1500,SA-516-70,"1-5/8""",1.625,2.15,6.06,8.48,53,59
PB304L-C1500T1-5/8S1-1/4,"1-1/4""",1500,304L,"1-5/8""",1.625,5.95,6.33,8.86,88,97
PB316L-C1500T1-5/8S1-1/4,"1-1/4""",1500,316L,"1-5/8""",1.625,7.4,6.4,8.96,101,112
PBAL6061-C1500T1-5/8S1-1/4,"1-1/4""",1500,AL-6061,"1-5/8""",1.625,5,2.13,2.98,50,56
PB304-C1500T1-3/4S1-1/4,"1-1/4""",1500,304,"1-3/4""",1.75,5.5,6.81,9.53,87,96
PBSA36-C1500T1-3/4S1-1/4,"1-1/4""",1500,SA-36,"1-3/4""",1.75,1.85,6.52,9.13,52,58
PBSA516-70-C1500T1-3/4S1-1/4,"1-1/4""",1500,SA-516-70,"1-3/4""",1.75,2.15,6.52,9.13,54,60
PB304L-C1500T1-3/4S1-1/4,"1-1/4""",1500,304L,"1-3/4""",1.75,5.95,6.81,9.53,92,102
PB316L-C1500T1-3/4S1-1/4,"1-1/4""",1500,316L,"1-3/4""",1.75,7.4,6.89,9.65,106,117
PBAL6061-C1500T1-3/4S1-1/4,"1-1/4""",1500,AL-6061,"1-3/4""",1.75,5,2.3,3.22,51,57
PB304-C1500T1-7/8S1-1/4,"1-1/4""",1500,304,"1-7/8""",1.875,5.5,7.3,10.22,91,101
PBSA36-C1500T1-7/8S1-1/4,"1-1/4""",1500,SA-36,"1-7/8""",1.875,1.85,6.99,9.79,53,59
PBSA516-70-C1500T1-7/8S1-1/4,"1-1/4""",1500,SA-516-70,"1-7/8""",1.875,2.15,6.99,9.79,56,62
PB304L-C1500T1-7/8S1-1/4,"1-1/4""",1500,304L,"1-7/8""",1.875,5.95,7.3,10.22,96,106
PB316L-C1500T1-7/8S1-1/4,"1-1/4""",1500,316L,"1-7/8""",1.875,7.4,7.38,10.33,111,123
PBAL6061-C1500T1-7/8S1-1/4,"1-1/4""",1500,AL-6061,"1-7/8""",1.875,5,2.46,3.44,52,58
PB304-C1500T2S1-1/4,"1-1/4""",1500,304,"2""",2,5.5,7.79,10.91,95,105
PBSA36-C1500T2S1-1/4,"1-1/4""",1500,SA-36,"2""",2,1.85,7.45,10.43,54,60
PBSA516-70-C1500T2S1-1/4,"1-1/4""",1500,SA-516-70,"2""",2,2.15,7.45,10.43,57,63
PB304L-C1500T2S1-1/4,"1-1/4""",1500,304L,"2""",2,5.95,7.79,10.91,100,111
PB316L-C1500T2S1-1/4,"1-1/4""",1500,316L,"2""",2,7.4,7.87,11.02,116,128
PBAL6061-C1500T2S1-1/4,"1-1/4""",1500,AL-6061,"2""",2,5,2.63,3.68,53,59
PB304-C1500T2-1/4S1-1/4,"1-1/4""",1500,304,"2-1/4""",2.25,5.5,8.76,12.26,102,113
PBSA36-C1500T2-1/4S1-1/4,"1-1/4""",1500,SA-36,"2-1/4""",2.25,1.85,8.38,11.73,57,63
PBSA516-70-C1500T2-1/4S1-1/4,"1-1/4""",1500,SA-516-70,"2-1/4""",2.25,2.15,8.38,11.73,60,66
PB304L-C1500T2-1/4S1-1/4,"1-1/4""",1500,304L,"2-1/4""",2.25,5.95,8.76,12.26,108,119
PB316L-C1500T2-1/4S1-1/4,"1-1/4""",1500,316L,"2-1/4""",2.25,7.4,8.86,12.4,127,140
PBAL6061-C1500T2-1/4S1-1/4,"1-1/4""",1500,AL-6061,"2-1/4""",2.25,5,2.95,4.13,55,61
PB304-C1500T2-1/2S1-1/4,"1-1/4""",1500,304,"2-1/2""",2.5,5.5,9.73,13.62,110,122
PBSA36-C1500T2-1/2S1-1/4,"1-1/4""",1500,SA-36,"2-1/2""",2.5,1.85,9.32,13.05,59,65
PBSA516-70-C1500T2-1/2S1-1/4,"1-1/4""",1500,SA-516-70,"2-1/2""",2.5,2.15,9.32,13.05,63,70
PB304L-C1500T2-1/2S1-1/4,"1-1/4""",1500,304L,"2-1/2""",2.5,5.95,9.73,13.62,116,128
PB316L-C1500T2-1/2S1-1/4,"1-1/4""",1500,316L,"2-1/2""",2.5,7.4,9.84,13.78,137,151
PBAL6061-C1500T2-1/2S1-1/4,"1-1/4""",1500,AL-6061,"2-1/2""",2.5,5,3.28,4.59,58,64
PB304-C1500T3S1-1/4,"1-1/4""",1500,304,"3""",3,5.5,11.68,16.35,125,138
PBSA36-C1500T3S1-1/4,"1-1/4""",1500,SA-36,"3""",3,1.85,11.18,15.65,64,71
PBSA516-70-C1500T3S1-1/4,"1-1/4""",1500,SA-516-70,"3""",3,2.15,11.18,15.65,68,75
PB304L-C1500T3S1-1/4,"1-1/4""",1500,304L,"3""",3,5.95,11.68,16.35,132,146
PB316L-C1500T3S1-1/4,"1-1/4""",1500,316L,"3""",3,7.4,11.81,16.53,157,173
PBAL6061-C1500T3S1-1/4,"1-1/4""",1500,AL-6061,"3""",3,5,3.94,5.52,62,69
PB304-C1500T11GAS1-1/2,"1-1/2""",1500,304,11 Gauge,0.1196,5.5,0.55,0.77,39,43
PBSA36-C1500T11GAS1-1/2,"1-1/2""",1500,SA-36,11 Gauge,0.1196,1.85,0.53,0.74,36,40
PBSA516-70-C1500T11GAS1-1/2,"1-1/2""",1500,SA-516-70,11 Gauge,0.1196,2.15,0.53,0.74,36,40
PB304L-C1500T11GAS1-1/2,"1-1/2""",1500,304L,11 Gauge,0.1196,5.95,0.55,0.77,39,43
PB316L-C1500T11GAS1-1/2,"1-1/2""",1500,316L,11 Gauge,0.1196,7.4,0.56,0.78,41,46
PBAL6061-C1500T11GAS1-1/2,"1-1/2""",1500,AL-6061,11 Gauge,0.1196,5,0.19,0.27,36,40
PB304-C1500T1/8S1-1/2,"1-1/2""",1500,304,"1/8""",0.125,5.5,0.58,0.81,39,43
PBSA36-C1500T1/8S1-1/2,"1-1/2""",1500,SA-36,"1/8""",0.125,1.85,0.55,0.77,36,40
PBSA516-70-C1500T1/8S1-1/2,"1-1/2""",1500,SA-516-70,"1/8""",0.125,2.15,0.55,0.77,37,41
PB304L-C1500T1/8S1-1/2,"1-1/2""",1500,304L,"1/8""",0.125,5.95,0.58,0.81,40,44
PB316L-C1500T1/8S1-1/2,"1-1/2""",1500,316L,"1/8""",0.125,7.4,0.58,0.81,41,46
PBAL6061-C1500T1/8S1-1/2,"1-1/2""",1500,AL-6061,"1/8""",0.125,5,0.19,0.27,36,40
PB304-C1500T3/16S1-1/2,"1-1/2""",1500,304,"3/16""",0.1875,5.5,0.87,1.22,42,47
PBSA36-C1500T3/16S1-1/2,"1-1/2""",1500,SA-36,"3/16""",0.1875,1.85,0.83,1.16,37,41
PBSA516-70-C1500T3/16S1-1/2,"1-1/2""",1500,SA-516-70,"3/16""",0.1875,2.15,0.83,1.16,37,41
PB304L-C1500T3/16S1-1/2,"1-1/2""",1500,304L,"3/16""",0.1875,5.95,0.87,1.22,42,47
PB316L-C1500T3/16S1-1/2,"1-1/2""",1500,316L,"3/16""",0.1875,7.4,0.88,1.23,44,49
PBAL6061-C1500T3/16S1-1/2,"1-1/2""",1500,AL-6061,"3/16""",0.1875,5,0.29,0.41,37,41
PB304-C1500T1/4S1-1/2,"1-1/2""",1500,304,"1/4""",0.25,5.5,1.15,1.61,44,49
PBSA36-C1500T1/4S1-1/2,"1-1/2""",1500,SA-36,"1/4""",0.25,1.85,1.1,1.54,38,42
PBSA516-70-C1500T1/4S1-1/2,"1-1/2""",1500,SA-516-70,"1/4""",0.25,2.15,1.1,1.54,38,42
PB304L-C1500T1/4S1-1/2,"1-1/2""",1500,304L,"1/4""",0.25,5.95,1.15,1.61,44,49
PB316L-C1500T1/4S1-1/2,"1-1/2""",1500,316L,"1/4""",0.25,7.4,1.17,1.64,47,52
PBAL6061-C1500T1/4S1-1/2,"1-1/2""",1500,AL-6061,"1/4""",0.25,5,0.39,0.55,38,42
PB304-C1500T5/16S1-1/2,"1-1/2""",1500,304,"5/16""",0.3125,5.5,1.44,2.02,46,51
PBSA36-C1500T5/16S1-1/2,"1-1/2""",1500,SA-36,"5/16""",0.3125,1.85,1.38,1.93,38,42
PBSA516-70-C1500T5/16S1-1/2,"1-1/2""",1500,SA-516-70,"5/16""",0.3125,2.15,1.38,1.93,39,43
PB304L-C1500T5/16S1-1/2,"1-1/2""",1500,304L,"5/16""",0.3125,5.95,1.44,2.02,47,52
PB316L-C1500T5/16S1-1/2,"1-1/2""",1500,316L,"5/16""",0.3125,7.4,1.46,2.04,50,56
PBAL6061-C1500T5/16S1-1/2,"1-1/2""",1500,AL-6061,"5/16""",0.3125,5,0.49,0.69,38,42
PB304-C1500T3/8S1-1/2,"1-1/2""",1500,304,"3/8""",0.375,5.5,1.73,2.42,48,53
PBSA36-C1500T3/8S1-1/2,"1-1/2""",1500,SA-36,"3/8""",0.375,1.85,1.66,2.32,39,43
PBSA516-70-C1500T3/8S1-1/2,"1-1/2""",1500,SA-516-70,"3/8""",0.375,2.15,1.66,2.32,40,44
PB304L-C1500T3/8S1-1/2,"1-1/2""",1500,304L,"3/8""",0.375,5.95,1.73,2.42,49,54
PB316L-C1500T3/8S1-1/2,"1-1/2""",1500,316L,"3/8""",0.375,7.4,1.75,2.45,53,59
PBAL6061-C1500T3/8S1-1/2,"1-1/2""",1500,AL-6061,"3/8""",0.375,5,0.58,0.81,39,43
PB304-C1500T1/2S1-1/2,"1-1/2""",1500,304,"1/2""",0.5,5.5,2.31,3.23,53,59
PBSA36-C1500T1/2S1-1/2,"1-1/2""",1500,SA-36,"1/2""",0.5,1.85,2.21,3.09,41,46
PBSA516-70-C1500T1/2S1-1/2,"1-1/2""",1500,SA-516-70,"1/2""",0.5,2.15,2.21,3.09,41,46
PB304L-C1500T1/2S1-1/2,"1-1/2""",1500,304L,"1/2""",0.5,5.95,2.31,3.23,54,60
PB316L-C1500T1/2S1-1/2,"1-1/2""",1500,316L,"1/2""",0.5,7.4,2.33,3.26,59,65
PBAL6061-C1500T1/2S1-1/2,"1-1/2""",1500,AL-6061,"1/2""",0.5,5,0.78,1.09,40,44
PB304-C1500T5/8S1-1/2,"1-1/2""",1500,304,"5/8""",0.625,5.5,2.88,4.03,57,63
PBSA36-C1500T5/8S1-1/2,"1-1/2""",1500,SA-36,"5/8""",0.625,1.85,2.76,3.86,42,47
PBSA516-70-C1500T5/8S1-1/2,"1-1/2""",1500,SA-516-70,"5/8""",0.625,2.15,2.76,3.86,43,48
PB304L-C1500T5/8S1-1/2,"1-1/2""",1500,304L,"5/8""",0.625,5.95,2.88,4.03,59,65
PB316L-C1500T5/8S1-1/2,"1-1/2""",1500,316L,"5/8""",0.625,7.4,2.92,4.09,65,72
PBAL6061-C1500T5/8S1-1/2,"1-1/2""",1500,AL-6061,"5/8""",0.625,5,0.97,1.36,42,47
PB304-C1500T3/4S1-1/2,"1-1/2""",1500,304,"3/4""",0.75,5.5,3.46,4.84,61,68
PBSA36-C1500T3/4S1-1/2,"1-1/2""",1500,SA-36,"3/4""",0.75,1.85,3.31,4.63,43,48
PBSA516-70-C1500T3/4S1-1/2,"1-1/2""",1500,SA-516-70,"3/4""",0.75,2.15,3.31,4.63,45,50
PB304L-C1500T3/4S1-1/2,"1-1/2""",1500,304L,"3/4""",0.75,5.95,3.46,4.84,64,71
PB316L-C1500T3/4S1-1/2,"1-1/2""",1500,316L,"3/4""",0.75,7.4,3.5,4.9,71,79
PBAL6061-C1500T3/4S1-1/2,"1-1/2""",1500,AL-6061,"3/4""",0.75,5,1.17,1.64,43,48
PB304-C1500T7/8S1-1/2,"1-1/2""",1500,304,"7/8""",0.875,5.5,4.04,5.66,66,73
PBSA36-C1500T7/8S1-1/2,"1-1/2""",1500,SA-36,"7/8""",0.875,1.85,3.87,5.42,45,50
PBSA516-70-C1500T7/8S1-1/2,"1-1/2""",1500,SA-516-70,"7/8""",0.875,2.15,3.87,5.42,47,52
PB304L-C1500T7/8S1-1/2,"1-1/2""",1500,304L,"7/8""",0.875,5.95,4.04,5.66,69,76
PB316L-C1500T7/8S1-1/2,"1-1/2""",1500,316L,"7/8""",0.875,7.4,4.08,5.71,77,85
PBAL6061-C1500T7/8S1-1/2,"1-1/2""",1500,AL-6061,"7/8""",0.875,5,1.36,1.9,44,49
PB304-C1500T1S1-1/2,"1-1/2""",1500,304,"1""",1,5.5,4.62,6.47,70,77
PBSA36-C1500T1S1-1/2,"1-1/2""",1500,SA-36,"1""",1,1.85,4.42,6.19,46,51
PBSA516-70-C1500T1S1-1/2,"1-1/2""",1500,SA-516-70,"1""",1,2.15,4.42,6.19,48,53
PB304L-C1500T1S1-1/2,"1-1/2""",1500,304L,"1""",1,5.95,4.62,6.47,73,81
PB316L-C1500T1S1-1/2,"1-1/2""",1500,316L,"1""",1,7.4,4.67,6.54,83,92
PBAL6061-C1500T1S1-1/2,"1-1/2""",1500,AL-6061,"1""",1,5,1.56,2.18,46,51
PB304-C1500T1-1/8S1-1/2,"1-1/2""",1500,304,"1-1/8""",1.125,5.5,5.19,7.27,75,83
PBSA36-C1500T1-1/8S1-1/2,"1-1/2""",1500,SA-36,"1-1/8""",1.125,1.85,4.97,6.96,48,53
PBSA516-70-C1500T1-1/8S1-1/2,"1-1/2""",1500,SA-516-70,"1-1/8""",1.125,2.15,4.97,6.96,50,56
PB304L-C1500T1-1/8S1-1/2,"1-1/2""",1500,304L,"1-1/8""",1.125,5.95,5.19,7.27,78,86
PB316L-C1500T1-1/8S1-1/2,"1-1/2""",1500,316L,"1-1/8""",1.125,7.4,5.25,7.35,89,98
PBAL6061-C1500T1-1/8S1-1/2,"1-1/2""",1500,AL-6061,"1-1/8""",1.125,5,1.75,2.45,47,52
PB304-C1500T1-1/4S1-1/2,"1-1/2""",1500,304,"1-1/4""",1.25,5.5,5.77,8.08,79,87
PBSA36-C1500T1-1/4S1-1/2,"1-1/2""",1500,SA-36,"1-1/4""",1.25,1.85,5.52,7.73,49,54
PBSA516-70-C1500T1-1/4S1-1/2,"1-1/2""",1500,SA-516-70,"1-1/4""",1.25,2.15,5.52,7.73,51,57
PB304L-C1500T1-1/4S1-1/2,"1-1/2""",1500,304L,"1-1/4""",1.25,5.95,5.77,8.08,83,92
PB316L-C1500T1-1/4S1-1/2,"1-1/2""",1500,316L,"1-1/4""",1.25,7.4,5.83,8.16,95,105
PBAL6061-C1500T1-1/4S1-1/2,"1-1/2""",1500,AL-6061,"1-1/4""",1.25,5,1.95,2.73,48,53
PB304-C1500T1-3/8S1-1/2,"1-1/2""",1500,304,"1-3/8""",1.375,5.5,6.35,8.89,84,93
PBSA36-C1500T1-3/8S1-1/2,"1-1/2""",1500,SA-36,"1-3/8""",1.375,1.85,6.07,8.5,51,57
PBSA516-70-C1500T1-3/8S1-1/2,"1-1/2""",1500,SA-516-70,"1-3/8""",1.375,2.15,6.07,8.5,53,59
PB304L-C1500T1-3/8S1-1/2,"1-1/2""",1500,304L,"1-3/8""",1.375,5.95,6.35,8.89,88,97
PB316L-C1500T1-3/8S1-1/2,"1-1/2""",1500,316L,"1-3/8""",1.375,7.4,6.42,8.99,101,112
PBAL6061-C1500T1-3/8S1-1/2,"1-1/2""",1500,AL-6061,"1-3/8""",1.375,5,2.14,3,50,56
PB304-C1500T1-1/2S1-1/2,"1-1/2""",1500,304,"1-1/2""",1.5,5.5,6.92,9.69,88,97
PBSA36-C1500T1-1/2S1-1/2,"1-1/2""",1500,SA-36,"1-1/2""",1.5,1.85,6.63,9.28,52,58
PBSA516-70-C1500T1-1/2S1-1/2,"1-1/2""",1500,SA-516-70,"1-1/2""",1.5,2.15,6.63,9.28,55,61
PB304L-C1500T1-1/2S1-1/2,"1-1/2""",1500,304L,"1-1/2""",1.5,5.95,6.92,9.69,93,103
PB316L-C1500T1-1/2S1-1/2,"1-1/2""",1500,316L,"1-1/2""",1.5,7.4,7,9.8,107,118
PBAL6061-C1500T1-1/2S1-1/2,"1-1/2""",1500,AL-6061,"1-1/2""",1.5,5,2.33,3.26,51,57
PB304-C1500T1-5/8S1-1/2,"1-1/2""",1500,304,"1-5/8""",1.625,5.5,7.5,10.5,93,103
PBSA36-C1500T1-5/8S1-1/2,"1-1/2""",1500,SA-36,"1-5/8""",1.625,1.85,7.18,10.05,53,59
PBSA516-70-C1500T1-5/8S1-1/2,"1-1/2""",1500,SA-516-70,"1-5/8""",1.625,2.15,7.18,10.05,56,62
PB304L-C1500T1-5/8S1-1/2,"1-1/2""",1500,304L,"1-5/8""",1.625,5.95,7.5,10.5,97,107
PB316L-C1500T1-5/8S1-1/2,"1-1/2""",1500,316L,"1-5/8""",1.625,7.4,7.58,10.61,113,125
PBAL6061-C1500T1-5/8S1-1/2,"1-1/2""",1500,AL-6061,"1-5/8""",1.625,5,2.53,3.54,53,59
PB304-C1500T1-3/4S1-1/2,"1-1/2""",1500,304,"1-3/4""",1.75,5.5,8.08,11.31,97,107
PBSA36-C1500T1-3/4S1-1/2,"1-1/2""",1500,SA-36,"1-3/4""",1.75,1.85,7.73,10.82,55,61
PBSA516-70-C1500T1-3/4S1-1/2,"1-1/2""",1500,SA-516-70,"1-3/4""",1.75,2.15,7.73,10.82,58,64
PB304L-C1500T1-3/4S1-1/2,"1-1/2""",1500,304L,"1-3/4""",1.75,5.95,8.08,11.31,102,113
PB316L-C1500T1-3/4S1-1/2,"1-1/2""",1500,316L,"1-3/4""",1.75,7.4,8.17,11.44,120,132
PBAL6061-C1500T1-3/4S1-1/2,"1-1/2""",1500,AL-6061,"1-3/4""",1.75,5,2.72,3.81,54,60
PB304-C1500T1-7/8S1-1/2,"1-1/2""",1500,304,"1-7/8""",1.875,5.5,8.65,12.11,101,112
PBSA36-C1500T1-7/8S1-1/2,"1-1/2""",1500,SA-36,"1-7/8""",1.875,1.85,8.28,11.59,56,62
PBSA516-70-C1500T1-7/8S1-1/2,"1-1/2""",1500,SA-516-70,"1-7/8""",1.875,2.15,8.28,11.59,60,66
PB304L-C1500T1-7/8S1-1/2,"1-1/2""",1500,304L,"1-7/8""",1.875,5.95,8.65,12.11,107,118
PB316L-C1500T1-7/8S1-1/2,"1-1/2""",1500,316L,"1-7/8""",1.875,7.4,8.75,12.25,125,138
PBAL6061-C1500T1-7/8S1-1/2,"1-1/2""",1500,AL-6061,"1-7/8""",1.875,5,2.92,4.09,55,61
PB304-C1500T2S1-1/2,"1-1/2""",1500,304,"2""",2,5.5,9.23,12.92,106,117
PBSA36-C1500T2S1-1/2,"1-1/2""",1500,SA-36,"2""",2,1.85,8.84,12.38,58,64
PBSA516-70-C1500T2S1-1/2,"1-1/2""",1500,SA-516-70,"2""",2,2.15,8.84,12.38,61,68
PB304L-C1500T2S1-1/2,"1-1/2""",1500,304L,"2""",2,5.95,9.23,12.92,112,124
PB316L-C1500T2S1-1/2,"1-1/2""",1500,316L,"2""",2,7.4,9.34,13.08,132,146
PBAL6061-C1500T2S1-1/2,"1-1/2""",1500,AL-6061,"2""",2,5,3.11,4.35,57,63
PB304-C1500T2-1/4S1-1/2,"1-1/2""",1500,304,"2-1/4""",2.25,5.5,10.38,14.53,115,127
PBSA36-C1500T2-1/4S1-1/2,"1-1/2""",1500,SA-36,"2-1/4""",2.25,1.85,9.94,13.92,61,68
PBSA516-70-C1500T2-1/4S1-1/2,"1-1/2""",1500,SA-516-70,"2-1/4""",2.25,2.15,9.94,13.92,65,72
PB304L-C1500T2-1/4S1-1/2,"1-1/2""",1500,304L,"2-1/4""",2.25,5.95,10.38,14.53,121,134
PB316L-C1500T2-1/4S1-1/2,"1-1/2""",1500,316L,"2-1/4""",2.25,7.4,10.5,14.7,144,159
PBAL6061-C1500T2-1/4S1-1/2,"1-1/2""",1500,AL-6061,"2-1/4""",2.25,5,3.5,4.9,59,65
PB304-C1500T2-1/2S1-1/2,"1-1/2""",1500,304,"2-1/2""",2.5,5.5,11.54,16.16,124,137
PBSA36-C1500T2-1/2S1-1/2,"1-1/2""",1500,SA-36,"2-1/2""",2.5,1.85,11.04,15.46,63,70
PBSA516-70-C1500T2-1/2S1-1/2,"1-1/2""",1500,SA-516-70,"2-1/2""",2.5,2.15,11.04,15.46,68,75
PB304L-C1500T2-1/2S1-1/2,"1-1/2""",1500,304L,"2-1/2""",2.5,5.95,11.54,16.16,131,145
PB316L-C1500T2-1/2S1-1/2,"1-1/2""",1500,316L,"2-1/2""",2.5,7.4,11.67,16.34,156,172
PBAL6061-C1500T2-1/2S1-1/2,"1-1/2""",1500,AL-6061,"2-1/2""",2.5,5,3.89,5.45,62,69
PB304-C1500T3S1-1/2,"1-1/2""",1500,304,"3""",3,5.5,13.85,19.39,141,156
PBSA36-C1500T3S1-1/2,"1-1/2""",1500,SA-36,"3""",3,1.85,13.25,18.55,69,76
PBSA516-70-C1500T3S1-1/2,"1-1/2""",1500,SA-516-70,"3""",3,2.15,13.25,18.55,75,83
PB304L-C1500T3S1-1/2,"1-1/2""",1500,304L,"3""",3,5.95,13.85,19.39,150,165
PB316L-C1500T3S1-1/2,"1-1/2""",1500,316L,"3""",3,7.4,14,19.6,180,199
PBAL6061-C1500T3S1-1/2,"1-1/2""",1500,AL-6061,"3""",3,5,4.67,6.54,68,75
PB304-C1500T11GAS2,"2""",1500,304,11 Gauge,0.1196,5.5,1.1,1.54,43,48
PBSA36-C1500T11GAS2,"2""",1500,SA-36,11 Gauge,0.1196,1.85,1.05,1.47,38,42
PBSA516-70-C1500T11GAS2,"2""",1500,SA-516-70,11 Gauge,0.1196,2.15,1.05,1.47,38,42
PB304L-C1500T11GAS2,"2""",1500,304L,11 Gauge,0.1196,5.95,1.1,1.54,44,49
PB316L-C1500T11GAS2,"2""",1500,316L,11 Gauge,0.1196,7.4,1.11,1.55,46,51
PBAL6061-C1500T11GAS2,"2""",1500,AL-6061,11 Gauge,0.1196,5,0.37,0.52,37,41
PB304-C1500T1/8S2,"2""",1500,304,"1/8""",0.125,5.5,1.15,1.61,44,49
PBSA36-C1500T1/8S2,"2""",1500,SA-36,"1/8""",0.125,1.85,1.1,1.54,38,42
PBSA516-70-C1500T1/8S2,"2""",1500,SA-516-70,"1/8""",0.125,2.15,1.1,1.54,38,42
PB304L-C1500T1/8S2,"2""",1500,304L,"1/8""",0.125,5.95,1.15,1.61,44,49
PB316L-C1500T1/8S2,"2""",1500,316L,"1/8""",0.125,7.4,1.16,1.62,47,52
PBAL6061-C1500T1/8S2,"2""",1500,AL-6061,"1/8""",0.125,5,0.39,0.55,38,42
PB304-C1500T3/16S2,"2""",1500,304,"3/16""",0.1875,5.5,1.72,2.41,48,53
PBSA36-C1500T3/16S2,"2""",1500,SA-36,"3/16""",0.1875,1.85,1.65,2.31,39,43
PBSA516-70-C1500T3/16S2,"2""",1500,SA-516-70,"3/16""",0.1875,2.15,1.65,2.31,40,44
PB304L-C1500T3/16S2,"2""",1500,304L,"3/16""",0.1875,5.95,1.72,2.41,49,54
PB316L-C1500T3/16S2,"2""",1500,316L,"3/16""",0.1875,7.4,1.74,2.44,53,59
PBAL6061-C1500T3/16S2,"2""",1500,AL-6061,"3/16""",0.1875,5,0.58,0.81,39,43
PB304-C1500T1/4S2,"2""",1500,304,"1/4""",0.25,5.5,2.29,3.21,53,59
PBSA36-C1500T1/4S2,"2""",1500,SA-36,"1/4""",0.25,1.85,2.2,3.08,41,46
PBSA516-70-C1500T1/4S2,"2""",1500,SA-516-70,"1/4""",0.25,2.15,2.2,3.08,41,46
PB304L-C1500T1/4S2,"2""",1500,304L,"1/4""",0.25,5.95,2.29,3.21,54,60
PB316L-C1500T1/4S2,"2""",1500,316L,"1/4""",0.25,7.4,2.32,3.25,59,65
PBAL6061-C1500T1/4S2,"2""",1500,AL-6061,"1/4""",0.25,5,0.77,1.08,40,44
PB304-C1500T5/16S2,"2""",1500,304,"5/16""",0.3125,5.5,2.87,4.02,57,63
PBSA36-C1500T5/16S2,"2""",1500,SA-36,"5/16""",0.3125,1.85,2.75,3.85,42,47
PBSA516-70-C1500T5/16S2,"2""",1500,SA-516-70,"5/16""",0.3125,2.15,2.75,3.85,43,48
PB304L-C1500T5/16S2,"2""",1500,304L,"5/16""",0.3125,5.95,2.87,4.02,59,65
PB316L-C1500T5/16S2,"2""",1500,316L,"5/16""",0.3125,7.4,2.9,4.06,65,72
PBAL6061-C1500T5/16S2,"2""",1500,AL-6061,"5/16""",0.3125,5,0.97,1.36,42,47
PB304-C1500T3/8S2,"2""",1500,304,"3/8""",0.375,5.5,3.44,4.82,61,68
PBSA36-C1500T3/8S2,"2""",1500,SA-36,"3/8""",0.375,1.85,3.29,4.61,43,48
PBSA516-70-C1500T3/8S2,"2""",1500,SA-516-70,"3/8""",0.375,2.15,3.29,4.61,45,50
PB304L-C1500T3/8S2,"2""",1500,304L,"3/8""",0.375,5.95,3.44,4.82,64,71
PB316L-C1500T3/8S2,"2""",1500,316L,"3/8""",0.375,7.4,3.48,4.87,71,79
PBAL6061-C1500T3/8S2,"2""",1500,AL-6061,"3/8""",0.375,5,1.16,1.62,43,48
PB304-C1500T1/2S2,"2""",1500,304,"1/2""",0.5,5.5,4.59,6.43,70,77
PBSA36-C1500T1/2S2,"2""",1500,SA-36,"1/2""",0.5,1.85,4.39,6.15,46,51
PBSA516-70-C1500T1/2S2,"2""",1500,SA-516-70,"1/2""",0.5,2.15,4.39,6.15,48,53
PB304L-C1500T1/2S2,"2""",1500,304L,"1/2""",0.5,5.95,4.59,6.43,73,81
PB316L-C1500T1/2S2,"2""",1500,316L,"1/2""",0.5,7.4,4.64,6.5,83,92
PBAL6061-C1500T1/2S2,"2""",1500,AL-6061,"1/2""",0.5,5,1.55,2.17,46,51
PB304-C1500T5/8S2,"2""",1500,304,"5/8""",0.625,5.5,5.74,8.04,79,87
PBSA36-C1500T5/8S2,"2""",1500,SA-36,"5/8""",0.625,1.85,5.49,7.69,49,54
PBSA516-70-C1500T5/8S2,"2""",1500,SA-516-70,"5/8""",0.625,2.15,5.49,7.69,51,57
PB304L-C1500T5/8S2,"2""",1500,304L,"5/8""",0.625,5.95,5.74,8.04,83,92
PB316L-C1500T5/8S2,"2""",1500,316L,"5/8""",0.625,7.4,5.8,8.12,95,105
PBAL6061-C1500T5/8S2,"2""",1500,AL-6061,"5/8""",0.625,5,1.93,2.7,48,53
PB304-C1500T3/4S2,"2""",1500,304,"3/4""",0.75,5.5,6.88,9.63,88,97
PBSA36-C1500T3/4S2,"2""",1500,SA-36,"3/4""",0.75,1.85,6.59,9.23,52,58
PBSA516-70-C1500T3/4S2,"2""",1500,SA-516-70,"3/4""",0.75,2.15,6.59,9.23,55,61
PB304L-C1500T3/4S2,"2""",1500,304L,"3/4""",0.75,5.95,6.88,9.63,92,102
PB316L-C1500T3/4S2,"2""",1500,316L,"3/4""",0.75,7.4,6.96,9.74,107,118
PBAL6061-C1500T3/4S2,"2""",1500,AL-6061,"3/4""",0.75,5,2.32,3.25,51,57
PB304-C1500T7/8S2,"2""",1500,304,"7/8""",0.875,5.5,8.03,11.24,97,107
PBSA36-C1500T7/8S2,"2""",1500,SA-36,"7/8""",0.875,1.85,7.69,10.77,55,61
PBSA516-70-C1500T7/8S2,"2""",1500,SA-516-70,"7/8""",0.875,2.15,7.69,10.77,58,64
PB304L-C1500T7/8S2,"2""",1500,304L,"7/8""",0.875,5.95,8.03,11.24,102,113
PB316L-C1500T7/8S2,"2""",1500,316L,"7/8""",0.875,7.4,8.12,11.37,119,131
PBAL6061-C1500T7/8S2,"2""",1500,AL-6061,"7/8""",0.875,5,2.71,3.79,54,60
PB304-C1500T1S2,"2""",1500,304,"1""",1,5.5,9.18,12.85,106,117
PBSA36-C1500T1S2,"2""",1500,SA-36,"1""",1,1.85,8.79,12.31,58,64
PBSA516-70-C1500T1S2,"2""",1500,SA-516-70,"1""",1,2.15,8.79,12.31,61,68
PB304L-C1500T1S2,"2""",1500,304L,"1""",1,5.95,9.18,12.85,111,123
PB316L-C1500T1S2,"2""",1500,316L,"1""",1,7.4,9.28,12.99,131,145
PBAL6061-C1500T1S2,"2""",1500,AL-6061,"1""",1,5,3.1,4.34,57,63
PB304-C1500T1-1/8S2,"2""",1500,304,"1-1/8""",1.125,5.5,10.33,14.46,114,126
PBSA36-C1500T1-1/8S2,"2""",1500,SA-36,"1-1/8""",1.125,1.85,9.88,13.83,60,66
PBSA516-70-C1500T1-1/8S2,"2""",1500,SA-516-70,"1-1/8""",1.125,2.15,9.88,13.83,65,72
PB304L-C1500T1-1/8S2,"2""",1500,304L,"1-1/8""",1.125,5.95,10.33,14.46,121,134
PB316L-C1500T1-1/8S2,"2""",1500,316L,"1-1/8""",1.125,7.4,10.44,14.62,143,158
PBAL6061-C1500T1-1/8S2,"2""",1500,AL-6061,"1-1/8""",1.125,5,3.48,4.87,59,65
PB304-C1500T1-1/4S2,"2""",1500,304,"1-1/4""",1.25,5.5,11.47,16.06,123,136
PBSA36-C1500T1-1/4S2,"2""",1500,SA-36,"1-1/4""",1.25,1.85,10.98,15.37,63,70
PBSA516-70-C1500T1-1/4S2,"2""",1500,SA-516-70,"1-1/4""",1.25,2.15,10.98,15.37,68,75
PB304L-C1500T1-1/4S2,"2""",1500,304L,"1-1/4""",1.25,5.95,11.47,16.06,130,143
PB316L-C1500T1-1/4S2,"2""",1500,316L,"1-1/4""",1.25,7.4,11.6,16.24,155,171
PBAL6061-C1500T1-1/4S2,"2""",1500,AL-6061,"1-1/4""",1.25,5,3.87,5.42,62,69
PB304-C1500T1-3/8S2,"2""",1500,304,"1-3/8""",1.375,5.5,12.62,17.67,132,146
PBSA36-C1500T1-3/8S2,"2""",1500,SA-36,"1-3/8""",1.375,1.85,12.08,16.91,66,73
PBSA516-70-C1500T1-3/8S2,"2""",1500,SA-516-70,"1-3/8""",1.375,2.15,12.08,16.91,71,79
PB304L-C1500T1-3/8S2,"2""",1500,304L,"1-3/8""",1.375,5.95,12.62,17.67,140,154
PB316L-C1500T1-3/8S2,"2""",1500,316L,"1-3/8""",1.375,7.4,12.76,17.86,167,184
PBAL6061-C1500T1-3/8S2,"2""",1500,AL-6061,"1-3/8""",1.375,5,4.26,5.96,65,72
PB304-C1500T1-1/2S2,"2""",1500,304,"1-1/2""",1.5,5.5,13.77,19.28,141,156
PBSA36-C1500T1-1/2S2,"2""",1500,SA-36,"1-1/2""",1.5,1.85,13.18,18.45,69,76
PBSA516-70-C1500T1-1/2S2,"2""",1500,SA-516-70,"1-1/2""",1.5,2.15,13.18,18.45,75,83
PB304L-C1500T1-1/2S2,"2""",1500,304L,"1-1/2""",1.5,5.95,13.77,19.28,150,165
PB316L-C1500T1-1/2S2,"2""",1500,316L,"1-1/2""",1.5,7.4,13.92,19.49,179,197
PBAL6061-C1500T1-1/2S2,"2""",1500,AL-6061,"1-1/2""",1.5,5,4.64,6.5,67,74
PB304-C1500T1-5/8S2,"2""",1500,304,"1-5/8""",1.625,5.5,14.91,20.87,150,165
PBSA36-C1500T1-5/8S2,"2""",1500,SA-36,"1-5/8""",1.625,1.85,14.28,19.99,72,80
PBSA516-70-C1500T1-5/8S2,"2""",1500,SA-516-70,"1-5/8""",1.625,2.15,14.28,19.99,78,86
PB304L-C1500T1-5/8S2,"2""",1500,304L,"1-5/8""",1.625,5.95,14.91,20.87,159,175
PB316L-C1500T1-5/8S2,"2""",1500,316L,"1-5/8""",1.625,7.4,15.08,21.11,191,211
PBAL6061-C1500T1-5/8S2,"2""",1500,AL-6061,"1-5/8""",1.625,5,5.03,7.04,70,77
PB304-C1500T1-3/4S2,"2""",1500,304,"1-3/4""",1.75,5.5,16.06,22.48,158,174
PBSA36-C1500T1-3/4S2,"2""",1500,SA-36,"1-3/4""",1.75,1.85,15.37,21.52,75,83
PBSA516-70-C1500T1-3/4S2,"2""",1500,SA-516-70,"1-3/4""",1.75,2.15,15.37,21.52,81,90
PB304L-C1500T1-3/4S2,"2""",1500,304L,"1-3/4""",1.75,5.95,16.06,22.48,169,186
PB316L-C1500T1-3/4S2,"2""",1500,316L,"1-3/4""",1.75,7.4,16.24,22.74,203,224
PBAL6061-C1500T1-3/4S2,"2""",1500,AL-6061,"1-3/4""",1.75,5,5.42,7.59,73,81
PB304-C1500T1-7/8S2,"2""",1500,304,"1-7/8""",1.875,5.5,17.21,24.09,167,184
PBSA36-C1500T1-7/8S2,"2""",1500,SA-36,"1-7/8""",1.875,1.85,16.47,23.06,78,86
PBSA516-70-C1500T1-7/8S2,"2""",1500,SA-516-70,"1-7/8""",1.875,2.15,16.47,23.06,84,93
PB304L-C1500T1-7/8S2,"2""",1500,304L,"1-7/8""",1.875,5.95,17.21,24.09,178,196
PB316L-C1500T1-7/8S2,"2""",1500,316L,"1-7/8""",1.875,7.4,17.4,24.36,215,237
PBAL6061-C1500T1-7/8S2,"2""",1500,AL-6061,"1-7/8""",1.875,5,5.8,8.12,75,83
PB304-C1500T2S2,"2""",1500,304,"2""",2,5.5,18.36,25.7,176,194
PBSA36-C1500T2S2,"2""",1500,SA-36,"2""",2,1.85,17.57,24.6,80,88
PBSA516-70-C1500T2S2,"2""",1500,SA-516-70,"2""",2,2.15,17.57,24.6,88,97
PB304L-C1500T2S2,"2""",1500,304L,"2""",2,5.95,18.36,25.7,188,207
PB316L-C1500T2S2,"2""",1500,316L,"2""",2,7.4,18.56,25.98,227,250
PBAL6061-C1500T2S2,"2""",1500,AL-6061,"2""",2,5,6.19,8.67,78,86
PB304-C1500T2-1/4S2,"2""",1500,304,"2-1/4""",2.25,5.5,20.65,28.91,194,214
PBSA36-C1500T2-1/4S2,"2""",1500,SA-36,"2-1/4""",2.25,1.85,19.77,27.68,86,95
PBSA516-70-C1500T2-1/4S2,"2""",1500,SA-516-70,"2-1/4""",2.25,2.15,19.77,27.68,94,104
PB304L-C1500T2-1/4S2,"2""",1500,304L,"2-1/4""",2.25,5.95,20.65,28.91,207,228
PB316L-C1500T2-1/4S2,"2""",1500,316L,"2-1/4""",2.25,7.4,20.89,29.25,251,277
PBAL6061-C1500T2-1/4S2,"2""",1500,AL-6061,"2-1/4""",2.25,5,6.96,9.74,84,93
PB304-C1500T2-1/2S2,"2""",1500,304,"2-1/2""",2.5,5.5,22.95,32.13,212,234
PBSA36-C1500T2-1/2S2,"2""",1500,SA-36,"2-1/2""",2.5,1.85,21.96,30.74,92,102
PBSA516-70-C1500T2-1/2S2,"2""",1500,SA-516-70,"2-1/2""",2.5,2.15,21.96,30.74,101,112
PB304L-C1500T2-1/2S2,"2""",1500,304L,"2-1/2""",2.5,5.95,22.95,32.13,226,249
PB316L-C1500T2-1/2S2,"2""",1500,316L,"2-1/2""",2.5,7.4,23.21,32.49,275,303
PBAL6061-C1500T2-1/2S2,"2""",1500,AL-6061,"2-1/2""",2.5,5,7.74,10.84,89,98
PB304-C1500T3S2,"2""",1500,304,"3""",3,5.5,27.53,38.54,247,272
PBSA36-C1500T3S2,"2""",1500,SA-36,"3""",3,1.85,26.36,36.9,103,114
PBSA516-70-C1500T3S2,"2""",1500,SA-516-70,"3""",3,2.15,26.36,36.9,114,126
PB304L-C1500T3S2,"2""",1500,304L,"3""",3,5.95,27.53,38.54,264,291
PB316L-C1500T3S2,"2""",1500,316L,"3""",3,7.4,27.85,38.99,323,356
PBAL6061-C1500T3S2,"2""",1500,AL-6061,"3""",3,5,9.29,13.01,100,111
PB304-C1500T11GAS2-1/2,"2-1/2""",1500,304,11 Gauge,0.1196,5.5,1.46,2.04,46,51
PBSA36-C1500T11GAS2-1/2,"2-1/2""",1500,SA-36,11 Gauge,0.1196,1.85,1.4,1.96,38,42
PBSA516-70-C1500T11GAS2-1/2,"2-1/2""",1500,SA-516-70,11 Gauge,0.1196,2.15,1.4,1.96,39,43
PB304L-C1500T11GAS2-1/2,"2-1/2""",1500,304L,11 Gauge,0.1196,5.95,1.46,2.04,47,52
PB316L-C1500T11GAS2-1/2,"2-1/2""",1500,316L,11 Gauge,0.1196,7.4,1.48,2.07,50,56
PBAL6061-C1500T11GAS2-1/2,"2-1/2""",1500,AL-6061,11 Gauge,0.1196,5,0.49,0.69,38,42
PB304-C1500T1/8S2-1/2,"2-1/2""",1500,304,"1/8""",0.125,5.5,1.53,2.14,47,52
PBSA36-C1500T1/8S2-1/2,"2-1/2""",1500,SA-36,"1/8""",0.125,1.85,1.46,2.04,39,43
PBSA516-70-C1500T1/8S2-1/2,"2-1/2""",1500,SA-516-70,"1/8""",0.125,2.15,1.46,2.04,39,43
PB304L-C1500T1/8S2-1/2,"2-1/2""",1500,304L,"1/8""",0.125,5.95,1.53,2.14,48,53
PB316L-C1500T1/8S2-1/2,"2-1/2""",1500,316L,"1/8""",0.125,7.4,1.54,2.16,51,57
PBAL6061-C1500T1/8S2-1/2,"2-1/2""",1500,AL-6061,"1/8""",0.125,5,0.51,0.71,38,42
PB304-C1500T3/16S2-1/2,"2-1/2""",1500,304,"3/16""",0.1875,5.5,2.29,3.21,53,59
PBSA36-C1500T3/16S2-1/2,"2-1/2""",1500,SA-36,"3/16""",0.1875,1.85,2.19,3.07,41,46
PBSA516-70-C1500T3/16S2-1/2,"2-1/2""",1500,SA-516-70,"3/16""",0.1875,2.15,2.19,3.07,41,46
PB304L-C1500T3/16S2-1/2,"2-1/2""",1500,304L,"3/16""",0.1875,5.95,2.29,3.21,54,60
PB316L-C1500T3/16S2-1/2,"2-1/2""",1500,316L,"3/16""",0.1875,7.4,2.31,3.23,59,65
PBAL6061-C1500T3/16S2-1/2,"2-1/2""",1500,AL-6061,"3/16""",0.1875,5,0.77,1.08,40,44
PB304-C1500T1/4S2-1/2,"2-1/2""",1500,304,"1/4""",0.25,5.5,3.05,4.27,58,64
PBSA36-C1500T1/4S2-1/2,"2-1/2""",1500,SA-36,"1/4""",0.25,1.85,2.92,4.09,42,47
PBSA516-70-C1500T1/4S2-1/2,"2-1/2""",1500,SA-516-70,"1/4""",0.25,2.15,2.92,4.09,44,49
PB304L-C1500T1/4S2-1/2,"2-1/2""",1500,304L,"1/4""",0.25,5.95,3.05,4.27,60,66
PB316L-C1500T1/4S2-1/2,"2-1/2""",1500,316L,"1/4""",0.25,7.4,3.09,4.33,67,74
PBAL6061-C1500T1/4S2-1/2,"2-1/2""",1500,AL-6061,"1/4""",0.25,5,1.03,1.44,42,47
PB304-C1500T5/16S2-1/2,"2-1/2""",1500,304,"5/16""",0.3125,5.5,3.81,5.33,64,71
PBSA36-C1500T5/16S2-1/2,"2-1/2""",1500,SA-36,"5/16""",0.3125,1.85,3.65,5.11,44,49
PBSA516-70-C1500T5/16S2-1/2,"2-1/2""",1500,SA-516-70,"5/16""",0.3125,2.15,3.65,5.11,46,51
PB304L-C1500T5/16S2-1/2,"2-1/2""",1500,304L,"5/16""",0.3125,5.95,3.81,5.33,67,74
PB316L-C1500T5/16S2-1/2,"2-1/2""",1500,316L,"5/16""",0.3125,7.4,3.86,5.4,75,83
PBAL6061-C1500T5/16S2-1/2,"2-1/2""",1500,AL-6061,"5/16""",0.3125,5,1.29,1.81,44,49
PB304-C1500T3/8S2-1/2,"2-1/2""",1500,304,"3/8""",0.375,5.5,4.58,6.41,70,77
PBSA36-C1500T3/8S2-1/2,"2-1/2""",1500,SA-36,"3/8""",0.375,1.85,4.38,6.13,46,51
PBSA516-70-C1500T3/8S2-1/2,"2-1/2""",1500,SA-516-70,"3/8""",0.375,2.15,4.38,6.13,48,53
PB304L-C1500T3/8S2-1/2,"2-1/2""",1500,304L,"3/8""",0.375,5.95,4.58,6.41,73,81
PB316L-C1500T3/8S2-1/2,"2-1/2""",1500,316L,"3/8""",0.375,7.4,4.63,6.48,83,92
PBAL6061-C1500T3/8S2-1/2,"2-1/2""",1500,AL-6061,"3/8""",0.375,5,1.54,2.16,46,51
PB304-C1500T1/2S2-1/2,"2-1/2""",1500,304,"1/2""",0.5,5.5,6.1,8.54,82,91
PBSA36-C1500T1/2S2-1/2,"2-1/2""",1500,SA-36,"1/2""",0.5,1.85,5.84,8.18,50,56
PBSA516-70-C1500T1/2S2-1/2,"2-1/2""",1500,SA-516-70,"1/2""",0.5,2.15,5.84,8.18,52,58
PB304L-C1500T1/2S2-1/2,"2-1/2""",1500,304L,"1/2""",0.5,5.95,6.1,8.54,86,95
PB316L-C1500T1/2S2-1/2,"2-1/2""",1500,316L,"1/2""",0.5,7.4,6.17,8.64,99,109
PBAL6061-C1500T1/2S2-1/2,"2-1/2""",1500,AL-6061,"1/2""",0.5,5,2.06,2.88,49,54
PB304-C1500T5/8S2-1/2,"2-1/2""",1500,304,"5/8""",0.625,5.5,7.63,10.68,94,104
PBSA36-C1500T5/8S2-1/2,"2-1/2""",1500,SA-36,"5/8""",0.625,1.85,7.3,10.22,54,60
PBSA516-70-C1500T5/8S2-1/2,"2-1/2""",1500,SA-516-70,"5/8""",0.625,2.15,7.3,10.22,57,63
PB304L-C1500T5/8S2-1/2,"2-1/2""",1500,304L,"5/8""",0.625,5.95,7.63,10.68,98,108
PB316L-C1500T5/8S2-1/2,"2-1/2""",1500,316L,"5/8""",0.625,7.4,7.71,10.79,115,127
PBAL6061-C1500T5/8S2-1/2,"2-1/2""",1500,AL-6061,"5/8""",0.625,5,2.57,3.6,53,59
PB304-C1500T3/4S2-1/2,"2-1/2""",1500,304,"3/4""",0.75,5.5,9.15,12.81,105,116
PBSA36-C1500T3/4S2-1/2,"2-1/2""",1500,SA-36,"3/4""",0.75,1.85,8.76,12.26,58,64
PBSA516-70-C1500T3/4S2-1/2,"2-1/2""",1500,SA-516-70,"3/4""",0.75,2.15,8.76,12.26,61,68
PB304L-C1500T3/4S2-1/2,"2-1/2""",1500,304L,"3/4""",0.75,5.95,9.15,12.81,111,123
PB316L-C1500T3/4S2-1/2,"2-1/2""",1500,316L,"3/4""",0.75,7.4,9.26,12.96,131,145
PBAL6061-C1500T3/4S2-1/2,"2-1/2""",1500,AL-6061,"3/4""",0.75,5,3.09,4.33,56,62
PB304-C1500T7/8S2-1/2,"2-1/2""",1500,304,"7/8""",0.875,5.5,10.68,14.95,117,129
PBSA36-C1500T7/8S2-1/2,"2-1/2""",1500,SA-36,"7/8""",0.875,1.85,10.22,14.31,61,68
PBSA516-70-C1500T7/8S2-1/2,"2-1/2""",1500,SA-516-70,"7/8""",0.875,2.15,10.22,14.31,66,73
PB304L-C1500T7/8S2-1/2,"2-1/2""",1500,304L,"7/8""",0.875,5.95,10.68,14.95,124,137
PB316L-C1500T7/8S2-1/2,"2-1/2""",1500,316L,"7/8""",0.875,7.4,10.8,15.12,147,162
PBAL6061-C1500T7/8S2-1/2,"2-1/2""",1500,AL-6061,"7/8""",0.875,5,3.6,5.04,60,66
PB304-C1500T1S2-1/2,"2-1/2""",1500,304,"1""",1,5.5,12.2,17.08,129,142
PBSA36-C1500T1S2-1/2,"2-1/2""",1500,SA-36,"1""",1,1.85,11.68,16.35,65,72
PBSA516-70-C1500T1S2-1/2,"2-1/2""",1500,SA-516-70,"1""",1,2.15,11.68,16.35,70,77
PB304L-C1500T1S2-1/2,"2-1/2""",1500,304L,"1""",1,5.95,12.2,17.08,136,150
PB316L-C1500T1S2-1/2,"2-1/2""",1500,316L,"1""",1,7.4,12.34,17.28,163,180
PBAL6061-C1500T1S2-1/2,"2-1/2""",1500,AL-6061,"1""",1,5,4.12,5.77,64,71
PB304-C1500T1-1/8S2-1/2,"2-1/2""",1500,304,"1-1/8""",1.125,5.5,13.73,19.22,141,156
PBSA36-C1500T1-1/8S2-1/2,"2-1/2""",1500,SA-36,"1-1/8""",1.125,1.85,13.14,18.4,69,76
PBSA516-70-C1500T1-1/8S2-1/2,"2-1/2""",1500,SA-516-70,"1-1/8""",1.125,2.15,13.14,18.4,74,82
PB304L-C1500T1-1/8S2-1/2,"2-1/2""",1500,304L,"1-1/8""",1.125,5.95,13.73,19.22,149,164
PB316L-C1500T1-1/8S2-1/2,"2-1/2""",1500,316L,"1-1/8""",1.125,7.4,13.88,19.43,179,197
PBAL6061-C1500T1-1/8S2-1/2,"2-1/2""",1500,AL-6061,"1-1/8""",1.125,5,4.63,6.48,67,74
PB304-C1500T1-1/4S2-1/2,"2-1/2""",1500,304,"1-1/4""",1.25,5.5,15.25,21.35,152,168
PBSA36-C1500T1-1/4S2-1/2,"2-1/2""",1500,SA-36,"1-1/4""",1.25,1.85,14.6,20.44,73,81
PBSA516-70-C1500T1-1/4S2-1/2,"2-1/2""",1500,SA-516-70,"1-1/4""",1.25,2.15,14.6,20.44,79,87
PB304L-C1500T1-1/4S2-1/2,"2-1/2""",1500,304L,"1-1/4""",1.25,5.95,15.25,21.35,162,179
PB316L-C1500T1-1/4S2-1/2,"2-1/2""",1500,316L,"1-1/4""",1.25,7.4,15.43,21.6,195,215
PBAL6061-C1500T1-1/4S2-1/2,"2-1/2""",1500,AL-6061,"1-1/4""",1.25,5,5.14,7.2,71,79
PB304-C1500T1-3/8S2-1/2,"2-1/2""",1500,304,"1-3/8""",1.375,5.5,16.78,23.49,164,181
PBSA36-C1500T1-3/8S2-1/2,"2-1/2""",1500,SA-36,"1-3/8""",1.375,1.85,16.06,22.48,76,84
PBSA516-70-C1500T1-3/8S2-1/2,"2-1/2""",1500,SA-516-70,"1-3/8""",1.375,2.15,16.06,22.48,83,92
PB304L-C1500T1-3/8S2-1/2,"2-1/2""",1500,304L,"1-3/8""",1.375,5.95,16.78,23.49,175,193
PB316L-C1500T1-3/8S2-1/2,"2-1/2""",1500,316L,"1-3/8""",1.375,7.4,16.97,23.76,211,233
PBAL6061-C1500T1-3/8S2-1/2,"2-1/2""",1500,AL-6061,"1-3/8""",1.375,5,5.66,7.92,74,82
PB304-C1500T1-1/2S2-1/2,"2-1/2""",1500,304,"1-1/2""",1.5,5.5,18.3,25.62,176,194
PBSA36-C1500T1-1/2S2-1/2,"2-1/2""",1500,SA-36,"1-1/2""",1.5,1.85,17.52,24.53,80,88
PBSA516-70-C1500T1-1/2S2-1/2,"2-1/2""",1500,SA-516-70,"1-1/2""",1.5,2.15,17.52,24.53,88,97
PB304L-C1500T1-1/2S2-1/2,"2-1/2""",1500,304L,"1-1/2""",1.5,5.95,18.3,25.62,187,206
PB316L-C1500T1-1/2S2-1/2,"2-1/2""",1500,316L,"1-1/2""",1.5,7.4,18.51,25.91,227,250
PBAL6061-C1500T1-1/2S2-1/2,"2-1/2""",1500,AL-6061,"1-1/2""",1.5,5,6.17,8.64,78,86
PB304-C1500T1-5/8S2-1/2,"2-1/2""",1500,304,"1-5/8""",1.625,5.5,19.83,27.76,188,207
PBSA36-C1500T1-5/8S2-1/2,"2-1/2""",1500,SA-36,"1-5/8""",1.625,1.85,18.98,26.57,84,93
PBSA516-70-C1500T1-5/8S2-1/2,"2-1/2""",1500,SA-516-70,"1-5/8""",1.625,2.15,18.98,26.57,92,102
PB304L-C1500T1-5/8S2-1/2,"2-1/2""",1500,304L,"1-5/8""",1.625,5.95,19.83,27.76,200,221
PB316L-C1500T1-5/8S2-1/2,"2-1/2""",1500,316L,"1-5/8""",1.625,7.4,20.05,28.07,243,268
PBAL6061-C1500T1-5/8S2-1/2,"2-1/2""",1500,AL-6061,"1-5/8""",1.625,5,6.69,9.37,82,91
PB304-C1500T1-3/4S2-1/2,"2-1/2""",1500,304,"1-3/4""",1.75,5.5,21.35,29.89,199,219
PBSA36-C1500T1-3/4S2-1/2,"2-1/2""",1500,SA-36,"1-3/4""",1.75,1.85,20.44,28.62,88,97
PBSA516-70-C1500T1-3/4S2-1/2,"2-1/2""",1500,SA-516-70,"1-3/4""",1.75,2.15,20.44,28.62,96,106
PB304L-C1500T1-3/4S2-1/2,"2-1/2""",1500,304L,"1-3/4""",1.75,5.95,21.35,29.89,213,235
PB316L-C1500T1-3/4S2-1/2,"2-1/2""",1500,316L,"1-3/4""",1.75,7.4,21.6,30.24,259,285
PBAL6061-C1500T1-3/4S2-1/2,"2-1/2""",1500,AL-6061,"1-3/4""",1.75,5,7.2,10.08,85,94
PB304-C1500T1-7/8S2-1/2,"2-1/2""",1500,304,"1-7/8""",1.875,5.5,22.88,32.03,211,233
PBSA36-C1500T1-7/8S2-1/2,"2-1/2""",1500,SA-36,"1-7/8""",1.875,1.85,21.9,30.66,92,102
PBSA516-70-C1500T1-7/8S2-1/2,"2-1/2""",1500,SA-516-70,"1-7/8""",1.875,2.15,21.9,30.66,101,112
PB304L-C1500T1-7/8S2-1/2,"2-1/2""",1500,304L,"1-7/8""",1.875,5.95,22.88,32.03,225,248
PB316L-C1500T1-7/8S2-1/2,"2-1/2""",1500,316L,"1-7/8""",1.875,7.4,23.14,32.4,275,303
PBAL6061-C1500T1-7/8S2-1/2,"2-1/2""",1500,AL-6061,"1-7/8""",1.875,5,7.72,10.81,89,98
PB304-C1500T2S2-1/2,"2-1/2""",1500,304,"2""",2,5.5,24.4,34.16,223,246
PBSA36-C1500T2S2-1/2,"2-1/2""",1500,SA-36,"2""",2,1.85,23.36,32.7,95,105
PBSA516-70-C1500T2S2-1/2,"2-1/2""",1500,SA-516-70,"2""",2,2.15,23.36,32.7,105,116
PB304L-C1500T2S2-1/2,"2-1/2""",1500,304L,"2""",2,5.95,24.4,34.16,238,262
PB316L-C1500T2S2-1/2,"2-1/2""",1500,316L,"2""",2,7.4,24.68,34.55,291,321
PBAL6061-C1500T2S2-1/2,"2-1/2""",1500,AL-6061,"2""",2,5,8.23,11.52,92,102
PB304-C1500T2-1/4S2-1/2,"2-1/2""",1500,304,"2-1/4""",2.25,5.5,27.45,38.43,246,271
PBSA36-C1500T2-1/4S2-1/2,"2-1/2""",1500,SA-36,"2-1/4""",2.25,1.85,26.28,36.79,103,114
PBSA516-70-C1500T2-1/4S2-1/2,"2-1/2""",1500,SA-516-70,"2-1/4""",2.25,2.15,26.28,36.79,114,126
PB304L-C1500T2-1/4S2-1/2,"2-1/2""",1500,304L,"2-1/4""",2.25,5.95,27.45,38.43,264,291
PB316L-C1500T2-1/4S2-1/2,"2-1/2""",1500,316L,"2-1/4""",2.25,7.4,27.77,38.88,323,356
PBAL6061-C1500T2-1/4S2-1/2,"2-1/2""",1500,AL-6061,"2-1/4""",2.25,5,9.26,12.96,100,111
PB304-C1500T2-1/2S2-1/2,"2-1/2""",1500,304,"2-1/2""",2.5,5.5,30.5,42.7,270,297
PBSA36-C1500T2-1/2S2-1/2,"2-1/2""",1500,SA-36,"2-1/2""",2.5,1.85,29.2,40.88,110,122
PBSA516-70-C1500T2-1/2S2-1/2,"2-1/2""",1500,SA-516-70,"2-1/2""",2.5,2.15,29.2,40.88,123,136
PB304L-C1500T2-1/2S2-1/2,"2-1/2""",1500,304L,"2-1/2""",2.5,5.95,30.5,42.7,289,318
PB316L-C1500T2-1/2S2-1/2,"2-1/2""",1500,316L,"2-1/2""",2.5,7.4,30.85,43.19,354,390
PBAL6061-C1500T2-1/2S2-1/2,"2-1/2""",1500,AL-6061,"2-1/2""",2.5,5,10.29,14.41,107,118
PB304-C1500T3S2-1/2,"2-1/2""",1500,304,"3""",3,5.5,36.61,51.25,317,349
PBSA36-C1500T3S2-1/2,"2-1/2""",1500,SA-36,"3""",3,1.85,35.04,49.06,126,139
PBSA516-70-C1500T3S2-1/2,"2-1/2""",1500,SA-516-70,"3""",3,2.15,35.04,49.06,140,154
PB304L-C1500T3S2-1/2,"2-1/2""",1500,304L,"3""",3,5.95,36.61,51.25,340,375
PB316L-C1500T3S2-1/2,"2-1/2""",1500,316L,"3""",3,7.4,37.02,51.83,418,460
PBAL6061-C1500T3S2-1/2,"2-1/2""",1500,AL-6061,"3""",3,5,12.35,17.29,121,134
PB304-C1500T11GAS3,"3""",1500,304,11 Gauge,0.1196,5.5,1.63,2.28,47,52
PBSA36-C1500T11GAS3,"3""",1500,SA-36,11 Gauge,0.1196,1.85,1.56,2.18,39,43
PBSA516-70-C1500T11GAS3,"3""",1500,SA-516-70,11 Gauge,0.1196,2.15,1.56,2.18,40,44
PB304L-C1500T11GAS3,"3""",1500,304L,11 Gauge,0.1196,5.95,1.63,2.28,48,53
PB316L-C1500T11GAS3,"3""",1500,316L,11 Gauge,0.1196,7.4,1.65,2.31,52,58
PBAL6061-C1500T11GAS3,"3""",1500,AL-6061,11 Gauge,0.1196,5,0.55,0.77,39,43
PB304-C1500T1/8S3,"3""",1500,304,"1/8""",0.125,5.5,1.71,2.39,48,53
PBSA36-C1500T1/8S3,"3""",1500,SA-36,"1/8""",0.125,1.85,1.64,2.3,39,43
PBSA516-70-C1500T1/8S3,"3""",1500,SA-516-70,"1/8""",0.125,2.15,1.64,2.3,40,44
PB304L-C1500T1/8S3,"3""",1500,304L,"1/8""",0.125,5.95,1.71,2.39,49,54
PB316L-C1500T1/8S3,"3""",1500,316L,"1/8""",0.125,7.4,1.73,2.42,53,59
PBAL6061-C1500T1/8S3,"3""",1500,AL-6061,"1/8""",0.125,5,0.58,0.81,39,43
PB304-C1500T3/16S3,"3""",1500,304,"3/16""",0.1875,5.5,2.56,3.58,55,61
PBSA36-C1500T3/16S3,"3""",1500,SA-36,"3/16""",0.1875,1.85,2.45,3.43,41,46
PBSA516-70-C1500T3/16S3,"3""",1500,SA-516-70,"3/16""",0.1875,2.15,2.45,3.43,42,47
PB304L-C1500T3/16S3,"3""",1500,304L,"3/16""",0.1875,5.95,2.56,3.58,56,62
PB316L-C1500T3/16S3,"3""",1500,316L,"3/16""",0.1875,7.4,2.59,3.63,62,69
PBAL6061-C1500T3/16S3,"3""",1500,AL-6061,"3/16""",0.1875,5,0.86,1.2,41,46
PB304-C1500T1/4S3,"3""",1500,304,"1/4""",0.25,5.5,3.42,4.79,61,68
PBSA36-C1500T1/4S3,"3""",1500,SA-36,"1/4""",0.25,1.85,3.27,4.58,43,48
PBSA516-70-C1500T1/4S3,"3""",1500,SA-516-70,"1/4""",0.25,2.15,3.27,4.58,45,50
PB304L-C1500T1/4S3,"3""",1500,304L,"1/4""",0.25,5.95,3.42,4.79,63,70
PB316L-C1500T1/4S3,"3""",1500,316L,"1/4""",0.25,7.4,3.46,4.84,71,79
PBAL6061-C1500T1/4S3,"3""",1500,AL-6061,"1/4""",0.25,5,1.15,1.61,43,48
PB304-C1500T5/16S3,"3""",1500,304,"5/16""",0.3125,5.5,4.27,5.98,68,75
PBSA36-C1500T5/16S3,"3""",1500,SA-36,"5/16""",0.3125,1.85,4.09,5.73,45,50
PBSA516-70-C1500T5/16S3,"3""",1500,SA-516-70,"5/16""",0.3125,2.15,4.09,5.73,47,52
PB304L-C1500T5/16S3,"3""",1500,304L,"5/16""",0.3125,5.95,4.27,5.98,70,77
PB316L-C1500T5/16S3,"3""",1500,316L,"5/16""",0.3125,7.4,4.32,6.05,80,88
PBAL6061-C1500T5/16S3,"3""",1500,AL-6061,"5/16""",0.3125,5,1.44,2.02,45,50
PB304-C1500T3/8S3,"3""",1500,304,"3/8""",0.375,5.5,5.12,7.17,74,82
PBSA36-C1500T3/8S3,"3""",1500,SA-36,"3/8""",0.375,1.85,4.91,6.87,48,53
PBSA516-70-C1500T3/8S3,"3""",1500,SA-516-70,"3/8""",0.375,2.15,4.91,6.87,50,56
PB304L-C1500T3/8S3,"3""",1500,304L,"3/8""",0.375,5.95,5.12,7.17,78,86
PB316L-C1500T3/8S3,"3""",1500,316L,"3/8""",0.375,7.4,5.18,7.25,88,97
PBAL6061-C1500T3/8S3,"3""",1500,AL-6061,"3/8""",0.375,5,1.73,2.42,47,52
PB304-C1500T1/2S3,"3""",1500,304,"1/2""",0.5,5.5,6.83,9.56,87,96
PBSA36-C1500T1/2S3,"3""",1500,SA-36,"1/2""",0.5,1.85,6.54,9.16,52,58
PBSA516-70-C1500T1/2S3,"3""",1500,SA-516-70,"1/2""",0.5,2.15,6.54,9.16,55,61
PB304L-C1500T1/2S3,"3""",1500,304L,"1/2""",0.5,5.95,6.83,9.56,92,102
PB316L-C1500T1/2S3,"3""",1500,316L,"1/2""",0.5,7.4,6.91,9.67,106,117
PBAL6061-C1500T1/2S3,"3""",1500,AL-6061,"1/2""",0.5,5,2.3,3.22,51,57
PB304-C1500T5/8S3,"3""",1500,304,"5/8""",0.625,5.5,8.54,11.96,101,112
PBSA36-C1500T5/8S3,"3""",1500,SA-36,"5/8""",0.625,1.85,8.18,11.45,56,62
PBSA516-70-C1500T5/8S3,"3""",1500,SA-516-70,"5/8""",0.625,2.15,8.18,11.45,59,65
PB304L-C1500T5/8S3,"3""",1500,304L,"5/8""",0.625,5.95,8.54,11.96,106,117
PB316L-C1500T5/8S3,"3""",1500,316L,"5/8""",0.625,7.4,8.64,12.1,124,137
PBAL6061-C1500T5/8S3,"3""",1500,AL-6061,"5/8""",0.625,5,2.88,4.03,55,61
PB304-C1500T3/4S3,"3""",1500,304,"3/4""",0.75,5.5,10.25,14.35,114,126
PBSA36-C1500T3/4S3,"3""",1500,SA-36,"3/4""",0.75,1.85,9.81,13.73,60,66
PBSA516-70-C1500T3/4S3,"3""",1500,SA-516-70,"3/4""",0.75,2.15,9.81,13.73,64,71
PB304L-C1500T3/4S3,"3""",1500,304L,"3/4""",0.75,5.95,10.25,14.35,120,132
PB316L-C1500T3/4S3,"3""",1500,316L,"3/4""",0.75,7.4,10.37,14.52,142,157
PBAL6061-C1500T3/4S3,"3""",1500,AL-6061,"3/4""",0.75,5,3.46,4.84,59,65
PB304-C1500T7/8S3,"3""",1500,304,"7/8""",0.875,5.5,11.96,16.74,127,140
PBSA36-C1500T7/8S3,"3""",1500,SA-36,"7/8""",0.875,1.85,11.45,16.03,65,72
PBSA516-70-C1500T7/8S3,"3""",1500,SA-516-70,"7/8""",0.875,2.15,11.45,16.03,69,76
PB304L-C1500T7/8S3,"3""",1500,304L,"7/8""",0.875,5.95,11.96,16.74,134,148
PB316L-C1500T7/8S3,"3""",1500,316L,"7/8""",0.875,7.4,12.09,16.93,160,176
PBAL6061-C1500T7/8S3,"3""",1500,AL-6061,"7/8""",0.875,5,4.03,5.64,63,70
PB304-C1500T1S3,"3""",1500,304,"1""",1,5.5,13.66,19.12,140,154
PBSA36-C1500T1S3,"3""",1500,SA-36,"1""",1,1.85,13.08,18.31,69,76
PBSA516-70-C1500T1S3,"3""",1500,SA-516-70,"1""",1,2.15,13.08,18.31,74,82
PB304L-C1500T1S3,"3""",1500,304L,"1""",1,5.95,13.66,19.12,149,164
PB316L-C1500T1S3,"3""",1500,316L,"1""",1,7.4,13.82,19.35,178,196
PBAL6061-C1500T1S3,"3""",1500,AL-6061,"1""",1,5,4.61,6.45,67,74
PB304-C1500T1-1/8S3,"3""",1500,304,"1-1/8""",1.125,5.5,15.37,21.52,153,169
PBSA36-C1500T1-1/8S3,"3""",1500,SA-36,"1-1/8""",1.125,1.85,14.72,20.61,73,81
PBSA516-70-C1500T1-1/8S3,"3""",1500,SA-516-70,"1-1/8""",1.125,2.15,14.72,20.61,79,87
PB304L-C1500T1-1/8S3,"3""",1500,304L,"1-1/8""",1.125,5.95,15.37,21.52,163,180
PB316L-C1500T1-1/8S3,"3""",1500,316L,"1-1/8""",1.125,7.4,15.55,21.77,196,216
PBAL6061-C1500T1-1/8S3,"3""",1500,AL-6061,"1-1/8""",1.125,5,5.18,7.25,71,79
PB304-C1500T1-1/4S3,"3""",1500,304,"1-1/4""",1.25,5.5,17.08,23.91,166,183
PBSA36-C1500T1-1/4S3,"3""",1500,SA-36,"1-1/4""",1.25,1.85,16.35,22.89,77,85
PBSA516-70-C1500T1-1/4S3,"3""",1500,SA-516-70,"1-1/4""",1.25,2.15,16.35,22.89,84,93
PB304L-C1500T1-1/4S3,"3""",1500,304L,"1-1/4""",1.25,5.95,17.08,23.91,177,195
PB316L-C1500T1-1/4S3,"3""",1500,316L,"1-1/4""",1.25,7.4,17.28,24.19,214,236
PBAL6061-C1500T1-1/4S3,"3""",1500,AL-6061,"1-1/4""",1.25,5,5.76,8.06,75,83
PB304-C1500T1-3/8S3,"3""",1500,304,"1-3/8""",1.375,5.5,18.79,26.31,180,199
PBSA36-C1500T1-3/8S3,"3""",1500,SA-36,"1-3/8""",1.375,1.85,17.99,25.19,81,90
PBSA516-70-C1500T1-3/8S3,"3""",1500,SA-516-70,"1-3/8""",1.375,2.15,17.99,25.19,89,98
PB304L-C1500T1-3/8S3,"3""",1500,304L,"1-3/8""",1.375,5.95,18.79,26.31,191,211
PB316L-C1500T1-3/8S3,"3""",1500,316L,"1-3/8""",1.375,7.4,19,26.6,232,256
PBAL6061-C1500T1-3/8S3,"3""",1500,AL-6061,"1-3/8""",1.375,5,6.34,8.88,79,87
PB304-C1500T1-1/2S3,"3""",1500,304,"1-1/2""",1.5,5.5,20.5,28.7,193,213
PBSA36-C1500T1-1/2S3,"3""",1500,SA-36,"1-1/2""",1.5,1.85,19.62,27.47,86,95
PBSA516-70-C1500T1-1/2S3,"3""",1500,SA-516-70,"1-1/2""",1.5,2.15,19.62,27.47,94,104
PB304L-C1500T1-1/2S3,"3""",1500,304L,"1-1/2""",1.5,5.95,20.5,28.7,206,227
PB316L-C1500T1-1/2S3,"3""",1500,316L,"1-1/2""",1.5,7.4,20.73,29.02,250,275
PBAL6061-C1500T1-1/2S3,"3""",1500,AL-6061,"1-1/2""",1.5,5,6.91,9.67,83,92
PB304-C1500T1-5/8S3,"3""",1500,304,"1-5/8""",1.625,5.5,22.21,31.09,206,227
PBSA36-C1500T1-5/8S3,"3""",1500,SA-36,"1-5/8""",1.625,1.85,21.26,29.76,90,100
PBSA516-70-C1500T1-5/8S3,"3""",1500,SA-516-70,"1-5/8""",1.625,2.15,21.26,29.76,99,109
PB304L-C1500T1-5/8S3,"3""",1500,304L,"1-5/8""",1.625,5.95,22.21,31.09,220,243
PB316L-C1500T1-5/8S3,"3""",1500,316L,"1-5/8""",1.625,7.4,22.46,31.44,268,295
PBAL6061-C1500T1-5/8S3,"3""",1500,AL-6061,"1-5/8""",1.625,5,7.49,10.49,87,96
PB304-C1500T1-3/4S3,"3""",1500,304,"1-3/4""",1.75,5.5,23.91,33.47,219,241
PBSA36-C1500T1-3/4S3,"3""",1500,SA-36,"1-3/4""",1.75,1.85,22.89,32.05,94,104
PBSA516-70-C1500T1-3/4S3,"3""",1500,SA-516-70,"1-3/4""",1.75,2.15,22.89,32.05,104,115
PB304L-C1500T1-3/4S3,"3""",1500,304L,"1-3/4""",1.75,5.95,23.91,33.47,234,258
PB316L-C1500T1-3/4S3,"3""",1500,316L,"1-3/4""",1.75,7.4,24.19,33.87,285,314
PBAL6061-C1500T1-3/4S3,"3""",1500,AL-6061,"1-3/4""",1.75,5,8.07,11.3,91,101
PB304-C1500T1-7/8S3,"3""",1500,304,"1-7/8""",1.875,5.5,25.62,35.87,232,256
PBSA36-C1500T1-7/8S3,"3""",1500,SA-36,"1-7/8""",1.875,1.85,24.53,34.34,98,108
PBSA516-70-C1500T1-7/8S3,"3""",1500,SA-516-70,"1-7/8""",1.875,2.15,24.53,34.34,109,120
PB304L-C1500T1-7/8S3,"3""",1500,304L,"1-7/8""",1.875,5.95,25.62,35.87,248,273
PB316L-C1500T1-7/8S3,"3""",1500,316L,"1-7/8""",1.875,7.4,25.91,36.27,303,334
PBAL6061-C1500T1-7/8S3,"3""",1500,AL-6061,"1-7/8""",1.875,5,8.64,12.1,95,105
PB304-C1500T2S3,"3""",1500,304,"2""",2,5.5,27.33,38.26,245,270
PBSA36-C1500T2S3,"3""",1500,SA-36,"2""",2,1.85,26.16,36.62,103,114
PBSA516-70-C1500T2S3,"3""",1500,SA-516-70,"2""",2,2.15,26.16,36.62,114,126
PB304L-C1500T2S3,"3""",1500,304L,"2""",2,5.95,27.33,38.26,262,289
PB316L-C1500T2S3,"3""",1500,316L,"2""",2,7.4,27.64,38.7,321,354
PBAL6061-C1500T2S3,"3""",1500,AL-6061,"2""",2,5,9.22,12.91,99,109
PB304-C1500T2-1/4S3,"3""",1500,304,"2-1/4""",2.25,5.5,30.75,43.05,272,300
PBSA36-C1500T2-1/4S3,"3""",1500,SA-36,"2-1/4""",2.25,1.85,29.43,41.2,111,123
PBSA516-70-C1500T2-1/4S3,"3""",1500,SA-516-70,"2-1/4""",2.25,2.15,29.43,41.2,123,136
PB304L-C1500T2-1/4S3,"3""",1500,304L,"2-1/4""",2.25,5.95,30.75,43.05,291,321
PB316L-C1500T2-1/4S3,"3""",1500,316L,"2-1/4""",2.25,7.4,31.1,43.54,357,393
PBAL6061-C1500T2-1/4S3,"3""",1500,AL-6061,"2-1/4""",2.25,5,10.37,14.52,107,118
PB304-C1500T2-1/2S3,"3""",1500,304,"2-1/2""",2.5,5.5,34.16,47.82,298,328
PBSA36-C1500T2-1/2S3,"3""",1500,SA-36,"2-1/2""",2.5,1.85,32.7,45.78,120,132
PBSA516-70-C1500T2-1/2S3,"3""",1500,SA-516-70,"2-1/2""",2.5,2.15,32.7,45.78,133,147
PB304L-C1500T2-1/2S3,"3""",1500,304L,"2-1/2""",2.5,5.95,34.16,47.82,319,351
PB316L-C1500T2-1/2S3,"3""",1500,316L,"2-1/2""",2.5,7.4,34.55,48.37,393,433
PBAL6061-C1500T2-1/2S3,"3""",1500,AL-6061,"2-1/2""",2.5,5,11.52,16.13,115,127
PB304-C1500T3S3,"3""",1500,304,"3""",3,5.5,40.99,57.39,350,386
PBSA36-C1500T3S3,"3""",1500,SA-36,"3""",3,1.85,39.24,54.94,136,150
PBSA516-70-C1500T3S3,"3""",1500,SA-516-70,"3""",3,2.15,39.24,54.94,153,169
PB304L-C1500T3S3,"3""",1500,304L,"3""",3,5.95,40.99,57.39,376,414
PB316L-C1500T3S3,"3""",1500,316L,"3""",3,7.4,41.46,58.04,464,511
PBAL6061-C1500T3S3,"3""",1500,AL-6061,"3""",3,5,13.83,19.36,132,146
PB304-C1500T11GAS4,"4""",1500,304,11 Gauge,0.1196,5.5,2.34,3.28,53,59
PBSA36-C1500T11GAS4,"4""",1500,SA-36,11 Gauge,0.1196,1.85,2.24,3.14,41,46
PBSA516-70-C1500T11GAS4,"4""",1500,SA-516-70,11 Gauge,0.1196,2.15,2.24,3.14,42,47
PB304L-C1500T11GAS4,"4""",1500,304L,11 Gauge,0.1196,5.95,2.34,3.28,54,60
PB316L-C1500T11GAS4,"4""",1500,316L,11 Gauge,0.1196,7.4,2.36,3.3,59,65
PBAL6061-C1500T11GAS4,"4""",1500,AL-6061,11 Gauge,0.1196,5,0.79,1.11,40,44
PB304-C1500T1/8S4,"4""",1500,304,"1/8""",0.125,5.5,2.44,3.42,54,60
PBSA36-C1500T1/8S4,"4""",1500,SA-36,"1/8""",0.125,1.85,2.34,3.28,41,46
PBSA516-70-C1500T1/8S4,"4""",1500,SA-516-70,"1/8""",0.125,2.15,2.34,3.28,42,47
PB304L-C1500T1/8S4,"4""",1500,304L,"1/8""",0.125,5.95,2.44,3.42,55,61
PB316L-C1500T1/8S4,"4""",1500,316L,"1/8""",0.125,7.4,2.47,3.46,60,66
PBAL6061-C1500T1/8S4,"4""",1500,AL-6061,"1/8""",0.125,5,0.82,1.15,41,46
PB304-C1500T3/16S4,"4""",1500,304,"3/16""",0.1875,5.5,3.66,5.12,63,70
PBSA36-C1500T3/16S4,"4""",1500,SA-36,"3/16""",0.1875,1.85,3.51,4.91,44,49
PBSA516-70-C1500T3/16S4,"4""",1500,SA-516-70,"3/16""",0.1875,2.15,3.51,4.91,45,50
PB304L-C1500T3/16S4,"4""",1500,304L,"3/16""",0.1875,5.95,3.66,5.12,65,72
PB316L-C1500T3/16S4,"4""",1500,316L,"3/16""",0.1875,7.4,3.7,5.18,73,81
PBAL6061-C1500T3/16S4,"4""",1500,AL-6061,"3/16""",0.1875,5,1.24,1.74,44,49
PB304-C1500T1/4S4,"4""",1500,304,"1/4""",0.25,5.5,4.88,6.83,72,80
PBSA36-C1500T1/4S4,"4""",1500,SA-36,"1/4""",0.25,1.85,4.68,6.55,47,52
PBSA516-70-C1500T1/4S4,"4""",1500,SA-516-70,"1/4""",0.25,2.15,4.68,6.55,49,54
PB304L-C1500T1/4S4,"4""",1500,304L,"1/4""",0.25,5.95,4.88,6.83,75,83
PB316L-C1500T1/4S4,"4""",1500,316L,"1/4""",0.25,7.4,4.94,6.92,86,95
PBAL6061-C1500T1/4S4,"4""",1500,AL-6061,"1/4""",0.25,5,1.65,2.31,46,51
PB304-C1500T5/16S4,"4""",1500,304,"5/16""",0.3125,5.5,6.11,8.55,82,91
PBSA36-C1500T5/16S4,"4""",1500,SA-36,"5/16""",0.3125,1.85,5.84,8.18,50,56
PBSA516-70-C1500T5/16S4,"4""",1500,SA-516-70,"5/16""",0.3125,2.15,5.84,8.18,52,58
PB304L-C1500T5/16S4,"4""",1500,304L,"5/16""",0.3125,5.95,6.11,8.55,86,95
PB316L-C1500T5/16S4,"4""",1500,316L,"5/16""",0.3125,7.4,6.17,8.64,99,109
PBAL6061-C1500T5/16S4,"4""",1500,AL-6061,"5/16""",0.3125,5,2.06,2.88,49,54
PB304-C1500T3/8S4,"4""",1500,304,"3/8""",0.375,5.5,7.33,10.26,91,101
PBSA36-C1500T3/8S4,"4""",1500,SA-36,"3/8""",0.375,1.85,7.01,9.81,53,59
PBSA516-70-C1500T3/8S4,"4""",1500,SA-516-70,"3/8""",0.375,2.15,7.01,9.81,56,62
PB304L-C1500T3/8S4,"4""",1500,304L,"3/8""",0.375,5.95,7.33,10.26,96,106
PB316L-C1500T3/8S4,"4""",1500,316L,"3/8""",0.375,7.4,7.41,10.37,112,124
PBAL6061-C1500T3/8S4,"4""",1500,AL-6061,"3/8""",0.375,5,2.47,3.46,52,58
PB304-C1500T1/2S4,"4""",1500,304,"1/2""",0.5,5.5,9.77,13.68,110,122
PBSA36-C1500T1/2S4,"4""",1500,SA-36,"1/2""",0.5,1.85,9.35,13.09,59,65
PBSA516-70-C1500T1/2S4,"4""",1500,SA-516-70,"1/2""",0.5,2.15,9.35,13.09,63,70
PB304L-C1500T1/2S4,"4""",1500,304L,"1/2""",0.5,5.95,9.77,13.68,116,128
PB316L-C1500T1/2S4,"4""",1500,316L,"1/2""",0.5,7.4,9.88,13.83,137,151
PBAL6061-C1500T1/2S4,"4""",1500,AL-6061,"1/2""",0.5,5,3.29,4.61,58,64
PB304-C1500T5/8S4,"4""",1500,304,"5/8""",0.625,5.5,12.21,17.09,129,142
PBSA36-C1500T5/8S4,"4""",1500,SA-36,"5/8""",0.625,1.85,11.69,16.37,65,72
PBSA516-70-C1500T5/8S4,"4""",1500,SA-516-70,"5/8""",0.625,2.15,11.69,16.37,70,77
PB304L-C1500T5/8S4,"4""",1500,304L,"5/8""",0.625,5.95,12.21,17.09,137,151
PB316L-C1500T5/8S4,"4""",1500,316L,"5/8""",0.625,7.4,12.35,17.29,163,180
PBAL6061-C1500T5/8S4,"4""",1500,AL-6061,"5/8""",0.625,5,4.12,5.77,64,71
PB304-C1500T3/4S4,"4""",1500,304,"3/4""",0.75,5.5,14.65,20.51,148,163
PBSA36-C1500T3/4S4,"4""",1500,SA-36,"3/4""",0.75,1.85,14.03,19.64,71,79
PBSA516-70-C1500T3/4S4,"4""",1500,SA-516-70,"3/4""",0.75,2.15,14.03,19.64,77,85
PB304L-C1500T3/4S4,"4""",1500,304L,"3/4""",0.75,5.95,14.65,20.51,157,173
PB316L-C1500T3/4S4,"4""",1500,316L,"3/4""",0.75,7.4,14.82,20.75,188,207
PBAL6061-C1500T3/4S4,"4""",1500,AL-6061,"3/4""",0.75,5,4.94,6.92,69,76
PB304-C1500T7/8S4,"4""",1500,304,"7/8""",0.875,5.5,17.09,23.93,166,183
PBSA36-C1500T7/8S4,"4""",1500,SA-36,"7/8""",0.875,1.85,16.36,22.9,77,85
PBSA516-70-C1500T7/8S4,"4""",1500,SA-516-70,"7/8""",0.875,2.15,16.36,22.9,84,93
PB304L-C1500T7/8S4,"4""",1500,304L,"7/8""",0.875,5.95,17.09,23.93,177,195
PB316L-C1500T7/8S4,"4""",1500,316L,"7/8""",0.875,7.4,17.29,24.21,214,236
PBAL6061-C1500T7/8S4,"4""",1500,AL-6061,"7/8""",0.875,5,5.77,8.08,75,83
PB304-C1500T1S4,"4""",1500,304,"1""",1,5.5,19.54,27.36,185,204
PBSA36-C1500T1S4,"4""",1500,SA-36,"1""",1,1.85,18.7,26.18,83,92
PBSA516-70-C1500T1S4,"4""",1500,SA-516-70,"1""",1,2.15,18.7,26.18,91,101
PB304L-C1500T1S4,"4""",1500,304L,"1""",1,5.95,19.54,27.36,198,218
PB316L-C1500T1S4,"4""",1500,316L,"1""",1,7.4,19.76,27.66,240,264
PBAL6061-C1500T1S4,"4""",1500,AL-6061,"1""",1,5,6.59,9.23,81,90
PB304-C1500T1-1/8S4,"4""",1500,304,"1-1/8""",1.125,5.5,21.98,30.77,204,225
PBSA36-C1500T1-1/8S4,"4""",1500,SA-36,"1-1/8""",1.125,1.85,21.04,29.46,89,98
PBSA516-70-C1500T1-1/8S4,"4""",1500,SA-516-70,"1-1/8""",1.125,2.15,21.04,29.46,98,108
PB304L-C1500T1-1/8S4,"4""",1500,304L,"1-1/8""",1.125,5.95,21.98,30.77,218,240
PB316L-C1500T1-1/8S4,"4""",1500,316L,"1-1/8""",1.125,7.4,22.23,31.12,265,292
PBAL6061-C1500T1-1/8S4,"4""",1500,AL-6061,"1-1/8""",1.125,5,7.41,10.37,87,96
PB304-C1500T1-1/4S4,"4""",1500,304,"1-1/4""",1.25,5.5,24.42,34.19,223,246
PBSA36-C1500T1-1/4S4,"4""",1500,SA-36,"1-1/4""",1.25,1.85,23.38,32.73,95,105
PBSA516-70-C1500T1-1/4S4,"4""",1500,SA-516-70,"1-1/4""",1.25,2.15,23.38,32.73,105,116
PB304L-C1500T1-1/4S4,"4""",1500,304L,"1-1/4""",1.25,5.95,24.42,34.19,238,262
PB316L-C1500T1-1/4S4,"4""",1500,316L,"1-1/4""",1.25,7.4,24.7,34.58,291,321
PBAL6061-C1500T1-1/4S4,"4""",1500,AL-6061,"1-1/4""",1.25,5,8.24,11.54,93,103
PB304-C1500T1-3/8S4,"4""",1500,304,"1-3/8""",1.375,5.5,26.86,37.6,242,267
PBSA36-C1500T1-3/8S4,"4""",1500,SA-36,"1-3/8""",1.375,1.85,25.71,35.99,101,112
PBSA516-70-C1500T1-3/8S4,"4""",1500,SA-516-70,"1-3/8""",1.375,2.15,25.71,35.99,112,124
PB304L-C1500T1-3/8S4,"4""",1500,304L,"1-3/8""",1.375,5.95,26.86,37.6,259,285
PB316L-C1500T1-3/8S4,"4""",1500,316L,"1-3/8""",1.375,7.4,27.17,38.04,316,348
PBAL6061-C1500T1-3/8S4,"4""",1500,AL-6061,"1-3/8""",1.375,5,9.06,12.68,98,108
PB304-C1500T1-1/2S4,"4""",1500,304,"1-1/2""",1.5,5.5,29.31,41.03,261,288
PBSA36-C1500T1-1/2S4,"4""",1500,SA-36,"1-1/2""",1.5,1.85,28.05,39.27,107,118
PBSA516-70-C1500T1-1/2S4,"4""",1500,SA-516-70,"1-1/2""",1.5,2.15,28.05,39.27,119,131
PB304L-C1500T1-1/2S4,"4""",1500,304L,"1-1/2""",1.5,5.95,29.31,41.03,279,307
PB316L-C1500T1-1/2S4,"4""",1500,316L,"1-1/2""",1.5,7.4,29.64,41.5,342,377
PBAL6061-C1500T1-1/2S4,"4""",1500,AL-6061,"1-1/2""",1.5,5,9.88,13.83,104,115
PB304-C1500T1-5/8S4,"4""",1500,304,"1-5/8""",1.625,5.5,31.75,44.45,279,307
PBSA36-C1500T1-5/8S4,"4""",1500,SA-36,"1-5/8""",1.625,1.85,30.39,42.55,114,126
PBSA516-70-C1500T1-5/8S4,"4""",1500,SA-516-70,"1-5/8""",1.625,2.15,30.39,42.55,126,139
PB304L-C1500T1-5/8S4,"4""",1500,304L,"1-5/8""",1.625,5.95,31.75,44.45,299,329
PB316L-C1500T1-5/8S4,"4""",1500,316L,"1-5/8""",1.625,7.4,32.11,44.95,367,404
PBAL6061-C1500T1-5/8S4,"4""",1500,AL-6061,"1-5/8""",1.625,5,10.71,14.99,110,122
PB304-C1500T1-3/4S4,"4""",1500,304,"1-3/4""",1.75,5.5,34.19,47.87,298,328
PBSA36-C1500T1-3/4S4,"4""",1500,SA-36,"1-3/4""",1.75,1.85,32.73,45.82,120,132
PBSA516-70-C1500T1-3/4S4,"4""",1500,SA-516-70,"1-3/4""",1.75,2.15,32.73,45.82,133,147
PB304L-C1500T1-3/4S4,"4""",1500,304L,"1-3/4""",1.75,5.95,34.19,47.87,320,352
PB316L-C1500T1-3/4S4,"4""",1500,316L,"1-3/4""",1.75,7.4,34.58,48.41,393,433
PBAL6061-C1500T1-3/4S4,"4""",1500,AL-6061,"1-3/4""",1.75,5,11.53,16.14,116,128
PB304-C1500T1-7/8S4,"4""",1500,304,"1-7/8""",1.875,5.5,36.63,51.28,317,349
PBSA36-C1500T1-7/8S4,"4""",1500,SA-36,"1-7/8""",1.875,1.85,35.07,49.1,126,139
PBSA516-70-C1500T1-7/8S4,"4""",1500,SA-516-70,"1-7/8""",1.875,2.15,35.07,49.1,140,154
PB304L-C1500T1-7/8S4,"4""",1500,304L,"1-7/8""",1.875,5.95,36.63,51.28,340,375
PB316L-C1500T1-7/8S4,"4""",1500,316L,"1-7/8""",1.875,7.4,37.05,51.87,419,461
PBAL6061-C1500T1-7/8S4,"4""",1500,AL-6061,"1-7/8""",1.875,5,12.36,17.3,121,134
PB304-C1500T2S4,"4""",1500,304,"2""",2,5.5,39.07,54.7,336,370
PBSA36-C1500T2S4,"4""",1500,SA-36,"2""",2,1.85,37.4,52.36,132,146
PBSA516-70-C1500T2S4,"4""",1500,SA-516-70,"2""",2,2.15,37.4,52.36,147,162
PB304L-C1500T2S4,"4""",1500,304L,"2""",2,5.95,39.07,54.7,360,397
PB316L-C1500T2S4,"4""",1500,316L,"2""",2,7.4,39.52,55.33,444,489
PBAL6061-C1500T2S4,"4""",1500,AL-6061,"2""",2,5,13.18,18.45,127,140
PB304-C1500T2-1/4S4,"4""",1500,304,"2-1/4""",2.25,5.5,43.96,61.54,373,411
PBSA36-C1500T2-1/4S4,"4""",1500,SA-36,"2-1/4""",2.25,1.85,42.08,58.91,144,159
PBSA516-70-C1500T2-1/4S4,"4""",1500,SA-516-70,"2-1/4""",2.25,2.15,42.08,58.91,162,179
PB304L-C1500T2-1/4S4,"4""",1500,304L,"2-1/4""",2.25,5.95,43.96,61.54,401,442
PB316L-C1500T2-1/4S4,"4""",1500,316L,"2-1/4""",2.25,7.4,44.46,62.24,495,545
PBAL6061-C1500T2-1/4S4,"4""",1500,AL-6061,"2-1/4""",2.25,5,14.83,20.76,139,153
PB304-C1500T2-1/2S4,"4""",1500,304,"2-1/2""",2.5,5.5,48.84,68.38,411,453
PBSA36-C1500T2-1/2S4,"4""",1500,SA-36,"2-1/2""",2.5,1.85,46.75,65.45,156,172
PBSA516-70-C1500T2-1/2S4,"4""",1500,SA-516-70,"2-1/2""",2.5,2.15,46.75,65.45,176,194
PB304L-C1500T2-1/2S4,"4""",1500,304L,"2-1/2""",2.5,5.95,48.84,68.38,442,487
PB316L-C1500T2-1/2S4,"4""",1500,316L,"2-1/2""",2.5,7.4,49.4,69.16,547,602
PBAL6061-C1500T2-1/2S4,"4""",1500,AL-6061,"2-1/2""",2.5,5,16.47,23.06,150,165
PB304-C1500T3S4,"4""",1500,304,"3""",3,5.5,58.61,82.05,486,535
PBSA36-C1500T3S4,"4""",1500,SA-36,"3""",3,1.85,56.1,78.54,180,199
PBSA516-70-C1500T3S4,"4""",1500,SA-516-70,"3""",3,2.15,56.1,78.54,204,225
PB304L-C1500T3S4,"4""",1500,304L,"3""",3,5.95,58.61,82.05,523,576
PB316L-C1500T3S4,"4""",1500,316L,"3""",3,7.4,59.28,82.99,649,714
PBAL6061-C1500T3S4,"4""",1500,AL-6061,"3""",3,5,19.77,27.68,173,191
PB304-C1500T11GAS6,"6""",1500,304,11 Gauge,0.1196,5.5,4.2,5.88,67,74
PBSA36-C1500T11GAS6,"6""",1500,SA-36,11 Gauge,0.1196,1.85,4.02,5.63,45,50
PBSA516-70-C1500T11GAS6,"6""",1500,SA-516-70,11 Gauge,0.1196,2.15,4.02,5.63,47,52
PB304L-C1500T11GAS6,"6""",1500,304L,11 Gauge,0.1196,5.95,4.2,5.88,70,77
PB316L-C1500T11GAS6,"6""",1500,316L,11 Gauge,0.1196,7.4,4.24,5.94,79,87
PBAL6061-C1500T11GAS6,"6""",1500,AL-6061,11 Gauge,0.1196,5,1.42,1.99,45,50
PB304-C1500T1/8S6,"6""",1500,304,"1/8""",0.125,5.5,4.39,6.15,69,76
PBSA36-C1500T1/8S6,"6""",1500,SA-36,"1/8""",0.125,1.85,4.2,5.88,46,51
PBSA516-70-C1500T1/8S6,"6""",1500,SA-516-70,"1/8""",0.125,2.15,4.2,5.88,47,52
PB304L-C1500T1/8S6,"6""",1500,304L,"1/8""",0.125,5.95,4.39,6.15,71,79
PB316L-C1500T1/8S6,"6""",1500,316L,"1/8""",0.125,7.4,4.44,6.22,81,90
PBAL6061-C1500T1/8S6,"6""",1500,AL-6061,"1/8""",0.125,5,1.48,2.07,45,50
PB304-C1500T3/16S6,"6""",1500,304,"3/16""",0.1875,5.5,6.58,9.21,86,95
PBSA36-C1500T3/16S6,"6""",1500,SA-36,"3/16""",0.1875,1.85,6.3,8.82,51,57
PBSA516-70-C1500T3/16S6,"6""",1500,SA-516-70,"3/16""",0.1875,2.15,6.3,8.82,54,60
PB304L-C1500T3/16S6,"6""",1500,304L,"3/16""",0.1875,5.95,6.58,9.21,90,100
PB316L-C1500T3/16S6,"6""",1500,316L,"3/16""",0.1875,7.4,6.65,9.31,104,115
PBAL6061-C1500T3/16S6,"6""",1500,AL-6061,"3/16""",0.1875,5,2.22,3.11,50,56
PB304-C1500T1/4S6,"6""",1500,304,"1/4""",0.25,5.5,8.77,12.28,102,113
PBSA36-C1500T1/4S6,"6""",1500,SA-36,"1/4""",0.25,1.85,8.4,11.76,57,63
PBSA516-70-C1500T1/4S6,"6""",1500,SA-516-70,"1/4""",0.25,2.15,8.4,11.76,60,66
PB304L-C1500T1/4S6,"6""",1500,304L,"1/4""",0.25,5.95,8.77,12.28,108,119
PB316L-C1500T1/4S6,"6""",1500,316L,"1/4""",0.25,7.4,8.87,12.42,127,140
PBAL6061-C1500T1/4S6,"6""",1500,AL-6061,"1/4""",0.25,5,2.96,4.14,56,62
PB304-C1500T5/16S6,"6""",1500,304,"5/16""",0.3125,5.5,10.96,15.34,119,131
PBSA36-C1500T5/16S6,"6""",1500,SA-36,"5/16""",0.3125,1.85,10.49,14.69,62,69
PBSA516-70-C1500T5/16S6,"6""",1500,SA-516-70,"5/16""",0.3125,2.15,10.49,14.69,66,73
PB304L-C1500T5/16S6,"6""",1500,304L,"5/16""",0.3125,5.95,10.96,15.34,126,139
PB316L-C1500T5/16S6,"6""",1500,316L,"5/16""",0.3125,7.4,11.09,15.53,150,165
PBAL6061-C1500T5/16S6,"6""",1500,AL-6061,"5/16""",0.3125,5,3.7,5.18,61,68
PB304-C1500T3/8S6,"6""",1500,304,"3/8""",0.375,5.5,13.16,18.42,136,150
PBSA36-C1500T3/8S6,"6""",1500,SA-36,"3/8""",0.375,1.85,12.59,17.63,67,74
PBSA516-70-C1500T3/8S6,"6""",1500,SA-516-70,"3/8""",0.375,2.15,12.59,17.63,73,81
PB304L-C1500T3/8S6,"6""",1500,304L,"3/8""",0.375,5.95,13.16,18.42,144,159
PB316L-C1500T3/8S6,"6""",1500,316L,"3/8""",0.375,7.4,13.31,18.63,173,191
PBAL6061-C1500T3/8S6,"6""",1500,AL-6061,"3/8""",0.375,5,4.44,6.22,66,73
PB304-C1500T1/2S6,"6""",1500,304,"1/2""",0.5,5.5,17.54,24.56,170,188
PBSA36-C1500T1/2S6,"6""",1500,SA-36,"1/2""",0.5,1.85,16.79,23.51,78,86
PBSA516-70-C1500T1/2S6,"6""",1500,SA-516-70,"1/2""",0.5,2.15,16.79,23.51,85,94
PB304L-C1500T1/2S6,"6""",1500,304L,"1/2""",0.5,5.95,17.54,24.56,181,200
PB316L-C1500T1/2S6,"6""",1500,316L,"1/2""",0.5,7.4,17.74,24.84,219,241
PBAL6061-C1500T1/2S6,"6""",1500,AL-6061,"1/2""",0.5,5,5.92,8.29,76,84
PB304-C1500T5/8S6,"6""",1500,304,"5/8""",0.625,5.5,21.93,30.7,204,225
PBSA36-C1500T5/8S6,"6""",1500,SA-36,"5/8""",0.625,1.85,20.99,29.39,89,98
PBSA516-70-C1500T5/8S6,"6""",1500,SA-516-70,"5/8""",0.625,2.15,20.99,29.39,98,108
PB304L-C1500T5/8S6,"6""",1500,304L,"5/8""",0.625,5.95,21.93,30.7,218,240
PB316L-C1500T5/8S6,"6""",1500,316L,"5/8""",0.625,7.4,22.18,31.05,265,292
PBAL6061-C1500T5/8S6,"6""",1500,AL-6061,"5/8""",0.625,5,7.4,10.36,87,96
PB304-C1500T3/4S6,"6""",1500,304,"3/4""",0.75,5.5,26.31,36.83,237,261
PBSA36-C1500T3/4S6,"6""",1500,SA-36,"3/4""",0.75,1.85,25.19,35.27,100,111
PBSA516-70-C1500T3/4S6,"6""",1500,SA-516-70,"3/4""",0.75,2.15,25.19,35.27,111,123
PB304L-C1500T3/4S6,"6""",1500,304L,"3/4""",0.75,5.95,26.31,36.83,254,280
PB316L-C1500T3/4S6,"6""",1500,316L,"3/4""",0.75,7.4,26.61,37.25,310,341
PBAL6061-C1500T3/4S6,"6""",1500,AL-6061,"3/4""",0.75,5,8.87,12.42,97,107
PB304-C1500T7/8S6,"6""",1500,304,"7/8""",0.875,5.5,30.7,42.98,271,299
PBSA36-C1500T7/8S6,"6""",1500,SA-36,"7/8""",0.875,1.85,29.38,41.13,111,123
PBSA516-70-C1500T7/8S6,"6""",1500,SA-516-70,"7/8""",0.875,2.15,29.38,41.13,123,136
PB304L-C1500T7/8S6,"6""",1500,304L,"7/8""",0.875,5.95,30.7,42.98,291,321
PB316L-C1500T7/8S6,"6""",1500,316L,"7/8""",0.875,7.4,31.05,43.47,357,393
PBAL6061-C1500T7/8S6,"6""",1500,AL-6061,"7/8""",0.875,5,10.35,14.49,107,118
PB304-C1500T1S6,"6""",1500,304,"1""",1,5.5,35.08,49.11,305,336
PBSA36-C1500T1S6,"6""",1500,SA-36,"1""",1,1.85,33.58,47.01,122,135
PBSA516-70-C1500T1S6,"6""",1500,SA-516-70,"1""",1,2.15,33.58,47.01,136,150
PB304L-C1500T1S6,"6""",1500,304L,"1""",1,5.95,35.08,49.11,327,360
PB316L-C1500T1S6,"6""",1500,316L,"1""",1,7.4,35.48,49.67,402,443
PBAL6061-C1500T1S6,"6""",1500,AL-6061,"1""",1,5,11.83,16.56,118,130
PB304-C1500T1-1/8S6,"6""",1500,304,"1-1/8""",1.125,5.5,39.47,55.26,339,373
PBSA36-C1500T1-1/8S6,"6""",1500,SA-36,"1-1/8""",1.125,1.85,37.78,52.89,133,147
PBSA516-70-C1500T1-1/8S6,"6""",1500,SA-516-70,"1-1/8""",1.125,2.15,37.78,52.89,149,164
PB304L-C1500T1-1/8S6,"6""",1500,304L,"1-1/8""",1.125,5.95,39.47,55.26,364,401
PB316L-C1500T1-1/8S6,"6""",1500,316L,"1-1/8""",1.125,7.4,39.92,55.89,448,493
PBAL6061-C1500T1-1/8S6,"6""",1500,AL-6061,"1-1/8""",1.125,5,13.31,18.63,128,141
PB304-C1500T1-1/4S6,"6""",1500,304,"1-1/4""",1.25,5.5,43.85,61.39,372,410
PBSA36-C1500T1-1/4S6,"6""",1500,SA-36,"1-1/4""",1.25,1.85,41.98,58.77,144,159
PBSA516-70-C1500T1-1/4S6,"6""",1500,SA-516-70,"1-1/4""",1.25,2.15,41.98,58.77,161,178
PB304L-C1500T1-1/4S6,"6""",1500,304L,"1-1/4""",1.25,5.95,43.85,61.39,400,441
PB316L-C1500T1-1/4S6,"6""",1500,316L,"1-1/4""",1.25,7.4,44.35,62.09,494,544
PBAL6061-C1500T1-1/4S6,"6""",1500,AL-6061,"1-1/4""",1.25,5,14.79,20.71,138,152
PB304-C1500T1-3/8S6,"6""",1500,304,"1-3/8""",1.375,5.5,48.24,67.54,406,447
PBSA36-C1500T1-3/8S6,"6""",1500,SA-36,"1-3/8""",1.375,1.85,46.18,64.65,154,170
PBSA516-70-C1500T1-3/8S6,"6""",1500,SA-516-70,"1-3/8""",1.375,2.15,46.18,64.65,174,192
PB304L-C1500T1-3/8S6,"6""",1500,304L,"1-3/8""",1.375,5.95,48.24,67.54,437,481
PB316L-C1500T1-3/8S6,"6""",1500,316L,"1-3/8""",1.375,7.4,48.79,68.31,540,594
PBAL6061-C1500T1-3/8S6,"6""",1500,AL-6061,"1-3/8""",1.375,5,16.27,22.78,149,164
PB304-C1500T1-1/2S6,"6""",1500,304,"1-1/2""",1.5,5.5,52.62,73.67,440,485
PBSA36-C1500T1-1/2S6,"6""",1500,SA-36,"1-1/2""",1.5,1.85,50.37,70.52,165,182
PBSA516-70-C1500T1-1/2S6,"6""",1500,SA-516-70,"1-1/2""",1.5,2.15,50.37,70.52,186,205
PB304L-C1500T1-1/2S6,"6""",1500,304L,"1-1/2""",1.5,5.95,52.62,73.67,473,521
PB316L-C1500T1-1/2S6,"6""",1500,316L,"1-1/2""",1.5,7.4,53.22,74.51,586,645
PBAL6061-C1500T1-1/2S6,"6""",1500,AL-6061,"1-1/2""",1.5,5,17.75,24.85,159,175
PB304-C1500T1-5/8S6,"6""",1500,304,"1-5/8""",1.625,5.5,57.01,79.81,474,522
PBSA36-C1500T1-5/8S6,"6""",1500,SA-36,"1-5/8""",1.625,1.85,54.57,76.4,176,194
PBSA516-70-C1500T1-5/8S6,"6""",1500,SA-516-70,"1-5/8""",1.625,2.15,54.57,76.4,199,219
PB304L-C1500T1-5/8S6,"6""",1500,304L,"1-5/8""",1.625,5.95,57.01,79.81,510,561
PB316L-C1500T1-5/8S6,"6""",1500,316L,"1-5/8""",1.625,7.4,57.66,80.72,632,696
PBAL6061-C1500T1-5/8S6,"6""",1500,AL-6061,"1-5/8""",1.625,5,19.23,26.92,169,186
PB304-C1500T1-3/4S6,"6""",1500,304,"1-3/4""",1.75,5.5,61.39,85.95,508,559
PBSA36-C1500T1-3/4S6,"6""",1500,SA-36,"1-3/4""",1.75,1.85,58.77,82.28,187,206
PBSA516-70-C1500T1-3/4S6,"6""",1500,SA-516-70,"1-3/4""",1.75,2.15,58.77,82.28,212,234
PB304L-C1500T1-3/4S6,"6""",1500,304L,"1-3/4""",1.75,5.95,61.39,85.95,546,601
PB316L-C1500T1-3/4S6,"6""",1500,316L,"1-3/4""",1.75,7.4,62.09,86.93,678,746
PBAL6061-C1500T1-3/4S6,"6""",1500,AL-6061,"1-3/4""",1.75,5,20.71,28.99,180,199
PB304-C1500T1-7/8S6,"6""",1500,304,"1-7/8""",1.875,5.5,65.78,92.09,541,596
PBSA36-C1500T1-7/8S6,"6""",1500,SA-36,"1-7/8""",1.875,1.85,62.97,88.16,198,218
PBSA516-70-C1500T1-7/8S6,"6""",1500,SA-516-70,"1-7/8""",1.875,2.15,62.97,88.16,224,247
PB304L-C1500T1-7/8S6,"6""",1500,304L,"1-7/8""",1.875,5.95,65.78,92.09,583,642
PB316L-C1500T1-7/8S6,"6""",1500,316L,"1-7/8""",1.875,7.4,66.53,93.14,724,797
PBAL6061-C1500T1-7/8S6,"6""",1500,AL-6061,"1-7/8""",1.875,5,22.19,31.07,190,210
PB304-C1500T2S6,"6""",1500,304,"2""",2,5.5,70.17,98.24,575,633
PBSA36-C1500T2S6,"6""",1500,SA-36,"2""",2,1.85,67.16,94.02,209,230
PBSA516-70-C1500T2S6,"6""",1500,SA-516-70,"2""",2,2.15,67.16,94.02,237,261
PB304L-C1500T2S6,"6""",1500,304L,"2""",2,5.95,70.17,98.24,619,681
PB316L-C1500T2S6,"6""",1500,316L,"2""",2,7.4,70.96,99.34,770,848
PBAL6061-C1500T2S6,"6""",1500,AL-6061,"2""",2,5,23.67,33.14,201,222
PB304-C1500T2-1/4S6,"6""",1500,304,"2-1/4""",2.25,5.5,78.94,110.52,643,708
PBSA36-C1500T2-1/4S6,"6""",1500,SA-36,"2-1/4""",2.25,1.85,75.56,105.78,231,255
PBSA516-70-C1500T2-1/4S6,"6""",1500,SA-516-70,"2-1/4""",2.25,2.15,75.56,105.78,262,289
PB304L-C1500T2-1/4S6,"6""",1500,304L,"2-1/4""",2.25,5.95,78.94,110.52,692,762
PB316L-C1500T2-1/4S6,"6""",1500,316L,"2-1/4""",2.25,7.4,79.83,111.76,862,949
PBAL6061-C1500T2-1/4S6,"6""",1500,AL-6061,"2-1/4""",2.25,5,26.62,37.27,221,244
PB304-C1500T2-1/2S6,"6""",1500,304,"2-1/2""",2.5,5.5,87.71,122.79,710,782
PBSA36-C1500T2-1/2S6,"6""",1500,SA-36,"2-1/2""",2.5,1.85,83.95,117.53,252,278
PBSA516-70-C1500T2-1/2S6,"6""",1500,SA-516-70,"2-1/2""",2.5,2.15,83.95,117.53,288,317
PB304L-C1500T2-1/2S6,"6""",1500,304L,"2-1/2""",2.5,5.95,87.71,122.79,765,842
PB316L-C1500T2-1/2S6,"6""",1500,316L,"2-1/2""",2.5,7.4,88.7,124.18,954,1050
PBAL6061-C1500T2-1/2S6,"6""",1500,AL-6061,"2-1/2""",2.5,5,29.58,41.41,242,267
PB304-C1500T3S6,"6""",1500,304,"3""",3,5.5,105.25,147.35,845,930
PBSA36-C1500T3S6,"6""",1500,SA-36,"3""",3,1.85,100.75,141.05,296,326
PBSA516-70-C1500T3S6,"6""",1500,SA-516-70,"3""",3,2.15,100.75,141.05,338,372
PB304L-C1500T3S6,"6""",1500,304L,"3""",3,5.95,105.25,147.35,912,1004
PB316L-C1500T3S6,"6""",1500,316L,"3""",3,7.4,106.44,149.02,1138,1252
PBAL6061-C1500T3S6,"6""",1500,AL-6061,"3""",3,5,35.5,49.7,283,312
PB304-C1500T11GAS8,"8""",1500,304,11 Gauge,0.1196,5.5,6.5,9.1,85,94
PBSA36-C1500T11GAS8,"8""",1500,SA-36,11 Gauge,0.1196,1.85,6.22,8.71,51,57
PBSA516-70-C1500T11GAS8,"8""",1500,SA-516-70,11 Gauge,0.1196,2.15,6.22,8.71,54,60
PB304L-C1500T11GAS8,"8""",1500,304L,11 Gauge,0.1196,5.95,6.5,9.1,89,98
PB316L-C1500T11GAS8,"8""",1500,316L,11 Gauge,0.1196,7.4,6.57,9.2,103,114
PBAL6061-C1500T11GAS8,"8""",1500,AL-6061,11 Gauge,0.1196,5,2.19,3.07,50,56
PB304-C1500T1/8S8,"8""",1500,304,"1/8""",0.125,5.5,6.79,9.51,87,96
PBSA36-C1500T1/8S8,"8""",1500,SA-36,"1/8""",0.125,1.85,6.5,9.1,52,58
PBSA516-70-C1500T1/8S8,"8""",1500,SA-516-70,"1/8""",0.125,2.15,6.5,9.1,54,60
PB304L-C1500T1/8S8,"8""",1500,304L,"1/8""",0.125,5.95,6.79,9.51,91,101
PB316L-C1500T1/8S8,"8""",1500,316L,"1/8""",0.125,7.4,6.87,9.62,106,117
PBAL6061-C1500T1/8S8,"8""",1500,AL-6061,"1/8""",0.125,5,2.29,3.21,51,57
PB304-C1500T3/16S8,"8""",1500,304,"3/16""",0.1875,5.5,10.18,14.25,113,125
PBSA36-C1500T3/16S8,"8""",1500,SA-36,"3/16""",0.1875,1.85,9.75,13.65,60,66
PBSA516-70-C1500T3/16S8,"8""",1500,SA-516-70,"3/16""",0.1875,2.15,9.75,13.65,64,71
PB304L-C1500T3/16S8,"8""",1500,304L,"3/16""",0.1875,5.95,10.18,14.25,120,132
PB316L-C1500T3/16S8,"8""",1500,316L,"3/16""",0.1875,7.4,10.3,14.42,142,157
PBAL6061-C1500T3/16S8,"8""",1500,AL-6061,"3/16""",0.1875,5,3.43,4.8,59,65
PB304-C1500T1/4S8,"8""",1500,304,"1/4""",0.25,5.5,13.58,19.01,139,153
PBSA36-C1500T1/4S8,"8""",1500,SA-36,"1/4""",0.25,1.85,13,18.2,69,76
PBSA516-70-C1500T1/4S8,"8""",1500,SA-516-70,"1/4""",0.25,2.15,13,18.2,74,82
PB304L-C1500T1/4S8,"8""",1500,304L,"1/4""",0.25,5.95,13.58,19.01,148,163
PB316L-C1500T1/4S8,"8""",1500,316L,"1/4""",0.25,7.4,13.73,19.22,177,195
PBAL6061-C1500T1/4S8,"8""",1500,AL-6061,"1/4""",0.25,5,4.58,6.41,67,74
PB304-C1500T5/16S8,"8""",1500,304,"5/16""",0.3125,5.5,16.97,23.76,166,183
PBSA36-C1500T5/16S8,"8""",1500,SA-36,"5/16""",0.3125,1.85,16.25,22.75,77,85
PBSA516-70-C1500T5/16S8,"8""",1500,SA-516-70,"5/16""",0.3125,2.15,16.25,22.75,84,93
PB304L-C1500T5/16S8,"8""",1500,304L,"5/16""",0.3125,5.95,16.97,23.76,176,194
PB316L-C1500T5/16S8,"8""",1500,316L,"5/16""",0.3125,7.4,17.16,24.02,213,235
PBAL6061-C1500T5/16S8,"8""",1500,AL-6061,"5/16""",0.3125,5,5.72,8.01,75,83
PB304-C1500T3/8S8,"8""",1500,304,"3/8""",0.375,5.5,20.37,28.52,192,212
PBSA36-C1500T3/8S8,"8""",1500,SA-36,"3/8""",0.375,1.85,19.49,27.29,85,94
PBSA516-70-C1500T3/8S8,"8""",1500,SA-516-70,"3/8""",0.375,2.15,19.49,27.29,94,104
PB304L-C1500T3/8S8,"8""",1500,304L,"3/8""",0.375,5.95,20.37,28.52,205,226
PB316L-C1500T3/8S8,"8""",1500,316L,"3/8""",0.375,7.4,20.6,28.84,248,273
PBAL6061-C1500T3/8S8,"8""",1500,AL-6061,"3/8""",0.375,5,6.87,9.62,83,92
PB304-C1500T1/2S8,"8""",1500,304,"1/2""",0.5,5.5,27.15,38.01,244,269
PBSA36-C1500T1/2S8,"8""",1500,SA-36,"1/2""",0.5,1.85,25.99,36.39,102,113
PBSA516-70-C1500T1/2S8,"8""",1500,SA-516-70,"1/2""",0.5,2.15,25.99,36.39,113,125
PB304L-C1500T1/2S8,"8""",1500,304L,"1/2""",0.5,5.95,27.15,38.01,261,288
PB316L-C1500T1/2S8,"8""",1500,316L,"1/2""",0.5,7.4,27.46,38.44,319,351
PBAL6061-C1500T1/2S8,"8""",1500,AL-6061,"1/2""",0.5,5,9.16,12.82,99,109
PB304-C1500T5/8S8,"8""",1500,304,"5/8""",0.625,5.5,33.94,47.52,296,326
PBSA36-C1500T5/8S8,"8""",1500,SA-36,"5/8""",0.625,1.85,32.49,45.49,119,131
PBSA516-70-C1500T5/8S8,"8""",1500,SA-516-70,"5/8""",0.625,2.15,32.49,45.49,133,147
PB304L-C1500T5/8S8,"8""",1500,304L,"5/8""",0.625,5.95,33.94,47.52,318,350
PB316L-C1500T5/8S8,"8""",1500,316L,"5/8""",0.625,7.4,34.33,48.06,390,430
PBAL6061-C1500T5/8S8,"8""",1500,AL-6061,"5/8""",0.625,5,11.45,16.03,115,127
PB304-C1500T3/4S8,"8""",1500,304,"3/4""",0.75,5.5,40.73,57.02,348,383
PBSA36-C1500T3/4S8,"8""",1500,SA-36,"3/4""",0.75,1.85,38.99,54.59,136,150
PBSA516-70-C1500T3/4S8,"8""",1500,SA-516-70,"3/4""",0.75,2.15,38.99,54.59,152,168
PB304L-C1500T3/4S8,"8""",1500,304L,"3/4""",0.75,5.95,40.73,57.02,374,412
PB316L-C1500T3/4S8,"8""",1500,316L,"3/4""",0.75,7.4,41.19,57.67,462,509
PBAL6061-C1500T3/4S8,"8""",1500,AL-6061,"3/4""",0.75,5,13.74,19.24,131,145
PB304-C1500T7/8S8,"8""",1500,304,"7/8""",0.875,5.5,47.52,66.53,401,442
PBSA36-C1500T7/8S8,"8""",1500,SA-36,"7/8""",0.875,1.85,45.49,63.69,153,169
PBSA516-70-C1500T7/8S8,"8""",1500,SA-516-70,"7/8""",0.875,2.15,45.49,63.69,172,190
PB304L-C1500T7/8S8,"8""",1500,304L,"7/8""",0.875,5.95,47.52,66.53,431,475
PB316L-C1500T7/8S8,"8""",1500,316L,"7/8""",0.875,7.4,48.06,67.28,533,587
PBAL6061-C1500T7/8S8,"8""",1500,AL-6061,"7/8""",0.875,5,16.03,22.44,147,162
PB304-C1500T1S8,"8""",1500,304,"1""",1,5.5,54.31,76.03,453,499
PBSA36-C1500T1S8,"8""",1500,SA-36,"1""",1,1.85,51.98,72.77,169,186
PBSA516-70-C1500T1S8,"8""",1500,SA-516-70,"1""",1,2.15,51.98,72.77,191,211
PB304L-C1500T1S8,"8""",1500,304L,"1""",1,5.95,54.31,76.03,487,536
PB316L-C1500T1S8,"8""",1500,316L,"1""",1,7.4,54.92,76.89,604,665
PBAL6061-C1500T1S8,"8""",1500,AL-6061,"1""",1,5,18.32,25.65,163,180
PB304-C1500T1-1/8S8,"8""",1500,304,"1-1/8""",1.125,5.5,61.1,85.54,505,556
PBSA36-C1500T1-1/8S8,"8""",1500,SA-36,"1-1/8""",1.125,1.85,58.48,81.87,186,205
PBSA516-70-C1500T1-1/8S8,"8""",1500,SA-516-70,"1-1/8""",1.125,2.15,58.48,81.87,211,233
PB304L-C1500T1-1/8S8,"8""",1500,304L,"1-1/8""",1.125,5.95,61.1,85.54,544,599
PB316L-C1500T1-1/8S8,"8""",1500,316L,"1-1/8""",1.125,7.4,61.79,86.51,675,743
PBAL6061-C1500T1-1/8S8,"8""",1500,AL-6061,"1-1/8""",1.125,5,20.61,28.85,179,197
PB304-C1500T1-1/4S8,"8""",1500,304,"1-1/4""",1.25,5.5,67.88,95.03,558,614
PBSA36-C1500T1-1/4S8,"8""",1500,SA-36,"1-1/4""",1.25,1.85,64.98,90.97,203,224
PBSA516-70-C1500T1-1/4S8,"8""",1500,SA-516-70,"1-1/4""",1.25,2.15,64.98,90.97,230,254
PB304L-C1500T1-1/4S8,"8""",1500,304L,"1-1/4""",1.25,5.95,67.88,95.03,600,660
PB316L-C1500T1-1/4S8,"8""",1500,316L,"1-1/4""",1.25,7.4,68.66,96.12,746,821
PBAL6061-C1500T1-1/4S8,"8""",1500,AL-6061,"1-1/4""",1.25,5,22.9,32.06,195,215
PB304-C1500T1-3/8S8,"8""",1500,304,"1-3/8""",1.375,5.5,74.67,104.54,610,671
PBSA36-C1500T1-3/8S8,"8""",1500,SA-36,"1-3/8""",1.375,1.85,71.48,100.07,220,243
PBSA516-70-C1500T1-3/8S8,"8""",1500,SA-516-70,"1-3/8""",1.375,2.15,71.48,100.07,250,275
PB304L-C1500T1-3/8S8,"8""",1500,304L,"1-3/8""",1.375,5.95,74.67,104.54,657,723
PB316L-C1500T1-3/8S8,"8""",1500,316L,"1-3/8""",1.375,7.4,75.52,105.73,817,899
PBAL6061-C1500T1-3/8S8,"8""",1500,AL-6061,"1-3/8""",1.375,5,25.19,35.27,211,233
PB304-C1500T1-1/2S8,"8""",1500,304,"1-1/2""",1.5,5.5,81.46,114.04,662,729
PBSA36-C1500T1-1/2S8,"8""",1500,SA-36,"1-1/2""",1.5,1.85,77.98,109.17,237,261
PBSA516-70-C1500T1-1/2S8,"8""",1500,SA-516-70,"1-1/2""",1.5,2.15,77.98,109.17,270,297
PB304L-C1500T1-1/2S8,"8""",1500,304L,"1-1/2""",1.5,5.95,81.46,114.04,713,785
PB316L-C1500T1-1/2S8,"8""",1500,316L,"1-1/2""",1.5,7.4,82.39,115.35,888,977
PBAL6061-C1500T1-1/2S8,"8""",1500,AL-6061,"1-1/2""",1.5,5,27.48,38.47,227,250
PB304-C1500T1-5/8S8,"8""",1500,304,"1-5/8""",1.625,5.5,88.25,123.55,714,786
PBSA36-C1500T1-5/8S8,"8""",1500,SA-36,"1-5/8""",1.625,1.85,84.47,118.26,254,280
PBSA516-70-C1500T1-5/8S8,"8""",1500,SA-516-70,"1-5/8""",1.625,2.15,84.47,118.26,289,318
PB304L-C1500T1-5/8S8,"8""",1500,304L,"1-5/8""",1.625,5.95,88.25,123.55,770,848
PB316L-C1500T1-5/8S8,"8""",1500,316L,"1-5/8""",1.625,7.4,89.25,124.95,959,1055
PBAL6061-C1500T1-5/8S8,"8""",1500,AL-6061,"1-5/8""",1.625,5,29.76,41.66,243,268
PB304-C1500T1-3/4S8,"8""",1500,304,"1-3/4""",1.75,5.5,95.04,133.06,767,844
PBSA36-C1500T1-3/4S8,"8""",1500,SA-36,"1-3/4""",1.75,1.85,90.97,127.36,270,297
PBSA516-70-C1500T1-3/4S8,"8""",1500,SA-516-70,"1-3/4""",1.75,2.15,90.97,127.36,309,340
PB304L-C1500T1-3/4S8,"8""",1500,304L,"1-3/4""",1.75,5.95,95.04,133.06,827,910
PB316L-C1500T1-3/4S8,"8""",1500,316L,"1-3/4""",1.75,7.4,96.12,134.57,1031,1135
PBAL6061-C1500T1-3/4S8,"8""",1500,AL-6061,"1-3/4""",1.75,5,32.05,44.87,259,285
PB304-C1500T1-7/8S8,"8""",1500,304,"1-7/8""",1.875,5.5,101.83,142.56,819,901
PBSA36-C1500T1-7/8S8,"8""",1500,SA-36,"1-7/8""",1.875,1.85,97.47,136.46,287,316
PBSA516-70-C1500T1-7/8S8,"8""",1500,SA-516-70,"1-7/8""",1.875,2.15,97.47,136.46,328,361
PB304L-C1500T1-7/8S8,"8""",1500,304L,"1-7/8""",1.875,5.95,101.83,142.56,883,972
PB316L-C1500T1-7/8S8,"8""",1500,316L,"1-7/8""",1.875,7.4,102.98,144.17,1102,1213
PBAL6061-C1500T1-7/8S8,"8""",1500,AL-6061,"1-7/8""",1.875,5,34.34,48.08,275,303
PB304-C1500T2S8,"8""",1500,304,"2""",2,5.5,108.61,152.05,871,959
PBSA36-C1500T2S8,"8""",1500,SA-36,"2""",2,1.85,103.97,145.56,304,335
PBSA516-70-C1500T2S8,"8""",1500,SA-516-70,"2""",2,2.15,103.97,145.56,348,383
PB304L-C1500T2S8,"8""",1500,304L,"2""",2,5.95,108.61,152.05,940,1034
PB316L-C1500T2S8,"8""",1500,316L,"2""",2,7.4,109.85,153.79,1173,1291
PBAL6061-C1500T2S8,"8""",1500,AL-6061,"2""",2,5,36.63,51.28,291,321
PB304-C1500T2-1/4S8,"8""",1500,304,"2-1/4""",2.25,5.5,122.19,171.07,976,1074
PBSA36-C1500T2-1/4S8,"8""",1500,SA-36,"2-1/4""",2.25,1.85,116.96,163.74,338,372
PBSA516-70-C1500T2-1/4S8,"8""",1500,SA-516-70,"2-1/4""",2.25,2.15,116.96,163.74,387,426
PB304L-C1500T2-1/4S8,"8""",1500,304L,"2-1/4""",2.25,5.95,122.19,171.07,1053,1159
PB316L-C1500T2-1/4S8,"8""",1500,316L,"2-1/4""",2.25,7.4,123.58,173.01,1315,1447
PBAL6061-C1500T2-1/4S8,"8""",1500,AL-6061,"2-1/4""",2.25,5,41.21,57.69,323,356
PB304-C1500T2-1/2S8,"8""",1500,304,"2-1/2""",2.5,5.5,135.77,190.08,1080,1188
PBSA36-C1500T2-1/2S8,"8""",1500,SA-36,"2-1/2""",2.5,1.85,129.96,181.94,371,409
PBSA516-70-C1500T2-1/2S8,"8""",1500,SA-516-70,"2-1/2""",2.5,2.15,129.96,181.94,426,469
PB304L-C1500T2-1/2S8,"8""",1500,304L,"2-1/2""",2.5,5.95,135.77,190.08,1166,1283
PB316L-C1500T2-1/2S8,"8""",1500,316L,"2-1/2""",2.5,7.4,137.31,192.23,1457,1603
PBAL6061-C1500T2-1/2S8,"8""",1500,AL-6061,"2-1/2""",2.5,5,45.79,64.11,355,391
PB304-C1500T3S8,"8""",1500,304,"3""",3,5.5,162.92,228.09,1289,1418
PBSA36-C1500T3S8,"8""",1500,SA-36,"3""",3,1.85,155.95,218.33,439,483
PBSA516-70-C1500T3S8,"8""",1500,SA-516-70,"3""",3,2.15,155.95,218.33,504,555
PB304L-C1500T3S8,"8""",1500,304L,"3""",3,5.95,162.92,228.09,1392,1532
PB316L-C1500T3S8,"8""",1500,316L,"3""",3,7.4,164.77,230.68,1742,1917
PBAL6061-C1500T3S8,"8""",1500,AL-6061,"3""",3,5,54.95,76.93,419,461
PB304-C1500T11GAS10,"10""",1500,304,11 Gauge,0.1196,5.5,9.85,13.79,111,123
PBSA36-C1500T11GAS10,"10""",1500,SA-36,11 Gauge,0.1196,1.85,9.43,13.2,59,65
PBSA516-70-C1500T11GAS10,"10""",1500,SA-516-70,11 Gauge,0.1196,2.15,9.43,13.2,63,70
PB304L-C1500T11GAS10,"10""",1500,304L,11 Gauge,0.1196,5.95,9.85,13.79,117,129
PB316L-C1500T11GAS10,"10""",1500,316L,11 Gauge,0.1196,7.4,9.96,13.94,138,152
PBAL6061-C1500T11GAS10,"10""",1500,AL-6061,11 Gauge,0.1196,5,3.32,4.65,58,64
PB304-C1500T1/8S10,"10""",1500,304,"1/8""",0.125,5.5,10.3,14.42,114,126
PBSA36-C1500T1/8S10,"10""",1500,SA-36,"1/8""",0.125,1.85,9.85,13.79,60,66
PBSA516-70-C1500T1/8S10,"10""",1500,SA-516-70,"1/8""",0.125,2.15,9.85,13.79,64,71
PB304L-C1500T1/8S10,"10""",1500,304L,"1/8""",0.125,5.95,10.3,14.42,121,134
PB316L-C1500T1/8S10,"10""",1500,316L,"1/8""",0.125,7.4,10.41,14.57,143,158
PBAL6061-C1500T1/8S10,"10""",1500,AL-6061,"1/8""",0.125,5,3.47,4.86,59,65
PB304-C1500T3/16S10,"10""",1500,304,"3/16""",0.1875,5.5,15.44,21.62,154,170
PBSA36-C1500T3/16S10,"10""",1500,SA-36,"3/16""",0.1875,1.85,14.78,20.69,73,81
PBSA516-70-C1500T3/16S10,"10""",1500,SA-516-70,"3/16""",0.1875,2.15,14.78,20.69,79,87
PB304L-C1500T3/16S10,"10""",1500,304L,"3/16""",0.1875,5.95,15.44,21.62,163,180
PB316L-C1500T3/16S10,"10""",1500,316L,"3/16""",0.1875,7.4,15.62,21.87,197,217
PBAL6061-C1500T3/16S10,"10""",1500,AL-6061,"3/16""",0.1875,5,5.21,7.29,71,79
PB304-C1500T1/4S10,"10""",1500,304,"1/4""",0.25,5.5,20.59,28.83,193,213
PBSA36-C1500T1/4S10,"10""",1500,SA-36,"1/4""",0.25,1.85,19.71,27.59,86,95
PBSA516-70-C1500T1/4S10,"10""",1500,SA-516-70,"1/4""",0.25,2.15,19.71,27.59,94,104
PB304L-C1500T1/4S10,"10""",1500,304L,"1/4""",0.25,5.95,20.59,28.83,206,227
PB316L-C1500T1/4S10,"10""",1500,316L,"1/4""",0.25,7.4,20.82,29.15,251,277
PBAL6061-C1500T1/4S10,"10""",1500,AL-6061,"1/4""",0.25,5,6.94,9.72,83,92
PB304-C1500T5/16S10,"10""",1500,304,"5/16""",0.3125,5.5,25.74,36.04,233,257
PBSA36-C1500T5/16S10,"10""",1500,SA-36,"5/16""",0.3125,1.85,24.64,34.5,99,109
PBSA516-70-C1500T5/16S10,"10""",1500,SA-516-70,"5/16""",0.3125,2.15,24.64,34.5,109,120
PB304L-C1500T5/16S10,"10""",1500,304L,"5/16""",0.3125,5.95,25.74,36.04,249,274
PB316L-C1500T5/16S10,"10""",1500,316L,"5/16""",0.3125,7.4,26.03,36.44,305,336
PBAL6061-C1500T5/16S10,"10""",1500,AL-6061,"5/16""",0.3125,5,8.68,12.15,96,106
PB304-C1500T3/8S10,"10""",1500,304,"3/8""",0.375,5.5,30.89,43.25,273,301
PBSA36-C1500T3/8S10,"10""",1500,SA-36,"3/8""",0.375,1.85,29.56,41.38,111,123
PBSA516-70-C1500T3/8S10,"10""",1500,SA-516-70,"3/8""",0.375,2.15,29.56,41.38,124,137
PB304L-C1500T3/8S10,"10""",1500,304L,"3/8""",0.375,5.95,30.89,43.25,292,322
PB316L-C1500T3/8S10,"10""",1500,316L,"3/8""",0.375,7.4,31.24,43.74,359,395
PBAL6061-C1500T3/8S10,"10""",1500,AL-6061,"3/8""",0.375,5,10.42,14.59,108,119
PB304-C1500T1/2S10,"10""",1500,304,"1/2""",0.5,5.5,41.18,57.65,352,388
PBSA36-C1500T1/2S10,"10""",1500,SA-36,"1/2""",0.5,1.85,39.42,55.19,137,151
PBSA516-70-C1500T1/2S10,"10""",1500,SA-516-70,"1/2""",0.5,2.15,39.42,55.19,154,170
PB304L-C1500T1/2S10,"10""",1500,304L,"1/2""",0.5,5.95,41.18,57.65,378,416
PB316L-C1500T1/2S10,"10""",1500,316L,"1/2""",0.5,7.4,41.65,58.31,466,513
PBAL6061-C1500T1/2S10,"10""",1500,AL-6061,"1/2""",0.5,5,13.89,19.45,132,146
PB304-C1500T5/8S10,"10""",1500,304,"5/8""",0.625,5.5,51.48,72.07,431,475
PBSA36-C1500T5/8S10,"10""",1500,SA-36,"5/8""",0.625,1.85,49.27,68.98,162,179
PBSA516-70-C1500T5/8S10,"10""",1500,SA-516-70,"5/8""",0.625,2.15,49.27,68.98,183,202
PB304L-C1500T5/8S10,"10""",1500,304L,"5/8""",0.625,5.95,51.48,72.07,464,511
PB316L-C1500T5/8S10,"10""",1500,316L,"5/8""",0.625,7.4,52.06,72.88,574,632
PBAL6061-C1500T5/8S10,"10""",1500,AL-6061,"5/8""",0.625,5,17.36,24.3,156,172
PB304-C1500T3/4S10,"10""",1500,304,"3/4""",0.75,5.5,61.77,86.48,510,561
PBSA36-C1500T3/4S10,"10""",1500,SA-36,"3/4""",0.75,1.85,59.13,82.78,188,207
PBSA516-70-C1500T3/4S10,"10""",1500,SA-516-70,"3/4""",0.75,2.15,59.13,82.78,213,235
PB304L-C1500T3/4S10,"10""",1500,304L,"3/4""",0.75,5.95,61.77,86.48,549,604
PB316L-C1500T3/4S10,"10""",1500,316L,"3/4""",0.75,7.4,62.47,87.46,682,751
PBAL6061-C1500T3/4S10,"10""",1500,AL-6061,"3/4""",0.75,5,20.83,29.16,181,200
PB304-C1500T7/8S10,"10""",1500,304,"7/8""",0.875,5.5,72.07,100.9,590,649
PBSA36-C1500T7/8S10,"10""",1500,SA-36,"7/8""",0.875,1.85,68.98,96.57,214,236
PBSA516-70-C1500T7/8S10,"10""",1500,SA-516-70,"7/8""",0.875,2.15,68.98,96.57,242,267
PB304L-C1500T7/8S10,"10""",1500,304L,"7/8""",0.875,5.95,72.07,100.9,635,699
PB316L-C1500T7/8S10,"10""",1500,316L,"7/8""",0.875,7.4,72.89,102.05,790,870
PBAL6061-C1500T7/8S10,"10""",1500,AL-6061,"7/8""",0.875,5,24.31,34.03,205,226
PB304-C1500T1S10,"10""",1500,304,"1""",1,5.5,82.36,115.3,669,736
PBSA36-C1500T1S10,"10""",1500,SA-36,"1""",1,1.85,78.84,110.38,239,263
PBSA516-70-C1500T1S10,"10""",1500,SA-516-70,"1""",1,2.15,78.84,110.38,272,300
PB304L-C1500T1S10,"10""",1500,304L,"1""",1,5.95,82.36,115.3,721,794
PB316L-C1500T1S10,"10""",1500,316L,"1""",1,7.4,83.3,116.62,898,988
PBAL6061-C1500T1S10,"10""",1500,AL-6061,"1""",1,5,27.78,38.89,229,252
PB304-C1500T1-1/8S10,"10""",1500,304,"1-1/8""",1.125,5.5,92.66,129.72,748,823
PBSA36-C1500T1-1/8S10,"10""",1500,SA-36,"1-1/8""",1.125,1.85,88.69,124.17,265,292
PBSA516-70-C1500T1-1/8S10,"10""",1500,SA-516-70,"1-1/8""",1.125,2.15,88.69,124.17,302,333
PB304L-C1500T1-1/8S10,"10""",1500,304L,"1-1/8""",1.125,5.95,92.66,129.72,807,888
PB316L-C1500T1-1/8S10,"10""",1500,316L,"1-1/8""",1.125,7.4,93.71,131.19,1006,1107
PBAL6061-C1500T1-1/8S10,"10""",1500,AL-6061,"1-1/8""",1.125,5,31.25,43.75,254,280
PB304-C1500T1-1/4S10,"10""",1500,304,"1-1/4""",1.25,5.5,102.95,144.13,828,911
PBSA36-C1500T1-1/4S10,"10""",1500,SA-36,"1-1/4""",1.25,1.85,98.55,137.97,290,319
PBSA516-70-C1500T1-1/4S10,"10""",1500,SA-516-70,"1-1/4""",1.25,2.15,98.55,137.97,331,365
PB304L-C1500T1-1/4S10,"10""",1500,304L,"1-1/4""",1.25,5.95,102.95,144.13,892,982
PB316L-C1500T1-1/4S10,"10""",1500,316L,"1-1/4""",1.25,7.4,104.12,145.77,1114,1226
PBAL6061-C1500T1-1/4S10,"10""",1500,AL-6061,"1-1/4""",1.25,5,34.72,48.61,278,306
PB304-C1500T1-3/8S10,"10""",1500,304,"1-3/8""",1.375,5.5,113.25,158.55,907,998
PBSA36-C1500T1-3/8S10,"10""",1500,SA-36,"1-3/8""",1.375,1.85,108.4,151.76,316,348
PBSA516-70-C1500T1-3/8S10,"10""",1500,SA-516-70,"1-3/8""",1.375,2.15,108.4,151.76,361,398
PB304L-C1500T1-3/8S10,"10""",1500,304L,"1-3/8""",1.375,5.95,113.25,158.55,978,1076
PB316L-C1500T1-3/8S10,"10""",1500,316L,"1-3/8""",1.375,7.4,114.53,160.34,1221,1344
PBAL6061-C1500T1-3/8S10,"10""",1500,AL-6061,"1-3/8""",1.375,5,38.2,53.48,302,333
PB304-C1500T1-1/2S10,"10""",1500,304,"1-1/2""",1.5,5.5,123.54,172.96,986,1085
PBSA36-C1500T1-1/2S10,"10""",1500,SA-36,"1-1/2""",1.5,1.85,118.26,165.56,341,376
PBSA516-70-C1500T1-1/2S10,"10""",1500,SA-516-70,"1-1/2""",1.5,2.15,118.26,165.56,391,431
PB304L-C1500T1-1/2S10,"10""",1500,304L,"1-1/2""",1.5,5.95,123.54,172.96,1064,1171
PB316L-C1500T1-1/2S10,"10""",1500,316L,"1-1/2""",1.5,7.4,124.95,174.93,1329,1462
PBAL6061-C1500T1-1/2S10,"10""",1500,AL-6061,"1-1/2""",1.5,5,41.67,58.34,327,360
PB304-C1500T1-5/8S10,"10""",1500,304,"1-5/8""",1.625,5.5,133.84,187.38,1065,1172
PBSA36-C1500T1-5/8S10,"10""",1500,SA-36,"1-5/8""",1.625,1.85,128.11,179.35,367,404
PBSA516-70-C1500T1-5/8S10,"10""",1500,SA-516-70,"1-5/8""",1.625,2.15,128.11,179.35,420,463
PB304L-C1500T1-5/8S10,"10""",1500,304L,"1-5/8""",1.625,5.95,133.84,187.38,1150,1265
PB316L-C1500T1-5/8S10,"10""",1500,316L,"1-5/8""",1.625,7.4,135.36,189.5,1437,1581
PBAL6061-C1500T1-5/8S10,"10""",1500,AL-6061,"1-5/8""",1.625,5,45.14,63.2,351,387
PB304-C1500T1-3/4S10,"10""",1500,304,"1-3/4""",1.75,5.5,144.13,201.78,1145,1260
PBSA36-C1500T1-3/4S10,"10""",1500,SA-36,"1-3/4""",1.75,1.85,137.97,193.16,392,432
PBSA516-70-C1500T1-3/4S10,"10""",1500,SA-516-70,"1-3/4""",1.75,2.15,137.97,193.16,450,496
PB304L-C1500T1-3/4S10,"10""",1500,304L,"1-3/4""",1.75,5.95,144.13,201.78,1235,1359
PB316L-C1500T1-3/4S10,"10""",1500,316L,"1-3/4""",1.75,7.4,145.77,204.08,1545,1700
PBAL6061-C1500T1-3/4S10,"10""",1500,AL-6061,"1-3/4""",1.75,5,48.61,68.05,375,413
PB304-C1500T1-7/8S10,"10""",1500,304,"1-7/8""",1.875,5.5,154.43,216.2,1224,1347
PBSA36-C1500T1-7/8S10,"10""",1500,SA-36,"1-7/8""",1.875,1.85,147.82,206.95,418,460
PBSA516-70-C1500T1-7/8S10,"10""",1500,SA-516-70,"1-7/8""",1.875,2.15,147.82,206.95,480,528
PB304L-C1500T1-7/8S10,"10""",1500,304L,"1-7/8""",1.875,5.95,154.43,216.2,1321,1454
PB316L-C1500T1-7/8S10,"10""",1500,316L,"1-7/8""",1.875,7.4,156.18,218.65,1653,1819
PBAL6061-C1500T1-7/8S10,"10""",1500,AL-6061,"1-7/8""",1.875,5,52.09,72.93,399,439
PB304-C1500T2S10,"10""",1500,304,"2""",2,5.5,164.72,230.61,1303,1434
PBSA36-C1500T2S10,"10""",1500,SA-36,"2""",2,1.85,157.68,220.75,443,488
PBSA516-70-C1500T2S10,"10""",1500,SA-516-70,"2""",2,2.15,157.68,220.75,509,560
PB304L-C1500T2S10,"10""",1500,304L,"2""",2,5.95,164.72,230.61,1407,1548
PB316L-C1500T2S10,"10""",1500,316L,"2""",2,7.4,166.59,233.23,1761,1938
PBAL6061-C1500T2S10,"10""",1500,AL-6061,"2""",2,5,55.56,77.78,424,467
PB304-C1500T2-1/4S10,"10""",1500,304,"2-1/4""",2.25,5.5,185.31,259.43,1462,1609
PBSA36-C1500T2-1/4S10,"10""",1500,SA-36,"2-1/4""",2.25,1.85,177.39,248.35,494,544
PBSA516-70-C1500T2-1/4S10,"10""",1500,SA-516-70,"2-1/4""",2.25,2.15,177.39,248.35,569,626
PB304L-C1500T2-1/4S10,"10""",1500,304L,"2-1/4""",2.25,5.95,185.31,259.43,1578,1736
PB316L-C1500T2-1/4S10,"10""",1500,316L,"2-1/4""",2.25,7.4,187.42,262.39,1977,2175
PBAL6061-C1500T2-1/4S10,"10""",1500,AL-6061,"2-1/4""",2.25,5,62.5,87.5,472,520
PB304-C1500T2-1/2S10,"10""",1500,304,"2-1/2""",2.5,5.5,205.9,288.26,1620,1783
PBSA36-C1500T2-1/2S10,"10""",1500,SA-36,"2-1/2""",2.5,1.85,197.1,275.94,545,600
PBSA516-70-C1500T2-1/2S10,"10""",1500,SA-516-70,"2-1/2""",2.5,2.15,197.1,275.94,628,691
PB304L-C1500T2-1/2S10,"10""",1500,304L,"2-1/2""",2.5,5.95,205.9,288.26,1750,1926
PB316L-C1500T2-1/2S10,"10""",1500,316L,"2-1/2""",2.5,7.4,208.24,291.54,2192,2412
PBAL6061-C1500T2-1/2S10,"10""",1500,AL-6061,"2-1/2""",2.5,5,69.45,97.23,521,574
PB304-C1500T3S10,"10""",1500,304,"3""",3,5.5,247.08,345.91,1937,2131
PBSA36-C1500T3S10,"10""",1500,SA-36,"3""",3,1.85,236.51,331.11,647,712
PBSA516-70-C1500T3S10,"10""",1500,SA-516-70,"3""",3,2.15,236.51,331.11,747,822
PB304L-C1500T3S10,"10""",1500,304L,"3""",3,5.95,247.08,345.91,2093,2303
PB316L-C1500T3S10,"10""",1500,316L,"3""",3,7.4,249.89,349.85,2624,2887
PBAL6061-C1500T3S10,"10""",1500,AL-6061,"3""",3,5,83.34,116.68,618,680
PB304-C1500T11GAS12,"12""",1500,304,11 Gauge,0.1196,5.5,14.05,19.67,146,161
PBSA36-C1500T11GAS12,"12""",1500,SA-36,11 Gauge,0.1196,1.85,13.45,18.83,72,80
PBSA516-70-C1500T11GAS12,"12""",1500,SA-516-70,11 Gauge,0.1196,2.15,13.45,18.83,78,86
PB304L-C1500T11GAS12,"12""",1500,304L,11 Gauge,0.1196,5.95,14.05,19.67,154,170
PB316L-C1500T11GAS12,"12""",1500,316L,11 Gauge,0.1196,7.4,14.21,19.89,185,204
PBAL6061-C1500T11GAS12,"12""",1500,AL-6061,11 Gauge,0.1196,5,4.74,6.64,71,79
PB304-C1500T1/8S12,"12""",1500,304,"1/8""",0.125,5.5,14.68,20.55,150,165
PBSA36-C1500T1/8S12,"12""",1500,SA-36,"1/8""",0.125,1.85,14.05,19.67,74,82
PBSA516-70-C1500T1/8S12,"12""",1500,SA-516-70,"1/8""",0.125,2.15,14.05,19.67,80,88
PB304L-C1500T1/8S12,"12""",1500,304L,"1/8""",0.125,5.95,14.68,20.55,160,176
PB316L-C1500T1/8S12,"12""",1500,316L,"1/8""",0.125,7.4,14.85,20.79,191,211
PBAL6061-C1500T1/8S12,"12""",1500,AL-6061,"1/8""",0.125,5,4.95,6.93,72,80
PB304-C1500T3/16S12,"12""",1500,304,"3/16""",0.1875,5.5,22.02,30.83,207,228
PBSA36-C1500T3/16S12,"12""",1500,SA-36,"3/16""",0.1875,1.85,21.08,29.51,92,102
PBSA516-70-C1500T3/16S12,"12""",1500,SA-516-70,"3/16""",0.1875,2.15,21.08,29.51,101,112
PB304L-C1500T3/16S12,"12""",1500,304L,"3/16""",0.1875,5.95,22.02,30.83,221,244
PB316L-C1500T3/16S12,"12""",1500,316L,"3/16""",0.1875,7.4,22.27,31.18,268,295
PBAL6061-C1500T3/16S12,"12""",1500,AL-6061,"3/16""",0.1875,5,7.43,10.4,89,98
PB304-C1500T1/4S12,"12""",1500,304,"1/4""",0.25,5.5,29.36,41.1,263,290
PBSA36-C1500T1/4S12,"12""",1500,SA-36,"1/4""",0.25,1.85,28.11,39.35,110,122
PBSA516-70-C1500T1/4S12,"12""",1500,SA-516-70,"1/4""",0.25,2.15,28.11,39.35,122,135
PB304L-C1500T1/4S12,"12""",1500,304L,"1/4""",0.25,5.95,29.36,41.1,282,311
PB316L-C1500T1/4S12,"12""",1500,316L,"1/4""",0.25,7.4,29.7,41.58,345,380
PBAL6061-C1500T1/4S12,"12""",1500,AL-6061,"1/4""",0.25,5,9.9,13.86,107,118
PB304-C1500T5/16S12,"12""",1500,304,"5/16""",0.3125,5.5,36.7,51.38,320,352
PBSA36-C1500T5/16S12,"12""",1500,SA-36,"5/16""",0.3125,1.85,35.13,49.18,128,141
PBSA516-70-C1500T5/16S12,"12""",1500,SA-516-70,"5/16""",0.3125,2.15,35.13,49.18,143,158
PB304L-C1500T5/16S12,"12""",1500,304L,"5/16""",0.3125,5.95,36.7,51.38,343,378
PB316L-C1500T5/16S12,"12""",1500,316L,"5/16""",0.3125,7.4,37.12,51.97,422,465
PBAL6061-C1500T5/16S12,"12""",1500,AL-6061,"5/16""",0.3125,5,12.38,17.33,124,137
PB304-C1500T3/8S12,"12""",1500,304,"3/8""",0.375,5.5,44.04,61.66,376,414
PBSA36-C1500T3/8S12,"12""",1500,SA-36,"3/8""",0.375,1.85,42.16,59.02,147,162
PBSA516-70-C1500T3/8S12,"12""",1500,SA-516-70,"3/8""",0.375,2.15,42.16,59.02,164,181
PB304L-C1500T3/8S12,"12""",1500,304L,"3/8""",0.375,5.95,44.04,61.66,404,445
PB316L-C1500T3/8S12,"12""",1500,316L,"3/8""",0.375,7.4,44.54,62.36,499,549
PBAL6061-C1500T3/8S12,"12""",1500,AL-6061,"3/8""",0.375,5,14.85,20.79,141,156
PB304-C1500T1/2S12,"12""",1500,304,"1/2""",0.5,5.5,58.72,82.21,490,539
PBSA36-C1500T1/2S12,"12""",1500,SA-36,"1/2""",0.5,1.85,56.21,78.69,183,202
PBSA516-70-C1500T1/2S12,"12""",1500,SA-516-70,"1/2""",0.5,2.15,56.21,78.69,207,228
PB304L-C1500T1/2S12,"12""",1500,304L,"1/2""",0.5,5.95,58.72,82.21,527,580
PB316L-C1500T1/2S12,"12""",1500,316L,"1/2""",0.5,7.4,59.39,83.15,653,719
PBAL6061-C1500T1/2S12,"12""",1500,AL-6061,"1/2""",0.5,5,19.81,27.73,176,194
PB304-C1500T5/8S12,"12""",1500,304,"5/8""",0.625,5.5,73.41,102.77,603,664
PBSA36-C1500T5/8S12,"12""",1500,SA-36,"5/8""",0.625,1.85,70.27,98.38,219,241
PBSA516-70-C1500T5/8S12,"12""",1500,SA-516-70,"5/8""",0.625,2.15,70.27,98.38,249,274
PB304L-C1500T5/8S12,"12""",1500,304L,"5/8""",0.625,5.95,73.41,102.77,649,714
PB316L-C1500T5/8S12,"12""",1500,316L,"5/8""",0.625,7.4,74.24,103.94,807,888
PBAL6061-C1500T5/8S12,"12""",1500,AL-6061,"5/8""",0.625,5,24.76,34.66,211,233
PB304-C1500T3/4S12,"12""",1500,304,"3/4""",0.75,5.5,88.09,123.33,716,788
PBSA36-C1500T3/4S12,"12""",1500,SA-36,"3/4""",0.75,1.85,84.32,118.05,256,282
PBSA516-70-C1500T3/4S12,"12""",1500,SA-516-70,"3/4""",0.75,2.15,84.32,118.05,291,321
PB304L-C1500T3/4S12,"12""",1500,304L,"3/4""",0.75,5.95,88.09,123.33,771,849
PB316L-C1500T3/4S12,"12""",1500,316L,"3/4""",0.75,7.4,89.09,124.73,960,1056
PBAL6061-C1500T3/4S12,"12""",1500,AL-6061,"3/4""",0.75,5,29.71,41.59,245,270
PB304-C1500T7/8S12,"12""",1500,304,"7/8""",0.875,5.5,102.77,143.88,829,912
PBSA36-C1500T7/8S12,"12""",1500,SA-36,"7/8""",0.875,1.85,98.37,137.72,292,322
PBSA516-70-C1500T7/8S12,"12""",1500,SA-516-70,"7/8""",0.875,2.15,98.37,137.72,333,367
PB304L-C1500T7/8S12,"12""",1500,304L,"7/8""",0.875,5.95,102.77,143.88,893,983
PB316L-C1500T7/8S12,"12""",1500,316L,"7/8""",0.875,7.4,103.94,145.52,1114,1226
PBAL6061-C1500T7/8S12,"12""",1500,AL-6061,"7/8""",0.875,5,34.66,48.52,280,308
PB304-C1500T1S12,"12""",1500,304,"1""",1,5.5,117.45,164.43,942,1037
PBSA36-C1500T1S12,"12""",1500,SA-36,"1""",1,1.85,112.43,157.4,329,362
PBSA516-70-C1500T1S12,"12""",1500,SA-516-70,"1""",1,2.15,112.43,157.4,376,414
PB304L-C1500T1S12,"12""",1500,304L,"1""",1,5.95,117.45,164.43,1016,1118
PB316L-C1500T1S12,"12""",1500,316L,"1""",1,7.4,118.78,166.29,1268,1395
PBAL6061-C1500T1S12,"12""",1500,AL-6061,"1""",1,5,39.61,55.45,315,347
PB304-C1500T1-1/8S12,"12""",1500,304,"1-1/8""",1.125,5.5,132.13,184.98,1055,1161
PBSA36-C1500T1-1/8S12,"12""",1500,SA-36,"1-1/8""",1.125,1.85,126.48,177.07,365,402
PBSA516-70-C1500T1-1/8S12,"12""",1500,SA-516-70,"1-1/8""",1.125,2.15,126.48,177.07,418,460
PB304L-C1500T1-1/8S12,"12""",1500,304L,"1-1/8""",1.125,5.95,132.13,184.98,1138,1252
PB316L-C1500T1-1/8S12,"12""",1500,316L,"1-1/8""",1.125,7.4,133.63,187.08,1422,1565
PBAL6061-C1500T1-1/8S12,"12""",1500,AL-6061,"1-1/8""",1.125,5,44.56,62.38,349,384
PB304-C1500T1-1/4S12,"12""",1500,304,"1-1/4""",1.25,5.5,146.81,205.53,1168,1285
PBSA36-C1500T1-1/4S12,"12""",1500,SA-36,"1-1/4""",1.25,1.85,140.53,196.74,401,442
PBSA516-70-C1500T1-1/4S12,"12""",1500,SA-516-70,"1-1/4""",1.25,2.15,140.53,196.74,460,507
PB304L-C1500T1-1/4S12,"12""",1500,304L,"1-1/4""",1.25,5.95,146.81,205.53,1260,1386
PB316L-C1500T1-1/4S12,"12""",1500,316L,"1-1/4""",1.25,7.4,148.48,207.87,1576,1734
PBAL6061-C1500T1-1/4S12,"12""",1500,AL-6061,"1-1/4""",1.25,5,49.52,69.33,384,423
PB304-C1500T1-3/8S12,"12""",1500,304,"1-3/8""",1.375,5.5,161.49,226.09,1281,1410
PBSA36-C1500T1-3/8S12,"12""",1500,SA-36,"1-3/8""",1.375,1.85,154.59,216.43,438,482
PBSA516-70-C1500T1-3/8S12,"12""",1500,SA-516-70,"1-3/8""",1.375,2.15,154.59,216.43,503,554
PB304L-C1500T1-3/8S12,"12""",1500,304L,"1-3/8""",1.375,5.95,161.49,226.09,1383,1522
PB316L-C1500T1-3/8S12,"12""",1500,316L,"1-3/8""",1.375,7.4,163.33,228.66,1729,1902
PBAL6061-C1500T1-3/8S12,"12""",1500,AL-6061,"1-3/8""",1.375,5,54.47,76.26,419,461
PB304-C1500T1-1/2S12,"12""",1500,304,"1-1/2""",1.5,5.5,176.17,246.64,1394,1534
PBSA36-C1500T1-1/2S12,"12""",1500,SA-36,"1-1/2""",1.5,1.85,168.64,236.1,474,522
PBSA516-70-C1500T1-1/2S12,"12""",1500,SA-516-70,"1-1/2""",1.5,2.15,168.64,236.1,545,600
PB304L-C1500T1-1/2S12,"12""",1500,304L,"1-1/2""",1.5,5.95,176.17,246.64,1505,1656
PB316L-C1500T1-1/2S12,"12""",1500,316L,"1-1/2""",1.5,7.4,178.18,249.45,1883,2072
PBAL6061-C1500T1-1/2S12,"12""",1500,AL-6061,"1-1/2""",1.5,5,59.42,83.19,453,499
PB304-C1500T1-5/8S12,"12""",1500,304,"1-5/8""",1.625,5.5,190.86,267.2,1507,1658
PBSA36-C1500T1-5/8S12,"12""",1500,SA-36,"1-5/8""",1.625,1.85,182.69,255.77,511,563
PBSA516-70-C1500T1-5/8S12,"12""",1500,SA-516-70,"1-5/8""",1.625,2.15,182.69,255.77,587,646
PB304L-C1500T1-5/8S12,"12""",1500,304L,"1-5/8""",1.625,5.95,190.86,267.2,1627,1790
PB316L-C1500T1-5/8S12,"12""",1500,316L,"1-5/8""",1.625,7.4,193.03,270.24,2037,2241
PBAL6061-C1500T1-5/8S12,"12""",1500,AL-6061,"1-5/8""",1.625,5,64.37,90.12,488,537
PB304-C1500T1-3/4S12,"12""",1500,304,"1-3/4""",1.75,5.5,205.54,287.76,1620,1783
PBSA36-C1500T1-3/4S12,"12""",1500,SA-36,"1-3/4""",1.75,1.85,196.75,275.45,547,602
PBSA516-70-C1500T1-3/4S12,"12""",1500,SA-516-70,"1-3/4""",1.75,2.15,196.75,275.45,630,693
PB304L-C1500T1-3/4S12,"12""",1500,304L,"1-3/4""",1.75,5.95,205.54,287.76,1750,1926
PB316L-C1500T1-3/4S12,"12""",1500,316L,"1-3/4""",1.75,7.4,207.87,291.02,2191,2411
PBAL6061-C1500T1-3/4S12,"12""",1500,AL-6061,"1-3/4""",1.75,5,69.32,97.05,523,576
PB304-C1500T1-7/8S12,"12""",1500,304,"1-7/8""",1.875,5.5,220.22,308.31,1733,1907
PBSA36-C1500T1-7/8S12,"12""",1500,SA-36,"1-7/8""",1.875,1.85,210.8,295.12,583,642
PBSA516-70-C1500T1-7/8S12,"12""",1500,SA-516-70,"1-7/8""",1.875,2.15,210.8,295.12,672,740
PB304L-C1500T1-7/8S12,"12""",1500,304L,"1-7/8""",1.875,5.95,220.22,308.31,1872,2060
PB316L-C1500T1-7/8S12,"12""",1500,316L,"1-7/8""",1.875,7.4,222.72,311.81,2345,2580
PBAL6061-C1500T1-7/8S12,"12""",1500,AL-6061,"1-7/8""",1.875,5,74.27,103.98,557,613
PB304-C1500T2S12,"12""",1500,304,"2""",2,5.5,234.9,328.86,1846,2031
PBSA36-C1500T2S12,"12""",1500,SA-36,"2""",2,1.85,224.85,314.79,620,682
PBSA516-70-C1500T2S12,"12""",1500,SA-516-70,"2""",2,2.15,224.85,314.79,714,786
PB304L-C1500T2S12,"12""",1500,304L,"2""",2,5.95,234.9,328.86,1994,2194
PB316L-C1500T2S12,"12""",1500,316L,"2""",2,7.4,237.57,332.6,2499,2749
PBAL6061-C1500T2S12,"12""",1500,AL-6061,"2""",2,5,79.23,110.92,592,652
PB304-C1500T2-1/4S12,"12""",1500,304,"2-1/4""",2.25,5.5,264.26,369.96,2072,2280
PBSA36-C1500T2-1/4S12,"12""",1500,SA-36,"2-1/4""",2.25,1.85,252.96,354.14,693,763
PBSA516-70-C1500T2-1/4S12,"12""",1500,SA-516-70,"2-1/4""",2.25,2.15,252.96,354.14,799,879
PB304L-C1500T2-1/4S12,"12""",1500,304L,"2-1/4""",2.25,5.95,264.26,369.96,2239,2463
PB316L-C1500T2-1/4S12,"12""",1500,316L,"2-1/4""",2.25,7.4,267.27,374.18,2806,3087
PBAL6061-C1500T2-1/4S12,"12""",1500,AL-6061,"2-1/4""",2.25,5,89.13,124.78,661,728
PB304-C1500T2-1/2S12,"12""",1500,304,"2-1/2""",2.5,5.5,293.62,411.07,2298,2528
PBSA36-C1500T2-1/2S12,"12""",1500,SA-36,"2-1/2""",2.5,1.85,281.06,393.48,765,842
PBSA516-70-C1500T2-1/2S12,"12""",1500,SA-516-70,"2-1/2""",2.5,2.15,281.06,393.48,883,972
PB304L-C1500T2-1/2S12,"12""",1500,304L,"2-1/2""",2.5,5.95,293.62,411.07,2483,2732
PB316L-C1500T2-1/2S12,"12""",1500,316L,"2-1/2""",2.5,7.4,296.96,415.74,3114,3426
PBAL6061-C1500T2-1/2S12,"12""",1500,AL-6061,"2-1/2""",2.5,5,99.03,138.64,731,805
PB304-C1500T3S12,"12""",1500,304,"3""",3,5.5,352.35,493.29,2750,3026
PBSA36-C1500T3S12,"12""",1500,SA-36,"3""",3,1.85,337.28,472.19,911,1003
PBSA516-70-C1500T3S12,"12""",1500,SA-516-70,"3""",3,2.15,337.28,472.19,1053,1159
PB304L-C1500T3S12,"12""",1500,304L,"3""",3,5.95,352.35,493.29,2972,3270
PB316L-C1500T3S12,"12""",1500,316L,"3""",3,7.4,356.35,498.89,3729,4102
PBAL6061-C1500T3S12,"12""",1500,AL-6061,"3""",3,5,118.84,166.38,869,956
PB304-C1500T11GAS14,"14""",1500,304,11 Gauge,0.1196,5.5,17.29,24.21,174,192
PBSA36-C1500T11GAS14,"14""",1500,SA-36,11 Gauge,0.1196,1.85,16.55,23.17,84,93
PBSA516-70-C1500T11GAS14,"14""",1500,SA-516-70,11 Gauge,0.1196,2.15,16.55,23.17,91,101
PB304L-C1500T11GAS14,"14""",1500,304L,11 Gauge,0.1196,5.95,17.29,24.21,185,204
PB316L-C1500T11GAS14,"14""",1500,316L,11 Gauge,0.1196,7.4,17.49,24.49,222,245
PBAL6061-C1500T11GAS14,"14""",1500,AL-6061,11 Gauge,0.1196,5,5.83,8.16,82,91
PB304-C1500T1/8S14,"14""",1500,304,"1/8""",0.125,5.5,18.07,25.3,180,199
PBSA36-C1500T1/8S14,"14""",1500,SA-36,"1/8""",0.125,1.85,17.3,24.22,86,95
PBSA516-70-C1500T1/8S14,"14""",1500,SA-516-70,"1/8""",0.125,2.15,17.3,24.22,93,103
PB304L-C1500T1/8S14,"14""",1500,304L,"1/8""",0.125,5.95,18.07,25.3,191,211
PB316L-C1500T1/8S14,"14""",1500,316L,"1/8""",0.125,7.4,18.28,25.59,230,254
PBAL6061-C1500T1/8S14,"14""",1500,AL-6061,"1/8""",0.125,5,6.1,8.54,83,92
PB304-C1500T3/16S14,"14""",1500,304,"3/16""",0.1875,5.5,27.11,37.95,249,274
PBSA36-C1500T3/16S14,"14""",1500,SA-36,"3/16""",0.1875,1.85,25.95,36.33,108,119
PBSA516-70-C1500T3/16S14,"14""",1500,SA-516-70,"3/16""",0.1875,2.15,25.95,36.33,119,131
PB304L-C1500T3/16S14,"14""",1500,304L,"3/16""",0.1875,5.95,27.11,37.95,267,294
PB316L-C1500T3/16S14,"14""",1500,316L,"3/16""",0.1875,7.4,27.41,38.37,325,358
PBAL6061-C1500T3/16S14,"14""",1500,AL-6061,"3/16""",0.1875,5,9.14,12.8,105,116
PB304-C1500T1/4S14,"14""",1500,304,"1/4""",0.25,5.5,36.14,50.6,319,351
PBSA36-C1500T1/4S14,"14""",1500,SA-36,"1/4""",0.25,1.85,34.6,48.44,130,143
PBSA516-70-C1500T1/4S14,"14""",1500,SA-516-70,"1/4""",0.25,2.15,34.6,48.44,145,160
PB304L-C1500T1/4S14,"14""",1500,304L,"1/4""",0.25,5.95,36.14,50.6,342,377
PB316L-C1500T1/4S14,"14""",1500,316L,"1/4""",0.25,7.4,36.55,51.17,419,461
PBAL6061-C1500T1/4S14,"14""",1500,AL-6061,"1/4""",0.25,5,12.19,17.07,126,139
PB304-C1500T5/16S14,"14""",1500,304,"5/16""",0.3125,5.5,45.18,63.25,389,428
PBSA36-C1500T5/16S14,"14""",1500,SA-36,"5/16""",0.3125,1.85,43.25,60.55,153,169
PBSA516-70-C1500T5/16S14,"14""",1500,SA-516-70,"5/16""",0.3125,2.15,43.25,60.55,171,189
PB304L-C1500T5/16S14,"14""",1500,304L,"5/16""",0.3125,5.95,45.18,63.25,417,459
PB316L-C1500T5/16S14,"14""",1500,316L,"5/16""",0.3125,7.4,45.69,63.97,514,566
PBAL6061-C1500T5/16S14,"14""",1500,AL-6061,"5/16""",0.3125,5,15.24,21.34,147,162
PB304-C1500T3/8S14,"14""",1500,304,"3/8""",0.375,5.5,54.21,75.89,458,504
PBSA36-C1500T3/8S14,"14""",1500,SA-36,"3/8""",0.375,1.85,51.89,72.65,175,193
PBSA516-70-C1500T3/8S14,"14""",1500,SA-516-70,"3/8""",0.375,2.15,51.89,72.65,197,217
PB304L-C1500T3/8S14,"14""",1500,304L,"3/8""",0.375,5.95,54.21,75.89,492,542
PB316L-C1500T3/8S14,"14""",1500,316L,"3/8""",0.375,7.4,54.83,76.76,609,670
PBAL6061-C1500T3/8S14,"14""",1500,AL-6061,"3/8""",0.375,5,18.29,25.61,169,186
PB304-C1500T1/2S14,"14""",1500,304,"1/2""",0.5,5.5,72.28,101.19,597,657
PBSA36-C1500T1/2S14,"14""",1500,SA-36,"1/2""",0.5,1.85,69.19,96.87,220,243
PBSA516-70-C1500T1/2S14,"14""",1500,SA-516-70,"1/2""",0.5,2.15,69.19,96.87,249,274
PB304L-C1500T1/2S14,"14""",1500,304L,"1/2""",0.5,5.95,72.28,101.19,643,708
PB316L-C1500T1/2S14,"14""",1500,316L,"1/2""",0.5,7.4,73.11,102.35,798,878
PBAL6061-C1500T1/2S14,"14""",1500,AL-6061,"1/2""",0.5,5,24.38,34.13,211,233
PB304-C1500T5/8S14,"14""",1500,304,"5/8""",0.625,5.5,90.36,126.5,736,810
PBSA36-C1500T5/8S14,"14""",1500,SA-36,"5/8""",0.625,1.85,86.49,121.09,265,292
PBSA516-70-C1500T5/8S14,"14""",1500,SA-516-70,"5/8""",0.625,2.15,86.49,121.09,301,332
PB304L-C1500T5/8S14,"14""",1500,304L,"5/8""",0.625,5.95,90.36,126.5,793,873
PB316L-C1500T5/8S14,"14""",1500,316L,"5/8""",0.625,7.4,91.38,127.93,987,1086
PBAL6061-C1500T5/8S14,"14""",1500,AL-6061,"5/8""",0.625,5,30.48,42.67,254,280
PB304-C1500T3/4S14,"14""",1500,304,"3/4""",0.75,5.5,108.43,151.8,876,964
PBSA36-C1500T3/4S14,"14""",1500,SA-36,"3/4""",0.75,1.85,103.79,145.31,310,341
PBSA516-70-C1500T3/4S14,"14""",1500,SA-516-70,"3/4""",0.75,2.15,103.79,145.31,353,389
PB304L-C1500T3/4S14,"14""",1500,304L,"3/4""",0.75,5.95,108.43,151.8,944,1039
PB316L-C1500T3/4S14,"14""",1500,316L,"3/4""",0.75,7.4,109.66,153.52,1177,1295
PBAL6061-C1500T3/4S14,"14""",1500,AL-6061,"3/4""",0.75,5,36.57,51.2,297,327
PB304-C1500T7/8S14,"14""",1500,304,"7/8""",0.875,5.5,126.5,177.1,1015,1117
PBSA36-C1500T7/8S14,"14""",1500,SA-36,"7/8""",0.875,1.85,121.09,169.53,354,390
PBSA516-70-C1500T7/8S14,"14""",1500,SA-516-70,"7/8""",0.875,2.15,121.09,169.53,405,446
PB304L-C1500T7/8S14,"14""",1500,304L,"7/8""",0.875,5.95,126.5,177.1,1094,1204
PB316L-C1500T7/8S14,"14""",1500,316L,"7/8""",0.875,7.4,127.94,179.12,1366,1503
PBAL6061-C1500T7/8S14,"14""",1500,AL-6061,"7/8""",0.875,5,42.67,59.74,339,373
PB304-C1500T1S14,"14""",1500,304,"1""",1,5.5,144.57,202.4,1154,1270
PBSA36-C1500T1S14,"14""",1500,SA-36,"1""",1,1.85,138.39,193.75,399,439
PBSA516-70-C1500T1S14,"14""",1500,SA-516-70,"1""",1,2.15,138.39,193.75,457,503
PB304L-C1500T1S14,"14""",1500,304L,"1""",1,5.95,144.57,202.4,1245,1370
PB316L-C1500T1S14,"14""",1500,316L,"1""",1,7.4,146.21,204.69,1555,1711
PBAL6061-C1500T1S14,"14""",1500,AL-6061,"1""",1,5,48.76,68.26,382,421
PB304-C1500T1-1/8S14,"14""",1500,304,"1-1/8""",1.125,5.5,162.64,227.7,1293,1423
PBSA36-C1500T1-1/8S14,"14""",1500,SA-36,"1-1/8""",1.125,1.85,155.68,217.95,444,489
PBSA516-70-C1500T1-1/8S14,"14""",1500,SA-516-70,"1-1/8""",1.125,2.15,155.68,217.95,509,560
PB304L-C1500T1-1/8S14,"14""",1500,304L,"1-1/8""",1.125,5.95,162.64,227.7,1396,1536
PB316L-C1500T1-1/8S14,"14""",1500,316L,"1-1/8""",1.125,7.4,164.49,230.29,1745,1920
PBAL6061-C1500T1-1/8S14,"14""",1500,AL-6061,"1-1/8""",1.125,5,54.86,76.8,425,468
PB304-C1500T1-1/4S14,"14""",1500,304,"1-1/4""",1.25,5.5,180.71,252.99,1432,1576
PBSA36-C1500T1-1/4S14,"14""",1500,SA-36,"1-1/4""",1.25,1.85,172.98,242.17,489,538
PBSA516-70-C1500T1-1/4S14,"14""",1500,SA-516-70,"1-1/4""",1.25,2.15,172.98,242.17,561,618
PB304L-C1500T1-1/4S14,"14""",1500,304L,"1-1/4""",1.25,5.95,180.71,252.99,1546,1701
PB316L-C1500T1-1/4S14,"14""",1500,316L,"1-1/4""",1.25,7.4,182.77,255.88,1934,2128
PBAL6061-C1500T1-1/4S14,"14""",1500,AL-6061,"1-1/4""",1.25,5,60.95,85.33,467,514
PB304-C1500T1-3/8S14,"14""",1500,304,"1-3/8""",1.375,5.5,198.78,278.29,1571,1729
PBSA36-C1500T1-3/8S14,"14""",1500,SA-36,"1-3/8""",1.375,1.85,190.28,266.39,534,588
PBSA516-70-C1500T1-3/8S14,"14""",1500,SA-516-70,"1-3/8""",1.375,2.15,190.28,266.39,613,675
PB304L-C1500T1-3/8S14,"14""",1500,304L,"1-3/8""",1.375,5.95,198.78,278.29,1697,1867
PB316L-C1500T1-3/8S14,"14""",1500,316L,"1-3/8""",1.375,7.4,201.04,281.46,2124,2337
PBAL6061-C1500T1-3/8S14,"14""",1500,AL-6061,"1-3/8""",1.375,5,67.05,93.87,510,561
PB304-C1500T1-1/2S14,"14""",1500,304,"1-1/2""",1.5,5.5,216.85,303.59,1710,1882
PBSA36-C1500T1-1/2S14,"14""",1500,SA-36,"1-1/2""",1.5,1.85,207.58,290.61,578,636
PBSA516-70-C1500T1-1/2S14,"14""",1500,SA-516-70,"1-1/2""",1.5,2.15,207.58,290.61,666,733
PB304L-C1500T1-1/2S14,"14""",1500,304L,"1-1/2""",1.5,5.95,216.85,303.59,1847,2032
PB316L-C1500T1-1/2S14,"14""",1500,316L,"1-1/2""",1.5,7.4,219.32,307.05,2313,2545
PBAL6061-C1500T1-1/2S14,"14""",1500,AL-6061,"1-1/2""",1.5,5,73.14,102.4,553,609
PB304-C1500T1-5/8S14,"14""",1500,304,"1-5/8""",1.625,5.5,234.93,328.9,1850,2036
PBSA36-C1500T1-5/8S14,"14""",1500,SA-36,"1-5/8""",1.625,1.85,224.88,314.83,623,686
PBSA516-70-C1500T1-5/8S14,"14""",1500,SA-516-70,"1-5/8""",1.625,2.15,224.88,314.83,718,790
PB304L-C1500T1-5/8S14,"14""",1500,304L,"1-5/8""",1.625,5.95,234.93,328.9,1998,2198
PB316L-C1500T1-5/8S14,"14""",1500,316L,"1-5/8""",1.625,7.4,237.6,332.64,2502,2753
PBAL6061-C1500T1-5/8S14,"14""",1500,AL-6061,"1-5/8""",1.625,5,79.24,110.94,595,655
PB304-C1500T1-3/4S14,"14""",1500,304,"1-3/4""",1.75,5.5,253,354.2,1989,2188
PBSA36-C1500T1-3/4S14,"14""",1500,SA-36,"1-3/4""",1.75,1.85,242.18,339.05,668,735
PBSA516-70-C1500T1-3/4S14,"14""",1500,SA-516-70,"1-3/4""",1.75,2.15,242.18,339.05,770,848
PB304L-C1500T1-3/4S14,"14""",1500,304L,"1-3/4""",1.75,5.95,253,354.2,2148,2363
PB316L-C1500T1-3/4S14,"14""",1500,316L,"1-3/4""",1.75,7.4,255.87,358.22,2692,2962
PBAL6061-C1500T1-3/4S14,"14""",1500,AL-6061,"1-3/4""",1.75,5,85.33,119.46,638,702
PB304-C1500T1-7/8S14,"14""",1500,304,"1-7/8""",1.875,5.5,271.07,379.5,2128,2341
PBSA36-C1500T1-7/8S14,"14""",1500,SA-36,"1-7/8""",1.875,1.85,259.47,363.26,713,785
PBSA516-70-C1500T1-7/8S14,"14""",1500,SA-516-70,"1-7/8""",1.875,2.15,259.47,363.26,822,905
PB304L-C1500T1-7/8S14,"14""",1500,304L,"1-7/8""",1.875,5.95,271.07,379.5,2299,2529
PB316L-C1500T1-7/8S14,"14""",1500,316L,"1-7/8""",1.875,7.4,274.15,383.81,2881,3170
PBAL6061-C1500T1-7/8S14,"14""",1500,AL-6061,"1-7/8""",1.875,5,91.43,128,681,750
PB304-C1500T2S14,"14""",1500,304,"2""",2,5.5,289.14,404.8,2267,2494
PBSA36-C1500T2S14,"14""",1500,SA-36,"2""",2,1.85,276.77,387.48,758,834
PBSA516-70-C1500T2S14,"14""",1500,SA-516-70,"2""",2,2.15,276.77,387.48,874,962
PB304L-C1500T2S14,"14""",1500,304L,"2""",2,5.95,289.14,404.8,2449,2694
PB316L-C1500T2S14,"14""",1500,316L,"2""",2,7.4,292.43,409.4,3070,3378
PBAL6061-C1500T2S14,"14""",1500,AL-6061,"2""",2,5,97.52,136.53,723,796
PB304-C1500T2-1/4S14,"14""",1500,304,"2-1/4""",2.25,5.5,325.28,455.39,2545,2800
PBSA36-C1500T2-1/4S14,"14""",1500,SA-36,"2-1/4""",2.25,1.85,311.37,435.92,847,932
PBSA516-70-C1500T2-1/4S14,"14""",1500,SA-516-70,"2-1/4""",2.25,2.15,311.37,435.92,978,1076
PB304L-C1500T2-1/4S14,"14""",1500,304L,"2-1/4""",2.25,5.95,325.28,455.39,2750,3026
PB316L-C1500T2-1/4S14,"14""",1500,316L,"2-1/4""",2.25,7.4,328.98,460.57,3449,3794
PBAL6061-C1500T2-1/4S14,"14""",1500,AL-6061,"2-1/4""",2.25,5,109.71,153.59,809,890
PB304-C1500T2-1/2S14,"14""",1500,304,"2-1/2""",2.5,5.5,361.42,505.99,2824,3107
PBSA36-C1500T2-1/2S14,"14""",1500,SA-36,"2-1/2""",2.5,1.85,345.96,484.34,937,1031
PBSA516-70-C1500T2-1/2S14,"14""",1500,SA-516-70,"2-1/2""",2.5,2.15,345.96,484.34,1082,1191
PB304L-C1500T2-1/2S14,"14""",1500,304L,"2-1/2""",2.5,5.95,361.42,505.99,3051,3357
PB316L-C1500T2-1/2S14,"14""",1500,316L,"2-1/2""",2.5,7.4,365.53,511.74,3828,4211
PBAL6061-C1500T2-1/2S14,"14""",1500,AL-6061,"2-1/2""",2.5,5,121.9,170.66,894,984
PB304-C1500T3S14,"14""",1500,304,"3""",3,5.5,433.71,607.19,3380,3719
PBSA36-C1500T3S14,"14""",1500,SA-36,"3""",3,1.85,415.16,581.22,1116,1228
PBSA516-70-C1500T3S14,"14""",1500,SA-516-70,"3""",3,2.15,415.16,581.22,1290,1420
PB304L-C1500T3S14,"14""",1500,304L,"3""",3,5.95,433.71,607.19,3653,4019
PB316L-C1500T3S14,"14""",1500,316L,"3""",3,7.4,438.64,614.1,4585,5044
PBAL6061-C1500T3S14,"14""",1500,AL-6061,"3""",3,5,146.28,204.79,1065,1172
PB304-C1500T11GAS16,"16""",1500,304,11 Gauge,0.1196,5.5,21.28,29.79,209,230
PBSA36-C1500T11GAS16,"16""",1500,SA-36,11 Gauge,0.1196,1.85,20.37,28.52,98,108
PBSA516-70-C1500T11GAS16,"16""",1500,SA-516-70,11 Gauge,0.1196,2.15,20.37,28.52,106,117
PB304L-C1500T11GAS16,"16""",1500,304L,11 Gauge,0.1196,5.95,21.28,29.79,222,245
PB316L-C1500T11GAS16,"16""",1500,316L,11 Gauge,0.1196,7.4,21.53,30.14,268,295
PBAL6061-C1500T11GAS16,"16""",1500,AL-6061,11 Gauge,0.1196,5,7.18,10.05,95,105
PB304-C1500T1/8S16,"16""",1500,304,"1/8""",0.125,5.5,22.24,31.14,216,238
PBSA36-C1500T1/8S16,"16""",1500,SA-36,"1/8""",0.125,1.85,21.29,29.81,100,111
PBSA516-70-C1500T1/8S16,"16""",1500,SA-516-70,"1/8""",0.125,2.15,21.29,29.81,109,120
PB304L-C1500T1/8S16,"16""",1500,304L,"1/8""",0.125,5.95,22.24,31.14,230,254
PB316L-C1500T1/8S16,"16""",1500,316L,"1/8""",0.125,7.4,22.5,31.5,278,306
PBAL6061-C1500T1/8S16,"16""",1500,AL-6061,"1/8""",0.125,5,7.5,10.5,97,107
PB304-C1500T3/16S16,"16""",1500,304,"3/16""",0.1875,5.5,33.37,46.72,302,333
PBSA36-C1500T3/16S16,"16""",1500,SA-36,"3/16""",0.1875,1.85,31.94,44.72,128,141
PBSA516-70-C1500T3/16S16,"16""",1500,SA-516-70,"3/16""",0.1875,2.15,31.94,44.72,141,156
PB304L-C1500T3/16S16,"16""",1500,304L,"3/16""",0.1875,5.95,33.37,46.72,323,356
PB316L-C1500T3/16S16,"16""",1500,316L,"3/16""",0.1875,7.4,33.75,47.25,395,435
PBAL6061-C1500T3/16S16,"16""",1500,AL-6061,"3/16""",0.1875,5,11.25,15.75,124,137
PB304-C1500T1/4S16,"16""",1500,304,"1/4""",0.25,5.5,44.49,62.29,388,427
PBSA36-C1500T1/4S16,"16""",1500,SA-36,"1/4""",0.25,1.85,42.59,59.63,155,171
PBSA516-70-C1500T1/4S16,"16""",1500,SA-516-70,"1/4""",0.25,2.15,42.59,59.63,173,191
PB304L-C1500T1/4S16,"16""",1500,304L,"1/4""",0.25,5.95,44.49,62.29,416,458
PB316L-C1500T1/4S16,"16""",1500,316L,"1/4""",0.25,7.4,44.99,62.99,511,563
PBAL6061-C1500T1/4S16,"16""",1500,AL-6061,"1/4""",0.25,5,15,21,150,165
PB304-C1500T5/16S16,"16""",1500,304,"5/16""",0.3125,5.5,55.61,77.85,473,521
PBSA36-C1500T5/16S16,"16""",1500,SA-36,"5/16""",0.3125,1.85,53.23,74.52,183,202
PBSA516-70-C1500T5/16S16,"16""",1500,SA-516-70,"5/16""",0.3125,2.15,53.23,74.52,205,226
PB304L-C1500T5/16S16,"16""",1500,304L,"5/16""",0.3125,5.95,55.61,77.85,508,559
PB316L-C1500T5/16S16,"16""",1500,316L,"5/16""",0.3125,7.4,56.24,78.74,628,691
PBAL6061-C1500T5/16S16,"16""",1500,AL-6061,"5/16""",0.3125,5,18.76,26.26,176,194
PB304-C1500T3/8S16,"16""",1500,304,"3/8""",0.375,5.5,66.73,93.42,559,615
PBSA36-C1500T3/8S16,"16""",1500,SA-36,"3/8""",0.375,1.85,63.88,89.43,210,232
PBSA516-70-C1500T3/8S16,"16""",1500,SA-516-70,"3/8""",0.375,2.15,63.88,89.43,237,261
PB304L-C1500T3/8S16,"16""",1500,304L,"3/8""",0.375,5.95,66.73,93.42,601,662
PB316L-C1500T3/8S16,"16""",1500,316L,"3/8""",0.375,7.4,67.49,94.49,744,819
PBAL6061-C1500T3/8S16,"16""",1500,AL-6061,"3/8""",0.375,5,22.51,31.51,202,223
PB304-C1500T1/2S16,"16""",1500,304,"1/2""",0.5,5.5,88.98,124.57,730,804
PBSA36-C1500T1/2S16,"16""",1500,SA-36,"1/2""",0.5,1.85,85.17,119.24,266,293
PBSA516-70-C1500T1/2S16,"16""",1500,SA-516-70,"1/2""",0.5,2.15,85.17,119.24,301,332
PB304L-C1500T1/2S16,"16""",1500,304L,"1/2""",0.5,5.95,88.98,124.57,786,865
PB316L-C1500T1/2S16,"16""",1500,316L,"1/2""",0.5,7.4,89.99,125.99,977,1075
PBAL6061-C1500T1/2S16,"16""",1500,AL-6061,"1/2""",0.5,5,30.01,42.01,255,281
PB304-C1500T5/8S16,"16""",1500,304,"5/8""",0.625,5.5,111.22,155.71,901,992
PBSA36-C1500T5/8S16,"16""",1500,SA-36,"5/8""",0.625,1.85,106.46,149.04,321,354
PBSA516-70-C1500T5/8S16,"16""",1500,SA-516-70,"5/8""",0.625,2.15,106.46,149.04,365,402
PB304L-C1500T5/8S16,"16""",1500,304L,"5/8""",0.625,5.95,111.22,155.71,971,1069
PB316L-C1500T5/8S16,"16""",1500,316L,"5/8""",0.625,7.4,112.48,157.47,1210,1331
PBAL6061-C1500T5/8S16,"16""",1500,AL-6061,"5/8""",0.625,5,37.51,52.51,307,338
PB304-C1500T3/4S16,"16""",1500,304,"3/4""",0.75,5.5,133.46,186.84,1073,1181
PBSA36-C1500T3/4S16,"16""",1500,SA-36,"3/4""",0.75,1.85,127.76,178.86,376,414
PBSA516-70-C1500T3/4S16,"16""",1500,SA-516-70,"3/4""",0.75,2.15,127.76,178.86,429,472
PB304L-C1500T3/4S16,"16""",1500,304L,"3/4""",0.75,5.95,133.46,186.84,1157,1273
PB316L-C1500T3/4S16,"16""",1500,316L,"3/4""",0.75,7.4,134.98,188.97,1443,1588
PBAL6061-C1500T3/4S16,"16""",1500,AL-6061,"3/4""",0.75,5,45.01,63.01,360,397
PB304-C1500T7/8S16,"16""",1500,304,"7/8""",0.875,5.5,155.71,217.99,1244,1369
PBSA36-C1500T7/8S16,"16""",1500,SA-36,"7/8""",0.875,1.85,149.05,208.67,431,475
PBSA516-70-C1500T7/8S16,"16""",1500,SA-516-70,"7/8""",0.875,2.15,149.05,208.67,494,544
PB304L-C1500T7/8S16,"16""",1500,304L,"7/8""",0.875,5.95,155.71,217.99,1342,1477
PB316L-C1500T7/8S16,"16""",1500,316L,"7/8""",0.875,7.4,157.48,220.47,1676,1844
PBAL6061-C1500T7/8S16,"16""",1500,AL-6061,"7/8""",0.875,5,52.52,73.53,413,455
PB304-C1500T1S16,"16""",1500,304,"1""",1,5.5,177.95,249.13,1415,1557
PBSA36-C1500T1S16,"16""",1500,SA-36,"1""",1,1.85,170.34,238.48,486,535
PBSA516-70-C1500T1S16,"16""",1500,SA-516-70,"1""",1,2.15,170.34,238.48,558,614
PB304L-C1500T1S16,"16""",1500,304L,"1""",1,5.95,177.95,249.13,1527,1680
PB316L-C1500T1S16,"16""",1500,316L,"1""",1,7.4,179.98,251.97,1909,2100
PBAL6061-C1500T1S16,"16""",1500,AL-6061,"1""",1,5,60.02,84.03,465,512
PB304-C1500T1-1/8S16,"16""",1500,304,"1-1/8""",1.125,5.5,200.2,280.28,1586,1745
PBSA36-C1500T1-1/8S16,"16""",1500,SA-36,"1-1/8""",1.125,1.85,191.63,268.28,541,596
PBSA516-70-C1500T1-1/8S16,"16""",1500,SA-516-70,"1-1/8""",1.125,2.15,191.63,268.28,622,685
PB304L-C1500T1-1/8S16,"16""",1500,304L,"1-1/8""",1.125,5.95,200.2,280.28,1713,1885
PB316L-C1500T1-1/8S16,"16""",1500,316L,"1-1/8""",1.125,7.4,202.47,283.46,2143,2358
PBAL6061-C1500T1-1/8S16,"16""",1500,AL-6061,"1-1/8""",1.125,5,67.52,94.53,518,570
PB304-C1500T1-1/4S16,"16""",1500,304,"1-1/4""",1.25,5.5,222.44,311.42,1758,1934
PBSA36-C1500T1-1/4S16,"16""",1500,SA-36,"1-1/4""",1.25,1.85,212.93,298.1,596,656
PBSA516-70-C1500T1-1/4S16,"16""",1500,SA-516-70,"1-1/4""",1.25,2.15,212.93,298.1,686,755
PB304L-C1500T1-1/4S16,"16""",1500,304L,"1-1/4""",1.25,5.95,222.44,311.42,1898,2088
PB316L-C1500T1-1/4S16,"16""",1500,316L,"1-1/4""",1.25,7.4,224.97,314.96,2376,2614
PBAL6061-C1500T1-1/4S16,"16""",1500,AL-6061,"1-1/4""",1.25,5,75.02,105.03,570,627
PB304-C1500T1-3/8S16,"16""",1500,304,"1-3/8""",1.375,5.5,244.68,342.55,1929,2122
PBSA36-C1500T1-3/8S16,"16""",1500,SA-36,"1-3/8""",1.375,1.85,234.22,327.91,652,718
PBSA516-70-C1500T1-3/8S16,"16""",1500,SA-516-70,"1-3/8""",1.375,2.15,234.22,327.91,750,826
PB304L-C1500T1-3/8S16,"16""",1500,304L,"1-3/8""",1.375,5.95,244.68,342.55,2083,2292
PB316L-C1500T1-3/8S16,"16""",1500,316L,"1-3/8""",1.375,7.4,247.47,346.46,2609,2870
PBAL6061-C1500T1-3/8S16,"16""",1500,AL-6061,"1-3/8""",1.375,5,82.53,115.54,623,686
PB304-C1500T1-1/2S16,"16""",1500,304,"1-1/2""",1.5,5.5,266.93,373.7,2100,2310
PBSA36-C1500T1-1/2S16,"16""",1500,SA-36,"1-1/2""",1.5,1.85,255.51,357.71,707,778
PBSA516-70-C1500T1-1/2S16,"16""",1500,SA-516-70,"1-1/2""",1.5,2.15,255.51,357.71,814,896
PB304L-C1500T1-1/2S16,"16""",1500,304L,"1-1/2""",1.5,5.95,266.93,373.7,2268,2495
PB316L-C1500T1-1/2S16,"16""",1500,316L,"1-1/2""",1.5,7.4,269.96,377.94,2842,3127
PBAL6061-C1500T1-1/2S16,"16""",1500,AL-6061,"1-1/2""",1.5,5,90.03,126.04,675,743
PB304-C1500T1-5/8S16,"16""",1500,304,"1-5/8""",1.625,5.5,289.17,404.84,2272,2500
PBSA36-C1500T1-5/8S16,"16""",1500,SA-36,"1-5/8""",1.625,1.85,276.8,387.52,762,839
PBSA516-70-C1500T1-5/8S16,"16""",1500,SA-516-70,"1-5/8""",1.625,2.15,276.8,387.52,878,966
PB304L-C1500T1-5/8S16,"16""",1500,304L,"1-5/8""",1.625,5.95,289.17,404.84,2454,2700
PB316L-C1500T1-5/8S16,"16""",1500,316L,"1-5/8""",1.625,7.4,292.46,409.44,3075,3383
PBAL6061-C1500T1-5/8S16,"16""",1500,AL-6061,"1-5/8""",1.625,5,97.53,136.54,728,801
PB304-C1500T1-3/4S16,"16""",1500,304,"1-3/4""",1.75,5.5,311.42,435.99,2443,2688
PBSA36-C1500T1-3/4S16,"16""",1500,SA-36,"1-3/4""",1.75,1.85,298.1,417.34,817,899
PBSA516-70-C1500T1-3/4S16,"16""",1500,SA-516-70,"1-3/4""",1.75,2.15,298.1,417.34,942,1037
PB304L-C1500T1-3/4S16,"16""",1500,304L,"1-3/4""",1.75,5.95,311.42,435.99,2639,2903
PB316L-C1500T1-3/4S16,"16""",1500,316L,"1-3/4""",1.75,7.4,314.96,440.94,3308,3639
PBAL6061-C1500T1-3/4S16,"16""",1500,AL-6061,"1-3/4""",1.75,5,105.03,147.04,780,859
PB304-C1500T1-7/8S16,"16""",1500,304,"1-7/8""",1.875,5.5,333.66,467.12,2614,2876
PBSA36-C1500T1-7/8S16,"16""",1500,SA-36,"1-7/8""",1.875,1.85,319.39,447.15,872,960
PBSA516-70-C1500T1-7/8S16,"16""",1500,SA-516-70,"1-7/8""",1.875,2.15,319.39,447.15,1006,1107
PB304L-C1500T1-7/8S16,"16""",1500,304L,"1-7/8""",1.875,5.95,333.66,467.12,2824,3107
PB316L-C1500T1-7/8S16,"16""",1500,316L,"1-7/8""",1.875,7.4,337.45,472.43,3541,3896
PBAL6061-C1500T1-7/8S16,"16""",1500,AL-6061,"1-7/8""",1.875,5,112.54,157.56,833,917
PB304-C1500T2S16,"16""",1500,304,"2""",2,5.5,355.91,498.27,2785,3064
PBSA36-C1500T2S16,"16""",1500,SA-36,"2""",2,1.85,340.68,476.95,927,1020
PBSA516-70-C1500T2S16,"16""",1500,SA-516-70,"2""",2,2.15,340.68,476.95,1070,1177
PB304L-C1500T2S16,"16""",1500,304L,"2""",2,5.95,355.91,498.27,3010,3312
PB316L-C1500T2S16,"16""",1500,316L,"2""",2,7.4,359.95,503.93,3774,4152
PBAL6061-C1500T2S16,"16""",1500,AL-6061,"2""",2,5,120.04,168.06,885,974
PB304-C1500T2-1/4S16,"16""",1500,304,"2-1/4""",2.25,5.5,400.39,560.55,3128,3441
PBSA36-C1500T2-1/4S16,"16""",1500,SA-36,"2-1/4""",2.25,1.85,383.27,536.58,1038,1142
PBSA516-70-C1500T2-1/4S16,"16""",1500,SA-516-70,"2-1/4""",2.25,2.15,383.27,536.58,1199,1319
PB304L-C1500T2-1/4S16,"16""",1500,304L,"2-1/4""",2.25,5.95,400.39,560.55,3380,3719
PB316L-C1500T2-1/4S16,"16""",1500,316L,"2-1/4""",2.25,7.4,404.94,566.92,4240,4664
PBAL6061-C1500T2-1/4S16,"16""",1500,AL-6061,"2-1/4""",2.25,5,135.04,189.06,990,1089
PB304-C1500T2-1/2S16,"16""",1500,304,"2-1/2""",2.5,5.5,444.88,622.83,3470,3818
PBSA36-C1500T2-1/2S16,"16""",1500,SA-36,"2-1/2""",2.5,1.85,425.85,596.19,1148,1263
PBSA516-70-C1500T2-1/2S16,"16""",1500,SA-516-70,"2-1/2""",2.5,2.15,425.85,596.19,1327,1460
PB304L-C1500T2-1/2S16,"16""",1500,304L,"2-1/2""",2.5,5.95,444.88,622.83,3751,4127
PB316L-C1500T2-1/2S16,"16""",1500,316L,"2-1/2""",2.5,7.4,449.94,629.92,4706,5177
PBAL6061-C1500T2-1/2S16,"16""",1500,AL-6061,"2-1/2""",2.5,5,150.05,210.07,1095,1205
PB304-C1500T3S16,"16""",1500,304,"3""",3,5.5,533.86,747.4,4156,4572
PBSA36-C1500T3S16,"16""",1500,SA-36,"3""",3,1.85,511.02,715.43,1368,1505
PBSA516-70-C1500T3S16,"16""",1500,SA-516-70,"3""",3,2.15,511.02,715.43,1583,1742
PB304L-C1500T3S16,"16""",1500,304L,"3""",3,5.95,533.86,747.4,4492,4942
PB316L-C1500T3S16,"16""",1500,316L,"3""",3,7.4,539.93,755.9,5639,6203
PBAL6061-C1500T3S16,"16""",1500,AL-6061,"3""",3,5,180.06,252.08,1305,1436
PB304-C1500T11GAS18,"18""",1500,304,11 Gauge,0.1196,5.5,25.69,35.97,247,272
PBSA36-C1500T11GAS18,"18""",1500,SA-36,11 Gauge,0.1196,1.85,24.59,34.43,113,125
PBSA516-70-C1500T11GAS18,"18""",1500,SA-516-70,11 Gauge,0.1196,2.15,24.59,34.43,123,136
PB304L-C1500T11GAS18,"18""",1500,304L,11 Gauge,0.1196,5.95,25.69,35.97,263,290
PB316L-C1500T11GAS18,"18""",1500,316L,11 Gauge,0.1196,7.4,25.98,36.37,318,350
PBAL6061-C1500T11GAS18,"18""",1500,AL-6061,11 Gauge,0.1196,5,8.66,12.12,110,122
PB304-C1500T1/8S18,"18""",1500,304,"1/8""",0.125,5.5,26.85,37.59,256,282
PBSA36-C1500T1/8S18,"18""",1500,SA-36,"1/8""",0.125,1.85,25.7,35.98,116,128
PBSA516-70-C1500T1/8S18,"18""",1500,SA-516-70,"1/8""",0.125,2.15,25.7,35.98,126,139
PB304L-C1500T1/8S18,"18""",1500,304L,"1/8""",0.125,5.95,26.85,37.59,273,301
PB316L-C1500T1/8S18,"18""",1500,316L,"1/8""",0.125,7.4,27.16,38.02,330,364
PBAL6061-C1500T1/8S18,"18""",1500,AL-6061,"1/8""",0.125,5,9.06,12.68,113,125
PB304-C1500T3/16S18,"18""",1500,304,"3/16""",0.1875,5.5,40.27,56.38,359,395
PBSA36-C1500T3/16S18,"18""",1500,SA-36,"3/16""",0.1875,1.85,38.55,53.97,149,164
PBSA516-70-C1500T3/16S18,"18""",1500,SA-516-70,"3/16""",0.1875,2.15,38.55,53.97,165,182
PB304L-C1500T3/16S18,"18""",1500,304L,"3/16""",0.1875,5.95,40.27,56.38,385,424
PB316L-C1500T3/16S18,"18""",1500,316L,"3/16""",0.1875,7.4,40.73,57.02,471,519
PBAL6061-C1500T3/16S18,"18""",1500,AL-6061,"3/16""",0.1875,5,13.58,19.01,144,159
PB304-C1500T1/4S18,"18""",1500,304,"1/4""",0.25,5.5,53.7,75.18,463,510
PBSA36-C1500T1/4S18,"18""",1500,SA-36,"1/4""",0.25,1.85,51.4,71.96,182,201
PBSA516-70-C1500T1/4S18,"18""",1500,SA-516-70,"1/4""",0.25,2.15,51.4,71.96,204,225
PB304L-C1500T1/4S18,"18""",1500,304L,"1/4""",0.25,5.95,53.7,75.18,496,546
PB316L-C1500T1/4S18,"18""",1500,316L,"1/4""",0.25,7.4,54.31,76.03,612,674
PBAL6061-C1500T1/4S18,"18""",1500,AL-6061,"1/4""",0.25,5,18.11,25.35,176,194
PB304-C1500T5/16S18,"18""",1500,304,"5/16""",0.3125,5.5,67.12,93.97,566,623
PBSA36-C1500T5/16S18,"18""",1500,SA-36,"5/16""",0.3125,1.85,64.25,89.95,216,238
PBSA516-70-C1500T5/16S18,"18""",1500,SA-516-70,"5/16""",0.3125,2.15,64.25,89.95,242,267
PB304L-C1500T5/16S18,"18""",1500,304L,"5/16""",0.3125,5.95,67.12,93.97,608,669
PB316L-C1500T5/16S18,"18""",1500,316L,"5/16""",0.3125,7.4,67.89,95.05,752,828
PBAL6061-C1500T5/16S18,"18""",1500,AL-6061,"5/16""",0.3125,5,22.64,31.7,208,229
PB304-C1500T3/8S18,"18""",1500,304,"3/8""",0.375,5.5,80.55,112.77,669,736
PBSA36-C1500T3/8S18,"18""",1500,SA-36,"3/8""",0.375,1.85,77.1,107.94,249,274
PBSA516-70-C1500T3/8S18,"18""",1500,SA-516-70,"3/8""",0.375,2.15,77.1,107.94,281,310
PB304L-C1500T3/8S18,"18""",1500,304L,"3/8""",0.375,5.95,80.55,112.77,720,793
PB316L-C1500T3/8S18,"18""",1500,316L,"3/8""",0.375,7.4,81.47,114.06,893,983
PBAL6061-C1500T3/8S18,"18""",1500,AL-6061,"3/8""",0.375,5,27.17,38.04,239,263
PB304-C1500T1/2S18,"18""",1500,304,"1/2""",0.5,5.5,107.4,150.36,876,964
PBSA36-C1500T1/2S18,"18""",1500,SA-36,"1/2""",0.5,1.85,102.81,143.93,315,347
PBSA516-70-C1500T1/2S18,"18""",1500,SA-516-70,"1/2""",0.5,2.15,102.81,143.93,359,395
PB304L-C1500T1/2S18,"18""",1500,304L,"1/2""",0.5,5.95,107.4,150.36,944,1039
PB316L-C1500T1/2S18,"18""",1500,316L,"1/2""",0.5,7.4,108.62,152.07,1174,1292
PBAL6061-C1500T1/2S18,"18""",1500,AL-6061,"1/2""",0.5,5,36.22,50.71,303,334
PB304-C1500T5/8S18,"18""",1500,304,"5/8""",0.625,5.5,134.25,187.95,1083,1192
PBSA36-C1500T5/8S18,"18""",1500,SA-36,"5/8""",0.625,1.85,128.51,179.91,382,421
PBSA516-70-C1500T5/8S18,"18""",1500,SA-516-70,"5/8""",0.625,2.15,128.51,179.91,436,480
PB304L-C1500T5/8S18,"18""",1500,304L,"5/8""",0.625,5.95,134.25,187.95,1167,1284
PB316L-C1500T5/8S18,"18""",1500,316L,"5/8""",0.625,7.4,135.78,190.09,1456,1602
PBAL6061-C1500T5/8S18,"18""",1500,AL-6061,"5/8""",0.625,5,45.28,63.39,366,403
PB304-C1500T3/4S18,"18""",1500,304,"3/4""",0.75,5.5,161.1,225.54,1290,1420
PBSA36-C1500T3/4S18,"18""",1500,SA-36,"3/4""",0.75,1.85,154.21,215.89,448,493
PBSA516-70-C1500T3/4S18,"18""",1500,SA-516-70,"3/4""",0.75,2.15,154.21,215.89,513,565
PB304L-C1500T3/4S18,"18""",1500,304L,"3/4""",0.75,5.95,161.1,225.54,1391,1531
PB316L-C1500T3/4S18,"18""",1500,316L,"3/4""",0.75,7.4,162.93,228.1,1737,1911
PBAL6061-C1500T3/4S18,"18""",1500,AL-6061,"3/4""",0.75,5,54.34,76.08,430,474
PB304-C1500T7/8S18,"18""",1500,304,"7/8""",0.875,5.5,187.95,263.13,1496,1646
PBSA36-C1500T7/8S18,"18""",1500,SA-36,"7/8""",0.875,1.85,179.91,251.87,515,567
PBSA516-70-C1500T7/8S18,"18""",1500,SA-516-70,"7/8""",0.875,2.15,179.91,251.87,591,651
PB304L-C1500T7/8S18,"18""",1500,304L,"7/8""",0.875,5.95,187.95,263.13,1615,1777
PB316L-C1500T7/8S18,"18""",1500,316L,"7/8""",0.875,7.4,190.09,266.13,2018,2220
PBAL6061-C1500T7/8S18,"18""",1500,AL-6061,"7/8""",0.875,5,63.39,88.75,493,543
PB304-C1500T1S18,"18""",1500,304,"1""",1,5.5,214.8,300.72,1703,1874
PBSA36-C1500T1S18,"18""",1500,SA-36,"1""",1,1.85,205.61,287.85,582,641
PBSA516-70-C1500T1S18,"18""",1500,SA-516-70,"1""",1,2.15,205.61,287.85,668,735
PB304L-C1500T1S18,"18""",1500,304L,"1""",1,5.95,214.8,300.72,1838,2022
PB316L-C1500T1S18,"18""",1500,316L,"1""",1,7.4,217.24,304.14,2300,2530
PBAL6061-C1500T1S18,"18""",1500,AL-6061,"1""",1,5,72.45,101.43,556,612
PB304-C1500T1-1/8S18,"18""",1500,304,"1-1/8""",1.125,5.5,241.65,338.31,1910,2101
PBSA36-C1500T1-1/8S18,"18""",1500,SA-36,"1-1/8""",1.125,1.85,231.31,323.83,648,713
PBSA516-70-C1500T1-1/8S18,"18""",1500,SA-516-70,"1-1/8""",1.125,2.15,231.31,323.83,745,820
PB304L-C1500T1-1/8S18,"18""",1500,304L,"1-1/8""",1.125,5.95,241.65,338.31,2062,2269
PB316L-C1500T1-1/8S18,"18""",1500,316L,"1-1/8""",1.125,7.4,244.4,342.16,2581,2840
PBAL6061-C1500T1-1/8S18,"18""",1500,AL-6061,"1-1/8""",1.125,5,81.5,114.1,620,682
PB304-C1500T1-1/4S18,"18""",1500,304,"1-1/4""",1.25,5.5,268.5,375.9,2117,2329
PBSA36-C1500T1-1/4S18,"18""",1500,SA-36,"1-1/4""",1.25,1.85,257.01,359.81,715,787
PBSA516-70-C1500T1-1/4S18,"18""",1500,SA-516-70,"1-1/4""",1.25,2.15,257.01,359.81,823,906
PB304L-C1500T1-1/4S18,"18""",1500,304L,"1-1/4""",1.25,5.95,268.5,375.9,2286,2515
PB316L-C1500T1-1/4S18,"18""",1500,316L,"1-1/4""",1.25,7.4,271.55,380.17,2862,3149
PBAL6061-C1500T1-1/4S18,"18""",1500,AL-6061,"1-1/4""",1.25,5,90.56,126.78,683,752
PB304-C1500T1-3/8S18,"18""",1500,304,"1-3/8""",1.375,5.5,295.35,413.49,2323,2556
PBSA36-C1500T1-3/8S18,"18""",1500,SA-36,"1-3/8""",1.375,1.85,282.72,395.81,781,860
PBSA516-70-C1500T1-3/8S18,"18""",1500,SA-516-70,"1-3/8""",1.375,2.15,282.72,395.81,900,991
PB304L-C1500T1-3/8S18,"18""",1500,304L,"1-3/8""",1.375,5.95,295.35,413.49,2509,2760
PB316L-C1500T1-3/8S18,"18""",1500,316L,"1-3/8""",1.375,7.4,298.71,418.19,3144,3459
PBAL6061-C1500T1-3/8S18,"18""",1500,AL-6061,"1-3/8""",1.375,5,99.62,139.47,746,821
PB304-C1500T1-1/2S18,"18""",1500,304,"1-1/2""",1.5,5.5,322.2,451.08,2530,2783
PBSA36-C1500T1-1/2S18,"18""",1500,SA-36,"1-1/2""",1.5,1.85,308.42,431.79,848,933
PBSA516-70-C1500T1-1/2S18,"18""",1500,SA-516-70,"1-1/2""",1.5,2.15,308.42,431.79,977,1075
PB304L-C1500T1-1/2S18,"18""",1500,304L,"1-1/2""",1.5,5.95,322.2,451.08,2733,3007
PB316L-C1500T1-1/2S18,"18""",1500,316L,"1-1/2""",1.5,7.4,325.86,456.2,3425,3768
PBAL6061-C1500T1-1/2S18,"18""",1500,AL-6061,"1-1/2""",1.5,5,108.67,152.14,810,892
PB304-C1500T1-5/8S18,"18""",1500,304,"1-5/8""",1.625,5.5,349.05,488.67,2737,3011
PBSA36-C1500T1-5/8S18,"18""",1500,SA-36,"1-5/8""",1.625,1.85,334.12,467.77,914,1006
PBSA516-70-C1500T1-5/8S18,"18""",1500,SA-516-70,"1-5/8""",1.625,2.15,334.12,467.77,1055,1161
PB304L-C1500T1-5/8S18,"18""",1500,304L,"1-5/8""",1.625,5.95,349.05,488.67,2957,3253
PB316L-C1500T1-5/8S18,"18""",1500,316L,"1-5/8""",1.625,7.4,353.02,494.23,3706,4077
PBAL6061-C1500T1-5/8S18,"18""",1500,AL-6061,"1-5/8""",1.625,5,117.73,164.82,873,961
PB304-C1500T1-3/4S18,"18""",1500,304,"1-3/4""",1.75,5.5,375.9,526.26,2944,3239
PBSA36-C1500T1-3/4S18,"18""",1500,SA-36,"1-3/4""",1.75,1.85,359.82,503.75,981,1080
PBSA516-70-C1500T1-3/4S18,"18""",1500,SA-516-70,"1-3/4""",1.75,2.15,359.82,503.75,1132,1246
PB304L-C1500T1-3/4S18,"18""",1500,304L,"1-3/4""",1.75,5.95,375.9,526.26,3180,3499
PB316L-C1500T1-3/4S18,"18""",1500,316L,"1-3/4""",1.75,7.4,380.17,532.24,3988,4387
PBAL6061-C1500T1-3/4S18,"18""",1500,AL-6061,"1-3/4""",1.75,5,126.78,177.49,937,1031
PB304-C1500T1-7/8S18,"18""",1500,304,"1-7/8""",1.875,5.5,402.75,563.85,3150,3466
PBSA36-C1500T1-7/8S18,"18""",1500,SA-36,"1-7/8""",1.875,1.85,385.52,539.73,1048,1153
PBSA516-70-C1500T1-7/8S18,"18""",1500,SA-516-70,"1-7/8""",1.875,2.15,385.52,539.73,1210,1331
PB304L-C1500T1-7/8S18,"18""",1500,304L,"1-7/8""",1.875,5.95,402.75,563.85,3404,3745
PB316L-C1500T1-7/8S18,"18""",1500,316L,"1-7/8""",1.875,7.4,407.33,570.26,4269,4696
PBAL6061-C1500T1-7/8S18,"18""",1500,AL-6061,"1-7/8""",1.875,5,135.84,190.18,1000,1100
PB304-C1500T2S18,"18""",1500,304,"2""",2,5.5,429.6,601.44,3357,3693
PBSA36-C1500T2S18,"18""",1500,SA-36,"2""",2,1.85,411.22,575.71,1114,1226
PBSA516-70-C1500T2S18,"18""",1500,SA-516-70,"2""",2,2.15,411.22,575.71,1287,1416
PB304L-C1500T2S18,"18""",1500,304L,"2""",2,5.95,429.6,601.44,3628,3991
PB316L-C1500T2S18,"18""",1500,316L,"2""",2,7.4,434.48,608.27,4550,5005
PBAL6061-C1500T2S18,"18""",1500,AL-6061,"2""",2,5,144.89,202.85,1063,1170
PB304-C1500T2-1/4S18,"18""",1500,304,"2-1/4""",2.25,5.5,483.3,676.62,3771,4149
PBSA36-C1500T2-1/4S18,"18""",1500,SA-36,"2-1/4""",2.25,1.85,462.63,647.68,1247,1372
PBSA516-70-C1500T2-1/4S18,"18""",1500,SA-516-70,"2-1/4""",2.25,2.15,462.63,647.68,1442,1587
PB304L-C1500T2-1/4S18,"18""",1500,304L,"2-1/4""",2.25,5.95,483.3,676.62,4075,4483
PB316L-C1500T2-1/4S18,"18""",1500,316L,"2-1/4""",2.25,7.4,488.79,684.31,5113,5625
PBAL6061-C1500T2-1/4S18,"18""",1500,AL-6061,"2-1/4""",2.25,5,163.01,228.21,1190,1309
PB304-C1500T2-1/2S18,"18""",1500,304,"2-1/2""",2.5,5.5,537,751.8,4184,4603
PBSA36-C1500T2-1/2S18,"18""",1500,SA-36,"2-1/2""",2.5,1.85,514.03,719.64,1380,1519
PBSA516-70-C1500T2-1/2S18,"18""",1500,SA-516-70,"2-1/2""",2.5,2.15,514.03,719.64,1596,1756
PB304L-C1500T2-1/2S18,"18""",1500,304L,"2-1/2""",2.5,5.95,537,751.8,4522,4975
PB316L-C1500T2-1/2S18,"18""",1500,316L,"2-1/2""",2.5,7.4,543.1,760.34,5676,6244
PBAL6061-C1500T2-1/2S18,"18""",1500,AL-6061,"2-1/2""",2.5,5,181.12,253.57,1317,1449
PB304-C1500T3S18,"18""",1500,304,"3""",3,5.5,644.4,902.16,5011,5513
PBSA36-C1500T3S18,"18""",1500,SA-36,"3""",3,1.85,616.83,863.56,1647,1812
PBSA516-70-C1500T3S18,"18""",1500,SA-516-70,"3""",3,2.15,616.83,863.56,1906,2097
PB304L-C1500T3S18,"18""",1500,304L,"3""",3,5.95,644.4,902.16,5417,5959
PB316L-C1500T3S18,"18""",1500,316L,"3""",3,7.4,651.72,912.41,6801,7482
PBAL6061-C1500T3S18,"18""",1500,AL-6061,"3""",3,5,217.34,304.28,1571,1729
PB304-C1500T11GAS20,"20""",1500,304,11 Gauge,0.1196,5.5,29.53,41.34,280,308
PBSA36-C1500T11GAS20,"20""",1500,SA-36,11 Gauge,0.1196,1.85,28.26,39.56,126,139
PBSA516-70-C1500T11GAS20,"20""",1500,SA-516-70,11 Gauge,0.1196,2.15,28.26,39.56,138,152
PB304L-C1500T11GAS20,"20""",1500,304L,11 Gauge,0.1196,5.95,29.53,41.34,298,328
PB316L-C1500T11GAS20,"20""",1500,316L,11 Gauge,0.1196,7.4,29.86,41.8,362,399
PBAL6061-C1500T11GAS20,"20""",1500,AL-6061,11 Gauge,0.1196,5,9.96,13.94,122,135
PB304-C1500T1/8S20,"20""",1500,304,"1/8""",0.125,5.5,30.86,43.2,290,319
PBSA36-C1500T1/8S20,"20""",1500,SA-36,"1/8""",0.125,1.85,29.54,41.36,129,142
PBSA516-70-C1500T1/8S20,"20""",1500,SA-516-70,"1/8""",0.125,2.15,29.54,41.36,141,156
PB304L-C1500T1/8S20,"20""",1500,304L,"1/8""",0.125,5.95,30.86,43.2,309,340
PB316L-C1500T1/8S20,"20""",1500,316L,"1/8""",0.125,7.4,31.21,43.69,376,414
PBAL6061-C1500T1/8S20,"20""",1500,AL-6061,"1/8""",0.125,5,10.41,14.57,125,138
PB304-C1500T3/16S20,"20""",1500,304,"3/16""",0.1875,5.5,46.29,64.81,409,450
PBSA36-C1500T3/16S20,"20""",1500,SA-36,"3/16""",0.1875,1.85,44.31,62.03,167,184
PBSA516-70-C1500T3/16S20,"20""",1500,SA-516-70,"3/16""",0.1875,2.15,44.31,62.03,186,205
PB304L-C1500T3/16S20,"20""",1500,304L,"3/16""",0.1875,5.95,46.29,64.81,438,482
PB316L-C1500T3/16S20,"20""",1500,316L,"3/16""",0.1875,7.4,46.82,65.55,538,592
PBAL6061-C1500T3/16S20,"20""",1500,AL-6061,"3/16""",0.1875,5,15.61,21.85,162,179
PB304-C1500T1/4S20,"20""",1500,304,"1/4""",0.25,5.5,61.72,86.41,528,581
PBSA36-C1500T1/4S20,"20""",1500,SA-36,"1/4""",0.25,1.85,59.08,82.71,205,226
PBSA516-70-C1500T1/4S20,"20""",1500,SA-516-70,"1/4""",0.25,2.15,59.08,82.71,230,254
PB304L-C1500T1/4S20,"20""",1500,304L,"1/4""",0.25,5.95,61.72,86.41,567,624
PB316L-C1500T1/4S20,"20""",1500,316L,"1/4""",0.25,7.4,62.42,87.39,699,769
PBAL6061-C1500T1/4S20,"20""",1500,AL-6061,"1/4""",0.25,5,20.82,29.15,198,218
PB304-C1500T5/16S20,"20""",1500,304,"5/16""",0.3125,5.5,77.15,108.01,647,712
PBSA36-C1500T5/16S20,"20""",1500,SA-36,"5/16""",0.3125,1.85,73.85,103.39,244,269
PBSA516-70-C1500T5/16S20,"20""",1500,SA-516-70,"5/16""",0.3125,2.15,73.85,103.39,275,303
PB304L-C1500T5/16S20,"20""",1500,304L,"5/16""",0.3125,5.95,77.15,108.01,695,765
PB316L-C1500T5/16S20,"20""",1500,316L,"5/16""",0.3125,7.4,78.03,109.24,861,948
PBAL6061-C1500T5/16S20,"20""",1500,AL-6061,"5/16""",0.3125,5,26.02,36.43,235,259
PB304-C1500T3/8S20,"20""",1500,304,"3/8""",0.375,5.5,92.58,129.61,765,842
PBSA36-C1500T3/8S20,"20""",1500,SA-36,"3/8""",0.375,1.85,88.62,124.07,282,311
PBSA516-70-C1500T3/8S20,"20""",1500,SA-516-70,"3/8""",0.375,2.15,88.62,124.07,319,351
PB304L-C1500T3/8S20,"20""",1500,304L,"3/8""",0.375,5.95,92.58,129.61,824,907
PB316L-C1500T3/8S20,"20""",1500,316L,"3/8""",0.375,7.4,93.63,131.08,1022,1125
PBAL6061-C1500T3/8S20,"20""",1500,AL-6061,"3/8""",0.375,5,31.23,43.72,271,299
PB304-C1500T1/2S20,"20""",1500,304,"1/2""",0.5,5.5,123.44,172.82,1003,1104
PBSA36-C1500T1/2S20,"20""",1500,SA-36,"1/2""",0.5,1.85,118.16,165.42,358,394
PBSA516-70-C1500T1/2S20,"20""",1500,SA-516-70,"1/2""",0.5,2.15,118.16,165.42,408,449
PB304L-C1500T1/2S20,"20""",1500,304L,"1/2""",0.5,5.95,123.44,172.82,1081,1190
PB316L-C1500T1/2S20,"20""",1500,316L,"1/2""",0.5,7.4,124.84,174.78,1346,1481
PBAL6061-C1500T1/2S20,"20""",1500,AL-6061,"1/2""",0.5,5,41.63,58.28,344,379
PB304-C1500T5/8S20,"20""",1500,304,"5/8""",0.625,5.5,154.3,216.02,1241,1366
PBSA36-C1500T5/8S20,"20""",1500,SA-36,"5/8""",0.625,1.85,147.7,206.78,435,479
PBSA516-70-C1500T5/8S20,"20""",1500,SA-516-70,"5/8""",0.625,2.15,147.7,206.78,497,547
PB304L-C1500T5/8S20,"20""",1500,304L,"5/8""",0.625,5.95,154.3,216.02,1338,1472
PB316L-C1500T5/8S20,"20""",1500,316L,"5/8""",0.625,7.4,156.05,218.47,1669,1836
PBAL6061-C1500T5/8S20,"20""",1500,AL-6061,"5/8""",0.625,5,52.04,72.86,417,459
PB304-C1500T3/4S20,"20""",1500,304,"3/4""",0.75,5.5,185.16,259.22,1478,1626
PBSA36-C1500T3/4S20,"20""",1500,SA-36,"3/4""",0.75,1.85,177.24,248.14,512,564
PBSA516-70-C1500T3/4S20,"20""",1500,SA-516-70,"3/4""",0.75,2.15,177.24,248.14,586,645
PB304L-C1500T3/4S20,"20""",1500,304L,"3/4""",0.75,5.95,185.16,259.22,1595,1755
PB316L-C1500T3/4S20,"20""",1500,316L,"3/4""",0.75,7.4,187.27,262.18,1993,2193
PBAL6061-C1500T3/4S20,"20""",1500,AL-6061,"3/4""",0.75,5,62.45,87.43,490,539
PB304-C1500T7/8S20,"20""",1500,304,"7/8""",0.875,5.5,216.02,302.43,1716,1888
PBSA36-C1500T7/8S20,"20""",1500,SA-36,"7/8""",0.875,1.85,206.78,289.49,588,647
PBSA516-70-C1500T7/8S20,"20""",1500,SA-516-70,"7/8""",0.875,2.15,206.78,289.49,675,743
PB304L-C1500T7/8S20,"20""",1500,304L,"7/8""",0.875,5.95,216.02,302.43,1852,2038
PB316L-C1500T7/8S20,"20""",1500,316L,"7/8""",0.875,7.4,218.48,305.87,2316,2548
PBAL6061-C1500T7/8S20,"20""",1500,AL-6061,"7/8""",0.875,5,72.86,102,562,619
PB304-C1500T1S20,"20""",1500,304,"1""",1,5.5,246.88,345.63,1953,2149
PBSA36-C1500T1S20,"20""",1500,SA-36,"1""",1,1.85,236.32,330.85,665,732
PBSA516-70-C1500T1S20,"20""",1500,SA-516-70,"1""",1,2.15,236.32,330.85,764,841
PB304L-C1500T1S20,"20""",1500,304L,"1""",1,5.95,246.88,345.63,2109,2320
PB316L-C1500T1S20,"20""",1500,316L,"1""",1,7.4,249.69,349.57,2639,2903
PBAL6061-C1500T1S20,"20""",1500,AL-6061,"1""",1,5,83.27,116.58,635,699
PB304-C1500T1-1/8S20,"20""",1500,304,"1-1/8""",1.125,5.5,277.74,388.84,2191,2411
PBSA36-C1500T1-1/8S20,"20""",1500,SA-36,"1-1/8""",1.125,1.85,265.86,372.2,741,816
PBSA516-70-C1500T1-1/8S20,"20""",1500,SA-516-70,"1-1/8""",1.125,2.15,265.86,372.2,853,939
PB304L-C1500T1-1/8S20,"20""",1500,304L,"1-1/8""",1.125,5.95,277.74,388.84,2366,2603
PB316L-C1500T1-1/8S20,"20""",1500,316L,"1-1/8""",1.125,7.4,280.9,393.26,2963,3260
PBAL6061-C1500T1-1/8S20,"20""",1500,AL-6061,"1-1/8""",1.125,5,93.68,131.15,708,779
PB304-C1500T1-1/4S20,"20""",1500,304,"1-1/4""",1.25,5.5,308.6,432.04,2429,2672
PBSA36-C1500T1-1/4S20,"20""",1500,SA-36,"1-1/4""",1.25,1.85,295.4,413.56,818,900
PBSA516-70-C1500T1-1/4S20,"20""",1500,SA-516-70,"1-1/4""",1.25,2.15,295.4,413.56,942,1037
PB304L-C1500T1-1/4S20,"20""",1500,304L,"1-1/4""",1.25,5.95,308.6,432.04,2623,2886
PB316L-C1500T1-1/4S20,"20""",1500,316L,"1-1/4""",1.25,7.4,312.11,436.95,3286,3615
PBAL6061-C1500T1-1/4S20,"20""",1500,AL-6061,"1-1/4""",1.25,5,104.08,145.71,781,860
PB304-C1500T1-3/8S20,"20""",1500,304,"1-3/8""",1.375,5.5,339.46,475.24,2666,2933
PBSA36-C1500T1-3/8S20,"20""",1500,SA-36,"1-3/8""",1.375,1.85,324.94,454.92,894,984
PBSA516-70-C1500T1-3/8S20,"20""",1500,SA-516-70,"1-3/8""",1.375,2.15,324.94,454.92,1031,1135
PB304L-C1500T1-3/8S20,"20""",1500,304L,"1-3/8""",1.375,5.95,339.46,475.24,2880,3169
PB316L-C1500T1-3/8S20,"20""",1500,316L,"1-3/8""",1.375,7.4,343.32,480.65,3609,3970
PBAL6061-C1500T1-3/8S20,"20""",1500,AL-6061,"1-3/8""",1.375,5,114.49,160.29,854,940
PB304-C1500T1-1/2S20,"20""",1500,304,"1-1/2""",1.5,5.5,370.32,518.45,2904,3195
PBSA36-C1500T1-1/2S20,"20""",1500,SA-36,"1-1/2""",1.5,1.85,354.48,496.27,971,1069
PBSA516-70-C1500T1-1/2S20,"20""",1500,SA-516-70,"1-1/2""",1.5,2.15,354.48,496.27,1119,1231
PB304L-C1500T1-1/2S20,"20""",1500,304L,"1-1/2""",1.5,5.95,370.32,518.45,3137,3451
PB316L-C1500T1-1/2S20,"20""",1500,316L,"1-1/2""",1.5,7.4,374.53,524.34,3933,4327
PBAL6061-C1500T1-1/2S20,"20""",1500,AL-6061,"1-1/2""",1.5,5,124.9,174.86,927,1020
PB304-C1500T1-5/8S20,"20""",1500,304,"1-5/8""",1.625,5.5,401.18,561.65,3142,3457
PBSA36-C1500T1-5/8S20,"20""",1500,SA-36,"1-5/8""",1.625,1.85,384.02,537.63,1047,1152
PBSA516-70-C1500T1-5/8S20,"20""",1500,SA-516-70,"1-5/8""",1.625,2.15,384.02,537.63,1208,1329
PB304L-C1500T1-5/8S20,"20""",1500,304L,"1-5/8""",1.625,5.95,401.18,561.65,3394,3734
PB316L-C1500T1-5/8S20,"20""",1500,316L,"1-5/8""",1.625,7.4,405.74,568.04,4256,4682
PBAL6061-C1500T1-5/8S20,"20""",1500,AL-6061,"1-5/8""",1.625,5,135.31,189.43,1000,1100
PB304-C1500T1-3/4S20,"20""",1500,304,"1-3/4""",1.75,5.5,432.04,604.86,3379,3717
PBSA36-C1500T1-3/4S20,"20""",1500,SA-36,"1-3/4""",1.75,1.85,413.56,578.98,1124,1237
PBSA516-70-C1500T1-3/4S20,"20""",1500,SA-516-70,"1-3/4""",1.75,2.15,413.56,578.98,1297,1427
PB304L-C1500T1-3/4S20,"20""",1500,304L,"1-3/4""",1.75,5.95,432.04,604.86,3651,4017
PB316L-C1500T1-3/4S20,"20""",1500,316L,"1-3/4""",1.75,7.4,436.95,611.73,4579,5037
PBAL6061-C1500T1-3/4S20,"20""",1500,AL-6061,"1-3/4""",1.75,5,145.72,204.01,1073,1181
PB304-C1500T1-7/8S20,"20""",1500,304,"1-7/8""",1.875,5.5,462.9,648.06,3617,3979
PBSA36-C1500T1-7/8S20,"20""",1500,SA-36,"1-7/8""",1.875,1.85,443.1,620.34,1200,1320
PBSA516-70-C1500T1-7/8S20,"20""",1500,SA-516-70,"1-7/8""",1.875,2.15,443.1,620.34,1386,1525
PB304L-C1500T1-7/8S20,"20""",1500,304L,"1-7/8""",1.875,5.95,462.9,648.06,3908,4299
PB316L-C1500T1-7/8S20,"20""",1500,316L,"1-7/8""",1.875,7.4,468.16,655.42,4903,5394
PBAL6061-C1500T1-7/8S20,"20""",1500,AL-6061,"1-7/8""",1.875,5,156.13,218.58,1145,1260
PB304-C1500T2S20,"20""",1500,304,"2""",2,5.5,493.76,691.26,3854,4240
PBSA36-C1500T2S20,"20""",1500,SA-36,"2""",2,1.85,472.64,661.7,1277,1405
PBSA516-70-C1500T2S20,"20""",1500,SA-516-70,"2""",2,2.15,472.64,661.7,1475,1623
PB304L-C1500T2S20,"20""",1500,304L,"2""",2,5.95,493.76,691.26,4165,4582
PB316L-C1500T2S20,"20""",1500,316L,"2""",2,7.4,499.38,699.13,5226,5749
PBAL6061-C1500T2S20,"20""",1500,AL-6061,"2""",2,5,166.54,233.16,1218,1340
PB304-C1500T2-1/4S20,"20""",1500,304,"2-1/4""",2.25,5.5,555.48,777.67,4330,4763
PBSA36-C1500T2-1/4S20,"20""",1500,SA-36,"2-1/4""",2.25,1.85,531.72,744.41,1430,1574
PBSA516-70-C1500T2-1/4S20,"20""",1500,SA-516-70,"2-1/4""",2.25,2.15,531.72,744.41,1653,1819
PB304L-C1500T2-1/4S20,"20""",1500,304L,"2-1/4""",2.25,5.95,555.48,777.67,4680,5148
PB316L-C1500T2-1/4S20,"20""",1500,316L,"2-1/4""",2.25,7.4,561.8,786.52,5873,6461
PBAL6061-C1500T2-1/4S20,"20""",1500,AL-6061,"2-1/4""",2.25,5,187.35,262.29,1364,1501
PB304-C1500T2-1/2S20,"20""",1500,304,"2-1/2""",2.5,5.5,617.2,864.08,4805,5286
PBSA36-C1500T2-1/2S20,"20""",1500,SA-36,"2-1/2""",2.5,1.85,590.8,827.12,1583,1742
PBSA516-70-C1500T2-1/2S20,"20""",1500,SA-516-70,"2-1/2""",2.5,2.15,590.8,827.12,1831,2015
PB304L-C1500T2-1/2S20,"20""",1500,304L,"2-1/2""",2.5,5.95,617.2,864.08,5194,5714
PB316L-C1500T2-1/2S20,"20""",1500,316L,"2-1/2""",2.5,7.4,624.22,873.91,6519,7171
PBAL6061-C1500T2-1/2S20,"20""",1500,AL-6061,"2-1/2""",2.5,5,208.17,291.44,1510,1662
PB304-C1500T3S20,"20""",1500,304,"3""",3,5.5,740.64,1036.9,5755,6331
PBSA36-C1500T3S20,"20""",1500,SA-36,"3""",3,1.85,708.96,992.54,1889,2078
PBSA516-70-C1500T3S20,"20""",1500,SA-516-70,"3""",3,2.15,708.96,992.54,2186,2405
PB304L-C1500T3S20,"20""",1500,304L,"3""",3,5.95,740.64,1036.9,6222,6845
PB316L-C1500T3S20,"20""",1500,316L,"3""",3,7.4,749.06,1048.68,7813,8595
PBAL6061-C1500T3S20,"20""",1500,AL-6061,"3""",3,5,249.8,349.72,1801,1982
PB304-C1500T11GAS24,"24""",1500,304,11 Gauge,0.1196,5.5,41.98,58.77,380,419
PBSA36-C1500T11GAS24,"24""",1500,SA-36,11 Gauge,0.1196,1.85,40.18,56.25,161,178
PBSA516-70-C1500T11GAS24,"24""",1500,SA-516-70,11 Gauge,0.1196,2.15,40.18,56.25,178,196
PB304L-C1500T11GAS24,"24""",1500,304L,11 Gauge,0.1196,5.95,41.98,58.77,406,447
PB316L-C1500T11GAS24,"24""",1500,316L,11 Gauge,0.1196,7.4,42.45,59.43,496,546
PBAL6061-C1500T11GAS24,"24""",1500,AL-6061,11 Gauge,0.1196,5,14.16,19.82,156,172
PB304-C1500T1/8S24,"24""",1500,304,"1/8""",0.125,5.5,43.87,61.42,394,434
PBSA36-C1500T1/8S24,"24""",1500,SA-36,"1/8""",0.125,1.85,42,58.8,165,182
PBSA516-70-C1500T1/8S24,"24""",1500,SA-516-70,"1/8""",0.125,2.15,42,58.8,183,202
PB304L-C1500T1/8S24,"24""",1500,304L,"1/8""",0.125,5.95,43.87,61.42,422,465
PB316L-C1500T1/8S24,"24""",1500,316L,"1/8""",0.125,7.4,44.37,62.12,516,568
PBAL6061-C1500T1/8S24,"24""",1500,AL-6061,"1/8""",0.125,5,14.8,20.72,160,176
PB304-C1500T3/16S24,"24""",1500,304,"3/16""",0.1875,5.5,65.81,92.13,563,620
PBSA36-C1500T3/16S24,"24""",1500,SA-36,"3/16""",0.1875,1.85,62.99,88.19,220,243
PBSA516-70-C1500T3/16S24,"24""",1500,SA-516-70,"3/16""",0.1875,2.15,62.99,88.19,246,271
PB304L-C1500T3/16S24,"24""",1500,304L,"3/16""",0.1875,5.95,65.81,92.13,605,666
PB316L-C1500T3/16S24,"24""",1500,316L,"3/16""",0.1875,7.4,66.56,93.18,746,821
PBAL6061-C1500T3/16S24,"24""",1500,AL-6061,"3/16""",0.1875,5,22.2,31.08,212,234
PB304-C1500T1/4S24,"24""",1500,304,"1/4""",0.25,5.5,87.74,122.84,732,806
PBSA36-C1500T1/4S24,"24""",1500,SA-36,"1/4""",0.25,1.85,83.99,117.59,274,302
PBSA516-70-C1500T1/4S24,"24""",1500,SA-516-70,"1/4""",0.25,2.15,83.99,117.59,309,340
PB304L-C1500T1/4S24,"24""",1500,304L,"1/4""",0.25,5.95,87.74,122.84,788,867
PB316L-C1500T1/4S24,"24""",1500,316L,"1/4""",0.25,7.4,88.74,124.24,976,1074
PBAL6061-C1500T1/4S24,"24""",1500,AL-6061,"1/4""",0.25,5,29.59,41.43,264,291
PB304-C1500T5/16S24,"24""",1500,304,"5/16""",0.3125,5.5,109.68,153.55,901,992
PBSA36-C1500T5/16S24,"24""",1500,SA-36,"5/16""",0.3125,1.85,104.99,146.99,329,362
PBSA516-70-C1500T5/16S24,"24""",1500,SA-516-70,"5/16""",0.3125,2.15,104.99,146.99,373,411
PB304L-C1500T5/16S24,"24""",1500,304L,"5/16""",0.3125,5.95,109.68,153.55,970,1067
PB316L-C1500T5/16S24,"24""",1500,316L,"5/16""",0.3125,7.4,110.93,155.3,1206,1327
PBAL6061-C1500T5/16S24,"24""",1500,AL-6061,"5/16""",0.3125,5,36.99,51.79,316,348
PB304-C1500T3/8S24,"24""",1500,304,"3/8""",0.375,5.5,131.62,184.27,1070,1177
PBSA36-C1500T3/8S24,"24""",1500,SA-36,"3/8""",0.375,1.85,125.99,176.39,383,422
PBSA516-70-C1500T3/8S24,"24""",1500,SA-516-70,"3/8""",0.375,2.15,125.99,176.39,436,480
PB304L-C1500T3/8S24,"24""",1500,304L,"3/8""",0.375,5.95,131.62,184.27,1153,1269
PB316L-C1500T3/8S24,"24""",1500,316L,"3/8""",0.375,7.4,133.11,186.35,1436,1580
PBAL6061-C1500T3/8S24,"24""",1500,AL-6061,"3/8""",0.375,5,44.39,62.15,367,404
PB304-C1500T1/2S24,"24""",1500,304,"1/2""",0.5,5.5,175.49,245.69,1408,1549
PBSA36-C1500T1/2S24,"24""",1500,SA-36,"1/2""",0.5,1.85,167.98,235.17,492,542
PBSA516-70-C1500T1/2S24,"24""",1500,SA-516-70,"1/2""",0.5,2.15,167.98,235.17,562,619
PB304L-C1500T1/2S24,"24""",1500,304L,"1/2""",0.5,5.95,175.49,245.69,1519,1671
PB316L-C1500T1/2S24,"24""",1500,316L,"1/2""",0.5,7.4,177.48,248.47,1895,2085
PBAL6061-C1500T1/2S24,"24""",1500,AL-6061,"1/2""",0.5,5,59.19,82.87,471,519
PB304-C1500T5/8S24,"24""",1500,304,"5/8""",0.625,5.5,219.36,307.1,1746,1921
PBSA36-C1500T5/8S24,"24""",1500,SA-36,"5/8""",0.625,1.85,209.98,293.97,600,660
PBSA516-70-C1500T5/8S24,"24""",1500,SA-516-70,"5/8""",0.625,2.15,209.98,293.97,689,758
PB304L-C1500T5/8S24,"24""",1500,304L,"5/8""",0.625,5.95,219.36,307.1,1884,2073
PB316L-C1500T5/8S24,"24""",1500,316L,"5/8""",0.625,7.4,221.85,310.59,2355,2591
PBAL6061-C1500T5/8S24,"24""",1500,AL-6061,"5/8""",0.625,5,73.99,103.59,575,633
PB304-C1500T3/4S24,"24""",1500,304,"3/4""",0.75,5.5,263.23,368.52,2084,2293
PBSA36-C1500T3/4S24,"24""",1500,SA-36,"3/4""",0.75,1.85,251.97,352.76,709,780
PBSA516-70-C1500T3/4S24,"24""",1500,SA-516-70,"3/4""",0.75,2.15,251.97,352.76,815,897
PB304L-C1500T3/4S24,"24""",1500,304L,"3/4""",0.75,5.95,263.23,368.52,2249,2474
PB316L-C1500T3/4S24,"24""",1500,316L,"3/4""",0.75,7.4,266.22,372.71,2815,3097
PBAL6061-C1500T3/4S24,"24""",1500,AL-6061,"3/4""",0.75,5,88.78,124.29,678,746
PB304-C1500T7/8S24,"24""",1500,304,"7/8""",0.875,5.5,307.1,429.94,2421,2664
PBSA36-C1500T7/8S24,"24""",1500,SA-36,"7/8""",0.875,1.85,293.97,411.56,818,900
PBSA516-70-C1500T7/8S24,"24""",1500,SA-516-70,"7/8""",0.875,2.15,293.97,411.56,942,1037
PB304L-C1500T7/8S24,"24""",1500,304L,"7/8""",0.875,5.95,307.1,429.94,2615,2877
PB316L-C1500T7/8S24,"24""",1500,316L,"7/8""",0.875,7.4,310.59,434.83,3274,3602
PBAL6061-C1500T7/8S24,"24""",1500,AL-6061,"7/8""",0.875,5,103.58,145.01,782,861
PB304-C1500T1S24,"24""",1500,304,"1""",1,5.5,350.98,491.37,2759,3035
PBSA36-C1500T1S24,"24""",1500,SA-36,"1""",1,1.85,335.96,470.34,927,1020
PBSA516-70-C1500T1S24,"24""",1500,SA-516-70,"1""",1,2.15,335.96,470.34,1068,1175
PB304L-C1500T1S24,"24""",1500,304L,"1""",1,5.95,350.98,491.37,2980,3279
PB316L-C1500T1S24,"24""",1500,316L,"1""",1,7.4,354.97,496.96,3734,4108
PBAL6061-C1500T1S24,"24""",1500,AL-6061,"1""",1,5,118.38,165.73,885,974
PB304-C1500T1-1/8S24,"24""",1500,304,"1-1/8""",1.125,5.5,394.85,552.79,3097,3407
PBSA36-C1500T1-1/8S24,"24""",1500,SA-36,"1-1/8""",1.125,1.85,377.96,529.14,1036,1140
PBSA516-70-C1500T1-1/8S24,"24""",1500,SA-516-70,"1-1/8""",1.125,2.15,377.96,529.14,1194,1314
PB304L-C1500T1-1/8S24,"24""",1500,304L,"1-1/8""",1.125,5.95,394.85,552.79,3346,3681
PB316L-C1500T1-1/8S24,"24""",1500,316L,"1-1/8""",1.125,7.4,399.34,559.08,4194,4614
PBAL6061-C1500T1-1/8S24,"24""",1500,AL-6061,"1-1/8""",1.125,5,133.17,186.44,989,1088
PB304-C1500T1-1/4S24,"24""",1500,304,"1-1/4""",1.25,5.5,438.72,614.21,3435,3779
PBSA36-C1500T1-1/4S24,"24""",1500,SA-36,"1-1/4""",1.25,1.85,419.95,587.93,1144,1259
PBSA516-70-C1500T1-1/4S24,"24""",1500,SA-516-70,"1-1/4""",1.25,2.15,419.95,587.93,1321,1454
PB304L-C1500T1-1/4S24,"24""",1500,304L,"1-1/4""",1.25,5.95,438.72,614.21,3711,4083
PB316L-C1500T1-1/4S24,"24""",1500,316L,"1-1/4""",1.25,7.4,443.71,621.19,4653,5119
PBAL6061-C1500T1-1/4S24,"24""",1500,AL-6061,"1-1/4""",1.25,5,147.97,207.16,1092,1202
PB304-C1500T1-3/8S24,"24""",1500,304,"1-3/8""",1.375,5.5,482.59,675.63,3773,4151
PBSA36-C1500T1-3/8S24,"24""",1500,SA-36,"1-3/8""",1.375,1.85,461.95,646.73,1253,1379
PBSA516-70-C1500T1-3/8S24,"24""",1500,SA-516-70,"1-3/8""",1.375,2.15,461.95,646.73,1447,1592
PB304L-C1500T1-3/8S24,"24""",1500,304L,"1-3/8""",1.375,5.95,482.59,675.63,4077,4485
PB316L-C1500T1-3/8S24,"24""",1500,316L,"1-3/8""",1.375,7.4,488.08,683.31,5113,5625
PBAL6061-C1500T1-3/8S24,"24""",1500,AL-6061,"1-3/8""",1.375,5,162.77,227.88,1196,1316
PB304-C1500T1-1/2S24,"24""",1500,304,"1-1/2""",1.5,5.5,526.46,737.04,4110,4521
PBSA36-C1500T1-1/2S24,"24""",1500,SA-36,"1-1/2""",1.5,1.85,503.94,705.52,1362,1499
PBSA516-70-C1500T1-1/2S24,"24""",1500,SA-516-70,"1-1/2""",1.5,2.15,503.94,705.52,1574,1732
PB304L-C1500T1-1/2S24,"24""",1500,304L,"1-1/2""",1.5,5.95,526.46,737.04,4442,4887
PB316L-C1500T1-1/2S24,"24""",1500,316L,"1-1/2""",1.5,7.4,532.45,745.43,5573,6131
PBAL6061-C1500T1-1/2S24,"24""",1500,AL-6061,"1-1/2""",1.5,5,177.56,248.58,1300,1431
PB304-C1500T1-5/8S24,"24""",1500,304,"1-5/8""",1.625,5.5,570.33,798.46,4448,4893
PBSA36-C1500T1-5/8S24,"24""",1500,SA-36,"1-5/8""",1.625,1.85,545.94,764.32,1471,1619
PBSA516-70-C1500T1-5/8S24,"24""",1500,SA-516-70,"1-5/8""",1.625,2.15,545.94,764.32,1700,1871
PB304L-C1500T1-5/8S24,"24""",1500,304L,"1-5/8""",1.625,5.95,570.33,798.46,4807,5288
PB316L-C1500T1-5/8S24,"24""",1500,316L,"1-5/8""",1.625,7.4,576.82,807.55,6033,6637
PBAL6061-C1500T1-5/8S24,"24""",1500,AL-6061,"1-5/8""",1.625,5,192.36,269.3,1403,1544
PB304-C1500T1-3/4S24,"24""",1500,304,"1-3/4""",1.75,5.5,614.21,859.89,4786,5265
PBSA36-C1500T1-3/4S24,"24""",1500,SA-36,"1-3/4""",1.75,1.85,587.93,823.1,1579,1737
PBSA516-70-C1500T1-3/4S24,"24""",1500,SA-516-70,"1-3/4""",1.75,2.15,587.93,823.1,1826,2009
PB304L-C1500T1-3/4S24,"24""",1500,304L,"1-3/4""",1.75,5.95,614.21,859.89,5173,5691
PB316L-C1500T1-3/4S24,"24""",1500,316L,"1-3/4""",1.75,7.4,621.19,869.67,6492,7142
PBAL6061-C1500T1-3/4S24,"24""",1500,AL-6061,"1-3/4""",1.75,5,207.16,290.02,1507,1658
PB304-C1500T1-7/8S24,"24""",1500,304,"1-7/8""",1.875,5.5,658.08,921.31,5124,5637
PBSA36-C1500T1-7/8S24,"24""",1500,SA-36,"1-7/8""",1.875,1.85,629.93,881.9,1688,1857
PBSA516-70-C1500T1-7/8S24,"24""",1500,SA-516-70,"1-7/8""",1.875,2.15,629.93,881.9,1953,2149
PB304L-C1500T1-7/8S24,"24""",1500,304L,"1-7/8""",1.875,5.95,658.08,921.31,5538,6092
PB316L-C1500T1-7/8S24,"24""",1500,316L,"1-7/8""",1.875,7.4,665.56,931.78,6952,7648
PBAL6061-C1500T1-7/8S24,"24""",1500,AL-6061,"1-7/8""",1.875,5,221.96,310.74,1610,1772
PB304-C1500T2S24,"24""",1500,304,"2""",2,5.5,701.95,982.73,5462,6009
PBSA36-C1500T2S24,"24""",1500,SA-36,"2""",2,1.85,671.92,940.69,1797,1977
PBSA516-70-C1500T2S24,"24""",1500,SA-516-70,"2""",2,2.15,671.92,940.69,2079,2287
PB304L-C1500T2S24,"24""",1500,304L,"2""",2,5.95,701.95,982.73,5904,6495
PB316L-C1500T2S24,"24""",1500,316L,"2""",2,7.4,709.93,993.9,7412,8154
PBAL6061-C1500T2S24,"24""",1500,AL-6061,"2""",2,5,236.75,331.45,1714,1886
PB304-C1500T2-1/4S24,"24""",1500,304,"2-1/4""",2.25,5.5,789.69,1105.57,6137,6751
PBSA36-C1500T2-1/4S24,"24""",1500,SA-36,"2-1/4""",2.25,1.85,755.92,1058.29,2014,2216
PBSA516-70-C1500T2-1/4S24,"24""",1500,SA-516-70,"2-1/4""",2.25,2.15,755.92,1058.29,2332,2566
PB304L-C1500T2-1/4S24,"24""",1500,304L,"2-1/4""",2.25,5.95,789.69,1105.57,6635,7299
PB316L-C1500T2-1/4S24,"24""",1500,316L,"2-1/4""",2.25,7.4,798.67,1118.14,8331,9165
PBAL6061-C1500T2-1/4S24,"24""",1500,AL-6061,"2-1/4""",2.25,5,266.35,372.89,1921,2114
PB304-C1500T2-1/2S24,"24""",1500,304,"2-1/2""",2.5,5.5,877.44,1228.42,6813,7495
PBSA36-C1500T2-1/2S24,"24""",1500,SA-36,"2-1/2""",2.5,1.85,839.91,1175.87,2232,2456
PBSA516-70-C1500T2-1/2S24,"24""",1500,SA-516-70,"2-1/2""",2.5,2.15,839.91,1175.87,2585,2844
PB304L-C1500T2-1/2S24,"24""",1500,304L,"2-1/2""",2.5,5.95,877.44,1228.42,7366,8103
PB316L-C1500T2-1/2S24,"24""",1500,316L,"2-1/2""",2.5,7.4,887.41,1242.37,9250,10175
PBAL6061-C1500T2-1/2S24,"24""",1500,AL-6061,"2-1/2""",2.5,5,295.94,414.32,2128,2341
PB304-C1500T3S24,"24""",1500,304,"3""",3,5.5,1052.93,1474.1,8164,8981
PBSA36-C1500T3S24,"24""",1500,SA-36,"3""",3,1.85,1007.89,1411.05,2667,2934
PBSA516-70-C1500T3S24,"24""",1500,SA-516-70,"3""",3,2.15,1007.89,1411.05,3090,3400
PB304L-C1500T3S24,"24""",1500,304L,"3""",3,5.95,1052.93,1474.1,8828,9711
PB316L-C1500T3S24,"24""",1500,316L,"3""",3,7.4,1064.9,1490.86,11089,12198
PBAL6061-C1500T3S24,"24""",1500,AL-6061,"3""",3,5,355.13,497.18,2543,2798