partNumber,nps,pressureClass,material,thicknessLabel,wholesaleBefore,wholesaleAfter,wholesaleDelta,listBefore,listAfter,listDelta
PBAL6061-CX150T7/8S1/2,"1/2""",150,AL-6061,"7/8""",38,39,1,42,43,1
PB304L-CX150T1S1/2,"1/2""",150,304L,"1""",49,50,1,54,56,2
PB304-CX150T1-3/8S1/2,"1/2""",150,304,"1-3/8""",53,54,1,59,60,1
PBAL6061-CX150T1-3/8S1/2,"1/2""",150,AL-6061,"1-3/8""",40,41,1,44,46,2
PBSA516-70-CX150T1-1/2S1/2,"1/2""",150,SA-516-70,"1-1/2""",42,43,1,47,48,1
PB316L-CX150T1-1/2S1/2,"1/2""",150,316L,"1-1/2""",62,63,1,69,70,1
PB304-CX150T1-3/4S1/2,"1/2""",150,304,"1-3/4""",58,59,1,64,65,1
PBSA36-CX150T1-3/4S1/2,"1/2""",150,SA-36,"1-3/4""",42,43,1,47,48,1
PB304L-CX150T1-3/4S1/2,"1/2""",150,304L,"1-3/4""",60,61,1,66,68,2
PB304L-CX150T1-7/8S1/2,"1/2""",150,304L,"1-7/8""",62,63,1,69,70,1
PB316L-CX150T1-7/8S1/2,"1/2""",150,316L,"1-7/8""",69,70,1,76,77,1
PB304-CX150T2-1/4S1/2,"1/2""",150,304,"2-1/4""",65,66,1,72,73,1
PB316L-CX150T2-1/4S1/2,"1/2""",150,316L,"2-1/4""",76,77,1,84,85,1
PBSA516-70-CX150T2-1/2S1/2,"1/2""",150,SA-516-70,"2-1/2""",47,48,1,52,53,1
PB304L-CX150T2-1/2S1/2,"1/2""",150,304L,"2-1/2""",71,72,1,79,80,1
PB304-CX150T3S1/2,"1/2""",150,304,"3""",75,76,1,83,84,1
PB316L-CX150T3S1/2,"1/2""",150,316L,"3""",90,91,1,100,101,1
PBSA36-CX150T1/8S3/4,"3/4""",150,SA-36,"1/8""",35,36,1,39,40,1
PBAL6061-CX150T1/8S3/4,"3/4""",150,AL-6061,"1/8""",35,36,1,39,40,1
PB304L-CX150T1-1/8S3/4,"3/4""",150,304L,"1-1/8""",54,55,1,60,61,1
PB316L-CX150T1-1/8S3/4,"3/4""",150,316L,"1-1/8""",59,60,1,65,66,1
PBAL6061-CX150T1-1/8S3/4,"3/4""",150,AL-6061,"1-1/8""",40,41,1,44,46,2
PB316L-CX150T1-1/4S3/4,"3/4""",150,316L,"1-1/4""",62,63,1,69,70,1
PB316L-CX150T1-5/8S3/4,"3/4""",150,316L,"1-5/8""",70,71,1,77,79,2
PBSA516-70-CX150T1-3/4S3/4,"3/4""",150,SA-516-70,"1-3/4""",45,46,1,50,51,1
PB304L-CX150T1-3/4S3/4,"3/4""",150,304L,"1-3/4""",65,66,1,72,73,1
PB316L-CX150T1-3/4S3/4,"3/4""",150,316L,"1-3/4""",73,74,1,81,82,1
PBAL6061-CX150T1-3/4S3/4,"3/4""",150,AL-6061,"1-3/4""",43,44,1,48,49,1
PB304L-CX150T1-7/8S3/4,"3/4""",150,304L,"1-7/8""",67,68,1,74,75,1
PBSA516-70-CX150T2-1/4S3/4,"3/4""",150,SA-516-70,"2-1/4""",48,49,1,53,54,1
PB316L-CX150T2-1/4S3/4,"3/4""",150,316L,"2-1/4""",84,85,1,93,94,1
PB304L-CX150T2-1/2S3/4,"3/4""",150,304L,"2-1/2""",78,79,1,86,87,1
PBSA36-CX150T3S3/4,"3/4""",150,SA-36,"3""",50,51,1,56,57,1
PB316L-CX150T3S3/4,"3/4""",150,316L,"3""",100,101,1,111,112,1
PB304-CX150T3/16S1,"1""",150,304,"3/16""",38,39,1,42,43,1
PB304-CX150T1/2S1,"1""",150,304,"1/2""",44,45,1,49,50,1
PBAL6061-CX150T5/8S1,"1""",150,AL-6061,"5/8""",38,39,1,42,43,1
PBSA36-CX150T3/4S1,"1""",150,SA-36,"3/4""",39,40,1,43,44,1
PB316L-CX150T3/4S1,"1""",150,316L,"3/4""",54,55,1,60,61,1
PB304-CX150T1-1/8S1,"1""",150,304,"1-1/8""",56,57,1,62,63,1
PBAL6061-CX150T1-1/8S1,"1""",150,AL-6061,"1-1/8""",41,42,1,46,47,1
PB316L-CX150T1-1/4S1,"1""",150,316L,"1-1/4""",67,68,1,74,75,1
PB304L-CX150T1-3/8S1,"1""",150,304L,"1-3/8""",63,64,1,70,71,1
PB316L-CX150T1-5/8S1,"1""",150,316L,"1-5/8""",77,78,1,85,86,1
PBAL6061-CX150T1-5/8S1,"1""",150,AL-6061,"1-5/8""",44,45,1,49,50,1
PB304-CX150T1-3/4S1,"1""",150,304,"1-3/4""",68,69,1,75,76,1
PBSA516-70-CX150T1-3/4S1,"1""",150,SA-516-70,"1-3/4""",47,48,1,52,53,1
PB316L-CX150T1-3/4S1,"1""",150,316L,"1-3/4""",80,81,1,88,90,2
PBSA36-CX150T1-7/8S1,"1""",150,SA-36,"1-7/8""",46,47,1,51,52,1
PB304L-CX150T2S1,"1""",150,304L,"2""",76,77,1,84,85,1
PB316L-CX150T2S1,"1""",150,316L,"2""",87,88,1,96,97,1
PB304L-CX150T2-1/4S1,"1""",150,304L,"2-1/4""",81,82,1,90,91,1
PB316L-CX150T2-1/4S1,"1""",150,316L,"2-1/4""",93,94,1,103,104,1
PB316L-CX150T2-1/2S1,"1""",150,316L,"2-1/2""",100,101,1,111,112,1
PB304-CX150T3S1,"1""",150,304,"3""",92,93,1,102,103,1
PBSA36-CX150T3S1,"1""",150,SA-36,"3""",53,54,1,59,60,1
PBSA516-70-CX150T3S1,"1""",150,SA-516-70,"3""",56,57,1,62,63,1
PB304L-CX150T3S1,"1""",150,304L,"3""",97,98,1,107,108,1
PB316L-CX150T3S1,"1""",150,316L,"3""",113,114,1,125,126,1
PBAL6061-CX150T3S1,"1""",150,AL-6061,"3""",52,53,1,58,59,1
PB304L-CX150T3/16S1-1/4,"1-1/4""",150,304L,"3/16""",39,40,1,43,44,1
PB304-CX150T3/8S1-1/4,"1-1/4""",150,304,"3/8""",43,44,1,48,49,1
PBAL6061-CX150T3/8S1-1/4,"1-1/4""",150,AL-6061,"3/8""",37,38,1,41,42,1
PB316L-CX150T1/2S1-1/4,"1-1/4""",150,316L,"1/2""",50,51,1,56,57,1
PBSA36-CX150T5/8S1-1/4,"1-1/4""",150,SA-36,"5/8""",39,40,1,43,44,1
PB316L-CX150T5/8S1-1/4,"1-1/4""",150,316L,"5/8""",54,55,1,60,61,1
PB304L-CX150T3/4S1-1/4,"1-1/4""",150,304L,"3/4""",53,54,1,59,60,1
PB316L-CX150T7/8S1-1/4,"1-1/4""",150,316L,"7/8""",62,63,1,69,70,1
PBSA516-70-CX150T1S1-1/4,"1-1/4""",150,SA-516-70,"1""",43,44,1,48,49,1
PB304-CX150T1-3/8S1-1/4,"1-1/4""",150,304,"1-3/8""",66,67,1,73,74,1
PBAL6061-CX150T1-3/8S1-1/4,"1-1/4""",150,AL-6061,"1-3/8""",44,45,1,49,50,1
PB304-CX150T1-1/2S1-1/4,"1-1/4""",150,304,"1-1/2""",69,70,1,76,77,1
PBAL6061-CX150T1-1/2S1-1/4,"1-1/4""",150,AL-6061,"1-1/2""",45,46,1,50,51,1
PB304L-CX150T1-5/8S1-1/4,"1-1/4""",150,304L,"1-5/8""",75,76,1,83,84,1
PB304L-CX150T1-3/4S1-1/4,"1-1/4""",150,304L,"1-3/4""",78,79,1,86,87,1
PB316L-CX150T1-3/4S1-1/4,"1-1/4""",150,316L,"1-3/4""",89,90,1,98,100,2
PB304L-CX150T1-7/8S1-1/4,"1-1/4""",150,304L,"1-7/8""",81,82,1,90,91,1
PB316L-CX150T1-7/8S1-1/4,"1-1/4""",150,316L,"1-7/8""",93,94,1,103,104,1
PB304L-CX150T2S1-1/4,"1-1/4""",150,304L,"2""",84,85,1,93,94,1
PB316L-CX150T2S1-1/4,"1-1/4""",150,316L,"2""",97,98,1,107,108,1
PB304-CX150T2-1/4S1-1/4,"1-1/4""",150,304,"2-1/4""",86,87,1,95,96,1
PBSA36-CX150T2-1/4S1-1/4,"1-1/4""",150,SA-36,"2-1/4""",51,52,1,57,58,1
PB316L-CX150T2-1/4S1-1/4,"1-1/4""",150,316L,"2-1/4""",105,106,1,116,117,1
PB304-CX150T2-1/2S1-1/4,"1-1/4""",150,304,"2-1/2""",92,93,1,102,103,1
PBSA36-CX150T2-1/2S1-1/4,"1-1/4""",150,SA-36,"2-1/2""",53,54,1,59,60,1
PBSA516-70-CX150T2-1/2S1-1/4,"1-1/4""",150,SA-516-70,"2-1/2""",56,57,1,62,63,1
PB304L-CX150T2-1/2S1-1/4,"1-1/4""",150,304L,"2-1/2""",97,98,1,107,108,1
PB316L-CX150T2-1/2S1-1/4,"1-1/4""",150,316L,"2-1/2""",113,114,1,125,126,1
PBAL6061-CX150T2-1/2S1-1/4,"1-1/4""",150,AL-6061,"2-1/2""",52,53,1,58,59,1
PB304L-CX150T3S1-1/4,"1-1/4""",150,304L,"3""",109,110,1,120,122,2
PB316L-CX150T3S1-1/4,"1-1/4""",150,316L,"3""",129,130,1,142,143,1
PB304-CX150T5/16S1-1/2,"1-1/2""",150,304,"5/16""",43,44,1,48,49,1
PBAL6061-CX150T5/16S1-1/2,"1-1/2""",150,AL-6061,"5/16""",37,38,1,41,42,1
PB304-CX150T3/4S1-1/2,"1-1/2""",150,304,"3/4""",55,56,1,61,62,1
PB304-CX150T1S1-1/2,"1-1/2""",150,304,"1""",62,63,1,69,70,1
PB316L-CX150T1S1-1/2,"1-1/2""",150,316L,"1""",72,73,1,80,81,1
PBSA516-70-CX150T1-1/8S1-1/2,"1-1/2""",150,SA-516-70,"1-1/8""",46,47,1,51,52,1
PB304L-CX150T1-1/8S1-1/2,"1-1/2""",150,304L,"1-1/8""",68,69,1,75,76,1
PBAL6061-CX150T1-1/8S1-1/2,"1-1/2""",150,AL-6061,"1-1/8""",44,45,1,49,50,1
PB304-CX150T1-1/4S1-1/2,"1-1/2""",150,304,"1-1/4""",69,70,1,76,77,1
PBAL6061-CX150T1-1/4S1-1/2,"1-1/2""",150,AL-6061,"1-1/4""",45,46,1,50,51,1
PB316L-CX150T1-3/8S1-1/2,"1-1/2""",150,316L,"1-3/8""",86,87,1,95,96,1
PBAL6061-CX150T1-3/8S1-1/2,"1-1/2""",150,AL-6061,"1-3/8""",46,47,1,51,52,1
PB304-CX150T1-1/2S1-1/2,"1-1/2""",150,304,"1-1/2""",76,77,1,84,85,1
PBSA516-70-CX150T1-1/2S1-1/2,"1-1/2""",150,SA-516-70,"1-1/2""",50,51,1,56,57,1
PB316L-CX150T1-1/2S1-1/2,"1-1/2""",150,316L,"1-1/2""",91,92,1,101,102,1
PBAL6061-CX150T1-1/2S1-1/2,"1-1/2""",150,AL-6061,"1-1/2""",47,48,1,52,53,1
PB304L-CX150T1-5/8S1-1/2,"1-1/2""",150,304L,"1-5/8""",83,84,1,92,93,1
PBSA36-CX150T1-3/4S1-1/2,"1-1/2""",150,SA-36,"1-3/4""",50,51,1,56,57,1
PB316L-CX150T1-3/4S1-1/2,"1-1/2""",150,316L,"1-3/4""",100,101,1,111,112,1
PB304-CX150T1-7/8S1-1/2,"1-1/2""",150,304,"1-7/8""",86,87,1,95,96,1
PBSA36-CX150T1-7/8S1-1/2,"1-1/2""",150,SA-36,"1-7/8""",51,52,1,57,58,1
PB316L-CX150T1-7/8S1-1/2,"1-1/2""",150,316L,"1-7/8""",105,106,1,116,117,1
PBSA516-70-CX150T2S1-1/2,"1-1/2""",150,SA-516-70,"2""",55,56,1,61,62,1
PB304L-CX150T2S1-1/2,"1-1/2""",150,304L,"2""",94,95,1,104,105,1
PB316L-CX150T2S1-1/2,"1-1/2""",150,316L,"2""",110,111,1,122,123,1
PB304L-CX150T2-1/4S1-1/2,"1-1/2""",150,304L,"2-1/4""",102,103,1,113,114,1
PB316L-CX150T2-1/4S1-1/2,"1-1/2""",150,316L,"2-1/4""",119,120,1,131,132,1
PB304L-CX150T2-1/2S1-1/2,"1-1/2""",150,304L,"2-1/2""",109,110,1,120,122,2
PB316L-CX150T2-1/2S1-1/2,"1-1/2""",150,316L,"2-1/2""",129,130,1,142,143,1
PB304-CX150T3S1-1/2,"1-1/2""",150,304,"3""",117,118,1,129,130,1
PBSA36-CX150T3S1-1/2,"1-1/2""",150,SA-36,"3""",61,62,1,68,69,1
PB304L-CX150T3S1-1/2,"1-1/2""",150,304L,"3""",124,125,1,137,138,1
PB316L-CX150T3S1-1/2,"1-1/2""",150,316L,"3""",147,148,1,162,163,1
PBAL6061-CX150T3S1-1/2,"1-1/2""",150,AL-6061,"3""",60,61,1,66,68,2
PB304-CX150T11GAS2,"2""",150,304,11 Gauge,39,40,1,43,44,1
PB304-CX150T1/4S2,"2""",150,304,"1/4""",44,45,1,49,50,1
PBSA36-CX150T3/8S2,"2""",150,SA-36,"3/8""",39,40,1,43,44,1
PB304L-CX150T3/8S2,"2""",150,304L,"3/8""",50,51,1,56,57,1
PB316L-CX150T3/8S2,"2""",150,316L,"3/8""",54,55,1,60,61,1
PB316L-CX150T5/8S2,"2""",150,316L,"5/8""",67,68,1,74,75,1
PB304-CX150T7/8S2,"2""",150,304,"7/8""",68,69,1,75,76,1
PBSA516-70-CX150T7/8S2,"2""",150,SA-516-70,"7/8""",47,48,1,52,53,1
PB304L-CX150T7/8S2,"2""",150,304L,"7/8""",71,72,1,79,80,1
PB304-CX150T1S2,"2""",150,304,"1""",73,74,1,81,82,1
PB304L-CX150T1S2,"2""",150,304L,"1""",76,77,1,84,85,1
PB316L-CX150T1S2,"2""",150,316L,"1""",87,88,1,96,97,1
PB316L-CX150T1-1/4S2,"2""",150,316L,"1-1/4""",100,101,1,111,112,1
PB304-CX150T1-1/2S2,"2""",150,304,"1-1/2""",92,93,1,102,103,1
PBSA36-CX150T1-1/2S2,"2""",150,SA-36,"1-1/2""",53,54,1,59,60,1
PBSA516-70-CX150T1-1/2S2,"2""",150,SA-516-70,"1-1/2""",56,57,1,62,63,1
PB304L-CX150T1-1/2S2,"2""",150,304L,"1-1/2""",97,98,1,107,108,1
PB316L-CX150T1-1/2S2,"2""",150,316L,"1-1/2""",113,114,1,125,126,1
PBAL6061-CX150T1-1/2S2,"2""",150,AL-6061,"1-1/2""",52,53,1,58,59,1
PB304-CX150T1-5/8S2,"2""",150,304,"1-5/8""",97,98,1,107,108,1
PBSA516-70-CX150T1-5/8S2,"2""",150,SA-516-70,"1-5/8""",58,59,1,64,65,1
PB304L-CX150T1-5/8S2,"2""",150,304L,"1-5/8""",102,103,1,113,114,1
PB316L-CX150T1-5/8S2,"2""",150,316L,"1-5/8""",120,121,1,132,134,2
PB304-CX150T1-3/4S2,"2""",150,304,"1-3/4""",102,103,1,113,114,1
PBSA36-CX150T1-3/4S2,"2""",150,SA-36,"1-3/4""",56,57,1,62,63,1
PB304L-CX150T1-3/4S2,"2""",150,304L,"1-3/4""",107,108,1,118,119,1
PB316L-CX150T1-3/4S2,"2""",150,316L,"1-3/4""",126,127,1,139,140,1
PBAL6061-CX150T1-3/4S2,"2""",150,AL-6061,"1-3/4""",55,56,1,61,62,1
PB316L-CX150T1-7/8S2,"2""",150,316L,"1-7/8""",133,134,1,147,148,1
PB304L-CX150T2S2,"2""",150,304L,"2""",118,119,1,130,131,1
PB316L-CX150T2S2,"2""",150,316L,"2""",139,140,1,153,154,1
PBAL6061-CX150T2S2,"2""",150,AL-6061,"2""",58,59,1,64,65,1
PB304-CX150T2-1/4S2,"2""",150,304,"2-1/4""",121,122,1,134,135,1
PBSA516-70-CX150T2-1/4S2,"2""",150,SA-516-70,"2-1/4""",67,68,1,74,75,1
PB304L-CX150T2-1/4S2,"2""",150,304L,"2-1/4""",128,129,1,141,142,1
PB316L-CX150T2-1/4S2,"2""",150,316L,"2-1/4""",152,154,2,168,170,2
PBAL6061-CX150T2-1/4S2,"2""",150,AL-6061,"2-1/4""",61,62,1,68,69,1
PB304-CX150T2-1/2S2,"2""",150,304,"2-1/2""",131,132,1,145,146,1
PB304L-CX150T2-1/2S2,"2""",150,304L,"2-1/2""",139,140,1,153,154,1
PB316L-CX150T2-1/2S2,"2""",150,316L,"2-1/2""",165,167,2,182,184,2
PBAL6061-CX150T2-1/2S2,"2""",150,AL-6061,"2-1/2""",64,65,1,71,72,1
PB304-CX150T3S2,"2""",150,304,"3""",150,151,1,165,167,2
PBSA516-70-CX150T3S2,"2""",150,SA-516-70,"3""",78,79,1,86,87,1
PB304L-CX150T3S2,"2""",150,304L,"3""",159,161,2,175,178,3
PB316L-CX150T3S2,"2""",150,316L,"3""",192,193,1,212,213,1
PBAL6061-CX150T3S2,"2""",150,AL-6061,"3""",70,71,1,77,79,2
PB316L-CX150T11GAS2-1/2,"2-1/2""",150,316L,11 Gauge,43,44,1,48,49,1
PB304-CX150T1/8S2-1/2,"2-1/2""",150,304,"1/8""",41,42,1,46,47,1
PB304-CX150T5/16S2-1/2,"2-1/2""",150,304,"5/16""",51,52,1,57,58,1
PB316L-CX150T5/16S2-1/2,"2-1/2""",150,316L,"5/16""",57,58,1,63,64,1
PB304L-CX150T3/8S2-1/2,"2-1/2""",150,304L,"3/8""",56,57,1,62,63,1
PB304-CX150T1/2S2-1/2,"2-1/2""",150,304,"1/2""",61,62,1,68,69,1
PBSA36-CX150T5/8S2-1/2,"2-1/2""",150,SA-36,"5/8""",45,46,1,50,51,1
PB316L-CX150T3/4S2-1/2,"2-1/2""",150,316L,"3/4""",89,90,1,98,100,2
PB304-CX150T7/8S2-1/2,"2-1/2""",150,304,"7/8""",81,82,1,90,91,1
PB304L-CX150T7/8S2-1/2,"2-1/2""",150,304L,"7/8""",85,86,1,94,95,1
PB316L-CX150T7/8S2-1/2,"2-1/2""",150,316L,"7/8""",98,99,1,108,109,1
PB304L-CX150T1S2-1/2,"2-1/2""",150,304L,"1""",92,93,1,102,103,1
PB316L-CX150T1S2-1/2,"2-1/2""",150,316L,"1""",107,108,1,118,119,1
PB304-CX150T1-1/8S2-1/2,"2-1/2""",150,304,"1-1/8""",94,95,1,104,105,1
PB304L-CX150T1-1/8S2-1/2,"2-1/2""",150,304L,"1-1/8""",99,100,1,109,111,2
PB316L-CX150T1-1/8S2-1/2,"2-1/2""",150,316L,"1-1/8""",116,117,1,128,129,1
PB304-CX150T1-1/4S2-1/2,"2-1/2""",150,304,"1-1/4""",101,102,1,112,113,1
PB304L-CX150T1-1/4S2-1/2,"2-1/2""",150,304L,"1-1/4""",106,107,1,117,118,1
PB316L-CX150T1-1/4S2-1/2,"2-1/2""",150,316L,"1-1/4""",125,126,1,138,139,1
PBAL6061-CX150T1-1/4S2-1/2,"2-1/2""",150,AL-6061,"1-1/4""",55,56,1,61,62,1
PBSA36-CX150T1-3/8S2-1/2,"2-1/2""",150,SA-36,"1-3/8""",58,59,1,64,65,1
PB316L-CX150T1-3/8S2-1/2,"2-1/2""",150,316L,"1-3/8""",134,135,1,148,149,1
PBAL6061-CX150T1-3/8S2-1/2,"2-1/2""",150,AL-6061,"1-3/8""",57,58,1,63,64,1
PB304-CX150T1-1/2S2-1/2,"2-1/2""",150,304,"1-1/2""",114,115,1,126,127,1
PBSA36-CX150T1-1/2S2-1/2,"2-1/2""",150,SA-36,"1-1/2""",60,61,1,66,68,2
PB304L-CX150T1-1/2S2-1/2,"2-1/2""",150,304L,"1-1/2""",121,122,1,134,135,1
PB316L-CX150T1-1/2S2-1/2,"2-1/2""",150,316L,"1-1/2""",143,144,1,158,159,1
PBAL6061-CX150T1-1/2S2-1/2,"2-1/2""",150,AL-6061,"1-1/2""",59,60,1,65,66,1
PB304-CX150T1-5/8S2-1/2,"2-1/2""",150,304,"1-5/8""",121,122,1,134,135,1
PBSA516-70-CX150T1-5/8S2-1/2,"2-1/2""",150,SA-516-70,"1-5/8""",67,68,1,74,75,1
PB304L-CX150T1-5/8S2-1/2,"2-1/2""",150,304L,"1-5/8""",128,129,1,141,142,1
PB316L-CX150T1-5/8S2-1/2,"2-1/2""",150,316L,"1-5/8""",152,153,1,168,169,1
PBAL6061-CX150T1-5/8S2-1/2,"2-1/2""",150,AL-6061,"1-5/8""",61,62,1,68,69,1
PB304L-CX150T1-3/4S2-1/2,"2-1/2""",150,304L,"1-3/4""",135,136,1,149,150,1
PB316L-CX150T1-3/4S2-1/2,"2-1/2""",150,316L,"1-3/4""",161,162,1,178,179,1
PBAL6061-CX150T1-3/4S2-1/2,"2-1/2""",150,AL-6061,"1-3/4""",63,64,1,70,71,1
PB304-CX150T1-7/8S2-1/2,"2-1/2""",150,304,"1-7/8""",134,135,1,148,149,1
PBSA516-70-CX150T1-7/8S2-1/2,"2-1/2""",150,SA-516-70,"1-7/8""",72,73,1,80,81,1
PB304L-CX150T1-7/8S2-1/2,"2-1/2""",150,304L,"1-7/8""",142,143,1,157,158,1
PB316L-CX150T1-7/8S2-1/2,"2-1/2""",150,316L,"1-7/8""",170,171,1,188,189,1
PBAL6061-CX150T1-7/8S2-1/2,"2-1/2""",150,AL-6061,"1-7/8""",65,66,1,72,73,1
PB304-CX150T2S2-1/2,"2-1/2""",150,304,"2""",141,142,1,156,157,1
PBSA516-70-CX150T2S2-1/2,"2-1/2""",150,SA-516-70,"2""",74,75,1,82,83,1
PB304L-CX150T2S2-1/2,"2-1/2""",150,304L,"2""",149,151,2,164,167,3
PB316L-CX150T2S2-1/2,"2-1/2""",150,316L,"2""",179,180,1,197,199,2
PBAL6061-CX150T2S2-1/2,"2-1/2""",150,AL-6061,"2""",67,68,1,74,75,1
PB304-CX150T2-1/4S2-1/2,"2-1/2""",150,304,"2-1/4""",154,155,1,170,171,1
PBSA36-CX150T2-1/4S2-1/2,"2-1/2""",150,SA-36,"2-1/4""",73,74,1,81,82,1
PBSA516-70-CX150T2-1/4S2-1/2,"2-1/2""",150,SA-516-70,"2-1/4""",79,80,1,87,88,1
PB304L-CX150T2-1/4S2-1/2,"2-1/2""",150,304L,"2-1/4""",164,165,1,181,182,1
PB316L-CX150T2-1/4S2-1/2,"2-1/2""",150,316L,"2-1/4""",197,199,2,217,219,2
PBAL6061-CX150T2-1/4S2-1/2,"2-1/2""",150,AL-6061,"2-1/4""",71,72,1,79,80,1
PB304-CX150T2-1/2S2-1/2,"2-1/2""",150,304,"2-1/2""",167,168,1,184,185,1
PBSA36-CX150T2-1/2S2-1/2,"2-1/2""",150,SA-36,"2-1/2""",77,78,1,85,86,1
PBSA516-70-CX150T2-1/2S2-1/2,"2-1/2""",150,SA-516-70,"2-1/2""",84,85,1,93,94,1
PB304L-CX150T2-1/2S2-1/2,"2-1/2""",150,304L,"2-1/2""",178,180,2,196,199,3
PB316L-CX150T2-1/2S2-1/2,"2-1/2""",150,316L,"2-1/2""",215,217,2,237,239,2
PBAL6061-CX150T2-1/2S2-1/2,"2-1/2""",150,AL-6061,"2-1/2""",75,76,1,83,84,1
PB304-CX150T3S2-1/2,"2-1/2""",150,304,"3""",194,195,1,214,215,1
PBSA36-CX150T3S2-1/2,"2-1/2""",150,SA-36,"3""",86,87,1,95,96,1
PBSA516-70-CX150T3S2-1/2,"2-1/2""",150,SA-516-70,"3""",94,95,1,104,105,1
PB304L-CX150T3S2-1/2,"2-1/2""",150,304L,"3""",207,208,1,228,229,1
PB316L-CX150T3S2-1/2,"2-1/2""",150,316L,"3""",251,253,2,277,279,2
PBAL6061-CX150T3S2-1/2,"2-1/2""",150,AL-6061,"3""",84,85,1,93,94,1
PB304-CX150T11GAS3,"3""",150,304,11 Gauge,42,43,1,47,48,1
PB316L-CX150T3/8S3,"3""",150,316L,"3/8""",67,68,1,74,75,1
PB304L-CX150T1/2S3,"3""",150,304L,"1/2""",69,70,1,76,77,1
PB316L-CX150T1/2S3,"3""",150,316L,"1/2""",78,79,1,86,87,1
PB304L-CX150T5/8S3,"3""",150,304L,"5/8""",78,79,1,86,87,1
PB316L-CX150T5/8S3,"3""",150,316L,"5/8""",89,90,1,98,100,2
PB316L-CX150T3/4S3,"3""",150,316L,"3/4""",100,101,1,111,112,1
PB304L-CX150T7/8S3,"3""",150,304L,"7/8""",95,96,1,105,106,1
PB316L-CX150T7/8S3,"3""",150,316L,"7/8""",111,112,1,123,124,1
PBSA36-CX150T1S3,"3""",150,SA-36,"1""",55,56,1,61,62,1
PB304L-CX150T1S3,"3""",150,304L,"1""",104,105,1,115,116,1
PB316L-CX150T1S3,"3""",150,316L,"1""",122,123,1,135,136,1
PBAL6061-CX150T1S3,"3""",150,AL-6061,"1""",54,55,1,60,61,1
PB304L-CX150T1-1/8S3,"3""",150,304L,"1-1/8""",113,114,1,125,126,1
PB316L-CX150T1-1/8S3,"3""",150,316L,"1-1/8""",133,134,1,147,148,1
PB304-CX150T1-1/4S3,"3""",150,304,"1-1/4""",115,116,1,127,128,1
PB304L-CX150T1-1/4S3,"3""",150,304L,"1-1/4""",121,122,1,134,135,1
PB316L-CX150T1-1/4S3,"3""",150,316L,"1-1/4""",144,145,1,159,160,1
PBAL6061-CX150T1-1/4S3,"3""",150,AL-6061,"1-1/4""",59,60,1,65,66,1
PB304-CX150T1-3/8S3,"3""",150,304,"1-3/8""",123,124,1,136,137,1
PB304L-CX150T1-3/8S3,"3""",150,304L,"1-3/8""",130,131,1,143,145,2
PB316L-CX150T1-3/8S3,"3""",150,316L,"1-3/8""",155,156,1,171,172,1
PB304-CX150T1-1/2S3,"3""",150,304,"1-1/2""",131,132,1,145,146,1
PB304L-CX150T1-1/2S3,"3""",150,304L,"1-1/2""",139,140,1,153,154,1
PB316L-CX150T1-1/2S3,"3""",150,316L,"1-1/2""",165,167,2,182,184,2
PBAL6061-CX150T1-1/2S3,"3""",150,AL-6061,"1-1/2""",64,65,1,71,72,1
PB304-CX150T1-5/8S3,"3""",150,304,"1-5/8""",139,140,1,153,154,1
PBSA36-CX150T1-5/8S3,"3""",150,SA-36,"1-5/8""",68,69,1,75,76,1
PB304L-CX150T1-5/8S3,"3""",150,304L,"1-5/8""",147,148,1,162,163,1
PB316L-CX150T1-5/8S3,"3""",150,316L,"1-5/8""",176,178,2,194,196,2
PB304-CX150T1-3/4S3,"3""",150,304,"1-3/4""",147,148,1,162,163,1
PB304L-CX150T1-3/4S3,"3""",150,304L,"1-3/4""",156,157,1,172,173,1
PB316L-CX150T1-3/4S3,"3""",150,316L,"1-3/4""",187,189,2,206,208,2
PBAL6061-CX150T1-3/4S3,"3""",150,AL-6061,"1-3/4""",69,70,1,76,77,1
PB304-CX150T1-7/8S3,"3""",150,304,"1-7/8""",155,156,1,171,172,1
PBSA36-CX150T1-7/8S3,"3""",150,SA-36,"1-7/8""",73,74,1,81,82,1
PB304L-CX150T1-7/8S3,"3""",150,304L,"1-7/8""",165,166,1,182,183,1
PB316L-CX150T1-7/8S3,"3""",150,316L,"1-7/8""",198,200,2,218,221,3
PB304-CX150T2S3,"3""",150,304,"2""",163,164,1,180,181,1
PB304L-CX150T2S3,"3""",150,304L,"2""",173,175,2,191,193,2
PB316L-CX150T2S3,"3""",150,316L,"2""",209,211,2,230,233,3
PBAL6061-CX150T2S3,"3""",150,AL-6061,"2""",74,75,1,82,83,1
PB304-CX150T2-1/4S3,"3""",150,304,"2-1/4""",179,180,1,197,199,2
PBSA36-CX150T2-1/4S3,"3""",150,SA-36,"2-1/4""",81,82,1,90,91,1
PB304L-CX150T2-1/4S3,"3""",150,304L,"2-1/4""",191,192,1,211,212,1
PB316L-CX150T2-1/4S3,"3""",150,316L,"2-1/4""",231,233,2,255,257,2
PBAL6061-CX150T2-1/4S3,"3""",150,AL-6061,"2-1/4""",79,80,1,87,88,1
PB304-CX150T2-1/2S3,"3""",150,304,"2-1/2""",195,196,1,215,216,1
PBSA36-CX150T2-1/2S3,"3""",150,SA-36,"2-1/2""",86,87,1,95,96,1
PBSA516-70-CX150T2-1/2S3,"3""",150,SA-516-70,"2-1/2""",95,96,1,105,106,1
PB304L-CX150T2-1/2S3,"3""",150,304L,"2-1/2""",208,210,2,229,232,3
PB316L-CX150T2-1/2S3,"3""",150,316L,"2-1/2""",252,255,3,278,281,3
PBAL6061-CX150T2-1/2S3,"3""",150,AL-6061,"2-1/2""",84,85,1,93,94,1
PB304-CX150T3S3,"3""",150,304,"3""",227,229,2,250,252,2
PBSA516-70-CX150T3S3,"3""",150,SA-516-70,"3""",107,108,1,118,119,1
PB304L-CX150T3S3,"3""",150,304L,"3""",243,245,2,268,270,2
PB316L-CX150T3S3,"3""",150,316L,"3""",296,299,3,326,329,3
PBAL6061-CX150T3S3,"3""",150,AL-6061,"3""",94,95,1,104,105,1
PBSA516-70-CX150T11GAS4,"4""",150,SA-516-70,11 Gauge,39,40,1,43,44,1
PB316L-CX150T1/8S4,"4""",150,316L,"1/8""",52,53,1,58,59,1
PBSA516-70-CX150T3/8S4,"4""",150,SA-516-70,"3/8""",49,50,1,54,56,2
PB304-CX150T1/2S4,"4""",150,304,"1/2""",86,87,1,95,96,1
PBSA36-CX150T1/2S4,"4""",150,SA-36,"1/2""",51,52,1,57,58,1
PB316L-CX150T1/2S4,"4""",150,316L,"1/2""",105,106,1,116,117,1
PB304-CX150T5/8S4,"4""",150,304,"5/8""",99,100,1,109,111,2
PB316L-CX150T5/8S4,"4""",150,316L,"5/8""",123,124,1,136,137,1
PB304-CX150T3/4S4,"4""",150,304,"3/4""",112,113,1,124,125,1
PB316L-CX150T3/4S4,"4""",150,316L,"3/4""",140,141,1,154,156,2
PB304-CX150T7/8S4,"4""",150,304,"7/8""",125,126,1,138,139,1
PB304L-CX150T7/8S4,"4""",150,304L,"7/8""",133,134,1,147,148,1
PB316L-CX150T7/8S4,"4""",150,316L,"7/8""",158,159,1,174,175,1
PB304-CX150T1S4,"4""",150,304,"1""",138,139,1,152,153,1
PB304L-CX150T1S4,"4""",150,304L,"1""",147,148,1,162,163,1
PB316L-CX150T1S4,"4""",150,316L,"1""",175,177,2,193,195,2
PBAL6061-CX150T1S4,"4""",150,AL-6061,"1""",66,67,1,73,74,1
PB304-CX150T1-1/8S4,"4""",150,304,"1-1/8""",151,152,1,167,168,1
PBSA36-CX150T1-1/8S4,"4""",150,SA-36,"1-1/8""",72,73,1,80,81,1
PBSA516-70-CX150T1-1/8S4,"4""",150,SA-516-70,"1-1/8""",78,79,1,86,87,1
PB304L-CX150T1-1/8S4,"4""",150,304L,"1-1/8""",161,162,1,178,179,1
PB316L-CX150T1-1/8S4,"4""",150,316L,"1-1/8""",193,195,2,213,215,2
PBAL6061-CX150T1-1/8S4,"4""",150,AL-6061,"1-1/8""",70,71,1,77,79,2
PB304-CX150T1-1/4S4,"4""",150,304,"1-1/4""",164,165,1,181,182,1
PBSA36-CX150T1-1/4S4,"4""",150,SA-36,"1-1/4""",76,77,1,84,85,1
PBSA516-70-CX150T1-1/4S4,"4""",150,SA-516-70,"1-1/4""",83,84,1,92,93,1
PB304L-CX150T1-1/4S4,"4""",150,304L,"1-1/4""",175,176,1,193,194,1
PB316L-CX150T1-1/4S4,"4""",150,316L,"1-1/4""",211,212,1,233,234,1
PBAL6061-CX150T1-1/4S4,"4""",150,AL-6061,"1-1/4""",74,75,1,82,83,1
PB304-CX150T1-3/8S4,"4""",150,304,"1-3/8""",177,178,1,195,196,1
PBSA516-70-CX150T1-3/8S4,"4""",150,SA-516-70,"1-3/8""",88,89,1,97,98,1
PB304L-CX150T1-3/8S4,"4""",150,304L,"1-3/8""",189,190,1,208,210,2
PB316L-CX150T1-3/8S4,"4""",150,316L,"1-3/8""",228,230,2,251,254,3
PBAL6061-CX150T1-3/8S4,"4""",150,AL-6061,"1-3/8""",78,79,1,86,87,1
PB304-CX150T1-1/2S4,"4""",150,304,"1-1/2""",190,191,1,210,211,1
PBSA516-70-CX150T1-1/2S4,"4""",150,SA-516-70,"1-1/2""",93,94,1,103,104,1
PB304L-CX150T1-1/2S4,"4""",150,304L,"1-1/2""",202,204,2,223,225,2
PB316L-CX150T1-1/2S4,"4""",150,316L,"1-1/2""",246,248,2,271,273,2
PBAL6061-CX150T1-1/2S4,"4""",150,AL-6061,"1-1/2""",82,83,1,91,92,1
PB304-CX150T1-5/8S4,"4""",150,304,"1-5/8""",203,204,1,224,225,1
PBSA516-70-CX150T1-5/8S4,"4""",150,SA-516-70,"1-5/8""",98,99,1,108,109,1
PB304L-CX150T1-5/8S4,"4""",150,304L,"1-5/8""",216,218,2,238,240,2
PB316L-CX150T1-5/8S4,"4""",150,316L,"1-5/8""",263,266,3,290,293,3
PBAL6061-CX150T1-5/8S4,"4""",150,AL-6061,"1-5/8""",86,87,1,95,96,1
PB304-CX150T1-3/4S4,"4""",150,304,"1-3/4""",216,217,1,238,239,1
PBSA36-CX150T1-3/4S4,"4""",150,SA-36,"1-3/4""",93,94,1,103,104,1
PBSA516-70-CX150T1-3/4S4,"4""",150,SA-516-70,"1-3/4""",102,103,1,113,114,1
PB304L-CX150T1-3/4S4,"4""",150,304L,"1-3/4""",230,232,2,254,256,2
PB316L-CX150T1-3/4S4,"4""",150,316L,"1-3/4""",281,283,2,310,312,2
PBAL6061-CX150T1-3/4S4,"4""",150,AL-6061,"1-3/4""",90,91,1,100,101,1
PB304-CX150T1-7/8S4,"4""",150,304,"1-7/8""",229,230,1,252,254,2
PBSA36-CX150T1-7/8S4,"4""",150,SA-36,"1-7/8""",97,98,1,107,108,1
PBSA516-70-CX150T1-7/8S4,"4""",150,SA-516-70,"1-7/8""",107,108,1,118,119,1
PB304L-CX150T1-7/8S4,"4""",150,304L,"1-7/8""",244,246,2,269,271,2
PB316L-CX150T1-7/8S4,"4""",150,316L,"1-7/8""",298,301,3,328,332,4
PBAL6061-CX150T1-7/8S4,"4""",150,AL-6061,"1-7/8""",94,95,1,104,105,1
PB304-CX150T2S4,"4""",150,304,"2""",241,243,2,266,268,2
PBSA36-CX150T2S4,"4""",150,SA-36,"2""",101,102,1,112,113,1
PBSA516-70-CX150T2S4,"4""",150,SA-516-70,"2""",112,113,1,124,125,1
PB304L-CX150T2S4,"4""",150,304L,"2""",258,261,3,284,288,4
PB316L-CX150T2S4,"4""",150,316L,"2""",316,319,3,348,351,3
PBAL6061-CX150T2S4,"4""",150,AL-6061,"2""",98,99,1,108,109,1
PB304-CX150T2-1/4S4,"4""",150,304,"2-1/4""",267,269,2,294,296,2
PBSA516-70-CX150T2-1/4S4,"4""",150,SA-516-70,"2-1/4""",122,123,1,135,136,1
PB304L-CX150T2-1/4S4,"4""",150,304L,"2-1/4""",286,289,3,315,318,3
PB316L-CX150T2-1/4S4,"4""",150,316L,"2-1/4""",351,355,4,387,391,4
PBAL6061-CX150T2-1/4S4,"4""",150,AL-6061,"2-1/4""",106,108,2,117,119,2
PB304-CX150T2-1/2S4,"4""",150,304,"2-1/2""",293,295,2,323,325,2
PBSA36-CX150T2-1/2S4,"4""",150,SA-36,"2-1/2""",118,119,1,130,131,1
PBSA516-70-CX150T2-1/2S4,"4""",150,SA-516-70,"2-1/2""",131,133,2,145,147,2
PB304L-CX150T2-1/2S4,"4""",150,304L,"2-1/2""",314,317,3,346,349,3
PB316L-CX150T2-1/2S4,"4""",150,316L,"2-1/2""",386,390,4,425,430,5
PBAL6061-CX150T2-1/2S4,"4""",150,AL-6061,"2-1/2""",114,116,2,126,128,2
PB304-CX150T3S4,"4""",150,304,"3""",345,348,3,380,383,3
PBSA36-CX150T3S4,"4""",150,SA-36,"3""",135,136,1,149,150,1
PBSA516-70-CX150T3S4,"4""",150,SA-516-70,"3""",151,152,1,167,168,1
PB304L-CX150T3S4,"4""",150,304L,"3""",370,373,3,408,411,3
PB316L-CX150T3S4,"4""",150,316L,"3""",456,461,5,502,508,6
PBAL6061-CX150T3S4,"4""",150,AL-6061,"3""",130,132,2,143,146,3
PB304L-CX150T11GAS6,"6""",150,304L,11 Gauge,56,57,1,62,63,1
PB304L-CX150T1/8S6,"6""",150,304L,"1/8""",57,58,1,63,64,1
PB316L-CX150T3/16S6,"6""",150,316L,"3/16""",77,78,1,85,86,1
PBAL6061-CX150T3/16S6,"6""",150,AL-6061,"3/16""",44,45,1,49,50,1
PB304-CX150T1/4S6,"6""",150,304,"1/4""",76,77,1,84,85,1
PBSA516-70-CX150T1/4S6,"6""",150,SA-516-70,"1/4""",50,51,1,56,57,1
PB316L-CX150T1/4S6,"6""",150,316L,"1/4""",91,92,1,101,102,1
PBSA516-70-CX150T5/16S6,"6""",150,SA-516-70,"5/16""",54,55,1,60,61,1
PB304L-CX150T5/16S6,"6""",150,304L,"5/16""",91,92,1,101,102,1
PB304-CX150T3/8S6,"6""",150,304,"3/8""",97,98,1,107,108,1
PBSA516-70-CX150T3/8S6,"6""",150,SA-516-70,"3/8""",58,59,1,64,65,1
PB304L-CX150T3/8S6,"6""",150,304L,"3/8""",102,103,1,113,114,1
PB316L-CX150T3/8S6,"6""",150,316L,"3/8""",120,121,1,132,134,2
PB304-CX150T1/2S6,"6""",150,304,"1/2""",118,119,1,130,131,1
PB304L-CX150T1/2S6,"6""",150,304L,"1/2""",125,126,1,138,139,1
PB316L-CX150T1/2S6,"6""",150,316L,"1/2""",148,149,1,163,164,1
PBAL6061-CX150T1/2S6,"6""",150,AL-6061,"1/2""",60,61,1,66,68,2
PB304-CX150T5/8S6,"6""",150,304,"5/8""",139,140,1,153,154,1
PBSA36-CX150T5/8S6,"6""",150,SA-36,"5/8""",68,69,1,75,76,1
PB304L-CX150T5/8S6,"6""",150,304L,"5/8""",147,148,1,162,163,1
PB316L-CX150T5/8S6,"6""",150,316L,"5/8""",176,178,2,194,196,2
PB304-CX150T3/4S6,"6""",150,304,"3/4""",160,161,1,176,178,2
PBSA516-70-CX150T3/4S6,"6""",150,SA-516-70,"3/4""",81,82,1,90,91,1
PB304L-CX150T3/4S6,"6""",150,304L,"3/4""",170,171,1,188,189,1
PB316L-CX150T3/4S6,"6""",150,316L,"3/4""",204,206,2,225,227,2
PBAL6061-CX150T3/4S6,"6""",150,AL-6061,"3/4""",73,74,1,81,82,1
PB304-CX150T7/8S6,"6""",150,304,"7/8""",180,182,2,199,201,2
PBSA516-70-CX150T7/8S6,"6""",150,SA-516-70,"7/8""",89,90,1,98,100,2
PB304L-CX150T7/8S6,"6""",150,304L,"7/8""",192,194,2,212,214,2
PB316L-CX150T7/8S6,"6""",150,316L,"7/8""",233,235,2,257,259,2
PBAL6061-CX150T7/8S6,"6""",150,AL-6061,"7/8""",79,80,1,87,88,1
PB304-CX150T1S6,"6""",150,304,"1""",201,203,2,222,224,2
PBSA36-CX150T1S6,"6""",150,SA-36,"1""",88,89,1,97,98,1
PBSA516-70-CX150T1S6,"6""",150,SA-516-70,"1""",97,98,1,107,108,1
PB304L-CX150T1S6,"6""",150,304L,"1""",215,216,1,237,238,1
PB316L-CX150T1S6,"6""",150,316L,"1""",261,263,2,288,290,2
PBAL6061-CX150T1S6,"6""",150,AL-6061,"1""",86,87,1,95,96,1
PB304-CX150T1-1/8S6,"6""",150,304,"1-1/8""",222,223,1,245,246,1
PBSA36-CX150T1-1/8S6,"6""",150,SA-36,"1-1/8""",95,96,1,105,106,1
PBSA516-70-CX150T1-1/8S6,"6""",150,SA-516-70,"1-1/8""",105,106,1,116,117,1
PB304L-CX150T1-1/8S6,"6""",150,304L,"1-1/8""",237,239,2,261,263,2
PB316L-CX150T1-1/8S6,"6""",150,316L,"1-1/8""",289,292,3,318,322,4
PBAL6061-CX150T1-1/8S6,"6""",150,AL-6061,"1-1/8""",92,93,1,102,103,1
PB304-CX150T1-1/4S6,"6""",150,304,"1-1/4""",243,244,1,268,269,1
PBSA516-70-CX150T1-1/4S6,"6""",150,SA-516-70,"1-1/4""",113,114,1,125,126,1
PB304L-CX150T1-1/4S6,"6""",150,304L,"1-1/4""",260,262,2,286,289,3
PB316L-CX150T1-1/4S6,"6""",150,316L,"1-1/4""",318,321,3,350,354,4
PBAL6061-CX150T1-1/4S6,"6""",150,AL-6061,"1-1/4""",99,100,1,109,111,2
PB304-CX150T1-3/8S6,"6""",150,304,"1-3/8""",263,265,2,290,292,2
PBSA36-CX150T1-3/8S6,"6""",150,SA-36,"1-3/8""",108,109,1,119,120,1
PBSA516-70-CX150T1-3/8S6,"6""",150,SA-516-70,"1-3/8""",120,122,2,132,135,3
PB304L-CX150T1-3/8S6,"6""",150,304L,"1-3/8""",282,285,3,311,314,3
PB316L-CX150T1-3/8S6,"6""",150,316L,"1-3/8""",346,349,3,381,384,3
PBAL6061-CX150T1-3/8S6,"6""",150,AL-6061,"1-3/8""",105,106,1,116,117,1
PB304-CX150T1-1/2S6,"6""",150,304,"1-1/2""",284,286,2,313,315,2
PBSA36-CX150T1-1/2S6,"6""",150,SA-36,"1-1/2""",115,116,1,127,128,1
PBSA516-70-CX150T1-1/2S6,"6""",150,SA-516-70,"1-1/2""",128,129,1,141,142,1
PB304L-CX150T1-1/2S6,"6""",150,304L,"1-1/2""",305,307,2,336,338,2
PB316L-CX150T1-1/2S6,"6""",150,316L,"1-1/2""",374,378,4,412,416,4
PBAL6061-CX150T1-1/2S6,"6""",150,AL-6061,"1-1/2""",111,113,2,123,125,2
PB304-CX150T1-5/8S6,"6""",150,304,"1-5/8""",305,307,2,336,338,2
PBSA36-CX150T1-5/8S6,"6""",150,SA-36,"1-5/8""",122,123,1,135,136,1
PBSA516-70-CX150T1-5/8S6,"6""",150,SA-516-70,"1-5/8""",136,137,1,150,151,1
PB304L-CX150T1-5/8S6,"6""",150,304L,"1-5/8""",327,330,3,360,364,4
PB316L-CX150T1-5/8S6,"6""",150,316L,"1-5/8""",402,406,4,443,447,4
PBAL6061-CX150T1-5/8S6,"6""",150,AL-6061,"1-5/8""",118,119,1,130,131,1
PB304-CX150T1-3/4S6,"6""",150,304,"1-3/4""",326,328,2,359,361,2
PBSA36-CX150T1-3/4S6,"6""",150,SA-36,"1-3/4""",128,129,1,141,142,1
PBSA516-70-CX150T1-3/4S6,"6""",150,SA-516-70,"1-3/4""",144,145,1,159,160,1
PB304L-CX150T1-3/4S6,"6""",150,304L,"1-3/4""",349,353,4,384,389,5
PB316L-CX150T1-3/4S6,"6""",150,316L,"1-3/4""",431,435,4,475,479,4
PBAL6061-CX150T1-3/4S6,"6""",150,AL-6061,"1-3/4""",124,126,2,137,139,2
PB304-CX150T1-7/8S6,"6""",150,304,"1-7/8""",346,349,3,381,384,3
PBSA36-CX150T1-7/8S6,"6""",150,SA-36,"1-7/8""",135,136,1,149,150,1
PBSA516-70-CX150T1-7/8S6,"6""",150,SA-516-70,"1-7/8""",151,153,2,167,169,2
PB304L-CX150T1-7/8S6,"6""",150,304L,"1-7/8""",372,375,3,410,413,3
PB316L-CX150T1-7/8S6,"6""",150,316L,"1-7/8""",459,463,4,505,510,5
PBAL6061-CX150T1-7/8S6,"6""",150,AL-6061,"1-7/8""",130,132,2,143,146,3
PB304-CX150T2S6,"6""",150,304,"2""",367,370,3,404,408,4
PBSA36-CX150T2S6,"6""",150,SA-36,"2""",142,143,1,157,158,1
PBSA516-70-CX150T2S6,"6""",150,SA-516-70,"2""",159,161,2,175,178,3
PB304L-CX150T2S6,"6""",150,304L,"2""",394,398,4,434,438,4
PB316L-CX150T2S6,"6""",150,316L,"2""",487,492,5,536,542,6
PBAL6061-CX150T2S6,"6""",150,AL-6061,"2""",137,139,2,151,153,2
PB304-CX150T2-1/4S6,"6""",150,304,"2-1/4""",409,412,3,450,454,4
PBSA36-CX150T2-1/4S6,"6""",150,SA-36,"2-1/4""",155,157,2,171,173,2
PBSA516-70-CX150T2-1/4S6,"6""",150,SA-516-70,"2-1/4""",175,177,2,193,195,2
PB304L-CX150T2-1/4S6,"6""",150,304L,"2-1/4""",439,443,4,483,488,5
PB316L-CX150T2-1/4S6,"6""",150,316L,"2-1/4""",544,549,5,599,604,5
PBAL6061-CX150T2-1/4S6,"6""",150,AL-6061,"2-1/4""",149,152,3,164,168,4
PB304-CX150T2-1/2S6,"6""",150,304,"2-1/2""",450,454,4,496,500,4
PBSA36-CX150T2-1/2S6,"6""",150,SA-36,"2-1/2""",169,170,1,186,188,2
PBSA516-70-CX150T2-1/2S6,"6""",150,SA-516-70,"2-1/2""",190,192,2,210,212,2
PB304L-CX150T2-1/2S6,"6""",150,304L,"2-1/2""",484,489,5,533,538,5
PB316L-CX150T2-1/2S6,"6""",150,316L,"2-1/2""",600,606,6,660,667,7
PBAL6061-CX150T2-1/2S6,"6""",150,AL-6061,"2-1/2""",162,165,3,179,182,3
PB304-CX150T3S6,"6""",150,304,"3""",533,538,5,587,592,5
PBSA36-CX150T3S6,"6""",150,SA-36,"3""",195,197,2,215,217,2
PBSA516-70-CX150T3S6,"6""",150,SA-516-70,"3""",221,224,3,244,247,3
PB304L-CX150T3S6,"6""",150,304L,"3""",574,580,6,632,638,6
PB316L-CX150T3S6,"6""",150,316L,"3""",713,721,8,785,794,9
PBAL6061-CX150T3S6,"6""",150,AL-6061,"3""",188,191,3,207,211,4
PB316L-CX150T11GAS8,"8""",150,316L,11 Gauge,77,78,1,85,86,1
PBAL6061-CX150T11GAS8,"8""",150,AL-6061,11 Gauge,44,45,1,49,50,1
PB304-CX150T1/8S8,"8""",150,304,"1/8""",67,68,1,74,75,1
PB316L-CX150T1/8S8,"8""",150,316L,"1/8""",79,80,1,87,88,1
PB316L-CX150T3/16S8,"8""",150,316L,"3/16""",101,102,1,112,113,1
PB304-CX150T1/4S8,"8""",150,304,"1/4""",100,101,1,111,112,1
PBSA516-70-CX150T1/4S8,"8""",150,SA-516-70,"1/4""",59,60,1,65,66,1
PB304L-CX150T1/4S8,"8""",150,304L,"1/4""",105,106,1,116,117,1
PB316L-CX150T1/4S8,"8""",150,316L,"1/4""",123,124,1,136,137,1
PB304-CX150T5/16S8,"8""",150,304,"5/16""",116,117,1,128,129,1
PBSA516-70-CX150T5/16S8,"8""",150,SA-516-70,"5/16""",65,66,1,72,73,1
PB304L-CX150T5/16S8,"8""",150,304L,"5/16""",123,124,1,136,137,1
PB316L-CX150T5/16S8,"8""",150,316L,"5/16""",146,147,1,161,162,1
PB304-CX150T3/8S8,"8""",150,304,"3/8""",132,133,1,146,147,1
PBSA36-CX150T3/8S8,"8""",150,SA-36,"3/8""",66,67,1,73,74,1
PBSA516-70-CX150T3/8S8,"8""",150,SA-516-70,"3/8""",71,72,1,79,80,1
PB304L-CX150T3/8S8,"8""",150,304L,"3/8""",140,142,2,154,157,3
PB316L-CX150T3/8S8,"8""",150,316L,"3/8""",168,169,1,185,186,1
PB304-CX150T1/2S8,"8""",150,304,"1/2""",165,166,1,182,183,1
PB304L-CX150T1/2S8,"8""",150,304L,"1/2""",176,177,1,194,195,1
PB316L-CX150T1/2S8,"8""",150,316L,"1/2""",212,214,2,234,236,2
PBAL6061-CX150T1/2S8,"8""",150,AL-6061,"1/2""",75,76,1,83,84,1
PB304-CX150T5/8S8,"8""",150,304,"5/8""",198,199,1,218,219,1
PBSA36-CX150T5/8S8,"8""",150,SA-36,"5/8""",87,88,1,96,97,1
PBSA516-70-CX150T5/8S8,"8""",150,SA-516-70,"5/8""",96,97,1,106,107,1
PB304L-CX150T5/8S8,"8""",150,304L,"5/8""",211,213,2,233,235,2
PB316L-CX150T5/8S8,"8""",150,316L,"5/8""",256,259,3,282,285,3
PBAL6061-CX150T5/8S8,"8""",150,AL-6061,"5/8""",85,86,1,94,95,1
PB304-CX150T3/4S8,"8""",150,304,"3/4""",230,232,2,254,256,2
PBSA516-70-CX150T3/4S8,"8""",150,SA-516-70,"3/4""",108,109,1,119,120,1
PB304L-CX150T3/4S8,"8""",150,304L,"3/4""",246,248,2,271,273,2
PB316L-CX150T3/4S8,"8""",150,316L,"3/4""",301,303,2,332,334,2
PBAL6061-CX150T3/4S8,"8""",150,AL-6061,"3/4""",95,96,1,105,106,1
PB304-CX150T7/8S8,"8""",150,304,"7/8""",263,265,2,290,292,2
PBSA36-CX150T7/8S8,"8""",150,SA-36,"7/8""",108,109,1,119,120,1
PBSA516-70-CX150T7/8S8,"8""",150,SA-516-70,"7/8""",120,121,1,132,134,2
PB304L-CX150T7/8S8,"8""",150,304L,"7/8""",281,284,3,310,313,3
PB316L-CX150T7/8S8,"8""",150,316L,"7/8""",345,348,3,380,383,3
PBAL6061-CX150T7/8S8,"8""",150,AL-6061,"7/8""",105,106,1,116,117,1
PB304-CX150T1S8,"8""",150,304,"1""",295,298,3,325,328,3
PBSA36-CX150T1S8,"8""",150,SA-36,"1""",119,120,1,131,132,1
PBSA516-70-CX150T1S8,"8""",150,SA-516-70,"1""",132,134,2,146,148,2
PB304L-CX150T1S8,"8""",150,304L,"1""",316,319,3,348,351,3
PB316L-CX150T1S8,"8""",150,316L,"1""",389,393,4,428,433,5
PBAL6061-CX150T1S8,"8""",150,AL-6061,"1""",115,116,1,127,128,1
PB304-CX150T1-1/8S8,"8""",150,304,"1-1/8""",328,330,2,361,364,3
PBSA36-CX150T1-1/8S8,"8""",150,SA-36,"1-1/8""",129,130,1,142,143,1
PBSA516-70-CX150T1-1/8S8,"8""",150,SA-516-70,"1-1/8""",144,146,2,159,161,2
PB304L-CX150T1-1/8S8,"8""",150,304L,"1-1/8""",352,355,3,388,391,3
PB316L-CX150T1-1/8S8,"8""",150,316L,"1-1/8""",433,438,5,477,482,5
PBAL6061-CX150T1-1/8S8,"8""",150,AL-6061,"1-1/8""",125,126,1,138,139,1
PB304-CX150T1-1/4S8,"8""",150,304,"1-1/4""",360,363,3,397,400,3
PBSA36-CX150T1-1/4S8,"8""",150,SA-36,"1-1/4""",140,141,1,154,156,2
PBSA516-70-CX150T1-1/4S8,"8""",150,SA-516-70,"1-1/4""",157,158,1,173,174,1
PB304L-CX150T1-1/4S8,"8""",150,304L,"1-1/4""",387,391,4,426,431,5
PB316L-CX150T1-1/4S8,"8""",150,316L,"1-1/4""",478,483,5,526,532,6
PBAL6061-CX150T1-1/4S8,"8""",150,AL-6061,"1-1/4""",135,137,2,149,151,2
PB304-CX150T1-3/8S8,"8""",150,304,"1-3/8""",393,396,3,433,436,3
PBSA36-CX150T1-3/8S8,"8""",150,SA-36,"1-3/8""",150,151,1,165,167,2
PBSA516-70-CX150T1-3/8S8,"8""",150,SA-516-70,"1-3/8""",169,171,2,186,189,3
PB304L-CX150T1-3/8S8,"8""",150,304L,"1-3/8""",422,426,4,465,469,4
PB316L-CX150T1-3/8S8,"8""",150,316L,"1-3/8""",522,527,5,575,580,5
PBAL6061-CX150T1-3/8S8,"8""",150,AL-6061,"1-3/8""",145,147,2,160,162,2
PB304-CX150T1-1/2S8,"8""",150,304,"1-1/2""",425,429,4,468,472,4
PBSA36-CX150T1-1/2S8,"8""",150,SA-36,"1-1/2""",161,162,1,178,179,1
PBSA516-70-CX150T1-1/2S8,"8""",150,SA-516-70,"1-1/2""",181,183,2,200,202,2
PB304L-CX150T1-1/2S8,"8""",150,304L,"1-1/2""",457,462,5,503,509,6
PB316L-CX150T1-1/2S8,"8""",150,316L,"1-1/2""",566,572,6,623,630,7
PBAL6061-CX150T1-1/2S8,"8""",150,AL-6061,"1-1/2""",155,157,2,171,173,2
PB304-CX150T1-5/8S8,"8""",150,304,"1-5/8""",458,462,4,504,509,5
PBSA36-CX150T1-5/8S8,"8""",150,SA-36,"1-5/8""",171,173,2,189,191,2
PBSA516-70-CX150T1-5/8S8,"8""",150,SA-516-70,"1-5/8""",193,195,2,213,215,2
PB304L-CX150T1-5/8S8,"8""",150,304L,"1-5/8""",493,497,4,543,547,4
PB316L-CX150T1-5/8S8,"8""",150,316L,"1-5/8""",611,617,6,673,679,6
PBAL6061-CX150T1-5/8S8,"8""",150,AL-6061,"1-5/8""",165,167,2,182,184,2
PB304-CX150T1-3/4S8,"8""",150,304,"1-3/4""",490,495,5,539,545,6
PBSA36-CX150T1-3/4S8,"8""",150,SA-36,"1-3/4""",182,183,1,201,202,1
PBSA516-70-CX150T1-3/4S8,"8""",150,SA-516-70,"1-3/4""",205,208,3,226,229,3
PB304L-CX150T1-3/4S8,"8""",150,304L,"1-3/4""",528,533,5,581,587,6
PB316L-CX150T1-3/4S8,"8""",150,316L,"1-3/4""",655,662,7,721,729,8
PBAL6061-CX150T1-3/4S8,"8""",150,AL-6061,"1-3/4""",175,177,2,193,195,2
PB304-CX150T1-7/8S8,"8""",150,304,"1-7/8""",523,527,4,576,580,4
PBSA36-CX150T1-7/8S8,"8""",150,SA-36,"1-7/8""",192,194,2,212,214,2
PBSA516-70-CX150T1-7/8S8,"8""",150,SA-516-70,"1-7/8""",218,220,2,240,243,3
PB304L-CX150T1-7/8S8,"8""",150,304L,"1-7/8""",563,568,5,620,625,5
PB316L-CX150T1-7/8S8,"8""",150,316L,"1-7/8""",699,706,7,769,777,8
PBAL6061-CX150T1-7/8S8,"8""",150,AL-6061,"1-7/8""",184,187,3,203,206,3
PB304-CX150T2S8,"8""",150,304,"2""",556,560,4,612,616,4
PBSA36-CX150T2S8,"8""",150,SA-36,"2""",202,204,2,223,225,2
PBSA516-70-CX150T2S8,"8""",150,SA-516-70,"2""",230,232,2,254,256,2
PB304L-CX150T2S8,"8""",150,304L,"2""",598,604,6,658,665,7
PB316L-CX150T2S8,"8""",150,316L,"2""",743,751,8,818,827,9
PBAL6061-CX150T2S8,"8""",150,AL-6061,"2""",194,198,4,214,218,4
PB304-CX150T2-1/4S8,"8""",150,304,"2-1/4""",621,626,5,684,689,5
PBSA36-CX150T2-1/4S8,"8""",150,SA-36,"2-1/4""",223,226,3,246,249,3
PBSA516-70-CX150T2-1/4S8,"8""",150,SA-516-70,"2-1/4""",254,257,3,280,283,3
PB304L-CX150T2-1/4S8,"8""",150,304L,"2-1/4""",669,675,6,736,743,7
PB316L-CX150T2-1/4S8,"8""",150,316L,"2-1/4""",832,841,9,916,926,10
PBAL6061-CX150T2-1/4S8,"8""",150,AL-6061,"2-1/4""",214,218,4,236,240,4
PB304-CX150T2-1/2S8,"8""",150,304,"2-1/2""",686,692,6,755,762,7
PBSA36-CX150T2-1/2S8,"8""",150,SA-36,"2-1/2""",244,247,3,269,272,3
PBSA516-70-CX150T2-1/2S8,"8""",150,SA-516-70,"2-1/2""",278,282,4,306,311,5
PB304L-CX150T2-1/2S8,"8""",150,304L,"2-1/2""",739,746,7,813,821,8
PB316L-CX150T2-1/2S8,"8""",150,316L,"2-1/2""",921,930,9,1014,1024,10
PBAL6061-CX150T2-1/2S8,"8""",150,AL-6061,"2-1/2""",234,238,4,258,262,4
PB304-CX150T3S8,"8""",150,304,"3""",816,823,7,898,906,8
PBSA36-CX150T3S8,"8""",150,SA-36,"3""",286,289,3,315,318,3
PBSA516-70-CX150T3S8,"8""",150,SA-516-70,"3""",327,331,4,360,365,5
PB304L-CX150T3S8,"8""",150,304L,"3""",880,888,8,969,977,8
PB316L-CX150T3S8,"8""",150,316L,"3""",1098,1109,11,1208,1220,12
PBAL6061-CX150T3S8,"8""",150,AL-6061,"3""",274,279,5,302,307,5
PB304L-CX150T11GAS10,"10""",150,304L,11 Gauge,84,85,1,93,94,1
PB316L-CX150T11GAS10,"10""",150,316L,11 Gauge,97,98,1,107,108,1
PB316L-CX150T1/8S10,"10""",150,316L,"1/8""",100,101,1,111,112,1
PB316L-CX150T3/16S10,"10""",150,316L,"3/16""",133,134,1,147,148,1
PB304-CX150T1/4S10,"10""",150,304,"1/4""",131,132,1,145,146,1
PB304L-CX150T1/4S10,"10""",150,304L,"1/4""",139,140,1,153,154,1
PB316L-CX150T1/4S10,"10""",150,316L,"1/4""",165,167,2,182,184,2
PBAL6061-CX150T1/4S10,"10""",150,AL-6061,"1/4""",64,65,1,71,72,1
PB304-CX150T5/16S10,"10""",150,304,"5/16""",155,156,1,171,172,1
PBSA36-CX150T5/16S10,"10""",150,SA-36,"5/16""",73,74,1,81,82,1
PB304L-CX150T5/16S10,"10""",150,304L,"5/16""",165,166,1,182,183,1
PB316L-CX150T5/16S10,"10""",150,316L,"5/16""",198,200,2,218,221,3
PB304-CX150T3/8S10,"10""",150,304,"3/8""",179,180,1,197,199,2
PBSA36-CX150T3/8S10,"10""",150,SA-36,"3/8""",81,82,1,90,91,1
PB304L-CX150T3/8S10,"10""",150,304L,"3/8""",190,192,2,210,212,2
PB316L-CX150T3/8S10,"10""",150,316L,"3/8""",231,233,2,255,257,2
PBAL6061-CX150T3/8S10,"10""",150,AL-6061,"3/8""",79,80,1,87,88,1
PB304-CX150T1/2S10,"10""",150,304,"1/2""",227,228,1,250,251,1
PBSA516-70-CX150T1/2S10,"10""",150,SA-516-70,"1/2""",107,108,1,118,119,1
PB304L-CX150T1/2S10,"10""",150,304L,"1/2""",242,244,2,267,269,2
PB316L-CX150T1/2S10,"10""",150,316L,"1/2""",296,299,3,326,329,3
PBAL6061-CX150T1/2S10,"10""",150,AL-6061,"1/2""",94,95,1,104,105,1
PB304-CX150T5/8S10,"10""",150,304,"5/8""",275,277,2,303,305,2
PBSA36-CX150T5/8S10,"10""",150,SA-36,"5/8""",112,113,1,124,125,1
PBSA516-70-CX150T5/8S10,"10""",150,SA-516-70,"5/8""",125,126,1,138,139,1
PB304L-CX150T5/8S10,"10""",150,304L,"5/8""",294,297,3,324,327,3
PB316L-CX150T5/8S10,"10""",150,316L,"5/8""",361,364,3,398,401,3
PBAL6061-CX150T5/8S10,"10""",150,AL-6061,"5/8""",108,110,2,119,122,3
PB304-CX150T3/4S10,"10""",150,304,"3/4""",322,325,3,355,358,3
PBSA36-CX150T3/4S10,"10""",150,SA-36,"3/4""",127,128,1,140,141,1
PBSA516-70-CX150T3/4S10,"10""",150,SA-516-70,"3/4""",142,144,2,157,159,2
PB304L-CX150T3/4S10,"10""",150,304L,"3/4""",346,349,3,381,384,3
PB316L-CX150T3/4S10,"10""",150,316L,"3/4""",426,430,4,469,474,5
PBAL6061-CX150T3/4S10,"10""",150,AL-6061,"3/4""",123,125,2,136,138,2
PB304-CX150T7/8S10,"10""",150,304,"7/8""",370,373,3,408,411,3
PBSA36-CX150T7/8S10,"10""",150,SA-36,"7/8""",143,144,1,158,159,1
PBSA516-70-CX150T7/8S10,"10""",150,SA-516-70,"7/8""",160,162,2,176,179,3
PB304L-CX150T7/8S10,"10""",150,304L,"7/8""",398,402,4,438,443,5
PB316L-CX150T7/8S10,"10""",150,316L,"7/8""",492,496,4,542,546,4
PBAL6061-CX150T7/8S10,"10""",150,AL-6061,"7/8""",138,140,2,152,154,2
PB304-CX150T1S10,"10""",150,304,"1""",418,422,4,460,465,5
PBSA36-CX150T1S10,"10""",150,SA-36,"1""",158,160,2,174,176,2
PBSA516-70-CX150T1S10,"10""",150,SA-516-70,"1""",178,180,2,196,199,3
PB304L-CX150T1S10,"10""",150,304L,"1""",450,454,4,496,500,4
PB316L-CX150T1S10,"10""",150,316L,"1""",557,562,5,613,619,6
PBAL6061-CX150T1S10,"10""",150,AL-6061,"1""",152,155,3,168,171,3
PB304-CX150T1-1/8S10,"10""",150,304,"1-1/8""",466,470,4,513,517,4
PBSA36-CX150T1-1/8S10,"10""",150,SA-36,"1-1/8""",174,175,1,192,193,1
PBSA516-70-CX150T1-1/8S10,"10""",150,SA-516-70,"1-1/8""",196,199,3,216,219,3
PB304L-CX150T1-1/8S10,"10""",150,304L,"1-1/8""",502,506,4,553,557,4
PB316L-CX150T1-1/8S10,"10""",150,316L,"1-1/8""",622,628,6,685,691,6
PBAL6061-CX150T1-1/8S10,"10""",150,AL-6061,"1-1/8""",167,170,3,184,188,4
PB304-CX150T1-1/4S10,"10""",150,304,"1-1/4""",514,519,5,566,571,5
PBSA36-CX150T1-1/4S10,"10""",150,SA-36,"1-1/4""",189,191,2,208,211,3
PBSA516-70-CX150T1-1/4S10,"10""",150,SA-516-70,"1-1/4""",214,217,3,236,239,3
PB304L-CX150T1-1/4S10,"10""",150,304L,"1-1/4""",553,559,6,609,615,6
PB316L-CX150T1-1/4S10,"10""",150,316L,"1-1/4""",687,694,7,756,764,8
PBAL6061-CX150T1-1/4S10,"10""",150,AL-6061,"1-1/4""",182,185,3,201,204,3
PB304-CX150T1-3/8S10,"10""",150,304,"1-3/8""",562,567,5,619,624,5
PBSA36-CX150T1-3/8S10,"10""",150,SA-36,"1-3/8""",205,206,1,226,227,1
PBSA516-70-CX150T1-3/8S10,"10""",150,SA-516-70,"1-3/8""",232,235,3,256,259,3
PB304L-CX150T1-3/8S10,"10""",150,304L,"1-3/8""",605,611,6,666,673,7
PB316L-CX150T1-3/8S10,"10""",150,316L,"1-3/8""",752,760,8,828,837,9
PBAL6061-CX150T1-3/8S10,"10""",150,AL-6061,"1-3/8""",197,200,3,217,221,4
PB304-CX150T1-1/2S10,"10""",150,304,"1-1/2""",610,615,5,671,677,6
PBSA36-CX150T1-1/2S10,"10""",150,SA-36,"1-1/2""",220,222,2,243,245,2
PBSA516-70-CX150T1-1/2S10,"10""",150,SA-516-70,"1-1/2""",250,253,3,275,279,4
PB304L-CX150T1-1/2S10,"10""",150,304L,"1-1/2""",657,663,6,723,730,7
PB316L-CX150T1-1/2S10,"10""",150,316L,"1-1/2""",818,826,8,900,909,9
PBAL6061-CX150T1-1/2S10,"10""",150,AL-6061,"1-1/2""",211,215,4,233,237,4
PB304-CX150T1-5/8S10,"10""",150,304,"1-5/8""",658,664,6,724,731,7
PBSA36-CX150T1-5/8S10,"10""",150,SA-36,"1-5/8""",236,238,2,260,262,2
PBSA516-70-CX150T1-5/8S10,"10""",150,SA-516-70,"1-5/8""",268,271,3,295,299,4
PB304L-CX150T1-5/8S10,"10""",150,304L,"1-5/8""",709,716,7,780,788,8
PB316L-CX150T1-5/8S10,"10""",150,316L,"1-5/8""",883,892,9,972,982,10
PBAL6061-CX150T1-5/8S10,"10""",150,AL-6061,"1-5/8""",226,230,4,249,254,5
PB304-CX150T1-3/4S10,"10""",150,304,"1-3/4""",706,712,6,777,784,7
PBSA36-CX150T1-3/4S10,"10""",150,SA-36,"1-3/4""",251,253,2,277,279,2
PBSA516-70-CX150T1-3/4S10,"10""",150,SA-516-70,"1-3/4""",286,290,4,315,319,4
PB304L-CX150T1-3/4S10,"10""",150,304L,"1-3/4""",761,768,7,838,845,7
PB316L-CX150T1-3/4S10,"10""",150,316L,"1-3/4""",948,958,10,1043,1054,11
PBAL6061-CX150T1-3/4S10,"10""",150,AL-6061,"1-3/4""",241,245,4,266,270,4
PB304-CX150T1-7/8S10,"10""",150,304,"1-7/8""",754,761,7,830,838,8
PBSA36-CX150T1-7/8S10,"10""",150,SA-36,"1-7/8""",266,269,3,293,296,3
PBSA516-70-CX150T1-7/8S10,"10""",150,SA-516-70,"1-7/8""",304,308,4,335,339,4
PB304L-CX150T1-7/8S10,"10""",150,304L,"1-7/8""",813,821,8,895,904,9
PB316L-CX150T1-7/8S10,"10""",150,316L,"1-7/8""",1013,1024,11,1115,1127,12
PBAL6061-CX150T1-7/8S10,"10""",150,AL-6061,"1-7/8""",255,260,5,281,286,5
PB304-CX150T2S10,"10""",150,304,"2""",802,809,7,883,890,7
PBSA36-CX150T2S10,"10""",150,SA-36,"2""",282,284,2,311,313,2
PBSA516-70-CX150T2S10,"10""",150,SA-516-70,"2""",322,326,4,355,359,4
PB304L-CX150T2S10,"10""",150,304L,"2""",865,873,8,952,961,9
PB316L-CX150T2S10,"10""",150,316L,"2""",1079,1090,11,1187,1199,12
PBAL6061-CX150T2S10,"10""",150,AL-6061,"2""",270,275,5,297,303,6
PB304-CX150T2-1/4S10,"10""",150,304,"2-1/4""",898,906,8,988,997,9
PBSA36-CX150T2-1/4S10,"10""",150,SA-36,"2-1/4""",313,316,3,345,348,3
PBSA516-70-CX150T2-1/4S10,"10""",150,SA-516-70,"2-1/4""",358,362,4,394,399,5
PB304L-CX150T2-1/4S10,"10""",150,304L,"2-1/4""",968,978,10,1065,1076,11
PB316L-CX150T2-1/4S10,"10""",150,316L,"2-1/4""",1209,1222,13,1330,1345,15
PBAL6061-CX150T2-1/4S10,"10""",150,AL-6061,"2-1/4""",299,305,6,329,336,7
PB304-CX150T2-1/2S10,"10""",150,304,"2-1/2""",994,1002,8,1094,1103,9
PBSA36-CX150T2-1/2S10,"10""",150,SA-36,"2-1/2""",344,347,3,379,382,3
PBSA516-70-CX150T2-1/2S10,"10""",150,SA-516-70,"2-1/2""",394,399,5,434,439,5
PB304L-CX150T2-1/2S10,"10""",150,304L,"2-1/2""",1072,1083,11,1180,1192,12
PB316L-CX150T2-1/2S10,"10""",150,316L,"2-1/2""",1340,1354,14,1475,1490,15
PBAL6061-CX150T2-1/2S10,"10""",150,AL-6061,"2-1/2""",329,335,6,362,369,7
PB304-CX150T3S10,"10""",150,304,"3""",1185,1196,11,1304,1316,12
PBSA36-CX150T3S10,"10""",150,SA-36,"3""",405,409,4,446,450,4
PBSA516-70-CX150T3S10,"10""",150,SA-516-70,"3""",465,471,6,512,519,7
PB304L-CX150T3S10,"10""",150,304L,"3""",1280,1292,12,1408,1422,14
PB316L-CX150T3S10,"10""",150,316L,"3""",1601,1617,16,1762,1779,17
PBAL6061-CX150T3S10,"10""",150,AL-6061,"3""",388,395,7,427,435,8
PBSA516-70-CX150T11GAS12,"12""",150,SA-516-70,11 Gauge,62,63,1,69,70,1
PB304L-CX150T11GAS12,"12""",150,304L,11 Gauge,109,110,1,120,122,2
PB316L-CX150T11GAS12,"12""",150,316L,11 Gauge,128,129,1,141,142,1
PBSA516-70-CX150T1/8S12,"12""",150,SA-516-70,"1/8""",63,64,1,70,71,1
PB304L-CX150T1/8S12,"12""",150,304L,"1/8""",112,113,1,124,125,1
PB316L-CX150T1/8S12,"12""",150,316L,"1/8""",132,133,1,146,147,1
PB304-CX150T3/16S12,"12""",150,304,"3/16""",141,142,1,156,157,1
PBSA516-70-CX150T3/16S12,"12""",150,SA-516-70,"3/16""",76,77,1,84,85,1
PB304L-CX150T3/16S12,"12""",150,304L,"3/16""",150,151,1,165,167,2
PB316L-CX150T3/16S12,"12""",150,316L,"3/16""",179,180,1,197,199,2
PBAL6061-CX150T3/16S12,"12""",150,AL-6061,"3/16""",69,70,1,76,77,1
PB304-CX150T1/4S12,"12""",150,304,"1/4""",176,177,1,194,195,1
PBSA516-70-CX150T1/4S12,"12""",150,SA-516-70,"1/4""",89,90,1,98,100,2
PB304L-CX150T1/4S12,"12""",150,304L,"1/4""",187,189,2,206,208,2
PB316L-CX150T1/4S12,"12""",150,316L,"1/4""",226,228,2,249,251,2
PBAL6061-CX150T1/4S12,"12""",150,AL-6061,"1/4""",80,81,1,88,90,2
PB304-CX150T5/16S12,"12""",150,304,"5/16""",211,212,1,233,234,1
PBSA36-CX150T5/16S12,"12""",150,SA-36,"5/16""",93,94,1,103,104,1
PBSA516-70-CX150T5/16S12,"12""",150,SA-516-70,"5/16""",102,103,1,113,114,1
PB304L-CX150T5/16S12,"12""",150,304L,"5/16""",225,227,2,248,250,2
PB316L-CX150T5/16S12,"12""",150,316L,"5/16""",273,276,3,301,304,3
PBAL6061-CX150T5/16S12,"12""",150,AL-6061,"5/16""",91,92,1,101,102,1
PB304-CX150T3/8S12,"12""",150,304,"3/8""",245,247,2,270,272,2
PBSA36-CX150T3/8S12,"12""",150,SA-36,"3/8""",104,105,1,115,116,1
PBSA516-70-CX150T3/8S12,"12""",150,SA-516-70,"3/8""",115,116,1,127,128,1
PB304L-CX150T3/8S12,"12""",150,304L,"3/8""",262,265,3,289,292,3
PB316L-CX150T3/8S12,"12""",150,316L,"3/8""",320,323,3,352,356,4
PBAL6061-CX150T3/8S12,"12""",150,AL-6061,"3/8""",101,102,1,112,113,1
PB304-CX150T1/2S12,"12""",150,304,"1/2""",315,317,2,347,349,2
PBSA36-CX150T1/2S12,"12""",150,SA-36,"1/2""",127,128,1,140,141,1
PBSA516-70-CX150T1/2S12,"12""",150,SA-516-70,"1/2""",141,143,2,156,158,2
PB304L-CX150T1/2S12,"12""",150,304L,"1/2""",337,340,3,371,375,4
PB316L-CX150T1/2S12,"12""",150,316L,"1/2""",415,419,4,457,461,4
PBAL6061-CX150T1/2S12,"12""",150,AL-6061,"1/2""",122,124,2,135,137,2
PB304-CX150T5/8S12,"12""",150,304,"5/8""",384,387,3,423,426,3
PBSA36-CX150T5/8S12,"12""",150,SA-36,"5/8""",149,150,1,164,165,1
PBSA516-70-CX150T5/8S12,"12""",150,SA-516-70,"5/8""",167,169,2,184,186,2
PB304L-CX150T5/8S12,"12""",150,304L,"5/8""",412,416,4,454,458,4
PB316L-CX150T5/8S12,"12""",150,316L,"5/8""",509,514,5,560,566,6
PBAL6061-CX150T5/8S12,"12""",150,AL-6061,"5/8""",144,146,2,159,161,2
PB304-CX150T3/4S12,"12""",150,304,"3/4""",453,457,4,499,503,4
PBSA36-CX150T3/4S12,"12""",150,SA-36,"3/4""",171,173,2,189,191,2
PBSA516-70-CX150T3/4S12,"12""",150,SA-516-70,"3/4""",193,195,2,213,215,2
PB304L-CX150T3/4S12,"12""",150,304L,"3/4""",487,492,5,536,542,6
PB316L-CX150T3/4S12,"12""",150,316L,"3/4""",603,609,6,664,670,6
PBAL6061-CX150T3/4S12,"12""",150,AL-6061,"3/4""",165,167,2,182,184,2
PB304-CX150T7/8S12,"12""",150,304,"7/8""",523,527,4,576,580,4
PBSA36-CX150T7/8S12,"12""",150,SA-36,"7/8""",194,195,1,214,215,1
PBSA516-70-CX150T7/8S12,"12""",150,SA-516-70,"7/8""",219,221,2,241,244,3
PB304L-CX150T7/8S12,"12""",150,304L,"7/8""",562,568,6,619,625,6
PB316L-CX150T7/8S12,"12""",150,316L,"7/8""",698,705,7,768,776,8
PBAL6061-CX150T7/8S12,"12""",150,AL-6061,"7/8""",186,189,3,205,208,3
PB304-CX150T1S12,"12""",150,304,"1""",592,597,5,652,657,5
PBSA36-CX150T1S12,"12""",150,SA-36,"1""",216,218,2,238,240,2
PBSA516-70-CX150T1S12,"12""",150,SA-516-70,"1""",245,248,3,270,273,3
PB304L-CX150T1S12,"12""",150,304L,"1""",637,643,6,701,708,7
PB316L-CX150T1S12,"12""",150,316L,"1""",792,800,8,872,881,9
PBAL6061-CX150T1S12,"12""",150,AL-6061,"1""",207,211,4,228,233,5
PB304-CX150T1-1/8S12,"12""",150,304,"1-1/8""",661,667,6,728,734,6
PBSA36-CX150T1-1/8S12,"12""",150,SA-36,"1-1/8""",238,240,2,262,264,2
PBSA516-70-CX150T1-1/8S12,"12""",150,SA-516-70,"1-1/8""",271,274,3,299,302,3
PB304L-CX150T1-1/8S12,"12""",150,304L,"1-1/8""",712,719,7,784,791,7
PB316L-CX150T1-1/8S12,"12""",150,316L,"1-1/8""",886,895,9,975,985,10
PBAL6061-CX150T1-1/8S12,"12""",150,AL-6061,"1-1/8""",229,232,3,252,256,4
PB304-CX150T1-1/4S12,"12""",150,304,"1-1/4""",731,737,6,805,811,6
PBSA36-CX150T1-1/4S12,"12""",150,SA-36,"1-1/4""",261,263,2,288,290,2
PBSA516-70-CX150T1-1/4S12,"12""",150,SA-516-70,"1-1/4""",297,300,3,327,330,3
PB304L-CX150T1-1/4S12,"12""",150,304L,"1-1/4""",787,795,8,866,875,9
PB316L-CX150T1-1/4S12,"12""",150,316L,"1-1/4""",981,991,10,1080,1091,11
PBAL6061-CX150T1-1/4S12,"12""",150,AL-6061,"1-1/4""",250,254,4,275,280,5
PB304-CX150T1-3/8S12,"12""",150,304,"1-3/8""",800,807,7,881,888,7
PBSA36-CX150T1-3/8S12,"12""",150,SA-36,"1-3/8""",283,286,3,312,315,3
PBSA516-70-CX150T1-3/8S12,"12""",150,SA-516-70,"1-3/8""",323,327,4,356,360,4
PB304L-CX150T1-3/8S12,"12""",150,304L,"1-3/8""",862,871,9,949,959,10
PB316L-CX150T1-3/8S12,"12""",150,316L,"1-3/8""",1075,1086,11,1183,1195,12
PBAL6061-CX150T1-3/8S12,"12""",150,AL-6061,"1-3/8""",271,276,5,299,304,5
PB304-CX150T1-1/2S12,"12""",150,304,"1-1/2""",869,877,8,956,965,9
PBSA36-CX150T1-1/2S12,"12""",150,SA-36,"1-1/2""",305,308,3,336,339,3
PBSA516-70-CX150T1-1/2S12,"12""",150,SA-516-70,"1-1/2""",349,353,4,384,389,5
PB304L-CX150T1-1/2S12,"12""",150,304L,"1-1/2""",937,946,9,1031,1041,10
PB316L-CX150T1-1/2S12,"12""",150,316L,"1-1/2""",1169,1181,12,1286,1300,14
PBAL6061-CX150T1-1/2S12,"12""",150,AL-6061,"1-1/2""",292,297,5,322,327,5
PB304-CX150T1-5/8S12,"12""",150,304,"1-5/8""",938,947,9,1032,1042,10
PBSA36-CX150T1-5/8S12,"12""",150,SA-36,"1-5/8""",327,331,4,360,365,5
PBSA516-70-CX150T1-5/8S12,"12""",150,SA-516-70,"1-5/8""",375,379,4,413,417,4
PB304L-CX150T1-5/8S12,"12""",150,304L,"1-5/8""",1012,1022,10,1114,1125,11
PB316L-CX150T1-5/8S12,"12""",150,316L,"1-5/8""",1264,1277,13,1391,1405,14
PBAL6061-CX150T1-5/8S12,"12""",150,AL-6061,"1-5/8""",314,319,5,346,351,5
PB304-CX150T1-3/4S12,"12""",150,304,"1-3/4""",1008,1017,9,1109,1119,10
PBSA36-CX150T1-3/4S12,"12""",150,SA-36,"1-3/4""",350,353,3,386,389,3
PBSA516-70-CX150T1-3/4S12,"12""",150,SA-516-70,"1-3/4""",400,406,6,441,447,6
PB304L-CX150T1-3/4S12,"12""",150,304L,"1-3/4""",1087,1098,11,1196,1208,12
PB316L-CX150T1-3/4S12,"12""",150,316L,"1-3/4""",1358,1372,14,1494,1510,16
PBAL6061-CX150T1-3/4S12,"12""",150,AL-6061,"1-3/4""",335,341,6,369,376,7
PB304-CX150T1-7/8S12,"12""",150,304,"1-7/8""",1077,1087,10,1185,1196,11
PBSA36-CX150T1-7/8S12,"12""",150,SA-36,"1-7/8""",372,376,4,410,414,4
PBSA516-70-CX150T1-7/8S12,"12""",150,SA-516-70,"1-7/8""",426,432,6,469,476,7
PB304L-CX150T1-7/8S12,"12""",150,304L,"1-7/8""",1162,1173,11,1279,1291,12
PB316L-CX150T1-7/8S12,"12""",150,316L,"1-7/8""",1452,1467,15,1598,1614,16
PBAL6061-CX150T1-7/8S12,"12""",150,AL-6061,"1-7/8""",356,363,7,392,400,8
PB304-CX150T2S12,"12""",150,304,"2""",1146,1156,10,1261,1272,11
PBSA36-CX150T2S12,"12""",150,SA-36,"2""",394,398,4,434,438,4
PBSA516-70-CX150T2S12,"12""",150,SA-516-70,"2""",452,458,6,498,504,6
PB304L-CX150T2S12,"12""",150,304L,"2""",1237,1249,12,1361,1374,13
PB316L-CX150T2S12,"12""",150,316L,"2""",1547,1563,16,1702,1720,18
PBAL6061-CX150T2S12,"12""",150,AL-6061,"2""",377,384,7,415,423,8
PB304-CX150T2-1/4S12,"12""",150,304,"2-1/4""",1285,1296,11,1414,1426,12
PBSA36-CX150T2-1/4S12,"12""",150,SA-36,"2-1/4""",439,443,4,483,488,5
PBSA516-70-CX150T2-1/4S12,"12""",150,SA-516-70,"2-1/4""",504,511,7,555,563,8
PB304L-CX150T2-1/4S12,"12""",150,304L,"2-1/4""",1387,1401,14,1526,1542,16
PB316L-CX150T2-1/4S12,"12""",150,316L,"2-1/4""",1735,1753,18,1909,1929,20
PBAL6061-CX150T2-1/4S12,"12""",150,AL-6061,"2-1/4""",420,428,8,463,471,8
PB304-CX150T2-1/2S12,"12""",150,304,"2-1/2""",1424,1436,12,1567,1580,13
PBSA36-CX150T2-1/2S12,"12""",150,SA-36,"2-1/2""",484,489,5,533,538,5
PBSA516-70-CX150T2-1/2S12,"12""",150,SA-516-70,"2-1/2""",556,563,7,612,620,8
PB304L-CX150T2-1/2S12,"12""",150,304L,"2-1/2""",1537,1552,15,1691,1708,17
PB316L-CX150T2-1/2S12,"12""",150,316L,"2-1/2""",1924,1944,20,2117,2139,22
PBAL6061-CX150T2-1/2S12,"12""",150,AL-6061,"2-1/2""",462,471,9,509,519,10
PB304-CX150T3S12,"12""",150,304,"3""",1701,1716,15,1872,1888,16
PBSA36-CX150T3S12,"12""",150,SA-36,"3""",573,579,6,631,637,6
PBSA516-70-CX150T3S12,"12""",150,SA-516-70,"3""",660,669,9,727,736,9
PB304L-CX150T3S12,"12""",150,304L,"3""",1837,1855,18,2021,2041,20
PB316L-CX150T3S12,"12""",150,316L,"3""",2301,2325,24,2532,2558,26
PBAL6061-CX150T3S12,"12""",150,AL-6061,"3""",547,558,11,602,614,12
PB304-CX150T11GAS14,"14""",150,304,11 Gauge,121,122,1,134,135,1
PB316L-CX150T11GAS14,"14""",150,316L,11 Gauge,150,151,1,165,167,2
PBAL6061-CX150T11GAS14,"14""",150,AL-6061,11 Gauge,65,66,1,72,73,1
PBSA516-70-CX150T1/8S14,"14""",150,SA-516-70,"1/8""",72,73,1,80,81,1
PB316L-CX150T1/8S14,"14""",150,316L,"1/8""",155,156,1,171,172,1
PBAL6061-CX150T1/8S14,"14""",150,AL-6061,"1/8""",66,67,1,73,74,1
PB304-CX150T3/16S14,"14""",150,304,"3/16""",167,168,1,184,185,1
PBSA36-CX150T3/16S14,"14""",150,SA-36,"3/16""",81,82,1,90,91,1
PB304L-CX150T3/16S14,"14""",150,304L,"3/16""",177,178,1,195,196,1
PB316L-CX150T3/16S14,"14""",150,316L,"3/16""",212,214,2,234,236,2
PBAL6061-CX150T3/16S14,"14""",150,AL-6061,"3/16""",79,80,1,87,88,1
PB304-CX150T1/4S14,"14""",150,304,"1/4""",209,210,1,230,232,2
PB304L-CX150T1/4S14,"14""",150,304L,"1/4""",222,224,2,245,247,2
PB316L-CX150T1/4S14,"14""",150,316L,"1/4""",269,272,3,296,300,4
PBAL6061-CX150T1/4S14,"14""",150,AL-6061,"1/4""",92,93,1,102,103,1
PB304-CX150T5/16S14,"14""",150,304,"5/16""",251,253,2,277,279,2
PBSA36-CX150T5/16S14,"14""",150,SA-36,"5/16""",108,109,1,119,120,1
PBSA516-70-CX150T5/16S14,"14""",150,SA-516-70,"5/16""",119,120,1,131,132,1
PB304L-CX150T5/16S14,"14""",150,304L,"5/16""",268,270,2,295,297,2
PB316L-CX150T5/16S14,"14""",150,316L,"5/16""",326,329,3,359,362,3
PBAL6061-CX150T5/16S14,"14""",150,AL-6061,"5/16""",105,106,1,116,117,1
PB304-CX150T3/8S14,"14""",150,304,"3/8""",293,295,2,323,325,2
PBSA36-CX150T3/8S14,"14""",150,SA-36,"3/8""",122,123,1,135,136,1
PBSA516-70-CX150T3/8S14,"14""",150,SA-516-70,"3/8""",135,136,1,149,150,1
PB304L-CX150T3/8S14,"14""",150,304L,"3/8""",313,316,3,345,348,3
PB316L-CX150T3/8S14,"14""",150,316L,"3/8""",383,387,4,422,426,4
PBAL6061-CX150T3/8S14,"14""",150,AL-6061,"3/8""",118,119,1,130,131,1
PB304-CX150T1/2S14,"14""",150,304,"1/2""",376,380,4,414,419,5
PBSA36-CX150T1/2S14,"14""",150,SA-36,"1/2""",149,150,1,164,165,1
PBSA516-70-CX150T1/2S14,"14""",150,SA-516-70,"1/2""",166,168,2,183,185,2
PB304L-CX150T1/2S14,"14""",150,304L,"1/2""",404,408,4,445,449,4
PB316L-CX150T1/2S14,"14""",150,316L,"1/2""",498,503,5,548,554,6
PBAL6061-CX150T1/2S14,"14""",150,AL-6061,"1/2""",144,146,2,159,161,2
PB304-CX150T5/8S14,"14""",150,304,"5/8""",460,464,4,507,511,4
PBSA36-CX150T5/8S14,"14""",150,SA-36,"5/8""",176,177,1,194,195,1
PBSA516-70-CX150T5/8S14,"14""",150,SA-516-70,"5/8""",198,200,2,218,221,3
PB304L-CX150T5/8S14,"14""",150,304L,"5/8""",495,499,4,545,549,4
PB316L-CX150T5/8S14,"14""",150,316L,"5/8""",612,618,6,674,680,6
PBAL6061-CX150T5/8S14,"14""",150,AL-6061,"5/8""",169,172,3,186,190,4
PB304-CX150T3/4S14,"14""",150,304,"3/4""",544,549,5,599,604,5
PBSA36-CX150T3/4S14,"14""",150,SA-36,"3/4""",203,205,2,224,226,2
PBSA516-70-CX150T3/4S14,"14""",150,SA-516-70,"3/4""",229,232,3,252,256,4
PB304L-CX150T3/4S14,"14""",150,304L,"3/4""",586,591,5,645,651,6
PB316L-CX150T3/4S14,"14""",150,316L,"3/4""",726,734,8,799,808,9
PBAL6061-CX150T3/4S14,"14""",150,AL-6061,"3/4""",195,198,3,215,218,3
PB304-CX150T7/8S14,"14""",150,304,"7/8""",628,634,6,691,698,7
PBSA36-CX150T7/8S14,"14""",150,SA-36,"7/8""",230,232,2,254,256,2
PBSA516-70-CX150T7/8S14,"14""",150,SA-516-70,"7/8""",261,264,3,288,291,3
PB304L-CX150T7/8S14,"14""",150,304L,"7/8""",676,683,7,744,752,8
PB316L-CX150T7/8S14,"14""",150,316L,"7/8""",840,849,9,925,934,9
PBAL6061-CX150T7/8S14,"14""",150,AL-6061,"7/8""",221,225,4,244,248,4
PB304-CX150T1S14,"14""",150,304,"1""",712,718,6,784,790,6
PBSA36-CX150T1S14,"14""",150,SA-36,"1""",257,259,2,283,285,2
PBSA516-70-CX150T1S14,"14""",150,SA-516-70,"1""",292,296,4,322,326,4
PB304L-CX150T1S14,"14""",150,304L,"1""",767,775,8,844,853,9
PB316L-CX150T1S14,"14""",150,316L,"1""",955,964,9,1051,1061,10
PBAL6061-CX150T1S14,"14""",150,AL-6061,"1""",247,251,4,272,277,5
PB304-CX150T1-1/8S14,"14""",150,304,"1-1/8""",796,803,7,876,884,8
PBSA36-CX150T1-1/8S14,"14""",150,SA-36,"1-1/8""",284,287,3,313,316,3
PBSA516-70-CX150T1-1/8S14,"14""",150,SA-516-70,"1-1/8""",323,327,4,356,360,4
PB304L-CX150T1-1/8S14,"14""",150,304L,"1-1/8""",858,866,8,944,953,9
PB316L-CX150T1-1/8S14,"14""",150,316L,"1-1/8""",1069,1080,11,1176,1188,12
PBAL6061-CX150T1-1/8S14,"14""",150,AL-6061,"1-1/8""",272,277,5,300,305,5
PB304-CX150T1-1/4S14,"14""",150,304,"1-1/4""",880,888,8,969,977,8
PBSA36-CX150T1-1/4S14,"14""",150,SA-36,"1-1/4""",311,314,3,343,346,3
PBSA516-70-CX150T1-1/4S14,"14""",150,SA-516-70,"1-1/4""",355,359,4,391,395,4
PB304L-CX150T1-1/4S14,"14""",150,304L,"1-1/4""",949,958,9,1044,1054,10
PB316L-CX150T1-1/4S14,"14""",150,316L,"1-1/4""",1183,1195,12,1302,1315,13
PBAL6061-CX150T1-1/4S14,"14""",150,AL-6061,"1-1/4""",298,303,5,328,334,6
PB304-CX150T1-3/8S14,"14""",150,304,"1-3/8""",964,973,9,1061,1071,10
PBSA36-CX150T1-3/8S14,"14""",150,SA-36,"1-3/8""",338,341,3,372,376,4
PBSA516-70-CX150T1-3/8S14,"14""",150,SA-516-70,"1-3/8""",386,391,5,425,431,6
PB304L-CX150T1-3/8S14,"14""",150,304L,"1-3/8""",1040,1050,10,1144,1155,11
PB316L-CX150T1-3/8S14,"14""",150,316L,"1-3/8""",1297,1311,14,1427,1443,16
PBAL6061-CX150T1-3/8S14,"14""",150,AL-6061,"1-3/8""",324,330,6,357,364,7
PB304-CX150T1-1/2S14,"14""",150,304,"1-1/2""",1048,1057,9,1153,1163,10
PBSA36-CX150T1-1/2S14,"14""",150,SA-36,"1-1/2""",365,369,4,402,406,4
PBSA516-70-CX150T1-1/2S14,"14""",150,SA-516-70,"1-1/2""",418,423,5,460,466,6
PB304L-CX150T1-1/2S14,"14""",150,304L,"1-1/2""",1131,1142,11,1245,1257,12
PB316L-CX150T1-1/2S14,"14""",150,316L,"1-1/2""",1411,1426,15,1553,1569,16
PBAL6061-CX150T1-1/2S14,"14""",150,AL-6061,"1-1/2""",350,356,6,386,392,6
PB304-CX150T1-5/8S14,"14""",150,304,"1-5/8""",1132,1142,10,1246,1257,11
PBSA36-CX150T1-5/8S14,"14""",150,SA-36,"1-5/8""",392,396,4,432,436,4
PBSA516-70-CX150T1-5/8S14,"14""",150,SA-516-70,"1-5/8""",449,455,6,494,501,7
PB304L-CX150T1-5/8S14,"14""",150,304L,"1-5/8""",1221,1233,12,1344,1357,13
PB316L-CX150T1-5/8S14,"14""",150,316L,"1-5/8""",1526,1542,16,1679,1697,18
PBAL6061-CX150T1-5/8S14,"14""",150,AL-6061,"1-5/8""",375,382,7,413,421,8
PB304-CX150T1-3/4S14,"14""",150,304,"1-3/4""",1216,1227,11,1338,1350,12
PBSA36-CX150T1-3/4S14,"14""",150,SA-36,"1-3/4""",419,423,4,461,466,5
PBSA516-70-CX150T1-3/4S14,"14""",150,SA-516-70,"1-3/4""",480,487,7,528,536,8
PB304L-CX150T1-3/4S14,"14""",150,304L,"1-3/4""",1312,1325,13,1444,1458,14
PB316L-CX150T1-3/4S14,"14""",150,316L,"1-3/4""",1640,1657,17,1805,1823,18
PBAL6061-CX150T1-3/4S14,"14""",150,AL-6061,"1-3/4""",401,408,7,442,449,7
PB304-CX150T1-7/8S14,"14""",150,304,"1-7/8""",1300,1311,11,1431,1443,12
PBSA36-CX150T1-7/8S14,"14""",150,SA-36,"1-7/8""",446,451,5,491,497,6
PBSA516-70-CX150T1-7/8S14,"14""",150,SA-516-70,"1-7/8""",512,518,6,564,570,6
PB304L-CX150T1-7/8S14,"14""",150,304L,"1-7/8""",1403,1417,14,1544,1559,15
PB316L-CX150T1-7/8S14,"14""",150,316L,"1-7/8""",1754,1773,19,1930,1951,21
PBAL6061-CX150T1-7/8S14,"14""",150,AL-6061,"1-7/8""",427,435,8,470,479,9
PB304-CX150T2S14,"14""",150,304,"2""",1384,1396,12,1523,1536,13
PBSA36-CX150T2S14,"14""",150,SA-36,"2""",473,478,5,521,526,5
PBSA516-70-CX150T2S14,"14""",150,SA-516-70,"2""",543,550,7,598,605,7
PB304L-CX150T2S14,"14""",150,304L,"2""",1494,1508,14,1644,1659,15
PB316L-CX150T2S14,"14""",150,316L,"2""",1868,1888,20,2055,2077,22
PBAL6061-CX150T2S14,"14""",150,AL-6061,"2""",453,461,8,499,508,9
PB304-CX150T2-1/4S14,"14""",150,304,"2-1/4""",1552,1566,14,1708,1723,15
PBSA36-CX150T2-1/4S14,"14""",150,SA-36,"2-1/4""",527,533,6,580,587,7
PBSA516-70-CX150T2-1/4S14,"14""",150,SA-516-70,"2-1/4""",606,614,8,667,676,9
PB304L-CX150T2-1/4S14,"14""",150,304L,"2-1/4""",1675,1692,17,1843,1862,19
PB316L-CX150T2-1/4S14,"14""",150,316L,"2-1/4""",2097,2119,22,2307,2331,24
PBAL6061-CX150T2-1/4S14,"14""",150,AL-6061,"2-1/4""",504,513,9,555,565,10
PB304-CX150T2-1/2S14,"14""",150,304,"2-1/2""",1720,1735,15,1893,1909,16
PBSA36-CX150T2-1/2S14,"14""",150,SA-36,"2-1/2""",581,587,6,640,646,6
PBSA516-70-CX150T2-1/2S14,"14""",150,SA-516-70,"2-1/2""",669,678,9,736,746,10
PB304L-CX150T2-1/2S14,"14""",150,304L,"2-1/2""",1857,1875,18,2043,2063,20
PB316L-CX150T2-1/2S14,"14""",150,316L,"2-1/2""",2325,2350,25,2558,2585,27
PBAL6061-CX150T2-1/2S14,"14""",150,AL-6061,"2-1/2""",556,566,10,612,623,11
PB304-CX150T3S14,"14""",150,304,"3""",2055,2074,19,2261,2282,21
PBSA36-CX150T3S14,"14""",150,SA-36,"3""",689,696,7,758,766,8
PBSA516-70-CX150T3S14,"14""",150,SA-516-70,"3""",795,805,10,875,886,11
PB304L-CX150T3S14,"14""",150,304L,"3""",2220,2242,22,2442,2467,25
PB316L-CX150T3S14,"14""",150,316L,"3""",2782,2812,30,3061,3094,33
PBAL6061-CX150T3S14,"14""",150,AL-6061,"3""",658,671,13,724,739,15
PB304-CX150T11GAS16,"16""",150,304,11 Gauge,149,150,1,164,165,1
PBSA36-CX150T11GAS16,"16""",150,SA-36,11 Gauge,78,79,1,86,87,1
PB304L-CX150T11GAS16,"16""",150,304L,11 Gauge,158,159,1,174,175,1
PB316L-CX150T11GAS16,"16""",150,316L,11 Gauge,187,188,1,206,207,1
PB304-CX150T1/8S16,"16""",150,304,"1/8""",154,155,1,170,171,1
PB304L-CX150T1/8S16,"16""",150,304L,"1/8""",163,164,1,180,181,1
PB316L-CX150T1/8S16,"16""",150,316L,"1/8""",193,195,2,213,215,2
PBAL6061-CX150T1/8S16,"16""",150,AL-6061,"1/8""",78,79,1,86,87,1
PB304-CX150T3/16S16,"16""",150,304,"3/16""",208,210,2,229,232,3
PBSA516-70-CX150T3/16S16,"16""",150,SA-516-70,"3/16""",106,107,1,117,118,1
PB304L-CX150T3/16S16,"16""",150,304L,"3/16""",222,223,1,245,246,1
PB316L-CX150T3/16S16,"16""",150,316L,"3/16""",267,270,3,294,297,3
PBAL6061-CX150T3/16S16,"16""",150,AL-6061,"3/16""",95,96,1,105,106,1
PB304-CX150T1/4S16,"16""",150,304,"1/4""",263,265,2,290,292,2
PBSA36-CX150T1/4S16,"16""",150,SA-36,"1/4""",115,116,1,127,128,1
PBSA516-70-CX150T1/4S16,"16""",150,SA-516-70,"1/4""",126,128,2,139,141,2
PB304L-CX150T1/4S16,"16""",150,304L,"1/4""",281,283,2,310,312,2
PB316L-CX150T1/4S16,"16""",150,316L,"1/4""",341,344,3,376,379,3
PBAL6061-CX150T1/4S16,"16""",150,AL-6061,"1/4""",112,113,1,124,125,1
PB304-CX150T5/16S16,"16""",150,304,"5/16""",317,320,3,349,352,3
PBSA36-CX150T5/16S16,"16""",150,SA-36,"5/16""",133,134,1,147,148,1
PBSA516-70-CX150T5/16S16,"16""",150,SA-516-70,"5/16""",147,148,1,162,163,1
PB304L-CX150T5/16S16,"16""",150,304L,"5/16""",339,342,3,373,377,4
PB316L-CX150T5/16S16,"16""",150,316L,"5/16""",415,419,4,457,461,4
PBAL6061-CX150T5/16S16,"16""",150,AL-6061,"5/16""",128,130,2,141,143,2
PB304-CX150T3/8S16,"16""",150,304,"3/8""",372,375,3,410,413,3
PBSA36-CX150T3/8S16,"16""",150,SA-36,"3/8""",150,151,1,165,167,2
PBSA516-70-CX150T3/8S16,"16""",150,SA-516-70,"3/8""",167,169,2,184,186,2
PB304L-CX150T3/8S16,"16""",150,304L,"3/8""",398,402,4,438,443,5
PB316L-CX150T3/8S16,"16""",150,316L,"3/8""",490,494,4,539,544,5
PBAL6061-CX150T3/8S16,"16""",150,AL-6061,"3/8""",145,147,2,160,162,2
PB304-CX150T1/2S16,"16""",150,304,"1/2""",481,485,4,530,534,4
PBSA36-CX150T1/2S16,"16""",150,SA-36,"1/2""",185,187,2,204,206,2
PBSA516-70-CX150T1/2S16,"16""",150,SA-516-70,"1/2""",208,210,2,229,232,3
PB304L-CX150T1/2S16,"16""",150,304L,"1/2""",516,521,5,568,574,6
PB316L-CX150T1/2S16,"16""",150,316L,"1/2""",638,644,6,702,709,7
PBAL6061-CX150T1/2S16,"16""",150,AL-6061,"1/2""",178,181,3,196,200,4
PB304-CX150T5/8S16,"16""",150,304,"5/8""",590,594,4,649,654,5
PBSA36-CX150T5/8S16,"16""",150,SA-36,"5/8""",220,222,2,243,245,2
PBSA516-70-CX150T5/8S16,"16""",150,SA-516-70,"5/8""",249,252,3,274,278,4
PB304L-CX150T5/8S16,"16""",150,304L,"5/8""",634,640,6,698,704,6
PB316L-CX150T5/8S16,"16""",150,316L,"5/8""",786,794,8,865,874,9
PBAL6061-CX150T5/8S16,"16""",150,AL-6061,"5/8""",212,215,3,234,237,3
PB304-CX150T3/4S16,"16""",150,304,"3/4""",698,704,6,768,775,7
PBSA36-CX150T3/4S16,"16""",150,SA-36,"3/4""",255,258,3,281,284,3
PBSA516-70-CX150T3/4S16,"16""",150,SA-516-70,"3/4""",289,293,4,318,323,5
PB304L-CX150T3/4S16,"16""",150,304L,"3/4""",752,759,7,828,835,7
PB316L-CX150T3/4S16,"16""",150,316L,"3/4""",934,944,10,1028,1039,11
PBAL6061-CX150T3/4S16,"16""",150,AL-6061,"3/4""",245,249,4,270,274,4
PB304-CX150T7/8S16,"16""",150,304,"7/8""",807,814,7,888,896,8
PBSA36-CX150T7/8S16,"16""",150,SA-36,"7/8""",290,293,3,319,323,4
PBSA516-70-CX150T7/8S16,"16""",150,SA-516-70,"7/8""",330,334,4,364,368,4
PB304L-CX150T7/8S16,"16""",150,304L,"7/8""",870,878,8,958,966,8
PB316L-CX150T7/8S16,"16""",150,316L,"7/8""",1082,1094,12,1191,1204,13
PBAL6061-CX150T7/8S16,"16""",150,AL-6061,"7/8""",279,283,4,307,312,5
PB304-CX150T1S16,"16""",150,304,"1""",916,924,8,1008,1017,9
PBSA36-CX150T1S16,"16""",150,SA-36,"1""",325,328,3,358,361,3
PBSA516-70-CX150T1S16,"16""",150,SA-516-70,"1""",371,376,5,409,414,5
PB304L-CX150T1S16,"16""",150,304L,"1""",988,997,9,1087,1097,10
PB316L-CX150T1S16,"16""",150,316L,"1""",1231,1243,12,1355,1368,13
PBAL6061-CX150T1S16,"16""",150,AL-6061,"1""",312,317,5,344,349,5
PB304-CX150T1-1/8S16,"16""",150,304,"1-1/8""",1025,1034,9,1128,1138,10
PBSA36-CX150T1-1/8S16,"16""",150,SA-36,"1-1/8""",361,364,3,398,401,3
PBSA516-70-CX150T1-1/8S16,"16""",150,SA-516-70,"1-1/8""",412,417,5,454,459,5
PB304L-CX150T1-1/8S16,"16""",150,304L,"1-1/8""",1105,1116,11,1216,1228,12
PB316L-CX150T1-1/8S16,"16""",150,316L,"1-1/8""",1379,1393,14,1517,1533,16
PBAL6061-CX150T1-1/8S16,"16""",150,AL-6061,"1-1/8""",346,352,6,381,388,7
PB304-CX150T1-1/4S16,"16""",150,304,"1-1/4""",1134,1144,10,1248,1259,11
PBSA36-CX150T1-1/4S16,"16""",150,SA-36,"1-1/4""",396,399,3,436,439,3
PBSA516-70-CX150T1-1/4S16,"16""",150,SA-516-70,"1-1/4""",452,458,6,498,504,6
PB304L-CX150T1-1/4S16,"16""",150,304L,"1-1/4""",1223,1235,12,1346,1359,13
PB316L-CX150T1-1/4S16,"16""",150,316L,"1-1/4""",1527,1543,16,1680,1698,18
PBAL6061-CX150T1-1/4S16,"16""",150,AL-6061,"1-1/4""",379,386,7,417,425,8
PB304-CX150T1-3/8S16,"16""",150,304,"1-3/8""",1243,1254,11,1368,1380,12
PBSA36-CX150T1-3/8S16,"16""",150,SA-36,"1-3/8""",431,435,4,475,479,4
PBSA516-70-CX150T1-3/8S16,"16""",150,SA-516-70,"1-3/8""",493,499,6,543,549,6
PB304L-CX150T1-3/8S16,"16""",150,304L,"1-3/8""",1341,1354,13,1476,1490,14
PB316L-CX150T1-3/8S16,"16""",150,316L,"1-3/8""",1675,1693,18,1843,1863,20
PBAL6061-CX150T1-3/8S16,"16""",150,AL-6061,"1-3/8""",412,420,8,454,463,9
PB304-CX150T1-1/2S16,"16""",150,304,"1-1/2""",1352,1364,12,1488,1501,13
PBSA36-CX150T1-1/2S16,"16""",150,SA-36,"1-1/2""",466,470,4,513,517,4
PBSA516-70-CX150T1-1/2S16,"16""",150,SA-516-70,"1-1/2""",534,541,7,588,596,8
PB304L-CX150T1-1/2S16,"16""",150,304L,"1-1/2""",1459,1473,14,1605,1621,16
PB316L-CX150T1-1/2S16,"16""",150,316L,"1-1/2""",1823,1843,20,2006,2028,22
PBAL6061-CX150T1-1/2S16,"16""",150,AL-6061,"1-1/2""",446,454,8,491,500,9
PB304-CX150T1-5/8S16,"16""",150,304,"1-5/8""",1461,1474,13,1608,1622,14
PBSA36-CX150T1-5/8S16,"16""",150,SA-36,"1-5/8""",501,506,5,552,557,5
PBSA516-70-CX150T1-5/8S16,"16""",150,SA-516-70,"1-5/8""",575,582,7,633,641,8
PB304L-CX150T1-5/8S16,"16""",150,304L,"1-5/8""",1577,1592,15,1735,1752,17
PB316L-CX150T1-5/8S16,"16""",150,316L,"1-5/8""",1972,1992,20,2170,2192,22
PBAL6061-CX150T1-5/8S16,"16""",150,AL-6061,"1-5/8""",479,488,9,527,537,10
PB304-CX150T1-3/4S16,"16""",150,304,"1-3/4""",1570,1584,14,1728,1743,15
PBSA36-CX150T1-3/4S16,"16""",150,SA-36,"1-3/4""",536,541,5,590,596,6
PBSA516-70-CX150T1-3/4S16,"16""",150,SA-516-70,"1-3/4""",615,623,8,677,686,9
PB304L-CX150T1-3/4S16,"16""",150,304L,"1-3/4""",1694,1711,17,1864,1883,19
PB316L-CX150T1-3/4S16,"16""",150,316L,"1-3/4""",2120,2142,22,2332,2357,25
PBAL6061-CX150T1-3/4S16,"16""",150,AL-6061,"1-3/4""",512,522,10,564,575,11
PB304-CX150T1-7/8S16,"16""",150,304,"1-7/8""",1679,1694,15,1847,1864,17
PBSA36-CX150T1-7/8S16,"16""",150,SA-36,"1-7/8""",571,577,6,629,635,6
PBSA516-70-CX150T1-7/8S16,"16""",150,SA-516-70,"1-7/8""",656,665,9,722,732,10
PB304L-CX150T1-7/8S16,"16""",150,304L,"1-7/8""",1812,1830,18,1994,2014,20
PB316L-CX150T1-7/8S16,"16""",150,316L,"1-7/8""",2268,2292,24,2495,2522,27
PBAL6061-CX150T1-7/8S16,"16""",150,AL-6061,"1-7/8""",546,556,10,601,612,11
PB304-CX150T2S16,"16""",150,304,"2""",1788,1803,15,1967,1984,17
PBSA36-CX150T2S16,"16""",150,SA-36,"2""",606,612,6,667,674,7
PBSA516-70-CX150T2S16,"16""",150,SA-516-70,"2""",697,706,9,767,777,10
PB304L-CX150T2S16,"16""",150,304L,"2""",1930,1949,19,2123,2144,21
PB316L-CX150T2S16,"16""",150,316L,"2""",2416,2442,26,2658,2687,29
PBAL6061-CX150T2S16,"16""",150,AL-6061,"2""",579,590,11,637,649,12
PB304-CX150T2-1/4S16,"16""",150,304,"2-1/4""",2005,2023,18,2206,2226,20
PBSA36-CX150T2-1/4S16,"16""",150,SA-36,"2-1/4""",676,683,7,744,752,8
PBSA516-70-CX150T2-1/4S16,"16""",150,SA-516-70,"2-1/4""",779,789,10,857,868,11
PB304L-CX150T2-1/4S16,"16""",150,304L,"2-1/4""",2166,2187,21,2383,2406,23
PB316L-CX150T2-1/4S16,"16""",150,316L,"2-1/4""",2713,2742,29,2985,3017,32
PBAL6061-CX150T2-1/4S16,"16""",150,AL-6061,"2-1/4""",646,658,12,711,724,13
PB304-CX150T2-1/2S16,"16""",150,304,"2-1/2""",2223,2243,20,2446,2468,22
PBSA36-CX150T2-1/2S16,"16""",150,SA-36,"2-1/2""",746,754,8,821,830,9
PBSA516-70-CX150T2-1/2S16,"16""",150,SA-516-70,"2-1/2""",860,871,11,947,959,12
PB304L-CX150T2-1/2S16,"16""",150,304L,"2-1/2""",2401,2425,24,2642,2668,26
PB316L-CX150T2-1/2S16,"16""",150,316L,"2-1/2""",3009,3041,32,3310,3346,36
PBAL6061-CX150T2-1/2S16,"16""",150,AL-6061,"2-1/2""",713,726,13,785,799,14
PB304-CX150T3S16,"16""",150,304,"3""",2659,2683,24,2925,2952,27
PBSA36-CX150T3S16,"16""",150,SA-36,"3""",887,896,9,976,986,10
PBSA516-70-CX150T3S16,"16""",150,SA-516-70,"3""",1023,1037,14,1126,1141,15
PB304L-CX150T3S16,"16""",150,304L,"3""",2873,2901,28,3161,3192,31
PB316L-CX150T3S16,"16""",150,316L,"3""",3602,3640,38,3963,4005,42
PBAL6061-CX150T3S16,"16""",150,AL-6061,"3""",846,862,16,931,949,18
PB304-CX150T11GAS18,"18""",150,304,11 Gauge,168,169,1,185,186,1
PBSA36-CX150T11GAS18,"18""",150,SA-36,11 Gauge,87,88,1,96,97,1
PB304L-CX150T11GAS18,"18""",150,304L,11 Gauge,178,179,1,196,197,1
PB316L-CX150T11GAS18,"18""",150,316L,11 Gauge,211,213,2,233,235,2
PB304-CX150T1/8S18,"18""",150,304,"1/8""",173,174,1,191,192,1
PBSA36-CX150T1/8S18,"18""",150,SA-36,"1/8""",89,90,1,98,100,2
PB304L-CX150T1/8S18,"18""",150,304L,"1/8""",183,185,2,202,204,2
PB316L-CX150T1/8S18,"18""",150,316L,"1/8""",218,220,2,240,243,3
PBAL6061-CX150T1/8S18,"18""",150,AL-6061,"1/8""",87,88,1,96,97,1
PB304-CX150T3/16S18,"18""",150,304,"3/16""",235,237,2,259,261,2
PBSA36-CX150T3/16S18,"18""",150,SA-36,"3/16""",109,110,1,120,122,2
PBSA516-70-CX150T3/16S18,"18""",150,SA-516-70,"3/16""",119,120,1,131,132,1
PB304L-CX150T3/16S18,"18""",150,304L,"3/16""",251,253,2,277,279,2
PB316L-CX150T3/16S18,"18""",150,316L,"3/16""",303,305,2,334,336,2
PBAL6061-CX150T3/16S18,"18""",150,AL-6061,"3/16""",106,107,1,117,118,1
PB304-CX150T1/4S18,"18""",150,304,"1/4""",298,300,2,328,330,2
PBSA36-CX150T1/4S18,"18""",150,SA-36,"1/4""",129,130,1,142,143,1
PBSA516-70-CX150T1/4S18,"18""",150,SA-516-70,"1/4""",142,143,1,157,158,1
PB304L-CX150T1/4S18,"18""",150,304L,"1/4""",318,321,3,350,354,4
PB316L-CX150T1/4S18,"18""",150,316L,"1/4""",387,391,4,426,431,5
PBAL6061-CX150T1/4S18,"18""",150,AL-6061,"1/4""",125,127,2,138,140,2
PB304-CX150T5/16S18,"18""",150,304,"5/16""",360,362,2,397,399,2
PBSA36-CX150T5/16S18,"18""",150,SA-36,"5/16""",149,150,1,164,165,1
PBSA516-70-CX150T5/16S18,"18""",150,SA-516-70,"5/16""",165,167,2,182,184,2
PB304L-CX150T5/16S18,"18""",150,304L,"5/16""",385,388,3,424,427,3
PB316L-CX150T5/16S18,"18""",150,316L,"5/16""",472,476,4,520,524,4
PBAL6061-CX150T5/16S18,"18""",150,AL-6061,"5/16""",144,146,2,159,161,2
PB304-CX150T3/8S18,"18""",150,304,"3/8""",422,425,3,465,468,3
PBSA36-CX150T3/8S18,"18""",150,SA-36,"3/8""",169,170,1,186,188,2
PBSA516-70-CX150T3/8S18,"18""",150,SA-516-70,"3/8""",189,190,1,208,210,2
PB304L-CX150T3/8S18,"18""",150,304L,"3/8""",452,456,4,498,502,4
PB316L-CX150T3/8S18,"18""",150,316L,"3/8""",556,562,6,612,619,7
PBAL6061-CX150T3/8S18,"18""",150,AL-6061,"3/8""",163,166,3,180,183,3
PB304-CX150T1/2S18,"18""",150,304,"1/2""",546,550,4,601,605,4
PBSA36-CX150T1/2S18,"18""",150,SA-36,"1/2""",209,211,2,230,233,3
PBSA516-70-CX150T1/2S18,"18""",150,SA-516-70,"1/2""",235,238,3,259,262,3
PB304L-CX150T1/2S18,"18""",150,304L,"1/2""",587,592,5,646,652,6
PB316L-CX150T1/2S18,"18""",150,316L,"1/2""",725,733,8,798,807,9
PBAL6061-CX150T1/2S18,"18""",150,AL-6061,"1/2""",202,205,3,223,226,3
PB304-CX150T5/8S18,"18""",150,304,"5/8""",670,676,6,738,744,6
PBSA36-CX150T5/8S18,"18""",150,SA-36,"5/8""",249,251,2,274,277,3
PBSA516-70-CX150T5/8S18,"18""",150,SA-516-70,"5/8""",282,285,3,311,314,3
PB304L-CX150T5/8S18,"18""",150,304L,"5/8""",721,728,7,794,801,7
PB316L-CX150T5/8S18,"18""",150,316L,"5/8""",894,903,9,984,994,10
PBAL6061-CX150T5/8S18,"18""",150,AL-6061,"5/8""",240,243,3,264,268,4
PB304-CX150T3/4S18,"18""",150,304,"3/4""",794,801,7,874,882,8
PBSA36-CX150T3/4S18,"18""",150,SA-36,"3/4""",289,292,3,318,322,4
PBSA516-70-CX150T3/4S18,"18""",150,SA-516-70,"3/4""",328,332,4,361,366,5
PB304L-CX150T3/4S18,"18""",150,304L,"3/4""",855,864,9,941,951,10
PB316L-CX150T3/4S18,"18""",150,316L,"3/4""",1063,1074,11,1170,1182,12
PBAL6061-CX150T3/4S18,"18""",150,AL-6061,"3/4""",278,282,4,306,311,5
PB304-CX150T7/8S18,"18""",150,304,"7/8""",919,927,8,1011,1020,9
PBSA36-CX150T7/8S18,"18""",150,SA-36,"7/8""",329,332,3,362,366,4
PBSA516-70-CX150T7/8S18,"18""",150,SA-516-70,"7/8""",374,379,5,412,417,5
PB304L-CX150T7/8S18,"18""",150,304L,"7/8""",990,999,9,1089,1099,10
PB316L-CX150T7/8S18,"18""",150,316L,"7/8""",1232,1245,13,1356,1370,14
PBAL6061-CX150T7/8S18,"18""",150,AL-6061,"7/8""",316,321,5,348,354,6
PB304-CX150T1S18,"18""",150,304,"1""",1043,1052,9,1148,1158,10
PBSA36-CX150T1S18,"18""",150,SA-36,"1""",369,373,4,406,411,5
PBSA516-70-CX150T1S18,"18""",150,SA-516-70,"1""",421,426,5,464,469,5
PB304L-CX150T1S18,"18""",150,304L,"1""",1124,1135,11,1237,1249,12
PB316L-CX150T1S18,"18""",150,316L,"1""",1401,1416,15,1542,1558,16
PBAL6061-CX150T1S18,"18""",150,AL-6061,"1""",354,360,6,390,397,7
PB304-CX150T1-1/8S18,"18""",150,304,"1-1/8""",1167,1177,10,1284,1295,11
PBSA36-CX150T1-1/8S18,"18""",150,SA-36,"1-1/8""",409,413,4,450,455,5
PBSA516-70-CX150T1-1/8S18,"18""",150,SA-516-70,"1-1/8""",467,473,6,514,521,7
PB304L-CX150T1-1/8S18,"18""",150,304L,"1-1/8""",1259,1271,12,1385,1399,14
PB316L-CX150T1-1/8S18,"18""",150,316L,"1-1/8""",1570,1587,17,1728,1746,18
PBAL6061-CX150T1-1/8S18,"18""",150,AL-6061,"1-1/8""",392,399,7,432,439,7
PB304-CX150T1-1/4S18,"18""",150,304,"1-1/4""",1291,1303,12,1421,1434,13
PBSA36-CX150T1-1/4S18,"18""",150,SA-36,"1-1/4""",449,453,4,494,499,5
PBSA516-70-CX150T1-1/4S18,"18""",150,SA-516-70,"1-1/4""",514,520,6,566,572,6
PB304L-CX150T1-1/4S18,"18""",150,304L,"1-1/4""",1393,1407,14,1533,1548,15
PB316L-CX150T1-1/4S18,"18""",150,316L,"1-1/4""",1740,1758,18,1915,1934,19
PBAL6061-CX150T1-1/4S18,"18""",150,AL-6061,"1-1/4""",430,438,8,474,482,8
PB304-CX150T1-3/8S18,"18""",150,304,"1-3/8""",1416,1428,12,1558,1571,13
PBSA36-CX150T1-3/8S18,"18""",150,SA-36,"1-3/8""",489,494,5,538,544,6
PBSA516-70-CX150T1-3/8S18,"18""",150,SA-516-70,"1-3/8""",560,568,8,616,625,9
PB304L-CX150T1-3/8S18,"18""",150,304L,"1-3/8""",1527,1542,15,1680,1697,17
PB316L-CX150T1-3/8S18,"18""",150,316L,"1-3/8""",1909,1929,20,2100,2122,22
PBAL6061-CX150T1-3/8S18,"18""",150,AL-6061,"1-3/8""",468,476,8,515,524,9
PB304-CX150T1-1/2S18,"18""",150,304,"1-1/2""",1540,1553,13,1695,1709,14
PBSA36-CX150T1-1/2S18,"18""",150,SA-36,"1-1/2""",529,534,5,582,588,6
PBSA516-70-CX150T1-1/2S18,"18""",150,SA-516-70,"1-1/2""",607,615,8,668,677,9
PB304L-CX150T1-1/2S18,"18""",150,304L,"1-1/2""",1662,1678,16,1829,1846,17
PB316L-CX150T1-1/2S18,"18""",150,316L,"1-1/2""",2078,2100,22,2286,2310,24
PBAL6061-CX150T1-1/2S18,"18""",150,AL-6061,"1-1/2""",506,515,9,557,567,10
PB304-CX150T1-5/8S18,"18""",150,304,"1-5/8""",1664,1679,15,1831,1847,16
PBSA36-CX150T1-5/8S18,"18""",150,SA-36,"1-5/8""",569,575,6,626,633,7
PBSA516-70-CX150T1-5/8S18,"18""",150,SA-516-70,"1-5/8""",653,662,9,719,729,10
PB304L-CX150T1-5/8S18,"18""",150,304L,"1-5/8""",1796,1814,18,1976,1996,20
PB316L-CX150T1-5/8S18,"18""",150,316L,"1-5/8""",2247,2270,23,2472,2497,25
PBAL6061-CX150T1-5/8S18,"18""",150,AL-6061,"1-5/8""",544,554,10,599,610,11
PB304-CX150T1-3/4S18,"18""",150,304,"1-3/4""",1788,1804,16,1967,1985,18
PBSA36-CX150T1-3/4S18,"18""",150,SA-36,"1-3/4""",609,615,6,670,677,7
PBSA516-70-CX150T1-3/4S18,"18""",150,SA-516-70,"1-3/4""",700,709,9,771,780,9
PB304L-CX150T1-3/4S18,"18""",150,304L,"1-3/4""",1930,1949,19,2123,2144,21
PB316L-CX150T1-3/4S18,"18""",150,316L,"1-3/4""",2416,2441,25,2658,2686,28
PBAL6061-CX150T1-3/4S18,"18""",150,AL-6061,"1-3/4""",582,593,11,641,653,12
PB304-CX150T1-7/8S18,"18""",150,304,"1-7/8""",1913,1929,16,2105,2122,17
PBSA36-CX150T1-7/8S18,"18""",150,SA-36,"1-7/8""",649,656,7,714,722,8
PBSA516-70-CX150T1-7/8S18,"18""",150,SA-516-70,"1-7/8""",746,756,10,821,832,11
PB304L-CX150T1-7/8S18,"18""",150,304L,"1-7/8""",2065,2085,20,2272,2294,22
PB316L-CX150T1-7/8S18,"18""",150,316L,"1-7/8""",2585,2612,27,2844,2874,30
PBAL6061-CX150T1-7/8S18,"18""",150,AL-6061,"1-7/8""",620,632,12,682,696,14
PB304-CX150T2S18,"18""",150,304,"2""",2037,2055,18,2241,2261,20
PBSA36-CX150T2S18,"18""",150,SA-36,"2""",689,696,7,758,766,8
PBSA516-70-CX150T2S18,"18""",150,SA-516-70,"2""",793,803,10,873,884,11
PB304L-CX150T2S18,"18""",150,304L,"2""",2199,2221,22,2419,2444,25
PB316L-CX150T2S18,"18""",150,316L,"2""",2754,2783,29,3030,3062,32
PBAL6061-CX150T2S18,"18""",150,AL-6061,"2""",659,671,12,725,739,14
PB304-CX150T2-1/4S18,"18""",150,304,"2-1/4""",2285,2306,21,2514,2537,23
PBSA36-CX150T2-1/4S18,"18""",150,SA-36,"2-1/4""",769,777,8,846,855,9
PBSA516-70-CX150T2-1/4S18,"18""",150,SA-516-70,"2-1/4""",886,897,11,975,987,12
PB304L-CX150T2-1/4S18,"18""",150,304L,"2-1/4""",2468,2493,25,2715,2743,28
PB316L-CX150T2-1/4S18,"18""",150,316L,"2-1/4""",3092,3125,33,3402,3438,36
PBAL6061-CX150T2-1/4S18,"18""",150,AL-6061,"2-1/4""",735,748,13,809,823,14
PB304-CX150T2-1/2S18,"18""",150,304,"2-1/2""",2534,2556,22,2788,2812,24
PBSA36-CX150T2-1/2S18,"18""",150,SA-36,"2-1/2""",849,858,9,934,944,10
PBSA516-70-CX150T2-1/2S18,"18""",150,SA-516-70,"2-1/2""",979,992,13,1077,1092,15
PB304L-CX150T2-1/2S18,"18""",150,304L,"2-1/2""",2737,2764,27,3011,3041,30
PB316L-CX150T2-1/2S18,"18""",150,316L,"2-1/2""",3430,3466,36,3774,3813,39
PBAL6061-CX150T2-1/2S18,"18""",150,AL-6061,"2-1/2""",811,826,15,893,909,16
PB304-CX150T3S18,"18""",150,304,"3""",3031,3058,27,3335,3364,29
PBSA36-CX150T3S18,"18""",150,SA-36,"3""",1009,1019,10,1110,1121,11
PBSA516-70-CX150T3S18,"18""",150,SA-516-70,"3""",1165,1180,15,1282,1298,16
PB304L-CX150T3S18,"18""",150,304L,"3""",3274,3307,33,3602,3638,36
PB316L-CX150T3S18,"18""",150,316L,"3""",4106,4150,44,4517,4565,48
PBAL6061-CX150T3S18,"18""",150,AL-6061,"3""",963,982,19,1060,1081,21
PB304-CX150T11GAS20,"20""",150,304,11 Gauge,197,198,1,217,218,1
PBSA36-CX150T11GAS20,"20""",150,SA-36,11 Gauge,99,100,1,109,111,2
PB304L-CX150T11GAS20,"20""",150,304L,11 Gauge,209,210,1,230,232,2
PB316L-CX150T11GAS20,"20""",150,316L,11 Gauge,249,251,2,274,277,3
PBAL6061-CX150T11GAS20,"20""",150,AL-6061,11 Gauge,97,98,1,107,108,1
PB304-CX150T1/8S20,"20""",150,304,"1/8""",204,205,1,225,226,1
PBSA36-CX150T1/8S20,"20""",150,SA-36,"1/8""",101,102,1,112,113,1
PBSA516-70-CX150T1/8S20,"20""",150,SA-516-70,"1/8""",109,110,1,120,122,2
PB304L-CX150T1/8S20,"20""",150,304L,"1/8""",216,218,2,238,240,2
PB316L-CX150T1/8S20,"20""",150,316L,"1/8""",258,260,2,284,286,2
PBAL6061-CX150T1/8S20,"20""",150,AL-6061,"1/8""",99,100,1,109,111,2
PB304-CX150T3/16S20,"20""",150,304,"3/16""",279,281,2,307,310,3
PBSA36-CX150T3/16S20,"20""",150,SA-36,"3/16""",125,126,1,138,139,1
PBSA516-70-CX150T3/16S20,"20""",150,SA-516-70,"3/16""",137,138,1,151,152,1
PB304L-CX150T3/16S20,"20""",150,304L,"3/16""",298,300,2,328,330,2
PB316L-CX150T3/16S20,"20""",150,316L,"3/16""",361,364,3,398,401,3
PBAL6061-CX150T3/16S20,"20""",150,AL-6061,"3/16""",122,123,1,135,136,1
PB304-CX150T1/4S20,"20""",150,304,"1/4""",355,357,2,391,393,2
PBSA36-CX150T1/4S20,"20""",150,SA-36,"1/4""",150,151,1,165,167,2
PBSA516-70-CX150T1/4S20,"20""",150,SA-516-70,"1/4""",166,167,1,183,184,1
PB304L-CX150T1/4S20,"20""",150,304L,"1/4""",379,383,4,417,422,5
PB316L-CX150T1/4S20,"20""",150,316L,"1/4""",464,468,4,511,515,4
PBAL6061-CX150T1/4S20,"20""",150,AL-6061,"1/4""",145,147,2,160,162,2
PB304-CX150T5/16S20,"20""",150,304,"5/16""",430,434,4,474,478,4
PBSA36-CX150T5/16S20,"20""",150,SA-36,"5/16""",174,175,1,192,193,1
PBSA516-70-CX150T5/16S20,"20""",150,SA-516-70,"5/16""",194,196,2,214,216,2
PB304L-CX150T5/16S20,"20""",150,304L,"5/16""",461,465,4,508,512,4
PB316L-CX150T5/16S20,"20""",150,316L,"5/16""",567,572,5,624,630,6
PBAL6061-CX150T5/16S20,"20""",150,AL-6061,"5/16""",168,171,3,185,189,4
PB304-CX150T3/8S20,"20""",150,304,"3/8""",506,510,4,557,561,4
PBSA36-CX150T3/8S20,"20""",150,SA-36,"3/8""",198,200,2,218,221,3
PBSA516-70-CX150T3/8S20,"20""",150,SA-516-70,"3/8""",222,224,2,245,247,2
PB304L-CX150T3/8S20,"20""",150,304L,"3/8""",543,548,5,598,603,5
PB316L-CX150T3/8S20,"20""",150,316L,"3/8""",669,676,7,736,744,8
PBAL6061-CX150T3/8S20,"20""",150,AL-6061,"3/8""",191,194,3,211,214,3
PB304-CX150T1/2S20,"20""",150,304,"1/2""",657,662,5,723,729,6
PBSA36-CX150T1/2S20,"20""",150,SA-36,"1/2""",247,249,2,272,274,2
PBSA516-70-CX150T1/2S20,"20""",150,SA-516-70,"1/2""",279,282,3,307,311,4
PB304L-CX150T1/2S20,"20""",150,304L,"1/2""",706,713,7,777,785,8
PB316L-CX150T1/2S20,"20""",150,316L,"1/2""",875,884,9,963,973,10
PBAL6061-CX150T1/2S20,"20""",150,AL-6061,"1/2""",238,241,3,262,266,4
PB304-CX150T5/8S20,"20""",150,304,"5/8""",808,815,7,889,897,8
PBSA36-CX150T5/8S20,"20""",150,SA-36,"5/8""",296,298,2,326,328,2
PBSA516-70-CX150T5/8S20,"20""",150,SA-516-70,"5/8""",335,339,4,369,373,4
PB304L-CX150T5/8S20,"20""",150,304L,"5/8""",870,878,8,958,966,8
PB316L-CX150T5/8S20,"20""",150,316L,"5/8""",1080,1092,12,1188,1202,14
PBAL6061-CX150T5/8S20,"20""",150,AL-6061,"5/8""",284,289,5,313,318,5
PB304-CX150T3/4S20,"20""",150,304,"3/4""",959,967,8,1055,1064,9
PBSA36-CX150T3/4S20,"20""",150,SA-36,"3/4""",344,348,4,379,383,4
PBSA516-70-CX150T3/4S20,"20""",150,SA-516-70,"3/4""",392,396,4,432,436,4
PB304L-CX150T3/4S20,"20""",150,304L,"3/4""",1033,1043,10,1137,1148,11
PB316L-CX150T3/4S20,"20""",150,316L,"3/4""",1286,1299,13,1415,1429,14
PBAL6061-CX150T3/4S20,"20""",150,AL-6061,"3/4""",330,336,6,364,370,6
PB304-CX150T7/8S20,"20""",150,304,"7/8""",1110,1120,10,1221,1232,11
PBSA36-CX150T7/8S20,"20""",150,SA-36,"7/8""",393,397,4,433,437,4
PBSA516-70-CX150T7/8S20,"20""",150,SA-516-70,"7/8""",448,454,6,493,500,7
PB304L-CX150T7/8S20,"20""",150,304L,"7/8""",1197,1208,11,1317,1329,12
PB316L-CX150T7/8S20,"20""",150,316L,"7/8""",1492,1507,15,1642,1658,16
PBAL6061-CX150T7/8S20,"20""",150,AL-6061,"7/8""",377,383,6,415,422,7
PB304-CX150T1S20,"20""",150,304,"1""",1261,1272,11,1388,1400,12
PBSA36-CX150T1S20,"20""",150,SA-36,"1""",442,446,4,487,491,4
PBSA516-70-CX150T1S20,"20""",150,SA-516-70,"1""",505,511,6,556,563,7
PB304L-CX150T1S20,"20""",150,304L,"1""",1360,1373,13,1497,1511,14
PB316L-CX150T1S20,"20""",150,316L,"1""",1697,1715,18,1867,1887,20
PBAL6061-CX150T1S20,"20""",150,AL-6061,"1""",423,431,8,466,475,9
PB304-CX150T1-1/8S20,"20""",150,304,"1-1/8""",1412,1425,13,1554,1568,14
PBSA36-CX150T1-1/8S20,"20""",150,SA-36,"1-1/8""",490,495,5,539,545,6
PBSA516-70-CX150T1-1/8S20,"20""",150,SA-516-70,"1-1/8""",561,568,7,618,625,7
PB304L-CX150T1-1/8S20,"20""",150,304L,"1-1/8""",1524,1538,14,1677,1692,15
PB316L-CX150T1-1/8S20,"20""",150,316L,"1-1/8""",1903,1923,20,2094,2116,22
PBAL6061-CX150T1-1/8S20,"20""",150,AL-6061,"1-1/8""",469,478,9,516,526,10
PB304-CX150T1-1/4S20,"20""",150,304,"1-1/4""",1563,1577,14,1720,1735,15
PBSA36-CX150T1-1/4S20,"20""",150,SA-36,"1-1/4""",539,544,5,593,599,6
PBSA516-70-CX150T1-1/4S20,"20""",150,SA-516-70,"1-1/4""",618,626,8,680,689,9
PB304L-CX150T1-1/4S20,"20""",150,304L,"1-1/4""",1687,1704,17,1856,1875,19
PB316L-CX150T1-1/4S20,"20""",150,316L,"1-1/4""",2108,2131,23,2319,2345,26
PBAL6061-CX150T1-1/4S20,"20""",150,AL-6061,"1-1/4""",516,525,9,568,578,10
PB304-CX150T1-3/8S20,"20""",150,304,"1-3/8""",1715,1730,15,1887,1904,17
PBSA36-CX150T1-3/8S20,"20""",150,SA-36,"1-3/8""",588,593,5,647,653,6
PBSA516-70-CX150T1-3/8S20,"20""",150,SA-516-70,"1-3/8""",674,683,9,742,752,10
PB304L-CX150T1-3/8S20,"20""",150,304L,"1-3/8""",1851,1869,18,2037,2056,19
PB316L-CX150T1-3/8S20,"20""",150,316L,"1-3/8""",2314,2339,25,2546,2573,27
PBAL6061-CX150T1-3/8S20,"20""",150,AL-6061,"1-3/8""",562,572,10,619,630,11
PB304-CX150T1-1/2S20,"20""",150,304,"1-1/2""",1866,1882,16,2053,2071,18
PBSA36-CX150T1-1/2S20,"20""",150,SA-36,"1-1/2""",636,643,7,700,708,8
PBSA516-70-CX150T1-1/2S20,"20""",150,SA-516-70,"1-1/2""",731,740,9,805,815,10
PB304L-CX150T1-1/2S20,"20""",150,304L,"1-1/2""",2014,2034,20,2216,2238,22
PB316L-CX150T1-1/2S20,"20""",150,316L,"1-1/2""",2520,2546,26,2772,2801,29
PBAL6061-CX150T1-1/2S20,"20""",150,AL-6061,"1-1/2""",608,620,12,669,682,13
PB304-CX150T1-5/8S20,"20""",150,304,"1-5/8""",2017,2035,18,2219,2239,20
PBSA36-CX150T1-5/8S20,"20""",150,SA-36,"1-5/8""",685,692,7,754,762,8
PBSA516-70-CX150T1-5/8S20,"20""",150,SA-516-70,"1-5/8""",787,798,11,866,878,12
PB304L-CX150T1-5/8S20,"20""",150,304L,"1-5/8""",2177,2199,22,2395,2419,24
PB316L-CX150T1-5/8S20,"20""",150,316L,"1-5/8""",2725,2754,29,2998,3030,32
PBAL6061-CX150T1-5/8S20,"20""",150,AL-6061,"1-5/8""",655,667,12,721,734,13
PB304-CX150T1-3/4S20,"20""",150,304,"1-3/4""",2168,2187,19,2385,2406,21
PBSA36-CX150T1-3/4S20,"20""",150,SA-36,"1-3/4""",734,741,7,808,816,8
PBSA516-70-CX150T1-3/4S20,"20""",150,SA-516-70,"1-3/4""",844,855,11,929,941,12
PB304L-CX150T1-3/4S20,"20""",150,304L,"1-3/4""",2341,2364,23,2576,2601,25
PB316L-CX150T1-3/4S20,"20""",150,316L,"1-3/4""",2931,2962,31,3225,3259,34
PBAL6061-CX150T1-3/4S20,"20""",150,AL-6061,"1-3/4""",701,714,13,772,786,14
PB304-CX150T1-7/8S20,"20""",150,304,"1-7/8""",2319,2340,21,2551,2574,23
PBSA36-CX150T1-7/8S20,"20""",150,SA-36,"1-7/8""",782,790,8,861,870,9
PBSA516-70-CX150T1-7/8S20,"20""",150,SA-516-70,"1-7/8""",901,912,11,992,1004,12
PB304L-CX150T1-7/8S20,"20""",150,304L,"1-7/8""",2504,2529,25,2755,2782,27
PB316L-CX150T1-7/8S20,"20""",150,316L,"1-7/8""",3137,3170,33,3451,3488,37
PBAL6061-CX150T1-7/8S20,"20""",150,AL-6061,"1-7/8""",747,761,14,822,838,16
PB304-CX150T2S20,"20""",150,304,"2""",2470,2492,22,2717,2742,25
PBSA36-CX150T2S20,"20""",150,SA-36,"2""",831,839,8,915,923,8
PBSA516-70-CX150T2S20,"20""",150,SA-516-70,"2""",957,970,13,1053,1067,14
PB304L-CX150T2S20,"20""",150,304L,"2""",2668,2694,26,2935,2964,29
PB316L-CX150T2S20,"20""",150,316L,"2""",3342,3378,36,3677,3716,39
PBAL6061-CX150T2S20,"20""",150,AL-6061,"2""",794,809,15,874,890,16
PB304-CX150T2-1/4S20,"20""",150,304,"2-1/4""",2772,2797,25,3050,3077,27
PBSA36-CX150T2-1/4S20,"20""",150,SA-36,"2-1/4""",928,938,10,1021,1032,11
PBSA516-70-CX150T2-1/4S20,"20""",150,SA-516-70,"2-1/4""",1070,1084,14,1177,1193,16
PB304L-CX150T2-1/4S20,"20""",150,304L,"2-1/4""",2995,3024,29,3295,3327,32
PB316L-CX150T2-1/4S20,"20""",150,316L,"2-1/4""",3753,3793,40,4129,4173,44
PBAL6061-CX150T2-1/4S20,"20""",150,AL-6061,"2-1/4""",886,903,17,975,994,19
PB304-CX150T2-1/2S20,"20""",150,304,"2-1/2""",3074,3102,28,3382,3413,31
PBSA36-CX150T2-1/2S20,"20""",150,SA-36,"2-1/2""",1025,1036,11,1128,1140,12
PBSA516-70-CX150T2-1/2S20,"20""",150,SA-516-70,"2-1/2""",1183,1199,16,1302,1319,17
PB304L-CX150T2-1/2S20,"20""",150,304L,"2-1/2""",3322,3355,33,3655,3691,36
PB316L-CX150T2-1/2S20,"20""",150,316L,"2-1/2""",4165,4209,44,4582,4630,48
PBAL6061-CX150T2-1/2S20,"20""",150,AL-6061,"2-1/2""",979,998,19,1077,1098,21
PB304-CX150T3S20,"20""",150,304,"3""",3679,3712,33,4047,4084,37
PBSA36-CX150T3S20,"20""",150,SA-36,"3""",1220,1233,13,1342,1357,15
PBSA516-70-CX150T3S20,"20""",150,SA-516-70,"3""",1409,1428,19,1550,1571,21
PB304L-CX150T3S20,"20""",150,304L,"3""",3976,4015,39,4374,4417,43
PB316L-CX150T3S20,"20""",150,316L,"3""",4987,5040,53,5486,5544,58
PBAL6061-CX150T3S20,"20""",150,AL-6061,"3""",1164,1187,23,1281,1306,25
PB304-CX150T11GAS24,"24""",150,304,11 Gauge,259,260,1,285,286,1
PBSA516-70-CX150T11GAS24,"24""",150,SA-516-70,11 Gauge,132,133,1,146,147,1
PB304L-CX150T11GAS24,"24""",150,304L,11 Gauge,275,277,2,303,305,2
PB316L-CX150T11GAS24,"24""",150,316L,11 Gauge,331,334,3,365,368,3
PBAL6061-CX150T11GAS24,"24""",150,AL-6061,11 Gauge,119,120,1,131,132,1
PB304-CX150T1/8S24,"24""",150,304,"1/8""",268,270,2,295,297,2
PBSA516-70-CX150T1/8S24,"24""",150,SA-516-70,"1/8""",136,137,1,150,151,1
PB304L-CX150T1/8S24,"24""",150,304L,"1/8""",285,287,2,314,316,2
PB316L-CX150T1/8S24,"24""",150,316L,"1/8""",344,347,3,379,382,3
PBAL6061-CX150T1/8S24,"24""",150,AL-6061,"1/8""",121,123,2,134,136,2
PB304-CX150T3/16S24,"24""",150,304,"3/16""",373,376,3,411,414,3
PBSA36-CX150T3/16S24,"24""",150,SA-36,"3/16""",159,160,1,175,176,1
PBSA516-70-CX150T3/16S24,"24""",150,SA-516-70,"3/16""",175,177,2,193,195,2
PB304L-CX150T3/16S24,"24""",150,304L,"3/16""",399,403,4,439,444,5
PB316L-CX150T3/16S24,"24""",150,316L,"3/16""",488,492,4,537,542,5
PBAL6061-CX150T3/16S24,"24""",150,AL-6061,"3/16""",154,156,2,170,172,2
PB304-CX150T1/4S24,"24""",150,304,"1/4""",479,483,4,527,532,5
PBSA36-CX150T1/4S24,"24""",150,SA-36,"1/4""",193,194,1,213,214,1
PBSA516-70-CX150T1/4S24,"24""",150,SA-516-70,"1/4""",215,217,2,237,239,2
PB304L-CX150T1/4S24,"24""",150,304L,"1/4""",513,518,5,565,570,5
PB316L-CX150T1/4S24,"24""",150,316L,"1/4""",631,637,6,695,701,6
PBAL6061-CX150T1/4S24,"24""",150,AL-6061,"1/4""",186,189,3,205,208,3
PB304-CX150T5/16S24,"24""",150,304,"5/16""",584,589,5,643,648,5
PBSA36-CX150T5/16S24,"24""",150,SA-36,"5/16""",227,228,1,250,251,1
PBSA516-70-CX150T5/16S24,"24""",150,SA-516-70,"5/16""",254,257,3,280,283,3
PB304L-CX150T5/16S24,"24""",150,304L,"5/16""",628,633,5,691,697,6
PB316L-CX150T5/16S24,"24""",150,316L,"5/16""",775,783,8,853,862,9
PBAL6061-CX150T5/16S24,"24""",150,AL-6061,"5/16""",218,222,4,240,245,5
PB304-CX150T3/8S24,"24""",150,304,"3/8""",690,696,6,760,766,6
PBSA36-CX150T3/8S24,"24""",150,SA-36,"3/8""",261,263,2,288,290,2
PBSA516-70-CX150T3/8S24,"24""",150,SA-516-70,"3/8""",294,297,3,324,327,3
PB304L-CX150T3/8S24,"24""",150,304L,"3/8""",742,749,7,817,824,7
PB316L-CX150T3/8S24,"24""",150,316L,"3/8""",919,928,9,1011,1021,10
PBAL6061-CX150T3/8S24,"24""",150,AL-6061,"3/8""",251,255,4,277,281,4
PB304-CX150T1/2S24,"24""",150,304,"1/2""",901,909,8,992,1000,8
PBSA36-CX150T1/2S24,"24""",150,SA-36,"1/2""",329,332,3,362,366,4
PBSA516-70-CX150T1/2S24,"24""",150,SA-516-70,"1/2""",373,377,4,411,415,4
PB304L-CX150T1/2S24,"24""",150,304L,"1/2""",970,979,9,1067,1077,10
PB316L-CX150T1/2S24,"24""",150,316L,"1/2""",1206,1218,12,1327,1340,13
PBAL6061-CX150T1/2S24,"24""",150,AL-6061,"1/2""",316,321,5,348,354,6
PB304-CX150T5/8S24,"24""",150,304,"5/8""",1112,1122,10,1224,1235,11
PBSA36-CX150T5/8S24,"24""",150,SA-36,"5/8""",397,400,3,437,441,4
PBSA516-70-CX150T5/8S24,"24""",150,SA-516-70,"5/8""",452,457,5,498,503,5
PB304L-CX150T5/8S24,"24""",150,304L,"5/8""",1199,1210,11,1319,1331,12
PB316L-CX150T5/8S24,"24""",150,316L,"5/8""",1493,1509,16,1643,1660,17
PBAL6061-CX150T5/8S24,"24""",150,AL-6061,"5/8""",380,387,7,419,426,7
PB304-CX150T3/4S24,"24""",150,304,"3/4""",1323,1335,12,1456,1469,13
PBSA36-CX150T3/4S24,"24""",150,SA-36,"3/4""",465,469,4,512,516,4
PBSA516-70-CX150T3/4S24,"24""",150,SA-516-70,"3/4""",531,537,6,585,591,6
PB304L-CX150T3/4S24,"24""",150,304L,"3/4""",1427,1441,14,1570,1586,16
PB316L-CX150T3/4S24,"24""",150,316L,"3/4""",1780,1799,19,1959,1979,20
PBAL6061-CX150T3/4S24,"24""",150,AL-6061,"3/4""",445,453,8,490,499,9
PB304-CX150T7/8S24,"24""",150,304,"7/8""",1535,1548,13,1689,1703,14
PBSA36-CX150T7/8S24,"24""",150,SA-36,"7/8""",533,538,5,587,592,5
PBSA516-70-CX150T7/8S24,"24""",150,SA-516-70,"7/8""",610,617,7,671,679,8
PB304L-CX150T7/8S24,"24""",150,304L,"7/8""",1656,1672,16,1822,1840,18
PB316L-CX150T7/8S24,"24""",150,316L,"7/8""",2068,2089,21,2275,2298,23
PBAL6061-CX150T7/8S24,"24""",150,AL-6061,"7/8""",510,519,9,561,571,10
PB304-CX150T1S24,"24""",150,304,"1""",1746,1761,15,1921,1938,17
PBSA36-CX150T1S24,"24""",150,SA-36,"1""",600,606,6,660,667,7
PBSA516-70-CX150T1S24,"24""",150,SA-516-70,"1""",689,697,8,758,767,9
PB304L-CX150T1S24,"24""",150,304L,"1""",1884,1902,18,2073,2093,20
PB316L-CX150T1S24,"24""",150,316L,"1""",2355,2380,25,2591,2618,27
PBAL6061-CX150T1S24,"24""",150,AL-6061,"1""",574,585,11,632,644,12
PB304-CX150T1-1/8S24,"24""",150,304,"1-1/8""",1957,1974,17,2153,2172,19
PBSA36-CX150T1-1/8S24,"24""",150,SA-36,"1-1/8""",668,675,7,735,743,8
PBSA516-70-CX150T1-1/8S24,"24""",150,SA-516-70,"1-1/8""",768,778,10,845,856,11
PB304L-CX150T1-1/8S24,"24""",150,304L,"1-1/8""",2112,2133,21,2324,2347,23
PB316L-CX150T1-1/8S24,"24""",150,316L,"1-1/8""",2642,2670,28,2907,2938,31
PBAL6061-CX150T1-1/8S24,"24""",150,AL-6061,"1-1/8""",639,651,12,703,717,14
PB304-CX150T1-1/4S24,"24""",150,304,"1-1/4""",2168,2187,19,2385,2406,21
PBSA36-CX150T1-1/4S24,"24""",150,SA-36,"1-1/4""",736,744,8,810,819,9
PBSA516-70-CX150T1-1/4S24,"24""",150,SA-516-70,"1-1/4""",847,858,11,932,944,12
PB304L-CX150T1-1/4S24,"24""",150,304L,"1-1/4""",2341,2364,23,2576,2601,25
PB316L-CX150T1-1/4S24,"24""",150,316L,"1-1/4""",2930,2961,31,3224,3258,34
PBAL6061-CX150T1-1/4S24,"24""",150,AL-6061,"1-1/4""",704,717,13,775,789,14
PB304-CX150T1-3/8S24,"24""",150,304,"1-3/8""",2379,2400,21,2617,2640,23
PBSA36-CX150T1-3/8S24,"24""",150,SA-36,"1-3/8""",804,812,8,885,894,9
PBSA516-70-CX150T1-3/8S24,"24""",150,SA-516-70,"1-3/8""",926,938,12,1019,1032,13
PB304L-CX150T1-3/8S24,"24""",150,304L,"1-3/8""",2569,2594,25,2826,2854,28
PB316L-CX150T1-3/8S24,"24""",150,316L,"1-3/8""",3217,3251,34,3539,3577,38
PBAL6061-CX150T1-3/8S24,"24""",150,AL-6061,"1-3/8""",769,783,14,846,862,16
PB304-CX150T1-1/2S24,"24""",150,304,"1-1/2""",2590,2613,23,2850,2875,25
PBSA36-CX150T1-1/2S24,"24""",150,SA-36,"1-1/2""",872,881,9,960,970,10
PBSA516-70-CX150T1-1/2S24,"24""",150,SA-516-70,"1-1/2""",1005,1018,13,1106,1120,14
PB304L-CX150T1-1/2S24,"24""",150,304L,"1-1/2""",2797,2825,28,3077,3108,31
PB316L-CX150T1-1/2S24,"24""",150,316L,"1-1/2""",3504,3541,37,3855,3896,41
PBAL6061-CX150T1-1/2S24,"24""",150,AL-6061,"1-1/2""",833,849,16,917,934,17
PB304-CX150T1-5/8S24,"24""",150,304,"1-5/8""",2801,2826,25,3082,3109,27
PBSA36-CX150T1-5/8S24,"24""",150,SA-36,"1-5/8""",940,950,10,1034,1045,11
PBSA516-70-CX150T1-5/8S24,"24""",150,SA-516-70,"1-5/8""",1084,1098,14,1193,1208,15
PB304L-CX150T1-5/8S24,"24""",150,304L,"1-5/8""",3026,3056,30,3329,3362,33
PB316L-CX150T1-5/8S24,"24""",150,316L,"1-5/8""",3791,3832,41,4171,4216,45
PBAL6061-CX150T1-5/8S24,"24""",150,AL-6061,"1-5/8""",898,915,17,988,1007,19
PB304-CX150T1-3/4S24,"24""",150,304,"1-3/4""",3012,3039,27,3314,3343,29
PBSA36-CX150T1-3/4S24,"24""",150,SA-36,"1-3/4""",1008,1019,11,1109,1121,12
PBSA516-70-CX150T1-3/4S24,"24""",150,SA-516-70,"1-3/4""",1163,1178,15,1280,1296,16
PB304L-CX150T1-3/4S24,"24""",150,304L,"1-3/4""",3254,3287,33,3580,3616,36
PB316L-CX150T1-3/4S24,"24""",150,316L,"1-3/4""",4079,4122,43,4487,4535,48
PBAL6061-CX150T1-3/4S24,"24""",150,AL-6061,"1-3/4""",963,981,18,1060,1080,20
PB304-CX150T1-7/8S24,"24""",150,304,"1-7/8""",3224,3252,28,3547,3578,31
PBSA36-CX150T1-7/8S24,"24""",150,SA-36,"1-7/8""",1076,1087,11,1184,1196,12
PBSA516-70-CX150T1-7/8S24,"24""",150,SA-516-70,"1-7/8""",1242,1258,16,1367,1384,17
PB304L-CX150T1-7/8S24,"24""",150,304L,"1-7/8""",3483,3517,34,3832,3869,37
PB316L-CX150T1-7/8S24,"24""",150,316L,"1-7/8""",4366,4413,47,4803,4855,52
PBAL6061-CX150T1-7/8S24,"24""",150,AL-6061,"1-7/8""",1028,1047,19,1131,1152,21
PB304-CX150T2S24,"24""",150,304,"2""",3435,3465,30,3779,3812,33
PBSA36-CX150T2S24,"24""",150,SA-36,"2""",1144,1156,12,1259,1272,13
PBSA516-70-CX150T2S24,"24""",150,SA-516-70,"2""",1321,1338,17,1454,1472,18
PB304L-CX150T2S24,"24""",150,304L,"2""",3711,3748,37,4083,4123,40
PB316L-CX150T2S24,"24""",150,316L,"2""",4653,4703,50,5119,5174,55
PBAL6061-CX150T2S24,"24""",150,AL-6061,"2""",1092,1113,21,1202,1225,23
PB304-CX150T2-1/4S24,"24""",150,304,"2-1/4""",3857,3892,35,4243,4282,39
PBSA36-CX150T2-1/4S24,"24""",150,SA-36,"2-1/4""",1280,1294,14,1408,1424,16
PBSA516-70-CX150T2-1/4S24,"24""",150,SA-516-70,"2-1/4""",1479,1499,20,1627,1649,22
PB304L-CX150T2-1/4S24,"24""",150,304L,"2-1/4""",4168,4209,41,4585,4630,45
PB316L-CX150T2-1/4S24,"24""",150,316L,"2-1/4""",5228,5284,56,5751,5813,62
PBAL6061-CX150T2-1/4S24,"24""",150,AL-6061,"2-1/4""",1222,1245,23,1345,1370,25
PB304-CX150T2-1/2S24,"24""",150,304,"2-1/2""",4279,4318,39,4707,4750,43
PBSA36-CX150T2-1/2S24,"24""",150,SA-36,"2-1/2""",1416,1431,15,1558,1575,17
PBSA516-70-CX150T2-1/2S24,"24""",150,SA-516-70,"2-1/2""",1637,1659,22,1801,1825,24
PB304L-CX150T2-1/2S24,"24""",150,304L,"2-1/2""",4625,4671,46,5088,5139,51
PB316L-CX150T2-1/2S24,"24""",150,316L,"2-1/2""",5803,5865,62,6384,6452,68
PBAL6061-CX150T2-1/2S24,"24""",150,AL-6061,"2-1/2""",1351,1377,26,1487,1515,28
PB304-CX150T3S24,"24""",150,304,"3""",5124,5170,46,5637,5688,51
PBSA36-CX150T3S24,"24""",150,SA-36,"3""",1688,1706,18,1857,1877,20
PBSA516-70-CX150T3S24,"24""",150,SA-516-70,"3""",1953,1979,26,2149,2177,28
PB304L-CX150T3S24,"24""",150,304L,"3""",5538,5594,56,6092,6154,62
PB316L-CX150T3S24,"24""",150,316L,"3""",6952,7026,74,7648,7729,81
PBAL6061-CX150T3S24,"24""",150,AL-6061,"3""",1610,1641,31,1772,1806,34
PBSA36-CX300T3/4S1/2,"1/2""",300,SA-36,"3/4""",38,39,1,42,43,1
PB316L-CX300T1S1/2,"1/2""",300,316L,"1""",55,56,1,61,62,1
PBAL6061-CX300T1S1/2,"1/2""",300,AL-6061,"1""",39,40,1,43,44,1
PB304L-CX300T1-3/8S1/2,"1/2""",300,304L,"1-3/8""",57,58,1,63,64,1
PB304L-CX300T1-1/2S1/2,"1/2""",300,304L,"1-1/2""",59,60,1,65,66,1
PB304-CX300T1-5/8S1/2,"1/2""",300,304,"1-5/8""",59,60,1,65,66,1
PB304L-CX300T1-5/8S1/2,"1/2""",300,304L,"1-5/8""",61,62,1,68,69,1
PB316L-CX300T1-5/8S1/2,"1/2""",300,316L,"1-5/8""",68,69,1,75,76,1
PBAL6061-CX300T1-5/8S1/2,"1/2""",300,AL-6061,"1-5/8""",42,43,1,47,48,1
PB304-CX300T1-3/4S1/2,"1/2""",300,304,"1-3/4""",61,62,1,68,69,1
PBSA516-70-CX300T1-7/8S1/2,"1/2""",300,SA-516-70,"1-7/8""",45,46,1,50,51,1
PB304L-CX300T1-7/8S1/2,"1/2""",300,304L,"1-7/8""",65,66,1,72,73,1
PB316L-CX300T1-7/8S1/2,"1/2""",300,316L,"1-7/8""",73,74,1,81,82,1
PB316L-CX300T2-1/4S1/2,"1/2""",300,316L,"2-1/4""",81,82,1,90,91,1
PBAL6061-CX300T2-1/4S1/2,"1/2""",300,AL-6061,"2-1/4""",45,46,1,50,51,1
PB316L-CX300T2-1/2S1/2,"1/2""",300,316L,"2-1/2""",86,87,1,95,96,1
PBAL6061-CX300T2-1/2S1/2,"1/2""",300,AL-6061,"2-1/2""",46,47,1,51,52,1
PB304-CX300T3S1/2,"1/2""",300,304,"3""",80,81,1,88,90,2
PBSA36-CX300T3S1/2,"1/2""",300,SA-36,"3""",49,50,1,54,56,2
PB304-CX300T3/16S3/4,"3/4""",300,304,"3/16""",38,39,1,42,43,1
PB304-CX300T1/2S3/4,"3/4""",300,304,"1/2""",44,45,1,49,50,1
PBSA36-CX300T3/4S3/4,"3/4""",300,SA-36,"3/4""",39,40,1,43,44,1
PB304L-CX300T3/4S3/4,"3/4""",300,304L,"3/4""",50,51,1,56,57,1
PB316L-CX300T3/4S3/4,"3/4""",300,316L,"3/4""",54,55,1,60,61,1
PB304-CX300T1-1/8S3/4,"3/4""",300,304,"1-1/8""",56,57,1,62,63,1
PBAL6061-CX300T1-1/8S3/4,"3/4""",300,AL-6061,"1-1/8""",41,42,1,46,47,1
PB316L-CX300T1-1/4S3/4,"3/4""",300,316L,"1-1/4""",67,68,1,74,75,1
PB304L-CX300T1-3/8S3/4,"3/4""",300,304L,"1-3/8""",63,64,1,70,71,1
PB316L-CX300T1-5/8S3/4,"3/4""",300,316L,"1-5/8""",77,78,1,85,86,1
PBAL6061-CX300T1-5/8S3/4,"3/4""",300,AL-6061,"1-5/8""",44,45,1,49,50,1
PB304-CX300T1-3/4S3/4,"3/4""",300,304,"1-3/4""",68,69,1,75,76,1
PBSA516-70-CX300T1-3/4S3/4,"3/4""",300,SA-516-70,"1-3/4""",47,48,1,52,53,1
PB304L-CX300T1-3/4S3/4,"3/4""",300,304L,"1-3/4""",71,72,1,79,80,1
PBSA36-CX300T1-7/8S3/4,"3/4""",300,SA-36,"1-7/8""",46,47,1,51,52,1
PB304-CX300T2S3/4,"3/4""",300,304,"2""",73,74,1,81,82,1
PB304L-CX300T2S3/4,"3/4""",300,304L,"2""",76,77,1,84,85,1
PB316L-CX300T2S3/4,"3/4""",300,316L,"2""",87,88,1,96,97,1
PB316L-CX300T2-1/2S3/4,"3/4""",300,316L,"2-1/2""",100,101,1,111,112,1
PB304-CX300T3S3/4,"3/4""",300,304,"3""",92,93,1,102,103,1
PBSA36-CX300T3S3/4,"3/4""",300,SA-36,"3""",53,54,1,59,60,1
PBSA516-70-CX300T3S3/4,"3/4""",300,SA-516-70,"3""",56,57,1,62,63,1
PB304L-CX300T3S3/4,"3/4""",300,304L,"3""",97,98,1,107,108,1
PB316L-CX300T3S3/4,"3/4""",300,316L,"3""",113,114,1,125,126,1
PBAL6061-CX300T3S3/4,"3/4""",300,AL-6061,"3""",52,53,1,58,59,1
PB304-CX300T11GAS1,"1""",300,304,11 Gauge,37,38,1,41,42,1
PB316L-CX300T3/16S1,"1""",300,316L,"3/16""",40,41,1,44,46,2
PBSA36-CX300T3/8S1,"1""",300,SA-36,"3/8""",37,38,1,41,42,1
PB304-CX300T5/8S1,"1""",300,304,"5/8""",48,49,1,53,54,1
PB316L-CX300T5/8S1,"1""",300,316L,"5/8""",53,54,1,59,60,1
PB304L-CX300T7/8S1,"1""",300,304L,"7/8""",55,56,1,61,62,1
PB304L-CX300T1S1,"1""",300,304L,"1""",58,59,1,64,65,1
PB304-CX300T1-1/8S1,"1""",300,304,"1-1/8""",59,60,1,65,66,1
PB304L-CX300T1-1/8S1,"1""",300,304L,"1-1/8""",61,62,1,68,69,1
PB316L-CX300T1-1/8S1,"1""",300,316L,"1-1/8""",68,69,1,75,76,1
PBAL6061-CX300T1-1/8S1,"1""",300,AL-6061,"1-1/8""",42,43,1,47,48,1
PB304L-CX300T1-1/4S1,"1""",300,304L,"1-1/4""",64,65,1,71,72,1
PB304L-CX300T1-3/8S1,"1""",300,304L,"1-3/8""",67,68,1,74,75,1
PBSA36-CX300T1-1/2S1,"1""",300,SA-36,"1-1/2""",45,46,1,50,51,1
PB304L-CX300T1-1/2S1,"1""",300,304L,"1-1/2""",70,71,1,77,79,2
PB316L-CX300T1-1/2S1,"1""",300,316L,"1-1/2""",79,80,1,87,88,1
PB304-CX300T1-5/8S1,"1""",300,304,"1-5/8""",70,71,1,77,79,2
PB304L-CX300T1-5/8S1,"1""",300,304L,"1-5/8""",73,74,1,81,82,1
PB316L-CX300T1-5/8S1,"1""",300,316L,"1-5/8""",83,84,1,92,93,1
PB304L-CX300T1-3/4S1,"1""",300,304L,"1-3/4""",76,77,1,84,85,1
PB304L-CX300T1-7/8S1,"1""",300,304L,"1-7/8""",79,80,1,87,88,1
PB316L-CX300T1-7/8S1,"1""",300,316L,"1-7/8""",90,91,1,100,101,1
PBAL6061-CX300T1-7/8S1,"1""",300,AL-6061,"1-7/8""",47,48,1,52,53,1
PB304L-CX300T2S1,"1""",300,304L,"2""",82,83,1,91,92,1
PB316L-CX300T2S1,"1""",300,316L,"2""",94,95,1,104,105,1
PB304L-CX300T2-1/4S1,"1""",300,304L,"2-1/4""",88,89,1,97,98,1
PB304-CX300T2-1/2S1,"1""",300,304,"2-1/2""",89,90,1,98,100,2
PBSA36-CX300T2-1/2S1,"1""",300,SA-36,"2-1/2""",52,53,1,58,59,1
PBSA516-70-CX300T2-1/2S1,"1""",300,SA-516-70,"2-1/2""",55,56,1,61,62,1
PB316L-CX300T2-1/2S1,"1""",300,316L,"2-1/2""",109,110,1,120,122,2
PB304-CX300T3S1,"1""",300,304,"3""",100,101,1,111,112,1
PBSA516-70-CX300T3S1,"1""",300,SA-516-70,"3""",59,60,1,65,66,1
PB316L-CX300T3S1,"1""",300,316L,"3""",124,125,1,137,138,1
PBSA36-CX300T5/16S1-1/4,"1-1/4""",300,SA-36,"5/16""",37,38,1,41,42,1
PB304L-CX300T3/8S1-1/4,"1-1/4""",300,304L,"3/8""",45,46,1,50,51,1
PB304-CX300T3/4S1-1/4,"1-1/4""",300,304,"3/4""",54,55,1,60,61,1
PBSA516-70-CX300T7/8S1-1/4,"1-1/4""",300,SA-516-70,"7/8""",43,44,1,48,49,1
PB304-CX300T1-1/8S1-1/4,"1-1/4""",300,304,"1-1/8""",64,65,1,71,72,1
PBSA36-CX300T1-1/4S1-1/4,"1-1/4""",300,SA-36,"1-1/4""",45,46,1,50,51,1
PB304L-CX300T1-1/4S1-1/4,"1-1/4""",300,304L,"1-1/4""",70,71,1,77,79,2
PB316L-CX300T1-1/4S1-1/4,"1-1/4""",300,316L,"1-1/4""",79,80,1,87,88,1
PBSA36-CX300T1-3/8S1-1/4,"1-1/4""",300,SA-36,"1-3/8""",46,47,1,51,52,1
PBSA516-70-CX300T1-3/8S1-1/4,"1-1/4""",300,SA-516-70,"1-3/8""",48,49,1,53,54,1
PB304-CX300T1-1/2S1-1/4,"1-1/4""",300,304,"1-1/2""",74,75,1,82,83,1
PB304L-CX300T1-1/2S1-1/4,"1-1/4""",300,304L,"1-1/2""",77,78,1,85,86,1
PB316L-CX300T1-1/2S1-1/4,"1-1/4""",300,316L,"1-1/2""",88,89,1,97,98,1
PB304-CX300T1-5/8S1-1/4,"1-1/4""",300,304,"1-5/8""",77,78,1,85,86,1
PB304L-CX300T1-3/4S1-1/4,"1-1/4""",300,304L,"1-3/4""",84,85,1,93,94,1
PB316L-CX300T1-3/4S1-1/4,"1-1/4""",300,316L,"1-3/4""",97,98,1,107,108,1
PB304L-CX300T1-7/8S1-1/4,"1-1/4""",300,304L,"1-7/8""",88,89,1,97,98,1
PB304-CX300T2S1-1/4,"1-1/4""",300,304,"2""",87,88,1,96,97,1
PBSA516-70-CX300T2S1-1/4,"1-1/4""",300,SA-516-70,"2""",54,55,1,60,61,1
PB316L-CX300T2S1-1/4,"1-1/4""",300,316L,"2""",106,107,1,117,118,1
PB316L-CX300T2-1/4S1-1/4,"1-1/4""",300,316L,"2-1/4""",115,116,1,127,128,1
PB304-CX300T2-1/2S1-1/4,"1-1/4""",300,304,"2-1/2""",100,101,1,111,112,1
PBSA516-70-CX300T2-1/2S1-1/4,"1-1/4""",300,SA-516-70,"2-1/2""",59,60,1,65,66,1
PB316L-CX300T2-1/2S1-1/4,"1-1/4""",300,316L,"2-1/2""",124,125,1,137,138,1
PB304-CX300T3S1-1/4,"1-1/4""",300,304,"3""",113,114,1,125,126,1
PBSA516-70-CX300T3S1-1/4,"1-1/4""",300,SA-516-70,"3""",64,65,1,71,72,1
PB304L-CX300T3S1-1/4,"1-1/4""",300,304L,"3""",120,121,1,132,134,2
PB316L-CX300T3S1-1/4,"1-1/4""",300,316L,"3""",142,143,1,157,158,1
PB316L-CX300T1/8S1-1/2,"1-1/2""",300,316L,"1/8""",40,41,1,44,46,2
PBSA516-70-CX300T3/8S1-1/2,"1-1/2""",300,SA-516-70,"3/8""",39,40,1,43,44,1
PB304-CX300T1/2S1-1/2,"1-1/2""",300,304,"1/2""",51,52,1,57,58,1
PB316L-CX300T1/2S1-1/2,"1-1/2""",300,316L,"1/2""",57,58,1,63,64,1
PB304L-CX300T5/8S1-1/2,"1-1/2""",300,304L,"5/8""",57,58,1,63,64,1
PBAL6061-CX300T3/4S1-1/2,"1-1/2""",300,AL-6061,"3/4""",42,43,1,47,48,1
PB316L-CX300T7/8S1-1/2,"1-1/2""",300,316L,"7/8""",74,75,1,82,83,1
PBSA36-CX300T1S1-1/2,"1-1/2""",300,SA-36,"1""",45,46,1,50,51,1
PB304L-CX300T1-1/8S1-1/2,"1-1/2""",300,304L,"1-1/8""",75,76,1,83,84,1
PB304-CX300T1-1/4S1-1/2,"1-1/2""",300,304,"1-1/4""",76,77,1,84,85,1
PBSA516-70-CX300T1-1/4S1-1/2,"1-1/2""",300,SA-516-70,"1-1/4""",50,51,1,56,57,1
PB316L-CX300T1-1/4S1-1/2,"1-1/2""",300,316L,"1-1/4""",91,92,1,101,102,1
PBAL6061-CX300T1-1/4S1-1/2,"1-1/2""",300,AL-6061,"1-1/4""",47,48,1,52,53,1
PB304-CX300T1-3/8S1-1/2,"1-1/2""",300,304,"1-3/8""",80,81,1,88,90,2
PBSA36-CX300T1-3/8S1-1/2,"1-1/2""",300,SA-36,"1-3/8""",49,50,1,54,56,2
PB304L-CX300T1-3/8S1-1/2,"1-1/2""",300,304L,"1-3/8""",84,85,1,93,94,1
PBSA516-70-CX300T1-1/2S1-1/2,"1-1/2""",300,SA-516-70,"1-1/2""",53,54,1,59,60,1
PB316L-CX300T1-1/2S1-1/2,"1-1/2""",300,316L,"1-1/2""",102,103,1,113,114,1
PB304L-CX300T1-5/8S1-1/2,"1-1/2""",300,304L,"1-5/8""",93,94,1,103,104,1
PB316L-CX300T1-5/8S1-1/2,"1-1/2""",300,316L,"1-5/8""",108,109,1,119,120,1
PBAL6061-CX300T1-5/8S1-1/2,"1-1/2""",300,AL-6061,"1-5/8""",51,52,1,57,58,1
PBSA36-CX300T1-3/4S1-1/2,"1-1/2""",300,SA-36,"1-3/4""",53,54,1,59,60,1
PB316L-CX300T1-3/4S1-1/2,"1-1/2""",300,316L,"1-3/4""",114,115,1,126,127,1
PB304L-CX300T1-7/8S1-1/2,"1-1/2""",300,304L,"1-7/8""",102,103,1,113,114,1
PB316L-CX300T1-7/8S1-1/2,"1-1/2""",300,316L,"1-7/8""",119,120,1,131,132,1
PB304-CX300T2S1-1/2,"1-1/2""",300,304,"2""",101,102,1,112,113,1
PB304L-CX300T2S1-1/2,"1-1/2""",300,304L,"2""",106,107,1,117,118,1
PB316L-CX300T2S1-1/2,"1-1/2""",300,316L,"2""",125,126,1,138,139,1
PBAL6061-CX300T2S1-1/2,"1-1/2""",300,AL-6061,"2""",55,56,1,61,62,1
PB304-CX300T2-1/4S1-1/2,"1-1/2""",300,304,"2-1/4""",109,110,1,120,122,2
PB304L-CX300T2-1/4S1-1/2,"1-1/2""",300,304L,"2-1/4""",115,116,1,127,128,1
PB316L-CX300T2-1/4S1-1/2,"1-1/2""",300,316L,"2-1/4""",136,137,1,150,151,1
PB304L-CX300T2-1/2S1-1/2,"1-1/2""",300,304L,"2-1/2""",124,125,1,137,138,1
PB316L-CX300T2-1/2S1-1/2,"1-1/2""",300,316L,"2-1/2""",147,149,2,162,164,2
PBAL6061-CX300T2-1/2S1-1/2,"1-1/2""",300,AL-6061,"2-1/2""",60,61,1,66,68,2
PB304-CX300T3S1-1/2,"1-1/2""",300,304,"3""",134,135,1,148,149,1
PBSA516-70-CX300T3S1-1/2,"1-1/2""",300,SA-516-70,"3""",72,73,1,80,81,1
PB304L-CX300T3S1-1/2,"1-1/2""",300,304L,"3""",142,143,1,157,158,1
PB316L-CX300T3S1-1/2,"1-1/2""",300,316L,"3""",170,171,1,188,189,1
PBAL6061-CX300T3S1-1/2,"1-1/2""",300,AL-6061,"3""",65,66,1,72,73,1
PB316L-CX300T1/4S2,"2""",300,316L,"1/4""",49,50,1,54,56,2
PB304L-CX300T5/16S2,"2""",300,304L,"5/16""",49,50,1,54,56,2
PB304-CX300T1/2S2,"2""",300,304,"1/2""",56,57,1,62,63,1
PBAL6061-CX300T1/2S2,"2""",300,AL-6061,"1/2""",41,42,1,46,47,1
PB316L-CX300T5/8S2,"2""",300,316L,"5/8""",71,72,1,79,80,1
PB304-CX300T7/8S2,"2""",300,304,"7/8""",72,73,1,80,81,1
PB304L-CX300T7/8S2,"2""",300,304L,"7/8""",75,76,1,83,84,1
PB316L-CX300T7/8S2,"2""",300,316L,"7/8""",86,87,1,95,96,1
PBAL6061-CX300T7/8S2,"2""",300,AL-6061,"7/8""",46,47,1,51,52,1
PB304L-CX300T1S2,"2""",300,304L,"1""",81,82,1,90,91,1
PB316L-CX300T1S2,"2""",300,316L,"1""",93,94,1,103,104,1
PB304-CX300T1-1/8S2,"2""",300,304,"1-1/8""",83,84,1,92,93,1
PBSA36-CX300T1-1/8S2,"2""",300,SA-36,"1-1/8""",50,51,1,56,57,1
PB304L-CX300T1-1/8S2,"2""",300,304L,"1-1/8""",87,88,1,96,97,1
PB304L-CX300T1-1/4S2,"2""",300,304L,"1-1/4""",93,94,1,103,104,1
PB316L-CX300T1-1/4S2,"2""",300,316L,"1-1/4""",108,109,1,119,120,1
PBAL6061-CX300T1-1/4S2,"2""",300,AL-6061,"1-1/4""",51,52,1,57,58,1
PB316L-CX300T1-3/8S2,"2""",300,316L,"1-3/8""",115,116,1,127,128,1
PB304-CX300T1-1/2S2,"2""",300,304,"1-1/2""",99,100,1,109,111,2
PB316L-CX300T1-1/2S2,"2""",300,316L,"1-1/2""",123,124,1,136,137,1
PBSA36-CX300T1-5/8S2,"2""",300,SA-36,"1-5/8""",57,58,1,63,64,1
PB304L-CX300T1-5/8S2,"2""",300,304L,"1-5/8""",110,111,1,122,123,1
PB316L-CX300T1-5/8S2,"2""",300,316L,"1-5/8""",130,131,1,143,145,2
PBAL6061-CX300T1-5/8S2,"2""",300,AL-6061,"1-5/8""",56,57,1,62,63,1
PB304-CX300T1-3/4S2,"2""",300,304,"1-3/4""",110,111,1,122,123,1
PB304L-CX300T1-3/4S2,"2""",300,304L,"1-3/4""",116,117,1,128,129,1
PB316L-CX300T1-3/4S2,"2""",300,316L,"1-3/4""",137,138,1,151,152,1
PB304-CX300T1-7/8S2,"2""",300,304,"1-7/8""",115,116,1,127,128,1
PB304L-CX300T1-7/8S2,"2""",300,304L,"1-7/8""",122,123,1,135,136,1
PB316L-CX300T1-7/8S2,"2""",300,316L,"1-7/8""",144,146,2,159,161,2
PB304-CX300T2S2,"2""",300,304,"2""",121,122,1,134,135,1
PB304L-CX300T2S2,"2""",300,304L,"2""",128,129,1,141,142,1
PB316L-CX300T2S2,"2""",300,316L,"2""",152,153,1,168,169,1
PBAL6061-CX300T2S2,"2""",300,AL-6061,"2""",61,62,1,68,69,1
PBSA516-70-CX300T2-1/4S2,"2""",300,SA-516-70,"2-1/4""",71,72,1,79,80,1
PB304L-CX300T2-1/4S2,"2""",300,304L,"2-1/4""",139,141,2,153,156,3
PB316L-CX300T2-1/4S2,"2""",300,316L,"2-1/4""",166,168,2,183,185,2
PBAL6061-CX300T2-1/4S2,"2""",300,AL-6061,"2-1/4""",64,65,1,71,72,1
PB304-CX300T2-1/2S2,"2""",300,304,"2-1/2""",142,143,1,157,158,1
PBSA36-CX300T2-1/2S2,"2""",300,SA-36,"2-1/2""",69,70,1,76,77,1
PBSA516-70-CX300T2-1/2S2,"2""",300,SA-516-70,"2-1/2""",75,76,1,83,84,1
PB304L-CX300T2-1/2S2,"2""",300,304L,"2-1/2""",151,152,1,167,168,1
PB316L-CX300T2-1/2S2,"2""",300,316L,"2-1/2""",181,183,2,200,202,2
PB304-CX300T3S2,"2""",300,304,"3""",164,165,1,181,182,1
PBSA36-CX300T3S2,"2""",300,SA-36,"3""",76,77,1,84,85,1
PBSA516-70-CX300T3S2,"2""",300,SA-516-70,"3""",83,84,1,92,93,1
PB304L-CX300T3S2,"2""",300,304L,"3""",174,176,2,192,194,2
PB316L-CX300T3S2,"2""",300,316L,"3""",210,212,2,232,234,2
PBAL6061-CX300T3S2,"2""",300,AL-6061,"3""",74,75,1,82,83,1
PBSA516-70-CX300T11GAS2-1/2,"2-1/2""",300,SA-516-70,11 Gauge,37,38,1,41,42,1
PBAL6061-CX300T5/16S2-1/2,"2-1/2""",300,AL-6061,"5/16""",40,41,1,44,46,2
PB304-CX300T1/2S2-1/2,"2-1/2""",300,304,"1/2""",64,65,1,71,72,1
PBSA516-70-CX300T3/4S2-1/2,"2-1/2""",300,SA-516-70,"3/4""",51,52,1,57,58,1
PB316L-CX300T3/4S2-1/2,"2-1/2""",300,316L,"3/4""",95,96,1,105,106,1
PBAL6061-CX300T3/4S2-1/2,"2-1/2""",300,AL-6061,"3/4""",48,49,1,53,54,1
PB304-CX300T7/8S2-1/2,"2-1/2""",300,304,"7/8""",86,87,1,95,96,1
PBSA36-CX300T7/8S2-1/2,"2-1/2""",300,SA-36,"7/8""",51,52,1,57,58,1
PB304L-CX300T7/8S2-1/2,"2-1/2""",300,304L,"7/8""",90,91,1,100,101,1
PB316L-CX300T7/8S2-1/2,"2-1/2""",300,316L,"7/8""",105,106,1,116,117,1
PB316L-CX300T1S2-1/2,"2-1/2""",300,316L,"1""",115,116,1,127,128,1
PB304-CX300T1-1/8S2-1/2,"2-1/2""",300,304,"1-1/8""",101,102,1,112,113,1
PB304L-CX300T1-1/8S2-1/2,"2-1/2""",300,304L,"1-1/8""",106,107,1,117,118,1
PB316L-CX300T1-1/8S2-1/2,"2-1/2""",300,316L,"1-1/8""",125,126,1,138,139,1
PBAL6061-CX300T1-1/8S2-1/2,"2-1/2""",300,AL-6061,"1-1/8""",55,56,1,61,62,1
PB304-CX300T1-1/4S2-1/2,"2-1/2""",300,304,"1-1/4""",108,109,1,119,120,1
PBSA516-70-CX300T1-1/4S2-1/2,"2-1/2""",300,SA-516-70,"1-1/4""",62,63,1,69,70,1
PB304L-CX300T1-1/4S2-1/2,"2-1/2""",300,304L,"1-1/4""",114,115,1,126,127,1
PB316L-CX300T1-1/4S2-1/2,"2-1/2""",300,316L,"1-1/4""",135,136,1,149,150,1
PBAL6061-CX300T1-1/4S2-1/2,"2-1/2""",300,AL-6061,"1-1/4""",57,58,1,63,64,1
PBSA516-70-CX300T1-3/8S2-1/2,"2-1/2""",300,SA-516-70,"1-3/8""",65,66,1,72,73,1
PB304L-CX300T1-3/8S2-1/2,"2-1/2""",300,304L,"1-3/8""",122,123,1,135,136,1
PB316L-CX300T1-3/8S2-1/2,"2-1/2""",300,316L,"1-3/8""",145,146,1,160,161,1
PB304-CX300T1-1/2S2-1/2,"2-1/2""",300,304,"1-1/2""",123,124,1,136,137,1
PBSA36-CX300T1-1/2S2-1/2,"2-1/2""",300,SA-36,"1-1/2""",63,64,1,70,71,1
PB304L-CX300T1-1/2S2-1/2,"2-1/2""",300,304L,"1-1/2""",130,131,1,143,145,2
PB316L-CX300T1-1/2S2-1/2,"2-1/2""",300,316L,"1-1/2""",155,156,1,171,172,1
PB304-CX300T1-5/8S2-1/2,"2-1/2""",300,304,"1-5/8""",130,131,1,143,145,2
PB304L-CX300T1-5/8S2-1/2,"2-1/2""",300,304L,"1-5/8""",138,139,1,152,153,1
PB316L-CX300T1-5/8S2-1/2,"2-1/2""",300,316L,"1-5/8""",165,166,1,182,183,1
PBAL6061-CX300T1-5/8S2-1/2,"2-1/2""",300,AL-6061,"1-5/8""",64,65,1,71,72,1
PB304-CX300T1-3/4S2-1/2,"2-1/2""",300,304,"1-3/4""",138,139,1,152,153,1
PBSA516-70-CX300T1-3/4S2-1/2,"2-1/2""",300,SA-516-70,"1-3/4""",73,74,1,81,82,1
PB304L-CX300T1-3/4S2-1/2,"2-1/2""",300,304L,"1-3/4""",146,147,1,161,162,1
PB316L-CX300T1-3/4S2-1/2,"2-1/2""",300,316L,"1-3/4""",175,176,1,193,194,1
PBAL6061-CX300T1-3/4S2-1/2,"2-1/2""",300,AL-6061,"1-3/4""",66,67,1,73,74,1
PB304-CX300T1-7/8S2-1/2,"2-1/2""",300,304,"1-7/8""",145,146,1,160,161,1
PBSA36-CX300T1-7/8S2-1/2,"2-1/2""",300,SA-36,"1-7/8""",70,71,1,77,79,2
PBSA516-70-CX300T1-7/8S2-1/2,"2-1/2""",300,SA-516-70,"1-7/8""",76,77,1,84,85,1
PB304L-CX300T1-7/8S2-1/2,"2-1/2""",300,304L,"1-7/8""",154,155,1,170,171,1
PB316L-CX300T1-7/8S2-1/2,"2-1/2""",300,316L,"1-7/8""",185,186,1,204,205,1
PB304-CX300T2S2-1/2,"2-1/2""",300,304,"2""",152,154,2,168,170,2
PB304L-CX300T2S2-1/2,"2-1/2""",300,304L,"2""",162,163,1,179,180,1
PB316L-CX300T2S2-1/2,"2-1/2""",300,316L,"2""",195,197,2,215,217,2
PBAL6061-CX300T2S2-1/2,"2-1/2""",300,AL-6061,"2""",71,72,1,79,80,1
PB304-CX300T2-1/4S2-1/2,"2-1/2""",300,304,"2-1/4""",167,168,1,184,185,1
PBSA36-CX300T2-1/4S2-1/2,"2-1/2""",300,SA-36,"2-1/4""",77,78,1,85,86,1
PBSA516-70-CX300T2-1/4S2-1/2,"2-1/2""",300,SA-516-70,"2-1/4""",84,85,1,93,94,1
PB304L-CX300T2-1/4S2-1/2,"2-1/2""",300,304L,"2-1/4""",178,179,1,196,197,1
PB316L-CX300T2-1/4S2-1/2,"2-1/2""",300,316L,"2-1/4""",215,217,2,237,239,2
PBAL6061-CX300T2-1/4S2-1/2,"2-1/2""",300,AL-6061,"2-1/4""",75,76,1,83,84,1
PB304-CX300T2-1/2S2-1/2,"2-1/2""",300,304,"2-1/2""",182,183,1,201,202,1
PBSA36-CX300T2-1/2S2-1/2,"2-1/2""",300,SA-36,"2-1/2""",82,83,1,91,92,1
PBSA516-70-CX300T2-1/2S2-1/2,"2-1/2""",300,SA-516-70,"2-1/2""",90,91,1,100,101,1
PB304L-CX300T2-1/2S2-1/2,"2-1/2""",300,304L,"2-1/2""",194,195,1,214,215,1
PB316L-CX300T2-1/2S2-1/2,"2-1/2""",300,316L,"2-1/2""",235,237,2,259,261,2
PBAL6061-CX300T2-1/2S2-1/2,"2-1/2""",300,AL-6061,"2-1/2""",80,81,1,88,90,2
PB304-CX300T3S2-1/2,"2-1/2""",300,304,"3""",211,213,2,233,235,2
PBSA516-70-CX300T3S2-1/2,"2-1/2""",300,SA-516-70,"3""",101,102,1,112,113,1
PB304L-CX300T3S2-1/2,"2-1/2""",300,304L,"3""",226,228,2,249,251,2
PB316L-CX300T3S2-1/2,"2-1/2""",300,316L,"3""",275,277,2,303,305,2
PBAL6061-CX300T3S2-1/2,"2-1/2""",300,AL-6061,"3""",89,90,1,98,100,2
PB304-CX300T1/8S3,"3""",300,304,"1/8""",44,45,1,49,50,1
PBSA36-CX300T3/16S3,"3""",300,SA-36,"3/16""",39,40,1,43,44,1
PB316L-CX300T3/16S3,"3""",300,316L,"3/16""",54,55,1,60,61,1
PB304L-CX300T1/4S3,"3""",300,304L,"1/4""",55,56,1,61,62,1
PB316L-CX300T5/16S3,"3""",300,316L,"5/16""",67,68,1,74,75,1
PB304L-CX300T1/2S3,"3""",300,304L,"1/2""",76,77,1,84,85,1
PB304L-CX300T5/8S3,"3""",300,304L,"5/8""",86,87,1,95,96,1
PB316L-CX300T5/8S3,"3""",300,316L,"5/8""",100,101,1,111,112,1
PBAL6061-CX300T5/8S3,"3""",300,AL-6061,"5/8""",49,50,1,54,56,2
PB304-CX300T3/4S3,"3""",300,304,"3/4""",92,93,1,102,103,1
PBSA516-70-CX300T3/4S3,"3""",300,SA-516-70,"3/4""",56,57,1,62,63,1
PB316L-CX300T3/4S3,"3""",300,316L,"3/4""",113,114,1,125,126,1
PBAL6061-CX300T3/4S3,"3""",300,AL-6061,"3/4""",52,53,1,58,59,1
PBSA36-CX300T7/8S3,"3""",300,SA-36,"7/8""",56,57,1,62,63,1
PB304L-CX300T7/8S3,"3""",300,304L,"7/8""",107,108,1,118,119,1
PB316L-CX300T7/8S3,"3""",300,316L,"7/8""",126,127,1,139,140,1
PBAL6061-CX300T7/8S3,"3""",300,AL-6061,"7/8""",55,56,1,61,62,1
PB304-CX300T1S3,"3""",300,304,"1""",111,112,1,123,124,1
PBSA36-CX300T1S3,"3""",300,SA-36,"1""",59,60,1,65,66,1
PBSA516-70-CX300T1S3,"3""",300,SA-516-70,"1""",63,64,1,70,71,1
PB304L-CX300T1S3,"3""",300,304L,"1""",117,118,1,129,130,1
PB316L-CX300T1S3,"3""",300,316L,"1""",139,140,1,153,154,1
PBAL6061-CX300T1S3,"3""",300,AL-6061,"1""",58,59,1,64,65,1
PB304L-CX300T1-1/8S3,"3""",300,304L,"1-1/8""",128,129,1,141,142,1
PB316L-CX300T1-1/8S3,"3""",300,316L,"1-1/8""",152,153,1,168,169,1
PBAL6061-CX300T1-1/8S3,"3""",300,AL-6061,"1-1/8""",61,62,1,68,69,1
PB304-CX300T1-1/4S3,"3""",300,304,"1-1/4""",130,131,1,143,145,2
PB304L-CX300T1-1/4S3,"3""",300,304L,"1-1/4""",138,139,1,152,153,1
PB316L-CX300T1-1/4S3,"3""",300,316L,"1-1/4""",165,166,1,182,183,1
PBAL6061-CX300T1-1/4S3,"3""",300,AL-6061,"1-1/4""",64,65,1,71,72,1
PB304-CX300T1-3/8S3,"3""",300,304,"1-3/8""",140,141,1,154,156,2
PBSA516-70-CX300T1-3/8S3,"3""",300,SA-516-70,"1-3/8""",74,75,1,82,83,1
PB304L-CX300T1-3/8S3,"3""",300,304L,"1-3/8""",148,150,2,163,165,2
PB316L-CX300T1-3/8S3,"3""",300,316L,"1-3/8""",178,179,1,196,197,1
PBAL6061-CX300T1-3/8S3,"3""",300,AL-6061,"1-3/8""",67,68,1,74,75,1
PB304-CX300T1-1/2S3,"3""",300,304,"1-1/2""",149,150,1,164,165,1
PB304L-CX300T1-1/2S3,"3""",300,304L,"1-1/2""",159,160,1,175,176,1
PB316L-CX300T1-1/2S3,"3""",300,316L,"1-1/2""",191,192,1,211,212,1
PBAL6061-CX300T1-1/2S3,"3""",300,AL-6061,"1-1/2""",70,71,1,77,79,2
PB304-CX300T1-5/8S3,"3""",300,304,"1-5/8""",159,160,1,175,176,1
PBSA516-70-CX300T1-5/8S3,"3""",300,SA-516-70,"1-5/8""",81,82,1,90,91,1
PB304L-CX300T1-5/8S3,"3""",300,304L,"1-5/8""",169,170,1,186,188,2
PB316L-CX300T1-5/8S3,"3""",300,316L,"1-5/8""",204,205,1,225,226,1
PBAL6061-CX300T1-5/8S3,"3""",300,AL-6061,"1-5/8""",73,74,1,81,82,1
PB304-CX300T1-3/4S3,"3""",300,304,"1-3/4""",168,170,2,185,188,3
PBSA516-70-CX300T1-3/4S3,"3""",300,SA-516-70,"1-3/4""",85,86,1,94,95,1
PB304L-CX300T1-3/4S3,"3""",300,304L,"1-3/4""",179,181,2,197,200,3
PB316L-CX300T1-3/4S3,"3""",300,316L,"1-3/4""",217,219,2,239,241,2
PBAL6061-CX300T1-3/4S3,"3""",300,AL-6061,"1-3/4""",76,77,1,84,85,1
PB304-CX300T1-7/8S3,"3""",300,304,"1-7/8""",178,179,1,196,197,1
PBSA516-70-CX300T1-7/8S3,"3""",300,SA-516-70,"1-7/8""",88,89,1,97,98,1
PB304L-CX300T1-7/8S3,"3""",300,304L,"1-7/8""",190,191,1,210,211,1
PB316L-CX300T1-7/8S3,"3""",300,316L,"1-7/8""",230,232,2,254,256,2
PBAL6061-CX300T1-7/8S3,"3""",300,AL-6061,"1-7/8""",79,80,1,87,88,1
PB304-CX300T2S3,"3""",300,304,"2""",188,189,1,207,208,1
PBSA36-CX300T2S3,"3""",300,SA-36,"2""",84,85,1,93,94,1
PBSA516-70-CX300T2S3,"3""",300,SA-516-70,"2""",92,93,1,102,103,1
PB304L-CX300T2S3,"3""",300,304L,"2""",200,202,2,221,223,2
PB316L-CX300T2S3,"3""",300,316L,"2""",243,245,2,268,270,2
PBAL6061-CX300T2S3,"3""",300,AL-6061,"2""",82,83,1,91,92,1
PB304-CX300T2-1/4S3,"3""",300,304,"2-1/4""",207,208,1,228,229,1
PBSA36-CX300T2-1/4S3,"3""",300,SA-36,"2-1/4""",90,91,1,100,101,1
PBSA516-70-CX300T2-1/4S3,"3""",300,SA-516-70,"2-1/4""",99,100,1,109,111,2
PB304L-CX300T2-1/4S3,"3""",300,304L,"2-1/4""",221,223,2,244,246,2
PB316L-CX300T2-1/4S3,"3""",300,316L,"2-1/4""",269,271,2,296,299,3
PBAL6061-CX300T2-1/4S3,"3""",300,AL-6061,"2-1/4""",87,89,2,96,98,2
PB304-CX300T2-1/2S3,"3""",300,304,"2-1/2""",226,227,1,249,250,1
PBSA36-CX300T2-1/2S3,"3""",300,SA-36,"2-1/2""",96,97,1,106,107,1
PBSA516-70-CX300T2-1/2S3,"3""",300,SA-516-70,"2-1/2""",106,107,1,117,118,1
PB304L-CX300T2-1/2S3,"3""",300,304L,"2-1/2""",241,243,2,266,268,2
PB316L-CX300T2-1/2S3,"3""",300,316L,"2-1/2""",295,297,2,325,327,2
PBAL6061-CX300T2-1/2S3,"3""",300,AL-6061,"2-1/2""",93,95,2,103,105,2
PB304-CX300T3S3,"3""",300,304,"3""",264,266,2,291,293,2
PBSA516-70-CX300T3S3,"3""",300,SA-516-70,"3""",121,122,1,134,135,1
PB304L-CX300T3S3,"3""",300,304L,"3""",283,285,2,312,314,2
PB316L-CX300T3S3,"3""",300,316L,"3""",346,350,4,381,386,5
PBAL6061-CX300T3S3,"3""",300,AL-6061,"3""",105,106,1,116,117,1
PB304L-CX300T3/16S4,"4""",300,304L,"3/16""",57,58,1,63,64,1
PB316L-CX300T3/16S4,"4""",300,316L,"3/16""",63,64,1,70,71,1
PBAL6061-CX300T1/4S4,"4""",300,AL-6061,"1/4""",43,44,1,48,49,1
PB316L-CX300T5/16S4,"4""",300,316L,"5/16""",82,83,1,91,92,1
PBAL6061-CX300T5/16S4,"4""",300,AL-6061,"5/16""",45,46,1,50,51,1
PBSA516-70-CX300T3/8S4,"4""",300,SA-516-70,"3/8""",50,51,1,56,57,1
PB304L-CX300T3/8S4,"4""",300,304L,"3/8""",80,81,1,88,90,2
PB304L-CX300T1/2S4,"4""",300,304L,"1/2""",95,96,1,105,106,1
PB316L-CX300T1/2S4,"4""",300,316L,"1/2""",111,112,1,123,124,1
PB304-CX300T5/8S4,"4""",300,304,"5/8""",104,105,1,115,116,1
PBSA36-CX300T5/8S4,"4""",300,SA-36,"5/8""",57,58,1,63,64,1
PB304L-CX300T5/8S4,"4""",300,304L,"5/8""",110,111,1,122,123,1
PB316L-CX300T5/8S4,"4""",300,316L,"5/8""",130,131,1,143,145,2
PBAL6061-CX300T5/8S4,"4""",300,AL-6061,"5/8""",56,57,1,62,63,1
PB304-CX300T3/4S4,"4""",300,304,"3/4""",118,119,1,130,131,1
PBSA516-70-CX300T3/4S4,"4""",300,SA-516-70,"3/4""",66,67,1,73,74,1
PB304L-CX300T3/4S4,"4""",300,304L,"3/4""",125,126,1,138,139,1
PB316L-CX300T3/4S4,"4""",300,316L,"3/4""",149,150,1,164,165,1
PBAL6061-CX300T3/4S4,"4""",300,AL-6061,"3/4""",60,61,1,66,68,2
PB304-CX300T7/8S4,"4""",300,304,"7/8""",132,133,1,146,147,1
PBSA36-CX300T7/8S4,"4""",300,SA-36,"7/8""",66,67,1,73,74,1
PBSA516-70-CX300T7/8S4,"4""",300,SA-516-70,"7/8""",71,72,1,79,80,1
PB304L-CX300T7/8S4,"4""",300,304L,"7/8""",140,141,1,154,156,2
PB316L-CX300T7/8S4,"4""",300,316L,"7/8""",167,169,2,184,186,2
PB304-CX300T1S4,"4""",300,304,"1""",146,147,1,161,162,1
PB304L-CX300T1S4,"4""",300,304L,"1""",155,157,2,171,173,2
PB316L-CX300T1S4,"4""",300,316L,"1""",186,188,2,205,207,2
PBAL6061-CX300T1S4,"4""",300,AL-6061,"1""",69,70,1,76,77,1
PB304-CX300T1-1/8S4,"4""",300,304,"1-1/8""",160,161,1,176,178,2
PBSA36-CX300T1-1/8S4,"4""",300,SA-36,"1-1/8""",75,76,1,83,84,1
PB304L-CX300T1-1/8S4,"4""",300,304L,"1-1/8""",170,172,2,188,190,2
PB316L-CX300T1-1/8S4,"4""",300,316L,"1-1/8""",205,207,2,226,228,2
PBAL6061-CX300T1-1/8S4,"4""",300,AL-6061,"1-1/8""",73,74,1,81,82,1
PB304-CX300T1-1/4S4,"4""",300,304,"1-1/4""",174,175,1,192,193,1
PBSA516-70-CX300T1-1/4S4,"4""",300,SA-516-70,"1-1/4""",87,88,1,96,97,1
PB304L-CX300T1-1/4S4,"4""",300,304L,"1-1/4""",186,187,1,205,206,1
PB316L-CX300T1-1/4S4,"4""",300,316L,"1-1/4""",224,226,2,247,249,2
PB304-CX300T1-3/8S4,"4""",300,304,"1-3/8""",188,189,1,207,208,1
PBSA36-CX300T1-3/8S4,"4""",300,SA-36,"1-3/8""",84,85,1,93,94,1
PBSA516-70-CX300T1-3/8S4,"4""",300,SA-516-70,"1-3/8""",92,93,1,102,103,1
PB304L-CX300T1-3/8S4,"4""",300,304L,"1-3/8""",201,202,1,222,223,1
PB316L-CX300T1-3/8S4,"4""",300,316L,"1-3/8""",243,246,3,268,271,3
PBAL6061-CX300T1-3/8S4,"4""",300,AL-6061,"1-3/8""",82,83,1,91,92,1
PB304-CX300T1-1/2S4,"4""",300,304,"1-1/2""",202,203,1,223,224,1
PBSA516-70-CX300T1-1/2S4,"4""",300,SA-516-70,"1-1/2""",97,98,1,107,108,1
PB304L-CX300T1-1/2S4,"4""",300,304L,"1-1/2""",216,217,1,238,239,1
PB316L-CX300T1-1/2S4,"4""",300,316L,"1-1/2""",262,265,3,289,292,3
PBAL6061-CX300T1-1/2S4,"4""",300,AL-6061,"1-1/2""",86,87,1,95,96,1
PB304-CX300T1-5/8S4,"4""",300,304,"1-5/8""",216,217,1,238,239,1
PBSA36-CX300T1-5/8S4,"4""",300,SA-36,"1-5/8""",93,94,1,103,104,1
PBSA516-70-CX300T1-5/8S4,"4""",300,SA-516-70,"1-5/8""",103,104,1,114,115,1
PB304L-CX300T1-5/8S4,"4""",300,304L,"1-5/8""",231,233,2,255,257,2
PB316L-CX300T1-5/8S4,"4""",300,316L,"1-5/8""",281,284,3,310,313,3
PBAL6061-CX300T1-5/8S4,"4""",300,AL-6061,"1-5/8""",90,91,1,100,101,1
PB304-CX300T1-3/4S4,"4""",300,304,"1-3/4""",230,232,2,254,256,2
PBSA516-70-CX300T1-3/4S4,"4""",300,SA-516-70,"1-3/4""",108,109,1,119,120,1
PB304L-CX300T1-3/4S4,"4""",300,304L,"1-3/4""",246,248,2,271,273,2
PB316L-CX300T1-3/4S4,"4""",300,316L,"1-3/4""",300,303,3,330,334,4
PBAL6061-CX300T1-3/4S4,"4""",300,AL-6061,"1-3/4""",95,96,1,105,106,1
PB304-CX300T1-7/8S4,"4""",300,304,"1-7/8""",244,246,2,269,271,2
PBSA36-CX300T1-7/8S4,"4""",300,SA-36,"1-7/8""",102,103,1,113,114,1
PBSA516-70-CX300T1-7/8S4,"4""",300,SA-516-70,"1-7/8""",113,114,1,125,126,1
PB304L-CX300T1-7/8S4,"4""",300,304L,"1-7/8""",261,263,2,288,290,2
PB316L-CX300T1-7/8S4,"4""",300,316L,"1-7/8""",319,322,3,351,355,4
PBAL6061-CX300T1-7/8S4,"4""",300,AL-6061,"1-7/8""",99,100,1,109,111,2
PB304-CX300T2S4,"4""",300,304,"2""",258,260,2,284,286,2
PBSA516-70-CX300T2S4,"4""",300,SA-516-70,"2""",118,119,1,130,131,1
PB304L-CX300T2S4,"4""",300,304L,"2""",276,278,2,304,306,2
PB316L-CX300T2S4,"4""",300,316L,"2""",338,341,3,372,376,4
PBAL6061-CX300T2S4,"4""",300,AL-6061,"2""",103,105,2,114,116,2
PB304-CX300T2-1/4S4,"4""",300,304,"2-1/4""",285,288,3,314,317,3
PBSA516-70-CX300T2-1/4S4,"4""",300,SA-516-70,"2-1/4""",129,130,1,142,143,1
PB304L-CX300T2-1/4S4,"4""",300,304L,"2-1/4""",306,309,3,337,340,3
PB316L-CX300T2-1/4S4,"4""",300,316L,"2-1/4""",376,380,4,414,419,5
PBAL6061-CX300T2-1/4S4,"4""",300,AL-6061,"2-1/4""",112,113,1,124,125,1
PB304-CX300T2-1/2S4,"4""",300,304,"2-1/2""",313,316,3,345,348,3
PBSA516-70-CX300T2-1/2S4,"4""",300,SA-516-70,"2-1/2""",139,141,2,153,156,3
PB304L-CX300T2-1/2S4,"4""",300,304L,"2-1/2""",336,339,3,370,373,3
PB316L-CX300T2-1/2S4,"4""",300,316L,"2-1/2""",414,418,4,456,460,4
PBAL6061-CX300T2-1/2S4,"4""",300,AL-6061,"2-1/2""",120,122,2,132,135,3
PB304-CX300T3S4,"4""",300,304,"3""",369,372,3,406,410,4
PBSA36-CX300T3S4,"4""",300,SA-36,"3""",142,144,2,157,159,2
PBSA516-70-CX300T3S4,"4""",300,SA-516-70,"3""",160,162,2,176,179,3
PB304L-CX300T3S4,"4""",300,304L,"3""",396,400,4,436,441,5
PB316L-CX300T3S4,"4""",300,316L,"3""",490,495,5,539,545,6
PBAL6061-CX300T3S4,"4""",300,AL-6061,"3""",137,139,2,151,153,2
PB304L-CX300T1/8S6,"6""",300,304L,"1/8""",63,64,1,70,71,1
PB304-CX300T3/16S6,"6""",300,304,"3/16""",74,75,1,82,83,1
PB316L-CX300T3/16S6,"6""",300,316L,"3/16""",88,89,1,97,98,1
PB304-CX300T1/4S6,"6""",300,304,"1/4""",87,88,1,96,97,1
PB316L-CX300T1/4S6,"6""",300,316L,"1/4""",106,107,1,117,118,1
PBSA516-70-CX300T5/16S6,"6""",300,SA-516-70,"5/16""",59,60,1,65,66,1
PB304L-CX300T5/16S6,"6""",300,304L,"5/16""",106,107,1,117,118,1
PB316L-CX300T5/16S6,"6""",300,316L,"5/16""",124,125,1,137,138,1
PBSA36-CX300T3/8S6,"6""",300,SA-36,"3/8""",60,61,1,66,68,2
PBSA516-70-CX300T3/8S6,"6""",300,SA-516-70,"3/8""",64,65,1,71,72,1
PB304L-CX300T3/8S6,"6""",300,304L,"3/8""",120,121,1,132,134,2
PB316L-CX300T3/8S6,"6""",300,316L,"3/8""",142,143,1,157,158,1
PBAL6061-CX300T3/8S6,"6""",300,AL-6061,"3/8""",59,60,1,65,66,1
PB304-CX300T1/2S6,"6""",300,304,"1/2""",140,141,1,154,156,2
PBSA516-70-CX300T1/2S6,"6""",300,SA-516-70,"1/2""",74,75,1,82,83,1
PB304L-CX300T1/2S6,"6""",300,304L,"1/2""",149,150,1,164,165,1
PB316L-CX300T1/2S6,"6""",300,316L,"1/2""",178,180,2,196,199,3
PBAL6061-CX300T1/2S6,"6""",300,AL-6061,"1/2""",67,68,1,74,75,1
PB304-CX300T5/8S6,"6""",300,304,"5/8""",166,168,2,183,185,2
PBSA36-CX300T5/8S6,"6""",300,SA-36,"5/8""",77,78,1,85,86,1
PBSA516-70-CX300T5/8S6,"6""",300,SA-516-70,"5/8""",84,85,1,93,94,1
PB304L-CX300T5/8S6,"6""",300,304L,"5/8""",177,179,2,195,197,2
PB316L-CX300T5/8S6,"6""",300,316L,"5/8""",214,216,2,236,238,2
PBAL6061-CX300T5/8S6,"6""",300,AL-6061,"5/8""",75,76,1,83,84,1
PB304-CX300T3/4S6,"6""",300,304,"3/4""",193,194,1,213,214,1
PBSA516-70-CX300T3/4S6,"6""",300,SA-516-70,"3/4""",94,95,1,104,105,1
PB304L-CX300T3/4S6,"6""",300,304L,"3/4""",206,207,1,227,228,1
PB316L-CX300T3/4S6,"6""",300,316L,"3/4""",250,252,2,275,278,3
PBAL6061-CX300T3/4S6,"6""",300,AL-6061,"3/4""",83,84,1,92,93,1
PB304-CX300T7/8S6,"6""",300,304,"7/8""",219,221,2,241,244,3
PBSA36-CX300T7/8S6,"6""",300,SA-36,"7/8""",94,95,1,104,105,1
PBSA516-70-CX300T7/8S6,"6""",300,SA-516-70,"7/8""",104,105,1,115,116,1
PB304L-CX300T7/8S6,"6""",300,304L,"7/8""",234,236,2,258,260,2
PB316L-CX300T7/8S6,"6""",300,316L,"7/8""",285,288,3,314,317,3
PBAL6061-CX300T7/8S6,"6""",300,AL-6061,"7/8""",91,92,1,101,102,1
PB304-CX300T1S6,"6""",300,304,"1""",245,247,2,270,272,2
PBSA516-70-CX300T1S6,"6""",300,SA-516-70,"1""",114,115,1,126,127,1
PB304L-CX300T1S6,"6""",300,304L,"1""",262,265,3,289,292,3
PB316L-CX300T1S6,"6""",300,316L,"1""",321,324,3,354,357,3
PBAL6061-CX300T1S6,"6""",300,AL-6061,"1""",99,101,2,109,112,3
PB304-CX300T1-1/8S6,"6""",300,304,"1-1/8""",272,274,2,300,302,2
PBSA36-CX300T1-1/8S6,"6""",300,SA-36,"1-1/8""",111,112,1,123,124,1
PBSA516-70-CX300T1-1/8S6,"6""",300,SA-516-70,"1-1/8""",123,125,2,136,138,2
PB304L-CX300T1-1/8S6,"6""",300,304L,"1-1/8""",291,294,3,321,324,3
PB316L-CX300T1-1/8S6,"6""",300,316L,"1-1/8""",357,361,4,393,398,5
PBAL6061-CX300T1-1/8S6,"6""",300,AL-6061,"1-1/8""",107,109,2,118,120,2
PB304-CX300T1-1/4S6,"6""",300,304,"1-1/4""",298,300,2,328,330,2
PBSA516-70-CX300T1-1/4S6,"6""",300,SA-516-70,"1-1/4""",133,135,2,147,149,2
PB304L-CX300T1-1/4S6,"6""",300,304L,"1-1/4""",319,322,3,351,355,4
PB316L-CX300T1-1/4S6,"6""",300,316L,"1-1/4""",393,397,4,433,437,4
PBAL6061-CX300T1-1/4S6,"6""",300,AL-6061,"1-1/4""",115,117,2,127,129,2
PB304-CX300T1-3/8S6,"6""",300,304,"1-3/8""",324,327,3,357,360,3
PBSA36-CX300T1-3/8S6,"6""",300,SA-36,"1-3/8""",128,129,1,141,142,1
PBSA516-70-CX300T1-3/8S6,"6""",300,SA-516-70,"1-3/8""",143,145,2,158,160,2
PB304L-CX300T1-3/8S6,"6""",300,304L,"1-3/8""",348,351,3,383,387,4
PB316L-CX300T1-3/8S6,"6""",300,316L,"1-3/8""",429,433,4,472,477,5
PBAL6061-CX300T1-3/8S6,"6""",300,AL-6061,"1-3/8""",124,125,1,137,138,1
PB304-CX300T1-1/2S6,"6""",300,304,"1-1/2""",350,353,3,386,389,3
PBSA36-CX300T1-1/2S6,"6""",300,SA-36,"1-1/2""",136,138,2,150,152,2
PBSA516-70-CX300T1-1/2S6,"6""",300,SA-516-70,"1-1/2""",153,155,2,169,171,2
PB304L-CX300T1-1/2S6,"6""",300,304L,"1-1/2""",376,380,4,414,419,5
PB316L-CX300T1-1/2S6,"6""",300,316L,"1-1/2""",464,469,5,511,516,5
PBAL6061-CX300T1-1/2S6,"6""",300,AL-6061,"1-1/2""",132,134,2,146,148,2
PB304-CX300T1-5/8S6,"6""",300,304,"1-5/8""",377,380,3,415,419,4
PBSA36-CX300T1-5/8S6,"6""",300,SA-36,"1-5/8""",145,146,1,160,161,1
PBSA516-70-CX300T1-5/8S6,"6""",300,SA-516-70,"1-5/8""",163,165,2,180,182,2
PB304L-CX300T1-5/8S6,"6""",300,304L,"1-5/8""",405,408,3,446,449,3
PB316L-CX300T1-5/8S6,"6""",300,316L,"1-5/8""",500,505,5,550,556,6
PBAL6061-CX300T1-5/8S6,"6""",300,AL-6061,"1-5/8""",140,142,2,154,157,3
PB304-CX300T1-3/4S6,"6""",300,304,"1-3/4""",403,406,3,444,447,3
PBSA36-CX300T1-3/4S6,"6""",300,SA-36,"1-3/4""",153,155,2,169,171,2
PBSA516-70-CX300T1-3/4S6,"6""",300,SA-516-70,"1-3/4""",173,175,2,191,193,2
PB304L-CX300T1-3/4S6,"6""",300,304L,"1-3/4""",433,437,4,477,481,4
PB316L-CX300T1-3/4S6,"6""",300,316L,"1-3/4""",536,541,5,590,596,6
PBAL6061-CX300T1-3/4S6,"6""",300,AL-6061,"1-3/4""",148,150,2,163,165,2
PB304-CX300T1-7/8S6,"6""",300,304,"1-7/8""",429,433,4,472,477,5
PBSA36-CX300T1-7/8S6,"6""",300,SA-36,"1-7/8""",162,163,1,179,180,1
PBSA516-70-CX300T1-7/8S6,"6""",300,SA-516-70,"1-7/8""",182,185,3,201,204,3
PB304L-CX300T1-7/8S6,"6""",300,304L,"1-7/8""",462,466,4,509,513,4
PB316L-CX300T1-7/8S6,"6""",300,316L,"1-7/8""",572,578,6,630,636,6
PBAL6061-CX300T1-7/8S6,"6""",300,AL-6061,"1-7/8""",156,158,2,172,174,2
PB304-CX300T2S6,"6""",300,304,"2""",456,460,4,502,507,5
PBSA36-CX300T2S6,"6""",300,SA-36,"2""",170,172,2,188,190,2
PBSA516-70-CX300T2S6,"6""",300,SA-516-70,"2""",192,195,3,212,215,3
PB304L-CX300T2S6,"6""",300,304L,"2""",490,495,5,539,545,6
PB316L-CX300T2S6,"6""",300,316L,"2""",608,614,6,669,676,7
PBAL6061-CX300T2S6,"6""",300,AL-6061,"2""",164,167,3,181,184,3
PB304-CX300T2-1/4S6,"6""",300,304,"2-1/4""",508,513,5,559,565,6
PBSA36-CX300T2-1/4S6,"6""",300,SA-36,"2-1/4""",187,189,2,206,208,2
PBSA516-70-CX300T2-1/4S6,"6""",300,SA-516-70,"2-1/4""",212,214,2,234,236,2
PB304L-CX300T2-1/4S6,"6""",300,304L,"2-1/4""",547,552,5,602,608,6
PB316L-CX300T2-1/4S6,"6""",300,316L,"2-1/4""",679,686,7,747,755,8
PBAL6061-CX300T2-1/4S6,"6""",300,AL-6061,"2-1/4""",180,183,3,199,202,3
PB304-CX300T2-1/2S6,"6""",300,304,"2-1/2""",561,566,5,618,623,5
PBSA36-CX300T2-1/2S6,"6""",300,SA-36,"2-1/2""",204,206,2,225,227,2
PBSA516-70-CX300T2-1/2S6,"6""",300,SA-516-70,"2-1/2""",232,234,2,256,258,2
PB304L-CX300T2-1/2S6,"6""",300,304L,"2-1/2""",604,610,6,665,671,6
PB316L-CX300T2-1/2S6,"6""",300,316L,"2-1/2""",751,758,7,827,834,7
PBAL6061-CX300T2-1/2S6,"6""",300,AL-6061,"2-1/2""",196,199,3,216,219,3
PB304-CX300T3S6,"6""",300,304,"3""",666,672,6,733,740,7
PBSA36-CX300T3S6,"6""",300,SA-36,"3""",238,240,2,262,264,2
PBSA516-70-CX300T3S6,"6""",300,SA-516-70,"3""",271,274,3,299,302,3
PB304L-CX300T3S6,"6""",300,304L,"3""",718,725,7,790,798,8
PB316L-CX300T3S6,"6""",300,316L,"3""",894,903,9,984,994,10
PBAL6061-CX300T3S6,"6""",300,AL-6061,"3""",228,232,4,251,256,5
PB316L-CX300T11GAS8,"8""",300,316L,11 Gauge,86,87,1,95,96,1
PBAL6061-CX300T11GAS8,"8""",300,AL-6061,11 Gauge,46,47,1,51,52,1
PB304-CX300T1/8S8,"8""",300,304,"1/8""",74,75,1,82,83,1
PB304-CX300T3/16S8,"8""",300,304,"3/16""",94,95,1,104,105,1
PB304L-CX300T3/16S8,"8""",300,304L,"3/16""",99,100,1,109,111,2
PB304-CX300T1/4S8,"8""",300,304,"1/4""",114,115,1,126,127,1
PBSA36-CX300T1/4S8,"8""",300,SA-36,"1/4""",60,61,1,66,68,2
PBSA516-70-CX300T1/4S8,"8""",300,SA-516-70,"1/4""",64,65,1,71,72,1
PB304L-CX300T1/4S8,"8""",300,304L,"1/4""",120,121,1,132,134,2
PB316L-CX300T1/4S8,"8""",300,316L,"1/4""",142,144,2,157,159,2
PBAL6061-CX300T1/4S8,"8""",300,AL-6061,"1/4""",59,60,1,65,66,1
PB304-CX300T5/16S8,"8""",300,304,"5/16""",134,135,1,148,149,1
PB304L-CX300T5/16S8,"8""",300,304L,"5/16""",142,143,1,157,158,1
PB316L-CX300T5/16S8,"8""",300,316L,"5/16""",169,171,2,186,189,3
PBAL6061-CX300T5/16S8,"8""",300,AL-6061,"5/16""",65,66,1,72,73,1
PB304-CX300T3/8S8,"8""",300,304,"3/8""",153,155,2,169,171,2
PBSA516-70-CX300T3/8S8,"8""",300,SA-516-70,"3/8""",79,80,1,87,88,1
PB304L-CX300T3/8S8,"8""",300,304L,"3/8""",163,164,1,180,181,1
PB316L-CX300T3/8S8,"8""",300,316L,"3/8""",196,198,2,216,218,2
PBAL6061-CX300T3/8S8,"8""",300,AL-6061,"3/8""",71,72,1,79,80,1
PB304-CX300T1/2S8,"8""",300,304,"1/2""",193,194,1,213,214,1
PBSA516-70-CX300T1/2S8,"8""",300,SA-516-70,"1/2""",94,95,1,104,105,1
PB304L-CX300T1/2S8,"8""",300,304L,"1/2""",206,208,2,227,229,2
PB316L-CX300T1/2S8,"8""",300,316L,"1/2""",250,252,2,275,278,3
PBAL6061-CX300T1/2S8,"8""",300,AL-6061,"1/2""",83,84,1,92,93,1
PB304-CX300T5/8S8,"8""",300,304,"5/8""",233,234,1,257,258,1
PBSA36-CX300T5/8S8,"8""",300,SA-36,"5/8""",98,99,1,108,109,1
PBSA516-70-CX300T5/8S8,"8""",300,SA-516-70,"5/8""",109,110,1,120,122,2
PB304L-CX300T5/8S8,"8""",300,304L,"5/8""",249,251,2,274,277,3
PB316L-CX300T5/8S8,"8""",300,316L,"5/8""",304,307,3,335,338,3
PBAL6061-CX300T5/8S8,"8""",300,AL-6061,"5/8""",95,97,2,105,107,2
PB304-CX300T3/4S8,"8""",300,304,"3/4""",272,274,2,300,302,2
PBSA36-CX300T3/4S8,"8""",300,SA-36,"3/4""",111,112,1,123,124,1
PBSA516-70-CX300T3/4S8,"8""",300,SA-516-70,"3/4""",124,125,1,137,138,1
PB304L-CX300T3/4S8,"8""",300,304L,"3/4""",291,294,3,321,324,3
PB316L-CX300T3/4S8,"8""",300,316L,"3/4""",358,361,3,394,398,4
PBAL6061-CX300T3/4S8,"8""",300,AL-6061,"3/4""",108,109,1,119,120,1
PB304-CX300T7/8S8,"8""",300,304,"7/8""",311,314,3,343,346,3
PBSA36-CX300T7/8S8,"8""",300,SA-36,"7/8""",124,125,1,137,138,1
PBSA516-70-CX300T7/8S8,"8""",300,SA-516-70,"7/8""",138,140,2,152,154,2
PB304L-CX300T7/8S8,"8""",300,304L,"7/8""",334,337,3,368,371,3
PB316L-CX300T7/8S8,"8""",300,316L,"7/8""",411,415,4,453,457,4
PBAL6061-CX300T7/8S8,"8""",300,AL-6061,"7/8""",120,121,1,132,134,2
PB304-CX300T1S8,"8""",300,304,"1""",351,354,3,387,390,3
PBSA36-CX300T1S8,"8""",300,SA-36,"1""",137,138,1,151,152,1
PBSA516-70-CX300T1S8,"8""",300,SA-516-70,"1""",153,155,2,169,171,2
PB304L-CX300T1S8,"8""",300,304L,"1""",377,380,3,415,419,4
PB316L-CX300T1S8,"8""",300,316L,"1""",465,470,5,512,517,5
PBAL6061-CX300T1S8,"8""",300,AL-6061,"1""",132,134,2,146,148,2
PB304-CX300T1-1/8S8,"8""",300,304,"1-1/8""",391,394,3,431,434,3
PBSA36-CX300T1-1/8S8,"8""",300,SA-36,"1-1/8""",149,151,2,164,167,3
PBSA516-70-CX300T1-1/8S8,"8""",300,SA-516-70,"1-1/8""",168,170,2,185,188,3
PB304L-CX300T1-1/8S8,"8""",300,304L,"1-1/8""",420,424,4,463,467,4
PB316L-CX300T1-1/8S8,"8""",300,316L,"1-1/8""",519,524,5,571,577,6
PBAL6061-CX300T1-1/8S8,"8""",300,AL-6061,"1-1/8""",144,146,2,159,161,2
PB304-CX300T1-1/4S8,"8""",300,304,"1-1/4""",430,434,4,474,478,4
PBSA36-CX300T1-1/4S8,"8""",300,SA-36,"1-1/4""",162,163,1,179,180,1
PBSA516-70-CX300T1-1/4S8,"8""",300,SA-516-70,"1-1/4""",183,185,2,202,204,2
PB304L-CX300T1-1/4S8,"8""",300,304L,"1-1/4""",462,467,5,509,514,5
PB316L-CX300T1-1/4S8,"8""",300,316L,"1-1/4""",573,578,5,631,636,5
PBAL6061-CX300T1-1/4S8,"8""",300,AL-6061,"1-1/4""",156,158,2,172,174,2
PB304-CX300T1-3/8S8,"8""",300,304,"1-3/8""",470,474,4,517,522,5
PBSA36-CX300T1-3/8S8,"8""",300,SA-36,"1-3/8""",175,176,1,193,194,1
PBSA516-70-CX300T1-3/8S8,"8""",300,SA-516-70,"1-3/8""",198,200,2,218,221,3
PB304L-CX300T1-3/8S8,"8""",300,304L,"1-3/8""",505,510,5,556,561,5
PB316L-CX300T1-3/8S8,"8""",300,316L,"1-3/8""",626,633,7,689,697,8
PBAL6061-CX300T1-3/8S8,"8""",300,AL-6061,"1-3/8""",168,171,3,185,189,4
PB304-CX300T1-1/2S8,"8""",300,304,"1-1/2""",509,513,4,560,565,5
PBSA36-CX300T1-1/2S8,"8""",300,SA-36,"1-1/2""",188,189,1,207,208,1
PBSA516-70-CX300T1-1/2S8,"8""",300,SA-516-70,"1-1/2""",212,215,3,234,237,3
PB304L-CX300T1-1/2S8,"8""",300,304L,"1-1/2""",548,553,5,603,609,6
PB316L-CX300T1-1/2S8,"8""",300,316L,"1-1/2""",680,687,7,749,756,7
PBAL6061-CX300T1-1/2S8,"8""",300,AL-6061,"1-1/2""",180,183,3,199,202,3
PB304-CX300T1-5/8S8,"8""",300,304,"1-5/8""",549,553,4,604,609,5
PBSA36-CX300T1-5/8S8,"8""",300,SA-36,"1-5/8""",200,202,2,221,223,2
PBSA516-70-CX300T1-5/8S8,"8""",300,SA-516-70,"1-5/8""",227,230,3,250,254,4
PB304L-CX300T1-5/8S8,"8""",300,304L,"1-5/8""",591,596,5,651,656,5
PB316L-CX300T1-5/8S8,"8""",300,316L,"1-5/8""",734,742,8,808,817,9
PBAL6061-CX300T1-5/8S8,"8""",300,AL-6061,"1-5/8""",192,196,4,212,216,4
PB304-CX300T1-3/4S8,"8""",300,304,"1-3/4""",588,593,5,647,653,6
PBSA36-CX300T1-3/4S8,"8""",300,SA-36,"1-3/4""",213,215,2,235,237,2
PBSA516-70-CX300T1-3/4S8,"8""",300,SA-516-70,"1-3/4""",242,245,3,267,270,3
PB304L-CX300T1-3/4S8,"8""",300,304L,"1-3/4""",633,639,6,697,703,6
PB316L-CX300T1-3/4S8,"8""",300,316L,"1-3/4""",788,796,8,867,876,9
PBAL6061-CX300T1-3/4S8,"8""",300,AL-6061,"1-3/4""",205,208,3,226,229,3
PB304-CX300T1-7/8S8,"8""",300,304,"1-7/8""",628,633,5,691,697,6
PBSA36-CX300T1-7/8S8,"8""",300,SA-36,"1-7/8""",226,228,2,249,251,2
PBSA516-70-CX300T1-7/8S8,"8""",300,SA-516-70,"1-7/8""",257,260,3,283,286,3
PB304L-CX300T1-7/8S8,"8""",300,304L,"1-7/8""",676,683,7,744,752,8
PB316L-CX300T1-7/8S8,"8""",300,316L,"1-7/8""",842,850,8,927,936,9
PBAL6061-CX300T1-7/8S8,"8""",300,AL-6061,"1-7/8""",217,220,3,239,243,4
PB304-CX300T2S8,"8""",300,304,"2""",667,673,6,734,741,7
PBSA36-CX300T2S8,"8""",300,SA-36,"2""",238,241,3,262,266,4
PBSA516-70-CX300T2S8,"8""",300,SA-516-70,"2""",271,275,4,299,303,4
PB304L-CX300T2S8,"8""",300,304L,"2""",719,726,7,791,799,8
PB316L-CX300T2S8,"8""",300,316L,"2""",895,905,10,985,996,11
PBAL6061-CX300T2S8,"8""",300,AL-6061,"2""",229,233,4,252,257,5
PB304-CX300T2-1/4S8,"8""",300,304,"2-1/4""",746,753,7,821,829,8
PBSA36-CX300T2-1/4S8,"8""",300,SA-36,"2-1/4""",264,266,2,291,293,2
PBSA516-70-CX300T2-1/4S8,"8""",300,SA-516-70,"2-1/4""",301,305,4,332,336,4
PB304L-CX300T2-1/4S8,"8""",300,304L,"2-1/4""",804,812,8,885,894,9
PB316L-CX300T2-1/4S8,"8""",300,316L,"2-1/4""",1003,1013,10,1104,1115,11
PBAL6061-CX300T2-1/4S8,"8""",300,AL-6061,"2-1/4""",253,257,4,279,283,4
PB304-CX300T2-1/2S8,"8""",300,304,"2-1/2""",825,832,7,908,916,8
PBSA36-CX300T2-1/2S8,"8""",300,SA-36,"2-1/2""",289,292,3,318,322,4
PBSA516-70-CX300T2-1/2S8,"8""",300,SA-516-70,"2-1/2""",331,335,4,365,369,4
PB304L-CX300T2-1/2S8,"8""",300,304L,"2-1/2""",890,899,9,980,989,9
PB316L-CX300T2-1/2S8,"8""",300,316L,"2-1/2""",1111,1122,11,1223,1235,12
PBAL6061-CX300T2-1/2S8,"8""",300,AL-6061,"2-1/2""",277,282,5,305,311,6
PB304-CX300T3S8,"8""",300,304,"3""",983,992,9,1082,1092,10
PBSA36-CX300T3S8,"8""",300,SA-36,"3""",340,344,4,375,379,4
PBSA516-70-CX300T3S8,"8""",300,SA-516-70,"3""",390,395,5,430,435,5
PB304L-CX300T3S8,"8""",300,304L,"3""",1061,1071,10,1168,1179,11
PB316L-CX300T3S8,"8""",300,316L,"3""",1326,1340,14,1459,1475,16
PBAL6061-CX300T3S8,"8""",300,AL-6061,"3""",326,332,6,359,366,7
PBSA516-70-CX300T11GAS10,"10""",300,SA-516-70,11 Gauge,54,55,1,60,61,1
PB304L-CX300T11GAS10,"10""",300,304L,11 Gauge,91,92,1,101,102,1
PB316L-CX300T11GAS10,"10""",300,316L,11 Gauge,106,107,1,117,118,1
PB304-CX300T1/8S10,"10""",300,304,"1/8""",89,90,1,98,100,2
PBSA36-CX300T1/8S10,"10""",300,SA-36,"1/8""",52,53,1,58,59,1
PBSA516-70-CX300T1/8S10,"10""",300,SA-516-70,"1/8""",55,56,1,61,62,1
PB316L-CX300T1/8S10,"10""",300,316L,"1/8""",109,110,1,120,122,2
PBAL6061-CX300T1/8S10,"10""",300,AL-6061,"1/8""",51,52,1,57,58,1
PBSA516-70-CX300T3/16S10,"10""",300,SA-516-70,"3/16""",65,66,1,72,73,1
PB304L-CX300T3/16S10,"10""",300,304L,"3/16""",123,124,1,136,137,1
PB316L-CX300T3/16S10,"10""",300,316L,"3/16""",146,147,1,161,162,1
PB304-CX300T1/4S10,"10""",300,304,"1/4""",144,145,1,159,160,1
PB304L-CX300T1/4S10,"10""",300,304L,"1/4""",153,154,1,169,170,1
PB316L-CX300T1/4S10,"10""",300,316L,"1/4""",183,185,2,202,204,2
PBAL6061-CX300T1/4S10,"10""",300,AL-6061,"1/4""",68,69,1,75,76,1
PB304-CX300T5/16S10,"10""",300,304,"5/16""",171,172,1,189,190,1
PB304L-CX300T5/16S10,"10""",300,304L,"5/16""",182,184,2,201,203,2
PB316L-CX300T5/16S10,"10""",300,316L,"5/16""",220,222,2,243,245,2
PB304-CX300T3/8S10,"10""",300,304,"3/8""",198,200,2,218,221,3
PBSA36-CX300T3/8S10,"10""",300,SA-36,"3/8""",87,88,1,96,97,1
PBSA516-70-CX300T3/8S10,"10""",300,SA-516-70,"3/8""",96,97,1,106,107,1
PB304L-CX300T3/8S10,"10""",300,304L,"3/8""",212,213,1,234,235,1
PB316L-CX300T3/8S10,"10""",300,316L,"3/8""",257,259,2,283,285,2
PBAL6061-CX300T3/8S10,"10""",300,AL-6061,"3/8""",85,86,1,94,95,1
PB304-CX300T1/2S10,"10""",300,304,"1/2""",253,255,2,279,281,2
PBSA36-CX300T1/2S10,"10""",300,SA-36,"1/2""",105,106,1,116,117,1
PBSA516-70-CX300T1/2S10,"10""",300,SA-516-70,"1/2""",116,117,1,128,129,1
PB304L-CX300T1/2S10,"10""",300,304L,"1/2""",270,273,3,297,301,4
PB316L-CX300T1/2S10,"10""",300,316L,"1/2""",331,334,3,365,368,3
PBAL6061-CX300T1/2S10,"10""",300,AL-6061,"1/2""",102,103,1,113,114,1
PB304-CX300T5/8S10,"10""",300,304,"5/8""",307,310,3,338,341,3
PBSA516-70-CX300T5/8S10,"10""",300,SA-516-70,"5/8""",137,138,1,151,152,1
PB304L-CX300T5/8S10,"10""",300,304L,"5/8""",329,332,3,362,366,4
PB316L-CX300T5/8S10,"10""",300,316L,"5/8""",405,409,4,446,450,4
PBAL6061-CX300T5/8S10,"10""",300,AL-6061,"5/8""",118,120,2,130,132,2
PB304-CX300T3/4S10,"10""",300,304,"3/4""",361,364,3,398,401,3
PBSA36-CX300T3/4S10,"10""",300,SA-36,"3/4""",140,141,1,154,156,2
PBSA516-70-CX300T3/4S10,"10""",300,SA-516-70,"3/4""",157,159,2,173,175,2
PB304L-CX300T3/4S10,"10""",300,304L,"3/4""",388,392,4,427,432,5
PB316L-CX300T3/4S10,"10""",300,316L,"3/4""",479,484,5,527,533,6
PBAL6061-CX300T3/4S10,"10""",300,AL-6061,"3/4""",135,137,2,149,151,2
PB304-CX300T7/8S10,"10""",300,304,"7/8""",416,419,3,458,461,3
PBSA36-CX300T7/8S10,"10""",300,SA-36,"7/8""",158,159,1,174,175,1
PBSA516-70-CX300T7/8S10,"10""",300,SA-516-70,"7/8""",177,179,2,195,197,2
PB304L-CX300T7/8S10,"10""",300,304L,"7/8""",447,451,4,492,497,5
PB316L-CX300T7/8S10,"10""",300,316L,"7/8""",553,559,6,609,615,6
PBAL6061-CX300T7/8S10,"10""",300,AL-6061,"7/8""",152,154,2,168,170,2
PB304-CX300T1S10,"10""",300,304,"1""",470,474,4,517,522,5
PBSA36-CX300T1S10,"10""",300,SA-36,"1""",175,177,2,193,195,2
PBSA516-70-CX300T1S10,"10""",300,SA-516-70,"1""",198,200,2,218,221,3
PB304L-CX300T1S10,"10""",300,304L,"1""",506,511,5,557,563,6
PB316L-CX300T1S10,"10""",300,316L,"1""",628,634,6,691,698,7
PBAL6061-CX300T1S10,"10""",300,AL-6061,"1""",168,171,3,185,189,4
PB304-CX300T1-1/8S10,"10""",300,304,"1-1/8""",525,529,4,578,582,4
PBSA36-CX300T1-1/8S10,"10""",300,SA-36,"1-1/8""",193,194,1,213,214,1
PBSA516-70-CX300T1-1/8S10,"10""",300,SA-516-70,"1-1/8""",218,221,3,240,244,4
PB304L-CX300T1-1/8S10,"10""",300,304L,"1-1/8""",565,570,5,622,627,5
PB316L-CX300T1-1/8S10,"10""",300,316L,"1-1/8""",702,709,7,773,780,7
PBAL6061-CX300T1-1/8S10,"10""",300,AL-6061,"1-1/8""",185,188,3,204,207,3
PB304-CX300T1-1/4S10,"10""",300,304,"1-1/4""",579,584,5,637,643,6
PBSA36-CX300T1-1/4S10,"10""",300,SA-36,"1-1/4""",210,212,2,232,234,2
PBSA516-70-CX300T1-1/4S10,"10""",300,SA-516-70,"1-1/4""",239,241,2,263,266,3
PB304L-CX300T1-1/4S10,"10""",300,304L,"1-1/4""",624,630,6,687,693,6
PB316L-CX300T1-1/4S10,"10""",300,316L,"1-1/4""",776,784,8,854,863,9
PBAL6061-CX300T1-1/4S10,"10""",300,AL-6061,"1-1/4""",202,205,3,223,226,3
PB304-CX300T1-3/8S10,"10""",300,304,"1-3/8""",634,639,5,698,703,5
PBSA36-CX300T1-3/8S10,"10""",300,SA-36,"1-3/8""",228,230,2,251,254,3
PBSA516-70-CX300T1-3/8S10,"10""",300,SA-516-70,"1-3/8""",259,262,3,285,289,4
PB304L-CX300T1-3/8S10,"10""",300,304L,"1-3/8""",683,689,6,752,758,6
PB316L-CX300T1-3/8S10,"10""",300,316L,"1-3/8""",850,859,9,936,945,9
PBAL6061-CX300T1-3/8S10,"10""",300,AL-6061,"1-3/8""",218,222,4,240,245,5
PB304-CX300T1-1/2S10,"10""",300,304,"1-1/2""",688,694,6,757,764,7
PBSA36-CX300T1-1/2S10,"10""",300,SA-36,"1-1/2""",245,247,2,270,272,2
PBSA516-70-CX300T1-1/2S10,"10""",300,SA-516-70,"1-1/2""",279,283,4,307,312,5
PB304L-CX300T1-1/2S10,"10""",300,304L,"1-1/2""",742,749,7,817,824,7
PB316L-CX300T1-1/2S10,"10""",300,316L,"1-1/2""",924,933,9,1017,1027,10
PBAL6061-CX300T1-1/2S10,"10""",300,AL-6061,"1-1/2""",235,239,4,259,263,4
PB304-CX300T1-5/8S10,"10""",300,304,"1-5/8""",743,749,6,818,824,6
PBSA36-CX300T1-5/8S10,"10""",300,SA-36,"1-5/8""",263,265,2,290,292,2
PBSA516-70-CX300T1-5/8S10,"10""",300,SA-516-70,"1-5/8""",300,303,3,330,334,4
PB304L-CX300T1-5/8S10,"10""",300,304L,"1-5/8""",801,808,7,882,889,7
PB316L-CX300T1-5/8S10,"10""",300,316L,"1-5/8""",998,1008,10,1098,1109,11
PBAL6061-CX300T1-5/8S10,"10""",300,AL-6061,"1-5/8""",252,256,4,278,282,4
PB304-CX300T1-3/4S10,"10""",300,304,"1-3/4""",797,804,7,877,885,8
PBSA36-CX300T1-3/4S10,"10""",300,SA-36,"1-3/4""",280,283,3,308,312,4
PBSA516-70-CX300T1-3/4S10,"10""",300,SA-516-70,"1-3/4""",320,324,4,352,357,5
PB304L-CX300T1-3/4S10,"10""",300,304L,"1-3/4""",859,868,9,945,955,10
PB316L-CX300T1-3/4S10,"10""",300,316L,"1-3/4""",1072,1083,11,1180,1192,12
PBAL6061-CX300T1-3/4S10,"10""",300,AL-6061,"1-3/4""",269,273,4,296,301,5
PB304-CX300T1-7/8S10,"10""",300,304,"1-7/8""",851,859,8,937,945,8
PBSA36-CX300T1-7/8S10,"10""",300,SA-36,"1-7/8""",298,301,3,328,332,4
PBSA516-70-CX300T1-7/8S10,"10""",300,SA-516-70,"1-7/8""",340,345,5,375,380,5
PB304L-CX300T1-7/8S10,"10""",300,304L,"1-7/8""",918,927,9,1010,1020,10
PB316L-CX300T1-7/8S10,"10""",300,316L,"1-7/8""",1146,1158,12,1261,1274,13
PBAL6061-CX300T1-7/8S10,"10""",300,AL-6061,"1-7/8""",285,290,5,314,319,5
PB304-CX300T2S10,"10""",300,304,"2""",906,914,8,997,1006,9
PBSA36-CX300T2S10,"10""",300,SA-36,"2""",315,318,3,347,350,3
PBSA516-70-CX300T2S10,"10""",300,SA-516-70,"2""",361,365,4,398,402,4
PB304L-CX300T2S10,"10""",300,304L,"2""",977,987,10,1075,1086,11
PB316L-CX300T2S10,"10""",300,316L,"2""",1220,1233,13,1342,1357,15
PBAL6061-CX300T2S10,"10""",300,AL-6061,"2""",302,307,5,333,338,5
PB304-CX300T2-1/4S10,"10""",300,304,"2-1/4""",1015,1024,9,1117,1127,10
PBSA36-CX300T2-1/4S10,"10""",300,SA-36,"2-1/4""",350,354,4,386,390,4
PBSA516-70-CX300T2-1/4S10,"10""",300,SA-516-70,"2-1/4""",402,407,5,443,448,5
PB304L-CX300T2-1/4S10,"10""",300,304L,"2-1/4""",1095,1106,11,1205,1217,12
PB316L-CX300T2-1/4S10,"10""",300,316L,"2-1/4""",1368,1383,15,1505,1522,17
PBAL6061-CX300T2-1/4S10,"10""",300,AL-6061,"2-1/4""",335,341,6,369,376,7
PB304-CX300T2-1/2S10,"10""",300,304,"2-1/2""",1124,1134,10,1237,1248,11
PBSA36-CX300T2-1/2S10,"10""",300,SA-36,"2-1/2""",385,389,4,424,428,4
PBSA516-70-CX300T2-1/2S10,"10""",300,SA-516-70,"2-1/2""",442,448,6,487,493,6
PB304L-CX300T2-1/2S10,"10""",300,304L,"2-1/2""",1213,1225,12,1335,1348,13
PB316L-CX300T2-1/2S10,"10""",300,316L,"2-1/2""",1517,1533,16,1669,1687,18
PBAL6061-CX300T2-1/2S10,"10""",300,AL-6061,"2-1/2""",369,375,6,406,413,7
PB304-CX300T3S10,"10""",300,304,"3""",1341,1353,12,1476,1489,13
PBSA36-CX300T3S10,"10""",300,SA-36,"3""",456,460,4,502,507,5
PBSA516-70-CX300T3S10,"10""",300,SA-516-70,"3""",524,531,7,577,585,8
PB304L-CX300T3S10,"10""",300,304L,"3""",1448,1463,15,1593,1610,17
PB316L-CX300T3S10,"10""",300,316L,"3""",1813,1832,19,1995,2016,21
PBAL6061-CX300T3S10,"10""",300,AL-6061,"3""",435,443,8,479,488,9
PB304-CX300T11GAS12,"12""",300,304,11 Gauge,108,109,1,119,120,1
PB304L-CX300T11GAS12,"12""",300,304L,11 Gauge,114,115,1,126,127,1
PB316L-CX300T11GAS12,"12""",300,316L,11 Gauge,134,135,1,148,149,1
PB304-CX300T1/8S12,"12""",300,304,"1/8""",111,112,1,123,124,1
PB304L-CX300T1/8S12,"12""",300,304L,"1/8""",117,118,1,129,130,1
PB316L-CX300T1/8S12,"12""",300,316L,"1/8""",138,139,1,152,153,1
PBAL6061-CX300T1/8S12,"12""",300,AL-6061,"1/8""",60,61,1,66,68,2
PB304-CX300T3/16S12,"12""",300,304,"3/16""",148,149,1,163,164,1
PB304L-CX300T3/16S12,"12""",300,304L,"3/16""",157,159,2,173,175,2
PB316L-CX300T3/16S12,"12""",300,316L,"3/16""",188,190,2,207,210,3
PBAL6061-CX300T3/16S12,"12""",300,AL-6061,"3/16""",71,72,1,79,80,1
PB304-CX300T1/4S12,"12""",300,304,"1/4""",185,187,2,204,206,2
PB304L-CX300T1/4S12,"12""",300,304L,"1/4""",197,199,2,217,219,2
PB316L-CX300T1/4S12,"12""",300,316L,"1/4""",239,241,2,263,266,3
PBAL6061-CX300T1/4S12,"12""",300,AL-6061,"1/4""",83,84,1,92,93,1
PB304-CX300T5/16S12,"12""",300,304,"5/16""",222,224,2,245,247,2
PBSA36-CX300T5/16S12,"12""",300,SA-36,"5/16""",97,98,1,107,108,1
PB304L-CX300T5/16S12,"12""",300,304L,"5/16""",237,239,2,261,263,2
PB316L-CX300T5/16S12,"12""",300,316L,"5/16""",289,292,3,318,322,4
PBAL6061-CX300T5/16S12,"12""",300,AL-6061,"5/16""",94,95,1,104,105,1
PB304-CX300T3/8S12,"12""",300,304,"3/8""",259,261,2,285,288,3
PBSA36-CX300T3/8S12,"12""",300,SA-36,"3/8""",109,110,1,120,122,2
PBSA516-70-CX300T3/8S12,"12""",300,SA-516-70,"3/8""",120,122,2,132,135,3
PB304L-CX300T3/8S12,"12""",300,304L,"3/8""",277,280,3,305,308,3
PB316L-CX300T3/8S12,"12""",300,316L,"3/8""",339,342,3,373,377,4
PBAL6061-CX300T3/8S12,"12""",300,AL-6061,"3/8""",105,107,2,116,118,2
PB304-CX300T1/2S12,"12""",300,304,"1/2""",333,336,3,367,370,3
PBSA36-CX300T1/2S12,"12""",300,SA-36,"1/2""",133,134,1,147,148,1
PBSA516-70-CX300T1/2S12,"12""",300,SA-516-70,"1/2""",148,150,2,163,165,2
PB304L-CX300T1/2S12,"12""",300,304L,"1/2""",357,360,3,393,397,4
PB316L-CX300T1/2S12,"12""",300,316L,"1/2""",440,444,4,485,489,4
PBAL6061-CX300T1/2S12,"12""",300,AL-6061,"1/2""",128,130,2,141,143,2
PB304-CX300T5/8S12,"12""",300,304,"5/8""",407,410,3,448,452,4
PBSA36-CX300T5/8S12,"12""",300,SA-36,"5/8""",156,158,2,172,174,2
PBSA516-70-CX300T5/8S12,"12""",300,SA-516-70,"5/8""",176,178,2,194,196,2
PB304L-CX300T5/8S12,"12""",300,304L,"5/8""",437,441,4,481,486,5
PB316L-CX300T5/8S12,"12""",300,316L,"5/8""",540,546,6,594,601,7
PBAL6061-CX300T5/8S12,"12""",300,AL-6061,"5/8""",151,153,2,167,169,2
PB304-CX300T3/4S12,"12""",300,304,"3/4""",481,485,4,530,534,4
PBSA36-CX300T3/4S12,"12""",300,SA-36,"3/4""",180,182,2,199,201,2
PBSA516-70-CX300T3/4S12,"12""",300,SA-516-70,"3/4""",203,206,3,224,227,3
PB304L-CX300T3/4S12,"12""",300,304L,"3/4""",517,522,5,569,575,6
PB316L-CX300T3/4S12,"12""",300,316L,"3/4""",641,647,6,706,712,6
PBAL6061-CX300T3/4S12,"12""",300,AL-6061,"3/4""",173,176,3,191,194,3
PB304-CX300T7/8S12,"12""",300,304,"7/8""",555,560,5,611,616,5
PBSA36-CX300T7/8S12,"12""",300,SA-36,"7/8""",204,206,2,225,227,2
PBSA516-70-CX300T7/8S12,"12""",300,SA-516-70,"7/8""",231,234,3,255,258,3
PB304L-CX300T7/8S12,"12""",300,304L,"7/8""",597,603,6,657,664,7
PB316L-CX300T7/8S12,"12""",300,316L,"7/8""",741,749,8,816,824,8
PBAL6061-CX300T7/8S12,"12""",300,AL-6061,"7/8""",196,199,3,216,219,3
PB304-CX300T1S12,"12""",300,304,"1""",629,634,5,692,698,6
PBSA36-CX300T1S12,"12""",300,SA-36,"1""",228,230,2,251,254,3
PBSA516-70-CX300T1S12,"12""",300,SA-516-70,"1""",259,262,3,285,289,4
PB304L-CX300T1S12,"12""",300,304L,"1""",677,684,7,745,753,8
PB316L-CX300T1S12,"12""",300,316L,"1""",842,851,9,927,937,10
PBAL6061-CX300T1S12,"12""",300,AL-6061,"1""",219,222,3,241,245,4
PB304-CX300T1-1/8S12,"12""",300,304,"1-1/8""",703,709,6,774,780,6
PBSA36-CX300T1-1/8S12,"12""",300,SA-36,"1-1/8""",252,254,2,278,280,2
PBSA516-70-CX300T1-1/8S12,"12""",300,SA-516-70,"1-1/8""",286,290,4,315,319,4
PB304L-CX300T1-1/8S12,"12""",300,304L,"1-1/8""",757,764,7,833,841,8
PB316L-CX300T1-1/8S12,"12""",300,316L,"1-1/8""",943,952,9,1038,1048,10
PBAL6061-CX300T1-1/8S12,"12""",300,AL-6061,"1-1/8""",241,245,4,266,270,4
PB304-CX300T1-1/4S12,"12""",300,304,"1-1/4""",777,783,6,855,862,7
PBSA36-CX300T1-1/4S12,"12""",300,SA-36,"1-1/4""",275,278,3,303,306,3
PBSA516-70-CX300T1-1/4S12,"12""",300,SA-516-70,"1-1/4""",314,318,4,346,350,4
PB304L-CX300T1-1/4S12,"12""",300,304L,"1-1/4""",837,845,8,921,930,9
PB316L-CX300T1-1/4S12,"12""",300,316L,"1-1/4""",1043,1054,11,1148,1160,12
PBAL6061-CX300T1-1/4S12,"12""",300,AL-6061,"1-1/4""",264,269,5,291,296,5
PB304-CX300T1-3/8S12,"12""",300,304,"1-3/8""",850,858,8,936,944,8
PBSA36-CX300T1-3/8S12,"12""",300,SA-36,"1-3/8""",299,302,3,329,333,4
PBSA516-70-CX300T1-3/8S12,"12""",300,SA-516-70,"1-3/8""",342,346,4,377,381,4
PB304L-CX300T1-3/8S12,"12""",300,304L,"1-3/8""",917,926,9,1009,1019,10
PB316L-CX300T1-3/8S12,"12""",300,316L,"1-3/8""",1144,1156,12,1259,1272,13
PBAL6061-CX300T1-3/8S12,"12""",300,AL-6061,"1-3/8""",287,292,5,316,322,6
PB304-CX300T1-1/2S12,"12""",300,304,"1-1/2""",924,932,8,1017,1026,9
PBSA36-CX300T1-1/2S12,"12""",300,SA-36,"1-1/2""",323,326,3,356,359,3
PBSA516-70-CX300T1-1/2S12,"12""",300,SA-516-70,"1-1/2""",369,374,5,406,412,6
PB304L-CX300T1-1/2S12,"12""",300,304L,"1-1/2""",997,1007,10,1097,1108,11
PB316L-CX300T1-1/2S12,"12""",300,316L,"1-1/2""",1244,1257,13,1369,1383,14
PBAL6061-CX300T1-1/2S12,"12""",300,AL-6061,"1-1/2""",309,315,6,340,347,7
PB304-CX300T1-5/8S12,"12""",300,304,"1-5/8""",998,1007,9,1098,1108,10
PBSA36-CX300T1-5/8S12,"12""",300,SA-36,"1-5/8""",347,350,3,382,386,4
PBSA516-70-CX300T1-5/8S12,"12""",300,SA-516-70,"1-5/8""",397,402,5,437,443,6
PB304L-CX300T1-5/8S12,"12""",300,304L,"1-5/8""",1077,1087,10,1185,1196,11
PB316L-CX300T1-5/8S12,"12""",300,316L,"1-5/8""",1345,1359,14,1480,1495,15
PBAL6061-CX300T1-5/8S12,"12""",300,AL-6061,"1-5/8""",332,338,6,366,372,6
PB304-CX300T1-3/4S12,"12""",300,304,"1-3/4""",1072,1082,10,1180,1191,11
PBSA36-CX300T1-3/4S12,"12""",300,SA-36,"1-3/4""",371,374,3,409,412,3
PBSA516-70-CX300T1-3/4S12,"12""",300,SA-516-70,"1-3/4""",425,430,5,468,474,6
PB304L-CX300T1-3/4S12,"12""",300,304L,"1-3/4""",1157,1168,11,1273,1285,12
PB316L-CX300T1-3/4S12,"12""",300,316L,"1-3/4""",1446,1461,15,1591,1608,17
PBAL6061-CX300T1-3/4S12,"12""",300,AL-6061,"1-3/4""",355,361,6,391,398,7
PB304-CX300T1-7/8S12,"12""",300,304,"1-7/8""",1146,1156,10,1261,1272,11
PBSA36-CX300T1-7/8S12,"12""",300,SA-36,"1-7/8""",394,398,4,434,438,4
PBSA516-70-CX300T1-7/8S12,"12""",300,SA-516-70,"1-7/8""",452,458,6,498,504,6
PB304L-CX300T1-7/8S12,"12""",300,304L,"1-7/8""",1237,1249,12,1361,1374,13
PB316L-CX300T1-7/8S12,"12""",300,316L,"1-7/8""",1546,1562,16,1701,1719,18
PBAL6061-CX300T1-7/8S12,"12""",300,AL-6061,"1-7/8""",377,384,7,415,423,8
PB304-CX300T2S12,"12""",300,304,"2""",1220,1231,11,1342,1355,13
PBSA36-CX300T2S12,"12""",300,SA-36,"2""",418,422,4,460,465,5
PBSA516-70-CX300T2S12,"12""",300,SA-516-70,"2""",480,486,6,528,535,7
PB304L-CX300T2S12,"12""",300,304L,"2""",1317,1330,13,1449,1464,15
PB316L-CX300T2S12,"12""",300,316L,"2""",1647,1664,17,1812,1831,19
PBAL6061-CX300T2S12,"12""",300,AL-6061,"2""",400,407,7,441,448,7
PB304-CX300T2-1/4S12,"12""",300,304,"2-1/4""",1368,1380,12,1505,1519,14
PBSA36-CX300T2-1/4S12,"12""",300,SA-36,"2-1/4""",466,470,4,513,517,4
PBSA516-70-CX300T2-1/4S12,"12""",300,SA-516-70,"2-1/4""",535,542,7,589,597,8
PB304L-CX300T2-1/4S12,"12""",300,304L,"2-1/4""",1477,1491,14,1625,1641,16
PB316L-CX300T2-1/4S12,"12""",300,316L,"2-1/4""",1848,1867,19,2033,2054,21
PBAL6061-CX300T2-1/4S12,"12""",300,AL-6061,"2-1/4""",445,453,8,490,499,9
PB304-CX300T2-1/2S12,"12""",300,304,"2-1/2""",1516,1529,13,1668,1682,14
PBSA36-CX300T2-1/2S12,"12""",300,SA-36,"2-1/2""",513,518,5,565,570,5
PBSA516-70-CX300T2-1/2S12,"12""",300,SA-516-70,"2-1/2""",591,598,7,651,658,7
PB304L-CX300T2-1/2S12,"12""",300,304L,"2-1/2""",1637,1653,16,1801,1819,18
PB316L-CX300T2-1/2S12,"12""",300,316L,"2-1/2""",2049,2071,22,2254,2279,25
PBAL6061-CX300T2-1/2S12,"12""",300,AL-6061,"2-1/2""",491,500,9,541,550,9
PB304-CX300T3S12,"12""",300,304,"3""",1811,1828,17,1993,2011,18
PBSA36-CX300T3S12,"12""",300,SA-36,"3""",609,615,6,670,677,7
PBSA516-70-CX300T3S12,"12""",300,SA-516-70,"3""",701,710,9,772,782,10
PB304L-CX300T3S12,"12""",300,304L,"3""",1957,1976,19,2153,2174,21
PB316L-CX300T3S12,"12""",300,316L,"3""",2451,2477,26,2697,2725,28
PBAL6061-CX300T3S12,"12""",300,AL-6061,"3""",581,592,11,640,652,12
PB304-CX300T11GAS14,"14""",300,304,11 Gauge,134,135,1,148,149,1
PB304L-CX300T11GAS14,"14""",300,304L,11 Gauge,142,143,1,157,158,1
PB316L-CX300T11GAS14,"14""",300,316L,11 Gauge,168,169,1,185,186,1
PBAL6061-CX300T11GAS14,"14""",300,AL-6061,11 Gauge,69,70,1,76,77,1
PB304-CX300T1/8S14,"14""",300,304,"1/8""",138,139,1,152,153,1
PBSA516-70-CX300T1/8S14,"14""",300,SA-516-70,"1/8""",77,78,1,85,86,1
PB304L-CX300T1/8S14,"14""",300,304L,"1/8""",146,147,1,161,162,1
PB316L-CX300T1/8S14,"14""",300,316L,"1/8""",173,175,2,191,193,2
PB304-CX300T3/16S14,"14""",300,304,"3/16""",187,188,1,206,207,1
PBSA516-70-CX300T3/16S14,"14""",300,SA-516-70,"3/16""",95,96,1,105,106,1
PB304L-CX300T3/16S14,"14""",300,304L,"3/16""",199,200,1,219,221,2
PB316L-CX300T3/16S14,"14""",300,316L,"3/16""",240,242,2,264,267,3
PB304-CX300T1/4S14,"14""",300,304,"1/4""",236,237,1,260,261,1
PBSA36-CX300T1/4S14,"14""",300,SA-36,"1/4""",103,104,1,114,115,1
PBSA516-70-CX300T1/4S14,"14""",300,SA-516-70,"1/4""",114,115,1,126,127,1
PB304L-CX300T1/4S14,"14""",300,304L,"1/4""",252,254,2,278,280,2
PB316L-CX300T1/4S14,"14""",300,316L,"1/4""",306,309,3,337,340,3
PBAL6061-CX300T1/4S14,"14""",300,AL-6061,"1/4""",101,102,1,112,113,1
PB304-CX300T5/16S14,"14""",300,304,"5/16""",284,287,3,313,316,3
PBSA36-CX300T5/16S14,"14""",300,SA-36,"5/16""",119,120,1,131,132,1
PBSA516-70-CX300T5/16S14,"14""",300,SA-516-70,"5/16""",132,133,1,146,147,1
PB304L-CX300T5/16S14,"14""",300,304L,"5/16""",304,307,3,335,338,3
PB316L-CX300T5/16S14,"14""",300,316L,"5/16""",372,376,4,410,414,4
PBAL6061-CX300T5/16S14,"14""",300,AL-6061,"5/16""",115,117,2,127,129,2
PB304-CX300T3/8S14,"14""",300,304,"3/8""",333,336,3,367,370,3
PBSA36-CX300T3/8S14,"14""",300,SA-36,"3/8""",135,136,1,149,150,1
PBSA516-70-CX300T3/8S14,"14""",300,SA-516-70,"3/8""",150,152,2,165,168,3
PB304L-CX300T3/8S14,"14""",300,304L,"3/8""",357,360,3,393,397,4
PB316L-CX300T3/8S14,"14""",300,316L,"3/8""",439,443,4,483,488,5
PBAL6061-CX300T3/8S14,"14""",300,AL-6061,"3/8""",130,132,2,143,146,3
PB304-CX300T1/2S14,"14""",300,304,"1/2""",431,434,3,475,478,3
PBSA36-CX300T1/2S14,"14""",300,SA-36,"1/2""",166,168,2,183,185,2
PBSA516-70-CX300T1/2S14,"14""",300,SA-516-70,"1/2""",187,189,2,206,208,2
PB304L-CX300T1/2S14,"14""",300,304L,"1/2""",462,467,5,509,514,5
PB316L-CX300T1/2S14,"14""",300,316L,"1/2""",571,577,6,629,635,6
PBAL6061-CX300T1/2S14,"14""",300,AL-6061,"1/2""",160,163,3,176,180,4
PB304-CX300T5/8S14,"14""",300,304,"5/8""",528,532,4,581,586,5
PBSA36-CX300T5/8S14,"14""",300,SA-36,"5/8""",198,199,1,218,219,1
PBSA516-70-CX300T5/8S14,"14""",300,SA-516-70,"5/8""",223,226,3,246,249,3
PB304L-CX300T5/8S14,"14""",300,304L,"5/8""",568,573,5,625,631,6
PB316L-CX300T5/8S14,"14""",300,316L,"5/8""",704,711,7,775,783,8
PBAL6061-CX300T5/8S14,"14""",300,AL-6061,"5/8""",190,193,3,210,213,3
PB304-CX300T3/4S14,"14""",300,304,"3/4""",625,631,6,688,695,7
PBSA36-CX300T3/4S14,"14""",300,SA-36,"3/4""",229,231,2,252,255,3
PBSA516-70-CX300T3/4S14,"14""",300,SA-516-70,"3/4""",260,263,3,286,290,4
PB304L-CX300T3/4S14,"14""",300,304L,"3/4""",673,680,7,741,749,8
PB316L-CX300T3/4S14,"14""",300,316L,"3/4""",836,845,9,920,930,10
PBAL6061-CX300T3/4S14,"14""",300,AL-6061,"3/4""",220,224,4,243,247,4
PB304-CX300T7/8S14,"14""",300,304,"7/8""",723,729,6,796,802,6
PBSA36-CX300T7/8S14,"14""",300,SA-36,"7/8""",260,263,3,286,290,4
PBSA516-70-CX300T7/8S14,"14""",300,SA-516-70,"7/8""",296,300,4,326,330,4
PB304L-CX300T7/8S14,"14""",300,304L,"7/8""",779,786,7,857,865,8
PB316L-CX300T7/8S14,"14""",300,316L,"7/8""",969,979,10,1066,1077,11
PBAL6061-CX300T7/8S14,"14""",300,AL-6061,"7/8""",250,254,4,275,280,5
PB304-CX300T1S14,"14""",300,304,"1""",820,827,7,903,910,7
PBSA36-CX300T1S14,"14""",300,SA-36,"1""",292,294,2,322,324,2
PBSA516-70-CX300T1S14,"14""",300,SA-516-70,"1""",332,336,4,366,370,4
PB304L-CX300T1S14,"14""",300,304L,"1""",884,893,9,973,983,10
PB316L-CX300T1S14,"14""",300,316L,"1""",1102,1113,11,1213,1225,12
PBAL6061-CX300T1S14,"14""",300,AL-6061,"1""",280,285,5,308,314,6
PB304-CX300T1-1/8S14,"14""",300,304,"1-1/8""",918,926,8,1010,1019,9
PBSA36-CX300T1-1/8S14,"14""",300,SA-36,"1-1/8""",323,326,3,356,359,3
PBSA516-70-CX300T1-1/8S14,"14""",300,SA-516-70,"1-1/8""",369,373,4,406,411,5
PB304L-CX300T1-1/8S14,"14""",300,304L,"1-1/8""",990,999,9,1089,1099,10
PB316L-CX300T1-1/8S14,"14""",300,316L,"1-1/8""",1234,1247,13,1358,1372,14
PBAL6061-CX300T1-1/8S14,"14""",300,AL-6061,"1-1/8""",310,315,5,341,347,6
PB304-CX300T1-1/4S14,"14""",300,304,"1-1/4""",1015,1024,9,1117,1127,10
PBSA36-CX300T1-1/4S14,"14""",300,SA-36,"1-1/4""",354,358,4,390,394,4
PBSA516-70-CX300T1-1/4S14,"14""",300,SA-516-70,"1-1/4""",405,410,5,446,452,6
PB304L-CX300T1-1/4S14,"14""",300,304L,"1-1/4""",1095,1106,11,1205,1217,12
PB316L-CX300T1-1/4S14,"14""",300,316L,"1-1/4""",1367,1381,14,1504,1520,16
PBAL6061-CX300T1-1/4S14,"14""",300,AL-6061,"1-1/4""",339,345,6,373,380,7
PB304-CX300T1-3/8S14,"14""",300,304,"1-3/8""",1113,1122,9,1225,1235,10
PBSA36-CX300T1-3/8S14,"14""",300,SA-36,"1-3/8""",386,390,4,425,430,5
PBSA516-70-CX300T1-3/8S14,"14""",300,SA-516-70,"1-3/8""",442,447,5,487,492,5
PB304L-CX300T1-3/8S14,"14""",300,304L,"1-3/8""",1200,1212,12,1320,1334,14
PB316L-CX300T1-3/8S14,"14""",300,316L,"1-3/8""",1499,1515,16,1649,1667,18
PBAL6061-CX300T1-3/8S14,"14""",300,AL-6061,"1-3/8""",369,376,7,406,414,8
PB304-CX300T1-1/2S14,"14""",300,304,"1-1/2""",1210,1221,11,1331,1344,13
PBSA36-CX300T1-1/2S14,"14""",300,SA-36,"1-1/2""",417,421,4,459,464,5
PBSA516-70-CX300T1-1/2S14,"14""",300,SA-516-70,"1-1/2""",478,484,6,526,533,7
PB304L-CX300T1-1/2S14,"14""",300,304L,"1-1/2""",1306,1319,13,1437,1451,14
PB316L-CX300T1-1/2S14,"14""",300,316L,"1-1/2""",1632,1649,17,1796,1814,18
PBAL6061-CX300T1-1/2S14,"14""",300,AL-6061,"1-1/2""",399,406,7,439,447,8
PB304-CX300T1-5/8S14,"14""",300,304,"1-5/8""",1308,1319,11,1439,1451,12
PBSA36-CX300T1-5/8S14,"14""",300,SA-36,"1-5/8""",449,453,4,494,499,5
PBSA516-70-CX300T1-5/8S14,"14""",300,SA-516-70,"1-5/8""",515,521,6,567,574,7
PB304L-CX300T1-5/8S14,"14""",300,304L,"1-5/8""",1411,1425,14,1553,1568,15
PB316L-CX300T1-5/8S14,"14""",300,316L,"1-5/8""",1765,1783,18,1942,1962,20
PBAL6061-CX300T1-5/8S14,"14""",300,AL-6061,"1-5/8""",429,437,8,472,481,9
PB304-CX300T1-3/4S14,"14""",300,304,"1-3/4""",1405,1417,12,1546,1559,13
PBSA36-CX300T1-3/4S14,"14""",300,SA-36,"1-3/4""",480,485,5,528,534,6
PBSA516-70-CX300T1-3/4S14,"14""",300,SA-516-70,"1-3/4""",551,558,7,607,614,7
PB304L-CX300T1-3/4S14,"14""",300,304L,"1-3/4""",1517,1531,14,1669,1685,16
PB316L-CX300T1-3/4S14,"14""",300,316L,"1-3/4""",1897,1917,20,2087,2109,22
PBAL6061-CX300T1-3/4S14,"14""",300,AL-6061,"1-3/4""",459,467,8,505,514,9
PB304-CX300T1-7/8S14,"14""",300,304,"1-7/8""",1502,1516,14,1653,1668,15
PBSA36-CX300T1-7/8S14,"14""",300,SA-36,"1-7/8""",511,516,5,563,568,5
PBSA516-70-CX300T1-7/8S14,"14""",300,SA-516-70,"1-7/8""",588,595,7,647,655,8
PB304L-CX300T1-7/8S14,"14""",300,304L,"1-7/8""",1622,1638,16,1785,1802,17
PB316L-CX300T1-7/8S14,"14""",300,316L,"1-7/8""",2030,2051,21,2233,2257,24
PBAL6061-CX300T1-7/8S14,"14""",300,AL-6061,"1-7/8""",489,498,9,538,548,10
PB304-CX300T2S14,"14""",300,304,"2""",1600,1614,14,1761,1776,15
PBSA36-CX300T2S14,"14""",300,SA-36,"2""",543,548,5,598,603,5
PBSA516-70-CX300T2S14,"14""",300,SA-516-70,"2""",624,632,8,687,696,9
PB304L-CX300T2S14,"14""",300,304L,"2""",1727,1744,17,1900,1919,19
PB316L-CX300T2S14,"14""",300,316L,"2""",2162,2185,23,2379,2404,25
PBAL6061-CX300T2S14,"14""",300,AL-6061,"2""",519,528,9,571,581,10
PB304-CX300T2-1/4S14,"14""",300,304,"2-1/4""",1795,1811,16,1975,1993,18
PBSA36-CX300T2-1/4S14,"14""",300,SA-36,"2-1/4""",605,612,7,666,674,8
PBSA516-70-CX300T2-1/4S14,"14""",300,SA-516-70,"2-1/4""",697,706,9,767,777,10
PB304L-CX300T2-1/4S14,"14""",300,304L,"2-1/4""",1938,1957,19,2132,2153,21
PB316L-CX300T2-1/4S14,"14""",300,316L,"2-1/4""",2428,2453,25,2671,2699,28
PBAL6061-CX300T2-1/4S14,"14""",300,AL-6061,"2-1/4""",579,589,10,637,648,11
PB304-CX300T2-1/2S14,"14""",300,304,"2-1/2""",1990,2007,17,2189,2208,19
PBSA36-CX300T2-1/2S14,"14""",300,SA-36,"2-1/2""",668,675,7,735,743,8
PBSA516-70-CX300T2-1/2S14,"14""",300,SA-516-70,"2-1/2""",770,780,10,848,859,11
PB304L-CX300T2-1/2S14,"14""",300,304L,"2-1/2""",2149,2170,21,2364,2387,23
PB316L-CX300T2-1/2S14,"14""",300,316L,"2-1/2""",2693,2721,28,2963,2994,31
PBAL6061-CX300T2-1/2S14,"14""",300,AL-6061,"2-1/2""",638,650,12,702,716,14
PB304-CX300T3S14,"14""",300,304,"3""",2380,2401,21,2618,2642,24
PBSA36-CX300T3S14,"14""",300,SA-36,"3""",794,802,8,874,883,9
PBSA516-70-CX300T3S14,"14""",300,SA-516-70,"3""",916,928,12,1008,1021,13
PB304L-CX300T3S14,"14""",300,304L,"3""",2571,2596,25,2829,2856,27
PB316L-CX300T3S14,"14""",300,316L,"3""",3223,3258,35,3546,3584,38
PBAL6061-CX300T3S14,"14""",300,AL-6061,"3""",758,772,14,834,850,16
PB304-CX300T11GAS16,"16""",300,304,11 Gauge,160,161,1,176,178,2
PBSA516-70-CX300T11GAS16,"16""",300,SA-516-70,11 Gauge,88,89,1,97,98,1
PB304L-CX300T11GAS16,"16""",300,304L,11 Gauge,169,171,2,186,189,3
PB316L-CX300T11GAS16,"16""",300,316L,11 Gauge,201,203,2,222,224,2
PBAL6061-CX300T11GAS16,"16""",300,AL-6061,11 Gauge,80,81,1,88,90,2
PB304-CX300T1/8S16,"16""",300,304,"1/8""",165,166,1,182,183,1
PBSA516-70-CX300T1/8S16,"16""",300,SA-516-70,"1/8""",90,91,1,100,101,1
PB304L-CX300T1/8S16,"16""",300,304L,"1/8""",175,176,1,193,194,1
PB316L-CX300T1/8S16,"16""",300,316L,"1/8""",209,210,1,230,232,2
PB304-CX300T3/16S16,"16""",300,304,"3/16""",225,227,2,248,250,2
PBSA36-CX300T3/16S16,"16""",300,SA-36,"3/16""",103,104,1,114,115,1
PBSA516-70-CX300T3/16S16,"16""",300,SA-516-70,"3/16""",112,113,1,124,125,1
PB304L-CX300T3/16S16,"16""",300,304L,"3/16""",240,242,2,264,267,3
PB316L-CX300T3/16S16,"16""",300,316L,"3/16""",290,293,3,319,323,4
PBAL6061-CX300T3/16S16,"16""",300,AL-6061,"3/16""",100,101,1,111,112,1
PB304-CX300T1/4S16,"16""",300,304,"1/4""",285,287,2,314,316,2
PBSA36-CX300T1/4S16,"16""",300,SA-36,"1/4""",122,123,1,135,136,1
PBSA516-70-CX300T1/4S16,"16""",300,SA-516-70,"1/4""",135,136,1,149,150,1
PB304L-CX300T1/4S16,"16""",300,304L,"1/4""",305,308,3,336,339,3
PB316L-CX300T1/4S16,"16""",300,316L,"1/4""",372,376,4,410,414,4
PBAL6061-CX300T1/4S16,"16""",300,AL-6061,"1/4""",119,120,1,131,132,1
PB304-CX300T5/16S16,"16""",300,304,"5/16""",345,348,3,380,383,3
PBSA36-CX300T5/16S16,"16""",300,SA-36,"5/16""",142,143,1,157,158,1
PBSA516-70-CX300T5/16S16,"16""",300,SA-516-70,"5/16""",157,159,2,173,175,2
PB304L-CX300T5/16S16,"16""",300,304L,"5/16""",370,373,3,408,411,3
PB316L-CX300T5/16S16,"16""",300,316L,"5/16""",454,458,4,500,504,4
PBAL6061-CX300T5/16S16,"16""",300,AL-6061,"5/16""",137,139,2,151,153,2
PB304-CX300T3/8S16,"16""",300,304,"3/8""",405,409,4,446,450,4
PBSA36-CX300T3/8S16,"16""",300,SA-36,"3/8""",161,162,1,178,179,1
PBSA516-70-CX300T3/8S16,"16""",300,SA-516-70,"3/8""",180,182,2,199,201,2
PB304L-CX300T3/8S16,"16""",300,304L,"3/8""",435,439,4,479,483,4
PB316L-CX300T3/8S16,"16""",300,316L,"3/8""",536,541,5,590,596,6
PBAL6061-CX300T3/8S16,"16""",300,AL-6061,"3/8""",155,158,3,171,174,3
PB304-CX300T1/2S16,"16""",300,304,"1/2""",526,530,4,579,583,4
PBSA36-CX300T1/2S16,"16""",300,SA-36,"1/2""",200,201,1,221,222,1
PBSA516-70-CX300T1/2S16,"16""",300,SA-516-70,"1/2""",225,227,2,248,250,2
PB304L-CX300T1/2S16,"16""",300,304L,"1/2""",565,570,5,622,627,5
PB316L-CX300T1/2S16,"16""",300,316L,"1/2""",699,706,7,769,777,8
PBAL6061-CX300T1/2S16,"16""",300,AL-6061,"1/2""",192,195,3,212,215,3
PB304-CX300T5/8S16,"16""",300,304,"5/8""",646,651,5,711,717,6
PBSA36-CX300T5/8S16,"16""",300,SA-36,"5/8""",238,240,2,262,264,2
PBSA516-70-CX300T5/8S16,"16""",300,SA-516-70,"5/8""",270,273,3,297,301,4
PB304L-CX300T5/8S16,"16""",300,304L,"5/8""",695,702,7,765,773,8
PB316L-CX300T5/8S16,"16""",300,316L,"5/8""",863,871,8,950,959,9
PBAL6061-CX300T5/8S16,"16""",300,AL-6061,"5/8""",229,233,4,252,257,5
PB304-CX300T3/4S16,"16""",300,304,"3/4""",766,773,7,843,851,8
PBSA36-CX300T3/4S16,"16""",300,SA-36,"3/4""",277,280,3,305,308,3
PBSA516-70-CX300T3/4S16,"16""",300,SA-516-70,"3/4""",315,319,4,347,351,4
PB304L-CX300T3/4S16,"16""",300,304L,"3/4""",825,833,8,908,917,9
PB316L-CX300T3/4S16,"16""",300,316L,"3/4""",1026,1037,11,1129,1141,12
PBAL6061-CX300T3/4S16,"16""",300,AL-6061,"3/4""",266,270,4,293,297,4
PB304-CX300T7/8S16,"16""",300,304,"7/8""",886,894,8,975,984,9
PBSA36-CX300T7/8S16,"16""",300,SA-36,"7/8""",316,319,3,348,351,3
PBSA516-70-CX300T7/8S16,"16""",300,SA-516-70,"7/8""",360,364,4,397,401,4
PB304L-CX300T7/8S16,"16""",300,304L,"7/8""",955,964,9,1051,1061,10
PB316L-CX300T7/8S16,"16""",300,316L,"7/8""",1190,1202,12,1309,1323,14
PBAL6061-CX300T7/8S16,"16""",300,AL-6061,"7/8""",303,308,5,334,339,5
PB304-CX300T1S16,"16""",300,304,"1""",1006,1015,9,1107,1117,10
PBSA36-CX300T1S16,"16""",300,SA-36,"1""",354,358,4,390,394,4
PBSA516-70-CX300T1S16,"16""",300,SA-516-70,"1""",405,410,5,446,452,6
PB304L-CX300T1S16,"16""",300,304L,"1""",1085,1096,11,1194,1206,12
PB316L-CX300T1S16,"16""",300,316L,"1""",1353,1367,14,1489,1504,15
PBAL6061-CX300T1S16,"16""",300,AL-6061,"1""",340,346,6,375,381,6
PB304-CX300T1-1/8S16,"16""",300,304,"1-1/8""",1127,1136,9,1240,1250,10
PBSA36-CX300T1-1/8S16,"16""",300,SA-36,"1-1/8""",393,397,4,433,437,4
PBSA516-70-CX300T1-1/8S16,"16""",300,SA-516-70,"1-1/8""",450,455,5,496,501,5
PB304L-CX300T1-1/8S16,"16""",300,304L,"1-1/8""",1215,1227,12,1337,1350,13
PB316L-CX300T1-1/8S16,"16""",300,316L,"1-1/8""",1517,1533,16,1669,1687,18
PBAL6061-CX300T1-1/8S16,"16""",300,AL-6061,"1-1/8""",377,383,6,415,422,7
PB304-CX300T1-1/4S16,"16""",300,304,"1-1/4""",1247,1258,11,1372,1384,12
PBSA36-CX300T1-1/4S16,"16""",300,SA-36,"1-1/4""",432,436,4,476,480,4
PBSA516-70-CX300T1-1/4S16,"16""",300,SA-516-70,"1-1/4""",495,501,6,545,552,7
PB304L-CX300T1-1/4S16,"16""",300,304L,"1-1/4""",1345,1358,13,1480,1494,14
PB316L-CX300T1-1/4S16,"16""",300,316L,"1-1/4""",1680,1698,18,1849,1868,19
PBAL6061-CX300T1-1/4S16,"16""",300,AL-6061,"1-1/4""",413,421,8,455,464,9
PB304-CX300T1-3/8S16,"16""",300,304,"1-3/8""",1367,1379,12,1504,1517,13
PBSA36-CX300T1-3/8S16,"16""",300,SA-36,"1-3/8""",471,475,4,519,523,4
PBSA516-70-CX300T1-3/8S16,"16""",300,SA-516-70,"1-3/8""",540,547,7,594,602,8
PB304L-CX300T1-3/8S16,"16""",300,304L,"1-3/8""",1475,1490,15,1623,1640,17
PB316L-CX300T1-3/8S16,"16""",300,316L,"1-3/8""",1844,1863,19,2029,2050,21
PBAL6061-CX300T1-3/8S16,"16""",300,AL-6061,"1-3/8""",450,458,8,496,504,8
PB304-CX300T1-1/2S16,"16""",300,304,"1-1/2""",1487,1500,13,1636,1651,15
PBSA36-CX300T1-1/2S16,"16""",300,SA-36,"1-1/2""",509,514,5,560,566,6
PBSA516-70-CX300T1-1/2S16,"16""",300,SA-516-70,"1-1/2""",585,592,7,644,652,8
PB304L-CX300T1-1/2S16,"16""",300,304L,"1-1/2""",1605,1621,16,1766,1784,18
PB316L-CX300T1-1/2S16,"16""",300,316L,"1-1/2""",2008,2029,21,2209,2232,23
PBAL6061-CX300T1-1/2S16,"16""",300,AL-6061,"1-1/2""",487,496,9,536,546,10
PB304-CX300T1-5/8S16,"16""",300,304,"1-5/8""",1607,1622,15,1768,1785,17
PBSA36-CX300T1-5/8S16,"16""",300,SA-36,"1-5/8""",548,553,5,603,609,6
PBSA516-70-CX300T1-5/8S16,"16""",300,SA-516-70,"1-5/8""",630,638,8,693,702,9
PB304L-CX300T1-5/8S16,"16""",300,304L,"1-5/8""",1735,1752,17,1909,1928,19
PB316L-CX300T1-5/8S16,"16""",300,316L,"1-5/8""",2171,2194,23,2389,2414,25
PBAL6061-CX300T1-5/8S16,"16""",300,AL-6061,"1-5/8""",524,534,10,577,588,11
PB304-CX300T1-3/4S16,"16""",300,304,"1-3/4""",1728,1743,15,1901,1918,17
PBSA36-CX300T1-3/4S16,"16""",300,SA-36,"1-3/4""",587,593,6,646,653,7
PBSA516-70-CX300T1-3/4S16,"16""",300,SA-516-70,"1-3/4""",675,683,8,743,752,9
PB304L-CX300T1-3/4S16,"16""",300,304L,"1-3/4""",1865,1884,19,2052,2073,21
PB316L-CX300T1-3/4S16,"16""",300,316L,"1-3/4""",2335,2359,24,2569,2595,26
PBAL6061-CX300T1-3/4S16,"16""",300,AL-6061,"1-3/4""",561,571,10,618,629,11
PB304-CX300T1-7/8S16,"16""",300,304,"1-7/8""",1848,1864,16,2033,2051,18
PBSA36-CX300T1-7/8S16,"16""",300,SA-36,"1-7/8""",625,632,7,688,696,8
PBSA516-70-CX300T1-7/8S16,"16""",300,SA-516-70,"1-7/8""",720,729,9,793,802,9
PB304L-CX300T1-7/8S16,"16""",300,304L,"1-7/8""",1995,2015,20,2195,2217,22
PB316L-CX300T1-7/8S16,"16""",300,316L,"1-7/8""",2498,2525,27,2748,2778,30
PBAL6061-CX300T1-7/8S16,"16""",300,AL-6061,"1-7/8""",598,609,11,658,670,12
PB304-CX300T2S16,"16""",300,304,"2""",1968,1985,17,2165,2184,19
PBSA36-CX300T2S16,"16""",300,SA-36,"2""",664,671,7,731,739,8
PBSA516-70-CX300T2S16,"16""",300,SA-516-70,"2""",764,775,11,841,853,12
PB304L-CX300T2S16,"16""",300,304L,"2""",2125,2146,21,2338,2361,23
PB316L-CX300T2S16,"16""",300,316L,"2""",2662,2690,28,2929,2960,31
PBAL6061-CX300T2S16,"16""",300,AL-6061,"2""",635,646,11,699,711,12
PB304-CX300T2-1/4S16,"16""",300,304,"2-1/4""",2208,2228,20,2429,2451,22
PBSA36-CX300T2-1/4S16,"16""",300,SA-36,"2-1/4""",741,749,8,816,824,8
PBSA516-70-CX300T2-1/4S16,"16""",300,SA-516-70,"2-1/4""",854,866,12,940,953,13
PB304L-CX300T2-1/4S16,"16""",300,304L,"2-1/4""",2385,2409,24,2624,2650,26
PB316L-CX300T2-1/4S16,"16""",300,316L,"2-1/4""",2989,3021,32,3288,3324,36
PBAL6061-CX300T2-1/4S16,"16""",300,AL-6061,"2-1/4""",708,721,13,779,794,15
PB304-CX300T2-1/2S16,"16""",300,304,"2-1/2""",2449,2471,22,2694,2719,25
PBSA36-CX300T2-1/2S16,"16""",300,SA-36,"2-1/2""",819,827,8,901,910,9
PBSA516-70-CX300T2-1/2S16,"16""",300,SA-516-70,"2-1/2""",944,957,13,1039,1053,14
PB304L-CX300T2-1/2S16,"16""",300,304L,"2-1/2""",2645,2672,27,2910,2940,30
PB316L-CX300T2-1/2S16,"16""",300,316L,"2-1/2""",3316,3351,35,3648,3687,39
PBAL6061-CX300T2-1/2S16,"16""",300,AL-6061,"2-1/2""",782,797,15,861,877,16
PB304-CX300T3S16,"16""",300,304,"3""",2929,2956,27,3222,3252,30
PBSA36-CX300T3S16,"16""",300,SA-36,"3""",974,984,10,1072,1083,11
PBSA516-70-CX300T3S16,"16""",300,SA-516-70,"3""",1124,1139,15,1237,1253,16
PB304L-CX300T3S16,"16""",300,304L,"3""",3166,3197,31,3483,3517,34
PB316L-CX300T3S16,"16""",300,316L,"3""",3970,4013,43,4367,4415,48
PBAL6061-CX300T3S16,"16""",300,AL-6061,"3""",929,947,18,1022,1042,20
PB304-CX300T11GAS18,"18""",300,304,11 Gauge,189,191,2,208,211,3
PBSA36-CX300T11GAS18,"18""",300,SA-36,11 Gauge,94,95,1,104,105,1
PB304L-CX300T11GAS18,"18""",300,304L,11 Gauge,201,202,1,222,223,1
PB316L-CX300T11GAS18,"18""",300,316L,11 Gauge,240,242,2,264,267,3
PBAL6061-CX300T11GAS18,"18""",300,AL-6061,11 Gauge,92,93,1,102,103,1
PB304-CX300T1/8S18,"18""",300,304,"1/8""",196,197,1,216,217,1
PBSA36-CX300T1/8S18,"18""",300,SA-36,"1/8""",96,97,1,106,107,1
PBSA516-70-CX300T1/8S18,"18""",300,SA-516-70,"1/8""",104,105,1,115,116,1
PB304L-CX300T1/8S18,"18""",300,304L,"1/8""",208,209,1,229,230,1
PB316L-CX300T1/8S18,"18""",300,316L,"1/8""",249,251,2,274,277,3
PBAL6061-CX300T1/8S18,"18""",300,AL-6061,"1/8""",94,95,1,104,105,1
PB304-CX300T3/16S18,"18""",300,304,"3/16""",269,271,2,296,299,3
PBSA36-CX300T3/16S18,"18""",300,SA-36,"3/16""",120,121,1,132,134,2
PBSA516-70-CX300T3/16S18,"18""",300,SA-516-70,"3/16""",131,133,2,145,147,2
PB304L-CX300T3/16S18,"18""",300,304L,"3/16""",287,290,3,316,319,3
PB316L-CX300T3/16S18,"18""",300,316L,"3/16""",348,352,4,383,388,5
PBAL6061-CX300T3/16S18,"18""",300,AL-6061,"3/16""",117,118,1,129,130,1
PB304-CX300T1/4S18,"18""",300,304,"1/4""",342,345,3,377,380,3
PBSA36-CX300T1/4S18,"18""",300,SA-36,"1/4""",144,145,1,159,160,1
PBSA516-70-CX300T1/4S18,"18""",300,SA-516-70,"1/4""",159,160,1,175,176,1
PB304L-CX300T1/4S18,"18""",300,304L,"1/4""",366,370,4,403,408,5
PB316L-CX300T1/4S18,"18""",300,316L,"1/4""",448,452,4,493,498,5
PBAL6061-CX300T1/4S18,"18""",300,AL-6061,"1/4""",139,141,2,153,156,3
PB304-CX300T5/16S18,"18""",300,304,"5/16""",416,419,3,458,461,3
PBSA36-CX300T5/16S18,"18""",300,SA-36,"5/16""",167,168,1,184,185,1
PBSA516-70-CX300T5/16S18,"18""",300,SA-516-70,"5/16""",186,188,2,205,207,2
PB304L-CX300T5/16S18,"18""",300,304L,"5/16""",446,450,4,491,496,5
PB316L-CX300T5/16S18,"18""",300,316L,"5/16""",548,553,5,603,609,6
PBAL6061-CX300T5/16S18,"18""",300,AL-6061,"5/16""",162,164,2,179,181,2
PB304-CX300T3/8S18,"18""",300,304,"3/8""",489,493,4,538,543,5
PBSA36-CX300T3/8S18,"18""",300,SA-36,"3/8""",191,192,1,211,212,1
PBSA516-70-CX300T3/8S18,"18""",300,SA-516-70,"3/8""",214,216,2,236,238,2
PB304L-CX300T3/8S18,"18""",300,304L,"3/8""",525,530,5,578,583,5
PB316L-CX300T3/8S18,"18""",300,316L,"3/8""",648,654,6,713,720,7
PBAL6061-CX300T3/8S18,"18""",300,AL-6061,"3/8""",184,187,3,203,206,3
PB304-CX300T1/2S18,"18""",300,304,"1/2""",636,641,5,700,706,6
PBSA36-CX300T1/2S18,"18""",300,SA-36,"1/2""",238,240,2,262,264,2
PBSA516-70-CX300T1/2S18,"18""",300,SA-516-70,"1/2""",269,272,3,296,300,4
PB304L-CX300T1/2S18,"18""",300,304L,"1/2""",684,690,6,753,760,7
PB316L-CX300T1/2S18,"18""",300,316L,"1/2""",847,856,9,932,942,10
PBAL6061-CX300T1/2S18,"18""",300,AL-6061,"1/2""",229,233,4,252,257,5
PB304-CX300T5/8S18,"18""",300,304,"5/8""",782,789,7,861,868,7
PBSA36-CX300T5/8S18,"18""",300,SA-36,"5/8""",285,288,3,314,317,3
PBSA516-70-CX300T5/8S18,"18""",300,SA-516-70,"5/8""",323,327,4,356,360,4
PB304L-CX300T5/8S18,"18""",300,304L,"5/8""",842,850,8,927,936,9
PB316L-CX300T5/8S18,"18""",300,316L,"5/8""",1047,1058,11,1152,1164,12
PBAL6061-CX300T5/8S18,"18""",300,AL-6061,"5/8""",274,278,4,302,306,4
PB304-CX300T3/4S18,"18""",300,304,"3/4""",929,937,8,1022,1031,9
PBSA36-CX300T3/4S18,"18""",300,SA-36,"3/4""",332,335,3,366,369,3
PBSA516-70-CX300T3/4S18,"18""",300,SA-516-70,"3/4""",378,383,5,416,422,6
PB304L-CX300T3/4S18,"18""",300,304L,"3/4""",1001,1011,10,1102,1113,11
PB316L-CX300T3/4S18,"18""",300,316L,"3/4""",1246,1259,13,1371,1385,14
PBAL6061-CX300T3/4S18,"18""",300,AL-6061,"3/4""",319,324,5,351,357,6
PB304-CX300T7/8S18,"18""",300,304,"7/8""",1076,1085,9,1184,1194,10
PBSA36-CX300T7/8S18,"18""",300,SA-36,"7/8""",380,383,3,419,422,3
PBSA516-70-CX300T7/8S18,"18""",300,SA-516-70,"7/8""",433,439,6,477,483,6
PB304L-CX300T7/8S18,"18""",300,304L,"7/8""",1160,1171,11,1276,1289,13
PB316L-CX300T7/8S18,"18""",300,316L,"7/8""",1446,1461,15,1591,1608,17
PBAL6061-CX300T7/8S18,"18""",300,AL-6061,"7/8""",364,370,6,401,408,7
PB304-CX300T1S18,"18""",300,304,"1""",1222,1233,11,1345,1357,12
PBSA36-CX300T1S18,"18""",300,SA-36,"1""",427,431,4,470,475,5
PBSA516-70-CX300T1S18,"18""",300,SA-516-70,"1""",488,494,6,537,544,7
PB304L-CX300T1S18,"18""",300,304L,"1""",1318,1331,13,1450,1465,15
PB316L-CX300T1S18,"18""",300,316L,"1""",1646,1663,17,1811,1830,19
PBAL6061-CX300T1S18,"18""",300,AL-6061,"1""",409,416,7,450,458,8
PB304-CX300T1-1/8S18,"18""",300,304,"1-1/8""",1369,1381,12,1506,1520,14
PBSA36-CX300T1-1/8S18,"18""",300,SA-36,"1-1/8""",474,479,5,522,527,5
PBSA516-70-CX300T1-1/8S18,"18""",300,SA-516-70,"1-1/8""",543,550,7,598,605,7
PB304L-CX300T1-1/8S18,"18""",300,304L,"1-1/8""",1477,1491,14,1625,1641,16
PB316L-CX300T1-1/8S18,"18""",300,316L,"1-1/8""",1845,1864,19,2030,2051,21
PBAL6061-CX300T1-1/8S18,"18""",300,AL-6061,"1-1/8""",454,462,8,500,509,9
PB304-CX300T1-1/4S18,"18""",300,304,"1-1/4""",1516,1529,13,1668,1682,14
PBSA36-CX300T1-1/4S18,"18""",300,SA-36,"1-1/4""",521,526,5,574,579,5
PBSA516-70-CX300T1-1/4S18,"18""",300,SA-516-70,"1-1/4""",598,605,7,658,666,8
PB304L-CX300T1-1/4S18,"18""",300,304L,"1-1/4""",1636,1652,16,1800,1818,18
PB316L-CX300T1-1/4S18,"18""",300,316L,"1-1/4""",2045,2066,21,2250,2273,23
PBAL6061-CX300T1-1/4S18,"18""",300,AL-6061,"1-1/4""",499,508,9,549,559,10
PB304-CX300T1-3/8S18,"18""",300,304,"1-3/8""",1662,1677,15,1829,1845,16
PBSA36-CX300T1-3/8S18,"18""",300,SA-36,"1-3/8""",568,574,6,625,632,7
PBSA516-70-CX300T1-3/8S18,"18""",300,SA-516-70,"1-3/8""",653,661,8,719,728,9
PB304L-CX300T1-3/8S18,"18""",300,304L,"1-3/8""",1794,1812,18,1974,1994,20
PB316L-CX300T1-3/8S18,"18""",300,316L,"1-3/8""",2244,2268,24,2469,2495,26
PBAL6061-CX300T1-3/8S18,"18""",300,AL-6061,"1-3/8""",544,554,10,599,610,11
PB304-CX300T1-1/2S18,"18""",300,304,"1-1/2""",1809,1825,16,1990,2008,18
PBSA36-CX300T1-1/2S18,"18""",300,SA-36,"1-1/2""",616,622,6,678,685,7
PBSA516-70-CX300T1-1/2S18,"18""",300,SA-516-70,"1-1/2""",708,717,9,779,789,10
PB304L-CX300T1-1/2S18,"18""",300,304L,"1-1/2""",1953,1972,19,2149,2170,21
PB316L-CX300T1-1/2S18,"18""",300,316L,"1-1/2""",2444,2470,26,2689,2717,28
PBAL6061-CX300T1-1/2S18,"18""",300,AL-6061,"1-1/2""",589,599,10,648,659,11
PB304-CX300T1-5/8S18,"18""",300,304,"1-5/8""",1955,1973,18,2151,2171,20
PBSA36-CX300T1-5/8S18,"18""",300,SA-36,"1-5/8""",663,670,7,730,738,8
PBSA516-70-CX300T1-5/8S18,"18""",300,SA-516-70,"1-5/8""",762,772,10,839,850,11
PB304L-CX300T1-5/8S18,"18""",300,304L,"1-5/8""",2111,2132,21,2323,2346,23
PB316L-CX300T1-5/8S18,"18""",300,316L,"1-5/8""",2643,2671,28,2908,2939,31
PBAL6061-CX300T1-5/8S18,"18""",300,AL-6061,"1-5/8""",634,645,11,698,710,12
PB304-CX300T1-3/4S18,"18""",300,304,"1-3/4""",2102,2121,19,2313,2334,21
PBSA36-CX300T1-3/4S18,"18""",300,SA-36,"1-3/4""",710,717,7,782,789,7
PBSA516-70-CX300T1-3/4S18,"18""",300,SA-516-70,"1-3/4""",817,828,11,899,911,12
PB304L-CX300T1-3/4S18,"18""",300,304L,"1-3/4""",2270,2293,23,2497,2523,26
PB316L-CX300T1-3/4S18,"18""",300,316L,"1-3/4""",2843,2873,30,3128,3161,33
PBAL6061-CX300T1-3/4S18,"18""",300,AL-6061,"1-3/4""",679,691,12,747,761,14
PB304-CX300T1-7/8S18,"18""",300,304,"1-7/8""",2249,2269,20,2474,2496,22
PBSA36-CX300T1-7/8S18,"18""",300,SA-36,"1-7/8""",757,765,8,833,842,9
PBSA516-70-CX300T1-7/8S18,"18""",300,SA-516-70,"1-7/8""",872,884,12,960,973,13
PB304L-CX300T1-7/8S18,"18""",300,304L,"1-7/8""",2429,2453,24,2672,2699,27
PB316L-CX300T1-7/8S18,"18""",300,316L,"1-7/8""",3042,3075,33,3347,3383,36
PBAL6061-CX300T1-7/8S18,"18""",300,AL-6061,"1-7/8""",724,737,13,797,811,14
PB304-CX300T2S18,"18""",300,304,"2""",2395,2417,22,2635,2659,24
PBSA36-CX300T2S18,"18""",300,SA-36,"2""",805,813,8,886,895,9
PBSA516-70-CX300T2S18,"18""",300,SA-516-70,"2""",927,939,12,1020,1033,13
PB304L-CX300T2S18,"18""",300,304L,"2""",2587,2613,26,2846,2875,29
PB316L-CX300T2S18,"18""",300,316L,"2""",3242,3276,34,3567,3604,37
PBAL6061-CX300T2S18,"18""",300,AL-6061,"2""",769,783,14,846,862,16
PB304-CX300T2-1/4S18,"18""",300,304,"2-1/4""",2689,2713,24,2958,2985,27
PBSA36-CX300T2-1/4S18,"18""",300,SA-36,"2-1/4""",899,908,9,989,999,10
PBSA516-70-CX300T2-1/4S18,"18""",300,SA-516-70,"2-1/4""",1037,1051,14,1141,1157,16
PB304L-CX300T2-1/4S18,"18""",300,304L,"2-1/4""",2905,2933,28,3196,3227,31
PB316L-CX300T2-1/4S18,"18""",300,316L,"2-1/4""",3641,3680,39,4006,4049,43
PBAL6061-CX300T2-1/4S18,"18""",300,AL-6061,"2-1/4""",858,875,17,944,963,19
PB304-CX300T2-1/2S18,"18""",300,304,"2-1/2""",2982,3009,27,3281,3310,29
PBSA36-CX300T2-1/2S18,"18""",300,SA-36,"2-1/2""",993,1004,11,1093,1105,12
PBSA516-70-CX300T2-1/2S18,"18""",300,SA-516-70,"2-1/2""",1147,1162,15,1262,1279,17
PB304L-CX300T2-1/2S18,"18""",300,304L,"2-1/2""",3222,3254,32,3545,3580,35
PB316L-CX300T2-1/2S18,"18""",300,316L,"2-1/2""",4040,4083,43,4444,4492,48
PBAL6061-CX300T2-1/2S18,"18""",300,AL-6061,"2-1/2""",948,966,18,1043,1063,20
PB304-CX300T3S18,"18""",300,304,"3""",3569,3601,32,3926,3962,36
PBSA36-CX300T3S18,"18""",300,SA-36,"3""",1182,1195,13,1301,1315,14
PBSA516-70-CX300T3S18,"18""",300,SA-516-70,"3""",1366,1384,18,1503,1523,20
PB304L-CX300T3S18,"18""",300,304L,"3""",3857,3895,38,4243,4285,42
PB316L-CX300T3S18,"18""",300,316L,"3""",4838,4890,52,5322,5379,57
PBAL6061-CX300T3S18,"18""",300,AL-6061,"3""",1128,1150,22,1241,1265,24
PB304-CX300T11GAS20,"20""",300,304,11 Gauge,221,222,1,244,245,1
PBSA516-70-CX300T11GAS20,"20""",300,SA-516-70,11 Gauge,115,116,1,127,128,1
PB304L-CX300T11GAS20,"20""",300,304L,11 Gauge,234,236,2,258,260,2
PB316L-CX300T11GAS20,"20""",300,316L,11 Gauge,281,284,3,310,313,3
PBAL6061-CX300T11GAS20,"20""",300,AL-6061,11 Gauge,104,105,1,115,116,1
PB304-CX300T1/8S20,"20""",300,304,"1/8""",228,230,2,251,254,3
PBSA36-CX300T1/8S20,"20""",300,SA-36,"1/8""",109,110,1,120,122,2
PBSA516-70-CX300T1/8S20,"20""",300,SA-516-70,"1/8""",118,119,1,130,131,1
PB304L-CX300T1/8S20,"20""",300,304L,"1/8""",243,244,1,268,269,1
PB316L-CX300T1/8S20,"20""",300,316L,"1/8""",292,294,2,322,324,2
PBAL6061-CX300T1/8S20,"20""",300,AL-6061,"1/8""",106,107,1,117,118,1
PB304-CX300T3/16S20,"20""",300,304,"3/16""",316,318,2,348,350,2
PBSA36-CX300T3/16S20,"20""",300,SA-36,"3/16""",137,138,1,151,152,1
PBSA516-70-CX300T3/16S20,"20""",300,SA-516-70,"3/16""",151,152,1,167,168,1
PB304L-CX300T3/16S20,"20""",300,304L,"3/16""",338,340,2,372,375,3
PB316L-CX300T3/16S20,"20""",300,316L,"3/16""",411,415,4,453,457,4
PBAL6061-CX300T3/16S20,"20""",300,AL-6061,"3/16""",133,135,2,147,149,2
PB304-CX300T1/4S20,"20""",300,304,"1/4""",404,407,3,445,448,3
PBSA36-CX300T1/4S20,"20""",300,SA-36,"1/4""",166,167,1,183,184,1
PBSA516-70-CX300T1/4S20,"20""",300,SA-516-70,"1/4""",184,186,2,203,205,2
PB304L-CX300T1/4S20,"20""",300,304L,"1/4""",433,436,3,477,480,3
PB316L-CX300T1/4S20,"20""",300,316L,"1/4""",531,536,5,585,590,5
PBAL6061-CX300T1/4S20,"20""",300,AL-6061,"1/4""",160,162,2,176,179,3
PB304-CX300T5/16S20,"20""",300,304,"5/16""",492,496,4,542,546,4
PBSA36-CX300T5/16S20,"20""",300,SA-36,"5/16""",194,195,1,214,215,1
PBSA516-70-CX300T5/16S20,"20""",300,SA-516-70,"5/16""",217,219,2,239,241,2
PB304L-CX300T5/16S20,"20""",300,304L,"5/16""",528,533,5,581,587,6
PB316L-CX300T5/16S20,"20""",300,316L,"5/16""",650,657,7,716,723,7
PBAL6061-CX300T5/16S20,"20""",300,AL-6061,"5/16""",187,190,3,206,210,4
PB304-CX300T3/8S20,"20""",300,304,"3/8""",580,584,4,638,643,5
PBSA36-CX300T3/8S20,"20""",300,SA-36,"3/8""",222,224,2,245,247,2
PBSA516-70-CX300T3/8S20,"20""",300,SA-516-70,"3/8""",250,252,2,275,278,3
PB304L-CX300T3/8S20,"20""",300,304L,"3/8""",623,629,6,686,692,6
PB316L-CX300T3/8S20,"20""",300,316L,"3/8""",770,778,8,848,856,8
PBAL6061-CX300T3/8S20,"20""",300,AL-6061,"3/8""",214,217,3,236,239,3
PB304-CX300T1/2S20,"20""",300,304,"1/2""",755,762,7,831,839,8
PBSA36-CX300T1/2S20,"20""",300,SA-36,"1/2""",279,281,2,307,310,3
PBSA516-70-CX300T1/2S20,"20""",300,SA-516-70,"1/2""",315,319,4,347,351,4
PB304L-CX300T1/2S20,"20""",300,304L,"1/2""",813,821,8,895,904,9
PB316L-CX300T1/2S20,"20""",300,316L,"1/2""",1009,1019,10,1110,1121,11
PBAL6061-CX300T1/2S20,"20""",300,AL-6061,"1/2""",268,272,4,295,300,5
PB304-CX300T5/8S20,"20""",300,304,"5/8""",931,939,8,1025,1033,8
PBSA36-CX300T5/8S20,"20""",300,SA-36,"5/8""",335,338,3,369,372,3
PBSA516-70-CX300T5/8S20,"20""",300,SA-516-70,"5/8""",381,386,5,420,425,5
PB304L-CX300T5/8S20,"20""",300,304L,"5/8""",1003,1013,10,1104,1115,11
PB316L-CX300T5/8S20,"20""",300,316L,"5/8""",1248,1261,13,1373,1388,15
PBAL6061-CX300T5/8S20,"20""",300,AL-6061,"5/8""",322,327,5,355,360,5
PB304-CX300T3/4S20,"20""",300,304,"3/4""",1107,1116,9,1218,1228,10
PBSA36-CX300T3/4S20,"20""",300,SA-36,"3/4""",392,396,4,432,436,4
PBSA516-70-CX300T3/4S20,"20""",300,SA-516-70,"3/4""",447,453,6,492,499,7
PB304L-CX300T3/4S20,"20""",300,304L,"3/4""",1193,1205,12,1313,1326,13
PB316L-CX300T3/4S20,"20""",300,316L,"3/4""",1487,1503,16,1636,1654,18
PBAL6061-CX300T3/4S20,"20""",300,AL-6061,"3/4""",376,382,6,414,421,7
PB304-CX300T7/8S20,"20""",300,304,"7/8""",1283,1294,11,1412,1424,12
PBSA36-CX300T7/8S20,"20""",300,SA-36,"7/8""",449,453,4,494,499,5
PBSA516-70-CX300T7/8S20,"20""",300,SA-516-70,"7/8""",513,519,6,565,571,6
PB304L-CX300T7/8S20,"20""",300,304L,"7/8""",1383,1397,14,1522,1537,15
PB316L-CX300T7/8S20,"20""",300,316L,"7/8""",1726,1744,18,1899,1919,20
PBAL6061-CX300T7/8S20,"20""",300,AL-6061,"7/8""",430,437,7,474,481,7
PB304-CX300T1S20,"20""",300,304,"1""",1458,1471,13,1604,1619,15
PBSA36-CX300T1S20,"20""",300,SA-36,"1""",505,510,5,556,561,5
PBSA516-70-CX300T1S20,"20""",300,SA-516-70,"1""",579,586,7,637,645,8
PB304L-CX300T1S20,"20""",300,304L,"1""",1573,1589,16,1731,1748,17
PB316L-CX300T1S20,"20""",300,316L,"1""",1965,1986,21,2162,2185,23
PBAL6061-CX300T1S20,"20""",300,AL-6061,"1""",484,492,8,533,542,9
PB304-CX300T1-1/8S20,"20""",300,304,"1-1/8""",1634,1648,14,1798,1813,15
PBSA36-CX300T1-1/8S20,"20""",300,SA-36,"1-1/8""",562,567,5,619,624,5
PBSA516-70-CX300T1-1/8S20,"20""",300,SA-516-70,"1-1/8""",644,653,9,709,719,10
PB304L-CX300T1-1/8S20,"20""",300,304L,"1-1/8""",1763,1781,18,1940,1960,20
PB316L-CX300T1-1/8S20,"20""",300,316L,"1-1/8""",2205,2228,23,2426,2451,25
PBAL6061-CX300T1-1/8S20,"20""",300,AL-6061,"1-1/8""",537,547,10,591,602,11
PB304-CX300T1-1/4S20,"20""",300,304,"1-1/4""",1810,1826,16,1992,2009,17
PBSA36-CX300T1-1/4S20,"20""",300,SA-36,"1-1/4""",618,624,6,680,687,7
PBSA516-70-CX300T1-1/4S20,"20""",300,SA-516-70,"1-1/4""",710,719,9,782,791,9
PB304L-CX300T1-1/4S20,"20""",300,304L,"1-1/4""",1954,1973,19,2150,2171,21
PB316L-CX300T1-1/4S20,"20""",300,316L,"1-1/4""",2444,2470,26,2689,2717,28
PBAL6061-CX300T1-1/4S20,"20""",300,AL-6061,"1-1/4""",591,602,11,651,663,12
PB304-CX300T1-3/8S20,"20""",300,304,"1-3/8""",1985,2003,18,2184,2204,20
PBSA36-CX300T1-3/8S20,"20""",300,SA-36,"1-3/8""",675,682,7,743,751,8
PBSA516-70-CX300T1-3/8S20,"20""",300,SA-516-70,"1-3/8""",776,786,10,854,865,11
PB304L-CX300T1-3/8S20,"20""",300,304L,"1-3/8""",2144,2165,21,2359,2382,23
PB316L-CX300T1-3/8S20,"20""",300,316L,"1-3/8""",2683,2711,28,2952,2983,31
PBAL6061-CX300T1-3/8S20,"20""",300,AL-6061,"1-3/8""",645,657,12,710,723,13
PB304-CX300T1-1/2S20,"20""",300,304,"1-1/2""",2161,2180,19,2378,2398,20
PBSA36-CX300T1-1/2S20,"20""",300,SA-36,"1-1/2""",731,739,8,805,813,8
PBSA516-70-CX300T1-1/2S20,"20""",300,SA-516-70,"1-1/2""",842,853,11,927,939,12
PB304L-CX300T1-1/2S20,"20""",300,304L,"1-1/2""",2334,2357,23,2568,2593,25
PB316L-CX300T1-1/2S20,"20""",300,316L,"1-1/2""",2922,2953,31,3215,3249,34
PBAL6061-CX300T1-1/2S20,"20""",300,AL-6061,"1-1/2""",699,712,13,769,784,15
PB304-CX300T1-5/8S20,"20""",300,304,"1-5/8""",2337,2358,21,2571,2594,23
PBSA36-CX300T1-5/8S20,"20""",300,SA-36,"1-5/8""",788,796,8,867,876,9
PBSA516-70-CX300T1-5/8S20,"20""",300,SA-516-70,"1-5/8""",907,919,12,998,1011,13
PB304L-CX300T1-5/8S20,"20""",300,304L,"1-5/8""",2524,2549,25,2777,2804,27
PB316L-CX300T1-5/8S20,"20""",300,316L,"1-5/8""",3161,3195,34,3478,3515,37
PBAL6061-CX300T1-5/8S20,"20""",300,AL-6061,"1-5/8""",753,767,14,829,844,15
PB304-CX300T1-3/4S20,"20""",300,304,"1-3/4""",2513,2535,22,2765,2789,24
PBSA36-CX300T1-3/4S20,"20""",300,SA-36,"1-3/4""",845,853,8,930,939,9
PBSA516-70-CX300T1-3/4S20,"20""",300,SA-516-70,"1-3/4""",973,986,13,1071,1085,14
PB304L-CX300T1-3/4S20,"20""",300,304L,"1-3/4""",2714,2741,27,2986,3016,30
PB316L-CX300T1-3/4S20,"20""",300,316L,"1-3/4""",3400,3436,36,3741,3780,39
PBAL6061-CX300T1-3/4S20,"20""",300,AL-6061,"1-3/4""",807,822,15,888,905,17
PB304-CX300T1-7/8S20,"20""",300,304,"1-7/8""",2688,2712,24,2957,2984,27
PBSA36-CX300T1-7/8S20,"20""",300,SA-36,"1-7/8""",901,910,9,992,1002,10
PBSA516-70-CX300T1-7/8S20,"20""",300,SA-516-70,"1-7/8""",1039,1053,14,1143,1159,16
PB304L-CX300T1-7/8S20,"20""",300,304L,"1-7/8""",2904,2933,29,3195,3227,32
PB316L-CX300T1-7/8S20,"20""",300,316L,"1-7/8""",3639,3678,39,4003,4046,43
PBAL6061-CX300T1-7/8S20,"20""",300,AL-6061,"1-7/8""",861,877,16,948,965,17
PB304-CX300T2S20,"20""",300,304,"2""",2864,2890,26,3151,3180,29
PBSA36-CX300T2S20,"20""",300,SA-36,"2""",958,968,10,1054,1065,11
PBSA516-70-CX300T2S20,"20""",300,SA-516-70,"2""",1105,1119,14,1216,1231,15
PB304L-CX300T2S20,"20""",300,304L,"2""",3094,3125,31,3404,3438,34
PB316L-CX300T2S20,"20""",300,316L,"2""",3878,3920,42,4266,4312,46
PBAL6061-CX300T2S20,"20""",300,AL-6061,"2""",915,932,17,1007,1026,19
PB304-CX300T2-1/4S20,"20""",300,304,"2-1/4""",3216,3244,28,3538,3569,31
PBSA36-CX300T2-1/4S20,"20""",300,SA-36,"2-1/4""",1071,1082,11,1179,1191,12
PBSA516-70-CX300T2-1/4S20,"20""",300,SA-516-70,"2-1/4""",1236,1253,17,1360,1379,19
PB304L-CX300T2-1/4S20,"20""",300,304L,"2-1/4""",3474,3509,35,3822,3860,38
PB316L-CX300T2-1/4S20,"20""",300,316L,"2-1/4""",4357,4403,46,4793,4844,51
PBAL6061-CX300T2-1/4S20,"20""",300,AL-6061,"2-1/4""",1022,1042,20,1125,1147,22
PB304-CX300T2-1/2S20,"20""",300,304,"2-1/2""",3567,3599,32,3924,3959,35
PBSA36-CX300T2-1/2S20,"20""",300,SA-36,"2-1/2""",1184,1196,12,1303,1316,13
PBSA516-70-CX300T2-1/2S20,"20""",300,SA-516-70,"2-1/2""",1368,1386,18,1505,1525,20
PB304L-CX300T2-1/2S20,"20""",300,304L,"2-1/2""",3855,3893,38,4241,4283,42
PB316L-CX300T2-1/2S20,"20""",300,316L,"2-1/2""",4835,4887,52,5319,5376,57
PBAL6061-CX300T2-1/2S20,"20""",300,AL-6061,"2-1/2""",1130,1152,22,1243,1268,25
PB304-CX300T3S20,"20""",300,304,"3""",4270,4308,38,4697,4739,42
PBSA36-CX300T3S20,"20""",300,SA-36,"3""",1410,1425,15,1552,1568,16
PBSA516-70-CX300T3S20,"20""",300,SA-516-70,"3""",1631,1653,22,1795,1819,24
PB304L-CX300T3S20,"20""",300,304L,"3""",4615,4661,46,5077,5128,51
PB316L-CX300T3S20,"20""",300,316L,"3""",5791,5853,62,6371,6439,68
PBAL6061-CX300T3S20,"20""",300,AL-6061,"3""",1346,1372,26,1481,1510,29
PB304-CX300T11GAS24,"24""",300,304,11 Gauge,292,294,2,322,324,2
PBSA516-70-CX300T11GAS24,"24""",300,SA-516-70,11 Gauge,145,146,1,160,161,1
PB304L-CX300T11GAS24,"24""",300,304L,11 Gauge,312,314,2,344,346,2
PB316L-CX300T11GAS24,"24""",300,316L,11 Gauge,377,381,4,415,420,5
PBAL6061-CX300T11GAS24,"24""",300,AL-6061,11 Gauge,129,130,1,142,143,1
PB304-CX300T1/8S24,"24""",300,304,"1/8""",303,305,2,334,336,2
PBSA36-CX300T1/8S24,"24""",300,SA-36,"1/8""",136,137,1,150,151,1
PBSA516-70-CX300T1/8S24,"24""",300,SA-516-70,"1/8""",149,150,1,164,165,1
PB304L-CX300T1/8S24,"24""",300,304L,"1/8""",323,326,3,356,359,3
PB316L-CX300T1/8S24,"24""",300,316L,"1/8""",392,395,3,432,435,3
PBAL6061-CX300T1/8S24,"24""",300,AL-6061,"1/8""",132,134,2,146,148,2
PB304-CX300T3/16S24,"24""",300,304,"3/16""",426,429,3,469,472,3
PBSA36-CX300T3/16S24,"24""",300,SA-36,"3/16""",176,177,1,194,195,1
PBSA516-70-CX300T3/16S24,"24""",300,SA-516-70,"3/16""",195,197,2,215,217,2
PB304L-CX300T3/16S24,"24""",300,304L,"3/16""",456,460,4,502,507,5
PB316L-CX300T3/16S24,"24""",300,316L,"3/16""",559,565,6,615,622,7
PBAL6061-CX300T3/16S24,"24""",300,AL-6061,"3/16""",170,172,2,188,190,2
PB304-CX300T1/4S24,"24""",300,304,"1/4""",549,554,5,604,610,6
PBSA36-CX300T1/4S24,"24""",300,SA-36,"1/4""",215,217,2,237,239,2
PBSA516-70-CX300T1/4S24,"24""",300,SA-516-70,"1/4""",241,244,3,266,269,3
PB304L-CX300T1/4S24,"24""",300,304L,"1/4""",590,595,5,649,655,6
PB316L-CX300T1/4S24,"24""",300,316L,"1/4""",727,734,7,800,808,8
PBAL6061-CX300T1/4S24,"24""",300,AL-6061,"1/4""",208,211,3,229,233,4
PB304-CX300T5/16S24,"24""",300,304,"5/16""",672,678,6,740,746,6
PBSA36-CX300T5/16S24,"24""",300,SA-36,"5/16""",255,257,2,281,283,2
PBSA516-70-CX300T5/16S24,"24""",300,SA-516-70,"5/16""",287,290,3,316,319,3
PB304L-CX300T5/16S24,"24""",300,304L,"5/16""",723,730,7,796,804,8
PB316L-CX300T5/16S24,"24""",300,316L,"5/16""",895,904,9,985,995,10
PBAL6061-CX300T5/16S24,"24""",300,AL-6061,"5/16""",245,249,4,270,274,4
PB304-CX300T3/8S24,"24""",300,304,"3/8""",796,802,6,876,883,7
PBSA36-CX300T3/8S24,"24""",300,SA-36,"3/8""",295,297,2,325,327,2
PBSA516-70-CX300T3/8S24,"24""",300,SA-516-70,"3/8""",333,337,4,367,371,4
PB304L-CX300T3/8S24,"24""",300,304L,"3/8""",856,864,8,942,951,9
PB316L-CX300T3/8S24,"24""",300,316L,"3/8""",1062,1073,11,1169,1181,12
PBAL6061-CX300T3/8S24,"24""",300,AL-6061,"3/8""",283,288,5,312,317,5
PB304-CX300T1/2S24,"24""",300,304,"1/2""",1042,1051,9,1147,1157,10
PBSA36-CX300T1/2S24,"24""",300,SA-36,"1/2""",374,377,3,412,415,3
PBSA516-70-CX300T1/2S24,"24""",300,SA-516-70,"1/2""",425,430,5,468,474,6
PB304L-CX300T1/2S24,"24""",300,304L,"1/2""",1122,1133,11,1235,1247,12
PB316L-CX300T1/2S24,"24""",300,316L,"1/2""",1397,1412,15,1537,1554,17
PBAL6061-CX300T1/2S24,"24""",300,AL-6061,"1/2""",359,365,6,395,402,7
PB304-CX300T5/8S24,"24""",300,304,"5/8""",1288,1299,11,1417,1429,12
PBSA36-CX300T5/8S24,"24""",300,SA-36,"5/8""",453,457,4,499,503,4
PBSA516-70-CX300T5/8S24,"24""",300,SA-516-70,"5/8""",517,524,7,569,577,8
PB304L-CX300T5/8S24,"24""",300,304L,"5/8""",1389,1402,13,1528,1543,15
PB316L-CX300T5/8S24,"24""",300,316L,"5/8""",1732,1751,19,1906,1927,21
PBAL6061-CX300T5/8S24,"24""",300,AL-6061,"5/8""",434,442,8,478,487,9
PB304-CX300T3/4S24,"24""",300,304,"3/4""",1534,1548,14,1688,1703,15
PBSA36-CX300T3/4S24,"24""",300,SA-36,"3/4""",532,538,6,586,592,6
PBSA516-70-CX300T3/4S24,"24""",300,SA-516-70,"3/4""",610,617,7,671,679,8
PB304L-CX300T3/4S24,"24""",300,304L,"3/4""",1655,1672,17,1821,1840,19
PB316L-CX300T3/4S24,"24""",300,316L,"3/4""",2068,2089,21,2275,2298,23
PBAL6061-CX300T3/4S24,"24""",300,AL-6061,"3/4""",510,519,9,561,571,10
PB304-CX300T7/8S24,"24""",300,304,"7/8""",1781,1796,15,1960,1976,16
PBSA36-CX300T7/8S24,"24""",300,SA-36,"7/8""",612,618,6,674,680,6
PBSA516-70-CX300T7/8S24,"24""",300,SA-516-70,"7/8""",702,711,9,773,783,10
PB304L-CX300T7/8S24,"24""",300,304L,"7/8""",1922,1941,19,2115,2136,21
PB316L-CX300T7/8S24,"24""",300,316L,"7/8""",2403,2428,25,2644,2671,27
PBAL6061-CX300T7/8S24,"24""",300,AL-6061,"7/8""",585,596,11,644,656,12
PB304-CX300T1S24,"24""",300,304,"1""",2027,2045,18,2230,2250,20
PBSA36-CX300T1S24,"24""",300,SA-36,"1""",691,698,7,761,768,7
PBSA516-70-CX300T1S24,"24""",300,SA-516-70,"1""",794,804,10,874,885,11
PB304L-CX300T1S24,"24""",300,304L,"1""",2188,2210,22,2407,2431,24
PB316L-CX300T1S24,"24""",300,316L,"1""",2738,2767,29,3012,3044,32
PBAL6061-CX300T1S24,"24""",300,AL-6061,"1""",661,673,12,728,741,13
PB304-CX300T1-1/8S24,"24""",300,304,"1-1/8""",2273,2294,21,2501,2524,23
PBSA36-CX300T1-1/8S24,"24""",300,SA-36,"1-1/8""",770,778,8,848,856,8
PBSA516-70-CX300T1-1/8S24,"24""",300,SA-516-70,"1-1/8""",886,898,12,975,988,13
PB304L-CX300T1-1/8S24,"24""",300,304L,"1-1/8""",2455,2479,24,2701,2727,26
PB316L-CX300T1-1/8S24,"24""",300,316L,"1-1/8""",3073,3106,33,3381,3417,36
PBAL6061-CX300T1-1/8S24,"24""",300,AL-6061,"1-1/8""",736,750,14,810,826,16
PB304-CX300T1-1/4S24,"24""",300,304,"1-1/4""",2520,2542,22,2772,2797,25
PBSA36-CX300T1-1/4S24,"24""",300,SA-36,"1-1/4""",850,858,8,936,944,8
PBSA516-70-CX300T1-1/4S24,"24""",300,SA-516-70,"1-1/4""",978,991,13,1076,1091,15
PB304L-CX300T1-1/4S24,"24""",300,304L,"1-1/4""",2721,2748,27,2994,3023,29
PB316L-CX300T1-1/4S24,"24""",300,316L,"1-1/4""",3408,3444,36,3749,3789,40
PBAL6061-CX300T1-1/4S24,"24""",300,AL-6061,"1-1/4""",812,827,15,894,910,16
PB304-CX300T1-3/8S24,"24""",300,304,"1-3/8""",2766,2791,25,3043,3071,28
PBSA36-CX300T1-3/8S24,"24""",300,SA-36,"1-3/8""",929,938,9,1022,1032,10
PBSA516-70-CX300T1-3/8S24,"24""",300,SA-516-70,"1-3/8""",1070,1085,15,1177,1194,17
PB304L-CX300T1-3/8S24,"24""",300,304L,"1-3/8""",2988,3017,29,3287,3319,32
PB316L-CX300T1-3/8S24,"24""",300,316L,"1-3/8""",3743,3783,40,4118,4162,44
PBAL6061-CX300T1-3/8S24,"24""",300,AL-6061,"1-3/8""",887,904,17,976,995,19
PB304-CX300T1-1/2S24,"24""",300,304,"1-1/2""",3012,3039,27,3314,3343,29
PBSA36-CX300T1-1/2S24,"24""",300,SA-36,"1-1/2""",1008,1019,11,1109,1121,12
PBSA516-70-CX300T1-1/2S24,"24""",300,SA-516-70,"1-1/2""",1163,1178,15,1280,1296,16
PB304L-CX300T1-1/2S24,"24""",300,304L,"1-1/2""",3254,3286,32,3580,3615,35
PB316L-CX300T1-1/2S24,"24""",300,316L,"1-1/2""",4079,4122,43,4487,4535,48
PBAL6061-CX300T1-1/2S24,"24""",300,AL-6061,"1-1/2""",963,981,18,1060,1080,20
PB304-CX300T1-5/8S24,"24""",300,304,"1-5/8""",3259,3288,29,3585,3617,32
PBSA36-CX300T1-5/8S24,"24""",300,SA-36,"1-5/8""",1088,1099,11,1197,1209,12
PBSA516-70-CX300T1-5/8S24,"24""",300,SA-516-70,"1-5/8""",1255,1271,16,1381,1399,18
PB304L-CX300T1-5/8S24,"24""",300,304L,"1-5/8""",3521,3556,35,3874,3912,38
PB316L-CX300T1-5/8S24,"24""",300,316L,"1-5/8""",4414,4461,47,4856,4908,52
PBAL6061-CX300T1-5/8S24,"24""",300,AL-6061,"1-5/8""",1038,1058,20,1142,1164,22
PB304-CX300T1-3/4S24,"24""",300,304,"1-3/4""",3505,3536,31,3856,3890,34
PBSA36-CX300T1-3/4S24,"24""",300,SA-36,"1-3/4""",1167,1179,12,1284,1297,13
PBSA516-70-CX300T1-3/4S24,"24""",300,SA-516-70,"1-3/4""",1347,1365,18,1482,1502,20
PB304L-CX300T1-3/4S24,"24""",300,304L,"1-3/4""",3787,3825,38,4166,4208,42
PB316L-CX300T1-3/4S24,"24""",300,316L,"1-3/4""",4749,4800,51,5224,5280,56
PBAL6061-CX300T1-3/4S24,"24""",300,AL-6061,"1-3/4""",1114,1135,21,1226,1249,23
PB304-CX300T1-7/8S24,"24""",300,304,"1-7/8""",3751,3785,34,4127,4164,37
PBSA36-CX300T1-7/8S24,"24""",300,SA-36,"1-7/8""",1246,1259,13,1371,1385,14
PBSA516-70-CX300T1-7/8S24,"24""",300,SA-516-70,"1-7/8""",1439,1458,19,1583,1604,21
PB304L-CX300T1-7/8S24,"24""",300,304L,"1-7/8""",4054,4094,40,4460,4504,44
PB316L-CX300T1-7/8S24,"24""",300,316L,"1-7/8""",5084,5138,54,5593,5652,59
PBAL6061-CX300T1-7/8S24,"24""",300,AL-6061,"1-7/8""",1189,1212,23,1308,1334,26
PB304-CX300T2S24,"24""",300,304,"2""",3998,4033,35,4398,4437,39
PBSA36-CX300T2S24,"24""",300,SA-36,"2""",1326,1339,13,1459,1473,14
PBSA516-70-CX300T2S24,"24""",300,SA-516-70,"2""",1531,1552,21,1685,1708,23
PB304L-CX300T2S24,"24""",300,304L,"2""",4320,4363,43,4752,4800,48
PB316L-CX300T2S24,"24""",300,316L,"2""",5419,5477,58,5961,6025,64
PBAL6061-CX300T2S24,"24""",300,AL-6061,"2""",1265,1289,24,1392,1418,26
PB304-CX300T2-1/4S24,"24""",300,304,"2-1/4""",4490,4530,40,4939,4983,44
PBSA36-CX300T2-1/4S24,"24""",300,SA-36,"2-1/4""",1484,1500,16,1633,1651,18
PBSA516-70-CX300T2-1/4S24,"24""",300,SA-516-70,"2-1/4""",1716,1739,23,1888,1913,25
PB304L-CX300T2-1/4S24,"24""",300,304L,"2-1/4""",4853,4901,48,5339,5392,53
PB316L-CX300T2-1/4S24,"24""",300,316L,"2-1/4""",6089,6155,66,6698,6771,73
PBAL6061-CX300T2-1/4S24,"24""",300,AL-6061,"2-1/4""",1416,1443,27,1558,1588,30
PB304-CX300T2-1/2S24,"24""",300,304,"2-1/2""",4983,5028,45,5482,5531,49
PBSA36-CX300T2-1/2S24,"24""",300,SA-36,"2-1/2""",1643,1660,17,1808,1827,19
PBSA516-70-CX300T2-1/2S24,"24""",300,SA-516-70,"2-1/2""",1900,1926,26,2090,2119,29
PB304L-CX300T2-1/2S24,"24""",300,304L,"2-1/2""",5386,5440,54,5925,5985,60
PB316L-CX300T2-1/2S24,"24""",300,316L,"2-1/2""",6760,6832,72,7437,7516,79
PBAL6061-CX300T2-1/2S24,"24""",300,AL-6061,"2-1/2""",1567,1597,30,1724,1757,33
PB304-CX300T3S24,"24""",300,304,"3""",5968,6022,54,6565,6625,60
PBSA36-CX300T3S24,"24""",300,SA-36,"3""",1960,1981,21,2156,2180,24
PBSA516-70-CX300T3S24,"24""",300,SA-516-70,"3""",2269,2299,30,2496,2529,33
PB304L-CX300T3S24,"24""",300,304L,"3""",6452,6516,64,7098,7168,70
PB316L-CX300T3S24,"24""",300,316L,"3""",8100,8187,87,8910,9006,96
PBAL6061-CX300T3S24,"24""",300,AL-6061,"3""",1869,1905,36,2056,2096,40
PBSA36-CX600T3/4S1/2,"1/2""",600,SA-36,"3/4""",38,39,1,42,43,1
PB316L-CX600T1S1/2,"1/2""",600,316L,"1""",55,56,1,61,62,1
PBAL6061-CX600T1S1/2,"1/2""",600,AL-6061,"1""",39,40,1,43,44,1
PB304L-CX600T1-3/8S1/2,"1/2""",600,304L,"1-3/8""",57,58,1,63,64,1
PB304L-CX600T1-1/2S1/2,"1/2""",600,304L,"1-1/2""",59,60,1,65,66,1
PB304-CX600T1-5/8S1/2,"1/2""",600,304,"1-5/8""",59,60,1,65,66,1
PB304L-CX600T1-5/8S1/2,"1/2""",600,304L,"1-5/8""",61,62,1,68,69,1
PB316L-CX600T1-5/8S1/2,"1/2""",600,316L,"1-5/8""",68,69,1,75,76,1
PBAL6061-CX600T1-5/8S1/2,"1/2""",600,AL-6061,"1-5/8""",42,43,1,47,48,1
PB304-CX600T1-3/4S1/2,"1/2""",600,304,"1-3/4""",61,62,1,68,69,1
PBSA516-70-CX600T1-7/8S1/2,"1/2""",600,SA-516-70,"1-7/8""",45,46,1,50,51,1
PB304L-CX600T1-7/8S1/2,"1/2""",600,304L,"1-7/8""",65,66,1,72,73,1
PB316L-CX600T1-7/8S1/2,"1/2""",600,316L,"1-7/8""",73,74,1,81,82,1
PB316L-CX600T2-1/4S1/2,"1/2""",600,316L,"2-1/4""",81,82,1,90,91,1
PBAL6061-CX600T2-1/4S1/2,"1/2""",600,AL-6061,"2-1/4""",45,46,1,50,51,1
PB316L-CX600T2-1/2S1/2,"1/2""",600,316L,"2-1/2""",86,87,1,95,96,1
PBAL6061-CX600T2-1/2S1/2,"1/2""",600,AL-6061,"2-1/2""",46,47,1,51,52,1
PB304-CX600T3S1/2,"1/2""",600,304,"3""",80,81,1,88,90,2
PBSA36-CX600T3S1/2,"1/2""",600,SA-36,"3""",49,50,1,54,56,2
PB304-CX600T3/16S3/4,"3/4""",600,304,"3/16""",38,39,1,42,43,1
PB304-CX600T1/2S3/4,"3/4""",600,304,"1/2""",44,45,1,49,50,1
PBSA36-CX600T3/4S3/4,"3/4""",600,SA-36,"3/4""",39,40,1,43,44,1
PB304L-CX600T3/4S3/4,"3/4""",600,304L,"3/4""",50,51,1,56,57,1
PB316L-CX600T3/4S3/4,"3/4""",600,316L,"3/4""",54,55,1,60,61,1
PB304-CX600T1-1/8S3/4,"3/4""",600,304,"1-1/8""",56,57,1,62,63,1
PBAL6061-CX600T1-1/8S3/4,"3/4""",600,AL-6061,"1-1/8""",41,42,1,46,47,1
PB316L-CX600T1-1/4S3/4,"3/4""",600,316L,"1-1/4""",67,68,1,74,75,1
PB304L-CX600T1-3/8S3/4,"3/4""",600,304L,"1-3/8""",63,64,1,70,71,1
PB316L-CX600T1-5/8S3/4,"3/4""",600,316L,"1-5/8""",77,78,1,85,86,1
PBAL6061-CX600T1-5/8S3/4,"3/4""",600,AL-6061,"1-5/8""",44,45,1,49,50,1
PB304-CX600T1-3/4S3/4,"3/4""",600,304,"1-3/4""",68,69,1,75,76,1
PBSA516-70-CX600T1-3/4S3/4,"3/4""",600,SA-516-70,"1-3/4""",47,48,1,52,53,1
PB304L-CX600T1-3/4S3/4,"3/4""",600,304L,"1-3/4""",71,72,1,79,80,1
PBSA36-CX600T1-7/8S3/4,"3/4""",600,SA-36,"1-7/8""",46,47,1,51,52,1
PB304-CX600T2S3/4,"3/4""",600,304,"2""",73,74,1,81,82,1
PB304L-CX600T2S3/4,"3/4""",600,304L,"2""",76,77,1,84,85,1
PB316L-CX600T2S3/4,"3/4""",600,316L,"2""",87,88,1,96,97,1
PB316L-CX600T2-1/2S3/4,"3/4""",600,316L,"2-1/2""",100,101,1,111,112,1
PB304-CX600T3S3/4,"3/4""",600,304,"3""",92,93,1,102,103,1
PBSA36-CX600T3S3/4,"3/4""",600,SA-36,"3""",53,54,1,59,60,1
PBSA516-70-CX600T3S3/4,"3/4""",600,SA-516-70,"3""",56,57,1,62,63,1
PB304L-CX600T3S3/4,"3/4""",600,304L,"3""",97,98,1,107,108,1
PB316L-CX600T3S3/4,"3/4""",600,316L,"3""",113,114,1,125,126,1
PBAL6061-CX600T3S3/4,"3/4""",600,AL-6061,"3""",52,53,1,58,59,1
PB304-CX600T11GAS1,"1""",600,304,11 Gauge,37,38,1,41,42,1
PB316L-CX600T3/16S1,"1""",600,316L,"3/16""",40,41,1,44,46,2
PBSA36-CX600T3/8S1,"1""",600,SA-36,"3/8""",37,38,1,41,42,1
PB304-CX600T5/8S1,"1""",600,304,"5/8""",48,49,1,53,54,1
PB316L-CX600T5/8S1,"1""",600,316L,"5/8""",53,54,1,59,60,1
PB304L-CX600T7/8S1,"1""",600,304L,"7/8""",55,56,1,61,62,1
PB304L-CX600T1S1,"1""",600,304L,"1""",58,59,1,64,65,1
PB304-CX600T1-1/8S1,"1""",600,304,"1-1/8""",59,60,1,65,66,1
PB304L-CX600T1-1/8S1,"1""",600,304L,"1-1/8""",61,62,1,68,69,1
PB316L-CX600T1-1/8S1,"1""",600,316L,"1-1/8""",68,69,1,75,76,1
PBAL6061-CX600T1-1/8S1,"1""",600,AL-6061,"1-1/8""",42,43,1,47,48,1
PB304L-CX600T1-1/4S1,"1""",600,304L,"1-1/4""",64,65,1,71,72,1
PB304L-CX600T1-3/8S1,"1""",600,304L,"1-3/8""",67,68,1,74,75,1
PBSA36-CX600T1-1/2S1,"1""",600,SA-36,"1-1/2""",45,46,1,50,51,1
PB304L-CX600T1-1/2S1,"1""",600,304L,"1-1/2""",70,71,1,77,79,2
PB316L-CX600T1-1/2S1,"1""",600,316L,"1-1/2""",79,80,1,87,88,1
PB304-CX600T1-5/8S1,"1""",600,304,"1-5/8""",70,71,1,77,79,2
PB304L-CX600T1-5/8S1,"1""",600,304L,"1-5/8""",73,74,1,81,82,1
PB316L-CX600T1-5/8S1,"1""",600,316L,"1-5/8""",83,84,1,92,93,1
PB304L-CX600T1-3/4S1,"1""",600,304L,"1-3/4""",76,77,1,84,85,1
PB304L-CX600T1-7/8S1,"1""",600,304L,"1-7/8""",79,80,1,87,88,1
PB316L-CX600T1-7/8S1,"1""",600,316L,"1-7/8""",90,91,1,100,101,1
PBAL6061-CX600T1-7/8S1,"1""",600,AL-6061,"1-7/8""",47,48,1,52,53,1
PB304L-CX600T2S1,"1""",600,304L,"2""",82,83,1,91,92,1
PB316L-CX600T2S1,"1""",600,316L,"2""",94,95,1,104,105,1
PB304L-CX600T2-1/4S1,"1""",600,304L,"2-1/4""",88,89,1,97,98,1
PB304-CX600T2-1/2S1,"1""",600,304,"2-1/2""",89,90,1,98,100,2
PBSA36-CX600T2-1/2S1,"1""",600,SA-36,"2-1/2""",52,53,1,58,59,1
PBSA516-70-CX600T2-1/2S1,"1""",600,SA-516-70,"2-1/2""",55,56,1,61,62,1
PB316L-CX600T2-1/2S1,"1""",600,316L,"2-1/2""",109,110,1,120,122,2
PB304-CX600T3S1,"1""",600,304,"3""",100,101,1,111,112,1
PBSA516-70-CX600T3S1,"1""",600,SA-516-70,"3""",59,60,1,65,66,1
PB316L-CX600T3S1,"1""",600,316L,"3""",124,125,1,137,138,1
PBSA36-CX600T5/16S1-1/4,"1-1/4""",600,SA-36,"5/16""",37,38,1,41,42,1
PB304L-CX600T3/8S1-1/4,"1-1/4""",600,304L,"3/8""",45,46,1,50,51,1
PB304-CX600T3/4S1-1/4,"1-1/4""",600,304,"3/4""",54,55,1,60,61,1
PBSA516-70-CX600T7/8S1-1/4,"1-1/4""",600,SA-516-70,"7/8""",43,44,1,48,49,1
PB304-CX600T1-1/8S1-1/4,"1-1/4""",600,304,"1-1/8""",64,65,1,71,72,1
PBSA36-CX600T1-1/4S1-1/4,"1-1/4""",600,SA-36,"1-1/4""",45,46,1,50,51,1
PB304L-CX600T1-1/4S1-1/4,"1-1/4""",600,304L,"1-1/4""",70,71,1,77,79,2
PB316L-CX600T1-1/4S1-1/4,"1-1/4""",600,316L,"1-1/4""",79,80,1,87,88,1
PBSA36-CX600T1-3/8S1-1/4,"1-1/4""",600,SA-36,"1-3/8""",46,47,1,51,52,1
PBSA516-70-CX600T1-3/8S1-1/4,"1-1/4""",600,SA-516-70,"1-3/8""",48,49,1,53,54,1
PB304-CX600T1-1/2S1-1/4,"1-1/4""",600,304,"1-1/2""",74,75,1,82,83,1
PB304L-CX600T1-1/2S1-1/4,"1-1/4""",600,304L,"1-1/2""",77,78,1,85,86,1
PB316L-CX600T1-1/2S1-1/4,"1-1/4""",600,316L,"1-1/2""",88,89,1,97,98,1
PB304-CX600T1-5/8S1-1/4,"1-1/4""",600,304,"1-5/8""",77,78,1,85,86,1
PB304L-CX600T1-3/4S1-1/4,"1-1/4""",600,304L,"1-3/4""",84,85,1,93,94,1
PB316L-CX600T1-3/4S1-1/4,"1-1/4""",600,316L,"1-3/4""",97,98,1,107,108,1
PB304L-CX600T1-7/8S1-1/4,"1-1/4""",600,304L,"1-7/8""",88,89,1,97,98,1
PB304-CX600T2S1-1/4,"1-1/4""",600,304,"2""",87,88,1,96,97,1
PBSA516-70-CX600T2S1-1/4,"1-1/4""",600,SA-516-70,"2""",54,55,1,60,61,1
PB316L-CX600T2S1-1/4,"1-1/4""",600,316L,"2""",106,107,1,117,118,1
PB316L-CX600T2-1/4S1-1/4,"1-1/4""",600,316L,"2-1/4""",115,116,1,127,128,1
PB304-CX600T2-1/2S1-1/4,"1-1/4""",600,304,"2-1/2""",100,101,1,111,112,1
PBSA516-70-CX600T2-1/2S1-1/4,"1-1/4""",600,SA-516-70,"2-1/2""",59,60,1,65,66,1
PB316L-CX600T2-1/2S1-1/4,"1-1/4""",600,316L,"2-1/2""",124,125,1,137,138,1
PB304-CX600T3S1-1/4,"1-1/4""",600,304,"3""",113,114,1,125,126,1
PBSA516-70-CX600T3S1-1/4,"1-1/4""",600,SA-516-70,"3""",64,65,1,71,72,1
PB304L-CX600T3S1-1/4,"1-1/4""",600,304L,"3""",120,121,1,132,134,2
PB316L-CX600T3S1-1/4,"1-1/4""",600,316L,"3""",142,143,1,157,158,1
PB316L-CX600T1/8S1-1/2,"1-1/2""",600,316L,"1/8""",40,41,1,44,46,2
PBSA516-70-CX600T3/8S1-1/2,"1-1/2""",600,SA-516-70,"3/8""",39,40,1,43,44,1
PB304-CX600T1/2S1-1/2,"1-1/2""",600,304,"1/2""",51,52,1,57,58,1
PB316L-CX600T1/2S1-1/2,"1-1/2""",600,316L,"1/2""",57,58,1,63,64,1
PB304L-CX600T5/8S1-1/2,"1-1/2""",600,304L,"5/8""",57,58,1,63,64,1
PBAL6061-CX600T3/4S1-1/2,"1-1/2""",600,AL-6061,"3/4""",42,43,1,47,48,1
PB316L-CX600T7/8S1-1/2,"1-1/2""",600,316L,"7/8""",74,75,1,82,83,1
PBSA36-CX600T1S1-1/2,"1-1/2""",600,SA-36,"1""",45,46,1,50,51,1
PB304L-CX600T1-1/8S1-1/2,"1-1/2""",600,304L,"1-1/8""",75,76,1,83,84,1
PB304-CX600T1-1/4S1-1/2,"1-1/2""",600,304,"1-1/4""",76,77,1,84,85,1
PBSA516-70-CX600T1-1/4S1-1/2,"1-1/2""",600,SA-516-70,"1-1/4""",50,51,1,56,57,1
PB316L-CX600T1-1/4S1-1/2,"1-1/2""",600,316L,"1-1/4""",91,92,1,101,102,1
PBAL6061-CX600T1-1/4S1-1/2,"1-1/2""",600,AL-6061,"1-1/4""",47,48,1,52,53,1
PB304-CX600T1-3/8S1-1/2,"1-1/2""",600,304,"1-3/8""",80,81,1,88,90,2
PBSA36-CX600T1-3/8S1-1/2,"1-1/2""",600,SA-36,"1-3/8""",49,50,1,54,56,2
PB304L-CX600T1-3/8S1-1/2,"1-1/2""",600,304L,"1-3/8""",84,85,1,93,94,1
PBSA516-70-CX600T1-1/2S1-1/2,"1-1/2""",600,SA-516-70,"1-1/2""",53,54,1,59,60,1
PB316L-CX600T1-1/2S1-1/2,"1-1/2""",600,316L,"1-1/2""",102,103,1,113,114,1
PB304L-CX600T1-5/8S1-1/2,"1-1/2""",600,304L,"1-5/8""",93,94,1,103,104,1
PB316L-CX600T1-5/8S1-1/2,"1-1/2""",600,316L,"1-5/8""",108,109,1,119,120,1
PBAL6061-CX600T1-5/8S1-1/2,"1-1/2""",600,AL-6061,"1-5/8""",51,52,1,57,58,1
PBSA36-CX600T1-3/4S1-1/2,"1-1/2""",600,SA-36,"1-3/4""",53,54,1,59,60,1
PB316L-CX600T1-3/4S1-1/2,"1-1/2""",600,316L,"1-3/4""",114,115,1,126,127,1
PB304L-CX600T1-7/8S1-1/2,"1-1/2""",600,304L,"1-7/8""",102,103,1,113,114,1
PB316L-CX600T1-7/8S1-1/2,"1-1/2""",600,316L,"1-7/8""",119,120,1,131,132,1
PB304-CX600T2S1-1/2,"1-1/2""",600,304,"2""",101,102,1,112,113,1
PB304L-CX600T2S1-1/2,"1-1/2""",600,304L,"2""",106,107,1,117,118,1
PB316L-CX600T2S1-1/2,"1-1/2""",600,316L,"2""",125,126,1,138,139,1
PBAL6061-CX600T2S1-1/2,"1-1/2""",600,AL-6061,"2""",55,56,1,61,62,1
PB304-CX600T2-1/4S1-1/2,"1-1/2""",600,304,"2-1/4""",109,110,1,120,122,2
PB304L-CX600T2-1/4S1-1/2,"1-1/2""",600,304L,"2-1/4""",115,116,1,127,128,1
PB316L-CX600T2-1/4S1-1/2,"1-1/2""",600,316L,"2-1/4""",136,137,1,150,151,1
PB304L-CX600T2-1/2S1-1/2,"1-1/2""",600,304L,"2-1/2""",124,125,1,137,138,1
PB316L-CX600T2-1/2S1-1/2,"1-1/2""",600,316L,"2-1/2""",147,149,2,162,164,2
PBAL6061-CX600T2-1/2S1-1/2,"1-1/2""",600,AL-6061,"2-1/2""",60,61,1,66,68,2
PB304-CX600T3S1-1/2,"1-1/2""",600,304,"3""",134,135,1,148,149,1
PBSA516-70-CX600T3S1-1/2,"1-1/2""",600,SA-516-70,"3""",72,73,1,80,81,1
PB304L-CX600T3S1-1/2,"1-1/2""",600,304L,"3""",142,143,1,157,158,1
PB316L-CX600T3S1-1/2,"1-1/2""",600,316L,"3""",170,171,1,188,189,1
PBAL6061-CX600T3S1-1/2,"1-1/2""",600,AL-6061,"3""",65,66,1,72,73,1
PB316L-CX600T1/4S2,"2""",600,316L,"1/4""",49,50,1,54,56,2
PB304L-CX600T5/16S2,"2""",600,304L,"5/16""",49,50,1,54,56,2
PB304-CX600T1/2S2,"2""",600,304,"1/2""",56,57,1,62,63,1
PBAL6061-CX600T1/2S2,"2""",600,AL-6061,"1/2""",41,42,1,46,47,1
PB316L-CX600T5/8S2,"2""",600,316L,"5/8""",71,72,1,79,80,1
PB304-CX600T7/8S2,"2""",600,304,"7/8""",72,73,1,80,81,1
PB304L-CX600T7/8S2,"2""",600,304L,"7/8""",75,76,1,83,84,1
PB316L-CX600T7/8S2,"2""",600,316L,"7/8""",86,87,1,95,96,1
PBAL6061-CX600T7/8S2,"2""",600,AL-6061,"7/8""",46,47,1,51,52,1
PB304L-CX600T1S2,"2""",600,304L,"1""",81,82,1,90,91,1
PB316L-CX600T1S2,"2""",600,316L,"1""",93,94,1,103,104,1
PB304-CX600T1-1/8S2,"2""",600,304,"1-1/8""",83,84,1,92,93,1
PBSA36-CX600T1-1/8S2,"2""",600,SA-36,"1-1/8""",50,51,1,56,57,1
PB304L-CX600T1-1/8S2,"2""",600,304L,"1-1/8""",87,88,1,96,97,1
PB304L-CX600T1-1/4S2,"2""",600,304L,"1-1/4""",93,94,1,103,104,1
PB316L-CX600T1-1/4S2,"2""",600,316L,"1-1/4""",108,109,1,119,120,1
PBAL6061-CX600T1-1/4S2,"2""",600,AL-6061,"1-1/4""",51,52,1,57,58,1
PB316L-CX600T1-3/8S2,"2""",600,316L,"1-3/8""",115,116,1,127,128,1
PB304-CX600T1-1/2S2,"2""",600,304,"1-1/2""",99,100,1,109,111,2
PB316L-CX600T1-1/2S2,"2""",600,316L,"1-1/2""",123,124,1,136,137,1
PBSA36-CX600T1-5/8S2,"2""",600,SA-36,"1-5/8""",57,58,1,63,64,1
PB304L-CX600T1-5/8S2,"2""",600,304L,"1-5/8""",110,111,1,122,123,1
PB316L-CX600T1-5/8S2,"2""",600,316L,"1-5/8""",130,131,1,143,145,2
PBAL6061-CX600T1-5/8S2,"2""",600,AL-6061,"1-5/8""",56,57,1,62,63,1
PB304-CX600T1-3/4S2,"2""",600,304,"1-3/4""",110,111,1,122,123,1
PB304L-CX600T1-3/4S2,"2""",600,304L,"1-3/4""",116,117,1,128,129,1
PB316L-CX600T1-3/4S2,"2""",600,316L,"1-3/4""",137,138,1,151,152,1
PB304-CX600T1-7/8S2,"2""",600,304,"1-7/8""",115,116,1,127,128,1
PB304L-CX600T1-7/8S2,"2""",600,304L,"1-7/8""",122,123,1,135,136,1
PB316L-CX600T1-7/8S2,"2""",600,316L,"1-7/8""",144,146,2,159,161,2
PB304-CX600T2S2,"2""",600,304,"2""",121,122,1,134,135,1
PB304L-CX600T2S2,"2""",600,304L,"2""",128,129,1,141,142,1
PB316L-CX600T2S2,"2""",600,316L,"2""",152,153,1,168,169,1
PBAL6061-CX600T2S2,"2""",600,AL-6061,"2""",61,62,1,68,69,1
PBSA516-70-CX600T2-1/4S2,"2""",600,SA-516-70,"2-1/4""",71,72,1,79,80,1
PB304L-CX600T2-1/4S2,"2""",600,304L,"2-1/4""",139,141,2,153,156,3
PB316L-CX600T2-1/4S2,"2""",600,316L,"2-1/4""",166,168,2,183,185,2
PBAL6061-CX600T2-1/4S2,"2""",600,AL-6061,"2-1/4""",64,65,1,71,72,1
PB304-CX600T2-1/2S2,"2""",600,304,"2-1/2""",142,143,1,157,158,1
PBSA36-CX600T2-1/2S2,"2""",600,SA-36,"2-1/2""",69,70,1,76,77,1
PBSA516-70-CX600T2-1/2S2,"2""",600,SA-516-70,"2-1/2""",75,76,1,83,84,1
PB304L-CX600T2-1/2S2,"2""",600,304L,"2-1/2""",151,152,1,167,168,1
PB316L-CX600T2-1/2S2,"2""",600,316L,"2-1/2""",181,183,2,200,202,2
PB304-CX600T3S2,"2""",600,304,"3""",164,165,1,181,182,1
PBSA36-CX600T3S2,"2""",600,SA-36,"3""",76,77,1,84,85,1
PBSA516-70-CX600T3S2,"2""",600,SA-516-70,"3""",83,84,1,92,93,1
PB304L-CX600T3S2,"2""",600,304L,"3""",174,176,2,192,194,2
PB316L-CX600T3S2,"2""",600,316L,"3""",210,212,2,232,234,2
PBAL6061-CX600T3S2,"2""",600,AL-6061,"3""",74,75,1,82,83,1
PBSA516-70-CX600T11GAS2-1/2,"2-1/2""",600,SA-516-70,11 Gauge,37,38,1,41,42,1
PBAL6061-CX600T5/16S2-1/2,"2-1/2""",600,AL-6061,"5/16""",40,41,1,44,46,2
PB304-CX600T1/2S2-1/2,"2-1/2""",600,304,"1/2""",64,65,1,71,72,1
PBSA516-70-CX600T3/4S2-1/2,"2-1/2""",600,SA-516-70,"3/4""",51,52,1,57,58,1
PB316L-CX600T3/4S2-1/2,"2-1/2""",600,316L,"3/4""",95,96,1,105,106,1
PBAL6061-CX600T3/4S2-1/2,"2-1/2""",600,AL-6061,"3/4""",48,49,1,53,54,1
PB304-CX600T7/8S2-1/2,"2-1/2""",600,304,"7/8""",86,87,1,95,96,1
PBSA36-CX600T7/8S2-1/2,"2-1/2""",600,SA-36,"7/8""",51,52,1,57,58,1
PB304L-CX600T7/8S2-1/2,"2-1/2""",600,304L,"7/8""",90,91,1,100,101,1
PB316L-CX600T7/8S2-1/2,"2-1/2""",600,316L,"7/8""",105,106,1,116,117,1
PB316L-CX600T1S2-1/2,"2-1/2""",600,316L,"1""",115,116,1,127,128,1
PB304-CX600T1-1/8S2-1/2,"2-1/2""",600,304,"1-1/8""",101,102,1,112,113,1
PB304L-CX600T1-1/8S2-1/2,"2-1/2""",600,304L,"1-1/8""",106,107,1,117,118,1
PB316L-CX600T1-1/8S2-1/2,"2-1/2""",600,316L,"1-1/8""",125,126,1,138,139,1
PBAL6061-CX600T1-1/8S2-1/2,"2-1/2""",600,AL-6061,"1-1/8""",55,56,1,61,62,1
PB304-CX600T1-1/4S2-1/2,"2-1/2""",600,304,"1-1/4""",108,109,1,119,120,1
PBSA516-70-CX600T1-1/4S2-1/2,"2-1/2""",600,SA-516-70,"1-1/4""",62,63,1,69,70,1
PB304L-CX600T1-1/4S2-1/2,"2-1/2""",600,304L,"1-1/4""",114,115,1,126,127,1
PB316L-CX600T1-1/4S2-1/2,"2-1/2""",600,316L,"1-1/4""",135,136,1,149,150,1
PBAL6061-CX600T1-1/4S2-1/2,"2-1/2""",600,AL-6061,"1-1/4""",57,58,1,63,64,1
PBSA516-70-CX600T1-3/8S2-1/2,"2-1/2""",600,SA-516-70,"1-3/8""",65,66,1,72,73,1
PB304L-CX600T1-3/8S2-1/2,"2-1/2""",600,304L,"1-3/8""",122,123,1,135,136,1
PB316L-CX600T1-3/8S2-1/2,"2-1/2""",600,316L,"1-3/8""",145,146,1,160,161,1
PB304-CX600T1-1/2S2-1/2,"2-1/2""",600,304,"1-1/2""",123,124,1,136,137,1
PBSA36-CX600T1-1/2S2-1/2,"2-1/2""",600,SA-36,"1-1/2""",63,64,1,70,71,1
PB304L-CX600T1-1/2S2-1/2,"2-1/2""",600,304L,"1-1/2""",130,131,1,143,145,2
PB316L-CX600T1-1/2S2-1/2,"2-1/2""",600,316L,"1-1/2""",155,156,1,171,172,1
PB304-CX600T1-5/8S2-1/2,"2-1/2""",600,304,"1-5/8""",130,131,1,143,145,2
PB304L-CX600T1-5/8S2-1/2,"2-1/2""",600,304L,"1-5/8""",138,139,1,152,153,1
PB316L-CX600T1-5/8S2-1/2,"2-1/2""",600,316L,"1-5/8""",165,166,1,182,183,1
PBAL6061-CX600T1-5/8S2-1/2,"2-1/2""",600,AL-6061,"1-5/8""",64,65,1,71,72,1
PB304-CX600T1-3/4S2-1/2,"2-1/2""",600,304,"1-3/4""",138,139,1,152,153,1
PBSA516-70-CX600T1-3/4S2-1/2,"2-1/2""",600,SA-516-70,"1-3/4""",73,74,1,81,82,1
PB304L-CX600T1-3/4S2-1/2,"2-1/2""",600,304L,"1-3/4""",146,147,1,161,162,1
PB316L-CX600T1-3/4S2-1/2,"2-1/2""",600,316L,"1-3/4""",175,176,1,193,194,1
PBAL6061-CX600T1-3/4S2-1/2,"2-1/2""",600,AL-6061,"1-3/4""",66,67,1,73,74,1
PB304-CX600T1-7/8S2-1/2,"2-1/2""",600,304,"1-7/8""",145,146,1,160,161,1
PBSA36-CX600T1-7/8S2-1/2,"2-1/2""",600,SA-36,"1-7/8""",70,71,1,77,79,2
PBSA516-70-CX600T1-7/8S2-1/2,"2-1/2""",600,SA-516-70,"1-7/8""",76,77,1,84,85,1
PB304L-CX600T1-7/8S2-1/2,"2-1/2""",600,304L,"1-7/8""",154,155,1,170,171,1
PB316L-CX600T1-7/8S2-1/2,"2-1/2""",600,316L,"1-7/8""",185,186,1,204,205,1
PB304-CX600T2S2-1/2,"2-1/2""",600,304,"2""",152,154,2,168,170,2
PB304L-CX600T2S2-1/2,"2-1/2""",600,304L,"2""",162,163,1,179,180,1
PB316L-CX600T2S2-1/2,"2-1/2""",600,316L,"2""",195,197,2,215,217,2
PBAL6061-CX600T2S2-1/2,"2-1/2""",600,AL-6061,"2""",71,72,1,79,80,1
PB304-CX600T2-1/4S2-1/2,"2-1/2""",600,304,"2-1/4""",167,168,1,184,185,1
PBSA36-CX600T2-1/4S2-1/2,"2-1/2""",600,SA-36,"2-1/4""",77,78,1,85,86,1
PBSA516-70-CX600T2-1/4S2-1/2,"2-1/2""",600,SA-516-70,"2-1/4""",84,85,1,93,94,1
PB304L-CX600T2-1/4S2-1/2,"2-1/2""",600,304L,"2-1/4""",178,179,1,196,197,1
PB316L-CX600T2-1/4S2-1/2,"2-1/2""",600,316L,"2-1/4""",215,217,2,237,239,2
PBAL6061-CX600T2-1/4S2-1/2,"2-1/2""",600,AL-6061,"2-1/4""",75,76,1,83,84,1
PB304-CX600T2-1/2S2-1/2,"2-1/2""",600,304,"2-1/2""",182,183,1,201,202,1
PBSA36-CX600T2-1/2S2-1/2,"2-1/2""",600,SA-36,"2-1/2""",82,83,1,91,92,1
PBSA516-70-CX600T2-1/2S2-1/2,"2-1/2""",600,SA-516-70,"2-1/2""",90,91,1,100,101,1
PB304L-CX600T2-1/2S2-1/2,"2-1/2""",600,304L,"2-1/2""",194,195,1,214,215,1
PB316L-CX600T2-1/2S2-1/2,"2-1/2""",600,316L,"2-1/2""",235,237,2,259,261,2
PBAL6061-CX600T2-1/2S2-1/2,"2-1/2""",600,AL-6061,"2-1/2""",80,81,1,88,90,2
PB304-CX600T3S2-1/2,"2-1/2""",600,304,"3""",211,213,2,233,235,2
PBSA516-70-CX600T3S2-1/2,"2-1/2""",600,SA-516-70,"3""",101,102,1,112,113,1
PB304L-CX600T3S2-1/2,"2-1/2""",600,304L,"3""",226,228,2,249,251,2
PB316L-CX600T3S2-1/2,"2-1/2""",600,316L,"3""",275,277,2,303,305,2
PBAL6061-CX600T3S2-1/2,"2-1/2""",600,AL-6061,"3""",89,90,1,98,100,2
PB304-CX600T1/8S3,"3""",600,304,"1/8""",44,45,1,49,50,1
PBSA36-CX600T3/16S3,"3""",600,SA-36,"3/16""",39,40,1,43,44,1
PB316L-CX600T3/16S3,"3""",600,316L,"3/16""",54,55,1,60,61,1
PB304L-CX600T1/4S3,"3""",600,304L,"1/4""",55,56,1,61,62,1
PB316L-CX600T5/16S3,"3""",600,316L,"5/16""",67,68,1,74,75,1
PB304L-CX600T1/2S3,"3""",600,304L,"1/2""",76,77,1,84,85,1
PB304L-CX600T5/8S3,"3""",600,304L,"5/8""",86,87,1,95,96,1
PB316L-CX600T5/8S3,"3""",600,316L,"5/8""",100,101,1,111,112,1
PBAL6061-CX600T5/8S3,"3""",600,AL-6061,"5/8""",49,50,1,54,56,2
PB304-CX600T3/4S3,"3""",600,304,"3/4""",92,93,1,102,103,1
PBSA516-70-CX600T3/4S3,"3""",600,SA-516-70,"3/4""",56,57,1,62,63,1
PB316L-CX600T3/4S3,"3""",600,316L,"3/4""",113,114,1,125,126,1
PBAL6061-CX600T3/4S3,"3""",600,AL-6061,"3/4""",52,53,1,58,59,1
PBSA36-CX600T7/8S3,"3""",600,SA-36,"7/8""",56,57,1,62,63,1
PB304L-CX600T7/8S3,"3""",600,304L,"7/8""",107,108,1,118,119,1
PB316L-CX600T7/8S3,"3""",600,316L,"7/8""",126,127,1,139,140,1
PBAL6061-CX600T7/8S3,"3""",600,AL-6061,"7/8""",55,56,1,61,62,1
PB304-CX600T1S3,"3""",600,304,"1""",111,112,1,123,124,1
PBSA36-CX600T1S3,"3""",600,SA-36,"1""",59,60,1,65,66,1
PBSA516-70-CX600T1S3,"3""",600,SA-516-70,"1""",63,64,1,70,71,1
PB304L-CX600T1S3,"3""",600,304L,"1""",117,118,1,129,130,1
PB316L-CX600T1S3,"3""",600,316L,"1""",139,140,1,153,154,1
PBAL6061-CX600T1S3,"3""",600,AL-6061,"1""",58,59,1,64,65,1
PB304L-CX600T1-1/8S3,"3""",600,304L,"1-1/8""",128,129,1,141,142,1
PB316L-CX600T1-1/8S3,"3""",600,316L,"1-1/8""",152,153,1,168,169,1
PBAL6061-CX600T1-1/8S3,"3""",600,AL-6061,"1-1/8""",61,62,1,68,69,1
PB304-CX600T1-1/4S3,"3""",600,304,"1-1/4""",130,131,1,143,145,2
PB304L-CX600T1-1/4S3,"3""",600,304L,"1-1/4""",138,139,1,152,153,1
PB316L-CX600T1-1/4S3,"3""",600,316L,"1-1/4""",165,166,1,182,183,1
PBAL6061-CX600T1-1/4S3,"3""",600,AL-6061,"1-1/4""",64,65,1,71,72,1
PB304-CX600T1-3/8S3,"3""",600,304,"1-3/8""",140,141,1,154,156,2
PBSA516-70-CX600T1-3/8S3,"3""",600,SA-516-70,"1-3/8""",74,75,1,82,83,1
PB304L-CX600T1-3/8S3,"3""",600,304L,"1-3/8""",148,150,2,163,165,2
PB316L-CX600T1-3/8S3,"3""",600,316L,"1-3/8""",178,179,1,196,197,1
PBAL6061-CX600T1-3/8S3,"3""",600,AL-6061,"1-3/8""",67,68,1,74,75,1
PB304-CX600T1-1/2S3,"3""",600,304,"1-1/2""",149,150,1,164,165,1
PB304L-CX600T1-1/2S3,"3""",600,304L,"1-1/2""",159,160,1,175,176,1
PB316L-CX600T1-1/2S3,"3""",600,316L,"1-1/2""",191,192,1,211,212,1
PBAL6061-CX600T1-1/2S3,"3""",600,AL-6061,"1-1/2""",70,71,1,77,79,2
PB304-CX600T1-5/8S3,"3""",600,304,"1-5/8""",159,160,1,175,176,1
PBSA516-70-CX600T1-5/8S3,"3""",600,SA-516-70,"1-5/8""",81,82,1,90,91,1
PB304L-CX600T1-5/8S3,"3""",600,304L,"1-5/8""",169,170,1,186,188,2
PB316L-CX600T1-5/8S3,"3""",600,316L,"1-5/8""",204,205,1,225,226,1
PBAL6061-CX600T1-5/8S3,"3""",600,AL-6061,"1-5/8""",73,74,1,81,82,1
PB304-CX600T1-3/4S3,"3""",600,304,"1-3/4""",168,170,2,185,188,3
PBSA516-70-CX600T1-3/4S3,"3""",600,SA-516-70,"1-3/4""",85,86,1,94,95,1
PB304L-CX600T1-3/4S3,"3""",600,304L,"1-3/4""",179,181,2,197,200,3
PB316L-CX600T1-3/4S3,"3""",600,316L,"1-3/4""",217,219,2,239,241,2
PBAL6061-CX600T1-3/4S3,"3""",600,AL-6061,"1-3/4""",76,77,1,84,85,1
PB304-CX600T1-7/8S3,"3""",600,304,"1-7/8""",178,179,1,196,197,1
PBSA516-70-CX600T1-7/8S3,"3""",600,SA-516-70,"1-7/8""",88,89,1,97,98,1
PB304L-CX600T1-7/8S3,"3""",600,304L,"1-7/8""",190,191,1,210,211,1
PB316L-CX600T1-7/8S3,"3""",600,316L,"1-7/8""",230,232,2,254,256,2
PBAL6061-CX600T1-7/8S3,"3""",600,AL-6061,"1-7/8""",79,80,1,87,88,1
PB304-CX600T2S3,"3""",600,304,"2""",188,189,1,207,208,1
PBSA36-CX600T2S3,"3""",600,SA-36,"2""",84,85,1,93,94,1
PBSA516-70-CX600T2S3,"3""",600,SA-516-70,"2""",92,93,1,102,103,1
PB304L-CX600T2S3,"3""",600,304L,"2""",200,202,2,221,223,2
PB316L-CX600T2S3,"3""",600,316L,"2""",243,245,2,268,270,2
PBAL6061-CX600T2S3,"3""",600,AL-6061,"2""",82,83,1,91,92,1
PB304-CX600T2-1/4S3,"3""",600,304,"2-1/4""",207,208,1,228,229,1
PBSA36-CX600T2-1/4S3,"3""",600,SA-36,"2-1/4""",90,91,1,100,101,1
PBSA516-70-CX600T2-1/4S3,"3""",600,SA-516-70,"2-1/4""",99,100,1,109,111,2
PB304L-CX600T2-1/4S3,"3""",600,304L,"2-1/4""",221,223,2,244,246,2
PB316L-CX600T2-1/4S3,"3""",600,316L,"2-1/4""",269,271,2,296,299,3
PBAL6061-CX600T2-1/4S3,"3""",600,AL-6061,"2-1/4""",87,89,2,96,98,2
PB304-CX600T2-1/2S3,"3""",600,304,"2-1/2""",226,227,1,249,250,1
PBSA36-CX600T2-1/2S3,"3""",600,SA-36,"2-1/2""",96,97,1,106,107,1
PBSA516-70-CX600T2-1/2S3,"3""",600,SA-516-70,"2-1/2""",106,107,1,117,118,1
PB304L-CX600T2-1/2S3,"3""",600,304L,"2-1/2""",241,243,2,266,268,2
PB316L-CX600T2-1/2S3,"3""",600,316L,"2-1/2""",295,297,2,325,327,2
PBAL6061-CX600T2-1/2S3,"3""",600,AL-6061,"2-1/2""",93,95,2,103,105,2
PB304-CX600T3S3,"3""",600,304,"3""",264,266,2,291,293,2
PBSA516-70-CX600T3S3,"3""",600,SA-516-70,"3""",121,122,1,134,135,1
PB304L-CX600T3S3,"3""",600,304L,"3""",283,285,2,312,314,2
PB316L-CX600T3S3,"3""",600,316L,"3""",346,350,4,381,386,5
PBAL6061-CX600T3S3,"3""",600,AL-6061,"3""",105,106,1,116,117,1
PB316L-CX600T3/16S4,"4""",600,316L,"3/16""",67,68,1,74,75,1
PB304L-CX600T1/4S4,"4""",600,304L,"1/4""",69,70,1,76,77,1
PB316L-CX600T1/4S4,"4""",600,316L,"1/4""",78,79,1,86,87,1
PB316L-CX600T5/16S4,"4""",600,316L,"5/16""",89,90,1,98,100,2
PB316L-CX600T3/8S4,"4""",600,316L,"3/8""",100,101,1,111,112,1
PBAL6061-CX600T3/8S4,"4""",600,AL-6061,"3/8""",49,50,1,54,56,2
PBSA36-CX600T1/2S4,"4""",600,SA-36,"1/2""",55,56,1,61,62,1
PB304L-CX600T1/2S4,"4""",600,304L,"1/2""",104,105,1,115,116,1
PB316L-CX600T1/2S4,"4""",600,316L,"1/2""",122,123,1,135,136,1
PBAL6061-CX600T1/2S4,"4""",600,AL-6061,"1/2""",54,55,1,60,61,1
PB304L-CX600T5/8S4,"4""",600,304L,"5/8""",121,122,1,134,135,1
PB316L-CX600T5/8S4,"4""",600,316L,"5/8""",143,145,2,158,160,2
PBAL6061-CX600T5/8S4,"4""",600,AL-6061,"5/8""",59,60,1,65,66,1
PB304-CX600T3/4S4,"4""",600,304,"3/4""",130,131,1,143,145,2
PB304L-CX600T3/4S4,"4""",600,304L,"3/4""",138,139,1,152,153,1
PB316L-CX600T3/4S4,"4""",600,316L,"3/4""",165,166,1,182,183,1
PBAL6061-CX600T3/4S4,"4""",600,AL-6061,"3/4""",64,65,1,71,72,1
PB304-CX600T7/8S4,"4""",600,304,"7/8""",146,147,1,161,162,1
PB304L-CX600T7/8S4,"4""",600,304L,"7/8""",156,157,1,172,173,1
PB316L-CX600T7/8S4,"4""",600,316L,"7/8""",187,188,1,206,207,1
PBAL6061-CX600T7/8S4,"4""",600,AL-6061,"7/8""",69,70,1,76,77,1
PB304-CX600T1S4,"4""",600,304,"1""",162,163,1,179,180,1
PB304L-CX600T1S4,"4""",600,304L,"1""",173,174,1,191,192,1
PB316L-CX600T1S4,"4""",600,316L,"1""",208,210,2,229,232,3
PBAL6061-CX600T1S4,"4""",600,AL-6061,"1""",74,75,1,82,83,1
PB304-CX600T1-1/8S4,"4""",600,304,"1-1/8""",178,180,2,196,199,3
PBSA36-CX600T1-1/8S4,"4""",600,SA-36,"1-1/8""",81,82,1,90,91,1
PB304L-CX600T1-1/8S4,"4""",600,304L,"1-1/8""",190,192,2,210,212,2
PB316L-CX600T1-1/8S4,"4""",600,316L,"1-1/8""",230,232,2,254,256,2
PBAL6061-CX600T1-1/8S4,"4""",600,AL-6061,"1-1/8""",79,80,1,87,88,1
PB304-CX600T1-1/4S4,"4""",600,304,"1-1/4""",194,196,2,214,216,2
PBSA36-CX600T1-1/4S4,"4""",600,SA-36,"1-1/4""",86,87,1,95,96,1
PB304L-CX600T1-1/4S4,"4""",600,304L,"1-1/4""",207,209,2,228,230,2
PB316L-CX600T1-1/4S4,"4""",600,316L,"1-1/4""",252,254,2,278,280,2
PBAL6061-CX600T1-1/4S4,"4""",600,AL-6061,"1-1/4""",84,85,1,93,94,1
PB304-CX600T1-3/8S4,"4""",600,304,"1-3/8""",210,212,2,232,234,2
PBSA36-CX600T1-3/8S4,"4""",600,SA-36,"1-3/8""",91,92,1,101,102,1
PBSA516-70-CX600T1-3/8S4,"4""",600,SA-516-70,"1-3/8""",100,101,1,111,112,1
PB304L-CX600T1-3/8S4,"4""",600,304L,"1-3/8""",225,226,1,248,249,1
PB316L-CX600T1-3/8S4,"4""",600,316L,"1-3/8""",273,276,3,301,304,3
PBAL6061-CX600T1-3/8S4,"4""",600,AL-6061,"1-3/8""",89,90,1,98,100,2
PB304-CX600T1-1/2S4,"4""",600,304,"1-1/2""",226,228,2,249,251,2
PBSA36-CX600T1-1/2S4,"4""",600,SA-36,"1-1/2""",96,97,1,106,107,1
PBSA516-70-CX600T1-1/2S4,"4""",600,SA-516-70,"1-1/2""",106,107,1,117,118,1
PB304L-CX600T1-1/2S4,"4""",600,304L,"1-1/2""",242,244,2,267,269,2
PB316L-CX600T1-1/2S4,"4""",600,316L,"1-1/2""",295,298,3,325,328,3
PBAL6061-CX600T1-1/2S4,"4""",600,AL-6061,"1-1/2""",93,95,2,103,105,2
PB304-CX600T1-5/8S4,"4""",600,304,"1-5/8""",242,244,2,267,269,2
PBSA516-70-CX600T1-5/8S4,"4""",600,SA-516-70,"1-5/8""",112,113,1,124,125,1
PB304L-CX600T1-5/8S4,"4""",600,304L,"1-5/8""",259,261,2,285,288,3
PB316L-CX600T1-5/8S4,"4""",600,316L,"1-5/8""",317,320,3,349,352,3
PBAL6061-CX600T1-5/8S4,"4""",600,AL-6061,"1-5/8""",98,100,2,108,111,3
PB304-CX600T1-3/4S4,"4""",600,304,"1-3/4""",258,260,2,284,286,2
PBSA516-70-CX600T1-3/4S4,"4""",600,SA-516-70,"1-3/4""",118,120,2,130,132,2
PB304L-CX600T1-3/4S4,"4""",600,304L,"1-3/4""",276,279,3,304,307,3
PB316L-CX600T1-3/4S4,"4""",600,316L,"1-3/4""",338,342,4,372,377,5
PBAL6061-CX600T1-3/4S4,"4""",600,AL-6061,"1-3/4""",103,105,2,114,116,2
PB304-CX600T1-7/8S4,"4""",600,304,"1-7/8""",274,276,2,302,304,2
PBSA36-CX600T1-7/8S4,"4""",600,SA-36,"1-7/8""",112,113,1,124,125,1
PBSA516-70-CX600T1-7/8S4,"4""",600,SA-516-70,"1-7/8""",124,126,2,137,139,2
PB304L-CX600T1-7/8S4,"4""",600,304L,"1-7/8""",293,296,3,323,326,3
PB316L-CX600T1-7/8S4,"4""",600,316L,"1-7/8""",360,364,4,397,401,4
PBAL6061-CX600T1-7/8S4,"4""",600,AL-6061,"1-7/8""",108,110,2,119,122,3
PB304-CX600T2S4,"4""",600,304,"2""",290,292,2,319,322,3
PBSA36-CX600T2S4,"4""",600,SA-36,"2""",117,118,1,129,130,1
PBSA516-70-CX600T2S4,"4""",600,SA-516-70,"2""",130,132,2,143,146,3
PB304L-CX600T2S4,"4""",600,304L,"2""",311,314,3,343,346,3
PB316L-CX600T2S4,"4""",600,316L,"2""",382,386,4,421,425,4
PBAL6061-CX600T2S4,"4""",600,AL-6061,"2""",113,115,2,125,127,2
PB304-CX600T2-1/4S4,"4""",600,304,"2-1/4""",322,324,2,355,357,2
PBSA36-CX600T2-1/4S4,"4""",600,SA-36,"2-1/4""",127,128,1,140,141,1
PBSA516-70-CX600T2-1/4S4,"4""",600,SA-516-70,"2-1/4""",142,144,2,157,159,2
PB304L-CX600T2-1/4S4,"4""",600,304L,"2-1/4""",345,348,3,380,383,3
PB316L-CX600T2-1/4S4,"4""",600,316L,"2-1/4""",425,430,5,468,474,6
PBAL6061-CX600T2-1/4S4,"4""",600,AL-6061,"2-1/4""",123,125,2,136,138,2
PB304-CX600T2-1/2S4,"4""",600,304,"2-1/2""",354,357,3,390,393,3
PBSA36-CX600T2-1/2S4,"4""",600,SA-36,"2-1/2""",137,139,2,151,153,2
PBSA516-70-CX600T2-1/2S4,"4""",600,SA-516-70,"2-1/2""",154,156,2,170,172,2
PB304L-CX600T2-1/2S4,"4""",600,304L,"2-1/2""",380,383,3,419,422,3
PB316L-CX600T2-1/2S4,"4""",600,316L,"2-1/2""",469,473,4,516,521,5
PBAL6061-CX600T2-1/2S4,"4""",600,AL-6061,"2-1/2""",133,135,2,147,149,2
PB304-CX600T3S4,"4""",600,304,"3""",417,421,4,459,464,5
PBSA36-CX600T3S4,"4""",600,SA-36,"3""",158,159,1,174,175,1
PBSA516-70-CX600T3S4,"4""",600,SA-516-70,"3""",178,180,2,196,199,3
PB304L-CX600T3S4,"4""",600,304L,"3""",449,453,4,494,499,5
PB316L-CX600T3S4,"4""",600,316L,"3""",555,561,6,611,618,7
PBAL6061-CX600T3S4,"4""",600,AL-6061,"3""",152,154,2,168,170,2
PB304-CX600T11GAS6,"6""",600,304,11 Gauge,63,64,1,70,71,1
PBSA36-CX600T1/8S6,"6""",600,SA-36,"1/8""",44,45,1,49,50,1
PB304L-CX600T3/16S6,"6""",600,304L,"3/16""",83,84,1,92,93,1
PB316L-CX600T3/16S6,"6""",600,316L,"3/16""",96,97,1,106,107,1
PBSA516-70-CX600T1/4S6,"6""",600,SA-516-70,"1/4""",57,58,1,63,64,1
PB304L-CX600T1/4S6,"6""",600,304L,"1/4""",99,100,1,109,111,2
PB316L-CX600T1/4S6,"6""",600,316L,"1/4""",116,117,1,128,129,1
PBAL6061-CX600T1/4S6,"6""",600,AL-6061,"1/4""",53,54,1,59,60,1
PB316L-CX600T5/16S6,"6""",600,316L,"5/16""",136,138,2,150,152,2
PB304-CX600T3/8S6,"6""",600,304,"3/8""",124,125,1,137,138,1
PBSA516-70-CX600T3/8S6,"6""",600,SA-516-70,"3/8""",68,69,1,75,76,1
PB304L-CX600T3/8S6,"6""",600,304L,"3/8""",132,133,1,146,147,1
PB316L-CX600T3/8S6,"6""",600,316L,"3/8""",157,158,1,173,174,1
PBAL6061-CX600T3/8S6,"6""",600,AL-6061,"3/8""",62,63,1,69,70,1
PB304-CX600T1/2S6,"6""",600,304,"1/2""",154,156,2,170,172,2
PBSA36-CX600T1/2S6,"6""",600,SA-36,"1/2""",73,74,1,81,82,1
PB304L-CX600T1/2S6,"6""",600,304L,"1/2""",164,166,2,181,183,2
PB316L-CX600T1/2S6,"6""",600,316L,"1/2""",197,199,2,217,219,2
PB304-CX600T5/8S6,"6""",600,304,"5/8""",184,186,2,203,205,2
PBSA516-70-CX600T5/8S6,"6""",600,SA-516-70,"5/8""",91,92,1,101,102,1
PB304L-CX600T5/8S6,"6""",600,304L,"5/8""",197,198,1,217,218,1
PB316L-CX600T5/8S6,"6""",600,316L,"5/8""",238,240,2,262,264,2
PBAL6061-CX600T5/8S6,"6""",600,AL-6061,"5/8""",81,82,1,90,91,1
PB304-CX600T3/4S6,"6""",600,304,"3/4""",214,216,2,236,238,2
PBSA516-70-CX600T3/4S6,"6""",600,SA-516-70,"3/4""",102,103,1,113,114,1
PB304L-CX600T3/4S6,"6""",600,304L,"3/4""",229,231,2,252,255,3
PB316L-CX600T3/4S6,"6""",600,316L,"3/4""",279,281,2,307,310,3
PBAL6061-CX600T3/4S6,"6""",600,AL-6061,"3/4""",90,91,1,100,101,1
PB304-CX600T7/8S6,"6""",600,304,"7/8""",244,246,2,269,271,2
PBSA36-CX600T7/8S6,"6""",600,SA-36,"7/8""",102,103,1,113,114,1
PBSA516-70-CX600T7/8S6,"6""",600,SA-516-70,"7/8""",113,114,1,125,126,1
PB304L-CX600T7/8S6,"6""",600,304L,"7/8""",261,263,2,288,290,2
PB316L-CX600T7/8S6,"6""",600,316L,"7/8""",320,323,3,352,356,4
PBAL6061-CX600T7/8S6,"6""",600,AL-6061,"7/8""",99,100,1,109,111,2
PB304-CX600T1S6,"6""",600,304,"1""",274,276,2,302,304,2
PBSA36-CX600T1S6,"6""",600,SA-36,"1""",112,113,1,124,125,1
PBSA516-70-CX600T1S6,"6""",600,SA-516-70,"1""",124,126,2,137,139,2
PB304L-CX600T1S6,"6""",600,304L,"1""",293,296,3,323,326,3
PB316L-CX600T1S6,"6""",600,316L,"1""",360,364,4,397,401,4
PBAL6061-CX600T1S6,"6""",600,AL-6061,"1""",108,110,2,119,122,3
PB304-CX600T1-1/8S6,"6""",600,304,"1-1/8""",304,306,2,335,337,2
PBSA36-CX600T1-1/8S6,"6""",600,SA-36,"1-1/8""",121,122,1,134,135,1
PBSA516-70-CX600T1-1/8S6,"6""",600,SA-516-70,"1-1/8""",136,137,1,150,151,1
PB304L-CX600T1-1/8S6,"6""",600,304L,"1-1/8""",326,329,3,359,362,3
PB316L-CX600T1-1/8S6,"6""",600,316L,"1-1/8""",401,405,4,442,446,4
PBAL6061-CX600T1-1/8S6,"6""",600,AL-6061,"1-1/8""",117,119,2,129,131,2
PB304-CX600T1-1/4S6,"6""",600,304,"1-1/4""",334,336,2,368,370,2
PBSA36-CX600T1-1/4S6,"6""",600,SA-36,"1-1/4""",131,132,1,145,146,1
PBSA516-70-CX600T1-1/4S6,"6""",600,SA-516-70,"1-1/4""",147,148,1,162,163,1
PB304L-CX600T1-1/4S6,"6""",600,304L,"1-1/4""",358,361,3,394,398,4
PB316L-CX600T1-1/4S6,"6""",600,316L,"1-1/4""",442,446,4,487,491,4
PBAL6061-CX600T1-1/4S6,"6""",600,AL-6061,"1-1/4""",126,128,2,139,141,2
PB304-CX600T1-3/8S6,"6""",600,304,"1-3/8""",364,367,3,401,404,3
PBSA36-CX600T1-3/8S6,"6""",600,SA-36,"1-3/8""",141,142,1,156,157,1
PBSA516-70-CX600T1-3/8S6,"6""",600,SA-516-70,"1-3/8""",158,160,2,174,176,2
PB304L-CX600T1-3/8S6,"6""",600,304L,"1-3/8""",391,394,3,431,434,3
PB316L-CX600T1-3/8S6,"6""",600,316L,"1-3/8""",482,487,5,531,536,5
PBAL6061-CX600T1-3/8S6,"6""",600,AL-6061,"1-3/8""",136,138,2,150,152,2
PB304-CX600T1-1/2S6,"6""",600,304,"1-1/2""",394,397,3,434,437,3
PBSA36-CX600T1-1/2S6,"6""",600,SA-36,"1-1/2""",150,152,2,165,168,3
PBSA516-70-CX600T1-1/2S6,"6""",600,SA-516-70,"1-1/2""",169,171,2,186,189,3
PB304L-CX600T1-1/2S6,"6""",600,304L,"1-1/2""",423,427,4,466,470,4
PB316L-CX600T1-1/2S6,"6""",600,316L,"1-1/2""",523,528,5,576,581,5
PBAL6061-CX600T1-1/2S6,"6""",600,AL-6061,"1-1/2""",145,147,2,160,162,2
PB304-CX600T1-5/8S6,"6""",600,304,"1-5/8""",423,427,4,466,470,4
PBSA36-CX600T1-5/8S6,"6""",600,SA-36,"1-5/8""",160,161,1,176,178,2
PBSA516-70-CX600T1-5/8S6,"6""",600,SA-516-70,"1-5/8""",180,182,2,199,201,2
PB304L-CX600T1-5/8S6,"6""",600,304L,"1-5/8""",455,459,4,501,505,4
PB316L-CX600T1-5/8S6,"6""",600,316L,"1-5/8""",564,569,5,621,626,5
PBAL6061-CX600T1-5/8S6,"6""",600,AL-6061,"1-5/8""",154,156,2,170,172,2
PB304-CX600T1-3/4S6,"6""",600,304,"1-3/4""",453,457,4,499,503,4
PBSA36-CX600T1-3/4S6,"6""",600,SA-36,"1-3/4""",170,171,1,188,189,1
PBSA516-70-CX600T1-3/4S6,"6""",600,SA-516-70,"1-3/4""",191,194,3,211,214,3
PB304L-CX600T1-3/4S6,"6""",600,304L,"1-3/4""",488,492,4,537,542,5
PB316L-CX600T1-3/4S6,"6""",600,316L,"1-3/4""",604,610,6,665,671,6
PBAL6061-CX600T1-3/4S6,"6""",600,AL-6061,"1-3/4""",163,166,3,180,183,3
PB304-CX600T1-7/8S6,"6""",600,304,"1-7/8""",483,487,4,532,536,4
PBSA36-CX600T1-7/8S6,"6""",600,SA-36,"1-7/8""",179,181,2,197,200,3
PBSA516-70-CX600T1-7/8S6,"6""",600,SA-516-70,"1-7/8""",203,205,2,224,226,2
PB304L-CX600T1-7/8S6,"6""",600,304L,"1-7/8""",520,525,5,572,578,6
PB316L-CX600T1-7/8S6,"6""",600,316L,"1-7/8""",645,651,6,710,717,7
PBAL6061-CX600T1-7/8S6,"6""",600,AL-6061,"1-7/8""",172,175,3,190,193,3
PB304-CX600T2S6,"6""",600,304,"2""",513,517,4,565,569,4
PBSA36-CX600T2S6,"6""",600,SA-36,"2""",189,190,1,208,210,2
PBSA516-70-CX600T2S6,"6""",600,SA-516-70,"2""",214,216,2,236,238,2
PB304L-CX600T2S6,"6""",600,304L,"2""",552,557,5,608,613,5
PB316L-CX600T2S6,"6""",600,316L,"2""",686,693,7,755,763,8
PBAL6061-CX600T2S6,"6""",600,AL-6061,"2""",181,184,3,200,203,3
PB304-CX600T2-1/4S6,"6""",600,304,"2-1/4""",573,578,5,631,636,5
PBSA36-CX600T2-1/4S6,"6""",600,SA-36,"2-1/4""",208,210,2,229,232,3
PBSA516-70-CX600T2-1/4S6,"6""",600,SA-516-70,"2-1/4""",236,239,3,260,263,3
PB304L-CX600T2-1/4S6,"6""",600,304L,"2-1/4""",617,623,6,679,686,7
PB316L-CX600T2-1/4S6,"6""",600,316L,"2-1/4""",767,775,8,844,853,9
PBAL6061-CX600T2-1/4S6,"6""",600,AL-6061,"2-1/4""",200,203,3,221,224,3
PB304-CX600T2-1/2S6,"6""",600,304,"2-1/2""",633,638,5,697,702,5
PBSA36-CX600T2-1/2S6,"6""",600,SA-36,"2-1/2""",227,229,2,250,252,2
PBSA516-70-CX600T2-1/2S6,"6""",600,SA-516-70,"2-1/2""",259,262,3,285,289,4
PB304L-CX600T2-1/2S6,"6""",600,304L,"2-1/2""",681,688,7,750,757,7
PB316L-CX600T2-1/2S6,"6""",600,316L,"2-1/2""",848,857,9,933,943,10
PBAL6061-CX600T2-1/2S6,"6""",600,AL-6061,"2-1/2""",218,222,4,240,245,5
PB304-CX600T3S6,"6""",600,304,"3""",752,759,7,828,835,7
PBSA36-CX600T3S6,"6""",600,SA-36,"3""",266,268,2,293,295,2
PBSA516-70-CX600T3S6,"6""",600,SA-516-70,"3""",303,307,4,334,338,4
PB304L-CX600T3S6,"6""",600,304L,"3""",811,819,8,893,901,8
PB316L-CX600T3S6,"6""",600,316L,"3""",1011,1021,10,1113,1124,11
PBAL6061-CX600T3S6,"6""",600,AL-6061,"3""",255,259,4,281,285,4
PB304L-CX600T11GAS8,"8""",600,304L,11 Gauge,79,80,1,87,88,1
PBAL6061-CX600T11GAS8,"8""",600,AL-6061,11 Gauge,47,48,1,52,53,1
PB304L-CX600T1/8S8,"8""",600,304L,"1/8""",81,82,1,90,91,1
PB316L-CX600T1/8S8,"8""",600,316L,"1/8""",93,94,1,103,104,1
PB304-CX600T3/16S8,"8""",600,304,"3/16""",99,100,1,109,111,2
PB316L-CX600T3/16S8,"8""",600,316L,"3/16""",123,124,1,136,137,1
PB304-CX600T1/4S8,"8""",600,304,"1/4""",121,122,1,134,135,1
PBSA516-70-CX600T1/4S8,"8""",600,SA-516-70,"1/4""",67,68,1,74,75,1
PB304L-CX600T1/4S8,"8""",600,304L,"1/4""",128,129,1,141,142,1
PB316L-CX600T1/4S8,"8""",600,316L,"1/4""",152,153,1,168,169,1
PBAL6061-CX600T1/4S8,"8""",600,AL-6061,"1/4""",61,62,1,68,69,1
PB304-CX600T5/16S8,"8""",600,304,"5/16""",142,143,1,157,158,1
PBSA36-CX600T5/16S8,"8""",600,SA-36,"5/16""",69,70,1,76,77,1
PBSA516-70-CX600T5/16S8,"8""",600,SA-516-70,"5/16""",75,76,1,83,84,1
PB304L-CX600T5/16S8,"8""",600,304L,"5/16""",151,152,1,167,168,1
PB316L-CX600T5/16S8,"8""",600,316L,"5/16""",181,183,2,200,202,2
PB304-CX600T3/8S8,"8""",600,304,"3/8""",164,165,1,181,182,1
PBSA36-CX600T3/8S8,"8""",600,SA-36,"3/8""",76,77,1,84,85,1
PBSA516-70-CX600T3/8S8,"8""",600,SA-516-70,"3/8""",83,84,1,92,93,1
PB304L-CX600T3/8S8,"8""",600,304L,"3/8""",174,176,2,192,194,2
PB316L-CX600T3/8S8,"8""",600,316L,"3/8""",210,212,2,232,234,2
PBAL6061-CX600T3/8S8,"8""",600,AL-6061,"3/8""",74,75,1,82,83,1
PB304-CX600T1/2S8,"8""",600,304,"1/2""",207,209,2,228,230,2
PBSA36-CX600T1/2S8,"8""",600,SA-36,"1/2""",90,91,1,100,101,1
PBSA516-70-CX600T1/2S8,"8""",600,SA-516-70,"1/2""",99,100,1,109,111,2
PB304L-CX600T1/2S8,"8""",600,304L,"1/2""",221,223,2,244,246,2
PB316L-CX600T1/2S8,"8""",600,316L,"1/2""",269,272,3,296,300,4
PBAL6061-CX600T1/2S8,"8""",600,AL-6061,"1/2""",88,89,1,97,98,1
PB304-CX600T5/8S8,"8""",600,304,"5/8""",250,252,2,275,278,3
PBSA36-CX600T5/8S8,"8""",600,SA-36,"5/8""",104,105,1,115,116,1
PBSA516-70-CX600T5/8S8,"8""",600,SA-516-70,"5/8""",115,116,1,127,128,1
PB304L-CX600T5/8S8,"8""",600,304L,"5/8""",267,270,3,294,297,3
PB316L-CX600T5/8S8,"8""",600,316L,"5/8""",328,331,3,361,365,4
PBAL6061-CX600T5/8S8,"8""",600,AL-6061,"5/8""",101,102,1,112,113,1
PB304-CX600T3/4S8,"8""",600,304,"3/4""",293,295,2,323,325,2
PBSA36-CX600T3/4S8,"8""",600,SA-36,"3/4""",118,119,1,130,131,1
PBSA516-70-CX600T3/4S8,"8""",600,SA-516-70,"3/4""",131,133,2,145,147,2
PB304L-CX600T3/4S8,"8""",600,304L,"3/4""",314,317,3,346,349,3
PB316L-CX600T3/4S8,"8""",600,316L,"3/4""",386,390,4,425,430,5
PBAL6061-CX600T3/4S8,"8""",600,AL-6061,"3/4""",114,116,2,126,128,2
PB304-CX600T7/8S8,"8""",600,304,"7/8""",336,339,3,370,373,3
PBSA36-CX600T7/8S8,"8""",600,SA-36,"7/8""",132,133,1,146,147,1
PBSA516-70-CX600T7/8S8,"8""",600,SA-516-70,"7/8""",148,149,1,163,164,1
PB304L-CX600T7/8S8,"8""",600,304L,"7/8""",361,364,3,398,401,3
PB316L-CX600T7/8S8,"8""",600,316L,"7/8""",445,449,4,490,494,4
PBAL6061-CX600T7/8S8,"8""",600,AL-6061,"7/8""",127,129,2,140,142,2
PB304-CX600T1S8,"8""",600,304,"1""",379,382,3,417,421,4
PBSA36-CX600T1S8,"8""",600,SA-36,"1""",146,147,1,161,162,1
PBSA516-70-CX600T1S8,"8""",600,SA-516-70,"1""",164,165,1,181,182,1
PB304L-CX600T1S8,"8""",600,304L,"1""",407,411,4,448,453,5
PB316L-CX600T1S8,"8""",600,316L,"1""",503,508,5,554,559,5
PBAL6061-CX600T1S8,"8""",600,AL-6061,"1""",140,142,2,154,157,3
PB304-CX600T1-1/8S8,"8""",600,304,"1-1/8""",422,426,4,465,469,4
PBSA36-CX600T1-1/8S8,"8""",600,SA-36,"1-1/8""",160,161,1,176,178,2
PBSA516-70-CX600T1-1/8S8,"8""",600,SA-516-70,"1-1/8""",180,182,2,199,201,2
PB304L-CX600T1-1/8S8,"8""",600,304L,"1-1/8""",454,458,4,500,504,4
PB316L-CX600T1-1/8S8,"8""",600,316L,"1-1/8""",562,567,5,619,624,5
PBAL6061-CX600T1-1/8S8,"8""",600,AL-6061,"1-1/8""",154,156,2,170,172,2
PB304-CX600T1-1/4S8,"8""",600,304,"1-1/4""",465,469,4,512,516,4
PBSA36-CX600T1-1/4S8,"8""",600,SA-36,"1-1/4""",173,175,2,191,193,2
PBSA516-70-CX600T1-1/4S8,"8""",600,SA-516-70,"1-1/4""",196,198,2,216,218,2
PB304L-CX600T1-1/4S8,"8""",600,304L,"1-1/4""",500,505,5,550,556,6
PB316L-CX600T1-1/4S8,"8""",600,316L,"1-1/4""",620,627,7,682,690,8
PBAL6061-CX600T1-1/4S8,"8""",600,AL-6061,"1-1/4""",167,169,2,184,186,2
PB304-CX600T1-3/8S8,"8""",600,304,"1-3/8""",508,512,4,559,564,5
PBSA36-CX600T1-3/8S8,"8""",600,SA-36,"1-3/8""",187,189,2,206,208,2
PBSA516-70-CX600T1-3/8S8,"8""",600,SA-516-70,"1-3/8""",212,214,2,234,236,2
PB304L-CX600T1-3/8S8,"8""",600,304L,"1-3/8""",547,552,5,602,608,6
PB316L-CX600T1-3/8S8,"8""",600,316L,"1-3/8""",679,686,7,747,755,8
PBAL6061-CX600T1-3/8S8,"8""",600,AL-6061,"1-3/8""",180,183,3,199,202,3
PB304-CX600T1-1/2S8,"8""",600,304,"1-1/2""",551,556,5,607,612,5
PBSA36-CX600T1-1/2S8,"8""",600,SA-36,"1-1/2""",201,203,2,222,224,2
PBSA516-70-CX600T1-1/2S8,"8""",600,SA-516-70,"1-1/2""",228,231,3,251,255,4
PB304L-CX600T1-1/2S8,"8""",600,304L,"1-1/2""",593,599,6,653,659,6
PB316L-CX600T1-1/2S8,"8""",600,316L,"1-1/2""",737,745,8,811,820,9
PBAL6061-CX600T1-1/2S8,"8""",600,AL-6061,"1-1/2""",193,196,3,213,216,3
PB304-CX600T1-5/8S8,"8""",600,304,"1-5/8""",594,599,5,654,659,5
PBSA36-CX600T1-5/8S8,"8""",600,SA-36,"1-5/8""",215,217,2,237,239,2
PBSA516-70-CX600T1-5/8S8,"8""",600,SA-516-70,"1-5/8""",244,247,3,269,272,3
PB304L-CX600T1-5/8S8,"8""",600,304L,"1-5/8""",640,646,6,704,711,7
PB316L-CX600T1-5/8S8,"8""",600,316L,"1-5/8""",796,804,8,876,885,9
PBAL6061-CX600T1-5/8S8,"8""",600,AL-6061,"1-5/8""",206,210,4,227,232,5
PB304-CX600T1-3/4S8,"8""",600,304,"1-3/4""",637,643,6,701,708,7
PBSA36-CX600T1-3/4S8,"8""",600,SA-36,"1-3/4""",229,231,2,252,255,3
PBSA516-70-CX600T1-3/4S8,"8""",600,SA-516-70,"1-3/4""",260,263,3,286,290,4
PB304L-CX600T1-3/4S8,"8""",600,304L,"1-3/4""",686,693,7,755,763,8
PB316L-CX600T1-3/4S8,"8""",600,316L,"1-3/4""",854,863,9,940,950,10
PBAL6061-CX600T1-3/4S8,"8""",600,AL-6061,"1-3/4""",219,223,4,241,246,5
PB304-CX600T1-7/8S8,"8""",600,304,"1-7/8""",680,686,6,749,755,6
PBSA36-CX600T1-7/8S8,"8""",600,SA-36,"1-7/8""",243,245,2,268,270,2
PBSA516-70-CX600T1-7/8S8,"8""",600,SA-516-70,"1-7/8""",276,280,4,304,308,4
PB304L-CX600T1-7/8S8,"8""",600,304L,"1-7/8""",733,740,7,807,815,8
PB316L-CX600T1-7/8S8,"8""",600,316L,"1-7/8""",913,922,9,1005,1015,10
PBAL6061-CX600T1-7/8S8,"8""",600,AL-6061,"1-7/8""",233,237,4,257,261,4
PB304-CX600T2S8,"8""",600,304,"2""",723,729,6,796,802,6
PBSA36-CX600T2S8,"8""",600,SA-36,"2""",256,259,3,282,285,3
PBSA516-70-CX600T2S8,"8""",600,SA-516-70,"2""",292,296,4,322,326,4
PB304L-CX600T2S8,"8""",600,304L,"2""",779,787,8,857,866,9
PB316L-CX600T2S8,"8""",600,316L,"2""",971,982,11,1069,1081,12
PBAL6061-CX600T2S8,"8""",600,AL-6061,"2""",246,250,4,271,275,4
PB304-CX600T2-1/4S8,"8""",600,304,"2-1/4""",809,816,7,890,898,8
PBSA36-CX600T2-1/4S8,"8""",600,SA-36,"2-1/4""",284,287,3,313,316,3
PBSA516-70-CX600T2-1/4S8,"8""",600,SA-516-70,"2-1/4""",325,329,4,358,362,4
PB304L-CX600T2-1/4S8,"8""",600,304L,"2-1/4""",872,881,9,960,970,10
PB316L-CX600T2-1/4S8,"8""",600,316L,"2-1/4""",1088,1100,12,1197,1210,13
PBAL6061-CX600T2-1/4S8,"8""",600,AL-6061,"2-1/4""",272,277,5,300,305,5
PB304-CX600T2-1/2S8,"8""",600,304,"2-1/2""",895,903,8,985,994,9
PBSA36-CX600T2-1/2S8,"8""",600,SA-36,"2-1/2""",312,315,3,344,347,3
PBSA516-70-CX600T2-1/2S8,"8""",600,SA-516-70,"2-1/2""",357,361,4,393,398,5
PB304L-CX600T2-1/2S8,"8""",600,304L,"2-1/2""",966,975,9,1063,1073,10
PB316L-CX600T2-1/2S8,"8""",600,316L,"2-1/2""",1206,1218,12,1327,1340,13
PBAL6061-CX600T2-1/2S8,"8""",600,AL-6061,"2-1/2""",299,304,5,329,335,6
PB304-CX600T3S8,"8""",600,304,"3""",1067,1077,10,1174,1185,11
PBSA36-CX600T3S8,"8""",600,SA-36,"3""",367,371,4,404,409,5
PBSA516-70-CX600T3S8,"8""",600,SA-516-70,"3""",421,427,6,464,470,6
PB304L-CX600T3S8,"8""",600,304L,"3""",1152,1163,11,1268,1280,12
PB316L-CX600T3S8,"8""",600,316L,"3""",1440,1455,15,1585,1601,16
PBAL6061-CX600T3S8,"8""",600,AL-6061,"3""",351,358,7,387,394,7
PBSA36-CX600T11GAS10,"10""",600,SA-36,11 Gauge,55,56,1,61,62,1
PB316L-CX600T11GAS10,"10""",600,316L,11 Gauge,122,123,1,135,136,1
PBAL6061-CX600T11GAS10,"10""",600,AL-6061,11 Gauge,54,55,1,60,61,1
PB304-CX600T1/8S10,"10""",600,304,"1/8""",101,102,1,112,113,1
PBSA36-CX600T1/8S10,"10""",600,SA-36,"1/8""",56,57,1,62,63,1
PB304L-CX600T1/8S10,"10""",600,304L,"1/8""",107,108,1,118,119,1
PB316L-CX600T1/8S10,"10""",600,316L,"1/8""",125,126,1,138,139,1
PBAL6061-CX600T1/8S10,"10""",600,AL-6061,"1/8""",55,56,1,61,62,1
PB304-CX600T3/16S10,"10""",600,304,"3/16""",135,136,1,149,150,1
PBSA516-70-CX600T3/16S10,"10""",600,SA-516-70,"3/16""",72,73,1,80,81,1
PB304L-CX600T3/16S10,"10""",600,304L,"3/16""",143,144,1,158,159,1
PB316L-CX600T3/16S10,"10""",600,316L,"3/16""",171,172,1,189,190,1
PBAL6061-CX600T3/16S10,"10""",600,AL-6061,"3/16""",65,66,1,72,73,1
PB304-CX600T1/4S10,"10""",600,304,"1/4""",168,169,1,185,186,1
PB304L-CX600T1/4S10,"10""",600,304L,"1/4""",179,180,1,197,199,2
PB316L-CX600T1/4S10,"10""",600,316L,"1/4""",216,218,2,238,240,2
PB304-CX600T5/16S10,"10""",600,304,"5/16""",201,203,2,222,224,2
PBSA36-CX600T5/16S10,"10""",600,SA-36,"5/16""",88,89,1,97,98,1
PBSA516-70-CX600T5/16S10,"10""",600,SA-516-70,"5/16""",97,98,1,107,108,1
PB304L-CX600T5/16S10,"10""",600,304L,"5/16""",215,217,2,237,239,2
PB316L-CX600T5/16S10,"10""",600,316L,"5/16""",261,264,3,288,291,3
PBAL6061-CX600T5/16S10,"10""",600,AL-6061,"5/16""",86,87,1,95,96,1
PB304-CX600T3/8S10,"10""",600,304,"3/8""",235,236,1,259,260,1
PBSA36-CX600T3/8S10,"10""",600,SA-36,"3/8""",99,100,1,109,111,2
PBSA516-70-CX600T3/8S10,"10""",600,SA-516-70,"3/8""",110,111,1,122,123,1
PB304L-CX600T3/8S10,"10""",600,304L,"3/8""",251,253,2,277,279,2
PB316L-CX600T3/8S10,"10""",600,316L,"3/8""",307,310,3,338,341,3
PBAL6061-CX600T3/8S10,"10""",600,AL-6061,"3/8""",96,97,1,106,107,1
PB304-CX600T1/2S10,"10""",600,304,"1/2""",301,304,3,332,335,3
PBSA36-CX600T1/2S10,"10""",600,SA-36,"1/2""",121,122,1,134,135,1
PBSA516-70-CX600T1/2S10,"10""",600,SA-516-70,"1/2""",134,136,2,148,150,2
PB304L-CX600T1/2S10,"10""",600,304L,"1/2""",323,326,3,356,359,3
PB316L-CX600T1/2S10,"10""",600,316L,"1/2""",397,401,4,437,442,5
PBAL6061-CX600T1/2S10,"10""",600,AL-6061,"1/2""",117,118,1,129,130,1
PB304-CX600T5/8S10,"10""",600,304,"5/8""",368,371,3,405,409,4
PBSA36-CX600T5/8S10,"10""",600,SA-36,"5/8""",142,143,1,157,158,1
PBSA516-70-CX600T5/8S10,"10""",600,SA-516-70,"5/8""",159,161,2,175,178,3
PB304L-CX600T5/8S10,"10""",600,304L,"5/8""",395,399,4,435,439,4
PB316L-CX600T5/8S10,"10""",600,316L,"5/8""",488,493,5,537,543,6
PBAL6061-CX600T5/8S10,"10""",600,AL-6061,"5/8""",137,139,2,151,153,2
PB304-CX600T3/4S10,"10""",600,304,"3/4""",434,438,4,478,482,4
PBSA36-CX600T3/4S10,"10""",600,SA-36,"3/4""",163,165,2,180,182,2
PBSA516-70-CX600T3/4S10,"10""",600,SA-516-70,"3/4""",184,186,2,203,205,2
PB304L-CX600T3/4S10,"10""",600,304L,"3/4""",467,471,4,514,519,5
PB316L-CX600T3/4S10,"10""",600,316L,"3/4""",579,584,5,637,643,6
PBAL6061-CX600T3/4S10,"10""",600,AL-6061,"3/4""",157,160,3,173,176,3
PB304-CX600T7/8S10,"10""",600,304,"7/8""",501,505,4,552,556,4
PBSA36-CX600T7/8S10,"10""",600,SA-36,"7/8""",185,187,2,204,206,2
PBSA516-70-CX600T7/8S10,"10""",600,SA-516-70,"7/8""",209,212,3,230,234,4
PB304L-CX600T7/8S10,"10""",600,304L,"7/8""",539,544,5,593,599,6
PB316L-CX600T7/8S10,"10""",600,316L,"7/8""",669,676,7,736,744,8
PBAL6061-CX600T7/8S10,"10""",600,AL-6061,"7/8""",178,181,3,196,200,4
PB304-CX600T1S10,"10""",600,304,"1""",568,572,4,625,630,5
PBSA36-CX600T1S10,"10""",600,SA-36,"1""",206,208,2,227,229,2
PBSA516-70-CX600T1S10,"10""",600,SA-516-70,"1""",234,237,3,258,261,3
PB304L-CX600T1S10,"10""",600,304L,"1""",611,617,6,673,679,6
PB316L-CX600T1S10,"10""",600,316L,"1""",760,768,8,837,845,8
PBAL6061-CX600T1S10,"10""",600,AL-6061,"1""",198,201,3,218,222,4
PB304-CX600T1-1/8S10,"10""",600,304,"1-1/8""",634,640,6,698,704,6
PBSA36-CX600T1-1/8S10,"10""",600,SA-36,"1-1/8""",228,230,2,251,254,3
PBSA516-70-CX600T1-1/8S10,"10""",600,SA-516-70,"1-1/8""",259,262,3,285,289,4
PB304L-CX600T1-1/8S10,"10""",600,304L,"1-1/8""",683,690,7,752,760,8
PB316L-CX600T1-1/8S10,"10""",600,316L,"1-1/8""",850,859,9,936,945,9
PBAL6061-CX600T1-1/8S10,"10""",600,AL-6061,"1-1/8""",219,222,3,241,245,4
PB304-CX600T1-1/4S10,"10""",600,304,"1-1/4""",701,707,6,772,778,6
PBSA36-CX600T1-1/4S10,"10""",600,SA-36,"1-1/4""",249,252,3,274,278,4
PBSA516-70-CX600T1-1/4S10,"10""",600,SA-516-70,"1-1/4""",284,287,3,313,316,3
PB304L-CX600T1-1/4S10,"10""",600,304L,"1-1/4""",755,762,7,831,839,8
PB316L-CX600T1-1/4S10,"10""",600,316L,"1-1/4""",941,951,10,1036,1047,11
PBAL6061-CX600T1-1/4S10,"10""",600,AL-6061,"1-1/4""",239,243,4,263,268,5
PB304-CX600T1-3/8S10,"10""",600,304,"1-3/8""",767,774,7,844,852,8
PBSA36-CX600T1-3/8S10,"10""",600,SA-36,"1-3/8""",271,273,2,299,301,2
PBSA516-70-CX600T1-3/8S10,"10""",600,SA-516-70,"1-3/8""",309,313,4,340,345,5
PB304L-CX600T1-3/8S10,"10""",600,304L,"1-3/8""",827,835,8,910,919,9
PB316L-CX600T1-3/8S10,"10""",600,316L,"1-3/8""",1032,1042,10,1136,1147,11
PBAL6061-CX600T1-3/8S10,"10""",600,AL-6061,"1-3/8""",259,264,5,285,291,6
PB304-CX600T1-1/2S10,"10""",600,304,"1-1/2""",834,841,7,918,926,8
PBSA36-CX600T1-1/2S10,"10""",600,SA-36,"1-1/2""",292,295,3,322,325,3
PBSA516-70-CX600T1-1/2S10,"10""",600,SA-516-70,"1-1/2""",334,338,4,368,372,4
PB304L-CX600T1-1/2S10,"10""",600,304L,"1-1/2""",899,908,9,989,999,10
PB316L-CX600T1-1/2S10,"10""",600,316L,"1-1/2""",1122,1134,12,1235,1248,13
PBAL6061-CX600T1-1/2S10,"10""",600,AL-6061,"1-1/2""",280,285,5,308,314,6
PB304-CX600T1-5/8S10,"10""",600,304,"1-5/8""",900,908,8,991,999,8
PBSA36-CX600T1-5/8S10,"10""",600,SA-36,"1-5/8""",314,317,3,346,349,3
PBSA516-70-CX600T1-5/8S10,"10""",600,SA-516-70,"1-5/8""",359,363,4,395,400,5
PB304L-CX600T1-5/8S10,"10""",600,304L,"1-5/8""",971,981,10,1069,1080,11
PB316L-CX600T1-5/8S10,"10""",600,316L,"1-5/8""",1213,1226,13,1335,1349,14
PBAL6061-CX600T1-5/8S10,"10""",600,AL-6061,"1-5/8""",300,306,6,330,337,7
PB304-CX600T1-3/4S10,"10""",600,304,"1-3/4""",967,976,9,1064,1074,10
PBSA36-CX600T1-3/4S10,"10""",600,SA-36,"1-3/4""",335,338,3,369,372,3
PBSA516-70-CX600T1-3/4S10,"10""",600,SA-516-70,"1-3/4""",384,389,5,423,428,5
PB304L-CX600T1-3/4S10,"10""",600,304L,"1-3/4""",1043,1054,11,1148,1160,12
PB316L-CX600T1-3/4S10,"10""",600,316L,"1-3/4""",1303,1317,14,1434,1449,15
PBAL6061-CX600T1-3/4S10,"10""",600,AL-6061,"1-3/4""",321,326,5,354,359,5
PB304-CX600T1-7/8S10,"10""",600,304,"1-7/8""",1034,1043,9,1138,1148,10
PBSA36-CX600T1-7/8S10,"10""",600,SA-36,"1-7/8""",356,360,4,392,397,5
PBSA516-70-CX600T1-7/8S10,"10""",600,SA-516-70,"1-7/8""",409,414,5,450,456,6
PB304L-CX600T1-7/8S10,"10""",600,304L,"1-7/8""",1115,1126,11,1227,1239,12
PB316L-CX600T1-7/8S10,"10""",600,316L,"1-7/8""",1394,1409,15,1534,1550,16
PBAL6061-CX600T1-7/8S10,"10""",600,AL-6061,"1-7/8""",341,347,6,376,382,6
PB304-CX600T2S10,"10""",600,304,"2""",1100,1110,10,1210,1221,11
PBSA36-CX600T2S10,"10""",600,SA-36,"2""",378,382,4,416,421,5
PBSA516-70-CX600T2S10,"10""",600,SA-516-70,"2""",434,439,5,478,483,5
PB304L-CX600T2S10,"10""",600,304L,"2""",1187,1199,12,1306,1319,13
PB316L-CX600T2S10,"10""",600,316L,"2""",1485,1500,15,1634,1651,17
PBAL6061-CX600T2S10,"10""",600,AL-6061,"2""",362,368,6,399,405,6
PB304-CX600T2-1/4S10,"10""",600,304,"2-1/4""",1233,1244,11,1357,1369,12
PBSA36-CX600T2-1/4S10,"10""",600,SA-36,"2-1/4""",421,425,4,464,468,4
PBSA516-70-CX600T2-1/4S10,"10""",600,SA-516-70,"2-1/4""",483,490,7,532,539,7
PB304L-CX600T2-1/4S10,"10""",600,304L,"2-1/4""",1331,1345,14,1465,1480,15
PB316L-CX600T2-1/4S10,"10""",600,316L,"2-1/4""",1666,1683,17,1833,1852,19
PBAL6061-CX600T2-1/4S10,"10""",600,AL-6061,"2-1/4""",402,410,8,443,452,9
PB304-CX600T2-1/2S10,"10""",600,304,"2-1/2""",1367,1379,12,1504,1517,13
PBSA36-CX600T2-1/2S10,"10""",600,SA-36,"2-1/2""",464,468,4,511,515,4
PBSA516-70-CX600T2-1/2S10,"10""",600,SA-516-70,"2-1/2""",533,540,7,587,594,7
PB304L-CX600T2-1/2S10,"10""",600,304L,"2-1/2""",1476,1490,14,1624,1640,16
PB316L-CX600T2-1/2S10,"10""",600,316L,"2-1/2""",1847,1867,20,2032,2054,22
PBAL6061-CX600T2-1/2S10,"10""",600,AL-6061,"2-1/2""",443,451,8,488,497,9
PB304-CX600T3S10,"10""",600,304,"3""",1633,1647,14,1797,1812,15
PBSA36-CX600T3S10,"10""",600,SA-36,"3""",549,555,6,604,611,7
PBSA516-70-CX600T3S10,"10""",600,SA-516-70,"3""",633,641,8,697,706,9
PB304L-CX600T3S10,"10""",600,304L,"3""",1764,1781,17,1941,1960,19
PB316L-CX600T3S10,"10""",600,316L,"3""",2209,2233,24,2430,2457,27
PBAL6061-CX600T3S10,"10""",600,AL-6061,"3""",525,535,10,578,589,11
PB304-CX600T11GAS12,"12""",600,304,11 Gauge,120,121,1,132,134,2
PBSA516-70-CX600T11GAS12,"12""",600,SA-516-70,11 Gauge,68,69,1,75,76,1
PB304L-CX600T11GAS12,"12""",600,304L,11 Gauge,127,128,1,140,141,1
PB316L-CX600T11GAS12,"12""",600,316L,11 Gauge,150,151,1,165,167,2
PB304-CX600T1/8S12,"12""",600,304,"1/8""",124,125,1,137,138,1
PBSA36-CX600T1/8S12,"12""",600,SA-36,"1/8""",65,66,1,72,73,1
PB304L-CX600T1/8S12,"12""",600,304L,"1/8""",131,132,1,145,146,1
PB316L-CX600T1/8S12,"12""",600,316L,"1/8""",155,157,2,171,173,2
PB304-CX600T3/16S12,"12""",600,304,"3/16""",167,168,1,184,185,1
PBSA36-CX600T3/16S12,"12""",600,SA-36,"3/16""",79,80,1,87,88,1
PBSA516-70-CX600T3/16S12,"12""",600,SA-516-70,"3/16""",86,87,1,95,96,1
PB304L-CX600T3/16S12,"12""",600,304L,"3/16""",178,179,1,196,197,1
PB316L-CX600T3/16S12,"12""",600,316L,"3/16""",214,216,2,236,238,2
PBAL6061-CX600T3/16S12,"12""",600,AL-6061,"3/16""",77,78,1,85,86,1
PB304-CX600T1/4S12,"12""",600,304,"1/4""",211,212,1,233,234,1
PBSA36-CX600T1/4S12,"12""",600,SA-36,"1/4""",93,94,1,103,104,1
PBSA516-70-CX600T1/4S12,"12""",600,SA-516-70,"1/4""",102,103,1,113,114,1
PB304L-CX600T1/4S12,"12""",600,304L,"1/4""",225,227,2,248,250,2
PB316L-CX600T1/4S12,"12""",600,316L,"1/4""",273,276,3,301,304,3
PBAL6061-CX600T1/4S12,"12""",600,AL-6061,"1/4""",91,92,1,101,102,1
PB304-CX600T5/16S12,"12""",600,304,"5/16""",254,256,2,280,282,2
PBSA36-CX600T5/16S12,"12""",600,SA-36,"5/16""",107,108,1,118,119,1
PBSA516-70-CX600T5/16S12,"12""",600,SA-516-70,"5/16""",118,120,2,130,132,2
PB304L-CX600T5/16S12,"12""",600,304L,"5/16""",272,274,2,300,302,2
PB316L-CX600T5/16S12,"12""",600,316L,"5/16""",332,335,3,366,369,3
PBAL6061-CX600T5/16S12,"12""",600,AL-6061,"5/16""",104,105,1,115,116,1
PB304-CX600T3/8S12,"12""",600,304,"3/8""",297,300,3,327,330,3
PBSA36-CX600T3/8S12,"12""",600,SA-36,"3/8""",121,122,1,134,135,1
PBSA516-70-CX600T3/8S12,"12""",600,SA-516-70,"3/8""",135,136,1,149,150,1
PB304L-CX600T3/8S12,"12""",600,304L,"3/8""",319,321,2,351,354,3
PB316L-CX600T3/8S12,"12""",600,316L,"3/8""",391,395,4,431,435,4
PBAL6061-CX600T3/8S12,"12""",600,AL-6061,"3/8""",117,119,2,129,131,2
PB304-CX600T1/2S12,"12""",600,304,"1/2""",384,387,3,423,426,3
PBSA36-CX600T1/2S12,"12""",600,SA-36,"1/2""",149,150,1,164,165,1
PBSA516-70-CX600T1/2S12,"12""",600,SA-516-70,"1/2""",167,169,2,184,186,2
PB304L-CX600T1/2S12,"12""",600,304L,"1/2""",412,416,4,454,458,4
PB316L-CX600T1/2S12,"12""",600,316L,"1/2""",509,514,5,560,566,6
PBAL6061-CX600T1/2S12,"12""",600,AL-6061,"1/2""",144,146,2,159,161,2
PB304-CX600T5/8S12,"12""",600,304,"5/8""",470,474,4,517,522,5
PBSA36-CX600T5/8S12,"12""",600,SA-36,"5/8""",177,178,1,195,196,1
PBSA516-70-CX600T5/8S12,"12""",600,SA-516-70,"5/8""",199,202,3,219,223,4
PB304L-CX600T5/8S12,"12""",600,304L,"5/8""",506,511,5,557,563,6
PB316L-CX600T5/8S12,"12""",600,316L,"5/8""",627,633,6,690,697,7
PBAL6061-CX600T5/8S12,"12""",600,AL-6061,"5/8""",170,173,3,188,191,3
PB304-CX600T3/4S12,"12""",600,304,"3/4""",557,562,5,613,619,6
PBSA36-CX600T3/4S12,"12""",600,SA-36,"3/4""",205,207,2,226,228,2
PBSA516-70-CX600T3/4S12,"12""",600,SA-516-70,"3/4""",232,235,3,256,259,3
PB304L-CX600T3/4S12,"12""",600,304L,"3/4""",600,605,5,660,666,6
PB316L-CX600T3/4S12,"12""",600,316L,"3/4""",745,752,7,820,828,8
PBAL6061-CX600T3/4S12,"12""",600,AL-6061,"3/4""",197,200,3,217,221,4
PB304-CX600T7/8S12,"12""",600,304,"7/8""",644,649,5,709,714,5
PBSA36-CX600T7/8S12,"12""",600,SA-36,"7/8""",233,235,2,257,259,2
PBSA516-70-CX600T7/8S12,"12""",600,SA-516-70,"7/8""",264,267,3,291,294,3
PB304L-CX600T7/8S12,"12""",600,304L,"7/8""",693,700,7,763,771,8
PB316L-CX600T7/8S12,"12""",600,316L,"7/8""",862,871,9,949,959,10
PBAL6061-CX600T7/8S12,"12""",600,AL-6061,"7/8""",223,227,4,246,250,4
PB304-CX600T1S12,"12""",600,304,"1""",730,737,7,804,811,7
PBSA36-CX600T1S12,"12""",600,SA-36,"1""",260,263,3,286,290,4
PBSA516-70-CX600T1S12,"12""",600,SA-516-70,"1""",297,300,3,327,330,3
PB304L-CX600T1S12,"12""",600,304L,"1""",787,795,8,866,875,9
PB316L-CX600T1S12,"12""",600,316L,"1""",980,990,10,1078,1089,11
PBAL6061-CX600T1S12,"12""",600,AL-6061,"1""",250,254,4,275,280,5
PB304-CX600T1-1/8S12,"12""",600,304,"1-1/8""",817,824,7,899,907,8
PBSA36-CX600T1-1/8S12,"12""",600,SA-36,"1-1/8""",288,291,3,317,321,4
PBSA516-70-CX600T1-1/8S12,"12""",600,SA-516-70,"1-1/8""",329,333,4,362,367,5
PB304L-CX600T1-1/8S12,"12""",600,304L,"1-1/8""",881,889,8,970,978,8
PB316L-CX600T1-1/8S12,"12""",600,316L,"1-1/8""",1098,1110,12,1208,1221,13
PBAL6061-CX600T1-1/8S12,"12""",600,AL-6061,"1-1/8""",276,281,5,304,310,6
PB304-CX600T1-1/4S12,"12""",600,304,"1-1/4""",904,911,7,995,1003,8
PBSA36-CX600T1-1/4S12,"12""",600,SA-36,"1-1/4""",316,319,3,348,351,3
PBSA516-70-CX600T1-1/4S12,"12""",600,SA-516-70,"1-1/4""",361,366,5,398,403,5
PB304L-CX600T1-1/4S12,"12""",600,304L,"1-1/4""",974,984,10,1072,1083,11
PB316L-CX600T1-1/4S12,"12""",600,316L,"1-1/4""",1216,1229,13,1338,1352,14
PBAL6061-CX600T1-1/4S12,"12""",600,AL-6061,"1-1/4""",303,308,5,334,339,5
PB304-CX600T1-3/8S12,"12""",600,304,"1-3/8""",990,999,9,1089,1099,10
PBSA36-CX600T1-3/8S12,"12""",600,SA-36,"1-3/8""",344,347,3,379,382,3
PBSA516-70-CX600T1-3/8S12,"12""",600,SA-516-70,"1-3/8""",394,399,5,434,439,5
PB304L-CX600T1-3/8S12,"12""",600,304L,"1-3/8""",1068,1079,11,1175,1187,12
PB316L-CX600T1-3/8S12,"12""",600,316L,"1-3/8""",1334,1348,14,1468,1483,15
PBAL6061-CX600T1-3/8S12,"12""",600,AL-6061,"1-3/8""",329,335,6,362,369,7
PB304-CX600T1-1/2S12,"12""",600,304,"1-1/2""",1077,1086,9,1185,1195,10
PBSA36-CX600T1-1/2S12,"12""",600,SA-36,"1-1/2""",372,376,4,410,414,4
PBSA516-70-CX600T1-1/2S12,"12""",600,SA-516-70,"1-1/2""",426,432,6,469,476,7
PB304L-CX600T1-1/2S12,"12""",600,304L,"1-1/2""",1162,1173,11,1279,1291,12
PB316L-CX600T1-1/2S12,"12""",600,316L,"1-1/2""",1452,1467,15,1598,1614,16
PBAL6061-CX600T1-1/2S12,"12""",600,AL-6061,"1-1/2""",356,362,6,392,399,7
PB304-CX600T1-5/8S12,"12""",600,304,"1-5/8""",1163,1174,11,1280,1292,12
PBSA36-CX600T1-5/8S12,"12""",600,SA-36,"1-5/8""",400,404,4,441,445,4
PBSA516-70-CX600T1-5/8S12,"12""",600,SA-516-70,"1-5/8""",459,465,6,505,512,7
PB304L-CX600T1-5/8S12,"12""",600,304L,"1-5/8""",1256,1268,12,1382,1395,13
PB316L-CX600T1-5/8S12,"12""",600,316L,"1-5/8""",1570,1586,16,1728,1745,17
PBAL6061-CX600T1-5/8S12,"12""",600,AL-6061,"1-5/8""",383,390,7,422,430,8
PB304-CX600T1-3/4S12,"12""",600,304,"1-3/4""",1250,1261,11,1375,1388,13
PBSA36-CX600T1-3/4S12,"12""",600,SA-36,"1-3/4""",428,432,4,471,476,5
PBSA516-70-CX600T1-3/4S12,"12""",600,SA-516-70,"1-3/4""",491,497,6,541,547,6
PB304L-CX600T1-3/4S12,"12""",600,304L,"1-3/4""",1349,1363,14,1484,1500,16
PB316L-CX600T1-3/4S12,"12""",600,316L,"1-3/4""",1687,1705,18,1856,1876,20
PBAL6061-CX600T1-3/4S12,"12""",600,AL-6061,"1-3/4""",409,417,8,450,459,9
PB304-CX600T1-7/8S12,"12""",600,304,"1-7/8""",1337,1348,11,1471,1483,12
PBSA36-CX600T1-7/8S12,"12""",600,SA-36,"1-7/8""",456,460,4,502,507,5
PBSA516-70-CX600T1-7/8S12,"12""",600,SA-516-70,"1-7/8""",524,530,6,577,583,6
PB304L-CX600T1-7/8S12,"12""",600,304L,"1-7/8""",1443,1457,14,1588,1603,15
PB316L-CX600T1-7/8S12,"12""",600,316L,"1-7/8""",1805,1824,19,1986,2007,21
PBAL6061-CX600T1-7/8S12,"12""",600,AL-6061,"1-7/8""",436,444,8,480,489,9
PB304-CX600T2S12,"12""",600,304,"2""",1423,1436,13,1566,1580,14
PBSA36-CX600T2S12,"12""",600,SA-36,"2""",484,488,4,533,537,4
PBSA516-70-CX600T2S12,"12""",600,SA-516-70,"2""",556,563,7,612,620,8
PB304L-CX600T2S12,"12""",600,304L,"2""",1537,1552,15,1691,1708,17
PB316L-CX600T2S12,"12""",600,316L,"2""",1923,1944,21,2116,2139,23
PBAL6061-CX600T2S12,"12""",600,AL-6061,"2""",462,471,9,509,519,10
PB304-CX600T2-1/4S12,"12""",600,304,"2-1/4""",1596,1611,15,1756,1773,17
PBSA36-CX600T2-1/4S12,"12""",600,SA-36,"2-1/4""",539,545,6,593,600,7
PBSA516-70-CX600T2-1/4S12,"12""",600,SA-516-70,"2-1/4""",621,629,8,684,692,8
PB304L-CX600T2-1/4S12,"12""",600,304L,"2-1/4""",1724,1741,17,1897,1916,19
PB316L-CX600T2-1/4S12,"12""",600,316L,"2-1/4""",2159,2182,23,2375,2401,26
PBAL6061-CX600T2-1/4S12,"12""",600,AL-6061,"2-1/4""",515,525,10,567,578,11
PB304-CX600T2-1/2S12,"12""",600,304,"2-1/2""",1770,1785,15,1948,1964,16
PBSA36-CX600T2-1/2S12,"12""",600,SA-36,"2-1/2""",595,601,6,655,662,7
PBSA516-70-CX600T2-1/2S12,"12""",600,SA-516-70,"2-1/2""",686,695,9,755,765,10
PB304L-CX600T2-1/2S12,"12""",600,304L,"2-1/2""",1911,1930,19,2103,2123,20
PB316L-CX600T2-1/2S12,"12""",600,316L,"2-1/2""",2395,2420,25,2635,2662,27
PBAL6061-CX600T2-1/2S12,"12""",600,AL-6061,"2-1/2""",569,579,10,626,637,11
PB304-CX600T3S12,"12""",600,304,"3""",2116,2135,19,2328,2349,21
PBSA36-CX600T3S12,"12""",600,SA-36,"3""",707,714,7,778,786,8
PBSA516-70-CX600T3S12,"12""",600,SA-516-70,"3""",815,826,11,897,909,12
PB304L-CX600T3S12,"12""",600,304L,"3""",2286,2309,23,2515,2540,25
PB316L-CX600T3S12,"12""",600,316L,"3""",2866,2897,31,3153,3187,34
PBAL6061-CX600T3S12,"12""",600,AL-6061,"3""",675,688,13,743,757,14
PB304-CX600T11GAS14,"14""",600,304,11 Gauge,137,138,1,151,152,1
PB304L-CX600T11GAS14,"14""",600,304L,11 Gauge,145,146,1,160,161,1
PB316L-CX600T11GAS14,"14""",600,316L,11 Gauge,171,173,2,189,191,2
PBAL6061-CX600T11GAS14,"14""",600,AL-6061,11 Gauge,70,71,1,77,79,2
PB304-CX600T1/8S14,"14""",600,304,"1/8""",141,142,1,156,157,1
PBSA516-70-CX600T1/8S14,"14""",600,SA-516-70,"1/8""",78,79,1,86,87,1
PB304L-CX600T1/8S14,"14""",600,304L,"1/8""",149,150,1,164,165,1
PB316L-CX600T1/8S14,"14""",600,316L,"1/8""",177,179,2,195,197,2
PBAL6061-CX600T1/8S14,"14""",600,AL-6061,"1/8""",71,72,1,79,80,1
PB304-CX600T3/16S14,"14""",600,304,"3/16""",191,193,2,211,213,2
PBSA36-CX600T3/16S14,"14""",600,SA-36,"3/16""",89,90,1,98,100,2
PBSA516-70-CX600T3/16S14,"14""",600,SA-516-70,"3/16""",97,98,1,107,108,1
PB304L-CX600T3/16S14,"14""",600,304L,"3/16""",204,205,1,225,226,1
PB316L-CX600T3/16S14,"14""",600,316L,"3/16""",246,248,2,271,273,2
PBAL6061-CX600T3/16S14,"14""",600,AL-6061,"3/16""",87,88,1,96,97,1
PB304-CX600T1/4S14,"14""",600,304,"1/4""",241,243,2,266,268,2
PBSA36-CX600T1/4S14,"14""",600,SA-36,"1/4""",105,106,1,116,117,1
PBSA516-70-CX600T1/4S14,"14""",600,SA-516-70,"1/4""",116,117,1,128,129,1
PB304L-CX600T1/4S14,"14""",600,304L,"1/4""",258,260,2,284,286,2
PB316L-CX600T1/4S14,"14""",600,316L,"1/4""",314,317,3,346,349,3
PBAL6061-CX600T1/4S14,"14""",600,AL-6061,"1/4""",102,103,1,113,114,1
PB304-CX600T5/16S14,"14""",600,304,"5/16""",292,294,2,322,324,2
PBSA36-CX600T5/16S14,"14""",600,SA-36,"5/16""",121,122,1,134,135,1
PBSA516-70-CX600T5/16S14,"14""",600,SA-516-70,"5/16""",135,136,1,149,150,1
PB304L-CX600T5/16S14,"14""",600,304L,"5/16""",312,315,3,344,347,3
PB316L-CX600T5/16S14,"14""",600,316L,"5/16""",382,386,4,421,425,4
PBAL6061-CX600T5/16S14,"14""",600,AL-6061,"5/16""",118,119,1,130,131,1
PB304-CX600T3/8S14,"14""",600,304,"3/8""",342,344,2,377,379,2
PBSA36-CX600T3/8S14,"14""",600,SA-36,"3/8""",138,139,1,152,153,1
PBSA516-70-CX600T3/8S14,"14""",600,SA-516-70,"3/8""",153,155,2,169,171,2
PB304L-CX600T3/8S14,"14""",600,304L,"3/8""",366,370,4,403,408,5
PB316L-CX600T3/8S14,"14""",600,316L,"3/8""",450,455,5,496,501,5
PBAL6061-CX600T3/8S14,"14""",600,AL-6061,"3/8""",133,135,2,147,149,2
PB304-CX600T1/2S14,"14""",600,304,"1/2""",442,446,4,487,491,4
PBSA36-CX600T1/2S14,"14""",600,SA-36,"1/2""",170,171,1,188,189,1
PBSA516-70-CX600T1/2S14,"14""",600,SA-516-70,"1/2""",191,193,2,211,213,2
PB304L-CX600T1/2S14,"14""",600,304L,"1/2""",475,479,4,523,527,4
PB316L-CX600T1/2S14,"14""",600,316L,"1/2""",587,593,6,646,653,7
PBAL6061-CX600T1/2S14,"14""",600,AL-6061,"1/2""",164,166,2,181,183,2
PB304-CX600T5/8S14,"14""",600,304,"5/8""",542,547,5,597,602,5
PBSA36-CX600T5/8S14,"14""",600,SA-36,"5/8""",202,204,2,223,225,2
PBSA516-70-CX600T5/8S14,"14""",600,SA-516-70,"5/8""",228,231,3,251,255,4
PB304L-CX600T5/8S14,"14""",600,304L,"5/8""",583,589,6,642,648,6
PB316L-CX600T5/8S14,"14""",600,316L,"5/8""",723,731,8,796,805,9
PBAL6061-CX600T5/8S14,"14""",600,AL-6061,"5/8""",195,198,3,215,218,3
PB304-CX600T3/4S14,"14""",600,304,"3/4""",643,648,5,708,713,5
PBSA36-CX600T3/4S14,"14""",600,SA-36,"3/4""",235,237,2,259,261,2
PBSA516-70-CX600T3/4S14,"14""",600,SA-516-70,"3/4""",266,269,3,293,296,3
PB304L-CX600T3/4S14,"14""",600,304L,"3/4""",692,698,6,762,768,6
PB316L-CX600T3/4S14,"14""",600,316L,"3/4""",860,869,9,947,956,9
PBAL6061-CX600T3/4S14,"14""",600,AL-6061,"3/4""",225,229,4,248,252,4
PB304-CX600T7/8S14,"14""",600,304,"7/8""",743,749,6,818,824,6
PBSA36-CX600T7/8S14,"14""",600,SA-36,"7/8""",267,269,2,294,296,2
PBSA516-70-CX600T7/8S14,"14""",600,SA-516-70,"7/8""",303,307,4,334,338,4
PB304L-CX600T7/8S14,"14""",600,304L,"7/8""",800,808,8,881,889,8
PB316L-CX600T7/8S14,"14""",600,316L,"7/8""",996,1007,11,1096,1108,12
PBAL6061-CX600T7/8S14,"14""",600,AL-6061,"7/8""",256,260,4,282,286,4
PB304-CX600T1S14,"14""",600,304,"1""",843,851,8,928,937,9
PBSA36-CX600T1S14,"14""",600,SA-36,"1""",299,302,3,329,333,4
PBSA516-70-CX600T1S14,"14""",600,SA-516-70,"1""",341,345,4,376,380,4
PB304L-CX600T1S14,"14""",600,304L,"1""",909,918,9,1000,1010,10
PB316L-CX600T1S14,"14""",600,316L,"1""",1133,1145,12,1247,1260,13
PBAL6061-CX600T1S14,"14""",600,AL-6061,"1""",287,292,5,316,322,6
PB304-CX600T1-1/8S14,"14""",600,304,"1-1/8""",944,952,8,1039,1048,9
PBSA36-CX600T1-1/8S14,"14""",600,SA-36,"1-1/8""",331,335,4,365,369,4
PBSA516-70-CX600T1-1/8S14,"14""",600,SA-516-70,"1-1/8""",379,383,4,417,422,5
PB304L-CX600T1-1/8S14,"14""",600,304L,"1-1/8""",1017,1027,10,1119,1130,11
PB316L-CX600T1-1/8S14,"14""",600,316L,"1-1/8""",1269,1283,14,1396,1412,16
PBAL6061-CX600T1-1/8S14,"14""",600,AL-6061,"1-1/8""",318,323,5,350,356,6
PB304-CX600T1-1/4S14,"14""",600,304,"1-1/4""",1044,1053,9,1149,1159,10
PBSA36-CX600T1-1/4S14,"14""",600,SA-36,"1-1/4""",364,367,3,401,404,3
PBSA516-70-CX600T1-1/4S14,"14""",600,SA-516-70,"1-1/4""",416,421,5,458,464,6
PB304L-CX600T1-1/4S14,"14""",600,304L,"1-1/4""",1126,1137,11,1239,1251,12
PB316L-CX600T1-1/4S14,"14""",600,316L,"1-1/4""",1406,1421,15,1547,1564,17
PBAL6061-CX600T1-1/4S14,"14""",600,AL-6061,"1-1/4""",348,354,6,383,390,7
PB304-CX600T1-3/8S14,"14""",600,304,"1-3/8""",1144,1154,10,1259,1270,11
PBSA36-CX600T1-3/8S14,"14""",600,SA-36,"1-3/8""",396,400,4,436,441,5
PBSA516-70-CX600T1-3/8S14,"14""",600,SA-516-70,"1-3/8""",454,459,5,500,505,5
PB304L-CX600T1-3/8S14,"14""",600,304L,"1-3/8""",1235,1247,12,1359,1372,13
PB316L-CX600T1-3/8S14,"14""",600,316L,"1-3/8""",1542,1559,17,1697,1715,18
PBAL6061-CX600T1-3/8S14,"14""",600,AL-6061,"1-3/8""",379,386,7,417,425,8
PB304-CX600T1-1/2S14,"14""",600,304,"1-1/2""",1245,1256,11,1370,1382,12
PBSA36-CX600T1-1/2S14,"14""",600,SA-36,"1-1/2""",428,433,5,471,477,6
PBSA516-70-CX600T1-1/2S14,"14""",600,SA-516-70,"1-1/2""",491,497,6,541,547,6
PB304L-CX600T1-1/2S14,"14""",600,304L,"1-1/2""",1343,1356,13,1478,1492,14
PB316L-CX600T1-1/2S14,"14""",600,316L,"1-1/2""",1679,1697,18,1847,1867,20
PBAL6061-CX600T1-1/2S14,"14""",600,AL-6061,"1-1/2""",410,417,7,452,459,7
PB304-CX600T1-5/8S14,"14""",600,304,"1-5/8""",1345,1357,12,1480,1493,13
PBSA36-CX600T1-5/8S14,"14""",600,SA-36,"1-5/8""",461,465,4,508,512,4
PBSA516-70-CX600T1-5/8S14,"14""",600,SA-516-70,"1-5/8""",529,536,7,582,590,8
PB304L-CX600T1-5/8S14,"14""",600,304L,"1-5/8""",1452,1466,14,1598,1613,15
PB316L-CX600T1-5/8S14,"14""",600,316L,"1-5/8""",1815,1835,20,1997,2019,22
PBAL6061-CX600T1-5/8S14,"14""",600,AL-6061,"1-5/8""",441,449,8,486,494,8
PB304-CX600T1-3/4S14,"14""",600,304,"1-3/4""",1445,1458,13,1590,1604,14
PBSA36-CX600T1-3/4S14,"14""",600,SA-36,"1-3/4""",493,498,5,543,548,5
PBSA516-70-CX600T1-3/4S14,"14""",600,SA-516-70,"1-3/4""",566,574,8,623,632,9
PB304L-CX600T1-3/4S14,"14""",600,304L,"1-3/4""",1560,1575,15,1717,1733,16
PB316L-CX600T1-3/4S14,"14""",600,316L,"1-3/4""",1952,1973,21,2148,2171,23
PBAL6061-CX600T1-3/4S14,"14""",600,AL-6061,"1-3/4""",471,480,9,519,528,9
PB304-CX600T1-7/8S14,"14""",600,304,"1-7/8""",1546,1559,13,1701,1715,14
PBSA36-CX600T1-7/8S14,"14""",600,SA-36,"1-7/8""",525,530,5,578,583,5
PBSA516-70-CX600T1-7/8S14,"14""",600,SA-516-70,"1-7/8""",604,612,8,665,674,9
PB304L-CX600T1-7/8S14,"14""",600,304L,"1-7/8""",1669,1685,16,1836,1854,18
PB316L-CX600T1-7/8S14,"14""",600,316L,"1-7/8""",2088,2111,23,2297,2323,26
PBAL6061-CX600T1-7/8S14,"14""",600,AL-6061,"1-7/8""",502,511,9,553,563,10
PB304-CX600T2S14,"14""",600,304,"2""",1646,1660,14,1811,1827,16
PBSA36-CX600T2S14,"14""",600,SA-36,"2""",558,563,5,614,620,6
PBSA516-70-CX600T2S14,"14""",600,SA-516-70,"2""",641,650,9,706,716,10
PB304L-CX600T2S14,"14""",600,304L,"2""",1777,1795,18,1955,1975,20
PB316L-CX600T2S14,"14""",600,316L,"2""",2225,2249,24,2448,2474,26
PBAL6061-CX600T2S14,"14""",600,AL-6061,"2""",533,543,10,587,598,11
PB304-CX600T2-1/4S14,"14""",600,304,"2-1/4""",1847,1863,16,2032,2050,18
PBSA36-CX600T2-1/4S14,"14""",600,SA-36,"2-1/4""",622,628,6,685,691,6
PBSA516-70-CX600T2-1/4S14,"14""",600,SA-516-70,"2-1/4""",716,726,10,788,799,11
PB304L-CX600T2-1/4S14,"14""",600,304L,"2-1/4""",1994,2014,20,2194,2216,22
PB316L-CX600T2-1/4S14,"14""",600,316L,"2-1/4""",2498,2525,27,2748,2778,30
PBAL6061-CX600T2-1/4S14,"14""",600,AL-6061,"2-1/4""",594,605,11,654,666,12
PB304-CX600T2-1/2S14,"14""",600,304,"2-1/2""",2047,2065,18,2252,2272,20
PBSA36-CX600T2-1/2S14,"14""",600,SA-36,"2-1/2""",687,694,7,756,764,8
PBSA516-70-CX600T2-1/2S14,"14""",600,SA-516-70,"2-1/2""",791,802,11,871,883,12
PB304L-CX600T2-1/2S14,"14""",600,304L,"2-1/2""",2211,2233,22,2433,2457,24
PB316L-CX600T2-1/2S14,"14""",600,316L,"2-1/2""",2771,2801,30,3049,3082,33
PBAL6061-CX600T2-1/2S14,"14""",600,AL-6061,"2-1/2""",656,668,12,722,735,13
PB304-CX600T3S14,"14""",600,304,"3""",2449,2470,21,2694,2717,23
PBSA36-CX600T3S14,"14""",600,SA-36,"3""",816,824,8,898,907,9
PBSA516-70-CX600T3S14,"14""",600,SA-516-70,"3""",942,954,12,1037,1050,13
PB304L-CX600T3S14,"14""",600,304L,"3""",2646,2672,26,2911,2940,29
PB316L-CX600T3S14,"14""",600,316L,"3""",3317,3352,35,3649,3688,39
PBAL6061-CX600T3S14,"14""",600,AL-6061,"3""",779,794,15,857,874,17
PB304-CX600T11GAS16,"16""",600,304,11 Gauge,171,172,1,189,190,1
PBSA516-70-CX600T11GAS16,"16""",600,SA-516-70,11 Gauge,92,93,1,102,103,1
PB304L-CX600T11GAS16,"16""",600,304L,11 Gauge,182,183,1,201,202,1
PB316L-CX600T11GAS16,"16""",600,316L,11 Gauge,217,219,2,239,241,2
PB304-CX600T1/8S16,"16""",600,304,"1/8""",177,178,1,195,196,1
PBSA36-CX600T1/8S16,"16""",600,SA-36,"1/8""",87,88,1,96,97,1
PBSA516-70-CX600T1/8S16,"16""",600,SA-516-70,"1/8""",94,95,1,104,105,1
PB304L-CX600T1/8S16,"16""",600,304L,"1/8""",188,189,1,207,208,1
PB316L-CX600T1/8S16,"16""",600,316L,"1/8""",225,227,2,248,250,2
PBAL6061-CX600T1/8S16,"16""",600,AL-6061,"1/8""",85,86,1,94,95,1
PB304-CX600T3/16S16,"16""",600,304,"3/16""",243,245,2,268,270,2
PBSA516-70-CX600T3/16S16,"16""",600,SA-516-70,"3/16""",119,120,1,131,132,1
PB304L-CX600T3/16S16,"16""",600,304L,"3/16""",259,261,2,285,288,3
PB316L-CX600T3/16S16,"16""",600,316L,"3/16""",314,317,3,346,349,3
PBAL6061-CX600T3/16S16,"16""",600,AL-6061,"3/16""",106,107,1,117,118,1
PB304-CX600T1/4S16,"16""",600,304,"1/4""",309,311,2,340,343,3
PBSA36-CX600T1/4S16,"16""",600,SA-36,"1/4""",130,131,1,143,145,2
PBSA516-70-CX600T1/4S16,"16""",600,SA-516-70,"1/4""",144,145,1,159,160,1
PB304L-CX600T1/4S16,"16""",600,304L,"1/4""",331,333,2,365,367,2
PB316L-CX600T1/4S16,"16""",600,316L,"1/4""",404,408,4,445,449,4
PBAL6061-CX600T1/4S16,"16""",600,AL-6061,"1/4""",126,128,2,139,141,2
PB304-CX600T5/16S16,"16""",600,304,"5/16""",375,378,3,413,416,3
PBSA36-CX600T5/16S16,"16""",600,SA-36,"5/16""",151,152,1,167,168,1
PBSA516-70-CX600T5/16S16,"16""",600,SA-516-70,"5/16""",168,170,2,185,188,3
PB304L-CX600T5/16S16,"16""",600,304L,"5/16""",402,406,4,443,447,4
PB316L-CX600T5/16S16,"16""",600,316L,"5/16""",494,499,5,544,549,5
PBAL6061-CX600T5/16S16,"16""",600,AL-6061,"5/16""",146,148,2,161,163,2
PB304-CX600T3/8S16,"16""",600,304,"3/8""",441,445,4,486,490,4
PBSA36-CX600T3/8S16,"16""",600,SA-36,"3/8""",172,174,2,190,192,2
PBSA516-70-CX600T3/8S16,"16""",600,SA-516-70,"3/8""",193,195,2,213,215,2
PB304L-CX600T3/8S16,"16""",600,304L,"3/8""",473,478,5,521,526,5
PB316L-CX600T3/8S16,"16""",600,316L,"3/8""",584,590,6,643,649,6
PBAL6061-CX600T3/8S16,"16""",600,AL-6061,"3/8""",166,169,3,183,186,3
PB304-CX600T1/2S16,"16""",600,304,"1/2""",573,578,5,631,636,5
PBSA36-CX600T1/2S16,"16""",600,SA-36,"1/2""",215,217,2,237,239,2
PBSA516-70-CX600T1/2S16,"16""",600,SA-516-70,"1/2""",243,245,2,268,270,2
PB304L-CX600T1/2S16,"16""",600,304L,"1/2""",616,622,6,678,685,7
PB316L-CX600T1/2S16,"16""",600,316L,"1/2""",763,771,8,840,849,9
PBAL6061-CX600T1/2S16,"16""",600,AL-6061,"1/2""",207,210,3,228,232,4
PB304-CX600T5/8S16,"16""",600,304,"5/8""",705,711,6,776,783,7
PBSA36-CX600T5/8S16,"16""",600,SA-36,"5/8""",257,260,3,283,286,3
PBSA516-70-CX600T5/8S16,"16""",600,SA-516-70,"5/8""",292,295,3,322,325,3
PB304L-CX600T5/8S16,"16""",600,304L,"5/8""",759,766,7,835,843,8
PB316L-CX600T5/8S16,"16""",600,316L,"5/8""",943,953,10,1038,1049,11
PBAL6061-CX600T5/8S16,"16""",600,AL-6061,"5/8""",247,251,4,272,277,5
PB304-CX600T3/4S16,"16""",600,304,"3/4""",837,844,7,921,929,8
PBSA36-CX600T3/4S16,"16""",600,SA-36,"3/4""",300,303,3,330,334,4
PBSA516-70-CX600T3/4S16,"16""",600,SA-516-70,"3/4""",341,345,4,376,380,4
PB304L-CX600T3/4S16,"16""",600,304L,"3/4""",902,910,8,993,1002,9
PB316L-CX600T3/4S16,"16""",600,316L,"3/4""",1123,1134,11,1236,1248,12
PBAL6061-CX600T3/4S16,"16""",600,AL-6061,"3/4""",288,293,5,317,323,6
PB304-CX600T7/8S16,"16""",600,304,"7/8""",969,977,8,1066,1075,9
PBSA36-CX600T7/8S16,"16""",600,SA-36,"7/8""",342,346,4,377,381,4
PBSA516-70-CX600T7/8S16,"16""",600,SA-516-70,"7/8""",391,396,5,431,436,5
PB304L-CX600T7/8S16,"16""",600,304L,"7/8""",1045,1055,10,1150,1161,11
PB316L-CX600T7/8S16,"16""",600,316L,"7/8""",1302,1316,14,1433,1448,15
PBAL6061-CX600T7/8S16,"16""",600,AL-6061,"7/8""",328,334,6,361,368,7
PB304-CX600T1S16,"16""",600,304,"1""",1101,1111,10,1212,1223,11
PBSA36-CX600T1S16,"16""",600,SA-36,"1""",385,389,4,424,428,4
PBSA516-70-CX600T1S16,"16""",600,SA-516-70,"1""",440,446,6,485,491,6
PB304L-CX600T1S16,"16""",600,304L,"1""",1187,1199,12,1306,1319,13
PB316L-CX600T1S16,"16""",600,316L,"1""",1482,1498,16,1631,1648,17
PBAL6061-CX600T1S16,"16""",600,AL-6061,"1""",369,375,6,406,413,7
PB304-CX600T1-1/8S16,"16""",600,304,"1-1/8""",1233,1244,11,1357,1369,12
PBSA36-CX600T1-1/8S16,"16""",600,SA-36,"1-1/8""",427,432,5,470,476,6
PBSA516-70-CX600T1-1/8S16,"16""",600,SA-516-70,"1-1/8""",490,496,6,539,546,7
PB304L-CX600T1-1/8S16,"16""",600,304L,"1-1/8""",1330,1343,13,1464,1478,14
PB316L-CX600T1-1/8S16,"16""",600,316L,"1-1/8""",1662,1679,17,1829,1847,18
PBAL6061-CX600T1-1/8S16,"16""",600,AL-6061,"1-1/8""",409,416,7,450,458,8
PB304-CX600T1-1/4S16,"16""",600,304,"1-1/4""",1365,1377,12,1502,1515,13
PBSA36-CX600T1-1/4S16,"16""",600,SA-36,"1-1/4""",470,475,5,517,523,6
PBSA516-70-CX600T1-1/4S16,"16""",600,SA-516-70,"1-1/4""",539,546,7,593,601,8
PB304L-CX600T1-1/4S16,"16""",600,304L,"1-1/4""",1473,1487,14,1621,1636,15
PB316L-CX600T1-1/4S16,"16""",600,316L,"1-1/4""",1841,1861,20,2026,2048,22
PBAL6061-CX600T1-1/4S16,"16""",600,AL-6061,"1-1/4""",450,458,8,496,504,8
PB304-CX600T1-3/8S16,"16""",600,304,"1-3/8""",1497,1510,13,1647,1662,15
PBSA36-CX600T1-3/8S16,"16""",600,SA-36,"1-3/8""",512,518,6,564,570,6
PBSA516-70-CX600T1-3/8S16,"16""",600,SA-516-70,"1-3/8""",588,596,8,647,656,9
PB304L-CX600T1-3/8S16,"16""",600,304L,"1-3/8""",1616,1632,16,1778,1796,18
PB316L-CX600T1-3/8S16,"16""",600,316L,"1-3/8""",2021,2042,21,2224,2247,23
PBAL6061-CX600T1-3/8S16,"16""",600,AL-6061,"1-3/8""",490,499,9,539,549,10
PB304-CX600T1-1/2S16,"16""",600,304,"1-1/2""",1629,1644,15,1792,1809,17
PBSA36-CX600T1-1/2S16,"16""",600,SA-36,"1-1/2""",555,561,6,611,618,7
PBSA516-70-CX600T1-1/2S16,"16""",600,SA-516-70,"1-1/2""",638,646,8,702,711,9
PB304L-CX600T1-1/2S16,"16""",600,304L,"1-1/2""",1759,1776,17,1935,1954,19
PB316L-CX600T1-1/2S16,"16""",600,316L,"1-1/2""",2201,2224,23,2422,2447,25
PBAL6061-CX600T1-1/2S16,"16""",600,AL-6061,"1-1/2""",531,540,9,585,594,9
PB304-CX600T1-5/8S16,"16""",600,304,"1-5/8""",1761,1777,16,1938,1955,17
PBSA36-CX600T1-5/8S16,"16""",600,SA-36,"1-5/8""",597,603,6,657,664,7
PBSA516-70-CX600T1-5/8S16,"16""",600,SA-516-70,"1-5/8""",687,696,9,756,766,10
PB304L-CX600T1-5/8S16,"16""",600,304L,"1-5/8""",1902,1920,18,2093,2112,19
PB316L-CX600T1-5/8S16,"16""",600,316L,"1-5/8""",2380,2406,26,2618,2647,29
PBAL6061-CX600T1-5/8S16,"16""",600,AL-6061,"1-5/8""",571,582,11,629,641,12
PB304-CX600T1-3/4S16,"16""",600,304,"1-3/4""",1893,1910,17,2083,2101,18
PBSA36-CX600T1-3/4S16,"16""",600,SA-36,"1-3/4""",640,646,6,704,711,7
PBSA516-70-CX600T1-3/4S16,"16""",600,SA-516-70,"1-3/4""",737,746,9,811,821,10
PB304L-CX600T1-3/4S16,"16""",600,304L,"1-3/4""",2044,2065,21,2249,2272,23
PB316L-CX600T1-3/4S16,"16""",600,316L,"1-3/4""",2560,2587,27,2816,2846,30
PBAL6061-CX600T1-3/4S16,"16""",600,AL-6061,"1-3/4""",612,623,11,674,686,12
PB304-CX600T1-7/8S16,"16""",600,304,"1-7/8""",2025,2043,18,2228,2248,20
PBSA36-CX600T1-7/8S16,"16""",600,SA-36,"1-7/8""",683,689,6,752,758,6
PBSA516-70-CX600T1-7/8S16,"16""",600,SA-516-70,"1-7/8""",786,796,10,865,876,11
PB304L-CX600T1-7/8S16,"16""",600,304L,"1-7/8""",2187,2209,22,2406,2430,24
PB316L-CX600T1-7/8S16,"16""",600,316L,"1-7/8""",2740,2769,29,3015,3046,31
PBAL6061-CX600T1-7/8S16,"16""",600,AL-6061,"1-7/8""",652,664,12,718,731,13
PB304-CX600T2S16,"16""",600,304,"2""",2157,2176,19,2373,2394,21
PBSA36-CX600T2S16,"16""",600,SA-36,"2""",725,732,7,798,806,8
PBSA516-70-CX600T2S16,"16""",600,SA-516-70,"2""",835,846,11,919,931,12
PB304L-CX600T2S16,"16""",600,304L,"2""",2330,2353,23,2563,2589,26
PB316L-CX600T2S16,"16""",600,316L,"2""",2919,2950,31,3211,3246,35
PBAL6061-CX600T2S16,"16""",600,AL-6061,"2""",693,706,13,763,777,14
PB304-CX600T2-1/4S16,"16""",600,304,"2-1/4""",2421,2443,22,2664,2688,24
PBSA36-CX600T2-1/4S16,"16""",600,SA-36,"2-1/4""",810,818,8,892,900,8
PBSA516-70-CX600T2-1/4S16,"16""",600,SA-516-70,"2-1/4""",934,946,12,1028,1041,13
PB304L-CX600T2-1/4S16,"16""",600,304L,"2-1/4""",2616,2642,26,2878,2907,29
PB316L-CX600T2-1/4S16,"16""",600,316L,"2-1/4""",3278,3313,35,3606,3645,39
PBAL6061-CX600T2-1/4S16,"16""",600,AL-6061,"2-1/4""",774,788,14,852,867,15
PB304-CX600T2-1/2S16,"16""",600,304,"2-1/2""",2685,2709,24,2954,2980,26
PBSA36-CX600T2-1/2S16,"16""",600,SA-36,"2-1/2""",895,904,9,985,995,10
PBSA516-70-CX600T2-1/2S16,"16""",600,SA-516-70,"2-1/2""",1033,1047,14,1137,1152,15
PB304L-CX600T2-1/2S16,"16""",600,304L,"2-1/2""",2901,2930,29,3192,3224,32
PB316L-CX600T2-1/2S16,"16""",600,316L,"2-1/2""",3638,3677,39,4002,4045,43
PBAL6061-CX600T2-1/2S16,"16""",600,AL-6061,"2-1/2""",854,871,17,940,959,19
PB304-CX600T3S16,"16""",600,304,"3""",3213,3242,29,3535,3567,32
PBSA36-CX600T3S16,"16""",600,SA-36,"3""",1065,1076,11,1172,1184,12
PBSA516-70-CX600T3S16,"16""",600,SA-516-70,"3""",1230,1247,17,1353,1372,19
PB304L-CX600T3S16,"16""",600,304L,"3""",3473,3507,34,3821,3858,37
PB316L-CX600T3S16,"16""",600,316L,"3""",4356,4403,47,4792,4844,52
PBAL6061-CX600T3S16,"16""",600,AL-6061,"3""",1016,1036,20,1118,1140,22
PB304-CX600T11GAS18,"18""",600,304,11 Gauge,197,199,2,217,219,2
PB304L-CX600T11GAS18,"18""",600,304L,11 Gauge,210,211,1,232,233,1
PB316L-CX600T11GAS18,"18""",600,316L,11 Gauge,251,253,2,277,279,2
PBAL6061-CX600T11GAS18,"18""",600,AL-6061,11 Gauge,95,96,1,105,106,1
PB304-CX600T1/8S18,"18""",600,304,"1/8""",204,206,2,225,227,2
PBSA36-CX600T1/8S18,"18""",600,SA-36,"1/8""",99,100,1,109,111,2
PBSA516-70-CX600T1/8S18,"18""",600,SA-516-70,"1/8""",107,108,1,118,119,1
PB304L-CX600T1/8S18,"18""",600,304L,"1/8""",217,219,2,239,241,2
PB316L-CX600T1/8S18,"18""",600,316L,"1/8""",260,262,2,286,289,3
PBAL6061-CX600T1/8S18,"18""",600,AL-6061,"1/8""",97,98,1,107,108,1
PB304-CX600T3/16S18,"18""",600,304,"3/16""",282,284,2,311,313,2
PBSA36-CX600T3/16S18,"18""",600,SA-36,"3/16""",124,125,1,137,138,1
PBSA516-70-CX600T3/16S18,"18""",600,SA-516-70,"3/16""",136,137,1,150,151,1
PB304L-CX600T3/16S18,"18""",600,304L,"3/16""",301,303,2,332,334,2
PB316L-CX600T3/16S18,"18""",600,316L,"3/16""",366,369,3,403,406,3
PBAL6061-CX600T3/16S18,"18""",600,AL-6061,"3/16""",120,122,2,132,135,3
PB304-CX600T1/4S18,"18""",600,304,"1/4""",359,362,3,395,399,4
PBSA36-CX600T1/4S18,"18""",600,SA-36,"1/4""",149,150,1,164,165,1
PBSA516-70-CX600T1/4S18,"18""",600,SA-516-70,"1/4""",165,167,2,182,184,2
PB304L-CX600T1/4S18,"18""",600,304L,"1/4""",385,388,3,424,427,3
PB316L-CX600T1/4S18,"18""",600,316L,"1/4""",471,476,5,519,524,5
PBAL6061-CX600T1/4S18,"18""",600,AL-6061,"1/4""",144,146,2,159,161,2
PB304-CX600T5/16S18,"18""",600,304,"5/16""",437,440,3,481,485,4
PBSA36-CX600T5/16S18,"18""",600,SA-36,"5/16""",174,175,1,192,193,1
PBSA516-70-CX600T5/16S18,"18""",600,SA-516-70,"5/16""",194,196,2,214,216,2
PB304L-CX600T5/16S18,"18""",600,304L,"5/16""",469,473,4,516,521,5
PB316L-CX600T5/16S18,"18""",600,316L,"5/16""",577,582,5,635,641,6
PBAL6061-CX600T5/16S18,"18""",600,AL-6061,"5/16""",168,170,2,185,188,3
PB304-CX600T3/8S18,"18""",600,304,"3/8""",514,519,5,566,571,5
PBSA36-CX600T3/8S18,"18""",600,SA-36,"3/8""",199,201,2,219,222,3
PBSA516-70-CX600T3/8S18,"18""",600,SA-516-70,"3/8""",223,226,3,246,249,3
PB304L-CX600T3/8S18,"18""",600,304L,"3/8""",552,558,6,608,614,6
PB316L-CX600T3/8S18,"18""",600,316L,"3/8""",682,689,7,751,758,7
PBAL6061-CX600T3/8S18,"18""",600,AL-6061,"3/8""",192,195,3,212,215,3
PB304-CX600T1/2S18,"18""",600,304,"1/2""",670,675,5,738,743,5
PBSA36-CX600T1/2S18,"18""",600,SA-36,"1/2""",249,251,2,274,277,3
PBSA516-70-CX600T1/2S18,"18""",600,SA-516-70,"1/2""",281,284,3,310,313,3
PB304L-CX600T1/2S18,"18""",600,304L,"1/2""",720,727,7,793,800,7
PB316L-CX600T1/2S18,"18""",600,316L,"1/2""",893,902,9,983,993,10
PBAL6061-CX600T1/2S18,"18""",600,AL-6061,"1/2""",239,243,4,263,268,5
PB304-CX600T5/8S18,"18""",600,304,"5/8""",825,832,7,908,916,8
PBSA36-CX600T5/8S18,"18""",600,SA-36,"5/8""",299,301,2,329,332,3
PBSA516-70-CX600T5/8S18,"18""",600,SA-516-70,"5/8""",339,343,4,373,378,5
PB304L-CX600T5/8S18,"18""",600,304L,"5/8""",888,897,9,977,987,10
PB316L-CX600T5/8S18,"18""",600,316L,"5/8""",1104,1116,12,1215,1228,13
PBAL6061-CX600T5/8S18,"18""",600,AL-6061,"5/8""",287,292,5,316,322,6
PB304-CX600T3/4S18,"18""",600,304,"3/4""",980,988,8,1078,1087,9
PBSA36-CX600T3/4S18,"18""",600,SA-36,"3/4""",349,352,3,384,388,4
PBSA516-70-CX600T3/4S18,"18""",600,SA-516-70,"3/4""",397,402,5,437,443,6
PB304L-CX600T3/4S18,"18""",600,304L,"3/4""",1056,1066,10,1162,1173,11
PB316L-CX600T3/4S18,"18""",600,316L,"3/4""",1315,1329,14,1447,1462,15
PBAL6061-CX600T3/4S18,"18""",600,AL-6061,"3/4""",334,340,6,368,375,7
PB304-CX600T7/8S18,"18""",600,304,"7/8""",1135,1145,10,1249,1260,11
PBSA36-CX600T7/8S18,"18""",600,SA-36,"7/8""",399,402,3,439,443,4
PBSA516-70-CX600T7/8S18,"18""",600,SA-516-70,"7/8""",455,461,6,501,508,7
PB304L-CX600T7/8S18,"18""",600,304L,"7/8""",1224,1235,11,1347,1359,12
PB316L-CX600T7/8S18,"18""",600,316L,"7/8""",1527,1542,15,1680,1697,17
PBAL6061-CX600T7/8S18,"18""",600,AL-6061,"7/8""",382,389,7,421,428,7
PB304-CX600T1S18,"18""",600,304,"1""",1290,1301,11,1420,1432,12
PBSA36-CX600T1S18,"18""",600,SA-36,"1""",449,453,4,494,499,5
PBSA516-70-CX600T1S18,"18""",600,SA-516-70,"1""",513,520,7,565,572,7
PB304L-CX600T1S18,"18""",600,304L,"1""",1391,1405,14,1531,1546,15
PB316L-CX600T1S18,"18""",600,316L,"1""",1738,1756,18,1912,1932,20
PBAL6061-CX600T1S18,"18""",600,AL-6061,"1""",430,437,7,474,481,7
PB304-CX600T1-1/8S18,"18""",600,304,"1-1/8""",1445,1458,13,1590,1604,14
PBSA36-CX600T1-1/8S18,"18""",600,SA-36,"1-1/8""",499,503,4,549,554,5
PBSA516-70-CX600T1-1/8S18,"18""",600,SA-516-70,"1-1/8""",571,579,8,629,637,8
PB304L-CX600T1-1/8S18,"18""",600,304L,"1-1/8""",1559,1575,16,1715,1733,18
PB316L-CX600T1-1/8S18,"18""",600,316L,"1-1/8""",1949,1969,20,2144,2166,22
PBAL6061-CX600T1-1/8S18,"18""",600,AL-6061,"1-1/8""",477,486,9,525,535,10
PB304-CX600T1-1/4S18,"18""",600,304,"1-1/4""",1600,1614,14,1761,1776,15
PBSA36-CX600T1-1/4S18,"18""",600,SA-36,"1-1/4""",549,554,5,604,610,6
PBSA516-70-CX600T1-1/4S18,"18""",600,SA-516-70,"1-1/4""",629,638,9,692,702,10
PB304L-CX600T1-1/4S18,"18""",600,304L,"1-1/4""",1727,1744,17,1900,1919,19
PB316L-CX600T1-1/4S18,"18""",600,316L,"1-1/4""",2160,2182,22,2376,2401,25
PBAL6061-CX600T1-1/4S18,"18""",600,AL-6061,"1-1/4""",525,534,9,578,588,10
PB304-CX600T1-3/8S18,"18""",600,304,"1-3/8""",1755,1771,16,1931,1949,18
PBSA36-CX600T1-3/8S18,"18""",600,SA-36,"1-3/8""",598,604,6,658,665,7
PBSA516-70-CX600T1-3/8S18,"18""",600,SA-516-70,"1-3/8""",688,696,8,757,766,9
PB304L-CX600T1-3/8S18,"18""",600,304L,"1-3/8""",1895,1913,18,2085,2105,20
PB316L-CX600T1-3/8S18,"18""",600,316L,"1-3/8""",2371,2396,25,2609,2636,27
PBAL6061-CX600T1-3/8S18,"18""",600,AL-6061,"1-3/8""",572,583,11,630,642,12
PB304-CX600T1-1/2S18,"18""",600,304,"1-1/2""",1910,1927,17,2101,2120,19
PBSA36-CX600T1-1/2S18,"18""",600,SA-36,"1-1/2""",648,655,7,713,721,8
PBSA516-70-CX600T1-1/2S18,"18""",600,SA-516-70,"1-1/2""",746,755,9,821,831,10
PB304L-CX600T1-1/2S18,"18""",600,304L,"1-1/2""",2063,2083,20,2270,2292,22
PB316L-CX600T1-1/2S18,"18""",600,316L,"1-1/2""",2582,2609,27,2841,2870,29
PBAL6061-CX600T1-1/2S18,"18""",600,AL-6061,"1-1/2""",620,631,11,682,695,13
PB304-CX600T1-5/8S18,"18""",600,304,"1-5/8""",2065,2084,19,2272,2293,21
PBSA36-CX600T1-5/8S18,"18""",600,SA-36,"1-5/8""",698,705,7,768,776,8
PBSA516-70-CX600T1-5/8S18,"18""",600,SA-516-70,"1-5/8""",804,814,10,885,896,11
PB304L-CX600T1-5/8S18,"18""",600,304L,"1-5/8""",2230,2252,22,2453,2478,25
PB316L-CX600T1-5/8S18,"18""",600,316L,"1-5/8""",2793,2823,30,3073,3106,33
PBAL6061-CX600T1-5/8S18,"18""",600,AL-6061,"1-5/8""",667,680,13,734,749,15
PB304-CX600T1-3/4S18,"18""",600,304,"1-3/4""",2221,2240,19,2444,2464,20
PBSA36-CX600T1-3/4S18,"18""",600,SA-36,"1-3/4""",748,756,8,823,832,9
PBSA516-70-CX600T1-3/4S18,"18""",600,SA-516-70,"1-3/4""",862,873,11,949,961,12
PB304L-CX600T1-3/4S18,"18""",600,304L,"1-3/4""",2398,2422,24,2638,2665,27
PB316L-CX600T1-3/4S18,"18""",600,316L,"1-3/4""",3004,3036,32,3305,3340,35
PBAL6061-CX600T1-3/4S18,"18""",600,AL-6061,"1-3/4""",715,728,13,787,801,14
PB304-CX600T1-7/8S18,"18""",600,304,"1-7/8""",2376,2397,21,2614,2637,23
PBSA36-CX600T1-7/8S18,"18""",600,SA-36,"1-7/8""",798,806,8,878,887,9
PBSA516-70-CX600T1-7/8S18,"18""",600,SA-516-70,"1-7/8""",920,932,12,1013,1026,13
PB304L-CX600T1-7/8S18,"18""",600,304L,"1-7/8""",2566,2591,25,2823,2851,28
PB316L-CX600T1-7/8S18,"18""",600,316L,"1-7/8""",3215,3249,34,3537,3574,37
PBAL6061-CX600T1-7/8S18,"18""",600,AL-6061,"1-7/8""",762,777,15,839,855,16
PB304-CX600T2S18,"18""",600,304,"2""",2531,2553,22,2785,2809,24
PBSA36-CX600T2S18,"18""",600,SA-36,"2""",848,857,9,933,943,10
PBSA516-70-CX600T2S18,"18""",600,SA-516-70,"2""",978,991,13,1076,1091,15
PB304L-CX600T2S18,"18""",600,304L,"2""",2734,2761,27,3008,3038,30
PB316L-CX600T2S18,"18""",600,316L,"2""",3426,3463,37,3769,3810,41
PBAL6061-CX600T2S18,"18""",600,AL-6061,"2""",810,825,15,892,908,16
PB304-CX600T2-1/4S18,"18""",600,304,"2-1/4""",2841,2866,25,3126,3153,27
PBSA36-CX600T2-1/4S18,"18""",600,SA-36,"2-1/4""",948,958,10,1043,1054,11
PBSA516-70-CX600T2-1/4S18,"18""",600,SA-516-70,"2-1/4""",1094,1108,14,1204,1219,15
PB304L-CX600T2-1/4S18,"18""",600,304L,"2-1/4""",3069,3100,31,3376,3411,35
PB316L-CX600T2-1/4S18,"18""",600,316L,"2-1/4""",3848,3889,41,4233,4278,45
PBAL6061-CX600T2-1/4S18,"18""",600,AL-6061,"2-1/4""",905,922,17,996,1015,19
PB304-CX600T2-1/2S18,"18""",600,304,"2-1/2""",3151,3179,28,3467,3497,30
PBSA36-CX600T2-1/2S18,"18""",600,SA-36,"2-1/2""",1048,1059,11,1153,1165,12
PBSA516-70-CX600T2-1/2S18,"18""",600,SA-516-70,"2-1/2""",1210,1226,16,1331,1349,18
PB304L-CX600T2-1/2S18,"18""",600,304L,"2-1/2""",3405,3439,34,3746,3783,37
PB316L-CX600T2-1/2S18,"18""",600,316L,"2-1/2""",4270,4316,46,4697,4748,51
PBAL6061-CX600T2-1/2S18,"18""",600,AL-6061,"2-1/2""",1000,1019,19,1100,1121,21
PB304-CX600T3S18,"18""",600,304,"3""",3772,3805,33,4150,4186,36
PBSA36-CX600T3S18,"18""",600,SA-36,"3""",1248,1261,13,1373,1388,15
PBSA516-70-CX600T3S18,"18""",600,SA-516-70,"3""",1442,1461,19,1587,1608,21
PB304L-CX600T3S18,"18""",600,304L,"3""",4076,4117,41,4484,4529,45
PB316L-CX600T3S18,"18""",600,316L,"3""",5114,5169,55,5626,5686,60
PBAL6061-CX600T3S18,"18""",600,AL-6061,"3""",1190,1213,23,1309,1335,26
PB304-CX600T11GAS20,"20""",600,304,11 Gauge,236,238,2,260,262,2
PBSA516-70-CX600T11GAS20,"20""",600,SA-516-70,11 Gauge,121,122,1,134,135,1
PB304L-CX600T11GAS20,"20""",600,304L,11 Gauge,251,253,2,277,279,2
PB316L-CX600T11GAS20,"20""",600,316L,11 Gauge,302,305,3,333,336,3
PBAL6061-CX600T11GAS20,"20""",600,AL-6061,11 Gauge,109,110,1,120,122,2
PB304-CX600T1/8S20,"20""",600,304,"1/8""",244,246,2,269,271,2
PBSA36-CX600T1/8S20,"20""",600,SA-36,"1/8""",114,115,1,126,127,1
PBSA516-70-CX600T1/8S20,"20""",600,SA-516-70,"1/8""",124,125,1,137,138,1
PB304L-CX600T1/8S20,"20""",600,304L,"1/8""",260,262,2,286,289,3
PB316L-CX600T1/8S20,"20""",600,316L,"1/8""",314,317,3,346,349,3
PBAL6061-CX600T1/8S20,"20""",600,AL-6061,"1/8""",111,112,1,123,124,1
PB304-CX600T3/16S20,"20""",600,304,"3/16""",340,343,3,375,378,3
PBSA36-CX600T3/16S20,"20""",600,SA-36,"3/16""",145,146,1,160,161,1
PBSA516-70-CX600T3/16S20,"20""",600,SA-516-70,"3/16""",160,162,2,176,179,3
PB304L-CX600T3/16S20,"20""",600,304L,"3/16""",364,367,3,401,404,3
PB316L-CX600T3/16S20,"20""",600,316L,"3/16""",444,449,5,489,494,5
PBAL6061-CX600T3/16S20,"20""",600,AL-6061,"3/16""",141,142,1,156,157,1
PB304-CX600T1/4S20,"20""",600,304,"1/4""",436,440,4,480,485,5
PBSA36-CX600T1/4S20,"20""",600,SA-36,"1/4""",176,177,1,194,195,1
PBSA516-70-CX600T1/4S20,"20""",600,SA-516-70,"1/4""",196,198,2,216,218,2
PB304L-CX600T1/4S20,"20""",600,304L,"1/4""",468,472,4,515,520,5
PB316L-CX600T1/4S20,"20""",600,316L,"1/4""",575,581,6,633,640,7
PBAL6061-CX600T1/4S20,"20""",600,AL-6061,"1/4""",170,173,3,188,191,3
PB304-CX600T5/16S20,"20""",600,304,"5/16""",532,537,5,586,591,5
PBSA36-CX600T5/16S20,"20""",600,SA-36,"5/16""",207,209,2,228,230,2
PBSA516-70-CX600T5/16S20,"20""",600,SA-516-70,"5/16""",232,235,3,256,259,3
PB304L-CX600T5/16S20,"20""",600,304L,"5/16""",572,577,5,630,635,5
PB316L-CX600T5/16S20,"20""",600,316L,"5/16""",706,713,7,777,785,8
PBAL6061-CX600T5/16S20,"20""",600,AL-6061,"5/16""",200,203,3,221,224,3
PB304-CX600T3/8S20,"20""",600,304,"3/8""",628,634,6,691,698,7
PBSA36-CX600T3/8S20,"20""",600,SA-36,"3/8""",238,240,2,262,264,2
PBSA516-70-CX600T3/8S20,"20""",600,SA-516-70,"3/8""",268,271,3,295,299,4
PB304L-CX600T3/8S20,"20""",600,304L,"3/8""",675,682,7,743,751,8
PB316L-CX600T3/8S20,"20""",600,316L,"3/8""",836,845,9,920,930,10
PBAL6061-CX600T3/8S20,"20""",600,AL-6061,"3/8""",229,233,4,252,257,5
PB304-CX600T1/2S20,"20""",600,304,"1/2""",820,827,7,903,910,7
PBSA36-CX600T1/2S20,"20""",600,SA-36,"1/2""",300,302,2,330,333,3
PBSA516-70-CX600T1/2S20,"20""",600,SA-516-70,"1/2""",340,344,4,375,379,4
PB304L-CX600T1/2S20,"20""",600,304L,"1/2""",883,892,9,972,982,10
PB316L-CX600T1/2S20,"20""",600,316L,"1/2""",1097,1109,12,1207,1220,13
PBAL6061-CX600T1/2S20,"20""",600,AL-6061,"1/2""",288,293,5,317,323,6
PB304-CX600T5/8S20,"20""",600,304,"5/8""",1012,1021,9,1114,1124,10
PBSA36-CX600T5/8S20,"20""",600,SA-36,"5/8""",362,365,3,399,402,3
PBSA516-70-CX600T5/8S20,"20""",600,SA-516-70,"5/8""",412,417,5,454,459,5
PB304L-CX600T5/8S20,"20""",600,304L,"5/8""",1091,1101,10,1201,1212,11
PB316L-CX600T5/8S20,"20""",600,316L,"5/8""",1359,1373,14,1495,1511,16
PBAL6061-CX600T5/8S20,"20""",600,AL-6061,"5/8""",347,353,6,382,389,7
PB304-CX600T3/4S20,"20""",600,304,"3/4""",1204,1215,11,1325,1337,12
PBSA36-CX600T3/4S20,"20""",600,SA-36,"3/4""",423,427,4,466,470,4
PBSA516-70-CX600T3/4S20,"20""",600,SA-516-70,"3/4""",483,489,6,532,538,6
PB304L-CX600T3/4S20,"20""",600,304L,"3/4""",1299,1311,12,1429,1443,14
PB316L-CX600T3/4S20,"20""",600,316L,"3/4""",1620,1637,17,1783,1801,18
PBAL6061-CX600T3/4S20,"20""",600,AL-6061,"3/4""",406,413,7,447,455,8
PB304-CX600T7/8S20,"20""",600,304,"7/8""",1396,1408,12,1536,1549,13
PBSA36-CX600T7/8S20,"20""",600,SA-36,"7/8""",485,490,5,534,539,5
PBSA516-70-CX600T7/8S20,"20""",600,SA-516-70,"7/8""",555,562,7,611,619,8
PB304L-CX600T7/8S20,"20""",600,304L,"7/8""",1506,1521,15,1657,1674,17
PB316L-CX600T7/8S20,"20""",600,316L,"7/8""",1881,1901,20,2070,2092,22
PBAL6061-CX600T7/8S20,"20""",600,AL-6061,"7/8""",464,473,9,511,521,10
PB304-CX600T1S20,"20""",600,304,"1""",1588,1602,14,1747,1763,16
PBSA36-CX600T1S20,"20""",600,SA-36,"1""",547,552,5,602,608,6
PBSA516-70-CX600T1S20,"20""",600,SA-516-70,"1""",627,635,8,690,699,9
PB304L-CX600T1S20,"20""",600,304L,"1""",1714,1731,17,1886,1905,19
PB316L-CX600T1S20,"20""",600,316L,"1""",2142,2165,23,2357,2382,25
PBAL6061-CX600T1S20,"20""",600,AL-6061,"1""",523,533,10,576,587,11
PB304-CX600T1-1/8S20,"20""",600,304,"1-1/8""",1780,1796,16,1959,1976,17
PBSA36-CX600T1-1/8S20,"20""",600,SA-36,"1-1/8""",609,615,6,670,677,7
PBSA516-70-CX600T1-1/8S20,"20""",600,SA-516-70,"1-1/8""",699,708,9,769,779,10
PB304L-CX600T1-1/8S20,"20""",600,304L,"1-1/8""",1922,1940,18,2115,2134,19
PB316L-CX600T1-1/8S20,"20""",600,316L,"1-1/8""",2404,2429,25,2645,2672,27
PBAL6061-CX600T1-1/8S20,"20""",600,AL-6061,"1-1/8""",582,593,11,641,653,12
PB304-CX600T1-1/4S20,"20""",600,304,"1-1/4""",1972,1990,18,2170,2189,19
PBSA36-CX600T1-1/4S20,"20""",600,SA-36,"1-1/4""",671,677,6,739,745,6
PBSA516-70-CX600T1-1/4S20,"20""",600,SA-516-70,"1-1/4""",771,781,10,849,860,11
PB304L-CX600T1-1/4S20,"20""",600,304L,"1-1/4""",2129,2150,21,2342,2365,23
PB316L-CX600T1-1/4S20,"20""",600,316L,"1-1/4""",2665,2693,28,2932,2963,31
PBAL6061-CX600T1-1/4S20,"20""",600,AL-6061,"1-1/4""",641,653,12,706,719,13
PB304-CX600T1-3/8S20,"20""",600,304,"1-3/8""",2164,2183,19,2381,2402,21
PBSA36-CX600T1-3/8S20,"20""",600,SA-36,"1-3/8""",732,740,8,806,815,9
PBSA516-70-CX600T1-3/8S20,"20""",600,SA-516-70,"1-3/8""",843,854,11,928,940,12
PB304L-CX600T1-3/8S20,"20""",600,304L,"1-3/8""",2337,2360,23,2571,2596,25
PB316L-CX600T1-3/8S20,"20""",600,316L,"1-3/8""",2926,2957,31,3219,3253,34
PBAL6061-CX600T1-3/8S20,"20""",600,AL-6061,"1-3/8""",700,713,13,771,785,14
PB304-CX600T1-1/2S20,"20""",600,304,"1-1/2""",2356,2377,21,2592,2615,23
PBSA36-CX600T1-1/2S20,"20""",600,SA-36,"1-1/2""",794,802,8,874,883,9
PBSA516-70-CX600T1-1/2S20,"20""",600,SA-516-70,"1-1/2""",914,926,12,1006,1019,13
PB304L-CX600T1-1/2S20,"20""",600,304L,"1-1/2""",2545,2570,25,2800,2828,28
PB316L-CX600T1-1/2S20,"20""",600,316L,"1-1/2""",3187,3221,34,3506,3544,38
PBAL6061-CX600T1-1/2S20,"20""",600,AL-6061,"1-1/2""",759,773,14,835,851,16
PB304-CX600T1-5/8S20,"20""",600,304,"1-5/8""",2548,2571,23,2803,2829,26
PBSA36-CX600T1-5/8S20,"20""",600,SA-36,"1-5/8""",856,865,9,942,952,10
PBSA516-70-CX600T1-5/8S20,"20""",600,SA-516-70,"1-5/8""",986,999,13,1085,1099,14
PB304L-CX600T1-5/8S20,"20""",600,304L,"1-5/8""",2752,2779,27,3028,3057,29
PB316L-CX600T1-5/8S20,"20""",600,316L,"1-5/8""",3448,3485,37,3793,3834,41
PBAL6061-CX600T1-5/8S20,"20""",600,AL-6061,"1-5/8""",818,833,15,900,917,17
PB304-CX600T1-3/4S20,"20""",600,304,"1-3/4""",2740,2765,25,3015,3042,27
PBSA36-CX600T1-3/4S20,"20""",600,SA-36,"1-3/4""",918,927,9,1010,1020,10
PBSA516-70-CX600T1-3/4S20,"20""",600,SA-516-70,"1-3/4""",1058,1072,14,1164,1180,16
PB304L-CX600T1-3/4S20,"20""",600,304L,"1-3/4""",2960,2989,29,3257,3288,31
PB316L-CX600T1-3/4S20,"20""",600,316L,"1-3/4""",3710,3749,39,4082,4124,42
PBAL6061-CX600T1-3/4S20,"20""",600,AL-6061,"1-3/4""",877,893,16,965,983,18
PB304-CX600T1-7/8S20,"20""",600,304,"1-7/8""",2932,2958,26,3226,3254,28
PBSA36-CX600T1-7/8S20,"20""",600,SA-36,"1-7/8""",980,990,10,1078,1089,11
PBSA516-70-CX600T1-7/8S20,"20""",600,SA-516-70,"1-7/8""",1130,1145,15,1243,1260,17
PB304L-CX600T1-7/8S20,"20""",600,304L,"1-7/8""",3168,3199,31,3485,3519,34
PB316L-CX600T1-7/8S20,"20""",600,316L,"1-7/8""",3971,4013,42,4369,4415,46
PBAL6061-CX600T1-7/8S20,"20""",600,AL-6061,"1-7/8""",935,953,18,1029,1049,20
PB304-CX600T2S20,"20""",600,304,"2""",3124,3152,28,3437,3468,31
PBSA36-CX600T2S20,"20""",600,SA-36,"2""",1041,1052,11,1146,1158,12
PBSA516-70-CX600T2S20,"20""",600,SA-516-70,"2""",1202,1218,16,1323,1340,17
PB304L-CX600T2S20,"20""",600,304L,"2""",3375,3409,34,3713,3750,37
PB316L-CX600T2S20,"20""",600,316L,"2""",4232,4277,45,4656,4705,49
PBAL6061-CX600T2S20,"20""",600,AL-6061,"2""",994,1013,19,1094,1115,21
PB304-CX600T2-1/4S20,"20""",600,304,"2-1/4""",3508,3539,31,3859,3893,34
PBSA36-CX600T2-1/4S20,"20""",600,SA-36,"2-1/4""",1165,1177,12,1282,1295,13
PBSA516-70-CX600T2-1/4S20,"20""",600,SA-516-70,"2-1/4""",1345,1364,19,1480,1501,21
PB304L-CX600T2-1/4S20,"20""",600,304L,"2-1/4""",3791,3828,37,4171,4211,40
PB316L-CX600T2-1/4S20,"20""",600,316L,"2-1/4""",4755,4805,50,5231,5286,55
PBAL6061-CX600T2-1/4S20,"20""",600,AL-6061,"2-1/4""",1112,1133,21,1224,1247,23
PB304-CX600T2-1/2S20,"20""",600,304,"2-1/2""",3892,3927,35,4282,4320,38
PBSA36-CX600T2-1/2S20,"20""",600,SA-36,"2-1/2""",1289,1302,13,1418,1433,15
PBSA516-70-CX600T2-1/2S20,"20""",600,SA-516-70,"2-1/2""",1489,1509,20,1638,1660,22
PB304L-CX600T2-1/2S20,"20""",600,304L,"2-1/2""",4206,4248,42,4627,4673,46
PB316L-CX600T2-1/2S20,"20""",600,316L,"2-1/2""",5277,5333,56,5805,5867,62
PBAL6061-CX600T2-1/2S20,"20""",600,AL-6061,"2-1/2""",1230,1253,23,1353,1379,26
PB304-CX600T3S20,"20""",600,304,"3""",4660,4702,42,5126,5173,47
PBSA36-CX600T3S20,"20""",600,SA-36,"3""",1536,1552,16,1690,1708,18
PBSA516-70-CX600T3S20,"20""",600,SA-516-70,"3""",1776,1801,25,1954,1982,28
PB304L-CX600T3S20,"20""",600,304L,"3""",5037,5087,50,5541,5596,55
PB316L-CX600T3S20,"20""",600,316L,"3""",6322,6390,68,6955,7030,75
PBAL6061-CX600T3S20,"20""",600,AL-6061,"3""",1465,1493,28,1612,1643,31
PB304-CX600T11GAS24,"24""",600,304,11 Gauge,303,305,2,334,336,2
PBSA36-CX600T11GAS24,"24""",600,SA-36,11 Gauge,136,137,1,150,151,1
PBSA516-70-CX600T11GAS24,"24""",600,SA-516-70,11 Gauge,149,150,1,164,165,1
PB304L-CX600T11GAS24,"24""",600,304L,11 Gauge,323,326,3,356,359,3
PB316L-CX600T11GAS24,"24""",600,316L,11 Gauge,392,395,3,432,435,3
PBAL6061-CX600T11GAS24,"24""",600,AL-6061,11 Gauge,132,134,2,146,148,2
PB304-CX600T1/8S24,"24""",600,304,"1/8""",314,316,2,346,348,2
PBSA36-CX600T1/8S24,"24""",600,SA-36,"1/8""",139,140,1,153,154,1
PBSA516-70-CX600T1/8S24,"24""",600,SA-516-70,"1/8""",153,154,1,169,170,1
PB304L-CX600T1/8S24,"24""",600,304L,"1/8""",335,338,3,369,372,3
PB316L-CX600T1/8S24,"24""",600,316L,"1/8""",407,411,4,448,453,5
PBAL6061-CX600T1/8S24,"24""",600,AL-6061,"1/8""",136,137,1,150,151,1
PB304-CX600T3/16S24,"24""",600,304,"3/16""",442,446,4,487,491,4
PBSA36-CX600T3/16S24,"24""",600,SA-36,"3/16""",181,182,1,200,201,1
PBSA516-70-CX600T3/16S24,"24""",600,SA-516-70,"3/16""",201,203,2,222,224,2
PB304L-CX600T3/16S24,"24""",600,304L,"3/16""",474,478,4,522,526,4
PB316L-CX600T3/16S24,"24""",600,316L,"3/16""",582,587,5,641,646,5
PBAL6061-CX600T3/16S24,"24""",600,AL-6061,"3/16""",175,177,2,193,195,2
PB304-CX600T1/4S24,"24""",600,304,"1/4""",571,576,5,629,634,5
PBSA36-CX600T1/4S24,"24""",600,SA-36,"1/4""",222,224,2,245,247,2
PBSA516-70-CX600T1/4S24,"24""",600,SA-516-70,"1/4""",249,252,3,274,278,4
PB304L-CX600T1/4S24,"24""",600,304L,"1/4""",613,619,6,675,681,6
PB316L-CX600T1/4S24,"24""",600,316L,"1/4""",757,764,7,833,841,8
PBAL6061-CX600T1/4S24,"24""",600,AL-6061,"1/4""",214,218,4,236,240,4
PB304-CX600T5/16S24,"24""",600,304,"5/16""",700,706,6,771,777,6
PBSA36-CX600T5/16S24,"24""",600,SA-36,"5/16""",264,266,2,291,293,2
PBSA516-70-CX600T5/16S24,"24""",600,SA-516-70,"5/16""",297,301,4,327,332,5
PB304L-CX600T5/16S24,"24""",600,304L,"5/16""",752,759,7,828,835,7
PB316L-CX600T5/16S24,"24""",600,316L,"5/16""",932,941,9,1026,1036,10
PBAL6061-CX600T5/16S24,"24""",600,AL-6061,"5/16""",254,258,4,280,284,4
PB304-CX600T3/8S24,"24""",600,304,"3/8""",828,835,7,911,919,8
PBSA36-CX600T3/8S24,"24""",600,SA-36,"3/8""",305,308,3,336,339,3
PBSA516-70-CX600T3/8S24,"24""",600,SA-516-70,"3/8""",345,349,4,380,384,4
PB304L-CX600T3/8S24,"24""",600,304L,"3/8""",891,900,9,981,991,10
PB316L-CX600T3/8S24,"24""",600,316L,"3/8""",1107,1118,11,1218,1230,12
PBAL6061-CX600T3/8S24,"24""",600,AL-6061,"3/8""",293,298,5,323,328,5
PB304-CX600T1/2S24,"24""",600,304,"1/2""",1086,1095,9,1195,1205,10
PBSA36-CX600T1/2S24,"24""",600,SA-36,"1/2""",388,392,4,427,432,5
PBSA516-70-CX600T1/2S24,"24""",600,SA-516-70,"1/2""",442,447,5,487,492,5
PB304L-CX600T1/2S24,"24""",600,304L,"1/2""",1170,1181,11,1287,1300,13
PB316L-CX600T1/2S24,"24""",600,316L,"1/2""",1457,1472,15,1603,1620,17
PBAL6061-CX600T1/2S24,"24""",600,AL-6061,"1/2""",372,378,6,410,416,6
PB304-CX600T5/8S24,"24""",600,304,"5/8""",1343,1354,11,1478,1490,12
PBSA36-CX600T5/8S24,"24""",600,SA-36,"5/8""",471,475,4,519,523,4
PBSA516-70-CX600T5/8S24,"24""",600,SA-516-70,"5/8""",538,545,7,592,600,8
PB304L-CX600T5/8S24,"24""",600,304L,"5/8""",1448,1462,14,1593,1609,16
PB316L-CX600T5/8S24,"24""",600,316L,"5/8""",1807,1826,19,1988,2009,21
PBAL6061-CX600T5/8S24,"24""",600,AL-6061,"5/8""",451,459,8,497,505,8
PB304-CX600T3/4S24,"24""",600,304,"3/4""",1600,1614,14,1761,1776,15
PBSA36-CX600T3/4S24,"24""",600,SA-36,"3/4""",554,559,5,610,615,5
PBSA516-70-CX600T3/4S24,"24""",600,SA-516-70,"3/4""",634,642,8,698,707,9
PB304L-CX600T3/4S24,"24""",600,304L,"3/4""",1726,1743,17,1899,1918,19
PB316L-CX600T3/4S24,"24""",600,316L,"3/4""",2157,2180,23,2373,2398,25
PBAL6061-CX600T3/4S24,"24""",600,AL-6061,"3/4""",530,539,9,583,593,10
PB304-CX600T7/8S24,"24""",600,304,"7/8""",1857,1874,17,2043,2062,19
PBSA36-CX600T7/8S24,"24""",600,SA-36,"7/8""",636,643,7,700,708,8
PBSA516-70-CX600T7/8S24,"24""",600,SA-516-70,"7/8""",730,740,10,804,815,11
PB304L-CX600T7/8S24,"24""",600,304L,"7/8""",2005,2024,19,2206,2227,21
PB316L-CX600T7/8S24,"24""",600,316L,"7/8""",2507,2533,26,2758,2787,29
PBAL6061-CX600T7/8S24,"24""",600,AL-6061,"7/8""",609,620,11,670,682,12
PB304-CX600T1S24,"24""",600,304,"1""",2114,2133,19,2326,2347,21
PBSA36-CX600T1S24,"24""",600,SA-36,"1""",719,726,7,791,799,8
PBSA516-70-CX600T1S24,"24""",600,SA-516-70,"1""",827,837,10,910,921,11
PB304L-CX600T1S24,"24""",600,304L,"1""",2283,2305,22,2512,2536,24
PB316L-CX600T1S24,"24""",600,316L,"1""",2857,2887,30,3143,3176,33
PBAL6061-CX600T1S24,"24""",600,AL-6061,"1""",688,700,12,757,771,14
PB304-CX600T1-1/8S24,"24""",600,304,"1-1/8""",2372,2393,21,2610,2633,23
PBSA36-CX600T1-1/8S24,"24""",600,SA-36,"1-1/8""",802,810,8,883,892,9
PBSA516-70-CX600T1-1/8S24,"24""",600,SA-516-70,"1-1/8""",923,935,12,1016,1029,13
PB304L-CX600T1-1/8S24,"24""",600,304L,"1-1/8""",2561,2586,25,2818,2845,27
PB316L-CX600T1-1/8S24,"24""",600,316L,"1-1/8""",3207,3241,34,3528,3566,38
PBAL6061-CX600T1-1/8S24,"24""",600,AL-6061,"1-1/8""",766,781,15,843,860,17
PB304-CX600T1-1/4S24,"24""",600,304,"1-1/4""",2629,2652,23,2892,2918,26
PBSA36-CX600T1-1/4S24,"24""",600,SA-36,"1-1/4""",885,894,9,974,984,10
PBSA516-70-CX600T1-1/4S24,"24""",600,SA-516-70,"1-1/4""",1019,1033,14,1121,1137,16
PB304L-CX600T1-1/4S24,"24""",600,304L,"1-1/4""",2839,2868,29,3123,3155,32
PB316L-CX600T1-1/4S24,"24""",600,316L,"1-1/4""",3557,3595,38,3913,3955,42
PBAL6061-CX600T1-1/4S24,"24""",600,AL-6061,"1-1/4""",845,861,16,930,948,18
PB304-CX600T1-3/8S24,"24""",600,304,"1-3/8""",2886,2912,26,3175,3204,29
PBSA36-CX600T1-3/8S24,"24""",600,SA-36,"1-3/8""",968,978,10,1065,1076,11
PBSA516-70-CX600T1-3/8S24,"24""",600,SA-516-70,"1-3/8""",1115,1130,15,1227,1243,16
PB304L-CX600T1-3/8S24,"24""",600,304L,"1-3/8""",3118,3149,31,3430,3464,34
PB316L-CX600T1-3/8S24,"24""",600,316L,"1-3/8""",3907,3949,42,4298,4344,46
PBAL6061-CX600T1-3/8S24,"24""",600,AL-6061,"1-3/8""",924,942,18,1017,1037,20
PB304-CX600T1-1/2S24,"24""",600,304,"1-1/2""",3143,3171,28,3458,3489,31
PBSA36-CX600T1-1/2S24,"24""",600,SA-36,"1-1/2""",1051,1061,10,1157,1168,11
PBSA516-70-CX600T1-1/2S24,"24""",600,SA-516-70,"1-1/2""",1212,1228,16,1334,1351,17
PB304L-CX600T1-1/2S24,"24""",600,304L,"1-1/2""",3396,3430,34,3736,3774,38
PB316L-CX600T1-1/2S24,"24""",600,316L,"1-1/2""",4257,4302,45,4683,4733,50
PBAL6061-CX600T1-1/2S24,"24""",600,AL-6061,"1-1/2""",1003,1022,19,1104,1125,21
PB304-CX600T1-5/8S24,"24""",600,304,"1-5/8""",3401,3431,30,3742,3775,33
PBSA36-CX600T1-5/8S24,"24""",600,SA-36,"1-5/8""",1133,1145,12,1247,1260,13
PBSA516-70-CX600T1-5/8S24,"24""",600,SA-516-70,"1-5/8""",1308,1325,17,1439,1458,19
PB304L-CX600T1-5/8S24,"24""",600,304L,"1-5/8""",3674,3711,37,4042,4083,41
PB316L-CX600T1-5/8S24,"24""",600,316L,"1-5/8""",4607,4656,49,5068,5122,54
PBAL6061-CX600T1-5/8S24,"24""",600,AL-6061,"1-5/8""",1082,1103,21,1191,1214,23
PB304-CX600T1-3/4S24,"24""",600,304,"1-3/4""",3658,3691,33,4024,4061,37
PBSA36-CX600T1-3/4S24,"24""",600,SA-36,"1-3/4""",1216,1229,13,1338,1352,14
PBSA516-70-CX600T1-3/4S24,"24""",600,SA-516-70,"1-3/4""",1404,1423,19,1545,1566,21
PB304L-CX600T1-3/4S24,"24""",600,304L,"1-3/4""",3953,3992,39,4349,4392,43
PB316L-CX600T1-3/4S24,"24""",600,316L,"1-3/4""",4957,5010,53,5453,5511,58
PBAL6061-CX600T1-3/4S24,"24""",600,AL-6061,"1-3/4""",1161,1183,22,1278,1302,24
PB304-CX600T1-7/8S24,"24""",600,304,"1-7/8""",3915,3950,35,4307,4345,38
PBSA36-CX600T1-7/8S24,"24""",600,SA-36,"1-7/8""",1299,1312,13,1429,1444,15
PBSA516-70-CX600T1-7/8S24,"24""",600,SA-516-70,"1-7/8""",1500,1521,21,1651,1674,23
PB304L-CX600T1-7/8S24,"24""",600,304L,"1-7/8""",4231,4273,42,4655,4701,46
PB316L-CX600T1-7/8S24,"24""",600,316L,"1-7/8""",5307,5364,57,5838,5901,63
PBAL6061-CX600T1-7/8S24,"24""",600,AL-6061,"1-7/8""",1240,1263,23,1364,1390,26
PB304-CX600T2S24,"24""",600,304,"2""",4172,4210,38,4590,4631,41
PBSA36-CX600T2S24,"24""",600,SA-36,"2""",1382,1396,14,1521,1536,15
PBSA516-70-CX600T2S24,"24""",600,SA-516-70,"2""",1597,1618,21,1757,1780,23
PB304L-CX600T2S24,"24""",600,304L,"2""",4509,4554,45,4960,5010,50
PB316L-CX600T2S24,"24""",600,316L,"2""",5657,5718,61,6223,6290,67
PBAL6061-CX600T2S24,"24""",600,AL-6061,"2""",1319,1344,25,1451,1479,28
PB304-CX600T2-1/4S24,"24""",600,304,"2-1/4""",4687,4729,42,5156,5202,46
PBSA36-CX600T2-1/4S24,"24""",600,SA-36,"2-1/4""",1547,1564,17,1702,1721,19
PBSA516-70-CX600T2-1/4S24,"24""",600,SA-516-70,"2-1/4""",1789,1813,24,1968,1995,27
PB304L-CX600T2-1/4S24,"24""",600,304L,"2-1/4""",5066,5116,50,5573,5628,55
PB316L-CX600T2-1/4S24,"24""",600,316L,"2-1/4""",6357,6425,68,6993,7068,75
PBAL6061-CX600T2-1/4S24,"24""",600,AL-6061,"2-1/4""",1476,1505,29,1624,1656,32
PB304-CX600T2-1/2S24,"24""",600,304,"2-1/2""",5201,5248,47,5722,5773,51
PBSA36-CX600T2-1/2S24,"24""",600,SA-36,"2-1/2""",1713,1731,18,1885,1905,20
PBSA516-70-CX600T2-1/2S24,"24""",600,SA-516-70,"2-1/2""",1982,2009,27,2181,2210,29
PB304L-CX600T2-1/2S24,"24""",600,304L,"2-1/2""",5622,5678,56,6185,6246,61
PB316L-CX600T2-1/2S24,"24""",600,316L,"2-1/2""",7057,7133,76,7763,7847,84
PBAL6061-CX600T2-1/2S24,"24""",600,AL-6061,"2-1/2""",1634,1666,32,1798,1833,35
PB304-CX600T3S24,"24""",600,304,"3""",6230,6286,56,6854,6915,61
PBSA36-CX600T3S24,"24""",600,SA-36,"3""",2044,2066,22,2249,2273,24
PBSA516-70-CX600T3S24,"24""",600,SA-516-70,"3""",2367,2399,32,2604,2639,35
PB304L-CX600T3S24,"24""",600,304L,"3""",6735,6803,68,7409,7484,75
PB316L-CX600T3S24,"24""",600,316L,"3""",8457,8548,91,9303,9403,100
PBAL6061-CX600T3S24,"24""",600,AL-6061,"3""",1950,1987,37,2145,2186,41
PB316L-CX900T5/8S1/2,"1/2""",900,316L,"5/8""",50,51,1,56,57,1
PB316L-CX900T3/4S1/2,"1/2""",900,316L,"3/4""",53,54,1,59,60,1
PBAL6061-CX900T1S1/2,"1/2""",900,AL-6061,"1""",40,41,1,44,46,2
PBSA36-CX900T1-1/8S1/2,"1/2""",900,SA-36,"1-1/8""",41,42,1,46,47,1
PB304L-CX900T1-1/4S1/2,"1/2""",900,304L,"1-1/4""",59,60,1,65,66,1
PB304L-CX900T1-1/2S1/2,"1/2""",900,304L,"1-1/2""",64,65,1,71,72,1
PB304-CX900T1-5/8S1/2,"1/2""",900,304,"1-5/8""",64,65,1,71,72,1
PB316L-CX900T1-5/8S1/2,"1/2""",900,316L,"1-5/8""",75,76,1,83,84,1
PB304L-CX900T1-3/4S1/2,"1/2""",900,304L,"1-3/4""",69,70,1,76,77,1
PB316L-CX900T1-3/4S1/2,"1/2""",900,316L,"1-3/4""",78,79,1,86,87,1
PB316L-CX900T1-7/8S1/2,"1/2""",900,316L,"1-7/8""",81,82,1,90,91,1
PBAL6061-CX900T1-7/8S1/2,"1/2""",900,AL-6061,"1-7/8""",45,46,1,50,51,1
PB304-CX900T2S1/2,"1/2""",900,304,"2""",71,72,1,79,80,1
PBSA516-70-CX900T2S1/2,"1/2""",900,SA-516-70,"2""",48,49,1,53,54,1
PB304L-CX900T2S1/2,"1/2""",900,304L,"2""",74,75,1,82,83,1
PB304L-CX900T2-1/4S1/2,"1/2""",900,304L,"2-1/4""",79,80,1,87,88,1
PBAL6061-CX900T2-1/4S1/2,"1/2""",900,AL-6061,"2-1/4""",47,48,1,52,53,1
PB304-CX900T2-1/2S1/2,"1/2""",900,304,"2-1/2""",80,81,1,88,90,2
PB304L-CX900T2-1/2S1/2,"1/2""",900,304L,"2-1/2""",84,85,1,93,94,1
PB316L-CX900T2-1/2S1/2,"1/2""",900,316L,"2-1/2""",97,98,1,107,108,1
PBSA36-CX900T3S1/2,"1/2""",900,SA-36,"3""",52,53,1,58,59,1
PBSA516-70-CX900T3S1/2,"1/2""",900,SA-516-70,"3""",55,56,1,61,62,1
PB304L-CX900T3S1/2,"1/2""",900,304L,"3""",94,95,1,104,105,1
PB316L-CX900T3S1/2,"1/2""",900,316L,"3""",109,110,1,120,122,2
PB304-CX900T1/8S3/4,"3/4""",900,304,"1/8""",37,38,1,41,42,1
PB316L-CX900T3/8S3/4,"3/4""",900,316L,"3/8""",45,46,1,50,51,1
PB316L-CX900T5/8S3/4,"3/4""",900,316L,"5/8""",52,53,1,58,59,1
PB304-CX900T3/4S3/4,"3/4""",900,304,"3/4""",50,51,1,56,57,1
PB304L-CX900T7/8S3/4,"3/4""",900,304L,"7/8""",54,55,1,60,61,1
PBAL6061-CX900T7/8S3/4,"3/4""",900,AL-6061,"7/8""",40,41,1,44,46,2
PB304L-CX900T1S3/4,"3/4""",900,304L,"1""",57,58,1,63,64,1
PB316L-CX900T1-1/4S3/4,"3/4""",900,316L,"1-1/4""",70,71,1,77,79,2
PB304-CX900T1-3/8S3/4,"3/4""",900,304,"1-3/8""",63,64,1,70,71,1
PB316L-CX900T1-1/2S3/4,"3/4""",900,316L,"1-1/2""",77,78,1,85,86,1
PBAL6061-CX900T1-1/2S3/4,"3/4""",900,AL-6061,"1-1/2""",44,45,1,49,50,1
PBSA516-70-CX900T1-5/8S3/4,"3/4""",900,SA-516-70,"1-5/8""",47,48,1,52,53,1
PB304L-CX900T1-5/8S3/4,"3/4""",900,304L,"1-5/8""",71,72,1,79,80,1
PB304-CX900T1-3/4S3/4,"3/4""",900,304,"1-3/4""",71,72,1,79,80,1
PBSA516-70-CX900T1-3/4S3/4,"3/4""",900,SA-516-70,"1-3/4""",48,49,1,53,54,1
PB304L-CX900T1-3/4S3/4,"3/4""",900,304L,"1-3/4""",74,75,1,82,83,1
PB316L-CX900T1-3/4S3/4,"3/4""",900,316L,"1-3/4""",84,85,1,93,94,1
PBSA36-CX900T1-7/8S3/4,"3/4""",900,SA-36,"1-7/8""",47,48,1,52,53,1
PBSA516-70-CX900T1-7/8S3/4,"3/4""",900,SA-516-70,"1-7/8""",49,50,1,54,56,2
PB304-CX900T2S3/4,"3/4""",900,304,"2""",76,77,1,84,85,1
PBSA516-70-CX900T2S3/4,"3/4""",900,SA-516-70,"2""",50,51,1,56,57,1
PB316L-CX900T2S3/4,"3/4""",900,316L,"2""",91,92,1,101,102,1
PBSA516-70-CX900T2-1/4S3/4,"3/4""",900,SA-516-70,"2-1/4""",52,53,1,58,59,1
PB304L-CX900T2-1/4S3/4,"3/4""",900,304L,"2-1/4""",85,86,1,94,95,1
PB316L-CX900T2-1/4S3/4,"3/4""",900,316L,"2-1/4""",98,99,1,108,109,1
PBSA516-70-CX900T2-1/2S3/4,"3/4""",900,SA-516-70,"2-1/2""",54,55,1,60,61,1
PB304L-CX900T2-1/2S3/4,"3/4""",900,304L,"2-1/2""",91,92,1,101,102,1
PB304-CX900T3S3/4,"3/4""",900,304,"3""",97,98,1,107,108,1
PB304L-CX900T3S3/4,"3/4""",900,304L,"3""",102,103,1,113,114,1
PB316L-CX900T1/4S1,"1""",900,316L,"1/4""",43,44,1,48,49,1
PB304-CX900T1/2S1,"1""",900,304,"1/2""",47,48,1,52,53,1
PB316L-CX900T5/8S1,"1""",900,316L,"5/8""",56,57,1,62,63,1
PB304L-CX900T3/4S1,"1""",900,304L,"3/4""",55,56,1,61,62,1
PB316L-CX900T1S1,"1""",900,316L,"1""",69,70,1,76,77,1
PB304-CX900T1-1/8S1,"1""",900,304,"1-1/8""",63,64,1,70,71,1
PBSA516-70-CX900T1-1/8S1,"1""",900,SA-516-70,"1-1/8""",45,46,1,50,51,1
PB316L-CX900T1-1/8S1,"1""",900,316L,"1-1/8""",73,74,1,81,82,1
PB304-CX900T1-1/4S1,"1""",900,304,"1-1/4""",66,67,1,73,74,1
PBAL6061-CX900T1-1/4S1,"1""",900,AL-6061,"1-1/4""",44,45,1,49,50,1
PB304L-CX900T1-3/8S1,"1""",900,304L,"1-3/8""",72,73,1,80,81,1
PB316L-CX900T1-3/8S1,"1""",900,316L,"1-3/8""",82,83,1,91,92,1
PBAL6061-CX900T1-3/8S1,"1""",900,AL-6061,"1-3/8""",45,46,1,50,51,1
PB316L-CX900T1-1/2S1,"1""",900,316L,"1-1/2""",86,87,1,95,96,1
PBAL6061-CX900T1-1/2S1,"1""",900,AL-6061,"1-1/2""",46,47,1,51,52,1
PB304L-CX900T1-5/8S1,"1""",900,304L,"1-5/8""",79,80,1,87,88,1
PBAL6061-CX900T1-5/8S1,"1""",900,AL-6061,"1-5/8""",47,48,1,52,53,1
PBSA516-70-CX900T1-3/4S1,"1""",900,SA-516-70,"1-3/4""",51,52,1,57,58,1
PB316L-CX900T1-3/4S1,"1""",900,316L,"1-3/4""",95,96,1,105,106,1
PBAL6061-CX900T1-3/4S1,"1""",900,AL-6061,"1-3/4""",48,49,1,53,54,1
PB304-CX900T1-7/8S1,"1""",900,304,"1-7/8""",82,83,1,91,92,1
PB304L-CX900T1-7/8S1,"1""",900,304L,"1-7/8""",86,87,1,95,96,1
PB316L-CX900T1-7/8S1,"1""",900,316L,"1-7/8""",99,100,1,109,111,2
PBAL6061-CX900T1-7/8S1,"1""",900,AL-6061,"1-7/8""",49,50,1,54,56,2
PB304-CX900T2S1,"1""",900,304,"2""",85,86,1,94,95,1
PB304L-CX900T2S1,"1""",900,304L,"2""",89,90,1,98,100,2
PBAL6061-CX900T2S1,"1""",900,AL-6061,"2""",50,51,1,56,57,1
PB304L-CX900T2-1/4S1,"1""",900,304L,"2-1/4""",96,97,1,106,107,1
PB316L-CX900T2-1/4S1,"1""",900,316L,"2-1/4""",112,113,1,124,125,1
PBAL6061-CX900T2-1/4S1,"1""",900,AL-6061,"2-1/4""",52,53,1,58,59,1
PB304-CX900T2-1/2S1,"1""",900,304,"2-1/2""",98,99,1,108,109,1
PBSA516-70-CX900T2-1/2S1,"1""",900,SA-516-70,"2-1/2""",58,59,1,64,65,1
PB304L-CX900T2-1/2S1,"1""",900,304L,"2-1/2""",103,104,1,114,115,1
PB316L-CX900T2-1/2S1,"1""",900,316L,"2-1/2""",121,122,1,134,135,1
PBAL6061-CX900T2-1/2S1,"1""",900,AL-6061,"2-1/2""",54,55,1,60,61,1
PBSA36-CX900T3S1,"1""",900,SA-36,"3""",59,60,1,65,66,1
PBSA516-70-CX900T3S1,"1""",900,SA-516-70,"3""",63,64,1,70,71,1
PB304L-CX900T3S1,"1""",900,304L,"3""",117,118,1,129,130,1
PB316L-CX900T3S1,"1""",900,316L,"3""",138,139,1,152,153,1
PBAL6061-CX900T3S1,"1""",900,AL-6061,"3""",58,59,1,64,65,1
PB304-CX900T11GAS1-1/4,"1-1/4""",900,304,11 Gauge,38,39,1,42,43,1
PB304-CX900T3/16S1-1/4,"1-1/4""",900,304,"3/16""",40,41,1,44,46,2
PBSA36-CX900T3/8S1-1/4,"1-1/4""",900,SA-36,"3/8""",38,39,1,42,43,1
PBSA516-70-CX900T1/2S1-1/4,"1-1/4""",900,SA-516-70,"1/2""",40,41,1,44,46,2
PBAL6061-CX900T1/2S1-1/4,"1-1/4""",900,AL-6061,"1/2""",39,40,1,43,44,1
PB316L-CX900T5/8S1-1/4,"1-1/4""",900,316L,"5/8""",60,61,1,66,68,2
PB304-CX900T3/4S1-1/4,"1-1/4""",900,304,"3/4""",57,58,1,63,64,1
PB316L-CX900T3/4S1-1/4,"1-1/4""",900,316L,"3/4""",65,66,1,72,73,1
PB304L-CX900T7/8S1-1/4,"1-1/4""",900,304L,"7/8""",63,64,1,70,71,1
PB304L-CX900T1S1-1/4,"1-1/4""",900,304L,"1""",67,68,1,74,75,1
PBSA516-70-CX900T1-1/8S1-1/4,"1-1/4""",900,SA-516-70,"1-1/8""",47,48,1,52,53,1
PB304L-CX900T1-1/8S1-1/4,"1-1/4""",900,304L,"1-1/8""",71,72,1,79,80,1
PB304-CX900T1-1/4S1-1/4,"1-1/4""",900,304,"1-1/4""",72,73,1,80,81,1
PB304L-CX900T1-1/4S1-1/4,"1-1/4""",900,304L,"1-1/4""",75,76,1,83,84,1
PBAL6061-CX900T1-1/4S1-1/4,"1-1/4""",900,AL-6061,"1-1/4""",46,47,1,51,52,1
PB304L-CX900T1-3/8S1-1/4,"1-1/4""",900,304L,"1-3/8""",79,80,1,87,88,1
PBAL6061-CX900T1-3/8S1-1/4,"1-1/4""",900,AL-6061,"1-3/8""",47,48,1,52,53,1
PB316L-CX900T1-1/2S1-1/4,"1-1/4""",900,316L,"1-1/2""",96,97,1,106,107,1
PB316L-CX900T1-5/8S1-1/4,"1-1/4""",900,316L,"1-5/8""",101,102,1,112,113,1
PB304-CX900T1-3/4S1-1/4,"1-1/4""",900,304,"1-3/4""",87,88,1,96,97,1
PBSA516-70-CX900T1-3/4S1-1/4,"1-1/4""",900,SA-516-70,"1-3/4""",54,55,1,60,61,1
PB316L-CX900T1-3/4S1-1/4,"1-1/4""",900,316L,"1-3/4""",106,107,1,117,118,1
PB304-CX900T1-7/8S1-1/4,"1-1/4""",900,304,"1-7/8""",91,92,1,101,102,1
PB316L-CX900T1-7/8S1-1/4,"1-1/4""",900,316L,"1-7/8""",111,112,1,123,124,1
PBSA516-70-CX900T2S1-1/4,"1-1/4""",900,SA-516-70,"2""",57,58,1,63,64,1
PB316L-CX900T2S1-1/4,"1-1/4""",900,316L,"2""",116,117,1,128,129,1
PBAL6061-CX900T2S1-1/4,"1-1/4""",900,AL-6061,"2""",53,54,1,59,60,1
PB304-CX900T2-1/4S1-1/4,"1-1/4""",900,304,"2-1/4""",102,103,1,113,114,1
PB304L-CX900T2-1/4S1-1/4,"1-1/4""",900,304L,"2-1/4""",108,109,1,119,120,1
PB316L-CX900T2-1/4S1-1/4,"1-1/4""",900,316L,"2-1/4""",127,128,1,140,141,1
PBAL6061-CX900T2-1/4S1-1/4,"1-1/4""",900,AL-6061,"2-1/4""",55,56,1,61,62,1
PB304L-CX900T2-1/2S1-1/4,"1-1/4""",900,304L,"2-1/2""",116,117,1,128,129,1
PB316L-CX900T2-1/2S1-1/4,"1-1/4""",900,316L,"2-1/2""",137,138,1,151,152,1
PB304-CX900T3S1-1/4,"1-1/4""",900,304,"3""",125,126,1,138,139,1
PBSA516-70-CX900T3S1-1/4,"1-1/4""",900,SA-516-70,"3""",68,69,1,75,76,1
PB304L-CX900T3S1-1/4,"1-1/4""",900,304L,"3""",132,133,1,146,147,1
PB316L-CX900T3S1-1/4,"1-1/4""",900,316L,"3""",157,158,1,173,174,1
PBAL6061-CX900T3S1-1/4,"1-1/4""",900,AL-6061,"3""",62,63,1,69,70,1
PB304L-CX900T1/4S1-1/2,"1-1/2""",900,304L,"1/4""",44,45,1,49,50,1
PBSA516-70-CX900T1/2S1-1/2,"1-1/2""",900,SA-516-70,"1/2""",41,42,1,46,47,1
PB304-CX900T3/4S1-1/2,"1-1/2""",900,304,"3/4""",61,62,1,68,69,1
PBSA36-CX900T3/4S1-1/2,"1-1/2""",900,SA-36,"3/4""",43,44,1,48,49,1
PB316L-CX900T7/8S1-1/2,"1-1/2""",900,316L,"7/8""",77,78,1,85,86,1
PBAL6061-CX900T7/8S1-1/2,"1-1/2""",900,AL-6061,"7/8""",44,45,1,49,50,1
PB304-CX900T1S1-1/2,"1-1/2""",900,304,"1""",70,71,1,77,79,2
PB304L-CX900T1S1-1/2,"1-1/2""",900,304L,"1""",73,74,1,81,82,1
PB316L-CX900T1S1-1/2,"1-1/2""",900,316L,"1""",83,84,1,92,93,1
PB304L-CX900T1-1/8S1-1/2,"1-1/2""",900,304L,"1-1/8""",78,79,1,86,87,1
PB316L-CX900T1-1/8S1-1/2,"1-1/2""",900,316L,"1-1/8""",89,90,1,98,100,2
PB304-CX900T1-1/4S1-1/2,"1-1/2""",900,304,"1-1/4""",79,80,1,87,88,1
PBSA516-70-CX900T1-1/4S1-1/2,"1-1/2""",900,SA-516-70,"1-1/4""",51,52,1,57,58,1
PB316L-CX900T1-1/4S1-1/2,"1-1/2""",900,316L,"1-1/4""",95,96,1,105,106,1
PBAL6061-CX900T1-1/4S1-1/2,"1-1/2""",900,AL-6061,"1-1/4""",48,49,1,53,54,1
PB316L-CX900T1-3/8S1-1/2,"1-1/2""",900,316L,"1-3/8""",101,102,1,112,113,1
PB304-CX900T1-1/2S1-1/2,"1-1/2""",900,304,"1-1/2""",88,89,1,97,98,1
PB316L-CX900T1-1/2S1-1/2,"1-1/2""",900,316L,"1-1/2""",107,108,1,118,119,1
PBSA36-CX900T1-5/8S1-1/2,"1-1/2""",900,SA-36,"1-5/8""",53,54,1,59,60,1
PBSA516-70-CX900T1-5/8S1-1/2,"1-1/2""",900,SA-516-70,"1-5/8""",56,57,1,62,63,1
PB304L-CX900T1-5/8S1-1/2,"1-1/2""",900,304L,"1-5/8""",97,98,1,107,108,1
PB316L-CX900T1-5/8S1-1/2,"1-1/2""",900,316L,"1-5/8""",113,114,1,125,126,1
PB304-CX900T1-3/4S1-1/2,"1-1/2""",900,304,"1-3/4""",97,98,1,107,108,1
PB304L-CX900T1-3/4S1-1/2,"1-1/2""",900,304L,"1-3/4""",102,103,1,113,114,1
PB304-CX900T1-7/8S1-1/2,"1-1/2""",900,304,"1-7/8""",101,102,1,112,113,1
PBSA36-CX900T1-7/8S1-1/2,"1-1/2""",900,SA-36,"1-7/8""",56,57,1,62,63,1
PB304L-CX900T1-7/8S1-1/2,"1-1/2""",900,304L,"1-7/8""",107,108,1,118,119,1
PB316L-CX900T1-7/8S1-1/2,"1-1/2""",900,316L,"1-7/8""",125,126,1,138,139,1
PBAL6061-CX900T1-7/8S1-1/2,"1-1/2""",900,AL-6061,"1-7/8""",55,56,1,61,62,1
PB304-CX900T2S1-1/2,"1-1/2""",900,304,"2""",106,107,1,117,118,1
PBSA516-70-CX900T2S1-1/2,"1-1/2""",900,SA-516-70,"2""",61,62,1,68,69,1
PB316L-CX900T2S1-1/2,"1-1/2""",900,316L,"2""",132,133,1,146,147,1
PB304L-CX900T2-1/4S1-1/2,"1-1/2""",900,304L,"2-1/4""",121,122,1,134,135,1
PB316L-CX900T2-1/4S1-1/2,"1-1/2""",900,316L,"2-1/4""",144,145,1,159,160,1
PBAL6061-CX900T2-1/4S1-1/2,"1-1/2""",900,AL-6061,"2-1/4""",59,60,1,65,66,1
PB304-CX900T2-1/2S1-1/2,"1-1/2""",900,304,"2-1/2""",124,125,1,137,138,1
PBSA36-CX900T2-1/2S1-1/2,"1-1/2""",900,SA-36,"2-1/2""",63,64,1,70,71,1
PBSA516-70-CX900T2-1/2S1-1/2,"1-1/2""",900,SA-516-70,"2-1/2""",68,69,1,75,76,1
PB304L-CX900T2-1/2S1-1/2,"1-1/2""",900,304L,"2-1/2""",131,132,1,145,146,1
PB316L-CX900T2-1/2S1-1/2,"1-1/2""",900,316L,"2-1/2""",156,157,1,172,173,1
PBAL6061-CX900T2-1/2S1-1/2,"1-1/2""",900,AL-6061,"2-1/2""",62,63,1,69,70,1
PB304-CX900T3S1-1/2,"1-1/2""",900,304,"3""",141,142,1,156,157,1
PBSA36-CX900T3S1-1/2,"1-1/2""",900,SA-36,"3""",69,70,1,76,77,1
PB304L-CX900T3S1-1/2,"1-1/2""",900,304L,"3""",150,151,1,165,167,2
PB316L-CX900T3S1-1/2,"1-1/2""",900,316L,"3""",180,181,1,199,200,1
PB304L-CX900T1/8S2,"2""",900,304L,"1/8""",44,45,1,49,50,1
PBSA516-70-CX900T1/4S2,"2""",900,SA-516-70,"1/4""",41,42,1,46,47,1
PB304-CX900T3/8S2,"2""",900,304,"3/8""",61,62,1,68,69,1
PB304-CX900T1/2S2,"2""",900,304,"1/2""",70,71,1,77,79,2
PBSA516-70-CX900T5/8S2,"2""",900,SA-516-70,"5/8""",51,52,1,57,58,1
PB316L-CX900T5/8S2,"2""",900,316L,"5/8""",95,96,1,105,106,1
PBAL6061-CX900T5/8S2,"2""",900,AL-6061,"5/8""",48,49,1,53,54,1
PB304L-CX900T3/4S2,"2""",900,304L,"3/4""",92,93,1,102,103,1
PB316L-CX900T3/4S2,"2""",900,316L,"3/4""",107,108,1,118,119,1
PB316L-CX900T7/8S2,"2""",900,316L,"7/8""",119,120,1,131,132,1
PBSA516-70-CX900T1S2,"2""",900,SA-516-70,"1""",61,62,1,68,69,1
PB304L-CX900T1S2,"2""",900,304L,"1""",111,112,1,123,124,1
PB316L-CX900T1S2,"2""",900,316L,"1""",131,132,1,145,146,1
PB304-CX900T1-1/8S2,"2""",900,304,"1-1/8""",114,115,1,126,127,1
PBSA36-CX900T1-1/8S2,"2""",900,SA-36,"1-1/8""",60,61,1,66,68,2
PB304L-CX900T1-1/8S2,"2""",900,304L,"1-1/8""",121,122,1,134,135,1
PB316L-CX900T1-1/8S2,"2""",900,316L,"1-1/8""",143,144,1,158,159,1
PBAL6061-CX900T1-1/8S2,"2""",900,AL-6061,"1-1/8""",59,60,1,65,66,1
PB304-CX900T1-1/4S2,"2""",900,304,"1-1/4""",123,124,1,136,137,1
PBSA36-CX900T1-1/4S2,"2""",900,SA-36,"1-1/4""",63,64,1,70,71,1
PB304L-CX900T1-1/4S2,"2""",900,304L,"1-1/4""",130,131,1,143,145,2
PB316L-CX900T1-1/4S2,"2""",900,316L,"1-1/4""",155,156,1,171,172,1
PB304-CX900T1-3/8S2,"2""",900,304,"1-3/8""",132,133,1,146,147,1
PBSA516-70-CX900T1-3/8S2,"2""",900,SA-516-70,"1-3/8""",71,72,1,79,80,1
PB304L-CX900T1-3/8S2,"2""",900,304L,"1-3/8""",140,141,1,154,156,2
PB316L-CX900T1-3/8S2,"2""",900,316L,"1-3/8""",167,168,1,184,185,1
PB304-CX900T1-1/2S2,"2""",900,304,"1-1/2""",141,142,1,156,157,1
PB304L-CX900T1-1/2S2,"2""",900,304L,"1-1/2""",150,151,1,165,167,2
PB316L-CX900T1-1/2S2,"2""",900,316L,"1-1/2""",179,181,2,197,200,3
PBAL6061-CX900T1-1/2S2,"2""",900,AL-6061,"1-1/2""",67,68,1,74,75,1
PB304-CX900T1-5/8S2,"2""",900,304,"1-5/8""",150,151,1,165,167,2
PB304L-CX900T1-5/8S2,"2""",900,304L,"1-5/8""",159,160,1,175,176,1
PB316L-CX900T1-5/8S2,"2""",900,316L,"1-5/8""",191,193,2,211,213,2
PBAL6061-CX900T1-5/8S2,"2""",900,AL-6061,"1-5/8""",70,71,1,77,79,2
PB304-CX900T1-3/4S2,"2""",900,304,"1-3/4""",158,160,2,174,176,2
PBSA516-70-CX900T1-3/4S2,"2""",900,SA-516-70,"1-3/4""",81,82,1,90,91,1
PB304L-CX900T1-3/4S2,"2""",900,304L,"1-3/4""",169,170,1,186,188,2
PB316L-CX900T1-3/4S2,"2""",900,316L,"1-3/4""",203,205,2,224,226,2
PBAL6061-CX900T1-3/4S2,"2""",900,AL-6061,"1-3/4""",73,74,1,81,82,1
PB304-CX900T1-7/8S2,"2""",900,304,"1-7/8""",167,169,2,184,186,2
PBSA516-70-CX900T1-7/8S2,"2""",900,SA-516-70,"1-7/8""",84,85,1,93,94,1
PB304L-CX900T1-7/8S2,"2""",900,304L,"1-7/8""",178,180,2,196,199,3
PB316L-CX900T1-7/8S2,"2""",900,316L,"1-7/8""",215,217,2,237,239,2
PBAL6061-CX900T1-7/8S2,"2""",900,AL-6061,"1-7/8""",75,76,1,83,84,1
PB304-CX900T2S2,"2""",900,304,"2""",176,177,1,194,195,1
PBSA36-CX900T2S2,"2""",900,SA-36,"2""",80,81,1,88,90,2
PB304L-CX900T2S2,"2""",900,304L,"2""",188,189,1,207,208,1
PB316L-CX900T2S2,"2""",900,316L,"2""",227,229,2,250,252,2
PBAL6061-CX900T2S2,"2""",900,AL-6061,"2""",78,79,1,86,87,1
PB304-CX900T2-1/4S2,"2""",900,304,"2-1/4""",194,195,1,214,215,1
PBSA36-CX900T2-1/4S2,"2""",900,SA-36,"2-1/4""",86,87,1,95,96,1
PBSA516-70-CX900T2-1/4S2,"2""",900,SA-516-70,"2-1/4""",94,95,1,104,105,1
PB304L-CX900T2-1/4S2,"2""",900,304L,"2-1/4""",207,209,2,228,230,2
PB316L-CX900T2-1/4S2,"2""",900,316L,"2-1/4""",251,254,3,277,280,3
PBAL6061-CX900T2-1/4S2,"2""",900,AL-6061,"2-1/4""",84,85,1,93,94,1
PB304-CX900T2-1/2S2,"2""",900,304,"2-1/2""",212,213,1,234,235,1
PBSA516-70-CX900T2-1/2S2,"2""",900,SA-516-70,"2-1/2""",101,102,1,112,113,1
PB304L-CX900T2-1/2S2,"2""",900,304L,"2-1/2""",226,228,2,249,251,2
PB316L-CX900T2-1/2S2,"2""",900,316L,"2-1/2""",275,278,3,303,306,3
PBAL6061-CX900T2-1/2S2,"2""",900,AL-6061,"2-1/2""",89,90,1,98,100,2
PB304-CX900T3S2,"2""",900,304,"3""",247,249,2,272,274,2
PBSA36-CX900T3S2,"2""",900,SA-36,"3""",103,104,1,114,115,1
PBSA516-70-CX900T3S2,"2""",900,SA-516-70,"3""",114,115,1,126,127,1
PB304L-CX900T3S2,"2""",900,304L,"3""",264,266,2,291,293,2
PB316L-CX900T3S2,"2""",900,316L,"3""",323,326,3,356,359,3
PBAL6061-CX900T3S2,"2""",900,AL-6061,"3""",100,101,1,111,112,1
PBSA36-CX900T11GAS2-1/2,"2-1/2""",900,SA-36,11 Gauge,38,39,1,42,43,1
PBSA516-70-CX900T3/16S2-1/2,"2-1/2""",900,SA-516-70,"3/16""",41,42,1,46,47,1
PB304-CX900T1/4S2-1/2,"2-1/2""",900,304,"1/4""",58,59,1,64,65,1
PB304L-CX900T1/4S2-1/2,"2-1/2""",900,304L,"1/4""",60,61,1,66,68,2
PBSA516-70-CX900T1/2S2-1/2,"2-1/2""",900,SA-516-70,"1/2""",52,53,1,58,59,1
PBAL6061-CX900T1/2S2-1/2,"2-1/2""",900,AL-6061,"1/2""",49,50,1,54,56,2
PB304L-CX900T5/8S2-1/2,"2-1/2""",900,304L,"5/8""",98,99,1,108,109,1
PB316L-CX900T5/8S2-1/2,"2-1/2""",900,316L,"5/8""",115,116,1,127,128,1
PB304-CX900T3/4S2-1/2,"2-1/2""",900,304,"3/4""",105,106,1,116,117,1
PBSA516-70-CX900T3/4S2-1/2,"2-1/2""",900,SA-516-70,"3/4""",61,62,1,68,69,1
PB304L-CX900T3/4S2-1/2,"2-1/2""",900,304L,"3/4""",111,112,1,123,124,1
PB316L-CX900T3/4S2-1/2,"2-1/2""",900,316L,"3/4""",131,132,1,145,146,1
PBAL6061-CX900T3/4S2-1/2,"2-1/2""",900,AL-6061,"3/4""",56,57,1,62,63,1
PB304-CX900T7/8S2-1/2,"2-1/2""",900,304,"7/8""",117,118,1,129,130,1
PBSA36-CX900T7/8S2-1/2,"2-1/2""",900,SA-36,"7/8""",61,62,1,68,69,1
PB304L-CX900T7/8S2-1/2,"2-1/2""",900,304L,"7/8""",124,125,1,137,138,1
PB316L-CX900T7/8S2-1/2,"2-1/2""",900,316L,"7/8""",147,148,1,162,163,1
PBAL6061-CX900T7/8S2-1/2,"2-1/2""",900,AL-6061,"7/8""",60,61,1,66,68,2
PB304-CX900T1S2-1/2,"2-1/2""",900,304,"1""",129,130,1,142,143,1
PB304L-CX900T1S2-1/2,"2-1/2""",900,304L,"1""",136,137,1,150,151,1
PB316L-CX900T1S2-1/2,"2-1/2""",900,316L,"1""",163,164,1,180,181,1
PB304-CX900T1-1/8S2-1/2,"2-1/2""",900,304,"1-1/8""",141,142,1,156,157,1
PBSA516-70-CX900T1-1/8S2-1/2,"2-1/2""",900,SA-516-70,"1-1/8""",74,75,1,82,83,1
PB304L-CX900T1-1/8S2-1/2,"2-1/2""",900,304L,"1-1/8""",149,150,1,164,165,1
PB316L-CX900T1-1/8S2-1/2,"2-1/2""",900,316L,"1-1/8""",179,180,1,197,199,2
PBAL6061-CX900T1-1/8S2-1/2,"2-1/2""",900,AL-6061,"1-1/8""",67,68,1,74,75,1
PB304-CX900T1-1/4S2-1/2,"2-1/2""",900,304,"1-1/4""",152,153,1,168,169,1
PB304L-CX900T1-1/4S2-1/2,"2-1/2""",900,304L,"1-1/4""",162,163,1,179,180,1
PB316L-CX900T1-1/4S2-1/2,"2-1/2""",900,316L,"1-1/4""",195,196,1,215,216,1
PBAL6061-CX900T1-1/4S2-1/2,"2-1/2""",900,AL-6061,"1-1/4""",71,72,1,79,80,1
PB304-CX900T1-3/8S2-1/2,"2-1/2""",900,304,"1-3/8""",164,165,1,181,182,1
PBSA36-CX900T1-3/8S2-1/2,"2-1/2""",900,SA-36,"1-3/8""",76,77,1,84,85,1
PBSA516-70-CX900T1-3/8S2-1/2,"2-1/2""",900,SA-516-70,"1-3/8""",83,84,1,92,93,1
PB304L-CX900T1-3/8S2-1/2,"2-1/2""",900,304L,"1-3/8""",175,176,1,193,194,1
PB316L-CX900T1-3/8S2-1/2,"2-1/2""",900,316L,"1-3/8""",211,213,2,233,235,2
PBAL6061-CX900T1-3/8S2-1/2,"2-1/2""",900,AL-6061,"1-3/8""",74,75,1,82,83,1
PB304-CX900T1-1/2S2-1/2,"2-1/2""",900,304,"1-1/2""",176,177,1,194,195,1
PBSA36-CX900T1-1/2S2-1/2,"2-1/2""",900,SA-36,"1-1/2""",80,81,1,88,90,2
PB304L-CX900T1-1/2S2-1/2,"2-1/2""",900,304L,"1-1/2""",187,189,2,206,208,2
PB316L-CX900T1-1/2S2-1/2,"2-1/2""",900,316L,"1-1/2""",227,229,2,250,252,2
PBAL6061-CX900T1-1/2S2-1/2,"2-1/2""",900,AL-6061,"1-1/2""",78,79,1,86,87,1
PB304-CX900T1-5/8S2-1/2,"2-1/2""",900,304,"1-5/8""",188,189,1,207,208,1
PBSA36-CX900T1-5/8S2-1/2,"2-1/2""",900,SA-36,"1-5/8""",84,85,1,93,94,1
PBSA516-70-CX900T1-5/8S2-1/2,"2-1/2""",900,SA-516-70,"1-5/8""",92,93,1,102,103,1
PB304L-CX900T1-5/8S2-1/2,"2-1/2""",900,304L,"1-5/8""",200,202,2,221,223,2
PB316L-CX900T1-5/8S2-1/2,"2-1/2""",900,316L,"1-5/8""",243,245,2,268,270,2
PBAL6061-CX900T1-5/8S2-1/2,"2-1/2""",900,AL-6061,"1-5/8""",82,83,1,91,92,1
PB304-CX900T1-3/4S2-1/2,"2-1/2""",900,304,"1-3/4""",199,201,2,219,222,3
PBSA516-70-CX900T1-3/4S2-1/2,"2-1/2""",900,SA-516-70,"1-3/4""",96,97,1,106,107,1
PB304L-CX900T1-3/4S2-1/2,"2-1/2""",900,304L,"1-3/4""",213,214,1,235,236,1
PB316L-CX900T1-3/4S2-1/2,"2-1/2""",900,316L,"1-3/4""",259,261,2,285,288,3
PBAL6061-CX900T1-3/4S2-1/2,"2-1/2""",900,AL-6061,"1-3/4""",85,86,1,94,95,1
PB304-CX900T1-7/8S2-1/2,"2-1/2""",900,304,"1-7/8""",211,213,2,233,235,2
PBSA516-70-CX900T1-7/8S2-1/2,"2-1/2""",900,SA-516-70,"1-7/8""",101,102,1,112,113,1
PB304L-CX900T1-7/8S2-1/2,"2-1/2""",900,304L,"1-7/8""",225,227,2,248,250,2
PB316L-CX900T1-7/8S2-1/2,"2-1/2""",900,316L,"1-7/8""",275,277,2,303,305,2
PBAL6061-CX900T1-7/8S2-1/2,"2-1/2""",900,AL-6061,"1-7/8""",89,90,1,98,100,2
PB304-CX900T2S2-1/2,"2-1/2""",900,304,"2""",223,224,1,246,247,1
PBSA36-CX900T2S2-1/2,"2-1/2""",900,SA-36,"2""",95,96,1,105,106,1
PBSA516-70-CX900T2S2-1/2,"2-1/2""",900,SA-516-70,"2""",105,106,1,116,117,1
PB304L-CX900T2S2-1/2,"2-1/2""",900,304L,"2""",238,240,2,262,264,2
PB316L-CX900T2S2-1/2,"2-1/2""",900,316L,"2""",291,293,2,321,323,2
PBAL6061-CX900T2S2-1/2,"2-1/2""",900,AL-6061,"2""",92,94,2,102,104,2
PB304-CX900T2-1/4S2-1/2,"2-1/2""",900,304,"2-1/4""",246,248,2,271,273,2
PBSA36-CX900T2-1/4S2-1/2,"2-1/2""",900,SA-36,"2-1/4""",103,104,1,114,115,1
PBSA516-70-CX900T2-1/4S2-1/2,"2-1/2""",900,SA-516-70,"2-1/4""",114,115,1,126,127,1
PB304L-CX900T2-1/4S2-1/2,"2-1/2""",900,304L,"2-1/4""",264,266,2,291,293,2
PB316L-CX900T2-1/4S2-1/2,"2-1/2""",900,316L,"2-1/4""",323,326,3,356,359,3
PBAL6061-CX900T2-1/4S2-1/2,"2-1/2""",900,AL-6061,"2-1/4""",100,101,1,111,112,1
PB304-CX900T2-1/2S2-1/2,"2-1/2""",900,304,"2-1/2""",270,272,2,297,300,3
PBSA36-CX900T2-1/2S2-1/2,"2-1/2""",900,SA-36,"2-1/2""",110,111,1,122,123,1
PBSA516-70-CX900T2-1/2S2-1/2,"2-1/2""",900,SA-516-70,"2-1/2""",123,124,1,136,137,1
PB304L-CX900T2-1/2S2-1/2,"2-1/2""",900,304L,"2-1/2""",289,291,2,318,321,3
PB316L-CX900T2-1/2S2-1/2,"2-1/2""",900,316L,"2-1/2""",354,358,4,390,394,4
PBAL6061-CX900T2-1/2S2-1/2,"2-1/2""",900,AL-6061,"2-1/2""",107,108,1,118,119,1
PB304-CX900T3S2-1/2,"2-1/2""",900,304,"3""",317,319,2,349,351,2
PBSA36-CX900T3S2-1/2,"2-1/2""",900,SA-36,"3""",126,127,1,139,140,1
PBSA516-70-CX900T3S2-1/2,"2-1/2""",900,SA-516-70,"3""",140,142,2,154,157,3
PB304L-CX900T3S2-1/2,"2-1/2""",900,304L,"3""",340,343,3,375,378,3
PB316L-CX900T3S2-1/2,"2-1/2""",900,316L,"3""",418,423,5,460,466,6
PBAL6061-CX900T3S2-1/2,"2-1/2""",900,AL-6061,"3""",121,123,2,134,136,2
PB304-CX900T11GAS3,"3""",900,304,11 Gauge,46,47,1,51,52,1
PB304L-CX900T11GAS3,"3""",900,304L,11 Gauge,47,48,1,52,53,1
PB316L-CX900T1/8S3,"3""",900,316L,"1/8""",51,52,1,57,58,1
PB304L-CX900T3/16S3,"3""",900,304L,"3/16""",54,55,1,60,61,1
PBAL6061-CX900T3/16S3,"3""",900,AL-6061,"3/16""",40,41,1,44,46,2
PB316L-CX900T5/16S3,"3""",900,316L,"5/16""",76,77,1,84,85,1
PB304-CX900T3/8S3,"3""",900,304,"3/8""",71,72,1,79,80,1
PBSA516-70-CX900T3/8S3,"3""",900,SA-516-70,"3/8""",48,49,1,53,54,1
PB304L-CX900T3/8S3,"3""",900,304L,"3/8""",74,75,1,82,83,1
PB316L-CX900T3/8S3,"3""",900,316L,"3/8""",84,85,1,93,94,1
PB304-CX900T1/2S3,"3""",900,304,"1/2""",83,84,1,92,93,1
PBSA36-CX900T1/2S3,"3""",900,SA-36,"1/2""",50,51,1,56,57,1
PB304L-CX900T1/2S3,"3""",900,304L,"1/2""",87,88,1,96,97,1
PB316L-CX900T1/2S3,"3""",900,316L,"1/2""",101,102,1,112,113,1
PBSA36-CX900T5/8S3,"3""",900,SA-36,"5/8""",54,55,1,60,61,1
PB304L-CX900T5/8S3,"3""",900,304L,"5/8""",100,101,1,111,112,1
PB316L-CX900T5/8S3,"3""",900,316L,"5/8""",117,118,1,129,130,1
PBAL6061-CX900T5/8S3,"3""",900,AL-6061,"5/8""",53,54,1,59,60,1
PBSA36-CX900T3/4S3,"3""",900,SA-36,"3/4""",58,59,1,64,65,1
PB316L-CX900T3/4S3,"3""",900,316L,"3/4""",134,135,1,148,149,1
PBAL6061-CX900T3/4S3,"3""",900,AL-6061,"3/4""",57,58,1,63,64,1
PB304-CX900T7/8S3,"3""",900,304,"7/8""",120,121,1,132,134,2
PB304L-CX900T7/8S3,"3""",900,304L,"7/8""",127,128,1,140,141,1
PB316L-CX900T7/8S3,"3""",900,316L,"7/8""",150,152,2,165,168,3
PB304-CX900T1S3,"3""",900,304,"1""",132,133,1,146,147,1
PBSA516-70-CX900T1S3,"3""",900,SA-516-70,"1""",71,72,1,79,80,1
PB304L-CX900T1S3,"3""",900,304L,"1""",140,141,1,154,156,2
PB316L-CX900T1S3,"3""",900,316L,"1""",167,168,1,184,185,1
PB304-CX900T1-1/8S3,"3""",900,304,"1-1/8""",144,145,1,159,160,1
PB304L-CX900T1-1/8S3,"3""",900,304L,"1-1/8""",153,154,1,169,170,1
PB316L-CX900T1-1/8S3,"3""",900,316L,"1-1/8""",183,185,2,202,204,2
PBAL6061-CX900T1-1/8S3,"3""",900,AL-6061,"1-1/8""",68,69,1,75,76,1
PB304-CX900T1-1/4S3,"3""",900,304,"1-1/4""",156,157,1,172,173,1
PBSA516-70-CX900T1-1/4S3,"3""",900,SA-516-70,"1-1/4""",80,81,1,88,90,2
PB304L-CX900T1-1/4S3,"3""",900,304L,"1-1/4""",166,167,1,183,184,1
PB316L-CX900T1-1/4S3,"3""",900,316L,"1-1/4""",200,202,2,221,223,2
PBAL6061-CX900T1-1/4S3,"3""",900,AL-6061,"1-1/4""",72,73,1,80,81,1
PB304-CX900T1-3/8S3,"3""",900,304,"1-3/8""",168,169,1,185,186,1
PB304L-CX900T1-3/8S3,"3""",900,304L,"1-3/8""",179,181,2,197,200,3
PB316L-CX900T1-3/8S3,"3""",900,316L,"1-3/8""",216,218,2,238,240,2
PBAL6061-CX900T1-3/8S3,"3""",900,AL-6061,"1-3/8""",76,77,1,84,85,1
PB304-CX900T1-1/2S3,"3""",900,304,"1-1/2""",180,182,2,199,201,2
PBSA516-70-CX900T1-1/2S3,"3""",900,SA-516-70,"1-1/2""",89,90,1,98,100,2
PB304L-CX900T1-1/2S3,"3""",900,304L,"1-1/2""",192,194,2,212,214,2
PB316L-CX900T1-1/2S3,"3""",900,316L,"1-1/2""",233,235,2,257,259,2
PBAL6061-CX900T1-1/2S3,"3""",900,AL-6061,"1-1/2""",79,80,1,87,88,1
PB304-CX900T1-5/8S3,"3""",900,304,"1-5/8""",193,194,1,213,214,1
PBSA516-70-CX900T1-5/8S3,"3""",900,SA-516-70,"1-5/8""",94,95,1,104,105,1
PB304L-CX900T1-5/8S3,"3""",900,304L,"1-5/8""",205,207,2,226,228,2
PB316L-CX900T1-5/8S3,"3""",900,316L,"1-5/8""",249,252,3,274,278,4
PBAL6061-CX900T1-5/8S3,"3""",900,AL-6061,"1-5/8""",83,84,1,92,93,1
PB304-CX900T1-3/4S3,"3""",900,304,"1-3/4""",205,206,1,226,227,1
PBSA516-70-CX900T1-3/4S3,"3""",900,SA-516-70,"1-3/4""",98,99,1,108,109,1
PB304L-CX900T1-3/4S3,"3""",900,304L,"1-3/4""",219,220,1,241,243,2
PB316L-CX900T1-3/4S3,"3""",900,316L,"1-3/4""",266,268,2,293,295,2
PBAL6061-CX900T1-3/4S3,"3""",900,AL-6061,"1-3/4""",87,88,1,96,97,1
PB304-CX900T1-7/8S3,"3""",900,304,"1-7/8""",217,218,1,239,240,1
PBSA36-CX900T1-7/8S3,"3""",900,SA-36,"1-7/8""",93,94,1,103,104,1
PBSA516-70-CX900T1-7/8S3,"3""",900,SA-516-70,"1-7/8""",103,104,1,114,115,1
PB304L-CX900T1-7/8S3,"3""",900,304L,"1-7/8""",232,234,2,256,258,2
PB316L-CX900T1-7/8S3,"3""",900,316L,"1-7/8""",282,285,3,311,314,3
PBAL6061-CX900T1-7/8S3,"3""",900,AL-6061,"1-7/8""",91,92,1,101,102,1
PB304-CX900T2S3,"3""",900,304,"2""",229,231,2,252,255,3
PBSA36-CX900T2S3,"3""",900,SA-36,"2""",97,98,1,107,108,1
PBSA516-70-CX900T2S3,"3""",900,SA-516-70,"2""",107,108,1,118,119,1
PB304L-CX900T2S3,"3""",900,304L,"2""",245,247,2,270,272,2
PB316L-CX900T2S3,"3""",900,316L,"2""",299,302,3,329,333,4
PBAL6061-CX900T2S3,"3""",900,AL-6061,"2""",94,96,2,104,106,2
PB304-CX900T2-1/4S3,"3""",900,304,"2-1/4""",253,255,2,279,281,2
PBSA36-CX900T2-1/4S3,"3""",900,SA-36,"2-1/4""",105,106,1,116,117,1
PBSA516-70-CX900T2-1/4S3,"3""",900,SA-516-70,"2-1/4""",117,118,1,129,130,1
PB304L-CX900T2-1/4S3,"3""",900,304L,"2-1/4""",271,273,2,299,301,2
PB316L-CX900T2-1/4S3,"3""",900,316L,"2-1/4""",332,335,3,366,369,3
PBAL6061-CX900T2-1/4S3,"3""",900,AL-6061,"2-1/4""",102,103,1,113,114,1
PB304-CX900T2-1/2S3,"3""",900,304,"2-1/2""",277,280,3,305,308,3
PBSA36-CX900T2-1/2S3,"3""",900,SA-36,"2-1/2""",113,114,1,125,126,1
PBSA516-70-CX900T2-1/2S3,"3""",900,SA-516-70,"2-1/2""",126,127,1,139,140,1
PB304L-CX900T2-1/2S3,"3""",900,304L,"2-1/2""",297,300,3,327,330,3
PB316L-CX900T2-1/2S3,"3""",900,316L,"2-1/2""",365,368,3,402,405,3
PBAL6061-CX900T2-1/2S3,"3""",900,AL-6061,"2-1/2""",109,111,2,120,123,3
PB304-CX900T3S3,"3""",900,304,"3""",326,329,3,359,362,3
PBSA36-CX900T3S3,"3""",900,SA-36,"3""",129,130,1,142,143,1
PBSA516-70-CX900T3S3,"3""",900,SA-516-70,"3""",144,145,1,159,160,1
PB304L-CX900T3S3,"3""",900,304L,"3""",350,353,3,386,389,3
PB316L-CX900T3S3,"3""",900,316L,"3""",431,435,4,475,479,4
PBAL6061-CX900T3S3,"3""",900,AL-6061,"3""",124,126,2,137,139,2
PB304L-CX900T1/8S4,"4""",900,304L,"1/8""",54,55,1,60,61,1
PBAL6061-CX900T1/8S4,"4""",900,AL-6061,"1/8""",40,41,1,44,46,2
PB304L-CX900T3/16S4,"4""",900,304L,"3/16""",64,65,1,71,72,1
PB304-CX900T1/4S4,"4""",900,304,"1/4""",71,72,1,79,80,1
PBSA516-70-CX900T1/4S4,"4""",900,SA-516-70,"1/4""",48,49,1,53,54,1
PB304L-CX900T1/4S4,"4""",900,304L,"1/4""",74,75,1,82,83,1
PB316L-CX900T1/4S4,"4""",900,316L,"1/4""",84,85,1,93,94,1
PB304-CX900T5/16S4,"4""",900,304,"5/16""",80,81,1,88,90,2
PBSA36-CX900T5/16S4,"4""",900,SA-36,"5/16""",49,50,1,54,56,2
PB304-CX900T3/8S4,"4""",900,304,"3/8""",89,90,1,98,100,2
PBSA36-CX900T3/8S4,"4""",900,SA-36,"3/8""",52,53,1,58,59,1
PBSA516-70-CX900T3/8S4,"4""",900,SA-516-70,"3/8""",55,56,1,61,62,1
PB316L-CX900T3/8S4,"4""",900,316L,"3/8""",109,110,1,120,122,2
PBSA36-CX900T1/2S4,"4""",900,SA-36,"1/2""",58,59,1,64,65,1
PB316L-CX900T1/2S4,"4""",900,316L,"1/2""",134,135,1,148,149,1
PBAL6061-CX900T1/2S4,"4""",900,AL-6061,"1/2""",57,58,1,63,64,1
PB304-CX900T5/8S4,"4""",900,304,"5/8""",126,127,1,139,140,1
PB304L-CX900T5/8S4,"4""",900,304L,"5/8""",133,134,1,147,148,1
PB316L-CX900T5/8S4,"4""",900,316L,"5/8""",159,160,1,175,176,1
PB304-CX900T3/4S4,"4""",900,304,"3/4""",144,145,1,159,160,1
PB304L-CX900T3/4S4,"4""",900,304L,"3/4""",153,154,1,169,170,1
PB316L-CX900T3/4S4,"4""",900,316L,"3/4""",183,185,2,202,204,2
PBAL6061-CX900T3/4S4,"4""",900,AL-6061,"3/4""",68,69,1,75,76,1
PB304-CX900T7/8S4,"4""",900,304,"7/8""",162,163,1,179,180,1
PBSA516-70-CX900T7/8S4,"4""",900,SA-516-70,"7/8""",82,83,1,91,92,1
PB304L-CX900T7/8S4,"4""",900,304L,"7/8""",173,174,1,191,192,1
PB316L-CX900T7/8S4,"4""",900,316L,"7/8""",208,210,2,229,232,3
PBAL6061-CX900T7/8S4,"4""",900,AL-6061,"7/8""",74,75,1,82,83,1
PB304-CX900T1S4,"4""",900,304,"1""",180,182,2,199,201,2
PBSA516-70-CX900T1S4,"4""",900,SA-516-70,"1""",89,90,1,98,100,2
PB304L-CX900T1S4,"4""",900,304L,"1""",192,194,2,212,214,2
PB316L-CX900T1S4,"4""",900,316L,"1""",233,235,2,257,259,2
PBAL6061-CX900T1S4,"4""",900,AL-6061,"1""",79,80,1,87,88,1
PB304-CX900T1-1/8S4,"4""",900,304,"1-1/8""",198,200,2,218,221,3
PBSA516-70-CX900T1-1/8S4,"4""",900,SA-516-70,"1-1/8""",96,97,1,106,107,1
PB304L-CX900T1-1/8S4,"4""",900,304L,"1-1/8""",212,214,2,234,236,2
PB316L-CX900T1-1/8S4,"4""",900,316L,"1-1/8""",258,260,2,284,286,2
PBAL6061-CX900T1-1/8S4,"4""",900,AL-6061,"1-1/8""",85,86,1,94,95,1
PB304-CX900T1-1/4S4,"4""",900,304,"1-1/4""",217,218,1,239,240,1
PBSA36-CX900T1-1/4S4,"4""",900,SA-36,"1-1/4""",93,94,1,103,104,1
PBSA516-70-CX900T1-1/4S4,"4""",900,SA-516-70,"1-1/4""",103,104,1,114,115,1
PB304L-CX900T1-1/4S4,"4""",900,304L,"1-1/4""",232,234,2,256,258,2
PB316L-CX900T1-1/4S4,"4""",900,316L,"1-1/4""",282,285,3,311,314,3
PBAL6061-CX900T1-1/4S4,"4""",900,AL-6061,"1-1/4""",91,92,1,101,102,1
PB304-CX900T1-3/8S4,"4""",900,304,"1-3/8""",235,237,2,259,261,2
PBSA36-CX900T1-3/8S4,"4""",900,SA-36,"1-3/8""",99,100,1,109,111,2
PBSA516-70-CX900T1-3/8S4,"4""",900,SA-516-70,"1-3/8""",110,111,1,122,123,1
PB304L-CX900T1-3/8S4,"4""",900,304L,"1-3/8""",251,253,2,277,279,2
PB316L-CX900T1-3/8S4,"4""",900,316L,"1-3/8""",307,310,3,338,341,3
PBAL6061-CX900T1-3/8S4,"4""",900,AL-6061,"1-3/8""",96,97,1,106,107,1
PB304-CX900T1-1/2S4,"4""",900,304,"1-1/2""",253,255,2,279,281,2
PBSA36-CX900T1-1/2S4,"4""",900,SA-36,"1-1/2""",105,106,1,116,117,1
PBSA516-70-CX900T1-1/2S4,"4""",900,SA-516-70,"1-1/2""",117,118,1,129,130,1
PB304L-CX900T1-1/2S4,"4""",900,304L,"1-1/2""",271,273,2,299,301,2
PB316L-CX900T1-1/2S4,"4""",900,316L,"1-1/2""",332,335,3,366,369,3
PBAL6061-CX900T1-1/2S4,"4""",900,AL-6061,"1-1/2""",102,103,1,113,114,1
PB304-CX900T1-5/8S4,"4""",900,304,"1-5/8""",271,273,2,299,301,2
PBSA36-CX900T1-5/8S4,"4""",900,SA-36,"1-5/8""",111,112,1,123,124,1
PBSA516-70-CX900T1-5/8S4,"4""",900,SA-516-70,"1-5/8""",123,125,2,136,138,2
PB304L-CX900T1-5/8S4,"4""",900,304L,"1-5/8""",291,293,2,321,323,2
PB316L-CX900T1-5/8S4,"4""",900,316L,"1-5/8""",357,360,3,393,397,4
PBAL6061-CX900T1-5/8S4,"4""",900,AL-6061,"1-5/8""",107,109,2,118,120,2
PB304-CX900T1-3/4S4,"4""",900,304,"1-3/4""",289,292,3,318,322,4
PBSA36-CX900T1-3/4S4,"4""",900,SA-36,"1-3/4""",117,118,1,129,130,1
PBSA516-70-CX900T1-3/4S4,"4""",900,SA-516-70,"1-3/4""",130,131,1,143,145,2
PB304L-CX900T1-3/4S4,"4""",900,304L,"1-3/4""",310,313,3,341,345,4
PB316L-CX900T1-3/4S4,"4""",900,316L,"1-3/4""",381,385,4,420,424,4
PBAL6061-CX900T1-3/4S4,"4""",900,AL-6061,"1-3/4""",113,114,1,125,126,1
PB304-CX900T1-7/8S4,"4""",900,304,"1-7/8""",308,310,2,339,341,2
PBSA36-CX900T1-7/8S4,"4""",900,SA-36,"1-7/8""",123,124,1,136,137,1
PBSA516-70-CX900T1-7/8S4,"4""",900,SA-516-70,"1-7/8""",137,138,1,151,152,1
PB304L-CX900T1-7/8S4,"4""",900,304L,"1-7/8""",330,333,3,364,367,3
PB316L-CX900T1-7/8S4,"4""",900,316L,"1-7/8""",406,410,4,447,452,5
PBAL6061-CX900T1-7/8S4,"4""",900,AL-6061,"1-7/8""",118,120,2,130,132,2
PB304-CX900T2S4,"4""",900,304,"2""",326,328,2,359,361,2
PBSA36-CX900T2S4,"4""",900,SA-36,"2""",129,130,1,142,143,1
PBSA516-70-CX900T2S4,"4""",900,SA-516-70,"2""",144,145,1,159,160,1
PB304L-CX900T2S4,"4""",900,304L,"2""",350,353,3,386,389,3
PB316L-CX900T2S4,"4""",900,316L,"2""",431,435,4,475,479,4
PBAL6061-CX900T2S4,"4""",900,AL-6061,"2""",124,126,2,137,139,2
PB304-CX900T2-1/4S4,"4""",900,304,"2-1/4""",362,365,3,399,402,3
PBSA36-CX900T2-1/4S4,"4""",900,SA-36,"2-1/4""",140,141,1,154,156,2
PBSA516-70-CX900T2-1/4S4,"4""",900,SA-516-70,"2-1/4""",157,159,2,173,175,2
PB304L-CX900T2-1/4S4,"4""",900,304L,"2-1/4""",389,393,4,428,433,5
PB316L-CX900T2-1/4S4,"4""",900,316L,"2-1/4""",480,485,5,528,534,6
PBAL6061-CX900T2-1/4S4,"4""",900,AL-6061,"2-1/4""",135,137,2,149,151,2
PB304-CX900T2-1/2S4,"4""",900,304,"2-1/2""",399,402,3,439,443,4
PBSA36-CX900T2-1/2S4,"4""",900,SA-36,"2-1/2""",152,153,1,168,169,1
PBSA516-70-CX900T2-1/2S4,"4""",900,SA-516-70,"2-1/2""",171,173,2,189,191,2
PB304L-CX900T2-1/2S4,"4""",900,304L,"2-1/2""",428,432,4,471,476,5
PB316L-CX900T2-1/2S4,"4""",900,316L,"2-1/2""",530,535,5,583,589,6
PBAL6061-CX900T2-1/2S4,"4""",900,AL-6061,"2-1/2""",146,149,3,161,164,3
PB304-CX900T3S4,"4""",900,304,"3""",471,475,4,519,523,4
PBSA36-CX900T3S4,"4""",900,SA-36,"3""",175,177,2,193,195,2
PBSA516-70-CX900T3S4,"4""",900,SA-516-70,"3""",198,200,2,218,221,3
PB304L-CX900T3S4,"4""",900,304L,"3""",507,512,5,558,564,6
PB316L-CX900T3S4,"4""",900,316L,"3""",629,635,6,692,699,7
PBAL6061-CX900T3S4,"4""",900,AL-6061,"3""",169,171,2,186,189,3
PB304-CX900T11GAS6,"6""",900,304,11 Gauge,68,69,1,75,76,1
PBSA516-70-CX900T11GAS6,"6""",900,SA-516-70,11 Gauge,47,48,1,52,53,1
PB304L-CX900T11GAS6,"6""",900,304L,11 Gauge,71,72,1,79,80,1
PB304-CX900T3/16S6,"6""",900,304,"3/16""",87,88,1,96,97,1
PB316L-CX900T3/16S6,"6""",900,316L,"3/16""",106,107,1,117,118,1
PB304-CX900T1/4S6,"6""",900,304,"1/4""",105,106,1,116,117,1
PBSA36-CX900T1/4S6,"6""",900,SA-36,"1/4""",57,58,1,63,64,1
PB316L-CX900T1/4S6,"6""",900,316L,"1/4""",130,131,1,143,145,2
PBAL6061-CX900T1/4S6,"6""",900,AL-6061,"1/4""",56,57,1,62,63,1
PB304-CX900T5/16S6,"6""",900,304,"5/16""",122,123,1,135,136,1
PB304L-CX900T5/16S6,"6""",900,304L,"5/16""",130,131,1,143,145,2
PB316L-CX900T5/16S6,"6""",900,316L,"5/16""",154,155,1,170,171,1
PB304-CX900T3/8S6,"6""",900,304,"3/8""",140,141,1,154,156,2
PBSA516-70-CX900T3/8S6,"6""",900,SA-516-70,"3/8""",74,75,1,82,83,1
PB304L-CX900T3/8S6,"6""",900,304L,"3/8""",149,150,1,164,165,1
PB316L-CX900T3/8S6,"6""",900,316L,"3/8""",178,180,2,196,199,3
PBAL6061-CX900T3/8S6,"6""",900,AL-6061,"3/8""",67,68,1,74,75,1
PB304-CX900T1/2S6,"6""",900,304,"1/2""",175,176,1,193,194,1
PBSA36-CX900T1/2S6,"6""",900,SA-36,"1/2""",80,81,1,88,90,2
PBSA516-70-CX900T1/2S6,"6""",900,SA-516-70,"1/2""",87,88,1,96,97,1
PB304L-CX900T1/2S6,"6""",900,304L,"1/2""",187,188,1,206,207,1
PB316L-CX900T1/2S6,"6""",900,316L,"1/2""",226,228,2,249,251,2
PBAL6061-CX900T1/2S6,"6""",900,AL-6061,"1/2""",78,79,1,86,87,1
PB304-CX900T5/8S6,"6""",900,304,"5/8""",210,212,2,232,234,2
PBSA36-CX900T5/8S6,"6""",900,SA-36,"5/8""",91,92,1,101,102,1
PBSA516-70-CX900T5/8S6,"6""",900,SA-516-70,"5/8""",100,101,1,111,112,1
PB304L-CX900T5/8S6,"6""",900,304L,"5/8""",225,226,1,248,249,1
PB316L-CX900T5/8S6,"6""",900,316L,"5/8""",273,276,3,301,304,3
PBAL6061-CX900T5/8S6,"6""",900,AL-6061,"5/8""",89,90,1,98,100,2
PB304-CX900T3/4S6,"6""",900,304,"3/4""",245,247,2,270,272,2
PBSA516-70-CX900T3/4S6,"6""",900,SA-516-70,"3/4""",114,115,1,126,127,1
PB304L-CX900T3/4S6,"6""",900,304L,"3/4""",262,265,3,289,292,3
PB316L-CX900T3/4S6,"6""",900,316L,"3/4""",321,324,3,354,357,3
PBAL6061-CX900T3/4S6,"6""",900,AL-6061,"3/4""",99,101,2,109,112,3
PB304-CX900T7/8S6,"6""",900,304,"7/8""",280,283,3,308,312,4
PBSA36-CX900T7/8S6,"6""",900,SA-36,"7/8""",114,115,1,126,127,1
PBSA516-70-CX900T7/8S6,"6""",900,SA-516-70,"7/8""",127,128,1,140,141,1
PB304L-CX900T7/8S6,"6""",900,304L,"7/8""",300,303,3,330,334,4
PB316L-CX900T7/8S6,"6""",900,316L,"7/8""",369,372,3,406,410,4
PBAL6061-CX900T7/8S6,"6""",900,AL-6061,"7/8""",110,112,2,122,124,2
PB304-CX900T1S6,"6""",900,304,"1""",315,318,3,347,350,3
PBSA36-CX900T1S6,"6""",900,SA-36,"1""",125,126,1,138,139,1
PBSA516-70-CX900T1S6,"6""",900,SA-516-70,"1""",140,141,1,154,156,2
PB304L-CX900T1S6,"6""",900,304L,"1""",338,341,3,372,376,4
PB316L-CX900T1S6,"6""",900,316L,"1""",417,421,4,459,464,5
PBAL6061-CX900T1S6,"6""",900,AL-6061,"1""",121,123,2,134,136,2
PB304-CX900T1-1/8S6,"6""",900,304,"1-1/8""",350,353,3,386,389,3
PBSA36-CX900T1-1/8S6,"6""",900,SA-36,"1-1/8""",136,138,2,150,152,2
PBSA516-70-CX900T1-1/8S6,"6""",900,SA-516-70,"1-1/8""",153,155,2,169,171,2
PB304L-CX900T1-1/8S6,"6""",900,304L,"1-1/8""",376,380,4,414,419,5
PB316L-CX900T1-1/8S6,"6""",900,316L,"1-1/8""",464,469,5,511,516,5
PBAL6061-CX900T1-1/8S6,"6""",900,AL-6061,"1-1/8""",132,134,2,146,148,2
PB304-CX900T1-1/4S6,"6""",900,304,"1-1/4""",386,389,3,425,428,3
PBSA36-CX900T1-1/4S6,"6""",900,SA-36,"1-1/4""",148,149,1,163,164,1
PBSA516-70-CX900T1-1/4S6,"6""",900,SA-516-70,"1-1/4""",166,168,2,183,185,2
PB304L-CX900T1-1/4S6,"6""",900,304L,"1-1/4""",414,418,4,456,460,4
PB316L-CX900T1-1/4S6,"6""",900,316L,"1-1/4""",512,517,5,564,569,5
PBAL6061-CX900T1-1/4S6,"6""",900,AL-6061,"1-1/4""",142,144,2,157,159,2
PB304-CX900T1-3/8S6,"6""",900,304,"1-3/8""",421,424,3,464,467,3
PBSA36-CX900T1-3/8S6,"6""",900,SA-36,"1-3/8""",159,160,1,175,176,1
PBSA516-70-CX900T1-3/8S6,"6""",900,SA-516-70,"1-3/8""",179,181,2,197,200,3
PB304L-CX900T1-3/8S6,"6""",900,304L,"1-3/8""",452,456,4,498,502,4
PB316L-CX900T1-3/8S6,"6""",900,316L,"1-3/8""",560,565,5,616,622,6
PBAL6061-CX900T1-3/8S6,"6""",900,AL-6061,"1-3/8""",153,155,2,169,171,2
PB304-CX900T1-1/2S6,"6""",900,304,"1-1/2""",456,459,3,502,505,3
PBSA36-CX900T1-1/2S6,"6""",900,SA-36,"1-1/2""",170,172,2,188,190,2
PBSA516-70-CX900T1-1/2S6,"6""",900,SA-516-70,"1-1/2""",192,194,2,212,214,2
PB304L-CX900T1-1/2S6,"6""",900,304L,"1-1/2""",490,495,5,539,545,6
PB316L-CX900T1-1/2S6,"6""",900,316L,"1-1/2""",607,614,7,668,676,8
PBAL6061-CX900T1-1/2S6,"6""",900,AL-6061,"1-1/2""",164,166,2,181,183,2
PB304-CX900T1-5/8S6,"6""",900,304,"1-5/8""",491,495,4,541,545,4
PBSA36-CX900T1-5/8S6,"6""",900,SA-36,"1-5/8""",182,183,1,201,202,1
PBSA516-70-CX900T1-5/8S6,"6""",900,SA-516-70,"1-5/8""",205,208,3,226,229,3
PB304L-CX900T1-5/8S6,"6""",900,304L,"1-5/8""",528,533,5,581,587,6
PB316L-CX900T1-5/8S6,"6""",900,316L,"1-5/8""",655,662,7,721,729,8
PBAL6061-CX900T1-5/8S6,"6""",900,AL-6061,"1-5/8""",175,177,2,193,195,2
PB304-CX900T1-3/4S6,"6""",900,304,"1-3/4""",526,530,4,579,583,4
PBSA36-CX900T1-3/4S6,"6""",900,SA-36,"1-3/4""",193,195,2,213,215,2
PBSA516-70-CX900T1-3/4S6,"6""",900,SA-516-70,"1-3/4""",219,221,2,241,244,3
PB304L-CX900T1-3/4S6,"6""",900,304L,"1-3/4""",566,571,5,623,629,6
PB316L-CX900T1-3/4S6,"6""",900,316L,"1-3/4""",703,710,7,774,782,8
PBAL6061-CX900T1-3/4S6,"6""",900,AL-6061,"1-3/4""",185,188,3,204,207,3
PB304-CX900T1-7/8S6,"6""",900,304,"1-7/8""",561,566,5,618,623,5
PBSA36-CX900T1-7/8S6,"6""",900,SA-36,"1-7/8""",204,206,2,225,227,2
PBSA516-70-CX900T1-7/8S6,"6""",900,SA-516-70,"1-7/8""",232,234,2,256,258,2
PB304L-CX900T1-7/8S6,"6""",900,304L,"1-7/8""",604,610,6,665,671,6
PB316L-CX900T1-7/8S6,"6""",900,316L,"1-7/8""",751,758,7,827,834,7
PBAL6061-CX900T1-7/8S6,"6""",900,AL-6061,"1-7/8""",196,199,3,216,219,3
PB304-CX900T2S6,"6""",900,304,"2""",596,601,5,656,662,6
PBSA36-CX900T2S6,"6""",900,SA-36,"2""",215,217,2,237,239,2
PBSA516-70-CX900T2S6,"6""",900,SA-516-70,"2""",245,248,3,270,273,3
PB304L-CX900T2S6,"6""",900,304L,"2""",642,648,6,707,713,6
PB316L-CX900T2S6,"6""",900,316L,"2""",798,807,9,878,888,10
PBAL6061-CX900T2S6,"6""",900,AL-6061,"2""",207,210,3,228,232,4
PB304-CX900T2-1/4S6,"6""",900,304,"2-1/4""",666,672,6,733,740,7
PBSA36-CX900T2-1/4S6,"6""",900,SA-36,"2-1/4""",238,240,2,262,264,2
PBSA516-70-CX900T2-1/4S6,"6""",900,SA-516-70,"2-1/4""",271,274,3,299,302,3
PB304L-CX900T2-1/4S6,"6""",900,304L,"2-1/4""",718,725,7,790,798,8
PB316L-CX900T2-1/4S6,"6""",900,316L,"2-1/4""",894,903,9,984,994,10
PBAL6061-CX900T2-1/4S6,"6""",900,AL-6061,"2-1/4""",228,232,4,251,256,5
PB304-CX900T2-1/2S6,"6""",900,304,"2-1/2""",736,743,7,810,818,8
PBSA36-CX900T2-1/2S6,"6""",900,SA-36,"2-1/2""",261,263,2,288,290,2
PBSA516-70-CX900T2-1/2S6,"6""",900,SA-516-70,"2-1/2""",297,301,4,327,332,5
PB304L-CX900T2-1/2S6,"6""",900,304L,"2-1/2""",794,801,7,874,882,8
PB316L-CX900T2-1/2S6,"6""",900,316L,"2-1/2""",989,999,10,1088,1099,11
PBAL6061-CX900T2-1/2S6,"6""",900,AL-6061,"2-1/2""",250,254,4,275,280,5
PB304-CX900T3S6,"6""",900,304,"3""",876,884,8,964,973,9
PBSA36-CX900T3S6,"6""",900,SA-36,"3""",306,309,3,337,340,3
PBSA516-70-CX900T3S6,"6""",900,SA-516-70,"3""",350,354,4,386,390,4
PB304L-CX900T3S6,"6""",900,304L,"3""",945,954,9,1040,1050,10
PB316L-CX900T3S6,"6""",900,316L,"3""",1180,1192,12,1298,1312,14
PBAL6061-CX900T3S6,"6""",900,AL-6061,"3""",293,298,5,323,328,5
PB304-CX900T11GAS8,"8""",900,304,11 Gauge,86,87,1,95,96,1
PBSA36-CX900T11GAS8,"8""",900,SA-36,11 Gauge,51,52,1,57,58,1
PB316L-CX900T11GAS8,"8""",900,316L,11 Gauge,105,106,1,116,117,1
PB304L-CX900T1/8S8,"8""",900,304L,"1/8""",93,94,1,103,104,1
PB316L-CX900T1/8S8,"8""",900,316L,"1/8""",108,109,1,119,120,1
PBAL6061-CX900T1/8S8,"8""",900,AL-6061,"1/8""",51,52,1,57,58,1
PBSA516-70-CX900T3/16S8,"8""",900,SA-516-70,"3/16""",65,66,1,72,73,1
PB304L-CX900T3/16S8,"8""",900,304L,"3/16""",122,123,1,135,136,1
PB316L-CX900T3/16S8,"8""",900,316L,"3/16""",145,146,1,160,161,1
PB304-CX900T1/4S8,"8""",900,304,"1/4""",143,144,1,158,159,1
PBSA516-70-CX900T1/4S8,"8""",900,SA-516-70,"1/4""",75,76,1,83,84,1
PB304L-CX900T1/4S8,"8""",900,304L,"1/4""",151,153,2,167,169,2
PB316L-CX900T1/4S8,"8""",900,316L,"1/4""",181,183,2,200,202,2
PBAL6061-CX900T1/4S8,"8""",900,AL-6061,"1/4""",68,69,1,75,76,1
PB304-CX900T5/16S8,"8""",900,304,"5/16""",170,171,1,188,189,1
PBSA36-CX900T5/16S8,"8""",900,SA-36,"5/16""",78,79,1,86,87,1
PBSA516-70-CX900T5/16S8,"8""",900,SA-516-70,"5/16""",85,86,1,94,95,1
PB304L-CX900T5/16S8,"8""",900,304L,"5/16""",181,182,1,200,201,1
PB316L-CX900T5/16S8,"8""",900,316L,"5/16""",218,220,2,240,243,3
PBAL6061-CX900T5/16S8,"8""",900,AL-6061,"5/16""",76,77,1,84,85,1
PB304-CX900T3/8S8,"8""",900,304,"3/8""",196,198,2,216,218,2
PBSA516-70-CX900T3/8S8,"8""",900,SA-516-70,"3/8""",95,96,1,105,106,1
PB304L-CX900T3/8S8,"8""",900,304L,"3/8""",210,211,1,232,233,1
PB316L-CX900T3/8S8,"8""",900,316L,"3/8""",255,257,2,281,283,2
PBAL6061-CX900T3/8S8,"8""",900,AL-6061,"3/8""",84,85,1,93,94,1
PB304-CX900T1/2S8,"8""",900,304,"1/2""",250,252,2,275,278,3
PBSA36-CX900T1/2S8,"8""",900,SA-36,"1/2""",104,105,1,115,116,1
PBSA516-70-CX900T1/2S8,"8""",900,SA-516-70,"1/2""",115,117,2,127,129,2
PB304L-CX900T1/2S8,"8""",900,304L,"1/2""",268,270,2,295,297,2
PB316L-CX900T1/2S8,"8""",900,316L,"1/2""",328,331,3,361,365,4
PBAL6061-CX900T1/2S8,"8""",900,AL-6061,"1/2""",101,102,1,112,113,1
PB304-CX900T5/8S8,"8""",900,304,"5/8""",304,307,3,335,338,3
PBSA36-CX900T5/8S8,"8""",900,SA-36,"5/8""",122,123,1,135,136,1
PBSA516-70-CX900T5/8S8,"8""",900,SA-516-70,"5/8""",136,137,1,150,151,1
PB304L-CX900T5/8S8,"8""",900,304L,"5/8""",326,329,3,359,362,3
PB316L-CX900T5/8S8,"8""",900,316L,"5/8""",401,405,4,442,446,4
PBAL6061-CX900T5/8S8,"8""",900,AL-6061,"5/8""",117,119,2,129,131,2
PB304-CX900T3/4S8,"8""",900,304,"3/4""",358,361,3,394,398,4
PBSA36-CX900T3/4S8,"8""",900,SA-36,"3/4""",139,140,1,153,154,1
PBSA516-70-CX900T3/4S8,"8""",900,SA-516-70,"3/4""",156,158,2,172,174,2
PB304L-CX900T3/4S8,"8""",900,304L,"3/4""",385,388,3,424,427,3
PB316L-CX900T3/4S8,"8""",900,316L,"3/4""",475,479,4,523,527,4
PBAL6061-CX900T3/4S8,"8""",900,AL-6061,"3/4""",134,136,2,148,150,2
PB304-CX900T7/8S8,"8""",900,304,"7/8""",412,415,3,454,457,3
PBSA36-CX900T7/8S8,"8""",900,SA-36,"7/8""",156,158,2,172,174,2
PBSA516-70-CX900T7/8S8,"8""",900,SA-516-70,"7/8""",176,178,2,194,196,2
PB304L-CX900T7/8S8,"8""",900,304L,"7/8""",443,447,4,488,492,4
PB316L-CX900T7/8S8,"8""",900,316L,"7/8""",548,554,6,603,610,7
PBAL6061-CX900T7/8S8,"8""",900,AL-6061,"7/8""",150,153,3,165,169,4
PB304-CX900T1S8,"8""",900,304,"1""",466,470,4,513,517,4
PBSA36-CX900T1S8,"8""",900,SA-36,"1""",174,175,1,192,193,1
PBSA516-70-CX900T1S8,"8""",900,SA-516-70,"1""",196,198,2,216,218,2
PB304L-CX900T1S8,"8""",900,304L,"1""",501,506,5,552,557,5
PB316L-CX900T1S8,"8""",900,316L,"1""",621,628,7,684,691,7
PBAL6061-CX900T1S8,"8""",900,AL-6061,"1""",167,170,3,184,188,4
PB304-CX900T1-1/8S8,"8""",900,304,"1-1/8""",520,524,4,572,577,5
PBSA36-CX900T1-1/8S8,"8""",900,SA-36,"1-1/8""",191,193,2,211,213,2
PBSA516-70-CX900T1-1/8S8,"8""",900,SA-516-70,"1-1/8""",216,219,3,238,241,3
PB304L-CX900T1-1/8S8,"8""",900,304L,"1-1/8""",559,565,6,615,622,7
PB316L-CX900T1-1/8S8,"8""",900,316L,"1-1/8""",695,702,7,765,773,8
PBAL6061-CX900T1-1/8S8,"8""",900,AL-6061,"1-1/8""",184,187,3,203,206,3
PB304-CX900T1-1/4S8,"8""",900,304,"1-1/4""",574,579,5,632,637,5
PBSA36-CX900T1-1/4S8,"8""",900,SA-36,"1-1/4""",208,210,2,229,232,3
PBSA516-70-CX900T1-1/4S8,"8""",900,SA-516-70,"1-1/4""",236,239,3,260,263,3
PB304L-CX900T1-1/4S8,"8""",900,304L,"1-1/4""",618,624,6,680,687,7
PB316L-CX900T1-1/4S8,"8""",900,316L,"1-1/4""",768,776,8,845,854,9
PBAL6061-CX900T1-1/4S8,"8""",900,AL-6061,"1-1/4""",200,203,3,221,224,3
PB304-CX900T1-3/8S8,"8""",900,304,"1-3/8""",628,633,5,691,697,6
PBSA36-CX900T1-3/8S8,"8""",900,SA-36,"1-3/8""",226,228,2,249,251,2
PBSA516-70-CX900T1-3/8S8,"8""",900,SA-516-70,"1-3/8""",257,260,3,283,286,3
PB304L-CX900T1-3/8S8,"8""",900,304L,"1-3/8""",676,682,6,744,751,7
PB316L-CX900T1-3/8S8,"8""",900,316L,"1-3/8""",841,850,9,926,936,10
PBAL6061-CX900T1-3/8S8,"8""",900,AL-6061,"1-3/8""",217,220,3,239,243,4
PB304-CX900T1-1/2S8,"8""",900,304,"1-1/2""",681,687,6,750,756,6
PBSA36-CX900T1-1/2S8,"8""",900,SA-36,"1-1/2""",243,245,2,268,270,2
PBSA516-70-CX900T1-1/2S8,"8""",900,SA-516-70,"1-1/2""",277,280,3,305,308,3
PB304L-CX900T1-1/2S8,"8""",900,304L,"1-1/2""",734,741,7,808,816,8
PB316L-CX900T1-1/2S8,"8""",900,316L,"1-1/2""",915,924,9,1007,1017,10
PBAL6061-CX900T1-1/2S8,"8""",900,AL-6061,"1-1/2""",233,237,4,257,261,4
PB304-CX900T1-5/8S8,"8""",900,304,"1-5/8""",735,742,7,809,817,8
PBSA36-CX900T1-5/8S8,"8""",900,SA-36,"1-5/8""",260,263,3,286,290,4
PBSA516-70-CX900T1-5/8S8,"8""",900,SA-516-70,"1-5/8""",297,301,4,327,332,5
PB304L-CX900T1-5/8S8,"8""",900,304L,"1-5/8""",793,800,7,873,881,8
PB316L-CX900T1-5/8S8,"8""",900,316L,"1-5/8""",988,998,10,1087,1098,11
PBAL6061-CX900T1-5/8S8,"8""",900,AL-6061,"1-5/8""",250,254,4,275,280,5
PB304-CX900T1-3/4S8,"8""",900,304,"1-3/4""",789,796,7,868,876,8
PBSA36-CX900T1-3/4S8,"8""",900,SA-36,"1-3/4""",278,280,2,306,308,2
PBSA516-70-CX900T1-3/4S8,"8""",900,SA-516-70,"1-3/4""",317,321,4,349,354,5
PB304L-CX900T1-3/4S8,"8""",900,304L,"1-3/4""",851,859,8,937,945,8
PB316L-CX900T1-3/4S8,"8""",900,316L,"1-3/4""",1061,1072,11,1168,1180,12
PBAL6061-CX900T1-3/4S8,"8""",900,AL-6061,"1-3/4""",266,271,5,293,299,6
PB304-CX900T1-7/8S8,"8""",900,304,"1-7/8""",843,850,7,928,936,8
PBSA36-CX900T1-7/8S8,"8""",900,SA-36,"1-7/8""",295,298,3,325,328,3
PBSA516-70-CX900T1-7/8S8,"8""",900,SA-516-70,"1-7/8""",337,341,4,371,376,5
PB304L-CX900T1-7/8S8,"8""",900,304L,"1-7/8""",909,918,9,1000,1010,10
PB316L-CX900T1-7/8S8,"8""",900,316L,"1-7/8""",1135,1146,11,1249,1261,12
PBAL6061-CX900T1-7/8S8,"8""",900,AL-6061,"1-7/8""",283,288,5,312,317,5
PB304-CX900T2S8,"8""",900,304,"2""",897,905,8,987,996,9
PBSA36-CX900T2S8,"8""",900,SA-36,"2""",312,315,3,344,347,3
PBSA516-70-CX900T2S8,"8""",900,SA-516-70,"2""",357,362,5,393,399,6
PB304L-CX900T2S8,"8""",900,304L,"2""",967,977,10,1064,1075,11
PB316L-CX900T2S8,"8""",900,316L,"2""",1208,1221,13,1329,1344,15
PBAL6061-CX900T2S8,"8""",900,AL-6061,"2""",299,304,5,329,335,6
PB304-CX900T2-1/4S8,"8""",900,304,"2-1/4""",1005,1013,8,1106,1115,9
PBSA36-CX900T2-1/4S8,"8""",900,SA-36,"2-1/4""",347,351,4,382,387,5
PBSA516-70-CX900T2-1/4S8,"8""",900,SA-516-70,"2-1/4""",398,403,5,438,444,6
PB304L-CX900T2-1/4S8,"8""",900,304L,"2-1/4""",1084,1095,11,1193,1205,12
PB316L-CX900T2-1/4S8,"8""",900,316L,"2-1/4""",1355,1369,14,1491,1506,15
PBAL6061-CX900T2-1/4S8,"8""",900,AL-6061,"2-1/4""",332,338,6,366,372,6
PB304-CX900T2-1/2S8,"8""",900,304,"2-1/2""",1112,1122,10,1224,1235,11
PBSA36-CX900T2-1/2S8,"8""",900,SA-36,"2-1/2""",382,386,4,421,425,4
PBSA516-70-CX900T2-1/2S8,"8""",900,SA-516-70,"2-1/2""",438,444,6,482,489,7
PB304L-CX900T2-1/2S8,"8""",900,304L,"2-1/2""",1201,1212,11,1322,1334,12
PB316L-CX900T2-1/2S8,"8""",900,316L,"2-1/2""",1501,1517,16,1652,1669,17
PBAL6061-CX900T2-1/2S8,"8""",900,AL-6061,"2-1/2""",365,372,7,402,410,8
PB304-CX900T3S8,"8""",900,304,"3""",1328,1340,12,1461,1475,14
PBSA36-CX900T3S8,"8""",900,SA-36,"3""",451,456,5,497,502,5
PBSA516-70-CX900T3S8,"8""",900,SA-516-70,"3""",519,525,6,571,578,7
PB304L-CX900T3S8,"8""",900,304L,"3""",1434,1448,14,1578,1593,15
PB316L-CX900T3S8,"8""",900,316L,"3""",1794,1814,20,1974,1996,22
PBAL6061-CX900T3S8,"8""",900,AL-6061,"3""",431,439,8,475,483,8
PB304-CX900T11GAS10,"10""",900,304,11 Gauge,110,111,1,122,123,1
PB304L-CX900T11GAS10,"10""",900,304L,11 Gauge,116,117,1,128,129,1
PB316L-CX900T11GAS10,"10""",900,316L,11 Gauge,137,138,1,151,152,1
PBSA516-70-CX900T1/8S10,"10""",900,SA-516-70,"1/8""",64,65,1,71,72,1
PB304L-CX900T1/8S10,"10""",900,304L,"1/8""",120,121,1,132,134,2
PB316L-CX900T1/8S10,"10""",900,316L,"1/8""",142,143,1,157,158,1
PB304-CX900T3/16S10,"10""",900,304,"3/16""",153,154,1,169,170,1
PBSA516-70-CX900T3/16S10,"10""",900,SA-516-70,"3/16""",79,80,1,87,88,1
PB304L-CX900T3/16S10,"10""",900,304L,"3/16""",162,164,2,179,181,2
PB316L-CX900T3/16S10,"10""",900,316L,"3/16""",195,197,2,215,217,2
PBAL6061-CX900T3/16S10,"10""",900,AL-6061,"3/16""",71,72,1,79,80,1
PB304-CX900T1/4S10,"10""",900,304,"1/4""",192,194,2,212,214,2
PBSA516-70-CX900T1/4S10,"10""",900,SA-516-70,"1/4""",94,95,1,104,105,1
PB304L-CX900T1/4S10,"10""",900,304L,"1/4""",205,207,2,226,228,2
PB316L-CX900T1/4S10,"10""",900,316L,"1/4""",249,251,2,274,277,3
PBAL6061-CX900T1/4S10,"10""",900,AL-6061,"1/4""",83,84,1,92,93,1
PB304-CX900T5/16S10,"10""",900,304,"5/16""",232,233,1,256,257,1
PBSA36-CX900T5/16S10,"10""",900,SA-36,"5/16""",98,99,1,108,109,1
PBSA516-70-CX900T5/16S10,"10""",900,SA-516-70,"5/16""",108,109,1,119,120,1
PB304L-CX900T5/16S10,"10""",900,304L,"5/16""",248,250,2,273,275,2
PB316L-CX900T5/16S10,"10""",900,316L,"5/16""",302,305,3,333,336,3
PBAL6061-CX900T5/16S10,"10""",900,AL-6061,"5/16""",95,96,1,105,106,1
PB304-CX900T3/8S10,"10""",900,304,"3/8""",271,273,2,299,301,2
PBSA36-CX900T3/8S10,"10""",900,SA-36,"3/8""",111,112,1,123,124,1
PBSA516-70-CX900T3/8S10,"10""",900,SA-516-70,"3/8""",123,124,1,136,137,1
PB304L-CX900T3/8S10,"10""",900,304L,"3/8""",290,293,3,319,323,4
PB316L-CX900T3/8S10,"10""",900,316L,"3/8""",356,359,3,392,395,3
PBAL6061-CX900T3/8S10,"10""",900,AL-6061,"3/8""",107,109,2,118,120,2
PB304-CX900T1/2S10,"10""",900,304,"1/2""",350,352,2,386,388,2
PBSA36-CX900T1/2S10,"10""",900,SA-36,"1/2""",136,137,1,150,151,1
PBSA516-70-CX900T1/2S10,"10""",900,SA-516-70,"1/2""",153,154,1,169,170,1
PB304L-CX900T1/2S10,"10""",900,304L,"1/2""",375,379,4,413,417,4
PB316L-CX900T1/2S10,"10""",900,316L,"1/2""",463,468,5,510,515,5
PBAL6061-CX900T1/2S10,"10""",900,AL-6061,"1/2""",131,133,2,145,147,2
PB304-CX900T5/8S10,"10""",900,304,"5/8""",428,432,4,471,476,5
PBSA36-CX900T5/8S10,"10""",900,SA-36,"5/8""",161,163,2,178,180,2
PBSA516-70-CX900T5/8S10,"10""",900,SA-516-70,"5/8""",182,184,2,201,203,2
PB304L-CX900T5/8S10,"10""",900,304L,"5/8""",460,465,5,507,512,5
PB316L-CX900T5/8S10,"10""",900,316L,"5/8""",570,576,6,627,634,7
PBAL6061-CX900T5/8S10,"10""",900,AL-6061,"5/8""",155,158,3,171,174,3
PB304-CX900T3/4S10,"10""",900,304,"3/4""",507,511,4,558,563,5
PBSA36-CX900T3/4S10,"10""",900,SA-36,"3/4""",187,188,1,206,207,1
PBSA516-70-CX900T3/4S10,"10""",900,SA-516-70,"3/4""",211,214,3,233,236,3
PB304L-CX900T3/4S10,"10""",900,304L,"3/4""",545,551,6,600,607,7
PB316L-CX900T3/4S10,"10""",900,316L,"3/4""",677,684,7,745,753,8
PBAL6061-CX900T3/4S10,"10""",900,AL-6061,"3/4""",180,182,2,199,201,2
PB304-CX900T7/8S10,"10""",900,304,"7/8""",586,591,5,645,651,6
PBSA36-CX900T7/8S10,"10""",900,SA-36,"7/8""",212,214,2,234,236,2
PBSA516-70-CX900T7/8S10,"10""",900,SA-516-70,"7/8""",241,244,3,266,269,3
PB304L-CX900T7/8S10,"10""",900,304L,"7/8""",631,637,6,695,701,6
PB316L-CX900T7/8S10,"10""",900,316L,"7/8""",784,792,8,863,872,9
PBAL6061-CX900T7/8S10,"10""",900,AL-6061,"7/8""",204,207,3,225,228,3
PB304-CX900T1S10,"10""",900,304,"1""",664,670,6,731,738,7
PBSA36-CX900T1S10,"10""",900,SA-36,"1""",237,240,3,261,264,3
PBSA516-70-CX900T1S10,"10""",900,SA-516-70,"1""",270,274,4,297,302,5
PB304L-CX900T1S10,"10""",900,304L,"1""",716,723,7,788,796,8
PB316L-CX900T1S10,"10""",900,316L,"1""",891,900,9,981,991,10
PBAL6061-CX900T1S10,"10""",900,AL-6061,"1""",228,232,4,251,256,5
PB304-CX900T1-1/8S10,"10""",900,304,"1-1/8""",743,749,6,818,824,6
PBSA36-CX900T1-1/8S10,"10""",900,SA-36,"1-1/8""",263,265,2,290,292,2
PBSA516-70-CX900T1-1/8S10,"10""",900,SA-516-70,"1-1/8""",300,303,3,330,334,4
PB304L-CX900T1-1/8S10,"10""",900,304L,"1-1/8""",801,809,8,882,890,8
PB316L-CX900T1-1/8S10,"10""",900,316L,"1-1/8""",998,1009,11,1098,1110,12
PBAL6061-CX900T1-1/8S10,"10""",900,AL-6061,"1-1/8""",252,256,4,278,282,4
PB304-CX900T1-1/4S10,"10""",900,304,"1-1/4""",821,829,8,904,912,8
PBSA36-CX900T1-1/4S10,"10""",900,SA-36,"1-1/4""",288,291,3,317,321,4
PBSA516-70-CX900T1-1/4S10,"10""",900,SA-516-70,"1-1/4""",329,333,4,362,367,5
PB304L-CX900T1-1/4S10,"10""",900,304L,"1-1/4""",886,894,8,975,984,9
PB316L-CX900T1-1/4S10,"10""",900,316L,"1-1/4""",1105,1117,12,1216,1229,13
PBAL6061-CX900T1-1/4S10,"10""",900,AL-6061,"1-1/4""",276,281,5,304,310,6
PB304-CX900T1-3/8S10,"10""",900,304,"1-3/8""",900,908,8,991,999,8
PBSA36-CX900T1-3/8S10,"10""",900,SA-36,"1-3/8""",313,316,3,345,348,3
PBSA516-70-CX900T1-3/8S10,"10""",900,SA-516-70,"1-3/8""",359,363,4,395,400,5
PB304L-CX900T1-3/8S10,"10""",900,304L,"1-3/8""",971,980,9,1069,1078,9
PB316L-CX900T1-3/8S10,"10""",900,316L,"1-3/8""",1212,1225,13,1334,1348,14
PBAL6061-CX900T1-3/8S10,"10""",900,AL-6061,"1-3/8""",300,305,5,330,336,6
PB304-CX900T1-1/2S10,"10""",900,304,"1-1/2""",979,987,8,1077,1086,9
PBSA36-CX900T1-1/2S10,"10""",900,SA-36,"1-1/2""",339,342,3,373,377,4
PBSA516-70-CX900T1-1/2S10,"10""",900,SA-516-70,"1-1/2""",388,393,5,427,433,6
PB304L-CX900T1-1/2S10,"10""",900,304L,"1-1/2""",1056,1066,10,1162,1173,11
PB316L-CX900T1-1/2S10,"10""",900,316L,"1-1/2""",1319,1333,14,1451,1467,16
PBAL6061-CX900T1-1/2S10,"10""",900,AL-6061,"1-1/2""",324,330,6,357,364,7
PB304-CX900T1-5/8S10,"10""",900,304,"1-5/8""",1057,1067,10,1163,1174,11
PBSA36-CX900T1-5/8S10,"10""",900,SA-36,"1-5/8""",364,368,4,401,405,4
PBSA516-70-CX900T1-5/8S10,"10""",900,SA-516-70,"1-5/8""",418,423,5,460,466,6
PB304L-CX900T1-5/8S10,"10""",900,304L,"1-5/8""",1141,1152,11,1256,1268,12
PB316L-CX900T1-5/8S10,"10""",900,316L,"1-5/8""",1426,1441,15,1569,1586,17
PBAL6061-CX900T1-5/8S10,"10""",900,AL-6061,"1-5/8""",348,355,7,383,391,8
PB304-CX900T1-3/4S10,"10""",900,304,"1-3/4""",1136,1146,10,1250,1261,11
PBSA36-CX900T1-3/4S10,"10""",900,SA-36,"1-3/4""",389,393,4,428,433,5
PBSA516-70-CX900T1-3/4S10,"10""",900,SA-516-70,"1-3/4""",447,453,6,492,499,7
PB304L-CX900T1-3/4S10,"10""",900,304L,"1-3/4""",1226,1238,12,1349,1362,13
PB316L-CX900T1-3/4S10,"10""",900,316L,"1-3/4""",1533,1550,17,1687,1706,19
PBAL6061-CX900T1-3/4S10,"10""",900,AL-6061,"1-3/4""",373,379,6,411,417,6
PB304-CX900T1-7/8S10,"10""",900,304,"1-7/8""",1215,1226,11,1337,1349,12
PBSA36-CX900T1-7/8S10,"10""",900,SA-36,"1-7/8""",415,419,4,457,461,4
PBSA516-70-CX900T1-7/8S10,"10""",900,SA-516-70,"1-7/8""",476,483,7,524,532,8
PB304L-CX900T1-7/8S10,"10""",900,304L,"1-7/8""",1311,1324,13,1443,1457,14
PB316L-CX900T1-7/8S10,"10""",900,316L,"1-7/8""",1641,1658,17,1806,1824,18
PBAL6061-CX900T1-7/8S10,"10""",900,AL-6061,"1-7/8""",397,404,7,437,445,8
PB304-CX900T2S10,"10""",900,304,"2""",1293,1305,12,1423,1436,13
PBSA36-CX900T2S10,"10""",900,SA-36,"2""",440,444,4,485,489,4
PBSA516-70-CX900T2S10,"10""",900,SA-516-70,"2""",506,512,6,557,564,7
PB304L-CX900T2S10,"10""",900,304L,"2""",1396,1410,14,1536,1552,16
PB316L-CX900T2S10,"10""",900,316L,"2""",1748,1766,18,1923,1943,20
PBAL6061-CX900T2S10,"10""",900,AL-6061,"2""",421,428,7,464,471,7
PB304-CX900T2-1/4S10,"10""",900,304,"2-1/4""",1451,1464,13,1597,1611,14
PBSA36-CX900T2-1/4S10,"10""",900,SA-36,"2-1/4""",491,496,5,541,546,5
PBSA516-70-CX900T2-1/4S10,"10""",900,SA-516-70,"2-1/4""",565,572,7,622,630,8
PB304L-CX900T2-1/4S10,"10""",900,304L,"2-1/4""",1567,1582,15,1724,1741,17
PB316L-CX900T2-1/4S10,"10""",900,316L,"2-1/4""",1962,1983,21,2159,2182,23
PBAL6061-CX900T2-1/4S10,"10""",900,AL-6061,"2-1/4""",469,478,9,516,526,10
PB304-CX900T2-1/2S10,"10""",900,304,"2-1/2""",1608,1622,14,1769,1785,16
PBSA36-CX900T2-1/2S10,"10""",900,SA-36,"2-1/2""",541,547,6,596,602,6
PBSA516-70-CX900T2-1/2S10,"10""",900,SA-516-70,"2-1/2""",624,632,8,687,696,9
PB304L-CX900T2-1/2S10,"10""",900,304L,"2-1/2""",1737,1754,17,1911,1930,19
PB316L-CX900T2-1/2S10,"10""",900,316L,"2-1/2""",2176,2199,23,2394,2419,25
PBAL6061-CX900T2-1/2S10,"10""",900,AL-6061,"2-1/2""",517,527,10,569,580,11
PB304-CX900T3S10,"10""",900,304,"3""",1923,1940,17,2116,2134,18
PBSA36-CX900T3S10,"10""",900,SA-36,"3""",643,649,6,708,714,6
PBSA516-70-CX900T3S10,"10""",900,SA-516-70,"3""",741,751,10,816,827,11
PB304L-CX900T3S10,"10""",900,304L,"3""",2077,2098,21,2285,2308,23
PB316L-CX900T3S10,"10""",900,316L,"3""",2604,2632,28,2865,2896,31
PBAL6061-CX900T3S10,"10""",900,AL-6061,"3""",614,625,11,676,688,12
PB304-CX900T11GAS12,"12""",900,304,11 Gauge,136,137,1,150,151,1
PBSA516-70-CX900T11GAS12,"12""",900,SA-516-70,11 Gauge,74,75,1,82,83,1
PB304L-CX900T11GAS12,"12""",900,304L,11 Gauge,144,145,1,159,160,1
PB316L-CX900T11GAS12,"12""",900,316L,11 Gauge,171,173,2,189,191,2
PB304-CX900T1/8S12,"12""",900,304,"1/8""",140,141,1,154,156,2
PBSA36-CX900T1/8S12,"12""",900,SA-36,"1/8""",70,71,1,77,79,2
PB304L-CX900T1/8S12,"12""",900,304L,"1/8""",149,150,1,164,165,1
PB316L-CX900T1/8S12,"12""",900,316L,"1/8""",177,179,2,195,197,2
PBAL6061-CX900T1/8S12,"12""",900,AL-6061,"1/8""",69,70,1,76,77,1
PB304-CX900T3/16S12,"12""",900,304,"3/16""",192,193,1,212,213,1
PBSA36-CX900T3/16S12,"12""",900,SA-36,"3/16""",87,88,1,96,97,1
PBSA516-70-CX900T3/16S12,"12""",900,SA-516-70,"3/16""",95,96,1,105,106,1
PB304L-CX900T3/16S12,"12""",900,304L,"3/16""",204,206,2,225,227,2
PB316L-CX900T3/16S12,"12""",900,316L,"3/16""",247,250,3,272,275,3
PBAL6061-CX900T3/16S12,"12""",900,AL-6061,"3/16""",85,86,1,94,95,1
PB304-CX900T1/4S12,"12""",900,304,"1/4""",243,245,2,268,270,2
PBSA516-70-CX900T1/4S12,"12""",900,SA-516-70,"1/4""",114,115,1,126,127,1
PB304L-CX900T1/4S12,"12""",900,304L,"1/4""",260,262,2,286,289,3
PB316L-CX900T1/4S12,"12""",900,316L,"1/4""",317,320,3,349,352,3
PBAL6061-CX900T1/4S12,"12""",900,AL-6061,"1/4""",100,102,2,111,113,2
PB304-CX900T5/16S12,"12""",900,304,"5/16""",295,297,2,325,327,2
PBSA36-CX900T5/16S12,"12""",900,SA-36,"5/16""",120,121,1,132,134,2
PBSA516-70-CX900T5/16S12,"12""",900,SA-516-70,"5/16""",134,135,1,148,149,1
PB304L-CX900T5/16S12,"12""",900,304L,"5/16""",316,318,2,348,350,2
PB316L-CX900T5/16S12,"12""",900,316L,"5/16""",387,391,4,426,431,5
PBAL6061-CX900T5/16S12,"12""",900,AL-6061,"5/16""",116,118,2,128,130,2
PB304-CX900T3/8S12,"12""",900,304,"3/8""",346,349,3,381,384,3
PBSA36-CX900T3/8S12,"12""",900,SA-36,"3/8""",137,138,1,151,152,1
PBSA516-70-CX900T3/8S12,"12""",900,SA-516-70,"3/8""",153,154,1,169,170,1
PB304L-CX900T3/8S12,"12""",900,304L,"3/8""",371,375,4,409,413,4
PB316L-CX900T3/8S12,"12""",900,316L,"3/8""",457,462,5,503,509,6
PBAL6061-CX900T3/8S12,"12""",900,AL-6061,"3/8""",132,134,2,146,148,2
PB304-CX900T1/2S12,"12""",900,304,"1/2""",449,453,4,494,499,5
PBSA36-CX900T1/2S12,"12""",900,SA-36,"1/2""",170,171,1,188,189,1
PBSA516-70-CX900T1/2S12,"12""",900,SA-516-70,"1/2""",191,193,2,211,213,2
PB304L-CX900T1/2S12,"12""",900,304L,"1/2""",483,487,4,532,536,4
PB316L-CX900T1/2S12,"12""",900,316L,"1/2""",597,603,6,657,664,7
PBAL6061-CX900T1/2S12,"12""",900,AL-6061,"1/2""",164,166,2,181,183,2
PB304-CX900T5/8S12,"12""",900,304,"5/8""",552,556,4,608,612,4
PBSA36-CX900T5/8S12,"12""",900,SA-36,"5/8""",203,205,2,224,226,2
PBSA516-70-CX900T5/8S12,"12""",900,SA-516-70,"5/8""",230,233,3,254,257,3
PB304L-CX900T5/8S12,"12""",900,304L,"5/8""",594,599,5,654,659,5
PB316L-CX900T5/8S12,"12""",900,316L,"5/8""",737,745,8,811,820,9
PBAL6061-CX900T5/8S12,"12""",900,AL-6061,"5/8""",195,198,3,215,218,3
PB304-CX900T3/4S12,"12""",900,304,"3/4""",655,660,5,721,727,6
PBSA36-CX900T3/4S12,"12""",900,SA-36,"3/4""",236,238,2,260,262,2
PBSA516-70-CX900T3/4S12,"12""",900,SA-516-70,"3/4""",268,272,4,295,300,5
PB304L-CX900T3/4S12,"12""",900,304L,"3/4""",705,712,7,776,784,8
PB316L-CX900T3/4S12,"12""",900,316L,"3/4""",877,887,10,965,976,11
PBAL6061-CX900T3/4S12,"12""",900,AL-6061,"3/4""",227,230,3,250,254,4
PB304-CX900T7/8S12,"12""",900,304,"7/8""",758,764,6,834,841,7
PBSA36-CX900T7/8S12,"12""",900,SA-36,"7/8""",269,272,3,296,300,4
PBSA516-70-CX900T7/8S12,"12""",900,SA-516-70,"7/8""",307,311,4,338,343,5
PB304L-CX900T7/8S12,"12""",900,304L,"7/8""",817,824,7,899,907,8
PB316L-CX900T7/8S12,"12""",900,316L,"7/8""",1017,1028,11,1119,1131,12
PBAL6061-CX900T7/8S12,"12""",900,AL-6061,"7/8""",258,263,5,284,290,6
PB304-CX900T1S12,"12""",900,304,"1""",860,868,8,947,955,8
PBSA36-CX900T1S12,"12""",900,SA-36,"1""",302,305,3,333,336,3
PBSA516-70-CX900T1S12,"12""",900,SA-516-70,"1""",345,350,5,380,386,6
PB304L-CX900T1S12,"12""",900,304L,"1""",928,937,9,1021,1031,10
PB316L-CX900T1S12,"12""",900,316L,"1""",1158,1170,12,1274,1287,13
PBAL6061-CX900T1S12,"12""",900,AL-6061,"1""",290,295,5,319,325,6
PB304-CX900T1-1/8S12,"12""",900,304,"1-1/8""",963,972,9,1060,1070,10
PBSA36-CX900T1-1/8S12,"12""",900,SA-36,"1-1/8""",336,339,3,370,373,3
PBSA516-70-CX900T1-1/8S12,"12""",900,SA-516-70,"1-1/8""",384,389,5,423,428,5
PB304L-CX900T1-1/8S12,"12""",900,304L,"1-1/8""",1039,1049,10,1143,1154,11
PB316L-CX900T1-1/8S12,"12""",900,316L,"1-1/8""",1297,1311,14,1427,1443,16
PBAL6061-CX900T1-1/8S12,"12""",900,AL-6061,"1-1/8""",321,327,6,354,360,6
PB304-CX900T1-1/4S12,"12""",900,304,"1-1/4""",1066,1076,10,1173,1184,11
PBSA36-CX900T1-1/4S12,"12""",900,SA-36,"1-1/4""",369,372,3,406,410,4
PBSA516-70-CX900T1-1/4S12,"12""",900,SA-516-70,"1-1/4""",422,428,6,465,471,6
PB304L-CX900T1-1/4S12,"12""",900,304L,"1-1/4""",1150,1162,12,1265,1279,14
PB316L-CX900T1-1/4S12,"12""",900,316L,"1-1/4""",1437,1453,16,1581,1599,18
PBAL6061-CX900T1-1/4S12,"12""",900,AL-6061,"1-1/4""",353,359,6,389,395,6
PB304-CX900T1-3/8S12,"12""",900,304,"1-3/8""",1169,1179,10,1286,1297,11
PBSA36-CX900T1-3/8S12,"12""",900,SA-36,"1-3/8""",402,406,4,443,447,4
PBSA516-70-CX900T1-3/8S12,"12""",900,SA-516-70,"1-3/8""",461,467,6,508,514,6
PB304L-CX900T1-3/8S12,"12""",900,304L,"1-3/8""",1262,1274,12,1389,1402,13
PB316L-CX900T1-3/8S12,"12""",900,316L,"1-3/8""",1577,1594,17,1735,1754,19
PBAL6061-CX900T1-3/8S12,"12""",900,AL-6061,"1-3/8""",384,391,7,423,431,8
PB304-CX900T1-1/2S12,"12""",900,304,"1-1/2""",1272,1283,11,1400,1412,12
PBSA36-CX900T1-1/2S12,"12""",900,SA-36,"1-1/2""",435,439,4,479,483,4
PBSA516-70-CX900T1-1/2S12,"12""",900,SA-516-70,"1-1/2""",499,506,7,549,557,8
PB304L-CX900T1-1/2S12,"12""",900,304L,"1-1/2""",1373,1387,14,1511,1526,15
PB316L-CX900T1-1/2S12,"12""",900,316L,"1-1/2""",1717,1736,19,1889,1910,21
PBAL6061-CX900T1-1/2S12,"12""",900,AL-6061,"1-1/2""",416,423,7,458,466,8
PB304-CX900T1-5/8S12,"12""",900,304,"1-5/8""",1375,1387,12,1513,1526,13
PBSA36-CX900T1-5/8S12,"12""",900,SA-36,"1-5/8""",468,473,5,515,521,6
PBSA516-70-CX900T1-5/8S12,"12""",900,SA-516-70,"1-5/8""",538,545,7,592,600,8
PB304L-CX900T1-5/8S12,"12""",900,304L,"1-5/8""",1484,1499,15,1633,1649,16
PB316L-CX900T1-5/8S12,"12""",900,316L,"1-5/8""",1858,1877,19,2044,2065,21
PBAL6061-CX900T1-5/8S12,"12""",900,AL-6061,"1-5/8""",448,456,8,493,502,9
PB304-CX900T1-3/4S12,"12""",900,304,"1-3/4""",1478,1491,13,1626,1641,15
PBSA36-CX900T1-3/4S12,"12""",900,SA-36,"1-3/4""",501,506,5,552,557,5
PBSA516-70-CX900T1-3/4S12,"12""",900,SA-516-70,"1-3/4""",576,584,8,634,643,9
PB304L-CX900T1-3/4S12,"12""",900,304L,"1-3/4""",1596,1611,15,1756,1773,17
PB316L-CX900T1-3/4S12,"12""",900,316L,"1-3/4""",1997,2019,22,2197,2221,24
PBAL6061-CX900T1-3/4S12,"12""",900,AL-6061,"1-3/4""",479,488,9,527,537,10
PB304-CX900T1-7/8S12,"12""",900,304,"1-7/8""",1581,1595,14,1740,1755,15
PBSA36-CX900T1-7/8S12,"12""",900,SA-36,"1-7/8""",534,540,6,588,594,6
PBSA516-70-CX900T1-7/8S12,"12""",900,SA-516-70,"1-7/8""",615,623,8,677,686,9
PB304L-CX900T1-7/8S12,"12""",900,304L,"1-7/8""",1707,1724,17,1878,1897,19
PB316L-CX900T1-7/8S12,"12""",900,316L,"1-7/8""",2138,2160,22,2352,2376,24
PBAL6061-CX900T1-7/8S12,"12""",900,AL-6061,"1-7/8""",511,520,9,563,572,9
PB304-CX900T2S12,"12""",900,304,"2""",1684,1699,15,1853,1869,16
PBSA36-CX900T2S12,"12""",900,SA-36,"2""",567,573,6,624,631,7
PBSA516-70-CX900T2S12,"12""",900,SA-516-70,"2""",653,662,9,719,729,10
PB304L-CX900T2S12,"12""",900,304L,"2""",1818,1836,18,2000,2020,20
PB316L-CX900T2S12,"12""",900,316L,"2""",2277,2302,25,2505,2533,28
PBAL6061-CX900T2S12,"12""",900,AL-6061,"2""",542,552,10,597,608,11
PB304-CX900T2-1/4S12,"12""",900,304,"2-1/4""",1889,1906,17,2078,2097,19
PBSA36-CX900T2-1/4S12,"12""",900,SA-36,"2-1/4""",634,640,6,698,704,6
PBSA516-70-CX900T2-1/4S12,"12""",900,SA-516-70,"2-1/4""",730,740,10,804,815,11
PB304L-CX900T2-1/4S12,"12""",900,304L,"2-1/4""",2041,2061,20,2246,2268,22
PB316L-CX900T2-1/4S12,"12""",900,316L,"2-1/4""",2558,2585,27,2814,2844,30
PBAL6061-CX900T2-1/4S12,"12""",900,AL-6061,"2-1/4""",605,617,12,666,679,13
PB304-CX900T2-1/2S12,"12""",900,304,"2-1/2""",2095,2114,19,2305,2326,21
PBSA36-CX900T2-1/2S12,"12""",900,SA-36,"2-1/2""",700,707,7,771,778,7
PBSA516-70-CX900T2-1/2S12,"12""",900,SA-516-70,"2-1/2""",807,818,11,888,900,12
PB304L-CX900T2-1/2S12,"12""",900,304L,"2-1/2""",2264,2286,22,2491,2515,24
PB316L-CX900T2-1/2S12,"12""",900,316L,"2-1/2""",2838,2868,30,3122,3155,33
PBAL6061-CX900T2-1/2S12,"12""",900,AL-6061,"2-1/2""",668,681,13,735,750,15
PB304-CX900T3S12,"12""",900,304,"3""",2507,2529,22,2758,2782,24
PBSA36-CX900T3S12,"12""",900,SA-36,"3""",832,841,9,916,926,10
PBSA516-70-CX900T3S12,"12""",900,SA-516-70,"3""",961,974,13,1058,1072,14
PB304L-CX900T3S12,"12""",900,304L,"3""",2709,2736,27,2980,3010,30
PB316L-CX900T3S12,"12""",900,316L,"3""",3398,3434,36,3738,3778,40
PBAL6061-CX900T3S12,"12""",900,AL-6061,"3""",795,810,15,875,892,17
PB304-CX900T11GAS14,"14""",900,304,11 Gauge,148,149,1,163,164,1
PBSA36-CX900T11GAS14,"14""",900,SA-36,11 Gauge,75,76,1,83,84,1
PB304L-CX900T11GAS14,"14""",900,304L,11 Gauge,157,158,1,173,174,1
PB316L-CX900T11GAS14,"14""",900,316L,11 Gauge,187,189,2,206,208,2
PB304-CX900T1/8S14,"14""",900,304,"1/8""",153,154,1,169,170,1
PB304L-CX900T1/8S14,"14""",900,304L,"1/8""",162,164,2,179,181,2
PB316L-CX900T1/8S14,"14""",900,316L,"1/8""",194,195,1,214,215,1
PBAL6061-CX900T1/8S14,"14""",900,AL-6061,"1/8""",75,76,1,83,84,1
PB304-CX900T3/16S14,"14""",900,304,"3/16""",209,211,2,230,233,3
PBSA36-CX900T3/16S14,"14""",900,SA-36,"3/16""",95,96,1,105,106,1
PBSA516-70-CX900T3/16S14,"14""",900,SA-516-70,"3/16""",104,105,1,115,116,1
PB304L-CX900T3/16S14,"14""",900,304L,"3/16""",223,225,2,246,248,2
PB316L-CX900T3/16S14,"14""",900,316L,"3/16""",270,272,2,297,300,3
PBAL6061-CX900T3/16S14,"14""",900,AL-6061,"3/16""",92,93,1,102,103,1
PB304-CX900T1/4S14,"14""",900,304,"1/4""",265,267,2,292,294,2
PBSA36-CX900T1/4S14,"14""",900,SA-36,"1/4""",113,114,1,125,126,1
PBSA516-70-CX900T1/4S14,"14""",900,SA-516-70,"1/4""",125,126,1,138,139,1
PB304L-CX900T1/4S14,"14""",900,304L,"1/4""",284,286,2,313,315,2
PB316L-CX900T1/4S14,"14""",900,316L,"1/4""",346,350,4,381,386,5
PBAL6061-CX900T1/4S14,"14""",900,AL-6061,"1/4""",110,111,1,122,123,1
PB304-CX900T5/16S14,"14""",900,304,"5/16""",322,324,2,355,357,2
PBSA36-CX900T5/16S14,"14""",900,SA-36,"5/16""",131,132,1,145,146,1
PBSA516-70-CX900T5/16S14,"14""",900,SA-516-70,"5/16""",146,147,1,161,162,1
PB304L-CX900T5/16S14,"14""",900,304L,"5/16""",345,348,3,380,383,3
PB316L-CX900T5/16S14,"14""",900,316L,"5/16""",423,427,4,466,470,4
PBAL6061-CX900T5/16S14,"14""",900,AL-6061,"5/16""",127,129,2,140,142,2
PB304-CX900T3/8S14,"14""",900,304,"3/8""",378,381,3,416,420,4
PBSA36-CX900T3/8S14,"14""",900,SA-36,"3/8""",149,150,1,164,165,1
PBSA516-70-CX900T3/8S14,"14""",900,SA-516-70,"3/8""",167,169,2,184,186,2
PB304L-CX900T3/8S14,"14""",900,304L,"3/8""",405,409,4,446,450,4
PB316L-CX900T3/8S14,"14""",900,316L,"3/8""",499,504,5,549,555,6
PBAL6061-CX900T3/8S14,"14""",900,AL-6061,"3/8""",144,146,2,159,161,2
PB304-CX900T1/2S14,"14""",900,304,"1/2""",490,494,4,539,544,5
PBSA36-CX900T1/2S14,"14""",900,SA-36,"1/2""",185,187,2,204,206,2
PBSA516-70-CX900T1/2S14,"14""",900,SA-516-70,"1/2""",209,211,2,230,233,3
PB304L-CX900T1/2S14,"14""",900,304L,"1/2""",527,532,5,580,586,6
PB316L-CX900T1/2S14,"14""",900,316L,"1/2""",652,659,7,718,725,7
PBAL6061-CX900T1/2S14,"14""",900,AL-6061,"1/2""",178,181,3,196,200,4
PB304-CX900T5/8S14,"14""",900,304,"5/8""",602,607,5,663,668,5
PBSA36-CX900T5/8S14,"14""",900,SA-36,"5/8""",222,223,1,245,246,1
PBSA516-70-CX900T5/8S14,"14""",900,SA-516-70,"5/8""",251,254,3,277,280,3
PB304L-CX900T5/8S14,"14""",900,304L,"5/8""",648,654,6,713,720,7
PB316L-CX900T5/8S14,"14""",900,316L,"5/8""",805,813,8,886,895,9
PBAL6061-CX900T5/8S14,"14""",900,AL-6061,"5/8""",213,216,3,235,238,3
PB304-CX900T3/4S14,"14""",900,304,"3/4""",715,721,6,787,794,7
PBSA36-CX900T3/4S14,"14""",900,SA-36,"3/4""",258,260,2,284,286,2
PBSA516-70-CX900T3/4S14,"14""",900,SA-516-70,"3/4""",293,296,3,323,326,3
PB304L-CX900T3/4S14,"14""",900,304L,"3/4""",770,777,7,848,855,7
PB316L-CX900T3/4S14,"14""",900,316L,"3/4""",958,968,10,1054,1065,11
PBAL6061-CX900T3/4S14,"14""",900,AL-6061,"3/4""",247,251,4,272,277,5
PB304-CX900T7/8S14,"14""",900,304,"7/8""",827,834,7,910,918,8
PBSA36-CX900T7/8S14,"14""",900,SA-36,"7/8""",294,297,3,324,327,3
PBSA516-70-CX900T7/8S14,"14""",900,SA-516-70,"7/8""",335,339,4,369,373,4
PB304L-CX900T7/8S14,"14""",900,304L,"7/8""",891,900,9,981,991,10
PB316L-CX900T7/8S14,"14""",900,316L,"7/8""",1111,1122,11,1223,1235,12
PBAL6061-CX900T7/8S14,"14""",900,AL-6061,"7/8""",282,287,5,311,316,5
PB304-CX900T1S14,"14""",900,304,"1""",939,947,8,1033,1042,9
PBSA36-CX900T1S14,"14""",900,SA-36,"1""",330,333,3,364,367,3
PBSA516-70-CX900T1S14,"14""",900,SA-516-70,"1""",377,382,5,415,421,6
PB304L-CX900T1S14,"14""",900,304L,"1""",1013,1023,10,1115,1126,11
PB316L-CX900T1S14,"14""",900,316L,"1""",1263,1277,14,1390,1405,15
PBAL6061-CX900T1S14,"14""",900,AL-6061,"1""",316,322,6,348,355,7
PB304-CX900T1-1/8S14,"14""",900,304,"1-1/8""",1052,1061,9,1158,1168,10
PBSA36-CX900T1-1/8S14,"14""",900,SA-36,"1-1/8""",366,370,4,403,408,5
PBSA516-70-CX900T1-1/8S14,"14""",900,SA-516-70,"1-1/8""",419,424,5,461,467,6
PB304L-CX900T1-1/8S14,"14""",900,304L,"1-1/8""",1134,1145,11,1248,1260,12
PB316L-CX900T1-1/8S14,"14""",900,316L,"1-1/8""",1416,1431,15,1558,1575,17
PBAL6061-CX900T1-1/8S14,"14""",900,AL-6061,"1-1/8""",351,357,6,387,393,6
PB304-CX900T1-1/4S14,"14""",900,304,"1-1/4""",1164,1174,10,1281,1292,11
PBSA36-CX900T1-1/4S14,"14""",900,SA-36,"1-1/4""",402,406,4,443,447,4
PBSA516-70-CX900T1-1/4S14,"14""",900,SA-516-70,"1-1/4""",461,467,6,508,514,6
PB304L-CX900T1-1/4S14,"14""",900,304L,"1-1/4""",1256,1268,12,1382,1395,13
PB316L-CX900T1-1/4S14,"14""",900,316L,"1-1/4""",1569,1586,17,1726,1745,19
PBAL6061-CX900T1-1/4S14,"14""",900,AL-6061,"1-1/4""",385,392,7,424,432,8
PB304-CX900T1-3/8S14,"14""",900,304,"1-3/8""",1276,1287,11,1404,1416,12
PBSA36-CX900T1-3/8S14,"14""",900,SA-36,"1-3/8""",439,443,4,483,488,5
PBSA516-70-CX900T1-3/8S14,"14""",900,SA-516-70,"1-3/8""",503,509,6,554,560,6
PB304L-CX900T1-3/8S14,"14""",900,304L,"1-3/8""",1377,1391,14,1515,1531,16
PB316L-CX900T1-3/8S14,"14""",900,316L,"1-3/8""",1722,1740,18,1895,1915,20
PBAL6061-CX900T1-3/8S14,"14""",900,AL-6061,"1-3/8""",420,427,7,463,470,7
PB304-CX900T1-1/2S14,"14""",900,304,"1-1/2""",1389,1401,12,1528,1542,14
PBSA36-CX900T1-1/2S14,"14""",900,SA-36,"1-1/2""",475,479,4,523,527,4
PBSA516-70-CX900T1-1/2S14,"14""",900,SA-516-70,"1-1/2""",545,552,7,600,608,8
PB304L-CX900T1-1/2S14,"14""",900,304L,"1-1/2""",1499,1514,15,1649,1666,17
PB316L-CX900T1-1/2S14,"14""",900,316L,"1-1/2""",1875,1895,20,2063,2085,22
PBAL6061-CX900T1-1/2S14,"14""",900,AL-6061,"1-1/2""",454,462,8,500,509,9
PB304-CX900T1-5/8S14,"14""",900,304,"1-5/8""",1501,1514,13,1652,1666,14
PBSA36-CX900T1-5/8S14,"14""",900,SA-36,"1-5/8""",511,516,5,563,568,5
PBSA516-70-CX900T1-5/8S14,"14""",900,SA-516-70,"1-5/8""",587,595,8,646,655,9
PB304L-CX900T1-5/8S14,"14""",900,304L,"1-5/8""",1620,1636,16,1783,1800,17
PB316L-CX900T1-5/8S14,"14""",900,316L,"1-5/8""",2028,2049,21,2231,2254,23
PBAL6061-CX900T1-5/8S14,"14""",900,AL-6061,"1-5/8""",488,497,9,537,547,10
PB304-CX900T1-3/4S14,"14""",900,304,"1-3/4""",1613,1628,15,1775,1791,16
PBSA36-CX900T1-3/4S14,"14""",900,SA-36,"1-3/4""",547,552,5,602,608,6
PBSA516-70-CX900T1-3/4S14,"14""",900,SA-516-70,"1-3/4""",629,637,8,692,701,9
PB304L-CX900T1-3/4S14,"14""",900,304L,"1-3/4""",1742,1759,17,1917,1935,18
PB316L-CX900T1-3/4S14,"14""",900,316L,"1-3/4""",2181,2204,23,2400,2425,25
PBAL6061-CX900T1-3/4S14,"14""",900,AL-6061,"1-3/4""",523,533,10,576,587,11
PB304-CX900T1-7/8S14,"14""",900,304,"1-7/8""",1725,1741,16,1898,1916,18
PBSA36-CX900T1-7/8S14,"14""",900,SA-36,"1-7/8""",583,589,6,642,648,6
PBSA516-70-CX900T1-7/8S14,"14""",900,SA-516-70,"1-7/8""",671,680,9,739,749,10
PB304L-CX900T1-7/8S14,"14""",900,304L,"1-7/8""",1863,1882,19,2050,2071,21
PB316L-CX900T1-7/8S14,"14""",900,316L,"1-7/8""",2333,2358,25,2567,2594,27
PBAL6061-CX900T1-7/8S14,"14""",900,AL-6061,"1-7/8""",557,568,11,613,625,12
PB304-CX900T2S14,"14""",900,304,"2""",1838,1854,16,2022,2040,18
PBSA36-CX900T2S14,"14""",900,SA-36,"2""",619,626,7,681,689,8
PBSA516-70-CX900T2S14,"14""",900,SA-516-70,"2""",713,723,10,785,796,11
PB304L-CX900T2S14,"14""",900,304L,"2""",1985,2004,19,2184,2205,21
PB316L-CX900T2S14,"14""",900,316L,"2""",2486,2513,27,2735,2765,30
PBAL6061-CX900T2S14,"14""",900,AL-6061,"2""",592,603,11,652,664,12
PB304-CX900T2-1/4S14,"14""",900,304,"2-1/4""",2062,2081,19,2269,2290,21
PBSA36-CX900T2-1/4S14,"14""",900,SA-36,"2-1/4""",692,699,7,762,769,7
PBSA516-70-CX900T2-1/4S14,"14""",900,SA-516-70,"2-1/4""",797,808,11,877,889,12
PB304L-CX900T2-1/4S14,"14""",900,304L,"2-1/4""",2228,2250,22,2451,2475,24
PB316L-CX900T2-1/4S14,"14""",900,316L,"2-1/4""",2792,2822,30,3072,3105,33
PBAL6061-CX900T2-1/4S14,"14""",900,AL-6061,"2-1/4""",661,673,12,728,741,13
PB304-CX900T2-1/2S14,"14""",900,304,"2-1/2""",2287,2308,21,2516,2539,23
PBSA36-CX900T2-1/2S14,"14""",900,SA-36,"2-1/2""",764,772,8,841,850,9
PBSA516-70-CX900T2-1/2S14,"14""",900,SA-516-70,"2-1/2""",881,893,12,970,983,13
PB304L-CX900T2-1/2S14,"14""",900,304L,"2-1/2""",2471,2495,24,2719,2745,26
PB316L-CX900T2-1/2S14,"14""",900,316L,"2-1/2""",3097,3130,33,3407,3444,37
PBAL6061-CX900T2-1/2S14,"14""",900,AL-6061,"2-1/2""",730,743,13,804,818,14
PB304-CX900T3S14,"14""",900,304,"3""",2736,2761,25,3010,3038,28
PBSA36-CX900T3S14,"14""",900,SA-36,"3""",909,918,9,1000,1010,10
PBSA516-70-CX900T3S14,"14""",900,SA-516-70,"3""",1049,1063,14,1154,1170,16
PB304L-CX900T3S14,"14""",900,304L,"3""",2957,2986,29,3253,3285,32
PB316L-CX900T3S14,"14""",900,316L,"3""",3709,3748,39,4080,4123,43
PBAL6061-CX900T3S14,"14""",900,AL-6061,"3""",867,884,17,954,973,19
PB304-CX900T11GAS16,"16""",900,304,11 Gauge,176,177,1,194,195,1
PBSA516-70-CX900T11GAS16,"16""",900,SA-516-70,11 Gauge,94,95,1,104,105,1
PB304L-CX900T11GAS16,"16""",900,304L,11 Gauge,186,188,2,205,207,2
PB316L-CX900T11GAS16,"16""",900,316L,11 Gauge,223,225,2,246,248,2
PBAL6061-CX900T11GAS16,"16""",900,AL-6061,11 Gauge,85,86,1,94,95,1
PB304-CX900T1/8S16,"16""",900,304,"1/8""",182,183,1,201,202,1
PBSA516-70-CX900T1/8S16,"16""",900,SA-516-70,"1/8""",96,97,1,106,107,1
PB304L-CX900T1/8S16,"16""",900,304L,"1/8""",193,194,1,213,214,1
PB316L-CX900T1/8S16,"16""",900,316L,"1/8""",231,233,2,255,257,2
PBAL6061-CX900T1/8S16,"16""",900,AL-6061,"1/8""",87,88,1,96,97,1
PB304-CX900T3/16S16,"16""",900,304,"3/16""",250,252,2,275,278,3
PBSA36-CX900T3/16S16,"16""",900,SA-36,"3/16""",111,112,1,123,124,1
PBSA516-70-CX900T3/16S16,"16""",900,SA-516-70,"3/16""",122,123,1,135,136,1
PB304L-CX900T3/16S16,"16""",900,304L,"3/16""",267,269,2,294,296,2
PB316L-CX900T3/16S16,"16""",900,316L,"3/16""",324,327,3,357,360,3
PBAL6061-CX900T3/16S16,"16""",900,AL-6061,"3/16""",108,109,1,119,120,1
PB304-CX900T1/4S16,"16""",900,304,"1/4""",318,321,3,350,354,4
PBSA36-CX900T1/4S16,"16""",900,SA-36,"1/4""",133,134,1,147,148,1
PBSA516-70-CX900T1/4S16,"16""",900,SA-516-70,"1/4""",147,149,2,162,164,2
PB304L-CX900T1/4S16,"16""",900,304L,"1/4""",341,344,3,376,379,3
PB316L-CX900T1/4S16,"16""",900,316L,"1/4""",417,421,4,459,464,5
PBAL6061-CX900T1/4S16,"16""",900,AL-6061,"1/4""",129,130,1,142,143,1
PB304-CX900T5/16S16,"16""",900,304,"5/16""",387,390,3,426,430,4
PBSA36-CX900T5/16S16,"16""",900,SA-36,"5/16""",155,156,1,171,172,1
PBSA516-70-CX900T5/16S16,"16""",900,SA-516-70,"5/16""",173,175,2,191,193,2
PB304L-CX900T5/16S16,"16""",900,304L,"5/16""",415,418,3,457,460,3
PB316L-CX900T5/16S16,"16""",900,316L,"5/16""",510,515,5,561,567,6
PBAL6061-CX900T5/16S16,"16""",900,AL-6061,"5/16""",150,152,2,165,168,3
PB304-CX900T3/8S16,"16""",900,304,"3/8""",455,459,4,501,505,4
PBSA36-CX900T3/8S16,"16""",900,SA-36,"3/8""",177,178,1,195,196,1
PBSA516-70-CX900T3/8S16,"16""",900,SA-516-70,"3/8""",198,200,2,218,221,3
PB304L-CX900T3/8S16,"16""",900,304L,"3/8""",488,493,5,537,543,6
PB316L-CX900T3/8S16,"16""",900,316L,"3/8""",603,609,6,664,670,6
PBAL6061-CX900T3/8S16,"16""",900,AL-6061,"3/8""",171,173,2,189,191,2
PB304-CX900T1/2S16,"16""",900,304,"1/2""",592,597,5,652,657,5
PBSA36-CX900T1/2S16,"16""",900,SA-36,"1/2""",221,223,2,244,246,2
PBSA516-70-CX900T1/2S16,"16""",900,SA-516-70,"1/2""",249,252,3,274,278,4
PB304L-CX900T1/2S16,"16""",900,304L,"1/2""",636,642,6,700,707,7
PB316L-CX900T1/2S16,"16""",900,316L,"1/2""",789,797,8,868,877,9
PBAL6061-CX900T1/2S16,"16""",900,AL-6061,"1/2""",213,216,3,235,238,3
PB304-CX900T5/8S16,"16""",900,304,"5/8""",728,734,6,801,808,7
PBSA36-CX900T5/8S16,"16""",900,SA-36,"5/8""",265,267,2,292,294,2
PBSA516-70-CX900T5/8S16,"16""",900,SA-516-70,"5/8""",301,304,3,332,335,3
PB304L-CX900T5/8S16,"16""",900,304L,"5/8""",784,791,7,863,871,8
PB316L-CX900T5/8S16,"16""",900,316L,"5/8""",975,985,10,1073,1084,11
PBAL6061-CX900T5/8S16,"16""",900,AL-6061,"5/8""",254,259,5,280,285,5
PB304-CX900T3/4S16,"16""",900,304,"3/4""",865,872,7,952,960,8
PBSA36-CX900T3/4S16,"16""",900,SA-36,"3/4""",309,312,3,340,344,4
PBSA516-70-CX900T3/4S16,"16""",900,SA-516-70,"3/4""",352,356,4,388,392,4
PB304L-CX900T3/4S16,"16""",900,304L,"3/4""",932,941,9,1026,1036,10
PB316L-CX900T3/4S16,"16""",900,316L,"3/4""",1161,1173,12,1278,1291,13
PBAL6061-CX900T3/4S16,"16""",900,AL-6061,"3/4""",296,301,5,326,332,6
PB304-CX900T7/8S16,"16""",900,304,"7/8""",1001,1010,9,1102,1111,9
PBSA36-CX900T7/8S16,"16""",900,SA-36,"7/8""",353,356,3,389,392,3
PBSA516-70-CX900T7/8S16,"16""",900,SA-516-70,"7/8""",403,408,5,444,449,5
PB304L-CX900T7/8S16,"16""",900,304L,"7/8""",1080,1090,10,1188,1199,11
PB316L-CX900T7/8S16,"16""",900,316L,"7/8""",1347,1361,14,1482,1498,16
PBAL6061-CX900T7/8S16,"16""",900,AL-6061,"7/8""",338,344,6,372,379,7
PB304-CX900T1S16,"16""",900,304,"1""",1138,1148,10,1252,1263,11
PBSA36-CX900T1S16,"16""",900,SA-36,"1""",397,401,4,437,442,5
PBSA516-70-CX900T1S16,"16""",900,SA-516-70,"1""",454,460,6,500,507,7
PB304L-CX900T1S16,"16""",900,304L,"1""",1228,1239,11,1351,1363,12
PB316L-CX900T1S16,"16""",900,316L,"1""",1532,1548,16,1686,1703,17
PBAL6061-CX900T1S16,"16""",900,AL-6061,"1""",380,387,7,419,426,7
PB304-CX900T1-1/8S16,"16""",900,304,"1-1/8""",1275,1286,11,1403,1415,12
PBSA36-CX900T1-1/8S16,"16""",900,SA-36,"1-1/8""",441,445,4,486,490,4
PBSA516-70-CX900T1-1/8S16,"16""",900,SA-516-70,"1-1/8""",505,512,7,556,564,8
PB304L-CX900T1-1/8S16,"16""",900,304L,"1-1/8""",1375,1389,14,1513,1528,15
PB316L-CX900T1-1/8S16,"16""",900,316L,"1-1/8""",1718,1736,18,1890,1910,20
PBAL6061-CX900T1-1/8S16,"16""",900,AL-6061,"1-1/8""",422,430,8,465,474,9
PB304-CX900T1-1/4S16,"16""",900,304,"1-1/4""",1411,1424,13,1553,1567,14
PBSA36-CX900T1-1/4S16,"16""",900,SA-36,"1-1/4""",485,490,5,534,539,5
PBSA516-70-CX900T1-1/4S16,"16""",900,SA-516-70,"1-1/4""",556,563,7,612,620,8
PB304L-CX900T1-1/4S16,"16""",900,304L,"1-1/4""",1523,1538,15,1676,1692,16
PB316L-CX900T1-1/4S16,"16""",900,316L,"1-1/4""",1904,1924,20,2095,2117,22
PBAL6061-CX900T1-1/4S16,"16""",900,AL-6061,"1-1/4""",464,472,8,511,520,9
PB304-CX900T1-3/8S16,"16""",900,304,"1-3/8""",1548,1562,14,1703,1719,16
PBSA36-CX900T1-3/8S16,"16""",900,SA-36,"1-3/8""",529,534,5,582,588,6
PBSA516-70-CX900T1-3/8S16,"16""",900,SA-516-70,"1-3/8""",607,615,8,668,677,9
PB304L-CX900T1-3/8S16,"16""",900,304L,"1-3/8""",1671,1687,16,1839,1856,17
PB316L-CX900T1-3/8S16,"16""",900,316L,"1-3/8""",2090,2112,22,2299,2324,25
PBAL6061-CX900T1-3/8S16,"16""",900,AL-6061,"1-3/8""",506,515,9,557,567,10
PB304-CX900T1-1/2S16,"16""",900,304,"1-1/2""",1685,1700,15,1854,1871,17
PBSA36-CX900T1-1/2S16,"16""",900,SA-36,"1-1/2""",573,579,6,631,637,6
PBSA516-70-CX900T1-1/2S16,"16""",900,SA-516-70,"1-1/2""",658,667,9,724,734,10
PB304L-CX900T1-1/2S16,"16""",900,304L,"1-1/2""",1819,1837,18,2001,2021,20
PB316L-CX900T1-1/2S16,"16""",900,316L,"1-1/2""",2276,2300,24,2504,2530,26
PBAL6061-CX900T1-1/2S16,"16""",900,AL-6061,"1-1/2""",548,558,10,603,614,11
PB304-CX900T1-5/8S16,"16""",900,304,"1-5/8""",1821,1837,16,2004,2021,17
PBSA36-CX900T1-5/8S16,"16""",900,SA-36,"1-5/8""",617,623,6,679,686,7
PBSA516-70-CX900T1-5/8S16,"16""",900,SA-516-70,"1-5/8""",710,719,9,782,791,9
PB304L-CX900T1-5/8S16,"16""",900,304L,"1-5/8""",1967,1986,19,2164,2185,21
PB316L-CX900T1-5/8S16,"16""",900,316L,"1-5/8""",2462,2488,26,2709,2737,28
PBAL6061-CX900T1-5/8S16,"16""",900,AL-6061,"1-5/8""",590,600,10,649,660,11
PB304-CX900T1-3/4S16,"16""",900,304,"1-3/4""",1958,1975,17,2154,2173,19
PBSA36-CX900T1-3/4S16,"16""",900,SA-36,"1-3/4""",661,668,7,728,735,7
PBSA516-70-CX900T1-3/4S16,"16""",900,SA-516-70,"1-3/4""",761,771,10,838,849,11
PB304L-CX900T1-3/4S16,"16""",900,304L,"1-3/4""",2114,2135,21,2326,2349,23
PB316L-CX900T1-3/4S16,"16""",900,316L,"1-3/4""",2648,2676,28,2913,2944,31
PBAL6061-CX900T1-3/4S16,"16""",900,AL-6061,"1-3/4""",632,643,11,696,708,12
PB304-CX900T1-7/8S16,"16""",900,304,"1-7/8""",2095,2113,18,2305,2325,20
PBSA36-CX900T1-7/8S16,"16""",900,SA-36,"1-7/8""",705,712,7,776,784,8
PBSA516-70-CX900T1-7/8S16,"16""",900,SA-516-70,"1-7/8""",812,823,11,894,906,12
PB304L-CX900T1-7/8S16,"16""",900,304L,"1-7/8""",2262,2285,23,2489,2514,25
PB316L-CX900T1-7/8S16,"16""",900,316L,"1-7/8""",2834,2864,30,3118,3151,33
PBAL6061-CX900T1-7/8S16,"16""",900,AL-6061,"1-7/8""",673,686,13,741,755,14
PB304-CX900T2S16,"16""",900,304,"2""",2231,2251,20,2455,2477,22
PBSA36-CX900T2S16,"16""",900,SA-36,"2""",749,756,7,824,832,8
PBSA516-70-CX900T2S16,"16""",900,SA-516-70,"2""",863,874,11,950,962,12
PB304L-CX900T2S16,"16""",900,304L,"2""",2410,2434,24,2651,2678,27
PB316L-CX900T2S16,"16""",900,316L,"2""",3020,3052,32,3323,3358,35
PBAL6061-CX900T2S16,"16""",900,AL-6061,"2""",715,729,14,787,802,15
PB304-CX900T2-1/4S16,"16""",900,304,"2-1/4""",2505,2527,22,2756,2780,24
PBSA36-CX900T2-1/4S16,"16""",900,SA-36,"2-1/4""",837,845,8,921,930,9
PBSA516-70-CX900T2-1/4S16,"16""",900,SA-516-70,"2-1/4""",965,978,13,1062,1076,14
PB304L-CX900T2-1/4S16,"16""",900,304L,"2-1/4""",2706,2733,27,2977,3007,30
PB316L-CX900T2-1/4S16,"16""",900,316L,"2-1/4""",3392,3428,36,3732,3771,39
PBAL6061-CX900T2-1/4S16,"16""",900,AL-6061,"2-1/4""",799,814,15,879,896,17
PB304-CX900T2-1/2S16,"16""",900,304,"2-1/2""",2778,2803,25,3056,3084,28
PBSA36-CX900T2-1/2S16,"16""",900,SA-36,"2-1/2""",925,934,9,1018,1028,10
PBSA516-70-CX900T2-1/2S16,"16""",900,SA-516-70,"2-1/2""",1068,1082,14,1175,1191,16
PB304L-CX900T2-1/2S16,"16""",900,304L,"2-1/2""",3001,3031,30,3302,3335,33
PB316L-CX900T2-1/2S16,"16""",900,316L,"2-1/2""",3764,3804,40,4141,4185,44
PBAL6061-CX900T2-1/2S16,"16""",900,AL-6061,"2-1/2""",883,900,17,972,991,19
PB304-CX900T3S16,"16""",900,304,"3""",3324,3354,30,3657,3690,33
PBSA36-CX900T3S16,"16""",900,SA-36,"3""",1101,1112,11,1212,1224,12
PBSA516-70-CX900T3S16,"16""",900,SA-516-70,"3""",1272,1289,17,1400,1418,18
PB304L-CX900T3S16,"16""",900,304L,"3""",3593,3628,35,3953,3991,38
PB316L-CX900T3S16,"16""",900,316L,"3""",4507,4556,49,4958,5012,54
PBAL6061-CX900T3S16,"16""",900,AL-6061,"3""",1050,1071,21,1155,1179,24
PB304-CX900T11GAS18,"18""",900,304,11 Gauge,210,212,2,232,234,2
PBSA36-CX900T11GAS18,"18""",900,SA-36,11 Gauge,101,102,1,112,113,1
PBSA516-70-CX900T11GAS18,"18""",900,SA-516-70,11 Gauge,109,110,1,120,122,2
PB304L-CX900T11GAS18,"18""",900,304L,11 Gauge,224,225,1,247,248,1
PB316L-CX900T11GAS18,"18""",900,316L,11 Gauge,269,271,2,296,299,3
PB304-CX900T1/8S18,"18""",900,304,"1/8""",218,219,1,240,241,1
PBSA36-CX900T1/8S18,"18""",900,SA-36,"1/8""",103,104,1,114,115,1
PBSA516-70-CX900T1/8S18,"18""",900,SA-516-70,"1/8""",112,113,1,124,125,1
PB304L-CX900T1/8S18,"18""",900,304L,"1/8""",231,233,2,255,257,2
PB316L-CX900T1/8S18,"18""",900,316L,"1/8""",278,281,3,306,310,4
PBAL6061-CX900T1/8S18,"18""",900,AL-6061,"1/8""",101,102,1,112,113,1
PB304-CX900T3/16S18,"18""",900,304,"3/16""",302,304,2,333,335,2
PBSA36-CX900T3/16S18,"18""",900,SA-36,"3/16""",130,131,1,143,145,2
PBSA516-70-CX900T3/16S18,"18""",900,SA-516-70,"3/16""",144,145,1,159,160,1
PB304L-CX900T3/16S18,"18""",900,304L,"3/16""",323,325,2,356,358,2
PB316L-CX900T3/16S18,"18""",900,316L,"3/16""",393,397,4,433,437,4
PBAL6061-CX900T3/16S18,"18""",900,AL-6061,"3/16""",127,128,1,140,141,1
PB304-CX900T1/4S18,"18""",900,304,"1/4""",386,389,3,425,428,3
PBSA36-CX900T1/4S18,"18""",900,SA-36,"1/4""",158,159,1,174,175,1
PBSA516-70-CX900T1/4S18,"18""",900,SA-516-70,"1/4""",175,177,2,193,195,2
PB304L-CX900T1/4S18,"18""",900,304L,"1/4""",414,417,3,456,459,3
PB316L-CX900T1/4S18,"18""",900,316L,"1/4""",508,513,5,559,565,6
PBAL6061-CX900T1/4S18,"18""",900,AL-6061,"1/4""",152,154,2,168,170,2
PB304-CX900T5/16S18,"18""",900,304,"5/16""",470,474,4,517,522,5
PBSA36-CX900T5/16S18,"18""",900,SA-36,"5/16""",185,186,1,204,205,1
PBSA516-70-CX900T5/16S18,"18""",900,SA-516-70,"5/16""",207,209,2,228,230,2
PB304L-CX900T5/16S18,"18""",900,304L,"5/16""",505,509,4,556,560,4
PB316L-CX900T5/16S18,"18""",900,316L,"5/16""",622,629,7,685,692,7
PBAL6061-CX900T5/16S18,"18""",900,AL-6061,"5/16""",178,181,3,196,200,4
PB304-CX900T3/8S18,"18""",900,304,"3/8""",555,559,4,611,615,4
PBSA36-CX900T3/8S18,"18""",900,SA-36,"3/8""",212,214,2,234,236,2
PBSA516-70-CX900T3/8S18,"18""",900,SA-516-70,"3/8""",238,241,3,262,266,4
PB304L-CX900T3/8S18,"18""",900,304L,"3/8""",596,601,5,656,662,6
PB316L-CX900T3/8S18,"18""",900,316L,"3/8""",737,744,7,811,819,8
PBAL6061-CX900T3/8S18,"18""",900,AL-6061,"3/8""",204,207,3,225,228,3
PB304-CX900T1/2S18,"18""",900,304,"1/2""",723,729,6,796,802,6
PBSA36-CX900T1/2S18,"18""",900,SA-36,"1/2""",266,268,2,293,295,2
PBSA516-70-CX900T1/2S18,"18""",900,SA-516-70,"1/2""",301,305,4,332,336,4
PB304L-CX900T1/2S18,"18""",900,304L,"1/2""",778,786,8,856,865,9
PB316L-CX900T1/2S18,"18""",900,316L,"1/2""",966,976,10,1063,1074,11
PBAL6061-CX900T1/2S18,"18""",900,AL-6061,"1/2""",256,260,4,282,286,4
PB304-CX900T5/8S18,"18""",900,304,"5/8""",892,899,7,982,989,7
PBSA36-CX900T5/8S18,"18""",900,SA-36,"5/8""",320,323,3,352,356,4
PBSA516-70-CX900T5/8S18,"18""",900,SA-516-70,"5/8""",364,369,5,401,406,5
PB304L-CX900T5/8S18,"18""",900,304L,"5/8""",961,970,9,1058,1067,9
PB316L-CX900T5/8S18,"18""",900,316L,"5/8""",1196,1208,12,1316,1329,13
PBAL6061-CX900T5/8S18,"18""",900,AL-6061,"5/8""",307,313,6,338,345,7
PB304-CX900T3/4S18,"18""",900,304,"3/4""",1060,1069,9,1166,1176,10
PBSA36-CX900T3/4S18,"18""",900,SA-36,"3/4""",375,378,3,413,416,3
PBSA516-70-CX900T3/4S18,"18""",900,SA-516-70,"3/4""",427,433,6,470,477,7
PB304L-CX900T3/4S18,"18""",900,304L,"3/4""",1143,1154,11,1258,1270,12
PB316L-CX900T3/4S18,"18""",900,316L,"3/4""",1425,1440,15,1568,1585,17
PBAL6061-CX900T3/4S18,"18""",900,AL-6061,"3/4""",359,365,6,395,402,7
PB304-CX900T7/8S18,"18""",900,304,"7/8""",1229,1239,10,1352,1363,11
PBSA36-CX900T7/8S18,"18""",900,SA-36,"7/8""",429,433,4,472,477,5
PBSA516-70-CX900T7/8S18,"18""",900,SA-516-70,"7/8""",490,497,7,539,547,8
PB304L-CX900T7/8S18,"18""",900,304L,"7/8""",1325,1338,13,1458,1472,14
PB316L-CX900T7/8S18,"18""",900,316L,"7/8""",1654,1671,17,1820,1839,19
PBAL6061-CX900T7/8S18,"18""",900,AL-6061,"7/8""",411,418,7,453,460,7
PB304-CX900T1S18,"18""",900,304,"1""",1397,1409,12,1537,1550,13
PBSA36-CX900T1S18,"18""",900,SA-36,"1""",483,488,5,532,537,5
PBSA516-70-CX900T1S18,"18""",900,SA-516-70,"1""",554,561,7,610,618,8
PB304L-CX900T1S18,"18""",900,304L,"1""",1507,1522,15,1658,1675,17
PB316L-CX900T1S18,"18""",900,316L,"1""",1883,1903,20,2072,2094,22
PBAL6061-CX900T1S18,"18""",900,AL-6061,"1""",462,471,9,509,519,10
PB304-CX900T1-1/8S18,"18""",900,304,"1-1/8""",1566,1579,13,1723,1737,14
PBSA36-CX900T1-1/8S18,"18""",900,SA-36,"1-1/8""",537,543,6,591,598,7
PBSA516-70-CX900T1-1/8S18,"18""",900,SA-516-70,"1-1/8""",617,624,7,679,687,8
PB304L-CX900T1-1/8S18,"18""",900,304L,"1-1/8""",1690,1706,16,1860,1877,17
PB316L-CX900T1-1/8S18,"18""",900,316L,"1-1/8""",2113,2135,22,2325,2349,24
PBAL6061-CX900T1-1/8S18,"18""",900,AL-6061,"1-1/8""",514,523,9,566,576,10
PB304-CX900T1-1/4S18,"18""",900,304,"1-1/4""",1734,1749,15,1908,1924,16
PBSA36-CX900T1-1/4S18,"18""",900,SA-36,"1-1/4""",592,597,5,652,657,5
PBSA516-70-CX900T1-1/4S18,"18""",900,SA-516-70,"1-1/4""",680,688,8,749,757,8
PB304L-CX900T1-1/4S18,"18""",900,304L,"1-1/4""",1872,1890,18,2060,2079,19
PB316L-CX900T1-1/4S18,"18""",900,316L,"1-1/4""",2342,2367,25,2577,2604,27
PBAL6061-CX900T1-1/4S18,"18""",900,AL-6061,"1-1/4""",566,576,10,623,634,11
PB304-CX900T1-3/8S18,"18""",900,304,"1-3/8""",1903,1920,17,2094,2112,18
PBSA36-CX900T1-3/8S18,"18""",900,SA-36,"1-3/8""",646,652,6,711,718,7
PBSA516-70-CX900T1-3/8S18,"18""",900,SA-516-70,"1-3/8""",743,752,9,818,828,10
PB304L-CX900T1-3/8S18,"18""",900,304L,"1-3/8""",2054,2075,21,2260,2283,23
PB316L-CX900T1-3/8S18,"18""",900,316L,"1-3/8""",2571,2599,28,2829,2859,30
PBAL6061-CX900T1-3/8S18,"18""",900,AL-6061,"1-3/8""",617,629,12,679,692,13
PB304-CX900T1-1/2S18,"18""",900,304,"1-1/2""",2071,2090,19,2279,2299,20
PBSA36-CX900T1-1/2S18,"18""",900,SA-36,"1-1/2""",700,707,7,771,778,7
PBSA516-70-CX900T1-1/2S18,"18""",900,SA-516-70,"1-1/2""",806,816,10,887,898,11
PB304L-CX900T1-1/2S18,"18""",900,304L,"1-1/2""",2237,2259,22,2461,2485,24
PB316L-CX900T1-1/2S18,"18""",900,316L,"1-1/2""",2801,2830,29,3082,3114,32
PBAL6061-CX900T1-1/2S18,"18""",900,AL-6061,"1-1/2""",669,682,13,736,751,15
PB304-CX900T1-5/8S18,"18""",900,304,"1-5/8""",2240,2260,20,2464,2486,22
PBSA36-CX900T1-5/8S18,"18""",900,SA-36,"1-5/8""",754,762,8,830,839,9
PBSA516-70-CX900T1-5/8S18,"18""",900,SA-516-70,"1-5/8""",869,880,11,956,969,13
PB304L-CX900T1-5/8S18,"18""",900,304L,"1-5/8""",2419,2443,24,2661,2688,27
PB316L-CX900T1-5/8S18,"18""",900,316L,"1-5/8""",3030,3062,32,3334,3369,35
PBAL6061-CX900T1-5/8S18,"18""",900,AL-6061,"1-5/8""",721,734,13,794,808,14
PB304-CX900T1-3/4S18,"18""",900,304,"1-3/4""",2408,2430,22,2649,2673,24
PBSA36-CX900T1-3/4S18,"18""",900,SA-36,"1-3/4""",809,817,8,890,899,9
PBSA516-70-CX900T1-3/4S18,"18""",900,SA-516-70,"1-3/4""",932,944,12,1026,1039,13
PB304L-CX900T1-3/4S18,"18""",900,304L,"1-3/4""",2601,2627,26,2862,2890,28
PB316L-CX900T1-3/4S18,"18""",900,316L,"1-3/4""",3259,3294,35,3585,3624,39
PBAL6061-CX900T1-3/4S18,"18""",900,AL-6061,"1-3/4""",772,787,15,850,866,16
PB304-CX900T1-7/8S18,"18""",900,304,"1-7/8""",2577,2600,23,2835,2861,26
PBSA36-CX900T1-7/8S18,"18""",900,SA-36,"1-7/8""",863,872,9,950,960,10
PBSA516-70-CX900T1-7/8S18,"18""",900,SA-516-70,"1-7/8""",995,1008,13,1095,1109,14
PB304L-CX900T1-7/8S18,"18""",900,304L,"1-7/8""",2783,2811,28,3062,3093,31
PB316L-CX900T1-7/8S18,"18""",900,316L,"1-7/8""",3488,3526,38,3837,3879,42
PBAL6061-CX900T1-7/8S18,"18""",900,AL-6061,"1-7/8""",824,840,16,907,925,18
PB304-CX900T2S18,"18""",900,304,"2""",2745,2770,25,3020,3048,28
PBSA36-CX900T2S18,"18""",900,SA-36,"2""",917,927,10,1009,1020,11
PBSA516-70-CX900T2S18,"18""",900,SA-516-70,"2""",1058,1072,14,1164,1180,16
PB304L-CX900T2S18,"18""",900,304L,"2""",2966,2995,29,3263,3295,32
PB316L-CX900T2S18,"18""",900,316L,"2""",3718,3757,39,4090,4133,43
PBAL6061-CX900T2S18,"18""",900,AL-6061,"2""",876,892,16,964,982,18
PB304-CX900T2-1/4S18,"18""",900,304,"2-1/4""",3082,3110,28,3391,3422,31
PBSA36-CX900T2-1/4S18,"18""",900,SA-36,"2-1/4""",1026,1036,10,1129,1140,11
PBSA516-70-CX900T2-1/4S18,"18""",900,SA-516-70,"2-1/4""",1184,1200,16,1303,1320,17
PB304L-CX900T2-1/4S18,"18""",900,304L,"2-1/4""",3330,3363,33,3664,3700,36
PB316L-CX900T2-1/4S18,"18""",900,316L,"2-1/4""",4176,4221,45,4594,4644,50
PBAL6061-CX900T2-1/4S18,"18""",900,AL-6061,"2-1/4""",979,998,19,1077,1098,21
PB304-CX900T2-1/2S18,"18""",900,304,"2-1/2""",3419,3450,31,3761,3796,35
PBSA36-CX900T2-1/2S18,"18""",900,SA-36,"2-1/2""",1134,1146,12,1248,1261,13
PBSA516-70-CX900T2-1/2S18,"18""",900,SA-516-70,"2-1/2""",1310,1328,18,1442,1461,19
PB304L-CX900T2-1/2S18,"18""",900,304L,"2-1/2""",3695,3732,37,4065,4106,41
PB316L-CX900T2-1/2S18,"18""",900,316L,"2-1/2""",4635,4684,49,5099,5153,54
PBAL6061-CX900T2-1/2S18,"18""",900,AL-6061,"2-1/2""",1082,1103,21,1191,1214,23
PB304-CX900T3S18,"18""",900,304,"3""",4093,4130,37,4503,4543,40
PBSA36-CX900T3S18,"18""",900,SA-36,"3""",1351,1365,14,1487,1502,15
PBSA516-70-CX900T3S18,"18""",900,SA-516-70,"3""",1562,1583,21,1719,1742,23
PB304L-CX900T3S18,"18""",900,304L,"3""",4424,4468,44,4867,4915,48
PB316L-CX900T3S18,"18""",900,316L,"3""",5552,5612,60,6108,6174,66
PBAL6061-CX900T3S18,"18""",900,AL-6061,"3""",1289,1314,25,1418,1446,28
PB304-CX900T11GAS20,"20""",900,304,11 Gauge,245,247,2,270,272,2
PBSA516-70-CX900T11GAS20,"20""",900,SA-516-70,11 Gauge,125,126,1,138,139,1
PB304L-CX900T11GAS20,"20""",900,304L,11 Gauge,261,263,2,288,290,2
PB316L-CX900T11GAS20,"20""",900,316L,11 Gauge,315,318,3,347,350,3
PBAL6061-CX900T11GAS20,"20""",900,AL-6061,11 Gauge,112,113,1,124,125,1
PB304-CX900T1/8S20,"20""",900,304,"1/8""",254,256,2,280,282,2
PBSA36-CX900T1/8S20,"20""",900,SA-36,"1/8""",117,118,1,129,130,1
PBSA516-70-CX900T1/8S20,"20""",900,SA-516-70,"1/8""",128,129,1,141,142,1
PB304L-CX900T1/8S20,"20""",900,304L,"1/8""",271,273,2,299,301,2
PB316L-CX900T1/8S20,"20""",900,316L,"1/8""",327,330,3,360,364,4
PBAL6061-CX900T1/8S20,"20""",900,AL-6061,"1/8""",114,115,1,126,127,1
PB304-CX900T3/16S20,"20""",900,304,"3/16""",355,358,3,391,394,3
PBSA36-CX900T3/16S20,"20""",900,SA-36,"3/16""",150,151,1,165,167,2
PBSA516-70-CX900T3/16S20,"20""",900,SA-516-70,"3/16""",166,167,1,183,184,1
PB304L-CX900T3/16S20,"20""",900,304L,"3/16""",380,383,3,419,422,3
PB316L-CX900T3/16S20,"20""",900,316L,"3/16""",464,468,4,511,515,4
PBAL6061-CX900T3/16S20,"20""",900,AL-6061,"3/16""",145,147,2,160,162,2
PB304-CX900T1/4S20,"20""",900,304,"1/4""",456,459,3,502,505,3
PBSA36-CX900T1/4S20,"20""",900,SA-36,"1/4""",182,184,2,201,203,2
PBSA516-70-CX900T1/4S20,"20""",900,SA-516-70,"1/4""",203,205,2,224,226,2
PB304L-CX900T1/4S20,"20""",900,304L,"1/4""",489,493,4,538,543,5
PB316L-CX900T1/4S20,"20""",900,316L,"1/4""",601,607,6,662,668,6
PBAL6061-CX900T1/4S20,"20""",900,AL-6061,"1/4""",176,179,3,194,197,3
PB304-CX900T5/16S20,"20""",900,304,"5/16""",557,561,4,613,618,5
PBSA36-CX900T5/16S20,"20""",900,SA-36,"5/16""",215,216,1,237,238,1
PBSA516-70-CX900T5/16S20,"20""",900,SA-516-70,"5/16""",241,244,3,266,269,3
PB304L-CX900T5/16S20,"20""",900,304L,"5/16""",598,603,5,658,664,6
PB316L-CX900T5/16S20,"20""",900,316L,"5/16""",738,746,8,812,821,9
PBAL6061-CX900T5/16S20,"20""",900,AL-6061,"5/16""",207,210,3,228,232,4
PB304-CX900T3/8S20,"20""",900,304,"3/8""",657,663,6,723,730,7
PBSA36-CX900T3/8S20,"20""",900,SA-36,"3/8""",247,249,2,272,274,2
PBSA516-70-CX900T3/8S20,"20""",900,SA-516-70,"3/8""",279,282,3,307,311,4
PB304L-CX900T3/8S20,"20""",900,304L,"3/8""",707,713,6,778,785,7
PB316L-CX900T3/8S20,"20""",900,316L,"3/8""",876,884,8,964,973,9
PBAL6061-CX900T3/8S20,"20""",900,AL-6061,"3/8""",238,242,4,262,267,5
PB304-CX900T1/2S20,"20""",900,304,"1/2""",859,866,7,945,953,8
PBSA36-CX900T1/2S20,"20""",900,SA-36,"1/2""",312,315,3,344,347,3
PBSA516-70-CX900T1/2S20,"20""",900,SA-516-70,"1/2""",354,358,4,390,394,4
PB304L-CX900T1/2S20,"20""",900,304L,"1/2""",925,934,9,1018,1028,10
PB316L-CX900T1/2S20,"20""",900,316L,"1/2""",1150,1162,12,1265,1279,14
PBAL6061-CX900T1/2S20,"20""",900,AL-6061,"1/2""",300,305,5,330,336,6
PB304-CX900T5/8S20,"20""",900,304,"5/8""",1061,1070,9,1168,1177,9
PBSA36-CX900T5/8S20,"20""",900,SA-36,"5/8""",377,381,4,415,420,5
PBSA516-70-CX900T5/8S20,"20""",900,SA-516-70,"5/8""",430,435,5,474,479,5
PB304L-CX900T5/8S20,"20""",900,304L,"5/8""",1143,1154,11,1258,1270,12
PB316L-CX900T5/8S20,"20""",900,316L,"5/8""",1424,1439,15,1567,1583,16
PBAL6061-CX900T5/8S20,"20""",900,AL-6061,"5/8""",362,368,6,399,405,6
PB304-CX900T3/4S20,"20""",900,304,"3/4""",1262,1273,11,1389,1401,12
PBSA36-CX900T3/4S20,"20""",900,SA-36,"3/4""",442,446,4,487,491,4
PBSA516-70-CX900T3/4S20,"20""",900,SA-516-70,"3/4""",505,511,6,556,563,7
PB304L-CX900T3/4S20,"20""",900,304L,"3/4""",1361,1374,13,1498,1512,14
PB316L-CX900T3/4S20,"20""",900,316L,"3/4""",1699,1716,17,1869,1888,19
PBAL6061-CX900T3/4S20,"20""",900,AL-6061,"3/4""",423,431,8,466,475,9
PB304-CX900T7/8S20,"20""",900,304,"7/8""",1464,1477,13,1611,1625,14
PBSA36-CX900T7/8S20,"20""",900,SA-36,"7/8""",507,512,5,558,564,6
PBSA516-70-CX900T7/8S20,"20""",900,SA-516-70,"7/8""",581,588,7,640,647,7
PB304L-CX900T7/8S20,"20""",900,304L,"7/8""",1579,1595,16,1737,1755,18
PB316L-CX900T7/8S20,"20""",900,316L,"7/8""",1973,1994,21,2171,2194,23
PBAL6061-CX900T7/8S20,"20""",900,AL-6061,"7/8""",485,494,9,534,544,10
PB304-CX900T1S20,"20""",900,304,"1""",1666,1680,14,1833,1849,16
PBSA36-CX900T1S20,"20""",900,SA-36,"1""",572,577,5,630,635,5
PBSA516-70-CX900T1S20,"20""",900,SA-516-70,"1""",656,664,8,722,731,9
PB304L-CX900T1S20,"20""",900,304L,"1""",1798,1815,17,1978,1997,19
PB316L-CX900T1S20,"20""",900,316L,"1""",2247,2271,24,2472,2499,27
PBAL6061-CX900T1S20,"20""",900,AL-6061,"1""",547,557,10,602,613,11
PB304-CX900T1-1/8S20,"20""",900,304,"1-1/8""",1867,1884,17,2054,2073,19
PBSA36-CX900T1-1/8S20,"20""",900,SA-36,"1-1/8""",637,643,6,701,708,7
PBSA516-70-CX900T1-1/8S20,"20""",900,SA-516-70,"1-1/8""",731,741,10,805,816,11
PB304L-CX900T1-1/8S20,"20""",900,304L,"1-1/8""",2016,2035,19,2218,2239,21
PB316L-CX900T1-1/8S20,"20""",900,316L,"1-1/8""",2522,2548,26,2775,2803,28
PBAL6061-CX900T1-1/8S20,"20""",900,AL-6061,"1-1/8""",609,620,11,670,682,12
PB304-CX900T1-1/4S20,"20""",900,304,"1-1/4""",2069,2087,18,2276,2296,20
PBSA36-CX900T1-1/4S20,"20""",900,SA-36,"1-1/4""",702,709,7,773,780,7
PBSA516-70-CX900T1-1/4S20,"20""",900,SA-516-70,"1-1/4""",807,817,10,888,899,11
PB304L-CX900T1-1/4S20,"20""",900,304L,"1-1/4""",2234,2256,22,2458,2482,24
PB316L-CX900T1-1/4S20,"20""",900,316L,"1-1/4""",2796,2826,30,3076,3109,33
PBAL6061-CX900T1-1/4S20,"20""",900,AL-6061,"1-1/4""",671,683,12,739,752,13
PB304-CX900T1-3/8S20,"20""",900,304,"1-3/8""",2270,2291,21,2497,2521,24
PBSA36-CX900T1-3/8S20,"20""",900,SA-36,"1-3/8""",767,774,7,844,852,8
PBSA516-70-CX900T1-3/8S20,"20""",900,SA-516-70,"1-3/8""",882,894,12,971,984,13
PB304L-CX900T1-3/8S20,"20""",900,304L,"1-3/8""",2452,2476,24,2698,2724,26
PB316L-CX900T1-3/8S20,"20""",900,316L,"1-3/8""",3071,3103,32,3379,3414,35
PBAL6061-CX900T1-3/8S20,"20""",900,AL-6061,"1-3/8""",733,746,13,807,821,14
PB304-CX900T1-1/2S20,"20""",900,304,"1-1/2""",2472,2494,22,2720,2744,24
PBSA36-CX900T1-1/2S20,"20""",900,SA-36,"1-1/2""",832,840,8,916,925,9
PBSA516-70-CX900T1-1/2S20,"20""",900,SA-516-70,"1-1/2""",958,970,12,1054,1067,13
PB304L-CX900T1-1/2S20,"20""",900,304L,"1-1/2""",2670,2696,26,2938,2966,28
PB316L-CX900T1-1/2S20,"20""",900,316L,"1-1/2""",3345,3381,36,3680,3720,40
PBAL6061-CX900T1-1/2S20,"20""",900,AL-6061,"1-1/2""",794,809,15,874,890,16
PB304-CX900T1-5/8S20,"20""",900,304,"1-5/8""",2674,2698,24,2942,2968,26
PBSA36-CX900T1-5/8S20,"20""",900,SA-36,"1-5/8""",896,906,10,986,997,11
PBSA516-70-CX900T1-5/8S20,"20""",900,SA-516-70,"1-5/8""",1033,1047,14,1137,1152,15
PB304L-CX900T1-5/8S20,"20""",900,304L,"1-5/8""",2888,2917,29,3177,3209,32
PB316L-CX900T1-5/8S20,"20""",900,316L,"1-5/8""",3619,3658,39,3981,4024,43
PBAL6061-CX900T1-5/8S20,"20""",900,AL-6061,"1-5/8""",856,872,16,942,960,18
PB304-CX900T1-3/4S20,"20""",900,304,"1-3/4""",2875,2901,26,3163,3192,29
PBSA36-CX900T1-3/4S20,"20""",900,SA-36,"1-3/4""",961,971,10,1058,1069,11
PBSA516-70-CX900T1-3/4S20,"20""",900,SA-516-70,"1-3/4""",1109,1123,14,1220,1236,16
PB304L-CX900T1-3/4S20,"20""",900,304L,"1-3/4""",3106,3137,31,3417,3451,34
PB316L-CX900T1-3/4S20,"20""",900,316L,"1-3/4""",3894,3935,41,4284,4329,45
PBAL6061-CX900T1-3/4S20,"20""",900,AL-6061,"1-3/4""",918,935,17,1010,1029,19
PB304-CX900T1-7/8S20,"20""",900,304,"1-7/8""",3077,3104,27,3385,3415,30
PBSA36-CX900T1-7/8S20,"20""",900,SA-36,"1-7/8""",1026,1037,11,1129,1141,12
PBSA516-70-CX900T1-7/8S20,"20""",900,SA-516-70,"1-7/8""",1184,1200,16,1303,1320,17
PB304L-CX900T1-7/8S20,"20""",900,304L,"1-7/8""",3324,3357,33,3657,3693,36
PB316L-CX900T1-7/8S20,"20""",900,316L,"1-7/8""",4168,4213,45,4585,4635,50
PBAL6061-CX900T1-7/8S20,"20""",900,AL-6061,"1-7/8""",980,998,18,1078,1098,20
PB304-CX900T2S20,"20""",900,304,"2""",3279,3308,29,3607,3639,32
PBSA36-CX900T2S20,"20""",900,SA-36,"2""",1091,1102,11,1201,1213,12
PBSA516-70-CX900T2S20,"20""",900,SA-516-70,"2""",1260,1276,16,1386,1404,18
PB304L-CX900T2S20,"20""",900,304L,"2""",3543,3578,35,3898,3936,38
PB316L-CX900T2S20,"20""",900,316L,"2""",4442,4490,48,4887,4939,52
PBAL6061-CX900T2S20,"20""",900,AL-6061,"2""",1042,1061,19,1147,1168,21
PB304-CX900T2-1/4S20,"20""",900,304,"2-1/4""",3682,3715,33,4051,4087,36
PBSA36-CX900T2-1/4S20,"20""",900,SA-36,"2-1/4""",1221,1234,13,1344,1358,14
PBSA516-70-CX900T2-1/4S20,"20""",900,SA-516-70,"2-1/4""",1411,1429,18,1553,1572,19
PB304L-CX900T2-1/4S20,"20""",900,304L,"2-1/4""",3979,4018,39,4377,4420,43
PB316L-CX900T2-1/4S20,"20""",900,316L,"2-1/4""",4991,5045,54,5491,5550,59
PBAL6061-CX900T2-1/4S20,"20""",900,AL-6061,"2-1/4""",1165,1188,23,1282,1307,25
PB304-CX900T2-1/2S20,"20""",900,304,"2-1/2""",4085,4122,37,4494,4535,41
PBSA36-CX900T2-1/2S20,"20""",900,SA-36,"2-1/2""",1351,1365,14,1487,1502,15
PBSA516-70-CX900T2-1/2S20,"20""",900,SA-516-70,"2-1/2""",1561,1582,21,1718,1741,23
PB304L-CX900T2-1/2S20,"20""",900,304L,"2-1/2""",4415,4459,44,4857,4905,48
PB316L-CX900T2-1/2S20,"20""",900,316L,"2-1/2""",5540,5599,59,6095,6159,64
PBAL6061-CX900T2-1/2S20,"20""",900,AL-6061,"2-1/2""",1289,1314,25,1418,1446,28
PB304-CX900T3S20,"20""",900,304,"3""",4892,4936,44,5382,5430,48
PBSA36-CX900T3S20,"20""",900,SA-36,"3""",1611,1627,16,1773,1790,17
PBSA516-70-CX900T3S20,"20""",900,SA-516-70,"3""",1863,1888,25,2050,2077,27
PB304L-CX900T3S20,"20""",900,304L,"3""",5288,5340,52,5817,5875,58
PB316L-CX900T3S20,"20""",900,316L,"3""",6637,6709,72,7301,7380,79
PBAL6061-CX900T3S20,"20""",900,AL-6061,"3""",1536,1566,30,1690,1723,33
PB304-CX900T11GAS24,"24""",900,304,11 Gauge,334,337,3,368,371,3
PBSA36-CX900T11GAS24,"24""",900,SA-36,11 Gauge,146,147,1,161,162,1
PBSA516-70-CX900T11GAS24,"24""",900,SA-516-70,11 Gauge,161,162,1,178,179,1
PB304L-CX900T11GAS24,"24""",900,304L,11 Gauge,357,360,3,393,397,4
PB316L-CX900T11GAS24,"24""",900,316L,11 Gauge,435,439,4,479,483,4
PBAL6061-CX900T11GAS24,"24""",900,AL-6061,11 Gauge,142,143,1,157,158,1
PB304-CX900T1/8S24,"24""",900,304,"1/8""",347,350,3,382,386,4
PBSA36-CX900T1/8S24,"24""",900,SA-36,"1/8""",150,151,1,165,167,2
PBSA516-70-CX900T1/8S24,"24""",900,SA-516-70,"1/8""",165,167,2,182,184,2
PB304L-CX900T1/8S24,"24""",900,304L,"1/8""",371,374,3,409,412,3
PB316L-CX900T1/8S24,"24""",900,316L,"1/8""",452,456,4,498,502,4
PBAL6061-CX900T1/8S24,"24""",900,AL-6061,"1/8""",146,147,1,161,162,1
PB304-CX900T3/16S24,"24""",900,304,"3/16""",492,496,4,542,546,4
PBSA36-CX900T3/16S24,"24""",900,SA-36,"3/16""",197,198,1,217,218,1
PBSA516-70-CX900T3/16S24,"24""",900,SA-516-70,"3/16""",220,222,2,243,245,2
PB304L-CX900T3/16S24,"24""",900,304L,"3/16""",528,532,4,581,586,5
PB316L-CX900T3/16S24,"24""",900,316L,"3/16""",649,656,7,714,722,8
PBAL6061-CX900T3/16S24,"24""",900,AL-6061,"3/16""",190,193,3,210,213,3
PB304-CX900T1/4S24,"24""",900,304,"1/4""",637,642,5,701,707,6
PBSA36-CX900T1/4S24,"24""",900,SA-36,"1/4""",244,246,2,269,271,2
PBSA516-70-CX900T1/4S24,"24""",900,SA-516-70,"1/4""",274,277,3,302,305,3
PB304L-CX900T1/4S24,"24""",900,304L,"1/4""",685,691,6,754,761,7
PB316L-CX900T1/4S24,"24""",900,316L,"1/4""",847,855,8,932,941,9
PBAL6061-CX900T1/4S24,"24""",900,AL-6061,"1/4""",235,238,3,259,262,3
PB304-CX900T5/16S24,"24""",900,304,"5/16""",782,789,7,861,868,7
PBSA36-CX900T5/16S24,"24""",900,SA-36,"5/16""",290,293,3,319,323,4
PBSA516-70-CX900T5/16S24,"24""",900,SA-516-70,"5/16""",328,332,4,361,366,5
PB304L-CX900T5/16S24,"24""",900,304L,"5/16""",842,850,8,927,936,9
PB316L-CX900T5/16S24,"24""",900,316L,"5/16""",1044,1055,11,1149,1161,12
PBAL6061-CX900T5/16S24,"24""",900,AL-6061,"5/16""",279,284,5,307,313,6
PB304-CX900T3/8S24,"24""",900,304,"3/8""",927,935,8,1020,1029,9
PBSA36-CX900T3/8S24,"24""",900,SA-36,"3/8""",337,340,3,371,375,4
PBSA516-70-CX900T3/8S24,"24""",900,SA-516-70,"3/8""",382,387,5,421,426,5
PB304L-CX900T3/8S24,"24""",900,304L,"3/8""",999,1008,9,1099,1109,10
PB316L-CX900T3/8S24,"24""",900,316L,"3/8""",1242,1254,12,1367,1380,13
PBAL6061-CX900T3/8S24,"24""",900,AL-6061,"3/8""",324,329,5,357,362,5
PB304-CX900T1/2S24,"24""",900,304,"1/2""",1218,1228,10,1340,1351,11
PBSA36-CX900T1/2S24,"24""",900,SA-36,"1/2""",430,435,5,474,479,5
PBSA516-70-CX900T1/2S24,"24""",900,SA-516-70,"1/2""",491,497,6,541,547,6
PB304L-CX900T1/2S24,"24""",900,304L,"1/2""",1313,1325,12,1445,1458,13
PB316L-CX900T1/2S24,"24""",900,316L,"1/2""",1637,1654,17,1801,1820,19
PBAL6061-CX900T1/2S24,"24""",900,AL-6061,"1/2""",413,420,7,455,463,8
PB304-CX900T5/8S24,"24""",900,304,"5/8""",1508,1521,13,1659,1674,15
PBSA36-CX900T5/8S24,"24""",900,SA-36,"5/8""",524,529,5,577,582,5
PBSA516-70-CX900T5/8S24,"24""",900,SA-516-70,"5/8""",600,607,7,660,668,8
PB304L-CX900T5/8S24,"24""",900,304L,"5/8""",1627,1643,16,1790,1808,18
PB316L-CX900T5/8S24,"24""",900,316L,"5/8""",2031,2053,22,2235,2259,24
PBAL6061-CX900T5/8S24,"24""",900,AL-6061,"5/8""",502,511,9,553,563,10
PB304-CX900T3/4S24,"24""",900,304,"3/4""",1798,1814,16,1978,1996,18
PBSA36-CX900T3/4S24,"24""",900,SA-36,"3/4""",617,623,6,679,686,7
PBSA516-70-CX900T3/4S24,"24""",900,SA-516-70,"3/4""",708,717,9,779,789,10
PB304L-CX900T3/4S24,"24""",900,304L,"3/4""",1941,1960,19,2136,2156,20
PB316L-CX900T3/4S24,"24""",900,316L,"3/4""",2426,2452,26,2669,2698,29
PBAL6061-CX900T3/4S24,"24""",900,AL-6061,"3/4""",591,601,10,651,662,11
PB304-CX900T7/8S24,"24""",900,304,"7/8""",2088,2107,19,2297,2318,21
PBSA36-CX900T7/8S24,"24""",900,SA-36,"7/8""",711,718,7,783,790,7
PBSA516-70-CX900T7/8S24,"24""",900,SA-516-70,"7/8""",817,828,11,899,911,12
PB304L-CX900T7/8S24,"24""",900,304L,"7/8""",2255,2277,22,2481,2505,24
PB316L-CX900T7/8S24,"24""",900,316L,"7/8""",2821,2851,30,3104,3137,33
PBAL6061-CX900T7/8S24,"24""",900,AL-6061,"7/8""",680,692,12,749,762,13
PB304-CX900T1S24,"24""",900,304,"1""",2379,2400,21,2617,2640,23
PBSA36-CX900T1S24,"24""",900,SA-36,"1""",804,812,8,885,894,9
PBSA516-70-CX900T1S24,"24""",900,SA-516-70,"1""",926,938,12,1019,1032,13
PB304L-CX900T1S24,"24""",900,304L,"1""",2569,2594,25,2826,2854,28
PB316L-CX900T1S24,"24""",900,316L,"1""",3216,3251,35,3538,3577,39
PBAL6061-CX900T1S24,"24""",900,AL-6061,"1""",769,783,14,846,862,16
PB304-CX900T1-1/8S24,"24""",900,304,"1-1/8""",2669,2693,24,2936,2963,27
PBSA36-CX900T1-1/8S24,"24""",900,SA-36,"1-1/8""",898,907,9,988,998,10
PBSA516-70-CX900T1-1/8S24,"24""",900,SA-516-70,"1-1/8""",1034,1048,14,1138,1153,15
PB304L-CX900T1-1/8S24,"24""",900,304L,"1-1/8""",2883,2911,28,3172,3203,31
PB316L-CX900T1-1/8S24,"24""",900,316L,"1-1/8""",3611,3650,39,3973,4016,43
PBAL6061-CX900T1-1/8S24,"24""",900,AL-6061,"1-1/8""",858,874,16,944,962,18
PB304-CX900T1-1/4S24,"24""",900,304,"1-1/4""",2959,2986,27,3255,3285,30
PBSA36-CX900T1-1/4S24,"24""",900,SA-36,"1-1/4""",991,1001,10,1091,1102,11
PBSA516-70-CX900T1-1/4S24,"24""",900,SA-516-70,"1-1/4""",1143,1158,15,1258,1274,16
PB304L-CX900T1-1/4S24,"24""",900,304L,"1-1/4""",3197,3228,31,3517,3551,34
PB316L-CX900T1-1/4S24,"24""",900,316L,"1-1/4""",4006,4049,43,4407,4454,47
PBAL6061-CX900T1-1/4S24,"24""",900,AL-6061,"1-1/4""",947,964,17,1042,1061,19
PB304-CX900T1-3/8S24,"24""",900,304,"1-3/8""",3250,3279,29,3576,3607,31
PBSA36-CX900T1-3/8S24,"24""",900,SA-36,"1-3/8""",1085,1096,11,1194,1206,12
PBSA516-70-CX900T1-3/8S24,"24""",900,SA-516-70,"1-3/8""",1251,1268,17,1377,1395,18
PB304L-CX900T1-3/8S24,"24""",900,304L,"1-3/8""",3511,3546,35,3863,3901,38
PB316L-CX900T1-3/8S24,"24""",900,316L,"1-3/8""",4401,4448,47,4842,4893,51
PBAL6061-CX900T1-3/8S24,"24""",900,AL-6061,"1-3/8""",1036,1055,19,1140,1161,21
PB304-CX900T1-1/2S24,"24""",900,304,"1-1/2""",3540,3571,31,3895,3929,34
PBSA36-CX900T1-1/2S24,"24""",900,SA-36,"1-1/2""",1178,1190,12,1296,1309,13
PBSA516-70-CX900T1-1/2S24,"24""",900,SA-516-70,"1-1/2""",1360,1378,18,1497,1516,19
PB304L-CX900T1-1/2S24,"24""",900,304L,"1-1/2""",3825,3863,38,4208,4250,42
PB316L-CX900T1-1/2S24,"24""",900,316L,"1-1/2""",4796,4848,52,5276,5333,57
PBAL6061-CX900T1-1/2S24,"24""",900,AL-6061,"1-1/2""",1125,1146,21,1238,1261,23
PB304-CX900T1-5/8S24,"24""",900,304,"1-5/8""",3830,3864,34,4213,4251,38
PBSA36-CX900T1-5/8S24,"24""",900,SA-36,"1-5/8""",1272,1285,13,1400,1414,14
PBSA516-70-CX900T1-5/8S24,"24""",900,SA-516-70,"1-5/8""",1469,1488,19,1616,1637,21
PB304L-CX900T1-5/8S24,"24""",900,304L,"1-5/8""",4139,4180,41,4553,4598,45
PB316L-CX900T1-5/8S24,"24""",900,316L,"1-5/8""",5191,5247,56,5711,5772,61
PBAL6061-CX900T1-5/8S24,"24""",900,AL-6061,"1-5/8""",1214,1237,23,1336,1361,25
PB304-CX900T1-3/4S24,"24""",900,304,"1-3/4""",4120,4157,37,4532,4573,41
PBSA36-CX900T1-3/4S24,"24""",900,SA-36,"1-3/4""",1365,1379,14,1502,1517,15
PBSA516-70-CX900T1-3/4S24,"24""",900,SA-516-70,"1-3/4""",1577,1598,21,1735,1758,23
PB304L-CX900T1-3/4S24,"24""",900,304L,"1-3/4""",4453,4497,44,4899,4947,48
PB316L-CX900T1-3/4S24,"24""",900,316L,"1-3/4""",5586,5646,60,6145,6211,66
PBAL6061-CX900T1-3/4S24,"24""",900,AL-6061,"1-3/4""",1303,1328,25,1434,1461,27
PB304-CX900T1-7/8S24,"24""",900,304,"1-7/8""",4411,4450,39,4853,4895,42
PBSA36-CX900T1-7/8S24,"24""",900,SA-36,"1-7/8""",1458,1474,16,1604,1622,18
PBSA516-70-CX900T1-7/8S24,"24""",900,SA-516-70,"1-7/8""",1686,1709,23,1855,1880,25
PB304L-CX900T1-7/8S24,"24""",900,304L,"1-7/8""",4767,4814,47,5244,5296,52
PB316L-CX900T1-7/8S24,"24""",900,316L,"1-7/8""",5981,6045,64,6580,6650,70
PBAL6061-CX900T1-7/8S24,"24""",900,AL-6061,"1-7/8""",1392,1418,26,1532,1560,28
PB304-CX900T2S24,"24""",900,304,"2""",4701,4743,42,5172,5218,46
PBSA36-CX900T2S24,"24""",900,SA-36,"2""",1552,1568,16,1708,1725,17
PBSA516-70-CX900T2S24,"24""",900,SA-516-70,"2""",1794,1819,25,1974,2001,27
PB304L-CX900T2S24,"24""",900,304L,"2""",5081,5131,50,5590,5645,55
PB316L-CX900T2S24,"24""",900,316L,"2""",6376,6444,68,7014,7089,75
PBAL6061-CX900T2S24,"24""",900,AL-6061,"2""",1481,1509,28,1630,1660,30
PB304-CX900T2-1/4S24,"24""",900,304,"2-1/4""",5281,5329,48,5810,5862,52
PBSA36-CX900T2-1/4S24,"24""",900,SA-36,"2-1/4""",1739,1757,18,1913,1933,20
PBSA516-70-CX900T2-1/4S24,"24""",900,SA-516-70,"2-1/4""",2012,2039,27,2214,2243,29
PB304L-CX900T2-1/4S24,"24""",900,304L,"2-1/4""",5709,5766,57,6280,6343,63
PB316L-CX900T2-1/4S24,"24""",900,316L,"2-1/4""",7166,7243,77,7883,7968,85
PBAL6061-CX900T2-1/4S24,"24""",900,AL-6061,"2-1/4""",1659,1691,32,1825,1861,36
PB304-CX900T2-1/2S24,"24""",900,304,"2-1/2""",5862,5915,53,6449,6507,58
PBSA36-CX900T2-1/2S24,"24""",900,SA-36,"2-1/2""",1926,1946,20,2119,2141,22
PBSA516-70-CX900T2-1/2S24,"24""",900,SA-516-70,"2-1/2""",2229,2259,30,2452,2485,33
PB304L-CX900T2-1/2S24,"24""",900,304L,"2-1/2""",6337,6400,63,6971,7041,70
PB316L-CX900T2-1/2S24,"24""",900,316L,"2-1/2""",7956,8041,85,8752,8846,94
PBAL6061-CX900T2-1/2S24,"24""",900,AL-6061,"2-1/2""",1837,1872,35,2021,2060,39
PB304-CX900T3S24,"24""",900,304,"3""",7023,7086,63,7726,7795,69
PBSA36-CX900T3S24,"24""",900,SA-36,"3""",2300,2324,24,2530,2557,27
PBSA516-70-CX900T3S24,"24""",900,SA-516-70,"3""",2663,2700,37,2930,2971,41
PB304L-CX900T3S24,"24""",900,304L,"3""",7593,7669,76,8353,8436,83
PB316L-CX900T3S24,"24""",900,316L,"3""",9536,9638,102,10490,10602,112
PBAL6061-CX900T3S24,"24""",900,AL-6061,"3""",2193,2235,42,2413,2459,46
PB316L-C1500T5/8S1/2,"1/2""",1500,316L,"5/8""",50,51,1,56,57,1
PB316L-C1500T3/4S1/2,"1/2""",1500,316L,"3/4""",53,54,1,59,60,1
PBAL6061-C1500T1S1/2,"1/2""",1500,AL-6061,"1""",40,41,1,44,46,2
PBSA36-C1500T1-1/8S1/2,"1/2""",1500,SA-36,"1-1/8""",41,42,1,46,47,1
PB304L-C1500T1-1/4S1/2,"1/2""",1500,304L,"1-1/4""",59,60,1,65,66,1
PB304L-C1500T1-1/2S1/2,"1/2""",1500,304L,"1-1/2""",64,65,1,71,72,1
PB304-C1500T1-5/8S1/2,"1/2""",1500,304,"1-5/8""",64,65,1,71,72,1
PB316L-C1500T1-5/8S1/2,"1/2""",1500,316L,"1-5/8""",75,76,1,83,84,1
PB304L-C1500T1-3/4S1/2,"1/2""",1500,304L,"1-3/4""",69,70,1,76,77,1
PB316L-C1500T1-3/4S1/2,"1/2""",1500,316L,"1-3/4""",78,79,1,86,87,1
PB316L-C1500T1-7/8S1/2,"1/2""",1500,316L,"1-7/8""",81,82,1,90,91,1
PBAL6061-C1500T1-7/8S1/2,"1/2""",1500,AL-6061,"1-7/8""",45,46,1,50,51,1
PB304-C1500T2S1/2,"1/2""",1500,304,"2""",71,72,1,79,80,1
PBSA516-70-C1500T2S1/2,"1/2""",1500,SA-516-70,"2""",48,49,1,53,54,1
PB304L-C1500T2S1/2,"1/2""",1500,304L,"2""",74,75,1,82,83,1
PB304L-C1500T2-1/4S1/2,"1/2""",1500,304L,"2-1/4""",79,80,1,87,88,1
PBAL6061-C1500T2-1/4S1/2,"1/2""",1500,AL-6061,"2-1/4""",47,48,1,52,53,1
PB304-C1500T2-1/2S1/2,"1/2""",1500,304,"2-1/2""",80,81,1,88,90,2
PB304L-C1500T2-1/2S1/2,"1/2""",1500,304L,"2-1/2""",84,85,1,93,94,1
PB316L-C1500T2-1/2S1/2,"1/2""",1500,316L,"2-1/2""",97,98,1,107,108,1
PBSA36-C1500T3S1/2,"1/2""",1500,SA-36,"3""",52,53,1,58,59,1
PBSA516-70-C1500T3S1/2,"1/2""",1500,SA-516-70,"3""",55,56,1,61,62,1
PB304L-C1500T3S1/2,"1/2""",1500,304L,"3""",94,95,1,104,105,1
PB316L-C1500T3S1/2,"1/2""",1500,316L,"3""",109,110,1,120,122,2
PB304-C1500T1/8S3/4,"3/4""",1500,304,"1/8""",37,38,1,41,42,1
PB316L-C1500T3/8S3/4,"3/4""",1500,316L,"3/8""",45,46,1,50,51,1
PB316L-C1500T5/8S3/4,"3/4""",1500,316L,"5/8""",52,53,1,58,59,1
PB304-C1500T3/4S3/4,"3/4""",1500,304,"3/4""",50,51,1,56,57,1
PB304L-C1500T7/8S3/4,"3/4""",1500,304L,"7/8""",54,55,1,60,61,1
PBAL6061-C1500T7/8S3/4,"3/4""",1500,AL-6061,"7/8""",40,41,1,44,46,2
PB304L-C1500T1S3/4,"3/4""",1500,304L,"1""",57,58,1,63,64,1
PB316L-C1500T1-1/4S3/4,"3/4""",1500,316L,"1-1/4""",70,71,1,77,79,2
PB304-C1500T1-3/8S3/4,"3/4""",1500,304,"1-3/8""",63,64,1,70,71,1
PB316L-C1500T1-1/2S3/4,"3/4""",1500,316L,"1-1/2""",77,78,1,85,86,1
PBAL6061-C1500T1-1/2S3/4,"3/4""",1500,AL-6061,"1-1/2""",44,45,1,49,50,1
PBSA516-70-C1500T1-5/8S3/4,"3/4""",1500,SA-516-70,"1-5/8""",47,48,1,52,53,1
PB304L-C1500T1-5/8S3/4,"3/4""",1500,304L,"1-5/8""",71,72,1,79,80,1
PB304-C1500T1-3/4S3/4,"3/4""",1500,304,"1-3/4""",71,72,1,79,80,1
PBSA516-70-C1500T1-3/4S3/4,"3/4""",1500,SA-516-70,"1-3/4""",48,49,1,53,54,1
PB304L-C1500T1-3/4S3/4,"3/4""",1500,304L,"1-3/4""",74,75,1,82,83,1
PB316L-C1500T1-3/4S3/4,"3/4""",1500,316L,"1-3/4""",84,85,1,93,94,1
PBSA36-C1500T1-7/8S3/4,"3/4""",1500,SA-36,"1-7/8""",47,48,1,52,53,1
PBSA516-70-C1500T1-7/8S3/4,"3/4""",1500,SA-516-70,"1-7/8""",49,50,1,54,56,2
PB304-C1500T2S3/4,"3/4""",1500,304,"2""",76,77,1,84,85,1
PBSA516-70-C1500T2S3/4,"3/4""",1500,SA-516-70,"2""",50,51,1,56,57,1
PB316L-C1500T2S3/4,"3/4""",1500,316L,"2""",91,92,1,101,102,1
PBSA516-70-C1500T2-1/4S3/4,"3/4""",1500,SA-516-70,"2-1/4""",52,53,1,58,59,1
PB304L-C1500T2-1/4S3/4,"3/4""",1500,304L,"2-1/4""",85,86,1,94,95,1
PB316L-C1500T2-1/4S3/4,"3/4""",1500,316L,"2-1/4""",98,99,1,108,109,1
PBSA516-70-C1500T2-1/2S3/4,"3/4""",1500,SA-516-70,"2-1/2""",54,55,1,60,61,1
PB304L-C1500T2-1/2S3/4,"3/4""",1500,304L,"2-1/2""",91,92,1,101,102,1
PB304-C1500T3S3/4,"3/4""",1500,304,"3""",97,98,1,107,108,1
PB304L-C1500T3S3/4,"3/4""",1500,304L,"3""",102,103,1,113,114,1
PB316L-C1500T1/4S1,"1""",1500,316L,"1/4""",43,44,1,48,49,1
PB304-C1500T1/2S1,"1""",1500,304,"1/2""",47,48,1,52,53,1
PB316L-C1500T5/8S1,"1""",1500,316L,"5/8""",56,57,1,62,63,1
PB304L-C1500T3/4S1,"1""",1500,304L,"3/4""",55,56,1,61,62,1
PB316L-C1500T1S1,"1""",1500,316L,"1""",69,70,1,76,77,1
PB304-C1500T1-1/8S1,"1""",1500,304,"1-1/8""",63,64,1,70,71,1
PBSA516-70-C1500T1-1/8S1,"1""",1500,SA-516-70,"1-1/8""",45,46,1,50,51,1
PB316L-C1500T1-1/8S1,"1""",1500,316L,"1-1/8""",73,74,1,81,82,1
PB304-C1500T1-1/4S1,"1""",1500,304,"1-1/4""",66,67,1,73,74,1
PBAL6061-C1500T1-1/4S1,"1""",1500,AL-6061,"1-1/4""",44,45,1,49,50,1
PB304L-C1500T1-3/8S1,"1""",1500,304L,"1-3/8""",72,73,1,80,81,1
PB316L-C1500T1-3/8S1,"1""",1500,316L,"1-3/8""",82,83,1,91,92,1
PBAL6061-C1500T1-3/8S1,"1""",1500,AL-6061,"1-3/8""",45,46,1,50,51,1
PB316L-C1500T1-1/2S1,"1""",1500,316L,"1-1/2""",86,87,1,95,96,1
PBAL6061-C1500T1-1/2S1,"1""",1500,AL-6061,"1-1/2""",46,47,1,51,52,1
PB304L-C1500T1-5/8S1,"1""",1500,304L,"1-5/8""",79,80,1,87,88,1
PBAL6061-C1500T1-5/8S1,"1""",1500,AL-6061,"1-5/8""",47,48,1,52,53,1
PBSA516-70-C1500T1-3/4S1,"1""",1500,SA-516-70,"1-3/4""",51,52,1,57,58,1
PB316L-C1500T1-3/4S1,"1""",1500,316L,"1-3/4""",95,96,1,105,106,1
PBAL6061-C1500T1-3/4S1,"1""",1500,AL-6061,"1-3/4""",48,49,1,53,54,1
PB304-C1500T1-7/8S1,"1""",1500,304,"1-7/8""",82,83,1,91,92,1
PB304L-C1500T1-7/8S1,"1""",1500,304L,"1-7/8""",86,87,1,95,96,1
PB316L-C1500T1-7/8S1,"1""",1500,316L,"1-7/8""",99,100,1,109,111,2
PBAL6061-C1500T1-7/8S1,"1""",1500,AL-6061,"1-7/8""",49,50,1,54,56,2
PB304-C1500T2S1,"1""",1500,304,"2""",85,86,1,94,95,1
PB304L-C1500T2S1,"1""",1500,304L,"2""",89,90,1,98,100,2
PBAL6061-C1500T2S1,"1""",1500,AL-6061,"2""",50,51,1,56,57,1
PB304L-C1500T2-1/4S1,"1""",1500,304L,"2-1/4""",96,97,1,106,107,1
PB316L-C1500T2-1/4S1,"1""",1500,316L,"2-1/4""",112,113,1,124,125,1
PBAL6061-C1500T2-1/4S1,"1""",1500,AL-6061,"2-1/4""",52,53,1,58,59,1
PB304-C1500T2-1/2S1,"1""",1500,304,"2-1/2""",98,99,1,108,109,1
PBSA516-70-C1500T2-1/2S1,"1""",1500,SA-516-70,"2-1/2""",58,59,1,64,65,1
PB304L-C1500T2-1/2S1,"1""",1500,304L,"2-1/2""",103,104,1,114,115,1
PB316L-C1500T2-1/2S1,"1""",1500,316L,"2-1/2""",121,122,1,134,135,1
PBAL6061-C1500T2-1/2S1,"1""",1500,AL-6061,"2-1/2""",54,55,1,60,61,1
PBSA36-C1500T3S1,"1""",1500,SA-36,"3""",59,60,1,65,66,1
PBSA516-70-C1500T3S1,"1""",1500,SA-516-70,"3""",63,64,1,70,71,1
PB304L-C1500T3S1,"1""",1500,304L,"3""",117,118,1,129,130,1
PB316L-C1500T3S1,"1""",1500,316L,"3""",138,139,1,152,153,1
PBAL6061-C1500T3S1,"1""",1500,AL-6061,"3""",58,59,1,64,65,1
PB304-C1500T11GAS1-1/4,"1-1/4""",1500,304,11 Gauge,38,39,1,42,43,1
PB304-C1500T3/16S1-1/4,"1-1/4""",1500,304,"3/16""",40,41,1,44,46,2
PBSA36-C1500T3/8S1-1/4,"1-1/4""",1500,SA-36,"3/8""",38,39,1,42,43,1
PBSA516-70-C1500T1/2S1-1/4,"1-1/4""",1500,SA-516-70,"1/2""",40,41,1,44,46,2
PBAL6061-C1500T1/2S1-1/4,"1-1/4""",1500,AL-6061,"1/2""",39,40,1,43,44,1
PB316L-C1500T5/8S1-1/4,"1-1/4""",1500,316L,"5/8""",60,61,1,66,68,2
PB304-C1500T3/4S1-1/4,"1-1/4""",1500,304,"3/4""",57,58,1,63,64,1
PB316L-C1500T3/4S1-1/4,"1-1/4""",1500,316L,"3/4""",65,66,1,72,73,1
PB304L-C1500T7/8S1-1/4,"1-1/4""",1500,304L,"7/8""",63,64,1,70,71,1
PB304L-C1500T1S1-1/4,"1-1/4""",1500,304L,"1""",67,68,1,74,75,1
PBSA516-70-C1500T1-1/8S1-1/4,"1-1/4""",1500,SA-516-70,"1-1/8""",47,48,1,52,53,1
PB304L-C1500T1-1/8S1-1/4,"1-1/4""",1500,304L,"1-1/8""",71,72,1,79,80,1
PB304-C1500T1-1/4S1-1/4,"1-1/4""",1500,304,"1-1/4""",72,73,1,80,81,1
PB304L-C1500T1-1/4S1-1/4,"1-1/4""",1500,304L,"1-1/4""",75,76,1,83,84,1
PBAL6061-C1500T1-1/4S1-1/4,"1-1/4""",1500,AL-6061,"1-1/4""",46,47,1,51,52,1
PB304L-C1500T1-3/8S1-1/4,"1-1/4""",1500,304L,"1-3/8""",79,80,1,87,88,1
PBAL6061-C1500T1-3/8S1-1/4,"1-1/4""",1500,AL-6061,"1-3/8""",47,48,1,52,53,1
PB316L-C1500T1-1/2S1-1/4,"1-1/4""",1500,316L,"1-1/2""",96,97,1,106,107,1
PB316L-C1500T1-5/8S1-1/4,"1-1/4""",1500,316L,"1-5/8""",101,102,1,112,113,1
PB304-C1500T1-3/4S1-1/4,"1-1/4""",1500,304,"1-3/4""",87,88,1,96,97,1
PBSA516-70-C1500T1-3/4S1-1/4,"1-1/4""",1500,SA-516-70,"1-3/4""",54,55,1,60,61,1
PB316L-C1500T1-3/4S1-1/4,"1-1/4""",1500,316L,"1-3/4""",106,107,1,117,118,1
PB304-C1500T1-7/8S1-1/4,"1-1/4""",1500,304,"1-7/8""",91,92,1,101,102,1
PB316L-C1500T1-7/8S1-1/4,"1-1/4""",1500,316L,"1-7/8""",111,112,1,123,124,1
PBSA516-70-C1500T2S1-1/4,"1-1/4""",1500,SA-516-70,"2""",57,58,1,63,64,1
PB316L-C1500T2S1-1/4,"1-1/4""",1500,316L,"2""",116,117,1,128,129,1
PBAL6061-C1500T2S1-1/4,"1-1/4""",1500,AL-6061,"2""",53,54,1,59,60,1
PB304-C1500T2-1/4S1-1/4,"1-1/4""",1500,304,"2-1/4""",102,103,1,113,114,1
PB304L-C1500T2-1/4S1-1/4,"1-1/4""",1500,304L,"2-1/4""",108,109,1,119,120,1
PB316L-C1500T2-1/4S1-1/4,"1-1/4""",1500,316L,"2-1/4""",127,128,1,140,141,1
PBAL6061-C1500T2-1/4S1-1/4,"1-1/4""",1500,AL-6061,"2-1/4""",55,56,1,61,62,1
PB304L-C1500T2-1/2S1-1/4,"1-1/4""",1500,304L,"2-1/2""",116,117,1,128,129,1
PB316L-C1500T2-1/2S1-1/4,"1-1/4""",1500,316L,"2-1/2""",137,138,1,151,152,1
PB304-C1500T3S1-1/4,"1-1/4""",1500,304,"3""",125,126,1,138,139,1
PBSA516-70-C1500T3S1-1/4,"1-1/4""",1500,SA-516-70,"3""",68,69,1,75,76,1
PB304L-C1500T3S1-1/4,"1-1/4""",1500,304L,"3""",132,133,1,146,147,1
PB316L-C1500T3S1-1/4,"1-1/4""",1500,316L,"3""",157,158,1,173,174,1
PBAL6061-C1500T3S1-1/4,"1-1/4""",1500,AL-6061,"3""",62,63,1,69,70,1
PB304L-C1500T1/4S1-1/2,"1-1/2""",1500,304L,"1/4""",44,45,1,49,50,1
PBSA516-70-C1500T1/2S1-1/2,"1-1/2""",1500,SA-516-70,"1/2""",41,42,1,46,47,1
PB304-C1500T3/4S1-1/2,"1-1/2""",1500,304,"3/4""",61,62,1,68,69,1
PBSA36-C1500T3/4S1-1/2,"1-1/2""",1500,SA-36,"3/4""",43,44,1,48,49,1
PB316L-C1500T7/8S1-1/2,"1-1/2""",1500,316L,"7/8""",77,78,1,85,86,1
PBAL6061-C1500T7/8S1-1/2,"1-1/2""",1500,AL-6061,"7/8""",44,45,1,49,50,1
PB304-C1500T1S1-1/2,"1-1/2""",1500,304,"1""",70,71,1,77,79,2
PB304L-C1500T1S1-1/2,"1-1/2""",1500,304L,"1""",73,74,1,81,82,1
PB316L-C1500T1S1-1/2,"1-1/2""",1500,316L,"1""",83,84,1,92,93,1
PB304L-C1500T1-1/8S1-1/2,"1-1/2""",1500,304L,"1-1/8""",78,79,1,86,87,1
PB316L-C1500T1-1/8S1-1/2,"1-1/2""",1500,316L,"1-1/8""",89,90,1,98,100,2
PB304-C1500T1-1/4S1-1/2,"1-1/2""",1500,304,"1-1/4""",79,80,1,87,88,1
PBSA516-70-C1500T1-1/4S1-1/2,"1-1/2""",1500,SA-516-70,"1-1/4""",51,52,1,57,58,1
PB316L-C1500T1-1/4S1-1/2,"1-1/2""",1500,316L,"1-1/4""",95,96,1,105,106,1
PBAL6061-C1500T1-1/4S1-1/2,"1-1/2""",1500,AL-6061,"1-1/4""",48,49,1,53,54,1
PB316L-C1500T1-3/8S1-1/2,"1-1/2""",1500,316L,"1-3/8""",101,102,1,112,113,1
PB304-C1500T1-1/2S1-1/2,"1-1/2""",1500,304,"1-1/2""",88,89,1,97,98,1
PB316L-C1500T1-1/2S1-1/2,"1-1/2""",1500,316L,"1-1/2""",107,108,1,118,119,1
PBSA36-C1500T1-5/8S1-1/2,"1-1/2""",1500,SA-36,"1-5/8""",53,54,1,59,60,1
PBSA516-70-C1500T1-5/8S1-1/2,"1-1/2""",1500,SA-516-70,"1-5/8""",56,57,1,62,63,1
PB304L-C1500T1-5/8S1-1/2,"1-1/2""",1500,304L,"1-5/8""",97,98,1,107,108,1
PB316L-C1500T1-5/8S1-1/2,"1-1/2""",1500,316L,"1-5/8""",113,114,1,125,126,1
PB304-C1500T1-3/4S1-1/2,"1-1/2""",1500,304,"1-3/4""",97,98,1,107,108,1
PB304L-C1500T1-3/4S1-1/2,"1-1/2""",1500,304L,"1-3/4""",102,103,1,113,114,1
PB304-C1500T1-7/8S1-1/2,"1-1/2""",1500,304,"1-7/8""",101,102,1,112,113,1
PBSA36-C1500T1-7/8S1-1/2,"1-1/2""",1500,SA-36,"1-7/8""",56,57,1,62,63,1
PB304L-C1500T1-7/8S1-1/2,"1-1/2""",1500,304L,"1-7/8""",107,108,1,118,119,1
PB316L-C1500T1-7/8S1-1/2,"1-1/2""",1500,316L,"1-7/8""",125,126,1,138,139,1
PBAL6061-C1500T1-7/8S1-1/2,"1-1/2""",1500,AL-6061,"1-7/8""",55,56,1,61,62,1
PB304-C1500T2S1-1/2,"1-1/2""",1500,304,"2""",106,107,1,117,118,1
PBSA516-70-C1500T2S1-1/2,"1-1/2""",1500,SA-516-70,"2""",61,62,1,68,69,1
PB316L-C1500T2S1-1/2,"1-1/2""",1500,316L,"2""",132,133,1,146,147,1
PB304L-C1500T2-1/4S1-1/2,"1-1/2""",1500,304L,"2-1/4""",121,122,1,134,135,1
PB316L-C1500T2-1/4S1-1/2,"1-1/2""",1500,316L,"2-1/4""",144,145,1,159,160,1
PBAL6061-C1500T2-1/4S1-1/2,"1-1/2""",1500,AL-6061,"2-1/4""",59,60,1,65,66,1
PB304-C1500T2-1/2S1-1/2,"1-1/2""",1500,304,"2-1/2""",124,125,1,137,138,1
PBSA36-C1500T2-1/2S1-1/2,"1-1/2""",1500,SA-36,"2-1/2""",63,64,1,70,71,1
PBSA516-70-C1500T2-1/2S1-1/2,"1-1/2""",1500,SA-516-70,"2-1/2""",68,69,1,75,76,1
PB304L-C1500T2-1/2S1-1/2,"1-1/2""",1500,304L,"2-1/2""",131,132,1,145,146,1
PB316L-C1500T2-1/2S1-1/2,"1-1/2""",1500,316L,"2-1/2""",156,157,1,172,173,1
PBAL6061-C1500T2-1/2S1-1/2,"1-1/2""",1500,AL-6061,"2-1/2""",62,63,1,69,70,1
PB304-C1500T3S1-1/2,"1-1/2""",1500,304,"3""",141,142,1,156,157,1
PBSA36-C1500T3S1-1/2,"1-1/2""",1500,SA-36,"3""",69,70,1,76,77,1
PB304L-C1500T3S1-1/2,"1-1/2""",1500,304L,"3""",150,151,1,165,167,2
PB316L-C1500T3S1-1/2,"1-1/2""",1500,316L,"3""",180,181,1,199,200,1
PB304L-C1500T1/8S2,"2""",1500,304L,"1/8""",44,45,1,49,50,1
PBSA516-70-C1500T1/4S2,"2""",1500,SA-516-70,"1/4""",41,42,1,46,47,1
PB304-C1500T3/8S2,"2""",1500,304,"3/8""",61,62,1,68,69,1
PB304-C1500T1/2S2,"2""",1500,304,"1/2""",70,71,1,77,79,2
PBSA516-70-C1500T5/8S2,"2""",1500,SA-516-70,"5/8""",51,52,1,57,58,1
PB316L-C1500T5/8S2,"2""",1500,316L,"5/8""",95,96,1,105,106,1
PBAL6061-C1500T5/8S2,"2""",1500,AL-6061,"5/8""",48,49,1,53,54,1
PB304L-C1500T3/4S2,"2""",1500,304L,"3/4""",92,93,1,102,103,1
PB316L-C1500T3/4S2,"2""",1500,316L,"3/4""",107,108,1,118,119,1
PB316L-C1500T7/8S2,"2""",1500,316L,"7/8""",119,120,1,131,132,1
PBSA516-70-C1500T1S2,"2""",1500,SA-516-70,"1""",61,62,1,68,69,1
PB304L-C1500T1S2,"2""",1500,304L,"1""",111,112,1,123,124,1
PB316L-C1500T1S2,"2""",1500,316L,"1""",131,132,1,145,146,1
PB304-C1500T1-1/8S2,"2""",1500,304,"1-1/8""",114,115,1,126,127,1
PBSA36-C1500T1-1/8S2,"2""",1500,SA-36,"1-1/8""",60,61,1,66,68,2
PB304L-C1500T1-1/8S2,"2""",1500,304L,"1-1/8""",121,122,1,134,135,1
PB316L-C1500T1-1/8S2,"2""",1500,316L,"1-1/8""",143,144,1,158,159,1
PBAL6061-C1500T1-1/8S2,"2""",1500,AL-6061,"1-1/8""",59,60,1,65,66,1
PB304-C1500T1-1/4S2,"2""",1500,304,"1-1/4""",123,124,1,136,137,1
PBSA36-C1500T1-1/4S2,"2""",1500,SA-36,"1-1/4""",63,64,1,70,71,1
PB304L-C1500T1-1/4S2,"2""",1500,304L,"1-1/4""",130,131,1,143,145,2
PB316L-C1500T1-1/4S2,"2""",1500,316L,"1-1/4""",155,156,1,171,172,1
PB304-C1500T1-3/8S2,"2""",1500,304,"1-3/8""",132,133,1,146,147,1
PBSA516-70-C1500T1-3/8S2,"2""",1500,SA-516-70,"1-3/8""",71,72,1,79,80,1
PB304L-C1500T1-3/8S2,"2""",1500,304L,"1-3/8""",140,141,1,154,156,2
PB316L-C1500T1-3/8S2,"2""",1500,316L,"1-3/8""",167,168,1,184,185,1
PB304-C1500T1-1/2S2,"2""",1500,304,"1-1/2""",141,142,1,156,157,1
PB304L-C1500T1-1/2S2,"2""",1500,304L,"1-1/2""",150,151,1,165,167,2
PB316L-C1500T1-1/2S2,"2""",1500,316L,"1-1/2""",179,181,2,197,200,3
PBAL6061-C1500T1-1/2S2,"2""",1500,AL-6061,"1-1/2""",67,68,1,74,75,1
PB304-C1500T1-5/8S2,"2""",1500,304,"1-5/8""",150,151,1,165,167,2
PB304L-C1500T1-5/8S2,"2""",1500,304L,"1-5/8""",159,160,1,175,176,1
PB316L-C1500T1-5/8S2,"2""",1500,316L,"1-5/8""",191,193,2,211,213,2
PBAL6061-C1500T1-5/8S2,"2""",1500,AL-6061,"1-5/8""",70,71,1,77,79,2
PB304-C1500T1-3/4S2,"2""",1500,304,"1-3/4""",158,160,2,174,176,2
PBSA516-70-C1500T1-3/4S2,"2""",1500,SA-516-70,"1-3/4""",81,82,1,90,91,1
PB304L-C1500T1-3/4S2,"2""",1500,304L,"1-3/4""",169,170,1,186,188,2
PB316L-C1500T1-3/4S2,"2""",1500,316L,"1-3/4""",203,205,2,224,226,2
PBAL6061-C1500T1-3/4S2,"2""",1500,AL-6061,"1-3/4""",73,74,1,81,82,1
PB304-C1500T1-7/8S2,"2""",1500,304,"1-7/8""",167,169,2,184,186,2
PBSA516-70-C1500T1-7/8S2,"2""",1500,SA-516-70,"1-7/8""",84,85,1,93,94,1
PB304L-C1500T1-7/8S2,"2""",1500,304L,"1-7/8""",178,180,2,196,199,3
PB316L-C1500T1-7/8S2,"2""",1500,316L,"1-7/8""",215,217,2,237,239,2
PBAL6061-C1500T1-7/8S2,"2""",1500,AL-6061,"1-7/8""",75,76,1,83,84,1
PB304-C1500T2S2,"2""",1500,304,"2""",176,177,1,194,195,1
PBSA36-C1500T2S2,"2""",1500,SA-36,"2""",80,81,1,88,90,2
PB304L-C1500T2S2,"2""",1500,304L,"2""",188,189,1,207,208,1
PB316L-C1500T2S2,"2""",1500,316L,"2""",227,229,2,250,252,2
PBAL6061-C1500T2S2,"2""",1500,AL-6061,"2""",78,79,1,86,87,1
PB304-C1500T2-1/4S2,"2""",1500,304,"2-1/4""",194,195,1,214,215,1
PBSA36-C1500T2-1/4S2,"2""",1500,SA-36,"2-1/4""",86,87,1,95,96,1
PBSA516-70-C1500T2-1/4S2,"2""",1500,SA-516-70,"2-1/4""",94,95,1,104,105,1
PB304L-C1500T2-1/4S2,"2""",1500,304L,"2-1/4""",207,209,2,228,230,2
PB316L-C1500T2-1/4S2,"2""",1500,316L,"2-1/4""",251,254,3,277,280,3
PBAL6061-C1500T2-1/4S2,"2""",1500,AL-6061,"2-1/4""",84,85,1,93,94,1
PB304-C1500T2-1/2S2,"2""",1500,304,"2-1/2""",212,213,1,234,235,1
PBSA516-70-C1500T2-1/2S2,"2""",1500,SA-516-70,"2-1/2""",101,102,1,112,113,1
PB304L-C1500T2-1/2S2,"2""",1500,304L,"2-1/2""",226,228,2,249,251,2
PB316L-C1500T2-1/2S2,"2""",1500,316L,"2-1/2""",275,278,3,303,306,3
PBAL6061-C1500T2-1/2S2,"2""",1500,AL-6061,"2-1/2""",89,90,1,98,100,2
PB304-C1500T3S2,"2""",1500,304,"3""",247,249,2,272,274,2
PBSA36-C1500T3S2,"2""",1500,SA-36,"3""",103,104,1,114,115,1
PBSA516-70-C1500T3S2,"2""",1500,SA-516-70,"3""",114,115,1,126,127,1
PB304L-C1500T3S2,"2""",1500,304L,"3""",264,266,2,291,293,2
PB316L-C1500T3S2,"2""",1500,316L,"3""",323,326,3,356,359,3
PBAL6061-C1500T3S2,"2""",1500,AL-6061,"3""",100,101,1,111,112,1
PBSA36-C1500T11GAS2-1/2,"2-1/2""",1500,SA-36,11 Gauge,38,39,1,42,43,1
PBSA516-70-C1500T3/16S2-1/2,"2-1/2""",1500,SA-516-70,"3/16""",41,42,1,46,47,1
PB304-C1500T1/4S2-1/2,"2-1/2""",1500,304,"1/4""",58,59,1,64,65,1
PB304L-C1500T1/4S2-1/2,"2-1/2""",1500,304L,"1/4""",60,61,1,66,68,2
PBSA516-70-C1500T1/2S2-1/2,"2-1/2""",1500,SA-516-70,"1/2""",52,53,1,58,59,1
PBAL6061-C1500T1/2S2-1/2,"2-1/2""",1500,AL-6061,"1/2""",49,50,1,54,56,2
PB304L-C1500T5/8S2-1/2,"2-1/2""",1500,304L,"5/8""",98,99,1,108,109,1
PB316L-C1500T5/8S2-1/2,"2-1/2""",1500,316L,"5/8""",115,116,1,127,128,1
PB304-C1500T3/4S2-1/2,"2-1/2""",1500,304,"3/4""",105,106,1,116,117,1
PBSA516-70-C1500T3/4S2-1/2,"2-1/2""",1500,SA-516-70,"3/4""",61,62,1,68,69,1
PB304L-C1500T3/4S2-1/2,"2-1/2""",1500,304L,"3/4""",111,112,1,123,124,1
PB316L-C1500T3/4S2-1/2,"2-1/2""",1500,316L,"3/4""",131,132,1,145,146,1
PBAL6061-C1500T3/4S2-1/2,"2-1/2""",1500,AL-6061,"3/4""",56,57,1,62,63,1
PB304-C1500T7/8S2-1/2,"2-1/2""",1500,304,"7/8""",117,118,1,129,130,1
PBSA36-C1500T7/8S2-1/2,"2-1/2""",1500,SA-36,"7/8""",61,62,1,68,69,1
PB304L-C1500T7/8S2-1/2,"2-1/2""",1500,304L,"7/8""",124,125,1,137,138,1
PB316L-C1500T7/8S2-1/2,"2-1/2""",1500,316L,"7/8""",147,148,1,162,163,1
PBAL6061-C1500T7/8S2-1/2,"2-1/2""",1500,AL-6061,"7/8""",60,61,1,66,68,2
PB304-C1500T1S2-1/2,"2-1/2""",1500,304,"1""",129,130,1,142,143,1
PB304L-C1500T1S2-1/2,"2-1/2""",1500,304L,"1""",136,137,1,150,151,1
PB316L-C1500T1S2-1/2,"2-1/2""",1500,316L,"1""",163,164,1,180,181,1
PB304-C1500T1-1/8S2-1/2,"2-1/2""",1500,304,"1-1/8""",141,142,1,156,157,1
PBSA516-70-C1500T1-1/8S2-1/2,"2-1/2""",1500,SA-516-70,"1-1/8""",74,75,1,82,83,1
PB304L-C1500T1-1/8S2-1/2,"2-1/2""",1500,304L,"1-1/8""",149,150,1,164,165,1
PB316L-C1500T1-1/8S2-1/2,"2-1/2""",1500,316L,"1-1/8""",179,180,1,197,199,2
PBAL6061-C1500T1-1/8S2-1/2,"2-1/2""",1500,AL-6061,"1-1/8""",67,68,1,74,75,1
PB304-C1500T1-1/4S2-1/2,"2-1/2""",1500,304,"1-1/4""",152,153,1,168,169,1
PB304L-C1500T1-1/4S2-1/2,"2-1/2""",1500,304L,"1-1/4""",162,163,1,179,180,1
PB316L-C1500T1-1/4S2-1/2,"2-1/2""",1500,316L,"1-1/4""",195,196,1,215,216,1
PBAL6061-C1500T1-1/4S2-1/2,"2-1/2""",1500,AL-6061,"1-1/4""",71,72,1,79,80,1
PB304-C1500T1-3/8S2-1/2,"2-1/2""",1500,304,"1-3/8""",164,165,1,181,182,1
PBSA36-C1500T1-3/8S2-1/2,"2-1/2""",1500,SA-36,"1-3/8""",76,77,1,84,85,1
PBSA516-70-C1500T1-3/8S2-1/2,"2-1/2""",1500,SA-516-70,"1-3/8""",83,84,1,92,93,1
PB304L-C1500T1-3/8S2-1/2,"2-1/2""",1500,304L,"1-3/8""",175,176,1,193,194,1
PB316L-C1500T1-3/8S2-1/2,"2-1/2""",1500,316L,"1-3/8""",211,213,2,233,235,2
PBAL6061-C1500T1-3/8S2-1/2,"2-1/2""",1500,AL-6061,"1-3/8""",74,75,1,82,83,1
PB304-C1500T1-1/2S2-1/2,"2-1/2""",1500,304,"1-1/2""",176,177,1,194,195,1
PBSA36-C1500T1-1/2S2-1/2,"2-1/2""",1500,SA-36,"1-1/2""",80,81,1,88,90,2
PB304L-C1500T1-1/2S2-1/2,"2-1/2""",1500,304L,"1-1/2""",187,189,2,206,208,2
PB316L-C1500T1-1/2S2-1/2,"2-1/2""",1500,316L,"1-1/2""",227,229,2,250,252,2
PBAL6061-C1500T1-1/2S2-1/2,"2-1/2""",1500,AL-6061,"1-1/2""",78,79,1,86,87,1
PB304-C1500T1-5/8S2-1/2,"2-1/2""",1500,304,"1-5/8""",188,189,1,207,208,1
PBSA36-C1500T1-5/8S2-1/2,"2-1/2""",1500,SA-36,"1-5/8""",84,85,1,93,94,1
PBSA516-70-C1500T1-5/8S2-1/2,"2-1/2""",1500,SA-516-70,"1-5/8""",92,93,1,102,103,1
PB304L-C1500T1-5/8S2-1/2,"2-1/2""",1500,304L,"1-5/8""",200,202,2,221,223,2
PB316L-C1500T1-5/8S2-1/2,"2-1/2""",1500,316L,"1-5/8""",243,245,2,268,270,2
PBAL6061-C1500T1-5/8S2-1/2,"2-1/2""",1500,AL-6061,"1-5/8""",82,83,1,91,92,1
PB304-C1500T1-3/4S2-1/2,"2-1/2""",1500,304,"1-3/4""",199,201,2,219,222,3
PBSA516-70-C1500T1-3/4S2-1/2,"2-1/2""",1500,SA-516-70,"1-3/4""",96,97,1,106,107,1
PB304L-C1500T1-3/4S2-1/2,"2-1/2""",1500,304L,"1-3/4""",213,214,1,235,236,1
PB316L-C1500T1-3/4S2-1/2,"2-1/2""",1500,316L,"1-3/4""",259,261,2,285,288,3
PBAL6061-C1500T1-3/4S2-1/2,"2-1/2""",1500,AL-6061,"1-3/4""",85,86,1,94,95,1
PB304-C1500T1-7/8S2-1/2,"2-1/2""",1500,304,"1-7/8""",211,213,2,233,235,2
PBSA516-70-C1500T1-7/8S2-1/2,"2-1/2""",1500,SA-516-70,"1-7/8""",101,102,1,112,113,1
PB304L-C1500T1-7/8S2-1/2,"2-1/2""",1500,304L,"1-7/8""",225,227,2,248,250,2
PB316L-C1500T1-7/8S2-1/2,"2-1/2""",1500,316L,"1-7/8""",275,277,2,303,305,2
PBAL6061-C1500T1-7/8S2-1/2,"2-1/2""",1500,AL-6061,"1-7/8""",89,90,1,98,100,2
PB304-C1500T2S2-1/2,"2-1/2""",1500,304,"2""",223,224,1,246,247,1
PBSA36-C1500T2S2-1/2,"2-1/2""",1500,SA-36,"2""",95,96,1,105,106,1
PBSA516-70-C1500T2S2-1/2,"2-1/2""",1500,SA-516-70,"2""",105,106,1,116,117,1
PB304L-C1500T2S2-1/2,"2-1/2""",1500,304L,"2""",238,240,2,262,264,2
PB316L-C1500T2S2-1/2,"2-1/2""",1500,316L,"2""",291,293,2,321,323,2
PBAL6061-C1500T2S2-1/2,"2-1/2""",1500,AL-6061,"2""",92,94,2,102,104,2
PB304-C1500T2-1/4S2-1/2,"2-1/2""",1500,304,"2-1/4""",246,248,2,271,273,2
PBSA36-C1500T2-1/4S2-1/2,"2-1/2""",1500,SA-36,"2-1/4""",103,104,1,114,115,1
PBSA516-70-C1500T2-1/4S2-1/2,"2-1/2""",1500,SA-516-70,"2-1/4""",114,115,1,126,127,1
PB304L-C1500T2-1/4S2-1/2,"2-1/2""",1500,304L,"2-1/4""",264,266,2,291,293,2
PB316L-C1500T2-1/4S2-1/2,"2-1/2""",1500,316L,"2-1/4""",323,326,3,356,359,3
PBAL6061-C1500T2-1/4S2-1/2,"2-1/2""",1500,AL-6061,"2-1/4""",100,101,1,111,112,1
PB304-C1500T2-1/2S2-1/2,"2-1/2""",1500,304,"2-1/2""",270,272,2,297,300,3
PBSA36-C1500T2-1/2S2-1/2,"2-1/2""",1500,SA-36,"2-1/2""",110,111,1,122,123,1
PBSA516-70-C1500T2-1/2S2-1/2,"2-1/2""",1500,SA-516-70,"2-1/2""",123,124,1,136,137,1
PB304L-C1500T2-1/2S2-1/2,"2-1/2""",1500,304L,"2-1/2""",289,291,2,318,321,3
PB316L-C1500T2-1/2S2-1/2,"2-1/2""",1500,316L,"2-1/2""",354,358,4,390,394,4
PBAL6061-C1500T2-1/2S2-1/2,"2-1/2""",1500,AL-6061,"2-1/2""",107,108,1,118,119,1
PB304-C1500T3S2-1/2,"2-1/2""",1500,304,"3""",317,319,2,349,351,2
PBSA36-C1500T3S2-1/2,"2-1/2""",1500,SA-36,"3""",126,127,1,139,140,1
PBSA516-70-C1500T3S2-1/2,"2-1/2""",1500,SA-516-70,"3""",140,142,2,154,157,3
PB304L-C1500T3S2-1/2,"2-1/2""",1500,304L,"3""",340,343,3,375,378,3
PB316L-C1500T3S2-1/2,"2-1/2""",1500,316L,"3""",418,423,5,460,466,6
PBAL6061-C1500T3S2-1/2,"2-1/2""",1500,AL-6061,"3""",121,123,2,134,136,2
PB304-C1500T11GAS3,"3""",1500,304,11 Gauge,47,48,1,52,53,1
PB304L-C1500T11GAS3,"3""",1500,304L,11 Gauge,48,49,1,53,54,1
PB304L-C1500T1/4S3,"3""",1500,304L,"1/4""",63,64,1,70,71,1
PBSA36-C1500T5/16S3,"3""",1500,SA-36,"5/16""",45,46,1,50,51,1
PB304L-C1500T5/16S3,"3""",1500,304L,"5/16""",70,71,1,77,79,2
PB304-C1500T3/8S3,"3""",1500,304,"3/8""",74,75,1,82,83,1
PB316L-C1500T3/8S3,"3""",1500,316L,"3/8""",88,89,1,97,98,1
PB304-C1500T1/2S3,"3""",1500,304,"1/2""",87,88,1,96,97,1
PB316L-C1500T1/2S3,"3""",1500,316L,"1/2""",106,107,1,117,118,1
PBSA516-70-C1500T5/8S3,"3""",1500,SA-516-70,"5/8""",59,60,1,65,66,1
PB304L-C1500T5/8S3,"3""",1500,304L,"5/8""",106,107,1,117,118,1
PB316L-C1500T5/8S3,"3""",1500,316L,"5/8""",124,125,1,137,138,1
PBSA36-C1500T3/4S3,"3""",1500,SA-36,"3/4""",60,61,1,66,68,2
PBSA516-70-C1500T3/4S3,"3""",1500,SA-516-70,"3/4""",64,65,1,71,72,1
PB304L-C1500T3/4S3,"3""",1500,304L,"3/4""",120,121,1,132,134,2
PB316L-C1500T3/4S3,"3""",1500,316L,"3/4""",142,143,1,157,158,1
PBAL6061-C1500T3/4S3,"3""",1500,AL-6061,"3/4""",59,60,1,65,66,1
PB304-C1500T7/8S3,"3""",1500,304,"7/8""",127,128,1,140,141,1
PBSA516-70-C1500T7/8S3,"3""",1500,SA-516-70,"7/8""",69,70,1,76,77,1
PB304L-C1500T7/8S3,"3""",1500,304L,"7/8""",134,135,1,148,149,1
PB316L-C1500T7/8S3,"3""",1500,316L,"7/8""",160,161,1,176,178,2
PBAL6061-C1500T7/8S3,"3""",1500,AL-6061,"7/8""",63,64,1,70,71,1
PB304-C1500T1S3,"3""",1500,304,"1""",140,141,1,154,156,2
PBSA516-70-C1500T1S3,"3""",1500,SA-516-70,"1""",74,75,1,82,83,1
PB304L-C1500T1S3,"3""",1500,304L,"1""",149,150,1,164,165,1
PB316L-C1500T1S3,"3""",1500,316L,"1""",178,180,2,196,199,3
PBAL6061-C1500T1S3,"3""",1500,AL-6061,"1""",67,68,1,74,75,1
PB304-C1500T1-1/8S3,"3""",1500,304,"1-1/8""",153,154,1,169,170,1
PBSA516-70-C1500T1-1/8S3,"3""",1500,SA-516-70,"1-1/8""",79,80,1,87,88,1
PB304L-C1500T1-1/8S3,"3""",1500,304L,"1-1/8""",163,164,1,180,181,1
PB316L-C1500T1-1/8S3,"3""",1500,316L,"1-1/8""",196,198,2,216,218,2
PBAL6061-C1500T1-1/8S3,"3""",1500,AL-6061,"1-1/8""",71,72,1,79,80,1
PB304-C1500T1-1/4S3,"3""",1500,304,"1-1/4""",166,168,2,183,185,2
PBSA36-C1500T1-1/4S3,"3""",1500,SA-36,"1-1/4""",77,78,1,85,86,1
PBSA516-70-C1500T1-1/4S3,"3""",1500,SA-516-70,"1-1/4""",84,85,1,93,94,1
PB304L-C1500T1-1/4S3,"3""",1500,304L,"1-1/4""",177,179,2,195,197,2
PB316L-C1500T1-1/4S3,"3""",1500,316L,"1-1/4""",214,216,2,236,238,2
PBAL6061-C1500T1-1/4S3,"3""",1500,AL-6061,"1-1/4""",75,76,1,83,84,1
PB304-C1500T1-3/8S3,"3""",1500,304,"1-3/8""",180,181,1,199,200,1
PBSA36-C1500T1-3/8S3,"3""",1500,SA-36,"1-3/8""",81,82,1,90,91,1
PBSA516-70-C1500T1-3/8S3,"3""",1500,SA-516-70,"1-3/8""",89,90,1,98,100,2
PB304L-C1500T1-3/8S3,"3""",1500,304L,"1-3/8""",191,193,2,211,213,2
PB316L-C1500T1-3/8S3,"3""",1500,316L,"1-3/8""",232,234,2,256,258,2
PBAL6061-C1500T1-3/8S3,"3""",1500,AL-6061,"1-3/8""",79,80,1,87,88,1
PB304-C1500T1-1/2S3,"3""",1500,304,"1-1/2""",193,194,1,213,214,1
PBSA516-70-C1500T1-1/2S3,"3""",1500,SA-516-70,"1-1/2""",94,95,1,104,105,1
PB304L-C1500T1-1/2S3,"3""",1500,304L,"1-1/2""",206,207,1,227,228,1
PB316L-C1500T1-1/2S3,"3""",1500,316L,"1-1/2""",250,252,2,275,278,3
PBAL6061-C1500T1-1/2S3,"3""",1500,AL-6061,"1-1/2""",83,84,1,92,93,1
PB304-C1500T1-5/8S3,"3""",1500,304,"1-5/8""",206,207,1,227,228,1
PBSA516-70-C1500T1-5/8S3,"3""",1500,SA-516-70,"1-5/8""",99,100,1,109,111,2
PB304L-C1500T1-5/8S3,"3""",1500,304L,"1-5/8""",220,222,2,243,245,2
PB316L-C1500T1-5/8S3,"3""",1500,316L,"1-5/8""",268,270,2,295,297,2
PBAL6061-C1500T1-5/8S3,"3""",1500,AL-6061,"1-5/8""",87,88,1,96,97,1
PB304-C1500T1-3/4S3,"3""",1500,304,"1-3/4""",219,221,2,241,244,3
PBSA36-C1500T1-3/4S3,"3""",1500,SA-36,"1-3/4""",94,95,1,104,105,1
PBSA516-70-C1500T1-3/4S3,"3""",1500,SA-516-70,"1-3/4""",104,105,1,115,116,1
PB304L-C1500T1-3/4S3,"3""",1500,304L,"1-3/4""",234,236,2,258,260,2
PB316L-C1500T1-3/4S3,"3""",1500,316L,"1-3/4""",285,288,3,314,317,3
PBAL6061-C1500T1-3/4S3,"3""",1500,AL-6061,"1-3/4""",91,92,1,101,102,1
PB304-C1500T1-7/8S3,"3""",1500,304,"1-7/8""",232,234,2,256,258,2
PBSA36-C1500T1-7/8S3,"3""",1500,SA-36,"1-7/8""",98,99,1,108,109,1
PBSA516-70-C1500T1-7/8S3,"3""",1500,SA-516-70,"1-7/8""",109,110,1,120,122,2
PB304L-C1500T1-7/8S3,"3""",1500,304L,"1-7/8""",248,250,2,273,275,2
PB316L-C1500T1-7/8S3,"3""",1500,316L,"1-7/8""",303,306,3,334,337,3
PBAL6061-C1500T1-7/8S3,"3""",1500,AL-6061,"1-7/8""",95,97,2,105,107,2
PB304-C1500T2S3,"3""",1500,304,"2""",245,247,2,270,272,2
PBSA516-70-C1500T2S3,"3""",1500,SA-516-70,"2""",114,115,1,126,127,1
PB304L-C1500T2S3,"3""",1500,304L,"2""",262,265,3,289,292,3
PB316L-C1500T2S3,"3""",1500,316L,"2""",321,324,3,354,357,3
PBAL6061-C1500T2S3,"3""",1500,AL-6061,"2""",99,101,2,109,112,3
PB304-C1500T2-1/4S3,"3""",1500,304,"2-1/4""",272,274,2,300,302,2
PBSA36-C1500T2-1/4S3,"3""",1500,SA-36,"2-1/4""",111,112,1,123,124,1
PBSA516-70-C1500T2-1/4S3,"3""",1500,SA-516-70,"2-1/4""",123,125,2,136,138,2
PB304L-C1500T2-1/4S3,"3""",1500,304L,"2-1/4""",291,294,3,321,324,3
PB316L-C1500T2-1/4S3,"3""",1500,316L,"2-1/4""",357,361,4,393,398,5
PBAL6061-C1500T2-1/4S3,"3""",1500,AL-6061,"2-1/4""",107,109,2,118,120,2
PB304-C1500T2-1/2S3,"3""",1500,304,"2-1/2""",298,300,2,328,330,2
PBSA516-70-C1500T2-1/2S3,"3""",1500,SA-516-70,"2-1/2""",133,135,2,147,149,2
PB304L-C1500T2-1/2S3,"3""",1500,304L,"2-1/2""",319,322,3,351,355,4
PB316L-C1500T2-1/2S3,"3""",1500,316L,"2-1/2""",393,397,4,433,437,4
PBAL6061-C1500T2-1/2S3,"3""",1500,AL-6061,"2-1/2""",115,117,2,127,129,2
PB304-C1500T3S3,"3""",1500,304,"3""",350,353,3,386,389,3
PBSA36-C1500T3S3,"3""",1500,SA-36,"3""",136,138,2,150,152,2
PBSA516-70-C1500T3S3,"3""",1500,SA-516-70,"3""",153,155,2,169,171,2
PB304L-C1500T3S3,"3""",1500,304L,"3""",376,380,4,414,419,5
PB316L-C1500T3S3,"3""",1500,316L,"3""",464,469,5,511,516,5
PBAL6061-C1500T3S3,"3""",1500,AL-6061,"3""",132,134,2,146,148,2
PB304L-C1500T11GAS4,"4""",1500,304L,11 Gauge,54,55,1,60,61,1
PB316L-C1500T11GAS4,"4""",1500,316L,11 Gauge,59,60,1,65,66,1
PBAL6061-C1500T11GAS4,"4""",1500,AL-6061,11 Gauge,40,41,1,44,46,2
PB316L-C1500T1/8S4,"4""",1500,316L,"1/8""",60,61,1,66,68,2
PBSA516-70-C1500T3/16S4,"4""",1500,SA-516-70,"3/16""",45,46,1,50,51,1
PB304L-C1500T3/16S4,"4""",1500,304L,"3/16""",65,66,1,72,73,1
PB316L-C1500T3/16S4,"4""",1500,316L,"3/16""",73,74,1,81,82,1
PB304-C1500T1/4S4,"4""",1500,304,"1/4""",72,73,1,80,81,1
PB304L-C1500T1/4S4,"4""",1500,304L,"1/4""",75,76,1,83,84,1
PB316L-C1500T1/4S4,"4""",1500,316L,"1/4""",86,87,1,95,96,1
PBAL6061-C1500T1/4S4,"4""",1500,AL-6061,"1/4""",46,47,1,51,52,1
PBSA516-70-C1500T5/16S4,"4""",1500,SA-516-70,"5/16""",52,53,1,58,59,1
PBAL6061-C1500T5/16S4,"4""",1500,AL-6061,"5/16""",49,50,1,54,56,2
PB304-C1500T3/8S4,"4""",1500,304,"3/8""",91,92,1,101,102,1
PB304L-C1500T3/8S4,"4""",1500,304L,"3/8""",96,97,1,106,107,1
PB304-C1500T1/2S4,"4""",1500,304,"1/2""",110,111,1,122,123,1
PB304L-C1500T1/2S4,"4""",1500,304L,"1/2""",116,117,1,128,129,1
PB316L-C1500T1/2S4,"4""",1500,316L,"1/2""",137,138,1,151,152,1
PB304-C1500T5/8S4,"4""",1500,304,"5/8""",129,130,1,142,143,1
PBSA516-70-C1500T5/8S4,"4""",1500,SA-516-70,"5/8""",70,71,1,77,79,2
PB304L-C1500T5/8S4,"4""",1500,304L,"5/8""",137,138,1,151,152,1
PB316L-C1500T5/8S4,"4""",1500,316L,"5/8""",163,164,1,180,181,1
PB304-C1500T3/4S4,"4""",1500,304,"3/4""",148,149,1,163,164,1
PBSA36-C1500T3/4S4,"4""",1500,SA-36,"3/4""",71,72,1,79,80,1
PBSA516-70-C1500T3/4S4,"4""",1500,SA-516-70,"3/4""",77,78,1,85,86,1
PB304L-C1500T3/4S4,"4""",1500,304L,"3/4""",157,158,1,173,174,1
PB316L-C1500T3/4S4,"4""",1500,316L,"3/4""",188,190,2,207,210,3
PBAL6061-C1500T3/4S4,"4""",1500,AL-6061,"3/4""",69,70,1,76,77,1
PB304-C1500T7/8S4,"4""",1500,304,"7/8""",166,168,2,183,185,2
PBSA36-C1500T7/8S4,"4""",1500,SA-36,"7/8""",77,78,1,85,86,1
PBSA516-70-C1500T7/8S4,"4""",1500,SA-516-70,"7/8""",84,85,1,93,94,1
PB304L-C1500T7/8S4,"4""",1500,304L,"7/8""",177,179,2,195,197,2
PB316L-C1500T7/8S4,"4""",1500,316L,"7/8""",214,216,2,236,238,2
PBAL6061-C1500T7/8S4,"4""",1500,AL-6061,"7/8""",75,76,1,83,84,1
PB304-C1500T1S4,"4""",1500,304,"1""",185,187,2,204,206,2
PBSA36-C1500T1S4,"4""",1500,SA-36,"1""",83,84,1,92,93,1
PBSA516-70-C1500T1S4,"4""",1500,SA-516-70,"1""",91,92,1,101,102,1
PB304L-C1500T1S4,"4""",1500,304L,"1""",198,199,1,218,219,1
PB316L-C1500T1S4,"4""",1500,316L,"1""",240,242,2,264,267,3
PBAL6061-C1500T1S4,"4""",1500,AL-6061,"1""",81,82,1,90,91,1
PB304-C1500T1-1/8S4,"4""",1500,304,"1-1/8""",204,206,2,225,227,2
PBSA36-C1500T1-1/8S4,"4""",1500,SA-36,"1-1/8""",89,90,1,98,100,2
PBSA516-70-C1500T1-1/8S4,"4""",1500,SA-516-70,"1-1/8""",98,99,1,108,109,1
PB304L-C1500T1-1/8S4,"4""",1500,304L,"1-1/8""",218,220,2,240,243,3
PB316L-C1500T1-1/8S4,"4""",1500,316L,"1-1/8""",265,268,3,292,295,3
PBAL6061-C1500T1-1/8S4,"4""",1500,AL-6061,"1-1/8""",87,88,1,96,97,1
PB304-C1500T1-1/4S4,"4""",1500,304,"1-1/4""",223,225,2,246,248,2
PBSA36-C1500T1-1/4S4,"4""",1500,SA-36,"1-1/4""",95,96,1,105,106,1
PBSA516-70-C1500T1-1/4S4,"4""",1500,SA-516-70,"1-1/4""",105,106,1,116,117,1
PB304L-C1500T1-1/4S4,"4""",1500,304L,"1-1/4""",238,240,2,262,264,2
PB316L-C1500T1-1/4S4,"4""",1500,316L,"1-1/4""",291,294,3,321,324,3
PBAL6061-C1500T1-1/4S4,"4""",1500,AL-6061,"1-1/4""",93,94,1,103,104,1
PB304-C1500T1-3/8S4,"4""",1500,304,"1-3/8""",242,244,2,267,269,2
PBSA36-C1500T1-3/8S4,"4""",1500,SA-36,"1-3/8""",101,102,1,112,113,1
PBSA516-70-C1500T1-3/8S4,"4""",1500,SA-516-70,"1-3/8""",112,113,1,124,125,1
PB304L-C1500T1-3/8S4,"4""",1500,304L,"1-3/8""",259,261,2,285,288,3
PB316L-C1500T1-3/8S4,"4""",1500,316L,"1-3/8""",316,319,3,348,351,3
PBAL6061-C1500T1-3/8S4,"4""",1500,AL-6061,"1-3/8""",98,100,2,108,111,3
PB304-C1500T1-1/2S4,"4""",1500,304,"1-1/2""",261,263,2,288,290,2
PBSA36-C1500T1-1/2S4,"4""",1500,SA-36,"1-1/2""",107,108,1,118,119,1
PBSA516-70-C1500T1-1/2S4,"4""",1500,SA-516-70,"1-1/2""",119,120,1,131,132,1
PB304L-C1500T1-1/2S4,"4""",1500,304L,"1-1/2""",279,281,2,307,310,3
PB316L-C1500T1-1/2S4,"4""",1500,316L,"1-1/2""",342,345,3,377,380,3
PBAL6061-C1500T1-1/2S4,"4""",1500,AL-6061,"1-1/2""",104,105,1,115,116,1
PB304-C1500T1-5/8S4,"4""",1500,304,"1-5/8""",279,282,3,307,311,4
PBSA516-70-C1500T1-5/8S4,"4""",1500,SA-516-70,"1-5/8""",126,128,2,139,141,2
PB304L-C1500T1-5/8S4,"4""",1500,304L,"1-5/8""",299,302,3,329,333,4
PB316L-C1500T1-5/8S4,"4""",1500,316L,"1-5/8""",367,371,4,404,409,5
PBAL6061-C1500T1-5/8S4,"4""",1500,AL-6061,"1-5/8""",110,111,1,122,123,1
PB304-C1500T1-3/4S4,"4""",1500,304,"1-3/4""",298,301,3,328,332,4
PBSA36-C1500T1-3/4S4,"4""",1500,SA-36,"1-3/4""",120,121,1,132,134,2
PBSA516-70-C1500T1-3/4S4,"4""",1500,SA-516-70,"1-3/4""",133,135,2,147,149,2
PB304L-C1500T1-3/4S4,"4""",1500,304L,"1-3/4""",320,323,3,352,356,4
PB316L-C1500T1-3/4S4,"4""",1500,316L,"1-3/4""",393,397,4,433,437,4
PBAL6061-C1500T1-3/4S4,"4""",1500,AL-6061,"1-3/4""",116,117,1,128,129,1
PB304-C1500T1-7/8S4,"4""",1500,304,"1-7/8""",317,319,2,349,351,2
PBSA36-C1500T1-7/8S4,"4""",1500,SA-36,"1-7/8""",126,127,1,139,140,1
PBSA516-70-C1500T1-7/8S4,"4""",1500,SA-516-70,"1-7/8""",140,142,2,154,157,3
PB304L-C1500T1-7/8S4,"4""",1500,304L,"1-7/8""",340,343,3,375,378,3
PB316L-C1500T1-7/8S4,"4""",1500,316L,"1-7/8""",419,423,4,461,466,5
PBAL6061-C1500T1-7/8S4,"4""",1500,AL-6061,"1-7/8""",121,123,2,134,136,2
PB304-C1500T2S4,"4""",1500,304,"2""",336,338,2,370,372,2
PBSA36-C1500T2S4,"4""",1500,SA-36,"2""",132,133,1,146,147,1
PBSA516-70-C1500T2S4,"4""",1500,SA-516-70,"2""",147,149,2,162,164,2
PB304L-C1500T2S4,"4""",1500,304L,"2""",360,364,4,397,401,4
PB316L-C1500T2S4,"4""",1500,316L,"2""",444,449,5,489,494,5
PBAL6061-C1500T2S4,"4""",1500,AL-6061,"2""",127,129,2,140,142,2
PB304-C1500T2-1/4S4,"4""",1500,304,"2-1/4""",373,376,3,411,414,3
PBSA36-C1500T2-1/4S4,"4""",1500,SA-36,"2-1/4""",144,145,1,159,160,1
PBSA516-70-C1500T2-1/4S4,"4""",1500,SA-516-70,"2-1/4""",162,163,1,179,180,1
PB304L-C1500T2-1/4S4,"4""",1500,304L,"2-1/4""",401,405,4,442,446,4
PB316L-C1500T2-1/4S4,"4""",1500,316L,"2-1/4""",495,500,5,545,550,5
PBAL6061-C1500T2-1/4S4,"4""",1500,AL-6061,"2-1/4""",139,141,2,153,156,3
PB304-C1500T2-1/2S4,"4""",1500,304,"2-1/2""",411,414,3,453,456,3
PBSA36-C1500T2-1/2S4,"4""",1500,SA-36,"2-1/2""",156,157,1,172,173,1
PBSA516-70-C1500T2-1/2S4,"4""",1500,SA-516-70,"2-1/2""",176,178,2,194,196,2
PB304L-C1500T2-1/2S4,"4""",1500,304L,"2-1/2""",442,446,4,487,491,4
PB316L-C1500T2-1/2S4,"4""",1500,316L,"2-1/2""",547,552,5,602,608,6
PBAL6061-C1500T2-1/2S4,"4""",1500,AL-6061,"2-1/2""",150,152,2,165,168,3
PB304-C1500T3S4,"4""",1500,304,"3""",486,490,4,535,539,4
PBSA36-C1500T3S4,"4""",1500,SA-36,"3""",180,182,2,199,201,2
PBSA516-70-C1500T3S4,"4""",1500,SA-516-70,"3""",204,206,2,225,227,2
PB304L-C1500T3S4,"4""",1500,304L,"3""",523,528,5,576,581,5
PB316L-C1500T3S4,"4""",1500,316L,"3""",649,656,7,714,722,8
PBAL6061-C1500T3S4,"4""",1500,AL-6061,"3""",173,176,3,191,194,3
PBSA516-70-C1500T1/8S6,"6""",1500,SA-516-70,"1/8""",47,48,1,52,53,1
PB304L-C1500T1/8S6,"6""",1500,304L,"1/8""",71,72,1,79,80,1
PBAL6061-C1500T3/16S6,"6""",1500,AL-6061,"3/16""",50,51,1,56,57,1
PB304-C1500T1/4S6,"6""",1500,304,"1/4""",102,103,1,113,114,1
PB304L-C1500T1/4S6,"6""",1500,304L,"1/4""",108,109,1,119,120,1
PB316L-C1500T1/4S6,"6""",1500,316L,"1/4""",127,128,1,140,141,1
PB304-C1500T5/16S6,"6""",1500,304,"5/16""",119,120,1,131,132,1
PBSA516-70-C1500T5/16S6,"6""",1500,SA-516-70,"5/16""",66,67,1,73,74,1
PB304L-C1500T5/16S6,"6""",1500,304L,"5/16""",126,127,1,139,140,1
PB316L-C1500T5/16S6,"6""",1500,316L,"5/16""",150,151,1,165,167,2
PB304-C1500T3/8S6,"6""",1500,304,"3/8""",136,137,1,150,151,1
PBSA36-C1500T3/8S6,"6""",1500,SA-36,"3/8""",67,68,1,74,75,1
PB304L-C1500T3/8S6,"6""",1500,304L,"3/8""",144,146,2,159,161,2
PB316L-C1500T3/8S6,"6""",1500,316L,"3/8""",173,174,1,191,192,1
PBAL6061-C1500T3/8S6,"6""",1500,AL-6061,"3/8""",66,67,1,73,74,1
PB304-C1500T1/2S6,"6""",1500,304,"1/2""",170,171,1,188,189,1
PBSA36-C1500T1/2S6,"6""",1500,SA-36,"1/2""",78,79,1,86,87,1
PBSA516-70-C1500T1/2S6,"6""",1500,SA-516-70,"1/2""",85,86,1,94,95,1
PB304L-C1500T1/2S6,"6""",1500,304L,"1/2""",181,182,1,200,201,1
PB316L-C1500T1/2S6,"6""",1500,316L,"1/2""",219,221,2,241,244,3
PBAL6061-C1500T1/2S6,"6""",1500,AL-6061,"1/2""",76,77,1,84,85,1
PB304-C1500T5/8S6,"6""",1500,304,"5/8""",204,205,1,225,226,1
PBSA36-C1500T5/8S6,"6""",1500,SA-36,"5/8""",89,90,1,98,100,2
PBSA516-70-C1500T5/8S6,"6""",1500,SA-516-70,"5/8""",98,99,1,108,109,1
PB304L-C1500T5/8S6,"6""",1500,304L,"5/8""",218,219,1,240,241,1
PB316L-C1500T5/8S6,"6""",1500,316L,"5/8""",265,267,2,292,294,2
PBAL6061-C1500T5/8S6,"6""",1500,AL-6061,"5/8""",87,88,1,96,97,1
PB304-C1500T3/4S6,"6""",1500,304,"3/4""",237,239,2,261,263,2
PBSA36-C1500T3/4S6,"6""",1500,SA-36,"3/4""",100,101,1,111,112,1
PBSA516-70-C1500T3/4S6,"6""",1500,SA-516-70,"3/4""",111,112,1,123,124,1
PB304L-C1500T3/4S6,"6""",1500,304L,"3/4""",254,256,2,280,282,2
PB316L-C1500T3/4S6,"6""",1500,316L,"3/4""",310,313,3,341,345,4
PBAL6061-C1500T3/4S6,"6""",1500,AL-6061,"3/4""",97,98,1,107,108,1
PB304-C1500T7/8S6,"6""",1500,304,"7/8""",271,273,2,299,301,2
PBSA36-C1500T7/8S6,"6""",1500,SA-36,"7/8""",111,112,1,123,124,1
PBSA516-70-C1500T7/8S6,"6""",1500,SA-516-70,"7/8""",123,125,2,136,138,2
PB304L-C1500T7/8S6,"6""",1500,304L,"7/8""",291,293,2,321,323,2
PB316L-C1500T7/8S6,"6""",1500,316L,"7/8""",357,360,3,393,397,4
PBAL6061-C1500T7/8S6,"6""",1500,AL-6061,"7/8""",107,109,2,118,120,2
PB304-C1500T1S6,"6""",1500,304,"1""",305,307,2,336,338,2
PBSA36-C1500T1S6,"6""",1500,SA-36,"1""",122,123,1,135,136,1
PBSA516-70-C1500T1S6,"6""",1500,SA-516-70,"1""",136,137,1,150,151,1
PB304L-C1500T1S6,"6""",1500,304L,"1""",327,330,3,360,364,4
PB316L-C1500T1S6,"6""",1500,316L,"1""",402,406,4,443,447,4
PBAL6061-C1500T1S6,"6""",1500,AL-6061,"1""",118,119,1,130,131,1
PB304-C1500T1-1/8S6,"6""",1500,304,"1-1/8""",339,342,3,373,377,4
PBSA36-C1500T1-1/8S6,"6""",1500,SA-36,"1-1/8""",133,134,1,147,148,1
PBSA516-70-C1500T1-1/8S6,"6""",1500,SA-516-70,"1-1/8""",149,150,1,164,165,1
PB304L-C1500T1-1/8S6,"6""",1500,304L,"1-1/8""",364,367,3,401,404,3
PB316L-C1500T1-1/8S6,"6""",1500,316L,"1-1/8""",448,453,5,493,499,6
PBAL6061-C1500T1-1/8S6,"6""",1500,AL-6061,"1-1/8""",128,130,2,141,143,2
PB304-C1500T1-1/4S6,"6""",1500,304,"1-1/4""",372,376,4,410,414,4
PBSA36-C1500T1-1/4S6,"6""",1500,SA-36,"1-1/4""",144,145,1,159,160,1
PBSA516-70-C1500T1-1/4S6,"6""",1500,SA-516-70,"1-1/4""",161,163,2,178,180,2
PB304L-C1500T1-1/4S6,"6""",1500,304L,"1-1/4""",400,404,4,441,445,4
PB316L-C1500T1-1/4S6,"6""",1500,316L,"1-1/4""",494,499,5,544,549,5
PBAL6061-C1500T1-1/4S6,"6""",1500,AL-6061,"1-1/4""",138,140,2,152,154,2
PB304-C1500T1-3/8S6,"6""",1500,304,"1-3/8""",406,410,4,447,452,5
PBSA36-C1500T1-3/8S6,"6""",1500,SA-36,"1-3/8""",154,156,2,170,172,2
PBSA516-70-C1500T1-3/8S6,"6""",1500,SA-516-70,"1-3/8""",174,176,2,192,194,2
PB304L-C1500T1-3/8S6,"6""",1500,304L,"1-3/8""",437,441,4,481,486,5
PB316L-C1500T1-3/8S6,"6""",1500,316L,"1-3/8""",540,546,6,594,601,7
PBAL6061-C1500T1-3/8S6,"6""",1500,AL-6061,"1-3/8""",149,151,2,164,167,3
PB304-C1500T1-1/2S6,"6""",1500,304,"1-1/2""",440,444,4,485,489,4
PBSA36-C1500T1-1/2S6,"6""",1500,SA-36,"1-1/2""",165,167,2,182,184,2
PBSA516-70-C1500T1-1/2S6,"6""",1500,SA-516-70,"1-1/2""",186,189,3,205,208,3
PB304L-C1500T1-1/2S6,"6""",1500,304L,"1-1/2""",473,478,5,521,526,5
PB316L-C1500T1-1/2S6,"6""",1500,316L,"1-1/2""",586,592,6,645,652,7
PBAL6061-C1500T1-1/2S6,"6""",1500,AL-6061,"1-1/2""",159,162,3,175,179,4
PB304-C1500T1-5/8S6,"6""",1500,304,"1-5/8""",474,478,4,522,526,4
PBSA36-C1500T1-5/8S6,"6""",1500,SA-36,"1-5/8""",176,178,2,194,196,2
PBSA516-70-C1500T1-5/8S6,"6""",1500,SA-516-70,"1-5/8""",199,201,2,219,222,3
PB304L-C1500T1-5/8S6,"6""",1500,304L,"1-5/8""",510,515,5,561,567,6
PB316L-C1500T1-5/8S6,"6""",1500,316L,"1-5/8""",632,639,7,696,703,7
PBAL6061-C1500T1-5/8S6,"6""",1500,AL-6061,"1-5/8""",169,172,3,186,190,4
PB304-C1500T1-3/4S6,"6""",1500,304,"1-3/4""",508,512,4,559,564,5
PBSA36-C1500T1-3/4S6,"6""",1500,SA-36,"1-3/4""",187,189,2,206,208,2
PBSA516-70-C1500T1-3/4S6,"6""",1500,SA-516-70,"1-3/4""",212,214,2,234,236,2
PB304L-C1500T1-3/4S6,"6""",1500,304L,"1-3/4""",546,551,5,601,607,6
PB316L-C1500T1-3/4S6,"6""",1500,316L,"1-3/4""",678,685,7,746,754,8
PBAL6061-C1500T1-3/4S6,"6""",1500,AL-6061,"1-3/4""",180,183,3,199,202,3
PB304-C1500T1-7/8S6,"6""",1500,304,"1-7/8""",541,546,5,596,601,5
PBSA36-C1500T1-7/8S6,"6""",1500,SA-36,"1-7/8""",198,200,2,218,221,3
PBSA516-70-C1500T1-7/8S6,"6""",1500,SA-516-70,"1-7/8""",224,227,3,247,250,3
PB304L-C1500T1-7/8S6,"6""",1500,304L,"1-7/8""",583,588,5,642,647,5
PB316L-C1500T1-7/8S6,"6""",1500,316L,"1-7/8""",724,732,8,797,806,9
PBAL6061-C1500T1-7/8S6,"6""",1500,AL-6061,"1-7/8""",190,193,3,210,213,3
PB304-C1500T2S6,"6""",1500,304,"2""",575,580,5,633,638,5
PBSA36-C1500T2S6,"6""",1500,SA-36,"2""",209,211,2,230,233,3
PBSA516-70-C1500T2S6,"6""",1500,SA-516-70,"2""",237,240,3,261,264,3
PB304L-C1500T2S6,"6""",1500,304L,"2""",619,625,6,681,688,7
PB316L-C1500T2S6,"6""",1500,316L,"2""",770,778,8,848,856,8
PBAL6061-C1500T2S6,"6""",1500,AL-6061,"2""",201,204,3,222,225,3
PB304-C1500T2-1/4S6,"6""",1500,304,"2-1/4""",643,648,5,708,713,5
PBSA36-C1500T2-1/4S6,"6""",1500,SA-36,"2-1/4""",231,233,2,255,257,2
PBSA516-70-C1500T2-1/4S6,"6""",1500,SA-516-70,"2-1/4""",262,265,3,289,292,3
PB304L-C1500T2-1/4S6,"6""",1500,304L,"2-1/4""",692,699,7,762,769,7
PB316L-C1500T2-1/4S6,"6""",1500,316L,"2-1/4""",862,871,9,949,959,10
PBAL6061-C1500T2-1/4S6,"6""",1500,AL-6061,"2-1/4""",221,225,4,244,248,4
PB304-C1500T2-1/2S6,"6""",1500,304,"2-1/2""",710,716,6,782,788,6
PBSA36-C1500T2-1/2S6,"6""",1500,SA-36,"2-1/2""",252,255,3,278,281,3
PBSA516-70-C1500T2-1/2S6,"6""",1500,SA-516-70,"2-1/2""",288,291,3,317,321,4
PB304L-C1500T2-1/2S6,"6""",1500,304L,"2-1/2""",765,773,8,842,851,9
PB316L-C1500T2-1/2S6,"6""",1500,316L,"2-1/2""",954,964,10,1050,1061,11
PBAL6061-C1500T2-1/2S6,"6""",1500,AL-6061,"2-1/2""",242,246,4,267,271,4
PB304-C1500T3S6,"6""",1500,304,"3""",845,853,8,930,939,9
PBSA36-C1500T3S6,"6""",1500,SA-36,"3""",296,299,3,326,329,3
PBSA516-70-C1500T3S6,"6""",1500,SA-516-70,"3""",338,342,4,372,377,5
PB304L-C1500T3S6,"6""",1500,304L,"3""",912,920,8,1004,1013,9
PB316L-C1500T3S6,"6""",1500,316L,"3""",1138,1150,12,1252,1265,13
PBAL6061-C1500T3S6,"6""",1500,AL-6061,"3""",283,288,5,312,317,5
PB304L-C1500T11GAS8,"8""",1500,304L,11 Gauge,89,90,1,98,100,2
PB316L-C1500T11GAS8,"8""",1500,316L,11 Gauge,103,104,1,114,115,1
PBAL6061-C1500T11GAS8,"8""",1500,AL-6061,11 Gauge,50,51,1,56,57,1
PB304-C1500T1/8S8,"8""",1500,304,"1/8""",87,88,1,96,97,1
PBSA516-70-C1500T1/8S8,"8""",1500,SA-516-70,"1/8""",54,55,1,60,61,1
PB304L-C1500T1/8S8,"8""",1500,304L,"1/8""",91,92,1,101,102,1
PB316L-C1500T1/8S8,"8""",1500,316L,"1/8""",106,107,1,117,118,1
PB304-C1500T3/16S8,"8""",1500,304,"3/16""",113,114,1,125,126,1
PBSA516-70-C1500T3/16S8,"8""",1500,SA-516-70,"3/16""",64,65,1,71,72,1
PB316L-C1500T3/16S8,"8""",1500,316L,"3/16""",142,143,1,157,158,1
PB304-C1500T1/4S8,"8""",1500,304,"1/4""",139,140,1,153,154,1
PBSA516-70-C1500T1/4S8,"8""",1500,SA-516-70,"1/4""",74,75,1,82,83,1
PB304L-C1500T1/4S8,"8""",1500,304L,"1/4""",148,149,1,163,164,1
PB316L-C1500T1/4S8,"8""",1500,316L,"1/4""",177,179,2,195,197,2
PBAL6061-C1500T1/4S8,"8""",1500,AL-6061,"1/4""",67,68,1,74,75,1
PB304-C1500T5/16S8,"8""",1500,304,"5/16""",166,167,1,183,184,1
PB304L-C1500T5/16S8,"8""",1500,304L,"5/16""",176,178,2,194,196,2
PB316L-C1500T5/16S8,"8""",1500,316L,"5/16""",213,215,2,235,237,2
PBAL6061-C1500T5/16S8,"8""",1500,AL-6061,"5/16""",75,76,1,83,84,1
PB304-C1500T3/8S8,"8""",1500,304,"3/8""",192,193,1,212,213,1
PBSA36-C1500T3/8S8,"8""",1500,SA-36,"3/8""",85,86,1,94,95,1
PB304L-C1500T3/8S8,"8""",1500,304L,"3/8""",205,206,1,226,227,1
PB316L-C1500T3/8S8,"8""",1500,316L,"3/8""",248,251,3,273,277,4
PBAL6061-C1500T3/8S8,"8""",1500,AL-6061,"3/8""",83,84,1,92,93,1
PB304-C1500T1/2S8,"8""",1500,304,"1/2""",244,246,2,269,271,2
PBSA36-C1500T1/2S8,"8""",1500,SA-36,"1/2""",102,103,1,113,114,1
PBSA516-70-C1500T1/2S8,"8""",1500,SA-516-70,"1/2""",113,114,1,125,126,1
PB304L-C1500T1/2S8,"8""",1500,304L,"1/2""",261,263,2,288,290,2
PB316L-C1500T1/2S8,"8""",1500,316L,"1/2""",319,322,3,351,355,4
PBAL6061-C1500T1/2S8,"8""",1500,AL-6061,"1/2""",99,100,1,109,111,2
PB304-C1500T5/8S8,"8""",1500,304,"5/8""",296,299,3,326,329,3
PBSA36-C1500T5/8S8,"8""",1500,SA-36,"5/8""",119,120,1,131,132,1
PBSA516-70-C1500T5/8S8,"8""",1500,SA-516-70,"5/8""",133,134,1,147,148,1
PB304L-C1500T5/8S8,"8""",1500,304L,"5/8""",318,320,2,350,352,2
PB316L-C1500T5/8S8,"8""",1500,316L,"5/8""",390,394,4,430,434,4
PBAL6061-C1500T5/8S8,"8""",1500,AL-6061,"5/8""",115,117,2,127,129,2
PB304-C1500T3/4S8,"8""",1500,304,"3/4""",348,351,3,383,387,4
PBSA36-C1500T3/4S8,"8""",1500,SA-36,"3/4""",136,137,1,150,151,1
PBSA516-70-C1500T3/4S8,"8""",1500,SA-516-70,"3/4""",152,154,2,168,170,2
PB304L-C1500T3/4S8,"8""",1500,304L,"3/4""",374,378,4,412,416,4
PB316L-C1500T3/4S8,"8""",1500,316L,"3/4""",462,466,4,509,513,4
PBAL6061-C1500T3/4S8,"8""",1500,AL-6061,"3/4""",131,133,2,145,147,2
PB304-C1500T7/8S8,"8""",1500,304,"7/8""",401,404,3,442,445,3
PBSA36-C1500T7/8S8,"8""",1500,SA-36,"7/8""",153,154,1,169,170,1
PBSA516-70-C1500T7/8S8,"8""",1500,SA-516-70,"7/8""",172,174,2,190,192,2
PB304L-C1500T7/8S8,"8""",1500,304L,"7/8""",431,435,4,475,479,4
PB316L-C1500T7/8S8,"8""",1500,316L,"7/8""",533,538,5,587,592,5
PBAL6061-C1500T7/8S8,"8""",1500,AL-6061,"7/8""",147,149,2,162,164,2
PB304-C1500T1S8,"8""",1500,304,"1""",453,457,4,499,503,4
PBSA36-C1500T1S8,"8""",1500,SA-36,"1""",169,171,2,186,189,3
PBSA516-70-C1500T1S8,"8""",1500,SA-516-70,"1""",191,193,2,211,213,2
PB304L-C1500T1S8,"8""",1500,304L,"1""",487,492,5,536,542,6
PB316L-C1500T1S8,"8""",1500,316L,"1""",604,610,6,665,671,6
PBAL6061-C1500T1S8,"8""",1500,AL-6061,"1""",163,166,3,180,183,3
PB304-C1500T1-1/8S8,"8""",1500,304,"1-1/8""",505,510,5,556,561,5
PBSA36-C1500T1-1/8S8,"8""",1500,SA-36,"1-1/8""",186,188,2,205,207,2
PBSA516-70-C1500T1-1/8S8,"8""",1500,SA-516-70,"1-1/8""",211,213,2,233,235,2
PB304L-C1500T1-1/8S8,"8""",1500,304L,"1-1/8""",544,549,5,599,604,5
PB316L-C1500T1-1/8S8,"8""",1500,316L,"1-1/8""",675,682,7,743,751,8
PBAL6061-C1500T1-1/8S8,"8""",1500,AL-6061,"1-1/8""",179,182,3,197,201,4
PB304-C1500T1-1/4S8,"8""",1500,304,"1-1/4""",558,562,4,614,619,5
PBSA36-C1500T1-1/4S8,"8""",1500,SA-36,"1-1/4""",203,205,2,224,226,2
PBSA516-70-C1500T1-1/4S8,"8""",1500,SA-516-70,"1-1/4""",230,233,3,254,257,3
PB304L-C1500T1-1/4S8,"8""",1500,304L,"1-1/4""",600,606,6,660,667,7
PB316L-C1500T1-1/4S8,"8""",1500,316L,"1-1/4""",746,754,8,821,830,9
PBAL6061-C1500T1-1/4S8,"8""",1500,AL-6061,"1-1/4""",195,198,3,215,218,3
PB304-C1500T1-3/8S8,"8""",1500,304,"1-3/8""",610,615,5,671,677,6
PBSA36-C1500T1-3/8S8,"8""",1500,SA-36,"1-3/8""",220,222,2,243,245,2
PBSA516-70-C1500T1-3/8S8,"8""",1500,SA-516-70,"1-3/8""",250,253,3,275,279,4
PB304L-C1500T1-3/8S8,"8""",1500,304L,"1-3/8""",657,663,6,723,730,7
PB316L-C1500T1-3/8S8,"8""",1500,316L,"1-3/8""",817,826,9,899,909,10
PBAL6061-C1500T1-3/8S8,"8""",1500,AL-6061,"1-3/8""",211,215,4,233,237,4
PB304-C1500T1-1/2S8,"8""",1500,304,"1-1/2""",662,668,6,729,735,6
PBSA36-C1500T1-1/2S8,"8""",1500,SA-36,"1-1/2""",237,239,2,261,263,2
PBSA516-70-C1500T1-1/2S8,"8""",1500,SA-516-70,"1-1/2""",270,273,3,297,301,4
PB304L-C1500T1-1/2S8,"8""",1500,304L,"1-1/2""",713,720,7,785,793,8
PB316L-C1500T1-1/2S8,"8""",1500,316L,"1-1/2""",888,898,10,977,988,11
PBAL6061-C1500T1-1/2S8,"8""",1500,AL-6061,"1-1/2""",227,231,4,250,255,5
PB304-C1500T1-5/8S8,"8""",1500,304,"1-5/8""",714,721,7,786,794,8
PBSA36-C1500T1-5/8S8,"8""",1500,SA-36,"1-5/8""",254,256,2,280,282,2
PBSA516-70-C1500T1-5/8S8,"8""",1500,SA-516-70,"1-5/8""",289,293,4,318,323,5
PB304L-C1500T1-5/8S8,"8""",1500,304L,"1-5/8""",770,777,7,848,855,7
PB316L-C1500T1-5/8S8,"8""",1500,316L,"1-5/8""",959,969,10,1055,1066,11
PBAL6061-C1500T1-5/8S8,"8""",1500,AL-6061,"1-5/8""",243,247,4,268,272,4
PB304-C1500T1-3/4S8,"8""",1500,304,"1-3/4""",767,773,6,844,851,7
PBSA36-C1500T1-3/4S8,"8""",1500,SA-36,"1-3/4""",270,273,3,297,301,4
PBSA516-70-C1500T1-3/4S8,"8""",1500,SA-516-70,"1-3/4""",309,312,3,340,344,4
PB304L-C1500T1-3/4S8,"8""",1500,304L,"1-3/4""",827,835,8,910,919,9
PB316L-C1500T1-3/4S8,"8""",1500,316L,"1-3/4""",1031,1041,10,1135,1146,11
PBAL6061-C1500T1-3/4S8,"8""",1500,AL-6061,"1-3/4""",259,264,5,285,291,6
PB304-C1500T1-7/8S8,"8""",1500,304,"1-7/8""",819,826,7,901,909,8
PBSA36-C1500T1-7/8S8,"8""",1500,SA-36,"1-7/8""",287,290,3,316,319,3
PBSA516-70-C1500T1-7/8S8,"8""",1500,SA-516-70,"1-7/8""",328,332,4,361,366,5
PB304L-C1500T1-7/8S8,"8""",1500,304L,"1-7/8""",883,892,9,972,982,10
PB316L-C1500T1-7/8S8,"8""",1500,316L,"1-7/8""",1102,1113,11,1213,1225,12
PBAL6061-C1500T1-7/8S8,"8""",1500,AL-6061,"1-7/8""",275,280,5,303,308,5
PB304-C1500T2S8,"8""",1500,304,"2""",871,879,8,959,967,8
PBSA36-C1500T2S8,"8""",1500,SA-36,"2""",304,307,3,335,338,3
PBSA516-70-C1500T2S8,"8""",1500,SA-516-70,"2""",348,352,4,383,388,5
PB304L-C1500T2S8,"8""",1500,304L,"2""",940,949,9,1034,1044,10
PB316L-C1500T2S8,"8""",1500,316L,"2""",1173,1185,12,1291,1304,13
PBAL6061-C1500T2S8,"8""",1500,AL-6061,"2""",291,296,5,321,326,5
PB304-C1500T2-1/4S8,"8""",1500,304,"2-1/4""",976,984,8,1074,1083,9
PBSA36-C1500T2-1/4S8,"8""",1500,SA-36,"2-1/4""",338,341,3,372,376,4
PBSA516-70-C1500T2-1/4S8,"8""",1500,SA-516-70,"2-1/4""",387,392,5,426,432,6
PB304L-C1500T2-1/4S8,"8""",1500,304L,"2-1/4""",1053,1063,10,1159,1170,11
PB316L-C1500T2-1/4S8,"8""",1500,316L,"2-1/4""",1315,1329,14,1447,1462,15
PBAL6061-C1500T2-1/4S8,"8""",1500,AL-6061,"2-1/4""",323,329,6,356,362,6
PB304-C1500T2-1/2S8,"8""",1500,304,"2-1/2""",1080,1090,10,1188,1199,11
PBSA36-C1500T2-1/2S8,"8""",1500,SA-36,"2-1/2""",371,375,4,409,413,4
PBSA516-70-C1500T2-1/2S8,"8""",1500,SA-516-70,"2-1/2""",426,431,5,469,475,6
PB304L-C1500T2-1/2S8,"8""",1500,304L,"2-1/2""",1166,1177,11,1283,1295,12
PB316L-C1500T2-1/2S8,"8""",1500,316L,"2-1/2""",1457,1473,16,1603,1621,18
PBAL6061-C1500T2-1/2S8,"8""",1500,AL-6061,"2-1/2""",355,362,7,391,399,8
PB304-C1500T3S8,"8""",1500,304,"3""",1289,1301,12,1418,1432,14
PBSA36-C1500T3S8,"8""",1500,SA-36,"3""",439,443,4,483,488,5
PBSA516-70-C1500T3S8,"8""",1500,SA-516-70,"3""",504,511,7,555,563,8
PB304L-C1500T3S8,"8""",1500,304L,"3""",1392,1406,14,1532,1547,15
PB316L-C1500T3S8,"8""",1500,316L,"3""",1742,1760,18,1917,1937,20
PBAL6061-C1500T3S8,"8""",1500,AL-6061,"3""",419,427,8,461,470,9
PBSA36-C1500T11GAS10,"10""",1500,SA-36,11 Gauge,59,60,1,65,66,1
PBSA516-70-C1500T11GAS10,"10""",1500,SA-516-70,11 Gauge,63,64,1,70,71,1
PB304L-C1500T11GAS10,"10""",1500,304L,11 Gauge,117,118,1,129,130,1
PB316L-C1500T11GAS10,"10""",1500,316L,11 Gauge,138,139,1,152,153,1
PBAL6061-C1500T11GAS10,"10""",1500,AL-6061,11 Gauge,58,59,1,64,65,1
PB304-C1500T1/8S10,"10""",1500,304,"1/8""",114,115,1,126,127,1
PBSA36-C1500T1/8S10,"10""",1500,SA-36,"1/8""",60,61,1,66,68,2
PBSA516-70-C1500T1/8S10,"10""",1500,SA-516-70,"1/8""",64,65,1,71,72,1
PB304L-C1500T1/8S10,"10""",1500,304L,"1/8""",121,122,1,134,135,1
PB316L-C1500T1/8S10,"10""",1500,316L,"1/8""",143,144,1,158,159,1
PBAL6061-C1500T1/8S10,"10""",1500,AL-6061,"1/8""",59,60,1,65,66,1
PB304-C1500T3/16S10,"10""",1500,304,"3/16""",154,155,1,170,171,1
PBSA36-C1500T3/16S10,"10""",1500,SA-36,"3/16""",73,74,1,81,82,1
PBSA516-70-C1500T3/16S10,"10""",1500,SA-516-70,"3/16""",79,80,1,87,88,1
PB304L-C1500T3/16S10,"10""",1500,304L,"3/16""",163,165,2,180,182,2
PB316L-C1500T3/16S10,"10""",1500,316L,"3/16""",197,198,1,217,218,1
PBAL6061-C1500T3/16S10,"10""",1500,AL-6061,"3/16""",71,72,1,79,80,1
PB304-C1500T1/4S10,"10""",1500,304,"1/4""",193,195,2,213,215,2
PBSA516-70-C1500T1/4S10,"10""",1500,SA-516-70,"1/4""",94,95,1,104,105,1
PB304L-C1500T1/4S10,"10""",1500,304L,"1/4""",206,208,2,227,229,2
PB316L-C1500T1/4S10,"10""",1500,316L,"1/4""",251,253,2,277,279,2
PBAL6061-C1500T1/4S10,"10""",1500,AL-6061,"1/4""",83,84,1,92,93,1
PB304-C1500T5/16S10,"10""",1500,304,"5/16""",233,235,2,257,259,2
PBSA516-70-C1500T5/16S10,"10""",1500,SA-516-70,"5/16""",109,110,1,120,122,2
PB304L-C1500T5/16S10,"10""",1500,304L,"5/16""",249,251,2,274,277,3
PB316L-C1500T5/16S10,"10""",1500,316L,"5/16""",305,307,2,336,338,2
PBAL6061-C1500T5/16S10,"10""",1500,AL-6061,"5/16""",96,97,1,106,107,1
PB304-C1500T3/8S10,"10""",1500,304,"3/8""",273,275,2,301,303,2
PBSA36-C1500T3/8S10,"10""",1500,SA-36,"3/8""",111,112,1,123,124,1
PBSA516-70-C1500T3/8S10,"10""",1500,SA-516-70,"3/8""",124,125,1,137,138,1
PB304L-C1500T3/8S10,"10""",1500,304L,"3/8""",292,295,3,322,325,3
PB316L-C1500T3/8S10,"10""",1500,316L,"3/8""",359,362,3,395,399,4
PBAL6061-C1500T3/8S10,"10""",1500,AL-6061,"3/8""",108,109,1,119,120,1
PB304-C1500T1/2S10,"10""",1500,304,"1/2""",352,355,3,388,391,3
PBSA36-C1500T1/2S10,"10""",1500,SA-36,"1/2""",137,138,1,151,152,1
PBSA516-70-C1500T1/2S10,"10""",1500,SA-516-70,"1/2""",154,155,1,170,171,1
PB304L-C1500T1/2S10,"10""",1500,304L,"1/2""",378,381,3,416,420,4
PB316L-C1500T1/2S10,"10""",1500,316L,"1/2""",466,471,5,513,519,6
PBAL6061-C1500T1/2S10,"10""",1500,AL-6061,"1/2""",132,134,2,146,148,2
PB304-C1500T5/8S10,"10""",1500,304,"5/8""",431,435,4,475,479,4
PBSA36-C1500T5/8S10,"10""",1500,SA-36,"5/8""",162,164,2,179,181,2
PBSA516-70-C1500T5/8S10,"10""",1500,SA-516-70,"5/8""",183,185,2,202,204,2
PB304L-C1500T5/8S10,"10""",1500,304L,"5/8""",464,468,4,511,515,4
PB316L-C1500T5/8S10,"10""",1500,316L,"5/8""",574,580,6,632,638,6
PBAL6061-C1500T5/8S10,"10""",1500,AL-6061,"5/8""",156,159,3,172,175,3
PB304-C1500T3/4S10,"10""",1500,304,"3/4""",510,515,5,561,567,6
PBSA36-C1500T3/4S10,"10""",1500,SA-36,"3/4""",188,190,2,207,210,3
PBSA516-70-C1500T3/4S10,"10""",1500,SA-516-70,"3/4""",213,215,2,235,237,2
PB304L-C1500T3/4S10,"10""",1500,304L,"3/4""",549,555,6,604,611,7
PB316L-C1500T3/4S10,"10""",1500,316L,"3/4""",682,689,7,751,758,7
PBAL6061-C1500T3/4S10,"10""",1500,AL-6061,"3/4""",181,184,3,200,203,3
PB304-C1500T7/8S10,"10""",1500,304,"7/8""",590,595,5,649,655,6
PBSA36-C1500T7/8S10,"10""",1500,SA-36,"7/8""",214,215,1,236,237,1
PBSA516-70-C1500T7/8S10,"10""",1500,SA-516-70,"7/8""",242,245,3,267,270,3
PB304L-C1500T7/8S10,"10""",1500,304L,"7/8""",635,641,6,699,706,7
PB316L-C1500T7/8S10,"10""",1500,316L,"7/8""",790,798,8,870,878,8
PBAL6061-C1500T7/8S10,"10""",1500,AL-6061,"7/8""",205,208,3,226,229,3
PB304-C1500T1S10,"10""",1500,304,"1""",669,675,6,736,743,7
PBSA36-C1500T1S10,"10""",1500,SA-36,"1""",239,241,2,263,266,3
PBSA516-70-C1500T1S10,"10""",1500,SA-516-70,"1""",272,275,3,300,303,3
PB304L-C1500T1S10,"10""",1500,304L,"1""",721,728,7,794,801,7
PB316L-C1500T1S10,"10""",1500,316L,"1""",898,907,9,988,998,10
PBAL6061-C1500T1S10,"10""",1500,AL-6061,"1""",229,233,4,252,257,5
PB304-C1500T1-1/8S10,"10""",1500,304,"1-1/8""",748,755,7,823,831,8
PBSA36-C1500T1-1/8S10,"10""",1500,SA-36,"1-1/8""",265,267,2,292,294,2
PBSA516-70-C1500T1-1/8S10,"10""",1500,SA-516-70,"1-1/8""",302,306,4,333,337,4
PB304L-C1500T1-1/8S10,"10""",1500,304L,"1-1/8""",807,814,7,888,896,8
PB316L-C1500T1-1/8S10,"10""",1500,316L,"1-1/8""",1006,1016,10,1107,1118,11
PBAL6061-C1500T1-1/8S10,"10""",1500,AL-6061,"1-1/8""",254,258,4,280,284,4
PB304-C1500T1-1/4S10,"10""",1500,304,"1-1/4""",828,835,7,911,919,8
PBSA36-C1500T1-1/4S10,"10""",1500,SA-36,"1-1/4""",290,293,3,319,323,4
PBSA516-70-C1500T1-1/4S10,"10""",1500,SA-516-70,"1-1/4""",331,336,5,365,370,5
PB304L-C1500T1-1/4S10,"10""",1500,304L,"1-1/4""",892,901,9,982,992,10
PB316L-C1500T1-1/4S10,"10""",1500,316L,"1-1/4""",1114,1125,11,1226,1238,12
PBAL6061-C1500T1-1/4S10,"10""",1500,AL-6061,"1-1/4""",278,283,5,306,312,6
PB304-C1500T1-3/8S10,"10""",1500,304,"1-3/8""",907,915,8,998,1007,9
PBSA36-C1500T1-3/8S10,"10""",1500,SA-36,"1-3/8""",316,319,3,348,351,3
PBSA516-70-C1500T1-3/8S10,"10""",1500,SA-516-70,"1-3/8""",361,366,5,398,403,5
PB304L-C1500T1-3/8S10,"10""",1500,304L,"1-3/8""",978,988,10,1076,1087,11
PB316L-C1500T1-3/8S10,"10""",1500,316L,"1-3/8""",1221,1234,13,1344,1358,14
PBAL6061-C1500T1-3/8S10,"10""",1500,AL-6061,"1-3/8""",302,308,6,333,339,6
PB304-C1500T1-1/2S10,"10""",1500,304,"1-1/2""",986,995,9,1085,1095,10
PBSA36-C1500T1-1/2S10,"10""",1500,SA-36,"1-1/2""",341,344,3,376,379,3
PBSA516-70-C1500T1-1/2S10,"10""",1500,SA-516-70,"1-1/2""",391,396,5,431,436,5
PB304L-C1500T1-1/2S10,"10""",1500,304L,"1-1/2""",1064,1074,10,1171,1182,11
PB316L-C1500T1-1/2S10,"10""",1500,316L,"1-1/2""",1329,1343,14,1462,1478,16
PBAL6061-C1500T1-1/2S10,"10""",1500,AL-6061,"1-1/2""",327,332,5,360,366,6
PB304-C1500T1-5/8S10,"10""",1500,304,"1-5/8""",1065,1075,10,1172,1183,11
PBSA36-C1500T1-5/8S10,"10""",1500,SA-36,"1-5/8""",367,370,3,404,408,4
PBSA516-70-C1500T1-5/8S10,"10""",1500,SA-516-70,"1-5/8""",420,426,6,463,469,6
PB304L-C1500T1-5/8S10,"10""",1500,304L,"1-5/8""",1150,1161,11,1265,1278,13
PB316L-C1500T1-5/8S10,"10""",1500,316L,"1-5/8""",1437,1452,15,1581,1598,17
PBAL6061-C1500T1-5/8S10,"10""",1500,AL-6061,"1-5/8""",351,357,6,387,393,6
PB304-C1500T1-3/4S10,"10""",1500,304,"1-3/4""",1145,1155,10,1260,1271,11
PBSA36-C1500T1-3/4S10,"10""",1500,SA-36,"1-3/4""",392,396,4,432,436,4
PBSA516-70-C1500T1-3/4S10,"10""",1500,SA-516-70,"1-3/4""",450,456,6,496,502,6
PB304L-C1500T1-3/4S10,"10""",1500,304L,"1-3/4""",1235,1248,13,1359,1373,14
PB316L-C1500T1-3/4S10,"10""",1500,316L,"1-3/4""",1545,1561,16,1700,1718,18
PBAL6061-C1500T1-3/4S10,"10""",1500,AL-6061,"1-3/4""",375,382,7,413,421,8
PB304-C1500T1-7/8S10,"10""",1500,304,"1-7/8""",1224,1235,11,1347,1359,12
PBSA36-C1500T1-7/8S10,"10""",1500,SA-36,"1-7/8""",418,422,4,460,465,5
PBSA516-70-C1500T1-7/8S10,"10""",1500,SA-516-70,"1-7/8""",480,486,6,528,535,7
PB304L-C1500T1-7/8S10,"10""",1500,304L,"1-7/8""",1321,1334,13,1454,1468,14
PB316L-C1500T1-7/8S10,"10""",1500,316L,"1-7/8""",1653,1670,17,1819,1838,19
PBAL6061-C1500T1-7/8S10,"10""",1500,AL-6061,"1-7/8""",399,407,8,439,448,9
PB304-C1500T2S10,"10""",1500,304,"2""",1303,1315,12,1434,1447,13
PBSA36-C1500T2S10,"10""",1500,SA-36,"2""",443,448,5,488,493,5
PBSA516-70-C1500T2S10,"10""",1500,SA-516-70,"2""",509,516,7,560,568,8
PB304L-C1500T2S10,"10""",1500,304L,"2""",1407,1421,14,1548,1564,16
PB316L-C1500T2S10,"10""",1500,316L,"2""",1761,1779,18,1938,1957,19
PBAL6061-C1500T2S10,"10""",1500,AL-6061,"2""",424,432,8,467,476,9
PB304-C1500T2-1/4S10,"10""",1500,304,"2-1/4""",1462,1475,13,1609,1623,14
PBSA36-C1500T2-1/4S10,"10""",1500,SA-36,"2-1/4""",494,499,5,544,549,5
PBSA516-70-C1500T2-1/4S10,"10""",1500,SA-516-70,"2-1/4""",569,576,7,626,634,8
PB304L-C1500T2-1/4S10,"10""",1500,304L,"2-1/4""",1578,1594,16,1736,1754,18
PB316L-C1500T2-1/4S10,"10""",1500,316L,"2-1/4""",1977,1998,21,2175,2198,23
PBAL6061-C1500T2-1/4S10,"10""",1500,AL-6061,"2-1/4""",472,481,9,520,530,10
PB304-C1500T2-1/2S10,"10""",1500,304,"2-1/2""",1620,1635,15,1783,1799,16
PBSA36-C1500T2-1/2S10,"10""",1500,SA-36,"2-1/2""",545,551,6,600,607,7
PBSA516-70-C1500T2-1/2S10,"10""",1500,SA-516-70,"2-1/2""",628,636,8,691,700,9
PB304L-C1500T2-1/2S10,"10""",1500,304L,"2-1/2""",1750,1767,17,1926,1944,18
PB316L-C1500T2-1/2S10,"10""",1500,316L,"2-1/2""",2192,2216,24,2412,2438,26
PBAL6061-C1500T2-1/2S10,"10""",1500,AL-6061,"2-1/2""",521,531,10,574,585,11
PB304-C1500T3S10,"10""",1500,304,"3""",1937,1955,18,2131,2151,20
PBSA36-C1500T3S10,"10""",1500,SA-36,"3""",647,654,7,712,720,8
PBSA516-70-C1500T3S10,"10""",1500,SA-516-70,"3""",747,757,10,822,833,11
PB304L-C1500T3S10,"10""",1500,304L,"3""",2093,2114,21,2303,2326,23
PB316L-C1500T3S10,"10""",1500,316L,"3""",2624,2652,28,2887,2918,31
PBAL6061-C1500T3S10,"10""",1500,AL-6061,"3""",618,630,12,680,693,13
PB304-C1500T11GAS12,"12""",1500,304,11 Gauge,146,147,1,161,162,1
PBSA36-C1500T11GAS12,"12""",1500,SA-36,11 Gauge,72,73,1,80,81,1
PB304L-C1500T11GAS12,"12""",1500,304L,11 Gauge,154,156,2,170,172,2
PB316L-C1500T11GAS12,"12""",1500,316L,11 Gauge,185,186,1,204,205,1
PB304-C1500T1/8S12,"12""",1500,304,"1/8""",150,151,1,165,167,2
PB304L-C1500T1/8S12,"12""",1500,304L,"1/8""",160,161,1,176,178,2
PB316L-C1500T1/8S12,"12""",1500,316L,"1/8""",191,193,2,211,213,2
PBAL6061-C1500T1/8S12,"12""",1500,AL-6061,"1/8""",72,73,1,80,81,1
PB304-C1500T3/16S12,"12""",1500,304,"3/16""",207,208,1,228,229,1
PBSA36-C1500T3/16S12,"12""",1500,SA-36,"3/16""",92,93,1,102,103,1
PBSA516-70-C1500T3/16S12,"12""",1500,SA-516-70,"3/16""",101,102,1,112,113,1
PB304L-C1500T3/16S12,"12""",1500,304L,"3/16""",221,223,2,244,246,2
PB316L-C1500T3/16S12,"12""",1500,316L,"3/16""",268,271,3,295,299,4
PBAL6061-C1500T3/16S12,"12""",1500,AL-6061,"3/16""",89,90,1,98,100,2
PB304-C1500T1/4S12,"12""",1500,304,"1/4""",263,265,2,290,292,2
PBSA36-C1500T1/4S12,"12""",1500,SA-36,"1/4""",110,111,1,122,123,1
PBSA516-70-C1500T1/4S12,"12""",1500,SA-516-70,"1/4""",122,123,1,135,136,1
PB304L-C1500T1/4S12,"12""",1500,304L,"1/4""",282,284,2,311,313,2
PB316L-C1500T1/4S12,"12""",1500,316L,"1/4""",345,348,3,380,383,3
PBAL6061-C1500T1/4S12,"12""",1500,AL-6061,"1/4""",107,108,1,118,119,1
PB304-C1500T5/16S12,"12""",1500,304,"5/16""",320,323,3,352,356,4
PBSA36-C1500T5/16S12,"12""",1500,SA-36,"5/16""",128,129,1,141,142,1
PBSA516-70-C1500T5/16S12,"12""",1500,SA-516-70,"5/16""",143,145,2,158,160,2
PB304L-C1500T5/16S12,"12""",1500,304L,"5/16""",343,346,3,378,381,3
PB316L-C1500T5/16S12,"12""",1500,316L,"5/16""",422,426,4,465,469,4
PBAL6061-C1500T5/16S12,"12""",1500,AL-6061,"5/16""",124,126,2,137,139,2
PB304-C1500T3/8S12,"12""",1500,304,"3/8""",376,380,4,414,419,5
PBSA36-C1500T3/8S12,"12""",1500,SA-36,"3/8""",147,148,1,162,163,1
PBSA516-70-C1500T3/8S12,"12""",1500,SA-516-70,"3/8""",164,166,2,181,183,2
PB304L-C1500T3/8S12,"12""",1500,304L,"3/8""",404,408,4,445,449,4
PB316L-C1500T3/8S12,"12""",1500,316L,"3/8""",499,504,5,549,555,6
PBAL6061-C1500T3/8S12,"12""",1500,AL-6061,"3/8""",141,143,2,156,158,2
PB304-C1500T1/2S12,"12""",1500,304,"1/2""",490,494,4,539,544,5
PBSA36-C1500T1/2S12,"12""",1500,SA-36,"1/2""",183,185,2,202,204,2
PBSA516-70-C1500T1/2S12,"12""",1500,SA-516-70,"1/2""",207,209,2,228,230,2
PB304L-C1500T1/2S12,"12""",1500,304L,"1/2""",527,531,4,580,585,5
PB316L-C1500T1/2S12,"12""",1500,316L,"1/2""",653,659,6,719,725,6
PBAL6061-C1500T1/2S12,"12""",1500,AL-6061,"1/2""",176,179,3,194,197,3
PB304-C1500T5/8S12,"12""",1500,304,"5/8""",603,608,5,664,669,5
PBSA36-C1500T5/8S12,"12""",1500,SA-36,"5/8""",219,221,2,241,244,3
PBSA516-70-C1500T5/8S12,"12""",1500,SA-516-70,"5/8""",249,252,3,274,278,4
PB304L-C1500T5/8S12,"12""",1500,304L,"5/8""",649,655,6,714,721,7
PB316L-C1500T5/8S12,"12""",1500,316L,"5/8""",807,815,8,888,897,9
PBAL6061-C1500T5/8S12,"12""",1500,AL-6061,"5/8""",211,214,3,233,236,3
PB304-C1500T3/4S12,"12""",1500,304,"3/4""",716,722,6,788,795,7
PBSA36-C1500T3/4S12,"12""",1500,SA-36,"3/4""",256,258,2,282,284,2
PBSA516-70-C1500T3/4S12,"12""",1500,SA-516-70,"3/4""",291,295,4,321,325,4
PB304L-C1500T3/4S12,"12""",1500,304L,"3/4""",771,779,8,849,857,8
PB316L-C1500T3/4S12,"12""",1500,316L,"3/4""",960,970,10,1056,1067,11
PBAL6061-C1500T3/4S12,"12""",1500,AL-6061,"3/4""",245,249,4,270,274,4
PB304-C1500T7/8S12,"12""",1500,304,"7/8""",829,836,7,912,920,8
PBSA36-C1500T7/8S12,"12""",1500,SA-36,"7/8""",292,295,3,322,325,3
PBSA516-70-C1500T7/8S12,"12""",1500,SA-516-70,"7/8""",333,338,5,367,372,5
PB304L-C1500T7/8S12,"12""",1500,304L,"7/8""",893,902,9,983,993,10
PB316L-C1500T7/8S12,"12""",1500,316L,"7/8""",1114,1126,12,1226,1239,13
PBAL6061-C1500T7/8S12,"12""",1500,AL-6061,"7/8""",280,285,5,308,314,6
PB304-C1500T1S12,"12""",1500,304,"1""",942,950,8,1037,1045,8
PBSA36-C1500T1S12,"12""",1500,SA-36,"1""",329,332,3,362,366,4
PBSA516-70-C1500T1S12,"12""",1500,SA-516-70,"1""",376,380,4,414,419,5
PB304L-C1500T1S12,"12""",1500,304L,"1""",1016,1026,10,1118,1129,11
PB316L-C1500T1S12,"12""",1500,316L,"1""",1268,1281,13,1395,1410,15
PBAL6061-C1500T1S12,"12""",1500,AL-6061,"1""",315,320,5,347,352,5
PB304-C1500T1-1/8S12,"12""",1500,304,"1-1/8""",1055,1064,9,1161,1171,10
PBSA36-C1500T1-1/8S12,"12""",1500,SA-36,"1-1/8""",365,368,3,402,405,3
PBSA516-70-C1500T1-1/8S12,"12""",1500,SA-516-70,"1-1/8""",418,423,5,460,466,6
PB304L-C1500T1-1/8S12,"12""",1500,304L,"1-1/8""",1138,1149,11,1252,1264,12
PB316L-C1500T1-1/8S12,"12""",1500,316L,"1-1/8""",1422,1437,15,1565,1581,16
PBAL6061-C1500T1-1/8S12,"12""",1500,AL-6061,"1-1/8""",349,356,7,384,392,8
PB304-C1500T1-1/4S12,"12""",1500,304,"1-1/4""",1168,1178,10,1285,1296,11
PBSA36-C1500T1-1/4S12,"12""",1500,SA-36,"1-1/4""",401,405,4,442,446,4
PBSA516-70-C1500T1-1/4S12,"12""",1500,SA-516-70,"1-1/4""",460,466,6,507,513,6
PB304L-C1500T1-1/4S12,"12""",1500,304L,"1-1/4""",1260,1273,13,1386,1401,15
PB316L-C1500T1-1/4S12,"12""",1500,316L,"1-1/4""",1576,1592,16,1734,1752,18
PBAL6061-C1500T1-1/4S12,"12""",1500,AL-6061,"1-1/4""",384,391,7,423,431,8
PB304-C1500T1-3/8S12,"12""",1500,304,"1-3/8""",1281,1292,11,1410,1422,12
PBSA36-C1500T1-3/8S12,"12""",1500,SA-36,"1-3/8""",438,442,4,482,487,5
PBSA516-70-C1500T1-3/8S12,"12""",1500,SA-516-70,"1-3/8""",503,509,6,554,560,6
PB304L-C1500T1-3/8S12,"12""",1500,304L,"1-3/8""",1383,1396,13,1522,1536,14
PB316L-C1500T1-3/8S12,"12""",1500,316L,"1-3/8""",1729,1748,19,1902,1923,21
PBAL6061-C1500T1-3/8S12,"12""",1500,AL-6061,"1-3/8""",419,426,7,461,469,8
PB304-C1500T1-1/2S12,"12""",1500,304,"1-1/2""",1394,1406,12,1534,1547,13
PBSA36-C1500T1-1/2S12,"12""",1500,SA-36,"1-1/2""",474,479,5,522,527,5
PBSA516-70-C1500T1-1/2S12,"12""",1500,SA-516-70,"1-1/2""",545,552,7,600,608,8
PB304L-C1500T1-1/2S12,"12""",1500,304L,"1-1/2""",1505,1520,15,1656,1673,17
PB316L-C1500T1-1/2S12,"12""",1500,316L,"1-1/2""",1883,1903,20,2072,2094,22
PBAL6061-C1500T1-1/2S12,"12""",1500,AL-6061,"1-1/2""",453,462,9,499,509,10
PB304-C1500T1-5/8S12,"12""",1500,304,"1-5/8""",1507,1520,13,1658,1673,15
PBSA36-C1500T1-5/8S12,"12""",1500,SA-36,"1-5/8""",511,516,5,563,568,5
PBSA516-70-C1500T1-5/8S12,"12""",1500,SA-516-70,"1-5/8""",587,595,8,646,655,9
PB304L-C1500T1-5/8S12,"12""",1500,304L,"1-5/8""",1627,1643,16,1790,1808,18
PB316L-C1500T1-5/8S12,"12""",1500,316L,"1-5/8""",2037,2059,22,2241,2265,24
PBAL6061-C1500T1-5/8S12,"12""",1500,AL-6061,"1-5/8""",488,497,9,537,547,10
PB304-C1500T1-3/4S12,"12""",1500,304,"1-3/4""",1620,1634,14,1783,1798,15
PBSA36-C1500T1-3/4S12,"12""",1500,SA-36,"1-3/4""",547,552,5,602,608,6
PBSA516-70-C1500T1-3/4S12,"12""",1500,SA-516-70,"1-3/4""",630,638,8,693,702,9
PB304L-C1500T1-3/4S12,"12""",1500,304L,"1-3/4""",1750,1767,17,1926,1944,18
PB316L-C1500T1-3/4S12,"12""",1500,316L,"1-3/4""",2191,2214,23,2411,2436,25
PBAL6061-C1500T1-3/4S12,"12""",1500,AL-6061,"1-3/4""",523,532,9,576,586,10
PB304-C1500T1-7/8S12,"12""",1500,304,"1-7/8""",1733,1748,15,1907,1923,16
PBSA36-C1500T1-7/8S12,"12""",1500,SA-36,"1-7/8""",583,589,6,642,648,6
PBSA516-70-C1500T1-7/8S12,"12""",1500,SA-516-70,"1-7/8""",672,681,9,740,750,10
PB304L-C1500T1-7/8S12,"12""",1500,304L,"1-7/8""",1872,1890,18,2060,2079,19
PB316L-C1500T1-7/8S12,"12""",1500,316L,"1-7/8""",2345,2370,25,2580,2607,27
PBAL6061-C1500T1-7/8S12,"12""",1500,AL-6061,"1-7/8""",557,568,11,613,625,12
PB304-C1500T2S12,"12""",1500,304,"2""",1846,1863,17,2031,2050,19
PBSA36-C1500T2S12,"12""",1500,SA-36,"2""",620,626,6,682,689,7
PBSA516-70-C1500T2S12,"12""",1500,SA-516-70,"2""",714,724,10,786,797,11
PB304L-C1500T2S12,"12""",1500,304L,"2""",1994,2014,20,2194,2216,22
PB316L-C1500T2S12,"12""",1500,316L,"2""",2499,2525,26,2749,2778,29
PBAL6061-C1500T2S12,"12""",1500,AL-6061,"2""",592,603,11,652,664,12
PB304-C1500T2-1/4S12,"12""",1500,304,"2-1/4""",2072,2091,19,2280,2301,21
PBSA36-C1500T2-1/4S12,"12""",1500,SA-36,"2-1/4""",693,700,7,763,771,8
PBSA516-70-C1500T2-1/4S12,"12""",1500,SA-516-70,"2-1/4""",799,809,10,879,890,11
PB304L-C1500T2-1/4S12,"12""",1500,304L,"2-1/4""",2239,2261,22,2463,2488,25
PB316L-C1500T2-1/4S12,"12""",1500,316L,"2-1/4""",2806,2836,30,3087,3120,33
PBAL6061-C1500T2-1/4S12,"12""",1500,AL-6061,"2-1/4""",661,674,13,728,742,14
PB304-C1500T2-1/2S12,"12""",1500,304,"2-1/2""",2298,2319,21,2528,2551,23
PBSA36-C1500T2-1/2S12,"12""",1500,SA-36,"2-1/2""",765,773,8,842,851,9
PBSA516-70-C1500T2-1/2S12,"12""",1500,SA-516-70,"2-1/2""",883,895,12,972,985,13
PB304L-C1500T2-1/2S12,"12""",1500,304L,"2-1/2""",2483,2508,25,2732,2759,27
PB316L-C1500T2-1/2S12,"12""",1500,316L,"2-1/2""",3114,3147,33,3426,3462,36
PBAL6061-C1500T2-1/2S12,"12""",1500,AL-6061,"2-1/2""",731,744,13,805,819,14
PB304-C1500T3S12,"12""",1500,304,"3""",2750,2775,25,3026,3053,27
PBSA36-C1500T3S12,"12""",1500,SA-36,"3""",911,920,9,1003,1013,10
PBSA516-70-C1500T3S12,"12""",1500,SA-516-70,"3""",1053,1067,14,1159,1174,15
PB304L-C1500T3S12,"12""",1500,304L,"3""",2972,3002,30,3270,3303,33
PB316L-C1500T3S12,"12""",1500,316L,"3""",3729,3769,40,4102,4146,44
PBAL6061-C1500T3S12,"12""",1500,AL-6061,"3""",869,886,17,956,975,19
PB304-C1500T11GAS14,"14""",1500,304,11 Gauge,174,175,1,192,193,1
PB304L-C1500T11GAS14,"14""",1500,304L,11 Gauge,185,186,1,204,205,1
PB316L-C1500T11GAS14,"14""",1500,316L,11 Gauge,222,224,2,245,247,2
PB304-C1500T1/8S14,"14""",1500,304,"1/8""",180,181,1,199,200,1
PBSA516-70-C1500T1/8S14,"14""",1500,SA-516-70,"1/8""",93,94,1,103,104,1
PB304L-C1500T1/8S14,"14""",1500,304L,"1/8""",191,193,2,211,213,2
PB316L-C1500T1/8S14,"14""",1500,316L,"1/8""",230,232,2,254,256,2
PBAL6061-C1500T1/8S14,"14""",1500,AL-6061,"1/8""",83,84,1,92,93,1
PB304-C1500T3/16S14,"14""",1500,304,"3/16""",249,251,2,274,277,3
PBSA36-C1500T3/16S14,"14""",1500,SA-36,"3/16""",108,109,1,119,120,1
PBSA516-70-C1500T3/16S14,"14""",1500,SA-516-70,"3/16""",119,120,1,131,132,1
PB304L-C1500T3/16S14,"14""",1500,304L,"3/16""",267,269,2,294,296,2
PB316L-C1500T3/16S14,"14""",1500,316L,"3/16""",325,328,3,358,361,3
PBAL6061-C1500T3/16S14,"14""",1500,AL-6061,"3/16""",105,106,1,116,117,1
PB304-C1500T1/4S14,"14""",1500,304,"1/4""",319,322,3,351,355,4
PBSA36-C1500T1/4S14,"14""",1500,SA-36,"1/4""",130,131,1,143,145,2
PBSA516-70-C1500T1/4S14,"14""",1500,SA-516-70,"1/4""",145,146,1,160,161,1
PB304L-C1500T1/4S14,"14""",1500,304L,"1/4""",342,345,3,377,380,3
PB316L-C1500T1/4S14,"14""",1500,316L,"1/4""",419,423,4,461,466,5
PBAL6061-C1500T1/4S14,"14""",1500,AL-6061,"1/4""",126,128,2,139,141,2
PB304-C1500T5/16S14,"14""",1500,304,"5/16""",389,392,3,428,432,4
PBSA36-C1500T5/16S14,"14""",1500,SA-36,"5/16""",153,154,1,169,170,1
PBSA516-70-C1500T5/16S14,"14""",1500,SA-516-70,"5/16""",171,173,2,189,191,2
PB304L-C1500T5/16S14,"14""",1500,304L,"5/16""",417,421,4,459,464,5
PB316L-C1500T5/16S14,"14""",1500,316L,"5/16""",514,519,5,566,571,5
PBAL6061-C1500T5/16S14,"14""",1500,AL-6061,"5/16""",147,150,3,162,165,3
PB304-C1500T3/8S14,"14""",1500,304,"3/8""",458,462,4,504,509,5
PBSA36-C1500T3/8S14,"14""",1500,SA-36,"3/8""",175,177,2,193,195,2
PBSA516-70-C1500T3/8S14,"14""",1500,SA-516-70,"3/8""",197,199,2,217,219,2
PB304L-C1500T3/8S14,"14""",1500,304L,"3/8""",492,497,5,542,547,5
PB316L-C1500T3/8S14,"14""",1500,316L,"3/8""",609,615,6,670,677,7
PBAL6061-C1500T3/8S14,"14""",1500,AL-6061,"3/8""",169,171,2,186,189,3
PB304-C1500T1/2S14,"14""",1500,304,"1/2""",597,602,5,657,663,6
PBSA36-C1500T1/2S14,"14""",1500,SA-36,"1/2""",220,222,2,243,245,2
PBSA516-70-C1500T1/2S14,"14""",1500,SA-516-70,"1/2""",249,252,3,274,278,4
PB304L-C1500T1/2S14,"14""",1500,304L,"1/2""",643,649,6,708,714,6
PB316L-C1500T1/2S14,"14""",1500,316L,"1/2""",798,806,8,878,887,9
PBAL6061-C1500T1/2S14,"14""",1500,AL-6061,"1/2""",211,215,4,233,237,4
PB304-C1500T5/8S14,"14""",1500,304,"5/8""",736,743,7,810,818,8
PBSA36-C1500T5/8S14,"14""",1500,SA-36,"5/8""",265,267,2,292,294,2
PBSA516-70-C1500T5/8S14,"14""",1500,SA-516-70,"5/8""",301,305,4,332,336,4
PB304L-C1500T5/8S14,"14""",1500,304L,"5/8""",793,801,8,873,882,9
PB316L-C1500T5/8S14,"14""",1500,316L,"5/8""",987,998,11,1086,1098,12
PBAL6061-C1500T5/8S14,"14""",1500,AL-6061,"5/8""",254,258,4,280,284,4
PB304-C1500T3/4S14,"14""",1500,304,"3/4""",876,883,7,964,972,8
PBSA36-C1500T3/4S14,"14""",1500,SA-36,"3/4""",310,312,2,341,344,3
PBSA516-70-C1500T3/4S14,"14""",1500,SA-516-70,"3/4""",353,357,4,389,393,4
PB304L-C1500T3/4S14,"14""",1500,304L,"3/4""",944,953,9,1039,1049,10
PB316L-C1500T3/4S14,"14""",1500,316L,"3/4""",1177,1189,12,1295,1308,13
PBAL6061-C1500T3/4S14,"14""",1500,AL-6061,"3/4""",297,302,5,327,333,6
PB304-C1500T7/8S14,"14""",1500,304,"7/8""",1015,1024,9,1117,1127,10
PBSA36-C1500T7/8S14,"14""",1500,SA-36,"7/8""",354,358,4,390,394,4
PBSA516-70-C1500T7/8S14,"14""",1500,SA-516-70,"7/8""",405,410,5,446,452,6
PB304L-C1500T7/8S14,"14""",1500,304L,"7/8""",1094,1105,11,1204,1216,12
PB316L-C1500T7/8S14,"14""",1500,316L,"7/8""",1366,1381,15,1503,1520,17
PBAL6061-C1500T7/8S14,"14""",1500,AL-6061,"7/8""",339,345,6,373,380,7
PB304-C1500T1S14,"14""",1500,304,"1""",1154,1164,10,1270,1281,11
PBSA36-C1500T1S14,"14""",1500,SA-36,"1""",399,403,4,439,444,5
PBSA516-70-C1500T1S14,"14""",1500,SA-516-70,"1""",457,463,6,503,510,7
PB304L-C1500T1S14,"14""",1500,304L,"1""",1245,1257,12,1370,1383,13
PB316L-C1500T1S14,"14""",1500,316L,"1""",1555,1572,17,1711,1730,19
PBAL6061-C1500T1S14,"14""",1500,AL-6061,"1""",382,389,7,421,428,7
PB304-C1500T1-1/8S14,"14""",1500,304,"1-1/8""",1293,1304,11,1423,1435,12
PBSA36-C1500T1-1/8S14,"14""",1500,SA-36,"1-1/8""",444,448,4,489,493,4
PBSA516-70-C1500T1-1/8S14,"14""",1500,SA-516-70,"1-1/8""",509,516,7,560,568,8
PB304L-C1500T1-1/8S14,"14""",1500,304L,"1-1/8""",1396,1409,13,1536,1550,14
PB316L-C1500T1-1/8S14,"14""",1500,316L,"1-1/8""",1745,1763,18,1920,1940,20
PBAL6061-C1500T1-1/8S14,"14""",1500,AL-6061,"1-1/8""",425,432,7,468,476,8
PB304-C1500T1-1/4S14,"14""",1500,304,"1-1/4""",1432,1445,13,1576,1590,14
PBSA36-C1500T1-1/4S14,"14""",1500,SA-36,"1-1/4""",489,494,5,538,544,6
PBSA516-70-C1500T1-1/4S14,"14""",1500,SA-516-70,"1-1/4""",561,569,8,618,626,8
PB304L-C1500T1-1/4S14,"14""",1500,304L,"1-1/4""",1546,1561,15,1701,1718,17
PB316L-C1500T1-1/4S14,"14""",1500,316L,"1-1/4""",1934,1955,21,2128,2151,23
PBAL6061-C1500T1-1/4S14,"14""",1500,AL-6061,"1-1/4""",467,476,9,514,524,10
PB304-C1500T1-3/8S14,"14""",1500,304,"1-3/8""",1571,1585,14,1729,1744,15
PBSA36-C1500T1-3/8S14,"14""",1500,SA-36,"1-3/8""",534,539,5,588,593,5
PBSA516-70-C1500T1-3/8S14,"14""",1500,SA-516-70,"1-3/8""",613,621,8,675,684,9
PB304L-C1500T1-3/8S14,"14""",1500,304L,"1-3/8""",1697,1713,16,1867,1885,18
PB316L-C1500T1-3/8S14,"14""",1500,316L,"1-3/8""",2124,2146,22,2337,2361,24
PBAL6061-C1500T1-3/8S14,"14""",1500,AL-6061,"1-3/8""",510,519,9,561,571,10
PB304-C1500T1-1/2S14,"14""",1500,304,"1-1/2""",1710,1726,16,1882,1899,17
PBSA36-C1500T1-1/2S14,"14""",1500,SA-36,"1-1/2""",578,584,6,636,643,7
PBSA516-70-C1500T1-1/2S14,"14""",1500,SA-516-70,"1-1/2""",666,674,8,733,742,9
PB304L-C1500T1-1/2S14,"14""",1500,304L,"1-1/2""",1847,1865,18,2032,2052,20
PB316L-C1500T1-1/2S14,"14""",1500,316L,"1-1/2""",2313,2337,24,2545,2571,26
PBAL6061-C1500T1-1/2S14,"14""",1500,AL-6061,"1-1/2""",553,563,10,609,620,11
PB304-C1500T1-5/8S14,"14""",1500,304,"1-5/8""",1850,1866,16,2036,2053,17
PBSA36-C1500T1-5/8S14,"14""",1500,SA-36,"1-5/8""",623,629,6,686,692,6
PBSA516-70-C1500T1-5/8S14,"14""",1500,SA-516-70,"1-5/8""",718,727,9,790,800,10
PB304L-C1500T1-5/8S14,"14""",1500,304L,"1-5/8""",1998,2017,19,2198,2219,21
PB316L-C1500T1-5/8S14,"14""",1500,316L,"1-5/8""",2502,2529,27,2753,2782,29
PBAL6061-C1500T1-5/8S14,"14""",1500,AL-6061,"1-5/8""",595,607,12,655,668,13
PB304-C1500T1-3/4S14,"14""",1500,304,"1-3/4""",1989,2007,18,2188,2208,20
PBSA36-C1500T1-3/4S14,"14""",1500,SA-36,"1-3/4""",668,675,7,735,743,8
PBSA516-70-C1500T1-3/4S14,"14""",1500,SA-516-70,"1-3/4""",770,780,10,848,859,11
PB304L-C1500T1-3/4S14,"14""",1500,304L,"1-3/4""",2148,2169,21,2363,2386,23
PB316L-C1500T1-3/4S14,"14""",1500,316L,"1-3/4""",2692,2720,28,2962,2993,31
PBAL6061-C1500T1-3/4S14,"14""",1500,AL-6061,"1-3/4""",638,650,12,702,716,14
PB304-C1500T1-7/8S14,"14""",1500,304,"1-7/8""",2128,2147,19,2341,2362,21
PBSA36-C1500T1-7/8S14,"14""",1500,SA-36,"1-7/8""",713,720,7,785,793,8
PBSA516-70-C1500T1-7/8S14,"14""",1500,SA-516-70,"1-7/8""",822,833,11,905,917,12
PB304L-C1500T1-7/8S14,"14""",1500,304L,"1-7/8""",2299,2322,23,2529,2555,26
PB316L-C1500T1-7/8S14,"14""",1500,316L,"1-7/8""",2881,2912,31,3170,3204,34
PBAL6061-C1500T1-7/8S14,"14""",1500,AL-6061,"1-7/8""",681,694,13,750,764,14
PB304-C1500T2S14,"14""",1500,304,"2""",2267,2287,20,2494,2516,22
PBSA36-C1500T2S14,"14""",1500,SA-36,"2""",758,765,7,834,842,8
PBSA516-70-C1500T2S14,"14""",1500,SA-516-70,"2""",874,885,11,962,974,12
PB304L-C1500T2S14,"14""",1500,304L,"2""",2449,2474,25,2694,2722,28
PB316L-C1500T2S14,"14""",1500,316L,"2""",3070,3103,33,3378,3414,36
PBAL6061-C1500T2S14,"14""",1500,AL-6061,"2""",723,737,14,796,811,15
PB304-C1500T2-1/4S14,"14""",1500,304,"2-1/4""",2545,2568,23,2800,2825,25
PBSA36-C1500T2-1/4S14,"14""",1500,SA-36,"2-1/4""",847,856,9,932,942,10
PBSA516-70-C1500T2-1/4S14,"14""",1500,SA-516-70,"2-1/4""",978,991,13,1076,1091,15
PB304L-C1500T2-1/4S14,"14""",1500,304L,"2-1/4""",2750,2778,28,3026,3056,30
PB316L-C1500T2-1/4S14,"14""",1500,316L,"2-1/4""",3449,3486,37,3794,3835,41
PBAL6061-C1500T2-1/4S14,"14""",1500,AL-6061,"2-1/4""",809,824,15,890,907,17
PB304-C1500T2-1/2S14,"14""",1500,304,"2-1/2""",2824,2849,25,3107,3134,27
PBSA36-C1500T2-1/2S14,"14""",1500,SA-36,"2-1/2""",937,946,9,1031,1041,10
PBSA516-70-C1500T2-1/2S14,"14""",1500,SA-516-70,"2-1/2""",1082,1097,15,1191,1207,16
PB304L-C1500T2-1/2S14,"14""",1500,304L,"2-1/2""",3051,3082,31,3357,3391,34
PB316L-C1500T2-1/2S14,"14""",1500,316L,"2-1/2""",3828,3869,41,4211,4256,45
PBAL6061-C1500T2-1/2S14,"14""",1500,AL-6061,"2-1/2""",894,911,17,984,1003,19
PB304-C1500T3S14,"14""",1500,304,"3""",3380,3411,31,3719,3753,34
PBSA36-C1500T3S14,"14""",1500,SA-36,"3""",1116,1128,12,1228,1241,13
PBSA516-70-C1500T3S14,"14""",1500,SA-516-70,"3""",1290,1308,18,1420,1439,19
PB304L-C1500T3S14,"14""",1500,304L,"3""",3653,3690,37,4019,4060,41
PB316L-C1500T3S14,"14""",1500,316L,"3""",4585,4634,49,5044,5098,54
PBAL6061-C1500T3S14,"14""",1500,AL-6061,"3""",1065,1085,20,1172,1194,22
PB304-C1500T11GAS16,"16""",1500,304,11 Gauge,209,210,1,230,232,2
PBSA516-70-C1500T11GAS16,"16""",1500,SA-516-70,11 Gauge,106,107,1,117,118,1
PB304L-C1500T11GAS16,"16""",1500,304L,11 Gauge,222,224,2,245,247,2
PB316L-C1500T11GAS16,"16""",1500,316L,11 Gauge,268,270,2,295,297,2
PBAL6061-C1500T11GAS16,"16""",1500,AL-6061,11 Gauge,95,96,1,105,106,1
PB304-C1500T1/8S16,"16""",1500,304,"1/8""",216,218,2,238,240,2
PBSA36-C1500T1/8S16,"16""",1500,SA-36,"1/8""",100,101,1,111,112,1
PBSA516-70-C1500T1/8S16,"16""",1500,SA-516-70,"1/8""",109,110,1,120,122,2
PB304L-C1500T1/8S16,"16""",1500,304L,"1/8""",230,232,2,254,256,2
PB316L-C1500T1/8S16,"16""",1500,316L,"1/8""",278,281,3,306,310,4
PBAL6061-C1500T1/8S16,"16""",1500,AL-6061,"1/8""",97,98,1,107,108,1
PB304-C1500T3/16S16,"16""",1500,304,"3/16""",302,304,2,333,335,2
PBSA36-C1500T3/16S16,"16""",1500,SA-36,"3/16""",128,129,1,141,142,1
PBSA516-70-C1500T3/16S16,"16""",1500,SA-516-70,"3/16""",141,142,1,156,157,1
PB304L-C1500T3/16S16,"16""",1500,304L,"3/16""",323,326,3,356,359,3
PB316L-C1500T3/16S16,"16""",1500,316L,"3/16""",395,398,3,435,438,3
PBAL6061-C1500T3/16S16,"16""",1500,AL-6061,"3/16""",124,125,1,137,138,1
PB304-C1500T1/4S16,"16""",1500,304,"1/4""",388,391,3,427,431,4
PBSA36-C1500T1/4S16,"16""",1500,SA-36,"1/4""",155,156,1,171,172,1
PBSA516-70-C1500T1/4S16,"16""",1500,SA-516-70,"1/4""",173,175,2,191,193,2
PB304L-C1500T1/4S16,"16""",1500,304L,"1/4""",416,419,3,458,461,3
PB316L-C1500T1/4S16,"16""",1500,316L,"1/4""",511,516,5,563,568,5
PBAL6061-C1500T1/4S16,"16""",1500,AL-6061,"1/4""",150,152,2,165,168,3
PB304-C1500T5/16S16,"16""",1500,304,"5/16""",473,477,4,521,525,4
PBSA36-C1500T5/16S16,"16""",1500,SA-36,"5/16""",183,184,1,202,203,1
PBSA516-70-C1500T5/16S16,"16""",1500,SA-516-70,"5/16""",205,207,2,226,228,2
PB304L-C1500T5/16S16,"16""",1500,304L,"5/16""",508,513,5,559,565,6
PB316L-C1500T5/16S16,"16""",1500,316L,"5/16""",628,634,6,691,698,7
PBAL6061-C1500T5/16S16,"16""",1500,AL-6061,"5/16""",176,179,3,194,197,3
PB304-C1500T3/8S16,"16""",1500,304,"3/8""",559,563,4,615,620,5
PBSA36-C1500T3/8S16,"16""",1500,SA-36,"3/8""",210,212,2,232,234,2
PBSA516-70-C1500T3/8S16,"16""",1500,SA-516-70,"3/8""",237,240,3,261,264,3
PB304L-C1500T3/8S16,"16""",1500,304L,"3/8""",601,606,5,662,667,5
PB316L-C1500T3/8S16,"16""",1500,316L,"3/8""",744,752,8,819,828,9
PBAL6061-C1500T3/8S16,"16""",1500,AL-6061,"3/8""",202,206,4,223,227,4
PB304-C1500T1/2S16,"16""",1500,304,"1/2""",730,736,6,804,810,6
PBSA36-C1500T1/2S16,"16""",1500,SA-36,"1/2""",266,268,2,293,295,2
PBSA516-70-C1500T1/2S16,"16""",1500,SA-516-70,"1/2""",301,305,4,332,336,4
PB304L-C1500T1/2S16,"16""",1500,304L,"1/2""",786,794,8,865,874,9
PB316L-C1500T1/2S16,"16""",1500,316L,"1/2""",977,987,10,1075,1086,11
PBAL6061-C1500T1/2S16,"16""",1500,AL-6061,"1/2""",255,259,4,281,285,4
PB304-C1500T5/8S16,"16""",1500,304,"5/8""",901,909,8,992,1000,8
PBSA36-C1500T5/8S16,"16""",1500,SA-36,"5/8""",321,324,3,354,357,3
PBSA516-70-C1500T5/8S16,"16""",1500,SA-516-70,"5/8""",365,370,5,402,408,6
PB304L-C1500T5/8S16,"16""",1500,304L,"5/8""",971,981,10,1069,1080,11
PB316L-C1500T5/8S16,"16""",1500,316L,"5/8""",1210,1223,13,1331,1346,15
PBAL6061-C1500T5/8S16,"16""",1500,AL-6061,"5/8""",307,313,6,338,345,7
PB304-C1500T3/4S16,"16""",1500,304,"3/4""",1073,1082,9,1181,1191,10
PBSA36-C1500T3/4S16,"16""",1500,SA-36,"3/4""",376,379,3,414,417,3
PBSA516-70-C1500T3/4S16,"16""",1500,SA-516-70,"3/4""",429,435,6,472,479,7
PB304L-C1500T3/4S16,"16""",1500,304L,"3/4""",1157,1168,11,1273,1285,12
PB316L-C1500T3/4S16,"16""",1500,316L,"3/4""",1443,1458,15,1588,1604,16
PBAL6061-C1500T3/4S16,"16""",1500,AL-6061,"3/4""",360,366,6,397,403,6
PB304-C1500T7/8S16,"16""",1500,304,"7/8""",1244,1255,11,1369,1381,12
PBSA36-C1500T7/8S16,"16""",1500,SA-36,"7/8""",431,435,4,475,479,4
PBSA516-70-C1500T7/8S16,"16""",1500,SA-516-70,"7/8""",494,500,6,544,550,6
PB304L-C1500T7/8S16,"16""",1500,304L,"7/8""",1342,1355,13,1477,1491,14
PB316L-C1500T7/8S16,"16""",1500,316L,"7/8""",1676,1694,18,1844,1864,20
PBAL6061-C1500T7/8S16,"16""",1500,AL-6061,"7/8""",413,420,7,455,463,8
PB304-C1500T1S16,"16""",1500,304,"1""",1415,1428,13,1557,1571,14
PBSA36-C1500T1S16,"16""",1500,SA-36,"1""",486,491,5,535,541,6
PBSA516-70-C1500T1S16,"16""",1500,SA-516-70,"1""",558,565,7,614,622,8
PB304L-C1500T1S16,"16""",1500,304L,"1""",1527,1542,15,1680,1697,17
PB316L-C1500T1S16,"16""",1500,316L,"1""",1909,1930,21,2100,2123,23
PBAL6061-C1500T1S16,"16""",1500,AL-6061,"1""",465,473,8,512,521,9
PB304-C1500T1-1/8S16,"16""",1500,304,"1-1/8""",1586,1600,14,1745,1761,16
PBSA36-C1500T1-1/8S16,"16""",1500,SA-36,"1-1/8""",541,547,6,596,602,6
PBSA516-70-C1500T1-1/8S16,"16""",1500,SA-516-70,"1-1/8""",622,630,8,685,693,8
PB304L-C1500T1-1/8S16,"16""",1500,304L,"1-1/8""",1713,1729,16,1885,1902,17
PB316L-C1500T1-1/8S16,"16""",1500,316L,"1-1/8""",2143,2165,22,2358,2382,24
PBAL6061-C1500T1-1/8S16,"16""",1500,AL-6061,"1-1/8""",518,527,9,570,580,10
PB304-C1500T1-1/4S16,"16""",1500,304,"1-1/4""",1758,1773,15,1934,1951,17
PBSA36-C1500T1-1/4S16,"16""",1500,SA-36,"1-1/4""",596,602,6,656,663,7
PBSA516-70-C1500T1-1/4S16,"16""",1500,SA-516-70,"1-1/4""",686,695,9,755,765,10
PB304L-C1500T1-1/4S16,"16""",1500,304L,"1-1/4""",1898,1917,19,2088,2109,21
PB316L-C1500T1-1/4S16,"16""",1500,316L,"1-1/4""",2376,2401,25,2614,2642,28
PBAL6061-C1500T1-1/4S16,"16""",1500,AL-6061,"1-1/4""",570,581,11,627,640,13
PB304-C1500T1-3/8S16,"16""",1500,304,"1-3/8""",1929,1946,17,2122,2141,19
PBSA36-C1500T1-3/8S16,"16""",1500,SA-36,"1-3/8""",652,658,6,718,724,6
PBSA516-70-C1500T1-3/8S16,"16""",1500,SA-516-70,"1-3/8""",750,760,10,826,837,11
PB304L-C1500T1-3/8S16,"16""",1500,304L,"1-3/8""",2083,2104,21,2292,2315,23
PB316L-C1500T1-3/8S16,"16""",1500,316L,"1-3/8""",2609,2636,27,2870,2900,30
PBAL6061-C1500T1-3/8S16,"16""",1500,AL-6061,"1-3/8""",623,634,11,686,698,12
PB304-C1500T1-1/2S16,"16""",1500,304,"1-1/2""",2100,2119,19,2310,2331,21
PBSA36-C1500T1-1/2S16,"16""",1500,SA-36,"1-1/2""",707,714,7,778,786,8
PBSA516-70-C1500T1-1/2S16,"16""",1500,SA-516-70,"1-1/2""",814,825,11,896,908,12
PB304L-C1500T1-1/2S16,"16""",1500,304L,"1-1/2""",2268,2291,23,2495,2521,26
PB316L-C1500T1-1/2S16,"16""",1500,316L,"1-1/2""",2842,2872,30,3127,3160,33
PBAL6061-C1500T1-1/2S16,"16""",1500,AL-6061,"1-1/2""",675,688,13,743,757,14
PB304-C1500T1-5/8S16,"16""",1500,304,"1-5/8""",2272,2292,20,2500,2522,22
PBSA36-C1500T1-5/8S16,"16""",1500,SA-36,"1-5/8""",762,770,8,839,848,9
PBSA516-70-C1500T1-5/8S16,"16""",1500,SA-516-70,"1-5/8""",878,890,12,966,980,14
PB304L-C1500T1-5/8S16,"16""",1500,304L,"1-5/8""",2454,2478,24,2700,2726,26
PB316L-C1500T1-5/8S16,"16""",1500,316L,"1-5/8""",3075,3108,33,3383,3419,36
PBAL6061-C1500T1-5/8S16,"16""",1500,AL-6061,"1-5/8""",728,741,13,801,816,15
PB304-C1500T1-3/4S16,"16""",1500,304,"1-3/4""",2443,2465,22,2688,2712,24
PBSA36-C1500T1-3/4S16,"16""",1500,SA-36,"1-3/4""",817,825,8,899,908,9
PBSA516-70-C1500T1-3/4S16,"16""",1500,SA-516-70,"1-3/4""",942,955,13,1037,1051,14
PB304L-C1500T1-3/4S16,"16""",1500,304L,"1-3/4""",2639,2665,26,2903,2932,29
PB316L-C1500T1-3/4S16,"16""",1500,316L,"1-3/4""",3308,3343,35,3639,3678,39
PBAL6061-C1500T1-3/4S16,"16""",1500,AL-6061,"1-3/4""",780,795,15,859,875,16
PB304-C1500T1-7/8S16,"16""",1500,304,"1-7/8""",2614,2637,23,2876,2901,25
PBSA36-C1500T1-7/8S16,"16""",1500,SA-36,"1-7/8""",872,881,9,960,970,10
PBSA516-70-C1500T1-7/8S16,"16""",1500,SA-516-70,"1-7/8""",1006,1020,14,1107,1122,15
PB304L-C1500T1-7/8S16,"16""",1500,304L,"1-7/8""",2824,2852,28,3107,3138,31
PB316L-C1500T1-7/8S16,"16""",1500,316L,"1-7/8""",3541,3579,38,3896,3937,41
PBAL6061-C1500T1-7/8S16,"16""",1500,AL-6061,"1-7/8""",833,848,15,917,933,16
PB304-C1500T2S16,"16""",1500,304,"2""",2785,2810,25,3064,3092,28
PBSA36-C1500T2S16,"16""",1500,SA-36,"2""",927,937,10,1020,1031,11
PBSA516-70-C1500T2S16,"16""",1500,SA-516-70,"2""",1070,1085,15,1177,1194,17
PB304L-C1500T2S16,"16""",1500,304L,"2""",3010,3040,30,3312,3345,33
PB316L-C1500T2S16,"16""",1500,316L,"2""",3774,3814,40,4152,4196,44
PBAL6061-C1500T2S16,"16""",1500,AL-6061,"2""",885,902,17,974,993,19
PB304-C1500T2-1/4S16,"16""",1500,304,"2-1/4""",3128,3156,28,3441,3472,31
PBSA36-C1500T2-1/4S16,"16""",1500,SA-36,"2-1/4""",1038,1048,10,1142,1153,11
PBSA516-70-C1500T2-1/4S16,"16""",1500,SA-516-70,"2-1/4""",1199,1215,16,1319,1337,18
PB304L-C1500T2-1/4S16,"16""",1500,304L,"2-1/4""",3380,3414,34,3719,3756,37
PB316L-C1500T2-1/4S16,"16""",1500,316L,"2-1/4""",4240,4285,45,4664,4714,50
PBAL6061-C1500T2-1/4S16,"16""",1500,AL-6061,"2-1/4""",990,1009,19,1089,1110,21
PB304-C1500T2-1/2S16,"16""",1500,304,"2-1/2""",3470,3502,32,3818,3853,35
PBSA36-C1500T2-1/2S16,"16""",1500,SA-36,"2-1/2""",1148,1160,12,1263,1276,13
PBSA516-70-C1500T2-1/2S16,"16""",1500,SA-516-70,"2-1/2""",1327,1345,18,1460,1480,20
PB304L-C1500T2-1/2S16,"16""",1500,304L,"2-1/2""",3751,3788,37,4127,4167,40
PB316L-C1500T2-1/2S16,"16""",1500,316L,"2-1/2""",4706,4757,51,5177,5233,56
PBAL6061-C1500T2-1/2S16,"16""",1500,AL-6061,"2-1/2""",1095,1116,21,1205,1228,23
PB304-C1500T3S16,"16""",1500,304,"3""",4156,4193,37,4572,4613,41
PBSA36-C1500T3S16,"16""",1500,SA-36,"3""",1368,1383,15,1505,1522,17
PBSA516-70-C1500T3S16,"16""",1500,SA-516-70,"3""",1583,1605,22,1742,1766,24
PB304L-C1500T3S16,"16""",1500,304L,"3""",4492,4537,45,4942,4991,49
PB316L-C1500T3S16,"16""",1500,316L,"3""",5639,5699,60,6203,6269,66
PBAL6061-C1500T3S16,"16""",1500,AL-6061,"3""",1305,1331,26,1436,1465,29
PB304-C1500T11GAS18,"18""",1500,304,11 Gauge,247,249,2,272,274,2
PBSA516-70-C1500T11GAS18,"18""",1500,SA-516-70,11 Gauge,123,124,1,136,137,1
PB304L-C1500T11GAS18,"18""",1500,304L,11 Gauge,263,265,2,290,292,2
PB316L-C1500T11GAS18,"18""",1500,316L,11 Gauge,318,321,3,350,354,4
PBAL6061-C1500T11GAS18,"18""",1500,AL-6061,11 Gauge,110,111,1,122,123,1
PB304-C1500T1/8S18,"18""",1500,304,"1/8""",256,258,2,282,284,2
PBSA516-70-C1500T1/8S18,"18""",1500,SA-516-70,"1/8""",126,128,2,139,141,2
PB304L-C1500T1/8S18,"18""",1500,304L,"1/8""",273,275,2,301,303,2
PB316L-C1500T1/8S18,"18""",1500,316L,"1/8""",330,333,3,364,367,3
PBAL6061-C1500T1/8S18,"18""",1500,AL-6061,"1/8""",113,114,1,125,126,1
PB304-C1500T3/16S18,"18""",1500,304,"3/16""",359,362,3,395,399,4
PBSA36-C1500T3/16S18,"18""",1500,SA-36,"3/16""",149,150,1,164,165,1
PBSA516-70-C1500T3/16S18,"18""",1500,SA-516-70,"3/16""",165,167,2,182,184,2
PB304L-C1500T3/16S18,"18""",1500,304L,"3/16""",385,388,3,424,427,3
PB316L-C1500T3/16S18,"18""",1500,316L,"3/16""",471,476,5,519,524,5
PBAL6061-C1500T3/16S18,"18""",1500,AL-6061,"3/16""",144,146,2,159,161,2
PB304-C1500T1/4S18,"18""",1500,304,"1/4""",463,466,3,510,513,3
PBSA36-C1500T1/4S18,"18""",1500,SA-36,"1/4""",182,184,2,201,203,2
PBSA516-70-C1500T1/4S18,"18""",1500,SA-516-70,"1/4""",204,206,2,225,227,2
PB304L-C1500T1/4S18,"18""",1500,304L,"1/4""",496,501,5,546,552,6
PB316L-C1500T1/4S18,"18""",1500,316L,"1/4""",612,618,6,674,680,6
PBAL6061-C1500T1/4S18,"18""",1500,AL-6061,"1/4""",176,178,2,194,196,2
PB304-C1500T5/16S18,"18""",1500,304,"5/16""",566,571,5,623,629,6
PBSA36-C1500T5/16S18,"18""",1500,SA-36,"5/16""",216,217,1,238,239,1
PBSA516-70-C1500T5/16S18,"18""",1500,SA-516-70,"5/16""",242,245,3,267,270,3
PB304L-C1500T5/16S18,"18""",1500,304L,"5/16""",608,614,6,669,676,7
PB316L-C1500T5/16S18,"18""",1500,316L,"5/16""",752,760,8,828,837,9
PBAL6061-C1500T5/16S18,"18""",1500,AL-6061,"5/16""",208,211,3,229,233,4
PB304-C1500T3/8S18,"18""",1500,304,"3/8""",669,675,6,736,743,7
PBSA36-C1500T3/8S18,"18""",1500,SA-36,"3/8""",249,251,2,274,277,3
PBSA516-70-C1500T3/8S18,"18""",1500,SA-516-70,"3/8""",281,284,3,310,313,3
PB304L-C1500T3/8S18,"18""",1500,304L,"3/8""",720,727,7,793,800,7
PB316L-C1500T3/8S18,"18""",1500,316L,"3/8""",893,902,9,983,993,10
PBAL6061-C1500T3/8S18,"18""",1500,AL-6061,"3/8""",239,243,4,263,268,5
PB304-C1500T1/2S18,"18""",1500,304,"1/2""",876,884,8,964,973,9
PBSA36-C1500T1/2S18,"18""",1500,SA-36,"1/2""",315,318,3,347,350,3
PBSA516-70-C1500T1/2S18,"18""",1500,SA-516-70,"1/2""",359,363,4,395,400,5
PB304L-C1500T1/2S18,"18""",1500,304L,"1/2""",944,953,9,1039,1049,10
PB316L-C1500T1/2S18,"18""",1500,316L,"1/2""",1174,1187,13,1292,1306,14
PBAL6061-C1500T1/2S18,"18""",1500,AL-6061,"1/2""",303,308,5,334,339,5
PB304-C1500T5/8S18,"18""",1500,304,"5/8""",1083,1092,9,1192,1202,10
PBSA36-C1500T5/8S18,"18""",1500,SA-36,"5/8""",382,386,4,421,425,4
PBSA516-70-C1500T5/8S18,"18""",1500,SA-516-70,"5/8""",436,441,5,480,486,6
PB304L-C1500T5/8S18,"18""",1500,304L,"5/8""",1167,1179,12,1284,1297,13
PB316L-C1500T5/8S18,"18""",1500,316L,"5/8""",1456,1471,15,1602,1619,17
PBAL6061-C1500T5/8S18,"18""",1500,AL-6061,"5/8""",366,372,6,403,410,7
PB304-C1500T3/4S18,"18""",1500,304,"3/4""",1290,1301,11,1420,1432,12
PBSA36-C1500T3/4S18,"18""",1500,SA-36,"3/4""",448,453,5,493,499,6
PBSA516-70-C1500T3/4S18,"18""",1500,SA-516-70,"3/4""",513,520,7,565,572,7
PB304L-C1500T3/4S18,"18""",1500,304L,"3/4""",1391,1405,14,1531,1546,15
PB316L-C1500T3/4S18,"18""",1500,316L,"3/4""",1737,1755,18,1911,1931,20
PBAL6061-C1500T3/4S18,"18""",1500,AL-6061,"3/4""",430,437,7,474,481,7
PB304-C1500T7/8S18,"18""",1500,304,"7/8""",1496,1509,13,1646,1660,14
PBSA36-C1500T7/8S18,"18""",1500,SA-36,"7/8""",515,520,5,567,572,5
PBSA516-70-C1500T7/8S18,"18""",1500,SA-516-70,"7/8""",591,598,7,651,658,7
PB304L-C1500T7/8S18,"18""",1500,304L,"7/8""",1615,1631,16,1777,1795,18
PB316L-C1500T7/8S18,"18""",1500,316L,"7/8""",2018,2040,22,2220,2244,24
PBAL6061-C1500T7/8S18,"18""",1500,AL-6061,"7/8""",493,502,9,543,553,10
PB304-C1500T1S18,"18""",1500,304,"1""",1703,1718,15,1874,1890,16
PBSA36-C1500T1S18,"18""",1500,SA-36,"1""",582,587,5,641,646,5
PBSA516-70-C1500T1S18,"18""",1500,SA-516-70,"1""",668,677,9,735,745,10
PB304L-C1500T1S18,"18""",1500,304L,"1""",1838,1856,18,2022,2042,20
PB316L-C1500T1S18,"18""",1500,316L,"1""",2300,2324,24,2530,2557,27
PBAL6061-C1500T1S18,"18""",1500,AL-6061,"1""",556,566,10,612,623,11
PB304-C1500T1-1/8S18,"18""",1500,304,"1-1/8""",1910,1927,17,2101,2120,19
PBSA36-C1500T1-1/8S18,"18""",1500,SA-36,"1-1/8""",648,655,7,713,721,8
PBSA516-70-C1500T1-1/8S18,"18""",1500,SA-516-70,"1-1/8""",745,755,10,820,831,11
PB304L-C1500T1-1/8S18,"18""",1500,304L,"1-1/8""",2062,2082,20,2269,2291,22
PB316L-C1500T1-1/8S18,"18""",1500,316L,"1-1/8""",2581,2608,27,2840,2869,29
PBAL6061-C1500T1-1/8S18,"18""",1500,AL-6061,"1-1/8""",620,631,11,682,695,13
PB304-C1500T1-1/4S18,"18""",1500,304,"1-1/4""",2117,2135,18,2329,2349,20
PBSA36-C1500T1-1/4S18,"18""",1500,SA-36,"1-1/4""",715,722,7,787,795,8
PBSA516-70-C1500T1-1/4S18,"18""",1500,SA-516-70,"1-1/4""",823,833,10,906,917,11
PB304L-C1500T1-1/4S18,"18""",1500,304L,"1-1/4""",2286,2308,22,2515,2539,24
PB316L-C1500T1-1/4S18,"18""",1500,316L,"1-1/4""",2862,2893,31,3149,3183,34
PBAL6061-C1500T1-1/4S18,"18""",1500,AL-6061,"1-1/4""",683,696,13,752,766,14
PB304-C1500T1-3/8S18,"18""",1500,304,"1-3/8""",2323,2344,21,2556,2579,23
PBSA36-C1500T1-3/8S18,"18""",1500,SA-36,"1-3/8""",781,789,8,860,868,8
PBSA516-70-C1500T1-3/8S18,"18""",1500,SA-516-70,"1-3/8""",900,912,12,991,1004,13
PB304L-C1500T1-3/8S18,"18""",1500,304L,"1-3/8""",2509,2534,25,2760,2788,28
PB316L-C1500T1-3/8S18,"18""",1500,316L,"1-3/8""",3144,3177,33,3459,3495,36
PBAL6061-C1500T1-3/8S18,"18""",1500,AL-6061,"1-3/8""",746,760,14,821,837,16
PB304-C1500T1-1/2S18,"18""",1500,304,"1-1/2""",2530,2553,23,2783,2809,26
PBSA36-C1500T1-1/2S18,"18""",1500,SA-36,"1-1/2""",848,857,9,933,943,10
PBSA516-70-C1500T1-1/2S18,"18""",1500,SA-516-70,"1-1/2""",977,990,13,1075,1089,14
PB304L-C1500T1-1/2S18,"18""",1500,304L,"1-1/2""",2733,2760,27,3007,3037,30
PB316L-C1500T1-1/2S18,"18""",1500,316L,"1-1/2""",3425,3461,36,3768,3808,40
PBAL6061-C1500T1-1/2S18,"18""",1500,AL-6061,"1-1/2""",810,825,15,892,908,16
PB304-C1500T1-5/8S18,"18""",1500,304,"1-5/8""",2737,2761,24,3011,3038,27
PBSA36-C1500T1-5/8S18,"18""",1500,SA-36,"1-5/8""",914,924,10,1006,1017,11
PBSA516-70-C1500T1-5/8S18,"18""",1500,SA-516-70,"1-5/8""",1055,1069,14,1161,1176,15
PB304L-C1500T1-5/8S18,"18""",1500,304L,"1-5/8""",2957,2986,29,3253,3285,32
PB316L-C1500T1-5/8S18,"18""",1500,316L,"1-5/8""",3706,3746,40,4077,4121,44
PBAL6061-C1500T1-5/8S18,"18""",1500,AL-6061,"1-5/8""",873,890,17,961,980,19
PB304-C1500T1-3/4S18,"18""",1500,304,"1-3/4""",2944,2970,26,3239,3268,29
PBSA36-C1500T1-3/4S18,"18""",1500,SA-36,"1-3/4""",981,991,10,1080,1091,11
PBSA516-70-C1500T1-3/4S18,"18""",1500,SA-516-70,"1-3/4""",1132,1147,15,1246,1262,16
PB304L-C1500T1-3/4S18,"18""",1500,304L,"1-3/4""",3180,3212,32,3499,3534,35
PB316L-C1500T1-3/4S18,"18""",1500,316L,"1-3/4""",3988,4030,42,4387,4433,46
PBAL6061-C1500T1-3/4S18,"18""",1500,AL-6061,"1-3/4""",937,954,17,1031,1050,19
PB304-C1500T1-7/8S18,"18""",1500,304,"1-7/8""",3150,3178,28,3466,3496,30
PBSA36-C1500T1-7/8S18,"18""",1500,SA-36,"1-7/8""",1048,1058,10,1153,1164,11
PBSA516-70-C1500T1-7/8S18,"18""",1500,SA-516-70,"1-7/8""",1210,1226,16,1331,1349,18
PB304L-C1500T1-7/8S18,"18""",1500,304L,"1-7/8""",3404,3438,34,3745,3782,37
PB316L-C1500T1-7/8S18,"18""",1500,316L,"1-7/8""",4269,4315,46,4696,4747,51
PBAL6061-C1500T1-7/8S18,"18""",1500,AL-6061,"1-7/8""",1000,1019,19,1100,1121,21
PB304-C1500T2S18,"18""",1500,304,"2""",3357,3387,30,3693,3726,33
PBSA36-C1500T2S18,"18""",1500,SA-36,"2""",1114,1126,12,1226,1239,13
PBSA516-70-C1500T2S18,"18""",1500,SA-516-70,"2""",1287,1304,17,1416,1435,19
PB304L-C1500T2S18,"18""",1500,304L,"2""",3628,3664,36,3991,4031,40
PB316L-C1500T2S18,"18""",1500,316L,"2""",4550,4599,49,5005,5059,54
PBAL6061-C1500T2S18,"18""",1500,AL-6061,"2""",1063,1084,21,1170,1193,23
PB304-C1500T2-1/4S18,"18""",1500,304,"2-1/4""",3771,3804,33,4149,4185,36
PBSA36-C1500T2-1/4S18,"18""",1500,SA-36,"2-1/4""",1247,1260,13,1372,1386,14
PBSA516-70-C1500T2-1/4S18,"18""",1500,SA-516-70,"2-1/4""",1442,1461,19,1587,1608,21
PB304L-C1500T2-1/4S18,"18""",1500,304L,"2-1/4""",4075,4116,41,4483,4528,45
PB316L-C1500T2-1/4S18,"18""",1500,316L,"2-1/4""",5113,5168,55,5625,5685,60
PBAL6061-C1500T2-1/4S18,"18""",1500,AL-6061,"2-1/4""",1190,1213,23,1309,1335,26
PB304-C1500T2-1/2S18,"18""",1500,304,"2-1/2""",4184,4222,38,4603,4645,42
PBSA36-C1500T2-1/2S18,"18""",1500,SA-36,"2-1/2""",1380,1395,15,1519,1535,16
PBSA516-70-C1500T2-1/2S18,"18""",1500,SA-516-70,"2-1/2""",1596,1618,22,1756,1780,24
PB304L-C1500T2-1/2S18,"18""",1500,304L,"2-1/2""",4522,4567,45,4975,5024,49
PB316L-C1500T2-1/2S18,"18""",1500,316L,"2-1/2""",5676,5736,60,6244,6310,66
PBAL6061-C1500T2-1/2S18,"18""",1500,AL-6061,"2-1/2""",1317,1342,25,1449,1477,28
PB304-C1500T3S18,"18""",1500,304,"3""",5011,5056,45,5513,5562,49
PBSA36-C1500T3S18,"18""",1500,SA-36,"3""",1647,1664,17,1812,1831,19
PBSA516-70-C1500T3S18,"18""",1500,SA-516-70,"3""",1906,1932,26,2097,2126,29
PB304L-C1500T3S18,"18""",1500,304L,"3""",5417,5471,54,5959,6019,60
PB316L-C1500T3S18,"18""",1500,316L,"3""",6801,6874,73,7482,7562,80
PBAL6061-C1500T3S18,"18""",1500,AL-6061,"3""",1571,1601,30,1729,1762,33
PB304-C1500T11GAS20,"20""",1500,304,11 Gauge,280,282,2,308,311,3
PBSA516-70-C1500T11GAS20,"20""",1500,SA-516-70,11 Gauge,138,139,1,152,153,1
PB304L-C1500T11GAS20,"20""",1500,304L,11 Gauge,298,301,3,328,332,4
PB316L-C1500T11GAS20,"20""",1500,316L,11 Gauge,362,365,3,399,402,3
PBAL6061-C1500T11GAS20,"20""",1500,AL-6061,11 Gauge,122,124,2,135,137,2
PB304-C1500T1/8S20,"20""",1500,304,"1/8""",290,292,2,319,322,3
PBSA36-C1500T1/8S20,"20""",1500,SA-36,"1/8""",129,130,1,142,143,1
PBSA516-70-C1500T1/8S20,"20""",1500,SA-516-70,"1/8""",141,143,2,156,158,2
PB304L-C1500T1/8S20,"20""",1500,304L,"1/8""",309,312,3,340,344,4
PB316L-C1500T1/8S20,"20""",1500,316L,"1/8""",376,379,3,414,417,3
PBAL6061-C1500T1/8S20,"20""",1500,AL-6061,"1/8""",125,127,2,138,140,2
PB304-C1500T3/16S20,"20""",1500,304,"3/16""",409,412,3,450,454,4
PBSA36-C1500T3/16S20,"20""",1500,SA-36,"3/16""",167,168,1,184,185,1
PBSA516-70-C1500T3/16S20,"20""",1500,SA-516-70,"3/16""",186,188,2,205,207,2
PB304L-C1500T3/16S20,"20""",1500,304L,"3/16""",438,442,4,482,487,5
PB316L-C1500T3/16S20,"20""",1500,316L,"3/16""",538,543,5,592,598,6
PBAL6061-C1500T3/16S20,"20""",1500,AL-6061,"3/16""",162,164,2,179,181,2
PB304-C1500T1/4S20,"20""",1500,304,"1/4""",528,532,4,581,586,5
PBSA36-C1500T1/4S20,"20""",1500,SA-36,"1/4""",205,207,2,226,228,2
PBSA516-70-C1500T1/4S20,"20""",1500,SA-516-70,"1/4""",230,233,3,254,257,3
PB304L-C1500T1/4S20,"20""",1500,304L,"1/4""",567,572,5,624,630,6
PB316L-C1500T1/4S20,"20""",1500,316L,"1/4""",699,706,7,769,777,8
PBAL6061-C1500T1/4S20,"20""",1500,AL-6061,"1/4""",198,201,3,218,222,4
PB304-C1500T5/16S20,"20""",1500,304,"5/16""",647,652,5,712,718,6
PBSA36-C1500T5/16S20,"20""",1500,SA-36,"5/16""",244,246,2,269,271,2
PBSA516-70-C1500T5/16S20,"20""",1500,SA-516-70,"5/16""",275,278,3,303,306,3
PB304L-C1500T5/16S20,"20""",1500,304L,"5/16""",695,702,7,765,773,8
PB316L-C1500T5/16S20,"20""",1500,316L,"5/16""",861,870,9,948,958,10
PBAL6061-C1500T5/16S20,"20""",1500,AL-6061,"5/16""",235,238,3,259,262,3
PB304-C1500T3/8S20,"20""",1500,304,"3/8""",765,772,7,842,850,8
PBSA36-C1500T3/8S20,"20""",1500,SA-36,"3/8""",282,284,2,311,313,2
PBSA516-70-C1500T3/8S20,"20""",1500,SA-516-70,"3/8""",319,323,4,351,356,5
PB304L-C1500T3/8S20,"20""",1500,304L,"3/8""",824,831,7,907,915,8
PB316L-C1500T3/8S20,"20""",1500,316L,"3/8""",1022,1033,11,1125,1137,12
PBAL6061-C1500T3/8S20,"20""",1500,AL-6061,"3/8""",271,275,4,299,303,4
PB304-C1500T1/2S20,"20""",1500,304,"1/2""",1003,1012,9,1104,1114,10
PBSA36-C1500T1/2S20,"20""",1500,SA-36,"1/2""",358,362,4,394,399,5
PBSA516-70-C1500T1/2S20,"20""",1500,SA-516-70,"1/2""",408,413,5,449,455,6
PB304L-C1500T1/2S20,"20""",1500,304L,"1/2""",1081,1091,10,1190,1201,11
PB316L-C1500T1/2S20,"20""",1500,316L,"1/2""",1346,1360,14,1481,1497,16
PBAL6061-C1500T1/2S20,"20""",1500,AL-6061,"1/2""",344,350,6,379,386,7
PB304-C1500T5/8S20,"20""",1500,304,"5/8""",1241,1251,10,1366,1377,11
PBSA36-C1500T5/8S20,"20""",1500,SA-36,"5/8""",435,439,4,479,483,4
PBSA516-70-C1500T5/8S20,"20""",1500,SA-516-70,"5/8""",497,503,6,547,554,7
PB304L-C1500T5/8S20,"20""",1500,304L,"5/8""",1338,1351,13,1472,1487,15
PB316L-C1500T5/8S20,"20""",1500,316L,"5/8""",1669,1687,18,1836,1856,20
PBAL6061-C1500T5/8S20,"20""",1500,AL-6061,"5/8""",417,424,7,459,467,8
PB304-C1500T3/4S20,"20""",1500,304,"3/4""",1478,1491,13,1626,1641,15
PBSA36-C1500T3/4S20,"20""",1500,SA-36,"3/4""",512,516,4,564,568,4
PBSA516-70-C1500T3/4S20,"20""",1500,SA-516-70,"3/4""",586,593,7,645,653,8
PB304L-C1500T3/4S20,"20""",1500,304L,"3/4""",1595,1610,15,1755,1772,17
PB316L-C1500T3/4S20,"20""",1500,316L,"3/4""",1993,2014,21,2193,2216,23
PBAL6061-C1500T3/4S20,"20""",1500,AL-6061,"3/4""",490,498,8,539,548,9
PB304-C1500T7/8S20,"20""",1500,304,"7/8""",1716,1731,15,1888,1905,17
PBSA36-C1500T7/8S20,"20""",1500,SA-36,"7/8""",588,594,6,647,654,7
PBSA516-70-C1500T7/8S20,"20""",1500,SA-516-70,"7/8""",675,684,9,743,753,10
PB304L-C1500T7/8S20,"20""",1500,304L,"7/8""",1852,1870,18,2038,2057,19
PB316L-C1500T7/8S20,"20""",1500,316L,"7/8""",2316,2340,24,2548,2574,26
PBAL6061-C1500T7/8S20,"20""",1500,AL-6061,"7/8""",562,573,11,619,631,12
PB304-C1500T1S20,"20""",1500,304,"1""",1953,1971,18,2149,2169,20
PBSA36-C1500T1S20,"20""",1500,SA-36,"1""",665,671,6,732,739,7
PBSA516-70-C1500T1S20,"20""",1500,SA-516-70,"1""",764,774,10,841,852,11
PB304L-C1500T1S20,"20""",1500,304L,"1""",2109,2130,21,2320,2343,23
PB316L-C1500T1S20,"20""",1500,316L,"1""",2639,2667,28,2903,2934,31
PBAL6061-C1500T1S20,"20""",1500,AL-6061,"1""",635,647,12,699,712,13
PB304-C1500T1-1/8S20,"20""",1500,304,"1-1/8""",2191,2211,20,2411,2433,22
PBSA36-C1500T1-1/8S20,"20""",1500,SA-36,"1-1/8""",741,748,7,816,823,7
PBSA516-70-C1500T1-1/8S20,"20""",1500,SA-516-70,"1-1/8""",853,864,11,939,951,12
PB304L-C1500T1-1/8S20,"20""",1500,304L,"1-1/8""",2366,2389,23,2603,2628,25
PB316L-C1500T1-1/8S20,"20""",1500,316L,"1-1/8""",2963,2994,31,3260,3294,34
PBAL6061-C1500T1-1/8S20,"20""",1500,AL-6061,"1-1/8""",708,721,13,779,794,15
PB304-C1500T1-1/4S20,"20""",1500,304,"1-1/4""",2429,2450,21,2672,2695,23
PBSA36-C1500T1-1/4S20,"20""",1500,SA-36,"1-1/4""",818,826,8,900,909,9
PBSA516-70-C1500T1-1/4S20,"20""",1500,SA-516-70,"1-1/4""",942,954,12,1037,1050,13
PB304L-C1500T1-1/4S20,"20""",1500,304L,"1-1/4""",2623,2649,26,2886,2914,28
PB316L-C1500T1-1/4S20,"20""",1500,316L,"1-1/4""",3286,3321,35,3615,3654,39
PBAL6061-C1500T1-1/4S20,"20""",1500,AL-6061,"1-1/4""",781,796,15,860,876,16
PB304-C1500T1-3/8S20,"20""",1500,304,"1-3/8""",2666,2690,24,2933,2960,27
PBSA36-C1500T1-3/8S20,"20""",1500,SA-36,"1-3/8""",894,903,9,984,994,10
PBSA516-70-C1500T1-3/8S20,"20""",1500,SA-516-70,"1-3/8""",1031,1044,13,1135,1149,14
PB304L-C1500T1-3/8S20,"20""",1500,304L,"1-3/8""",2880,2909,29,3169,3200,31
PB316L-C1500T1-3/8S20,"20""",1500,316L,"1-3/8""",3609,3648,39,3970,4013,43
PBAL6061-C1500T1-3/8S20,"20""",1500,AL-6061,"1-3/8""",854,870,16,940,958,18
PB304-C1500T1-1/2S20,"20""",1500,304,"1-1/2""",2904,2930,26,3195,3224,29
PBSA36-C1500T1-1/2S20,"20""",1500,SA-36,"1-1/2""",971,980,9,1069,1078,9
PBSA516-70-C1500T1-1/2S20,"20""",1500,SA-516-70,"1-1/2""",1119,1134,15,1231,1248,17
PB304L-C1500T1-1/2S20,"20""",1500,304L,"1-1/2""",3137,3168,31,3451,3485,34
PB316L-C1500T1-1/2S20,"20""",1500,316L,"1-1/2""",3933,3975,42,4327,4373,46
PBAL6061-C1500T1-1/2S20,"20""",1500,AL-6061,"1-1/2""",927,944,17,1020,1039,19
PB304-C1500T1-5/8S20,"20""",1500,304,"1-5/8""",3142,3170,28,3457,3488,31
PBSA36-C1500T1-5/8S20,"20""",1500,SA-36,"1-5/8""",1047,1058,11,1152,1164,12
PBSA516-70-C1500T1-5/8S20,"20""",1500,SA-516-70,"1-5/8""",1208,1224,16,1329,1347,18
PB304L-C1500T1-5/8S20,"20""",1500,304L,"1-5/8""",3394,3428,34,3734,3771,37
PB316L-C1500T1-5/8S20,"20""",1500,316L,"1-5/8""",4256,4301,45,4682,4732,50
PBAL6061-C1500T1-5/8S20,"20""",1500,AL-6061,"1-5/8""",1000,1019,19,1100,1121,21
PB304-C1500T1-3/4S20,"20""",1500,304,"1-3/4""",3379,3409,30,3717,3750,33
PBSA36-C1500T1-3/4S20,"20""",1500,SA-36,"1-3/4""",1124,1135,11,1237,1249,12
PBSA516-70-C1500T1-3/4S20,"20""",1500,SA-516-70,"1-3/4""",1297,1315,18,1427,1447,20
PB304L-C1500T1-3/4S20,"20""",1500,304L,"1-3/4""",3651,3688,37,4017,4057,40
PB316L-C1500T1-3/4S20,"20""",1500,316L,"1-3/4""",4579,4628,49,5037,5091,54
PBAL6061-C1500T1-3/4S20,"20""",1500,AL-6061,"1-3/4""",1073,1093,20,1181,1203,22
PB304-C1500T1-7/8S20,"20""",1500,304,"1-7/8""",3617,3649,32,3979,4014,35
PBSA36-C1500T1-7/8S20,"20""",1500,SA-36,"1-7/8""",1200,1212,12,1320,1334,14
PBSA516-70-C1500T1-7/8S20,"20""",1500,SA-516-70,"1-7/8""",1386,1405,19,1525,1546,21
PB304L-C1500T1-7/8S20,"20""",1500,304L,"1-7/8""",3908,3947,39,4299,4342,43
PB316L-C1500T1-7/8S20,"20""",1500,316L,"1-7/8""",4903,4955,52,5394,5451,57
PBAL6061-C1500T1-7/8S20,"20""",1500,AL-6061,"1-7/8""",1145,1167,22,1260,1284,24
PB304-C1500T2S20,"20""",1500,304,"2""",3854,3889,35,4240,4278,38
PBSA36-C1500T2S20,"20""",1500,SA-36,"2""",1277,1290,13,1405,1420,15
PBSA516-70-C1500T2S20,"20""",1500,SA-516-70,"2""",1475,1495,20,1623,1645,22
PB304L-C1500T2S20,"20""",1500,304L,"2""",4165,4207,42,4582,4628,46
PB316L-C1500T2S20,"20""",1500,316L,"2""",5226,5282,56,5749,5811,62
PBAL6061-C1500T2S20,"20""",1500,AL-6061,"2""",1218,1242,24,1340,1367,27
PB304-C1500T2-1/4S20,"20""",1500,304,"2-1/4""",4330,4369,39,4763,4806,43
PBSA36-C1500T2-1/4S20,"20""",1500,SA-36,"2-1/4""",1430,1445,15,1574,1590,16
PBSA516-70-C1500T2-1/4S20,"20""",1500,SA-516-70,"2-1/4""",1653,1675,22,1819,1843,24
PB304L-C1500T2-1/4S20,"20""",1500,304L,"2-1/4""",4680,4726,46,5148,5199,51
PB316L-C1500T2-1/4S20,"20""",1500,316L,"2-1/4""",5873,5936,63,6461,6530,69
PBAL6061-C1500T2-1/4S20,"20""",1500,AL-6061,"2-1/4""",1364,1390,26,1501,1530,29
PB304-C1500T2-1/2S20,"20""",1500,304,"2-1/2""",4805,4848,43,5286,5333,47
PBSA36-C1500T2-1/2S20,"20""",1500,SA-36,"2-1/2""",1583,1599,16,1742,1759,17
PBSA516-70-C1500T2-1/2S20,"20""",1500,SA-516-70,"2-1/2""",1831,1856,25,2015,2042,27
PB304L-C1500T2-1/2S20,"20""",1500,304L,"2-1/2""",5194,5246,52,5714,5771,57
PB316L-C1500T2-1/2S20,"20""",1500,316L,"2-1/2""",6519,6589,70,7171,7248,77
PBAL6061-C1500T2-1/2S20,"20""",1500,AL-6061,"2-1/2""",1510,1539,29,1662,1693,31
PB304-C1500T3S20,"20""",1500,304,"3""",5755,5807,52,6331,6388,57
PBSA36-C1500T3S20,"20""",1500,SA-36,"3""",1889,1909,20,2078,2100,22
PBSA516-70-C1500T3S20,"20""",1500,SA-516-70,"3""",2186,2216,30,2405,2438,33
PB304L-C1500T3S20,"20""",1500,304L,"3""",6222,6284,62,6845,6913,68
PB316L-C1500T3S20,"20""",1500,316L,"3""",7813,7897,84,8595,8687,92
PBAL6061-C1500T3S20,"20""",1500,AL-6061,"3""",1801,1836,35,1982,2020,38
PB304-C1500T11GAS24,"24""",1500,304,11 Gauge,380,383,3,419,422,3
PBSA36-C1500T11GAS24,"24""",1500,SA-36,11 Gauge,161,162,1,178,179,1
PBSA516-70-C1500T11GAS24,"24""",1500,SA-516-70,11 Gauge,178,179,1,196,197,1
PB304L-C1500T11GAS24,"24""",1500,304L,11 Gauge,406,410,4,447,452,5
PB316L-C1500T11GAS24,"24""",1500,316L,11 Gauge,496,501,5,546,552,6
PBAL6061-C1500T11GAS24,"24""",1500,AL-6061,11 Gauge,156,158,2,172,174,2
PB304-C1500T1/8S24,"24""",1500,304,"1/8""",394,398,4,434,438,4
PBSA36-C1500T1/8S24,"24""",1500,SA-36,"1/8""",165,167,2,182,184,2
PBSA516-70-C1500T1/8S24,"24""",1500,SA-516-70,"1/8""",183,185,2,202,204,2
PB304L-C1500T1/8S24,"24""",1500,304L,"1/8""",422,426,4,465,469,4
PB316L-C1500T1/8S24,"24""",1500,316L,"1/8""",516,521,5,568,574,6
PBAL6061-C1500T1/8S24,"24""",1500,AL-6061,"1/8""",160,162,2,176,179,3
PB304-C1500T3/16S24,"24""",1500,304,"3/16""",563,568,5,620,625,5
PBSA36-C1500T3/16S24,"24""",1500,SA-36,"3/16""",220,222,2,243,245,2
PBSA516-70-C1500T3/16S24,"24""",1500,SA-516-70,"3/16""",246,249,3,271,274,3
PB304L-C1500T3/16S24,"24""",1500,304L,"3/16""",605,610,5,666,671,5
PB316L-C1500T3/16S24,"24""",1500,316L,"3/16""",746,754,8,821,830,9
PBAL6061-C1500T3/16S24,"24""",1500,AL-6061,"3/16""",212,215,3,234,237,3
PB304-C1500T1/4S24,"24""",1500,304,"1/4""",732,738,6,806,812,6
PBSA36-C1500T1/4S24,"24""",1500,SA-36,"1/4""",274,277,3,302,305,3
PBSA516-70-C1500T1/4S24,"24""",1500,SA-516-70,"1/4""",309,313,4,340,345,5
PB304L-C1500T1/4S24,"24""",1500,304L,"1/4""",788,795,7,867,875,8
PB316L-C1500T1/4S24,"24""",1500,316L,"1/4""",976,986,10,1074,1085,11
PBAL6061-C1500T1/4S24,"24""",1500,AL-6061,"1/4""",264,268,4,291,295,4
PB304-C1500T5/16S24,"24""",1500,304,"5/16""",901,909,8,992,1000,8
PBSA36-C1500T5/16S24,"24""",1500,SA-36,"5/16""",329,332,3,362,366,4
PBSA516-70-C1500T5/16S24,"24""",1500,SA-516-70,"5/16""",373,377,4,411,415,4
PB304L-C1500T5/16S24,"24""",1500,304L,"5/16""",970,979,9,1067,1077,10
PB316L-C1500T5/16S24,"24""",1500,316L,"5/16""",1206,1218,12,1327,1340,13
PBAL6061-C1500T5/16S24,"24""",1500,AL-6061,"5/16""",316,321,5,348,354,6
PB304-C1500T3/8S24,"24""",1500,304,"3/8""",1070,1079,9,1177,1187,10
PBSA36-C1500T3/8S24,"24""",1500,SA-36,"3/8""",383,386,3,422,425,3
PBSA516-70-C1500T3/8S24,"24""",1500,SA-516-70,"3/8""",436,441,5,480,486,6
PB304L-C1500T3/8S24,"24""",1500,304L,"3/8""",1153,1164,11,1269,1281,12
PB316L-C1500T3/8S24,"24""",1500,316L,"3/8""",1436,1451,15,1580,1597,17
PBAL6061-C1500T3/8S24,"24""",1500,AL-6061,"3/8""",367,374,7,404,412,8
PB304-C1500T1/2S24,"24""",1500,304,"1/2""",1408,1420,12,1549,1563,14
PBSA36-C1500T1/2S24,"24""",1500,SA-36,"1/2""",492,496,4,542,546,4
PBSA516-70-C1500T1/2S24,"24""",1500,SA-516-70,"1/2""",562,569,7,619,626,7
PB304L-C1500T1/2S24,"24""",1500,304L,"1/2""",1519,1533,14,1671,1687,16
PB316L-C1500T1/2S24,"24""",1500,316L,"1/2""",1895,1915,20,2085,2107,22
PBAL6061-C1500T1/2S24,"24""",1500,AL-6061,"1/2""",471,479,8,519,527,8
PB304-C1500T5/8S24,"24""",1500,304,"5/8""",1746,1761,15,1921,1938,17
PBSA36-C1500T5/8S24,"24""",1500,SA-36,"5/8""",600,606,6,660,667,7
PBSA516-70-C1500T5/8S24,"24""",1500,SA-516-70,"5/8""",689,698,9,758,768,10
PB304L-C1500T5/8S24,"24""",1500,304L,"5/8""",1884,1902,18,2073,2093,20
PB316L-C1500T5/8S24,"24""",1500,316L,"5/8""",2355,2380,25,2591,2618,27
PBAL6061-C1500T5/8S24,"24""",1500,AL-6061,"5/8""",575,585,10,633,644,11
PB304-C1500T3/4S24,"24""",1500,304,"3/4""",2084,2102,18,2293,2313,20
PBSA36-C1500T3/4S24,"24""",1500,SA-36,"3/4""",709,716,7,780,788,8
PBSA516-70-C1500T3/4S24,"24""",1500,SA-516-70,"3/4""",815,826,11,897,909,12
PB304L-C1500T3/4S24,"24""",1500,304L,"3/4""",2249,2271,22,2474,2499,25
PB316L-C1500T3/4S24,"24""",1500,316L,"3/4""",2815,2845,30,3097,3130,33
PBAL6061-C1500T3/4S24,"24""",1500,AL-6061,"3/4""",678,691,13,746,761,15
PB304-C1500T7/8S24,"24""",1500,304,"7/8""",2421,2443,22,2664,2688,24
PBSA36-C1500T7/8S24,"24""",1500,SA-36,"7/8""",818,826,8,900,909,9
PBSA516-70-C1500T7/8S24,"24""",1500,SA-516-70,"7/8""",942,954,12,1037,1050,13
PB304L-C1500T7/8S24,"24""",1500,304L,"7/8""",2615,2641,26,2877,2906,29
PB316L-C1500T7/8S24,"24""",1500,316L,"7/8""",3274,3309,35,3602,3640,38
PBAL6061-C1500T7/8S24,"24""",1500,AL-6061,"7/8""",782,796,14,861,876,15
PB304-C1500T1S24,"24""",1500,304,"1""",2759,2784,25,3035,3063,28
PBSA36-C1500T1S24,"24""",1500,SA-36,"1""",927,936,9,1020,1030,10
PBSA516-70-C1500T1S24,"24""",1500,SA-516-70,"1""",1068,1082,14,1175,1191,16
PB304L-C1500T1S24,"24""",1500,304L,"1""",2980,3010,30,3279,3312,33
PB316L-C1500T1S24,"24""",1500,316L,"1""",3734,3774,40,4108,4152,44
PBAL6061-C1500T1S24,"24""",1500,AL-6061,"1""",885,902,17,974,993,19
PB304-C1500T1-1/8S24,"24""",1500,304,"1-1/8""",3097,3125,28,3407,3438,31
PBSA36-C1500T1-1/8S24,"24""",1500,SA-36,"1-1/8""",1036,1046,10,1140,1151,11
PBSA516-70-C1500T1-1/8S24,"24""",1500,SA-516-70,"1-1/8""",1194,1210,16,1314,1331,17
PB304L-C1500T1-1/8S24,"24""",1500,304L,"1-1/8""",3346,3379,33,3681,3717,36
PB316L-C1500T1-1/8S24,"24""",1500,316L,"1-1/8""",4194,4239,45,4614,4663,49
PBAL6061-C1500T1-1/8S24,"24""",1500,AL-6061,"1-1/8""",989,1007,18,1088,1108,20
PB304-C1500T1-1/4S24,"24""",1500,304,"1-1/4""",3435,3466,31,3779,3813,34
PBSA36-C1500T1-1/4S24,"24""",1500,SA-36,"1-1/4""",1144,1156,12,1259,1272,13
PBSA516-70-C1500T1-1/4S24,"24""",1500,SA-516-70,"1-1/4""",1321,1338,17,1454,1472,18
PB304L-C1500T1-1/4S24,"24""",1500,304L,"1-1/4""",3711,3748,37,4083,4123,40
PB316L-C1500T1-1/4S24,"24""",1500,316L,"1-1/4""",4653,4703,50,5119,5174,55
PBAL6061-C1500T1-1/4S24,"24""",1500,AL-6061,"1-1/4""",1092,1113,21,1202,1225,23
PB304-C1500T1-3/8S24,"24""",1500,304,"1-3/8""",3773,3806,33,4151,4187,36
PBSA36-C1500T1-3/8S24,"24""",1500,SA-36,"1-3/8""",1253,1266,13,1379,1393,14
PBSA516-70-C1500T1-3/8S24,"24""",1500,SA-516-70,"1-3/8""",1447,1467,20,1592,1614,22
PB304L-C1500T1-3/8S24,"24""",1500,304L,"1-3/8""",4077,4117,40,4485,4529,44
PB316L-C1500T1-3/8S24,"24""",1500,316L,"1-3/8""",5113,5168,55,5625,5685,60
PBAL6061-C1500T1-3/8S24,"24""",1500,AL-6061,"1-3/8""",1196,1219,23,1316,1341,25
PB304-C1500T1-1/2S24,"24""",1500,304,"1-1/2""",4110,4147,37,4521,4562,41
PBSA36-C1500T1-1/2S24,"24""",1500,SA-36,"1-1/2""",1362,1376,14,1499,1514,15
PBSA516-70-C1500T1-1/2S24,"24""",1500,SA-516-70,"1-1/2""",1574,1595,21,1732,1755,23
PB304L-C1500T1-1/2S24,"24""",1500,304L,"1-1/2""",4442,4486,44,4887,4935,48
PB316L-C1500T1-1/2S24,"24""",1500,316L,"1-1/2""",5573,5632,59,6131,6196,65
PBAL6061-C1500T1-1/2S24,"24""",1500,AL-6061,"1-1/2""",1300,1324,24,1431,1457,26
PB304-C1500T1-5/8S24,"24""",1500,304,"1-5/8""",4448,4488,40,4893,4937,44
PBSA36-C1500T1-5/8S24,"24""",1500,SA-36,"1-5/8""",1471,1486,15,1619,1635,16
PBSA516-70-C1500T1-5/8S24,"24""",1500,SA-516-70,"1-5/8""",1700,1723,23,1871,1896,25
PB304L-C1500T1-5/8S24,"24""",1500,304L,"1-5/8""",4807,4855,48,5288,5341,53
PB316L-C1500T1-5/8S24,"24""",1500,316L,"1-5/8""",6033,6097,64,6637,6707,70
PBAL6061-C1500T1-5/8S24,"24""",1500,AL-6061,"1-5/8""",1403,1430,27,1544,1574,30
PB304-C1500T1-3/4S24,"24""",1500,304,"1-3/4""",4786,4829,43,5265,5312,47
PBSA36-C1500T1-3/4S24,"24""",1500,SA-36,"1-3/4""",1579,1596,17,1737,1756,19
PBSA516-70-C1500T1-3/4S24,"24""",1500,SA-516-70,"1-3/4""",1826,1851,25,2009,2037,28
PB304L-C1500T1-3/4S24,"24""",1500,304L,"1-3/4""",5173,5225,52,5691,5748,57
PB316L-C1500T1-3/4S24,"24""",1500,316L,"1-3/4""",6492,6562,70,7142,7219,77
PBAL6061-C1500T1-3/4S24,"24""",1500,AL-6061,"1-3/4""",1507,1536,29,1658,1690,32
PB304-C1500T1-7/8S24,"24""",1500,304,"1-7/8""",5124,5170,46,5637,5688,51
PBSA36-C1500T1-7/8S24,"24""",1500,SA-36,"1-7/8""",1688,1706,18,1857,1877,20
PBSA516-70-C1500T1-7/8S24,"24""",1500,SA-516-70,"1-7/8""",1953,1979,26,2149,2177,28
PB304L-C1500T1-7/8S24,"24""",1500,304L,"1-7/8""",5538,5594,56,6092,6154,62
PB316L-C1500T1-7/8S24,"24""",1500,316L,"1-7/8""",6952,7026,74,7648,7729,81
PBAL6061-C1500T1-7/8S24,"24""",1500,AL-6061,"1-7/8""",1610,1641,31,1772,1806,34
PB304-C1500T2S24,"24""",1500,304,"2""",5462,5511,49,6009,6063,54
PBSA36-C1500T2S24,"24""",1500,SA-36,"2""",1797,1816,19,1977,1998,21
PBSA516-70-C1500T2S24,"24""",1500,SA-516-70,"2""",2079,2107,28,2287,2318,31
PB304L-C1500T2S24,"24""",1500,304L,"2""",5904,5963,59,6495,6560,65
PB316L-C1500T2S24,"24""",1500,316L,"2""",7412,7491,79,8154,8241,87
PBAL6061-C1500T2S24,"24""",1500,AL-6061,"2""",1714,1747,33,1886,1922,36
PB304-C1500T2-1/4S24,"24""",1500,304,"2-1/4""",6137,6193,56,6751,6813,62
PBSA36-C1500T2-1/4S24,"24""",1500,SA-36,"2-1/4""",2014,2036,22,2216,2240,24
PBSA516-70-C1500T2-1/4S24,"24""",1500,SA-516-70,"2-1/4""",2332,2364,32,2566,2601,35
PB304L-C1500T2-1/4S24,"24""",1500,304L,"2-1/4""",6635,6701,66,7299,7372,73
PB316L-C1500T2-1/4S24,"24""",1500,316L,"2-1/4""",8331,8420,89,9165,9262,97
PBAL6061-C1500T2-1/4S24,"24""",1500,AL-6061,"2-1/4""",1921,1958,37,2114,2154,40
PB304-C1500T2-1/2S24,"24""",1500,304,"2-1/2""",6813,6874,61,7495,7562,67
PBSA36-C1500T2-1/2S24,"24""",1500,SA-36,"2-1/2""",2232,2256,24,2456,2482,26
PBSA516-70-C1500T2-1/2S24,"24""",1500,SA-516-70,"2-1/2""",2585,2620,35,2844,2883,39
PB304L-C1500T2-1/2S24,"24""",1500,304L,"2-1/2""",7366,7439,73,8103,8183,80
PB316L-C1500T2-1/2S24,"24""",1500,316L,"2-1/2""",9250,9350,100,10175,10285,110
PBAL6061-C1500T2-1/2S24,"24""",1500,AL-6061,"2-1/2""",2128,2170,42,2341,2387,46
PB304-C1500T3S24,"24""",1500,304,"3""",8164,8238,74,8981,9062,81
PBSA36-C1500T3S24,"24""",1500,SA-36,"3""",2667,2695,28,2934,2965,31
PBSA516-70-C1500T3S24,"24""",1500,SA-516-70,"3""",3090,3133,43,3400,3447,47
PB304L-C1500T3S24,"24""",1500,304L,"3""",8828,8916,88,9711,9808,97
PB316L-C1500T3S24,"24""",1500,316L,"3""",11089,11208,119,12198,12329,131
PBAL6061-C1500T3S24,"24""",1500,AL-6061,"3""",2543,2592,49,2798,2852,54